day,baseline_method,mechanism,payment_usd,realized_grid_value_usd,payment_error_usd,absolute_percentage_value_error,overpayment_ratio,congestion_relief_index
61,High-5-of-10,Uniform gross,9930.45199304268,1033.408575071182,8897.043417971498,8.609415126402123,0.8959353938979623,0.0006374075444036398
61,High-5-of-10,Nodal gross,10735.03337684698,1033.408575071182,9701.624801775799,9.387985580734652,0.9037349453146547,0.0006374075444036398
61,High-5-of-10,Uniform signed net,8877.585705440677,1033.408575071182,7844.177130369495,7.590586453019496,0.8835935118668748,0.0006374075444036398
61,High-5-of-10,Nodal signed linear,9686.411041433279,1033.408575071182,8653.002466362097,8.373263658825428,0.8933135739696764,0.0006374075444036398
61,High-5-of-10,Nodal exact net value,8500.638746634402,1033.408575071182,7467.23017156322,7.22582563343726,0.8784316560352207,0.0006374075444036398
61,Ridge,Uniform gross,8253.092253570909,1033.408575071182,7219.683678499727,6.986281953391406,0.8747852873419594,0.0006374075444036398
61,Ridge,Nodal gross,8270.082157033594,1033.408575071182,7236.673581962412,7.00272259833333,0.8750425261262632,0.0006374075444036398
61,Ridge,Uniform signed net,7719.622761329141,1033.408575071182,6686.214186257959,6.4700587430265974,0.8661322441495506,0.0006374075444036398
61,Ridge,Nodal signed linear,7736.8188476986625,1033.408575071182,6703.4102726274805,6.486698905286077,0.8664297826517455,0.0006374075444036398
61,Ridge,Nodal exact net value,7627.767009188206,1033.408575071182,6594.358434117024,6.381172551875525,0.8645201703425963,0.0006374075444036398
61,Gradient Boosting,Uniform gross,7090.772960544502,1033.408575071182,6057.36438547332,5.861538728818932,0.854260095363168,0.0006374075444036398
61,Gradient Boosting,Nodal gross,7090.32152546498,1033.408575071182,6056.912950393798,5.861101887969716,0.8542508162204377,0.0006374075444036398
61,Gradient Boosting,Uniform signed net,6214.348458673789,1033.408575071182,5180.939883602607,5.013447738466597,0.8337060462663977,0.0006374075444036398
61,Gradient Boosting,Nodal signed linear,6213.867069277514,1033.408575071182,5180.458494206332,5.01298191167951,0.8336931634439781,0.0006374075444036398
61,Gradient Boosting,Nodal exact net value,6149.845583253966,1033.408575071182,5116.437008182784,4.951030145874646,0.8319618661832495,0.0006374075444036398
61,Extra Trees,Uniform gross,9064.358709869393,1033.408575071182,8030.950134798211,7.771321361684108,0.885992091867901,0.0006374075444036398
61,Extra Trees,Nodal gross,9209.849205888615,1033.408575071182,8176.440630817433,7.912108364549068,0.8877931058403824,0.0006374075444036398
61,Extra Trees,Uniform signed net,7966.0068744587825,1033.408575071182,6932.5982993876005,6.708477621167482,0.8702726985606082,0.0006374075444036398
61,Extra Trees,Nodal signed linear,8112.587712485123,1033.408575071182,7079.179137413941,6.850319716890604,0.8726166530710312,0.0006374075444036398
61,Extra Trees,Nodal exact net value,7805.186055216407,1033.408575071182,6771.777480145225,6.552855901818678,0.8675997512729977,0.0006374075444036398
61,Metadata Gradient Boosting,Uniform gross,5592.895326061248,1033.408575071182,4559.486750990066,4.412085269058276,0.8152283361614507,0.0006374075444036398
61,Metadata Gradient Boosting,Nodal gross,5592.546814890011,1033.408575071182,4559.138239818829,4.4117480247391905,0.8152168217314233,0.0006374075444036398
61,Metadata Gradient Boosting,Uniform signed net,5158.017541543184,1033.408575071182,4124.608966472002,3.991266441918092,0.7996500464087206,0.0006374075444036398
61,Metadata Gradient Boosting,Nodal signed linear,5157.686205671503,1033.408575071182,4124.277630600321,3.990945817646459,0.7996371756903661,0.0006374075444036398
61,Metadata Gradient Boosting,Nodal exact net value,5134.737542909126,1033.408575071182,4101.328967837944,3.968739051304506,0.7987416948898821,0.0006374075444036398
61,Ex-post Metadata Gradient Boosting,Uniform gross,6111.2894579731455,1033.408575071182,5077.880882901964,4.913720483258227,0.830901713594512,0.0006374075444036398
61,Ex-post Metadata Gradient Boosting,Nodal gross,6110.889610122257,1033.408575071182,5077.481035051075,4.913333561898627,0.8308906491520623,0.0006374075444036398
61,Ex-post Metadata Gradient Boosting,Uniform signed net,5620.596948450302,1033.408575071182,4587.18837337912,4.438891338852255,0.8161390000832366,0.0006374075444036398
61,Ex-post Metadata Gradient Boosting,Nodal signed linear,5620.215710811768,1033.408575071182,4586.807135740586,4.438522426064292,0.8161265281894458,0.0006374075444036398
61,Ex-post Metadata Gradient Boosting,Nodal exact net value,5597.267048049376,1033.408575071182,4563.858472978194,4.416315659722325,0.8153726512957211,0.0006374075444036398
61,Ex-post Quantile Gradient Boosting,Uniform gross,1651.0203712757266,1033.408575071182,617.6117962045446,0.5976453177408587,0.37407884660279644,0.0006374075444036398
61,Ex-post Quantile Gradient Boosting,Nodal gross,1650.9529975637183,1033.408575071182,617.5444224925363,0.5975801221215911,0.3740533033973926,0.0006374075444036398
61,Ex-post Quantile Gradient Boosting,Uniform signed net,1107.9176220445534,1033.408575071182,74.50904697337137,0.07210027937714676,0.06725143231847168,0.0006374075444036398
61,Ex-post Quantile Gradient Boosting,Nodal signed linear,1107.8605901345115,1033.408575071182,74.45201506332955,0.07204509122464098,0.06720341505630227,0.0006374075444036398
61,Ex-post Quantile Gradient Boosting,Nodal exact net value,1103.7526335757866,1033.408575071182,70.34405850460462,0.06806993884268792,0.06373172426933521,0.0006374075444036398
61,Synthetic Control,Uniform gross,7469.736706422356,1033.408575071182,6436.328131351174,6.228251135721257,0.8616539490364267,0.0006374075444036398
61,Synthetic Control,Nodal gross,7754.306133648526,1033.408575071182,6720.897558577344,6.503620853072952,0.8667310063260365,0.0006374075444036398
61,Synthetic Control,Uniform signed net,6390.7858093877,1033.408575071182,5357.377234316518,5.184181129857083,0.8382971036905722,0.0006374075444036398
61,Synthetic Control,Nodal signed linear,6679.400505963293,1033.408575071182,5645.991930892111,5.46346533896645,0.845284232597137,0.0006374075444036398
61,Synthetic Control,Nodal exact net value,6246.105682974685,1033.408575071182,5212.697107903503,5.044178298544163,0.834551538586996,0.0006374075444036398
61,Feasible Quantile Projection,Uniform gross,428.75094943757955,1033.408575071182,-604.6576256336025,0.5851099363985375,0.0,0.0006374075444036398
61,Feasible Quantile Projection,Nodal gross,428.7338630686554,1033.408575071182,-604.6747120025266,0.5851264703903547,0.0,0.0006374075444036398
61,Feasible Quantile Projection,Uniform signed net,75.86429957640348,1033.408575071182,-957.5442754947785,0.9265882813376327,0.0,0.0006374075444036398
61,Feasible Quantile Projection,Nodal signed linear,75.86393558035705,1033.408575071182,-957.5446394908249,0.9265886335662238,0.0,0.0006374075444036398
61,Feasible Quantile Projection,Nodal exact net value,75.8639355803607,1033.408575071182,-957.5446394908213,0.9265886335662202,0.0,0.0006374075444036398
61,Tail-Risk Feasible Counterfactual,Uniform gross,503.2824583800402,1033.408575071182,-530.1261166911418,0.5129879212146331,0.0,0.0006374075444036398
61,Tail-Risk Feasible Counterfactual,Nodal gross,503.25917511113573,1033.408575071182,-530.1493999600463,0.5130104517697941,0.0,0.0006374075444036398
61,Tail-Risk Feasible Counterfactual,Uniform signed net,157.35841915433906,1033.408575071182,-876.0501559168429,0.8477287464510345,0.0,0.0006374075444036398
61,Tail-Risk Feasible Counterfactual,Nodal signed linear,157.3512989793829,1033.408575071182,-876.057276091799,0.8477356364412358,0.0,0.0006374075444036398
61,Tail-Risk Feasible Counterfactual,Nodal exact net value,157.34495856439025,1033.408575071182,-876.0636165067917,0.8477417718799631,0.0,0.0006374075444036398
61,Single Feasible Projection,Uniform gross,475.43442802104994,1033.408575071182,-557.974147050132,0.5399356658248151,0.0,0.0006374075444036398
61,Single Feasible Projection,Nodal gross,475.42199578351097,1033.408575071182,-557.986579287671,0.5399476961464506,0.0,0.0006374075444036398
61,Single Feasible Projection,Uniform signed net,153.12740532503284,1033.408575071182,-880.2811697461491,0.8518229778435065,0.0,0.0006374075444036398
61,Single Feasible Projection,Nodal signed linear,153.13124025874254,1033.408575071182,-880.2773348124394,0.8518192668875476,0.0,0.0006374075444036398
61,Single Feasible Projection,Nodal exact net value,153.1248998437659,1033.408575071182,-880.2836752274161,0.8518254023262595,0.0,0.0006374075444036398
61,Risk-Constrained Convex Verifier,Uniform gross,465.78797312139375,1033.408575071182,-567.6206019497882,0.5492702650649963,0.0,0.0006374075444036398
61,Risk-Constrained Convex Verifier,Nodal gross,465.7738617605453,1033.408575071182,-567.6347133106367,0.5492839202263612,0.0,0.0006374075444036398
61,Risk-Constrained Convex Verifier,Uniform signed net,143.48095042537662,1033.408575071182,-889.9276246458054,0.8611575770836878,0.0,0.0006374075444036398
61,Risk-Constrained Convex Verifier,Nodal signed linear,143.48310623577694,1033.408575071182,-889.925468835405,0.8611554909674581,0.0,0.0006374075444036398
61,Risk-Constrained Convex Verifier,Nodal exact net value,143.4767658208002,1033.408575071182,-889.9318092503818,0.8611616264061701,0.0,0.0006374075444036398
61,Trace-Anchored Reference,Uniform gross,1250.0793539695067,1033.408575071182,216.67077889832467,0.20966613218145613,0.1733256198578974,0.0006374075444036398
61,Trace-Anchored Reference,Nodal gross,1250.089493823674,1033.408575071182,216.68091875249206,0.20967594422909341,0.17333232526395032,0.0006374075444036398
61,Trace-Anchored Reference,Uniform signed net,1030.696654269896,1033.408575071182,-2.7119208012859417,0.0026242484015570923,0.0,0.0006374075444036398
61,Trace-Anchored Reference,Nodal signed linear,1030.7207151311998,1033.408575071182,-2.687859939982218,0.0026009653924122665,0.0,0.0006374075444036398
61,Trace-Anchored Reference,Nodal exact net value,1029.4940507231586,1033.408575071182,-3.9145243480234058,0.003787973549332867,0.0,0.0006374075444036398
62,High-5-of-10,Uniform gross,9472.767780443926,-0.006458341151301283,9472.774238785078,1466750.364662359,1.0000006817797398,8.326672684688674e-17
62,High-5-of-10,Nodal gross,10303.23700508019,-0.006458341151301283,10303.24346342134,1595338.9921722163,1.0000006268264185,8.326672684688674e-17
62,High-5-of-10,Uniform signed net,6296.168007254921,-0.006458341151301283,6296.174465596072,974890.3500285771,1.0000010257574359,8.326672684688674e-17
62,High-5-of-10,Nodal signed linear,7194.114010303253,-0.006458341151301283,7194.120468644404,1113926.982193387,1.000000897725716,8.326672684688674e-17
62,High-5-of-10,Nodal exact net value,6081.325507049078,-0.006458341151301283,6081.331965390229,941624.4547820006,1.0000010619956363,8.326672684688674e-17
62,Ridge,Uniform gross,5031.765464179012,-0.006458341151301283,5031.771922520164,779112.128740105,1.000001283513947,8.326672684688674e-17
62,Ridge,Nodal gross,5031.248019287322,-0.006458341151301283,5031.254477628473,779032.0083377342,1.0000012836459515,8.326672684688674e-17
62,Ridge,Uniform signed net,2938.1072206802924,-0.006458341151301283,2938.1136790214437,454933.18023769103,1.0000021981298388,8.326672684688674e-17
62,Ridge,Nodal signed linear,2937.6047521215287,-0.006458341151301283,2937.61121046268,454855.3787485791,1.0000021985058223,8.326672684688674e-17
62,Ridge,Nodal exact net value,2935.3755525938323,-0.006458341151301283,2935.3820109349836,454510.2127879288,1.000002200175424,8.326672684688674e-17
62,Gradient Boosting,Uniform gross,5112.565718520819,-0.006458341151301283,5112.572176861971,791623.1207191407,1.0000012632289748,8.326672684688674e-17
62,Gradient Boosting,Nodal gross,5112.127610197593,-0.006458341151301283,5112.134068538744,791555.2846737906,1.0000012633372333,8.326672684688674e-17
62,Gradient Boosting,Uniform signed net,2496.4690141937936,-0.006458341151301283,2496.475472534945,386550.5729798639,1.0000025869903109,8.326672684688674e-17
62,Gradient Boosting,Nodal signed linear,2496.0431948955534,-0.006458341151301283,2496.0496532367047,386484.6397489824,1.0000025874316456,8.326672684688674e-17
62,Gradient Boosting,Nodal exact net value,2494.586802819358,-0.006458341151301283,2494.5932611605094,386259.13415209984,1.0000025889422424,8.326672684688674e-17
62,Extra Trees,Uniform gross,7617.2830243115895,-0.006458341151301283,7617.289482652741,1179449.8469808989,1.0000008478536415,8.326672684688674e-17
62,Extra Trees,Nodal gross,7807.696519564624,-0.006458341151301283,7807.702977905776,1208933.1912007483,1.000000827176253,8.326672684688674e-17
62,Extra Trees,Uniform signed net,4389.376344567547,-0.006458341151301283,4389.382802908698,679645.5467553439,1.000001471357351,8.326672684688674e-17
62,Extra Trees,Nodal signed linear,4594.895442910865,-0.006458341151301283,4594.901901252017,711467.820235262,1.000001405546923,8.326672684688674e-17
62,Extra Trees,Nodal exact net value,4310.731690915491,-0.006458341151301283,4310.738149256642,667468.3248016522,1.0000014982006802,8.326672684688674e-17
62,Metadata Gradient Boosting,Uniform gross,5577.7575795122875,-0.006458341151301283,5577.764037853439,863652.7410339081,1.0000011578741204,8.326672684688674e-17
62,Metadata Gradient Boosting,Nodal gross,5577.343158487521,-0.006458341151301283,5577.349616828672,863588.5726948472,1.0000011579601555,8.326672684688674e-17
62,Metadata Gradient Boosting,Uniform signed net,3221.4457652412502,-0.006458341151301283,3221.4522235824015,498804.9017716128,1.0000020047958655,8.326672684688674e-17
62,Metadata Gradient Boosting,Nodal signed linear,3221.0506246634195,-0.006458341151301283,3221.057083004571,498743.7187884638,1.0000020050418028,8.326672684688674e-17
62,Metadata Gradient Boosting,Nodal exact net value,3213.6636670521984,-0.006458341151301283,3213.6701253933497,497599.93318808055,1.0000020096506108,8.326672684688674e-17
62,Ex-post Metadata Gradient Boosting,Uniform gross,5698.323797272943,-0.006458341151301283,5698.330255614094,882321.0360242343,1.0000011333755998,8.326672684688674e-17
62,Ex-post Metadata Gradient Boosting,Nodal gross,5697.9036215290025,-0.006458341151301283,5697.910079870154,882255.9766329607,1.0000011334591774,8.326672684688674e-17
62,Ex-post Metadata Gradient Boosting,Uniform signed net,3309.401568796202,-0.006458341151301283,3309.408027137353,512423.8484166394,1.0000019515132923,8.326672684688674e-17
62,Ex-post Metadata Gradient Boosting,Nodal signed linear,3309.002078376981,-0.006458341151301283,3309.0085367181323,512361.9919104775,1.0000019517488954,8.326672684688674e-17
62,Ex-post Metadata Gradient Boosting,Nodal exact net value,3307.545686300742,-0.006458341151301283,3307.5521446418934,512136.4863135882,1.0000019526082975,8.326672684688674e-17
62,Ex-post Quantile Gradient Boosting,Uniform gross,924.5846953230263,-0.006458341151301283,924.5911536641776,143162.327911074,1.0000069851266022,8.326672684688674e-17
62,Ex-post Quantile Gradient Boosting,Nodal gross,924.5484481387999,-0.006458341151301283,924.5549064799512,143156.71545063297,1.000006985400456,8.326672684688674e-17
62,Ex-post Quantile Gradient Boosting,Uniform signed net,-1923.0307004664194,-0.006458341151301283,-1923.024242125268,297758.23188556713,0.0,8.326672684688674e-17
62,Ex-post Quantile Gradient Boosting,Nodal signed linear,-1923.0579143592956,-0.006458341151301283,-1923.0514560181443,297762.44564452453,0.0,8.326672684688674e-17
62,Ex-post Quantile Gradient Boosting,Nodal exact net value,-1928.1868238955722,-0.006458341151301283,-1928.1803655544209,298556.59841783275,0.0,8.326672684688674e-17
62,Synthetic Control,Uniform gross,6866.802724503199,-0.006458341151301283,6866.80918284435,1063246.5863870888,1.0000009405164836,8.326672684688674e-17
62,Synthetic Control,Nodal gross,7132.352908621289,-0.006458341151301283,7132.359366962441,1104363.984476935,1.0000009054993821,8.326672684688674e-17
62,Synthetic Control,Uniform signed net,3594.73883208802,-0.006458341151301283,3594.7452904291713,556605.0486052244,1.0000017966092818,8.326672684688674e-17
62,Synthetic Control,Nodal signed linear,3883.6503165664217,-0.006458341151301283,3883.656774907573,601339.6759205047,1.0000016629564006,8.326672684688674e-17
62,Synthetic Control,Nodal exact net value,3508.765769167301,-0.006458341151301283,3508.7722275084525,543293.1065899909,1.0000018406304598,8.326672684688674e-17
62,Feasible Quantile Projection,Uniform gross,960.6866877228917,-0.006458341151301283,960.693146064043,148752.30706424886,1.000006722630004,8.326672684688674e-17
62,Feasible Quantile Projection,Nodal gross,960.6290574414938,-0.006458341151301283,960.6355157826451,148743.38367664083,1.0000067230333096,8.326672684688674e-17
62,Feasible Quantile Projection,Uniform signed net,0.0,-0.006458341151301283,0.006458341151301283,1.0,1.0,8.326672684688674e-17
62,Feasible Quantile Projection,Nodal signed linear,-0.008922572367396242,-0.006458341151301283,-0.0024642312160949587,0.38155791996191524,0.0,8.326672684688674e-17
62,Feasible Quantile Projection,Nodal exact net value,-0.008922572364099324,-0.006458341151301283,-0.0024642312127980404,0.3815579194514253,0.0,8.326672684688674e-17
62,Tail-Risk Feasible Counterfactual,Uniform gross,1108.610983977142,-0.006458341151301283,1108.6174423182933,171656.68649989468,1.0000058256153372,8.326672684688674e-17
62,Tail-Risk Feasible Counterfactual,Nodal gross,1108.53946239029,-0.006458341151301283,1108.5459207314414,171645.61220307814,1.0000058259911988,8.326672684688674e-17
62,Tail-Risk Feasible Counterfactual,Uniform signed net,67.12408475104193,-0.006458341151301283,67.13054309219324,10394.394089675363,1.000096214960327,8.326672684688674e-17
62,Tail-Risk Feasible Counterfactual,Nodal signed linear,67.09798356622677,-0.006458341151301283,67.10444190737807,10390.352620789827,1.0000962523880457,8.326672684688674e-17
62,Tail-Risk Feasible Counterfactual,Nodal exact net value,67.09798356621468,-0.006458341151301283,67.10444190736598,10390.352620787953,1.0000962523880457,8.326672684688674e-17
62,Single Feasible Projection,Uniform gross,905.9844673459413,-0.006458341151301283,905.9909256870926,140282.29609774417,1.00000712853408,8.326672684688674e-17
62,Single Feasible Projection,Nodal gross,905.9285653329127,-0.006458341151301283,905.935023674064,140273.6403126565,1.0000071289739594,8.326672684688674e-17
62,Single Feasible Projection,Uniform signed net,0.0,-0.006458341151301283,0.006458341151301283,1.0,1.0,8.326672684688674e-17
62,Single Feasible Projection,Nodal signed linear,-0.008654994295213214,-0.006458341151301283,-0.002196653143911931,0.34012652668082266,0.0,8.326672684688674e-17
62,Single Feasible Projection,Nodal exact net value,-0.008654994271637406,-0.006458341151301283,-0.002196653120336123,0.3401265230303794,0.0,8.326672684688674e-17
62,Risk-Constrained Convex Verifier,Uniform gross,905.9844673459413,-0.006458341151301283,905.9909256870926,140282.29609774417,1.00000712853408,8.326672684688674e-17
62,Risk-Constrained Convex Verifier,Nodal gross,905.9285653329127,-0.006458341151301283,905.935023674064,140273.6403126565,1.0000071289739594,8.326672684688674e-17
62,Risk-Constrained Convex Verifier,Uniform signed net,0.0,-0.006458341151301283,0.006458341151301283,1.0,1.0,8.326672684688674e-17
62,Risk-Constrained Convex Verifier,Nodal signed linear,-0.008654994295213214,-0.006458341151301283,-0.002196653143911931,0.34012652668082266,0.0,8.326672684688674e-17
62,Risk-Constrained Convex Verifier,Nodal exact net value,-0.008654994271637406,-0.006458341151301283,-0.002196653120336123,0.3401265230303794,0.0,8.326672684688674e-17
62,Trace-Anchored Reference,Uniform gross,905.9844673459452,-0.006458341151301283,905.9909256870965,140282.29609774478,1.00000712853408,8.326672684688674e-17
62,Trace-Anchored Reference,Nodal gross,905.9285653329166,-0.006458341151301283,905.9350236740679,140273.64031265708,1.0000071289739594,8.326672684688674e-17
62,Trace-Anchored Reference,Uniform signed net,3.194293616987953e-12,-0.006458341151301283,0.006458341154495577,1.0000000004945997,1.0000000004945997,8.326672684688674e-17
62,Trace-Anchored Reference,Nodal signed linear,-0.008654994292003454,-0.006458341151301283,-0.00219665314070217,0.34012652618382805,0.0,8.326672684688674e-17
62,Trace-Anchored Reference,Nodal exact net value,-0.008654994286189321,-0.006458341151301283,-0.002196653134888038,0.3401265252835764,0.0,8.326672684688674e-17
63,High-5-of-10,Uniform gross,9481.064915967554,1219.718080071012,8261.346835896542,6.773160922084196,0.871352206647502,0.0006196446782743836
63,High-5-of-10,Nodal gross,10310.688407793778,1219.718080071012,9090.970327722765,7.453337354147844,0.8817035262990747,0.0006196446782743836
63,High-5-of-10,Uniform signed net,6265.9291370945375,1219.718080071012,5046.211057023525,4.137194602157356,0.8053412265947544,0.0006196446782743836
63,High-5-of-10,Nodal signed linear,7128.952254714887,1219.718080071012,5909.234174643875,4.844754104407339,0.8289064035652188,0.0006196446782743836
63,High-5-of-10,Nodal exact net value,6004.983020591921,1219.718080071012,4785.264940520909,3.9232549051353818,0.7968823432325405,0.0006196446782743836
63,Ridge,Uniform gross,6863.063120499026,1219.718080071012,5643.345040428014,4.626761817041737,0.8222778869062297,0.0006196446782743836
63,Ridge,Nodal gross,6862.534883718959,1219.718080071012,5642.8168036479465,4.626328735997274,0.8222642069237803,0.0006196446782743836
63,Ridge,Uniform signed net,4418.634556405991,1219.718080071012,3198.916476334979,2.6226687368188704,0.7239604080172901,0.0006196446782743836
63,Ridge,Nodal signed linear,4418.0011739998945,1219.718080071012,3198.2830939288824,2.6221494509146557,0.723920833871865,0.0006196446782743836
63,Ridge,Nodal exact net value,4382.923638525281,1219.718080071012,3163.2055584542686,2.593390727035961,0.7217113094670731,0.0006196446782743836
63,Gradient Boosting,Uniform gross,5896.123651755125,1219.718080071012,4676.405571684113,3.8340052903141784,0.7931322081910658,0.0006196446782743836
63,Gradient Boosting,Nodal gross,5895.680297797686,1219.718080071012,4675.962217726674,3.8336418014353275,0.7931166517752609,0.0006196446782743836
63,Gradient Boosting,Uniform signed net,3106.2152280549494,1219.718080071012,1886.4971479839373,1.5466665443494167,0.6073298240718575,0.0006196446782743836
63,Gradient Boosting,Nodal signed linear,3105.6631440182,1219.718080071012,1885.945063947188,1.546213911855261,0.6072600203211659,0.0006196446782743836
63,Gradient Boosting,Nodal exact net value,3091.0716726926184,1219.718080071012,1871.3535926216064,1.5342509250274097,0.6054060826714764,0.0006196446782743836
63,Extra Trees,Uniform gross,8072.908256184231,1219.718080071012,6853.1901761132185,5.61866736919586,0.8489121836437754,0.0006196446782743836
63,Extra Trees,Nodal gross,8482.167233416742,1219.718080071012,7262.449153345729,5.954203083488694,0.8562020711799039,0.0006196446782743836
63,Extra Trees,Uniform signed net,5023.49288726753,1219.718080071012,3803.774807196518,3.1185688474627367,0.7571972116925871,0.0006196446782743836
63,Extra Trees,Nodal signed linear,5510.4481499466965,1219.718080071012,4290.730069875684,3.517804761593661,0.7786535601314367,0.0006196446782743836
63,Extra Trees,Nodal exact net value,4924.471586983487,1219.718080071012,3704.753506912475,3.037385087131597,0.7523149319624449,0.0006196446782743836
63,Metadata Gradient Boosting,Uniform gross,4897.426090510717,1219.718080071012,3677.7080104397046,3.015211523490402,0.7509471184395523,0.0006196446782743836
63,Metadata Gradient Boosting,Nodal gross,4897.098121486069,1219.718080071012,3677.3800414150573,3.0149426342855885,0.7509304388410176,0.0006196446782743836
63,Metadata Gradient Boosting,Uniform signed net,1953.9175498626846,1219.718080071012,734.1994697916725,0.6019419419845997,0.3757576515156793,0.0006196446782743836
63,Metadata Gradient Boosting,Nodal signed linear,1953.4700148834445,1219.718080071012,733.7519348124324,0.6015750252465827,0.37561463919179344,0.0006196446782743836
63,Metadata Gradient Boosting,Nodal exact net value,1947.2510951418153,1219.718080071012,727.5330150708032,0.5964763718419639,0.3736205448213232,0.0006196446782743836
63,Ex-post Metadata Gradient Boosting,Uniform gross,6355.444054190551,1219.718080071012,5135.7259741195385,4.210584444087716,0.8080829490951503,0.0006196446782743836
63,Ex-post Metadata Gradient Boosting,Nodal gross,6354.985181239806,1219.718080071012,5135.2671011687935,4.210208231782395,0.8080690913848748,0.0006196446782743836
63,Ex-post Metadata Gradient Boosting,Uniform signed net,3774.508791767859,1219.718080071012,2554.7907116968468,2.0945747656278955,0.6768538246006481,0.0006196446782743836
63,Ex-post Metadata Gradient Boosting,Nodal signed linear,3773.929021357346,1219.718080071012,2554.2109412863338,2.094099434139426,0.6768041812211074,0.0006196446782743836
63,Ex-post Metadata Gradient Boosting,Nodal exact net value,3740.120396278413,1219.718080071012,2520.402316207401,2.0663810411506427,0.6738826693160236,0.0006196446782743836
63,Ex-post Quantile Gradient Boosting,Uniform gross,967.296836235348,1219.718080071012,-252.4212438356641,0.2069504813940022,0.0,0.0006196446782743836
63,Ex-post Quantile Gradient Boosting,Nodal gross,967.2516916138337,1219.718080071012,-252.46638845717837,0.2069874937350111,0.0,0.0006196446782743836
63,Ex-post Quantile Gradient Boosting,Uniform signed net,-1857.0558968871705,1219.718080071012,-3076.7739769581826,2.5225287935217398,0.0,0.0006196446782743836
63,Ex-post Quantile Gradient Boosting,Nodal signed linear,-1857.17996725666,1219.718080071012,-3076.898047327672,2.5226305140516856,0.0,0.0006196446782743836
63,Ex-post Quantile Gradient Boosting,Nodal exact net value,-1863.5861599957425,1219.718080071012,-3083.3042400667546,2.527882705393073,0.0,0.0006196446782743836
63,Synthetic Control,Uniform gross,4935.882150036562,1219.718080071012,3716.16406996555,3.0467401694571867,0.7528875197998848,0.0006196446782743836
63,Synthetic Control,Nodal gross,4935.453393039829,1219.718080071012,3715.735312968817,3.046388648065696,0.7528660524297308,0.0006196446782743836
63,Synthetic Control,Uniform signed net,1473.0607374316064,1219.718080071012,253.34265736059433,0.20770591294821564,0.17198385030770458,0.0006196446782743836
63,Synthetic Control,Nodal signed linear,1472.5110418097802,1219.718080071012,252.7929617387681,0.2072552386237076,0.17167474780228104,0.0006196446782743836
63,Synthetic Control,Nodal exact net value,1465.4852232069825,1219.718080071012,245.7671431359704,0.20149503983876488,0.16770359690024572,0.0006196446782743836
63,Feasible Quantile Projection,Uniform gross,1048.1490995789309,1219.718080071012,-171.5689804920812,0.14066281651092066,0.0,0.0006196446782743836
63,Feasible Quantile Projection,Nodal gross,1048.0905089070916,1219.718080071012,-171.6275711639205,0.14071085275207884,0.0,0.0006196446782743836
63,Feasible Quantile Projection,Uniform signed net,121.48550782195164,1219.718080071012,-1098.2325722490605,0.9003986988412284,0.0,0.0006196446782743836
63,Feasible Quantile Projection,Nodal signed linear,121.44828213612216,1219.718080071012,-1098.26979793489,0.9004292187510647,0.0,0.0006196446782743836
63,Feasible Quantile Projection,Nodal exact net value,121.44828213612345,1219.718080071012,-1098.2697979348886,0.9004292187510636,0.0,0.0006196446782743836
63,Tail-Risk Feasible Counterfactual,Uniform gross,1082.3074451009472,1219.718080071012,-137.41063497006485,0.11265770116489934,0.0,0.0006196446782743836
63,Tail-Risk Feasible Counterfactual,Nodal gross,1082.2503651831487,1219.718080071012,-137.4677148878634,0.11270449879685314,0.0,0.0006196446782743836
63,Tail-Risk Feasible Counterfactual,Uniform signed net,131.65638663569865,1219.718080071012,-1088.0616934353134,0.8920599860026395,0.0,0.0006196446782743836
63,Tail-Risk Feasible Counterfactual,Nodal signed linear,131.61267138916762,1219.718080071012,-1088.1054086818444,0.8920958264540072,0.0,0.0006196446782743836
63,Tail-Risk Feasible Counterfactual,Nodal exact net value,131.61267138917174,1219.718080071012,-1088.1054086818403,0.8920958264540039,0.0,0.0006196446782743836
63,Single Feasible Projection,Uniform gross,874.8809437202449,1219.718080071012,-344.8371363507672,0.28271872163335543,0.0,0.0006196446782743836
63,Single Feasible Projection,Nodal gross,874.8362876106522,1219.718080071012,-344.88179246035986,0.2827553334622053,0.0,0.0006196446782743836
63,Single Feasible Projection,Uniform signed net,103.44499568120759,1219.718080071012,-1116.2730843898046,0.9151894217431089,0.0,0.0006196446782743836
63,Single Feasible Projection,Nodal signed linear,103.42670512543548,1219.718080071012,-1116.2913749455765,0.915204417467179,0.0,0.0006196446782743836
63,Single Feasible Projection,Nodal exact net value,103.42670512543555,1219.718080071012,-1116.2913749455765,0.915204417467179,0.0,0.0006196446782743836
63,Risk-Constrained Convex Verifier,Uniform gross,865.1078586117475,1219.718080071012,-354.6102214592646,0.290731298693727,0.0,0.0006196446782743836
63,Risk-Constrained Convex Verifier,Nodal gross,865.0644770461629,1219.718080071012,-354.6536030248492,0.29076686557290454,0.0,0.0006196446782743836
63,Risk-Constrained Convex Verifier,Uniform signed net,93.67191057271013,1219.718080071012,-1126.0461694983019,0.9232019988034804,0.0,0.0006196446782743836
63,Risk-Constrained Convex Verifier,Nodal signed linear,93.6548945609461,1219.718080071012,-1126.063185510066,0.9232159495778782,0.0,0.0006196446782743836
63,Risk-Constrained Convex Verifier,Nodal exact net value,93.65489456093928,1219.718080071012,-1126.0631855100728,0.9232159495778839,0.0,0.0006196446782743836
63,Trace-Anchored Reference,Uniform gross,2262.745890218067,1219.718080071012,1043.0278101470549,0.8551384350114165,0.46095666979491695,0.0006196446782743836
63,Trace-Anchored Reference,Nodal gross,2262.7368015231873,1219.718080071012,1043.0187214521752,0.8551309835396148,0.460954504629109,0.0006196446782743836
63,Trace-Anchored Reference,Uniform signed net,1225.4378200562057,1219.718080071012,5.719739985193655,0.004689395097644738,0.004667507311738848,0.0006196446782743836
63,Trace-Anchored Reference,Nodal signed linear,1225.3459979648146,1219.718080071012,5.6279178938025325,0.004614113692136854,0.004592921430477579,0.0006196446782743836
63,Trace-Anchored Reference,Nodal exact net value,1210.0300419989799,1219.718080071012,-9.688038072032214,0.007942850262142687,0.0,0.0006196446782743836
64,High-5-of-10,Uniform gross,10101.809392250103,594.6718957414014,9507.137496508702,15.987198259396084,0.9411321405254764,1.3877787807814457e-16
64,High-5-of-10,Nodal gross,11472.259334220713,594.6718957414014,10877.587438479311,18.29174628291082,0.9481643607926863,1.3877787807814457e-16
64,High-5-of-10,Uniform signed net,6547.072909384234,594.6718957414014,5952.401013642832,10.009554943271255,0.9091698070310124,1.3877787807814457e-16
64,High-5-of-10,Nodal signed linear,7998.573136736782,594.6718957414014,7403.90124099538,12.450397091264316,0.9256527526128225,1.3877787807814457e-16
64,High-5-of-10,Nodal exact net value,6188.014945336683,594.6718957414014,5593.343049595282,9.405763227841524,0.903899408615755,1.3877787807814457e-16
64,Ridge,Uniform gross,8204.276217311704,594.6718957414014,7609.604321570303,12.796307301664395,0.9275168363436381,1.3877787807814457e-16
64,Ridge,Nodal gross,8239.022323521718,594.6718957414014,7644.350427780317,12.85473633868269,0.9278225167513307,1.3877787807814457e-16
64,Ridge,Uniform signed net,5536.474120002316,594.6718957414014,4941.802224260915,8.310132460690397,0.8925901425976227,1.3877787807814457e-16
64,Ridge,Nodal signed linear,5573.955832195129,594.6718957414014,4979.283936453728,8.373161691533873,0.8933124133660011,1.3877787807814457e-16
64,Ridge,Nodal exact net value,5473.9096358187235,594.6718957414014,4879.237740077322,8.204924051428696,0.8913624931164109,1.3877787807814457e-16
64,Gradient Boosting,Uniform gross,4198.052198465749,594.6718957414014,3603.3803027243475,6.059442742340915,0.8583457595027678,1.3877787807814457e-16
64,Gradient Boosting,Nodal gross,4197.733413067834,594.6718957414014,3603.0615173264323,6.058906672955093,0.8583350019584028,1.3877787807814457e-16
64,Gradient Boosting,Uniform signed net,1049.8587833930217,594.6718957414014,455.1868876516203,0.7654420713528431,0.43356963322296466,1.3877787807814457e-16
64,Gradient Boosting,Nodal signed linear,1049.5586417849509,594.6718957414014,454.88674604354946,0.7649373533558768,0.4334076514961928,1.3877787807814457e-16
64,Gradient Boosting,Nodal exact net value,1048.2667249135193,594.6718957414014,453.5948291721179,0.7627648665094606,0.43270936527107534,1.3877787807814457e-16
64,Extra Trees,Uniform gross,5207.983789568612,594.6718957414014,4613.311893827211,7.757743264587289,0.8858153328102699,1.3877787807814457e-16
64,Extra Trees,Nodal gross,5207.556284069636,594.6718957414014,4612.884388328234,7.757024371527034,0.8858059590137213,1.3877787807814457e-16
64,Extra Trees,Uniform signed net,1411.510570751289,594.6718957414014,816.8386750098875,1.373595558928343,0.578698234314404,1.3877787807814457e-16
64,Extra Trees,Nodal signed linear,1411.095775478783,594.6718957414014,816.4238797373816,1.3728980393793675,0.5785743915648603,1.3877787807814457e-16
64,Extra Trees,Nodal exact net value,1410.2046165965585,594.6718957414014,815.5327208551571,1.3713994669924658,0.5783080776060674,1.3877787807814457e-16
64,Metadata Gradient Boosting,Uniform gross,4616.773687404217,594.6718957414014,4022.1017916628152,6.763564615153536,0.8711931890090641,1.3877787807814457e-16
64,Metadata Gradient Boosting,Nodal gross,4616.427911190299,594.6718957414014,4021.7560154488974,6.76298315802332,0.8711835412181123,1.3877787807814457e-16
64,Metadata Gradient Boosting,Uniform signed net,2038.0040922975238,594.6718957414014,1443.3321965561224,2.4271067909753192,0.7082086841783503,1.3877787807814457e-16
64,Metadata Gradient Boosting,Nodal signed linear,2037.6885894286145,594.6718957414014,1443.016693687213,2.42657624148884,0.7081635050485547,1.3877787807814457e-16
64,Metadata Gradient Boosting,Nodal exact net value,2036.3966725571881,594.6718957414014,1441.7247768157868,2.4244037546424324,0.7079783601322394,1.3877787807814457e-16
64,Ex-post Metadata Gradient Boosting,Uniform gross,4886.383298097975,594.6718957414014,4291.711402356574,7.216940018673531,0.8783001947528599,1.3877787807814457e-16
64,Ex-post Metadata Gradient Boosting,Nodal gross,4886.014756032902,594.6718957414014,4291.342860291501,7.216320278497962,0.8782910151863248,1.3877787807814457e-16
64,Ex-post Metadata Gradient Boosting,Uniform signed net,2367.411607347549,594.6718957414014,1772.7397116061475,2.9810383243284124,0.7488092506196367,1.3877787807814457e-16
64,Ex-post Metadata Gradient Boosting,Nodal signed linear,2367.063180560485,594.6718957414014,1772.3912848190835,2.9804524099955523,0.7487722758627035,1.3877787807814457e-16
64,Ex-post Metadata Gradient Boosting,Nodal exact net value,2365.7712636890647,594.6718957414014,1771.0993679476633,2.978279923149155,0.7486350836749535,1.3877787807814457e-16
64,Ex-post Quantile Gradient Boosting,Uniform gross,894.0453553435416,594.6718957414014,299.3734596021402,0.5034262788371716,0.33485265351790167,1.3877787807814457e-16
64,Ex-post Quantile Gradient Boosting,Nodal gross,894.0101198487704,594.6718957414014,299.338224107369,0.5033670268445627,0.3348264381593406,1.3877787807814457e-16
64,Ex-post Quantile Gradient Boosting,Uniform signed net,-2349.399918635646,594.6718957414014,-2944.0718143770473,4.9507498764618,0.0,1.3877787807814457e-16
64,Ex-post Quantile Gradient Boosting,Nodal signed linear,-2349.4220175636074,594.6718957414014,-2944.0939133050088,4.950787038009403,0.0,1.3877787807814457e-16
64,Ex-post Quantile Gradient Boosting,Nodal exact net value,-2359.73818568133,594.6718957414014,-2954.4100814227313,4.968134701807876,0.0,1.3877787807814457e-16
64,Synthetic Control,Uniform gross,7246.48854680887,594.6718957414014,6651.816651067468,11.185691973511512,0.9179365437618366,1.3877787807814457e-16
64,Synthetic Control,Nodal gross,7593.182478669919,594.6718957414014,6998.510582928518,11.768692337819653,0.9216834446673842,1.3877787807814457e-16
64,Synthetic Control,Uniform signed net,3713.901127647156,594.6718957414014,3119.2292319057547,5.245294513232185,0.8398794487783955,1.3877787807814457e-16
64,Synthetic Control,Nodal signed linear,4103.0430344956285,594.6718957414014,3508.371138754227,5.899675373728902,0.8550656450001134,1.3877787807814457e-16
64,Synthetic Control,Nodal exact net value,3615.4457985183144,594.6718957414014,3020.773902776913,5.079732074795283,0.8355190676665349,1.3877787807814457e-16
64,Feasible Quantile Projection,Uniform gross,1101.4956191833758,594.6718957414014,506.8237234419744,0.852274551851987,0.4601232311915341,1.3877787807814457e-16
64,Feasible Quantile Projection,Nodal gross,1101.413746888886,594.6718957414014,506.74185114748457,0.8521368754373521,0.46008310008737,1.3877787807814457e-16
64,Feasible Quantile Projection,Uniform signed net,-0.00239955544660031,594.6718957414014,-594.674295296848,1.0000040350913904,0.0,1.3877787807814457e-16
64,Feasible Quantile Projection,Nodal signed linear,-0.014474109928258372,594.6718957414014,-594.6863698513297,1.0000243396569302,0.0,1.3877787807814457e-16
64,Feasible Quantile Projection,Nodal exact net value,-0.014474109921138734,594.6718957414014,-594.6863698513225,1.000024339656918,0.0,1.3877787807814457e-16
64,Tail-Risk Feasible Counterfactual,Uniform gross,1252.7391954943291,594.6718957414014,658.0672997529277,1.106605683681232,0.5253027143397196,1.3877787807814457e-16
64,Tail-Risk Feasible Counterfactual,Nodal gross,1252.6405311502015,594.6718957414014,657.9686354088001,1.1064397697632644,0.5252653247653093,1.3877787807814457e-16
64,Tail-Risk Feasible Counterfactual,Uniform signed net,55.88519541789057,594.6718957414014,-538.7867003235108,0.9060234798077749,0.0,1.3877787807814457e-16
64,Tail-Risk Feasible Counterfactual,Nodal signed linear,55.852168330897605,594.6718957414014,-538.8197274105038,0.9060790181428291,0.0,1.3877787807814457e-16
64,Tail-Risk Feasible Counterfactual,Nodal exact net value,55.85216833088634,594.6718957414014,-538.819727410515,0.906079018142848,0.0,1.3877787807814457e-16
64,Single Feasible Projection,Uniform gross,1071.2803649055113,594.6718957414014,476.6084691641099,0.8014645934627581,0.44489611195865386,1.3877787807814457e-16
64,Single Feasible Projection,Nodal gross,1071.1977811938632,594.6718957414014,476.5258854524618,0.8013257207293407,0.4448533163701738,1.3877787807814457e-16
64,Single Feasible Projection,Uniform signed net,1.0413738323370657e-13,594.6718957414014,-594.6718957414013,0.9999999999999998,0.0,1.3877787807814457e-16
64,Single Feasible Projection,Nodal signed linear,-0.012785971639814875,594.6718957414014,-594.6846817130412,1.0000215008843218,0.0,1.3877787807814457e-16
64,Single Feasible Projection,Nodal exact net value,-0.012785971637640614,594.6718957414014,-594.684681713039,1.0000215008843183,0.0,1.3877787807814457e-16
64,Risk-Constrained Convex Verifier,Uniform gross,1071.2803649055113,594.6718957414014,476.6084691641099,0.8014645934627581,0.44489611195865386,1.3877787807814457e-16
64,Risk-Constrained Convex Verifier,Nodal gross,1071.1977811938632,594.6718957414014,476.5258854524618,0.8013257207293407,0.4448533163701738,1.3877787807814457e-16
64,Risk-Constrained Convex Verifier,Uniform signed net,1.0413738323370657e-13,594.6718957414014,-594.6718957414013,0.9999999999999998,0.0,1.3877787807814457e-16
64,Risk-Constrained Convex Verifier,Nodal signed linear,-0.012785971639814875,594.6718957414014,-594.6846817130412,1.0000215008843218,0.0,1.3877787807814457e-16
64,Risk-Constrained Convex Verifier,Nodal exact net value,-0.012785971637640614,594.6718957414014,-594.684681713039,1.0000215008843183,0.0,1.3877787807814457e-16
64,Trace-Anchored Reference,Uniform gross,1549.0243350429698,594.6718957414014,954.3524393015684,1.6048386448660716,0.6160990616555386,1.3877787807814457e-16
64,Trace-Anchored Reference,Nodal gross,1548.968923944117,594.6718957414014,954.2970282027156,1.6047454655864561,0.616085328408528,1.3877787807814457e-16
64,Trace-Anchored Reference,Uniform signed net,592.1657456181168,594.6718957414014,-2.5061501232845558,0.00421434095209769,0.0,1.3877787807814457e-16
64,Trace-Anchored Reference,Nodal signed linear,592.1774663090112,594.6718957414014,-2.494429432390234,0.004194631443411881,0.0,1.3877787807814457e-16
64,Trace-Anchored Reference,Nodal exact net value,591.9840512130904,594.6718957414014,-2.6878445283109613,0.004519878184187463,0.0,1.3877787807814457e-16
65,High-5-of-10,Uniform gross,11010.919963555541,300.3774079175855,10710.542555637956,35.656951133211074,0.9727200443821417,3.525206102245049e-05
65,High-5-of-10,Nodal gross,12563.229037573396,300.3774079175855,12262.85162965581,40.82481340614127,0.9760907480856049,3.525206102245049e-05
65,High-5-of-10,Uniform signed net,9718.816817360406,300.3774079175855,9418.43940944282,31.355352170916117,0.9690932123156153,3.525206102245049e-05
65,High-5-of-10,Nodal signed linear,11279.462487806855,300.3774079175855,10979.08507988927,36.55096818367112,0.9733695281807715,3.525206102245049e-05
65,High-5-of-10,Nodal exact net value,9066.103859745737,300.3774079175855,8765.726451828152,29.18237597360585,0.9668680821922538,3.525206102245049e-05
65,Ridge,Uniform gross,9004.428035501878,300.3774079175855,8704.050627584293,28.97704820055049,0.966641145141781,3.525206102245049e-05
65,Ridge,Nodal gross,9003.888611294773,300.3774079175855,8703.511203377187,28.975252379050982,0.9666391466081908,3.525206102245049e-05
65,Ridge,Uniform signed net,8319.249390485773,300.3774079175855,8018.871982568187,26.6959890164853,0.9638936887429881,3.525206102245049e-05
65,Ridge,Nodal signed linear,8318.577826256856,300.3774079175855,8018.200418339271,26.693753281668982,0.963890773856864,3.525206102245049e-05
65,Ridge,Nodal exact net value,8223.329750455378,300.3774079175855,7922.952342537792,26.376658609130853,0.963472532777741,3.525206102245049e-05
65,Gradient Boosting,Uniform gross,4845.931819693922,300.3774079175855,4545.554411776337,15.13281056418031,0.9380145204072314,3.525206102245049e-05
65,Gradient Boosting,Nodal gross,4845.637418580883,300.3774079175855,4545.260010663297,15.131830460133603,0.9380107544229845,3.525206102245049e-05
65,Gradient Boosting,Uniform signed net,4056.311115543493,300.3774079175855,3755.9337076259076,12.504048602271787,0.9259481338187889,3.525206102245049e-05
65,Gradient Boosting,Nodal signed linear,4055.8931965949832,300.3774079175855,3755.5157886773977,12.502657289418377,0.9259405035197279,3.525206102245049e-05
65,Gradient Boosting,Nodal exact net value,4039.38970093002,300.3774079175855,3739.0122930124344,12.447714756358462,0.9256379230138584,3.525206102245049e-05
65,Extra Trees,Uniform gross,7272.161371673701,300.3774079175855,6971.783963756116,23.210080984748902,0.9586948924032948,3.525206102245049e-05
65,Extra Trees,Nodal gross,7536.7125305876125,300.3774079175855,7236.335122670027,24.09081020053099,0.9601447704554859,3.525206102245049e-05
65,Extra Trees,Uniform signed net,6248.9241824442925,300.3774079175855,5948.546774526707,19.8035758273765,0.9519313406359666,3.525206102245049e-05
65,Extra Trees,Nodal signed linear,6518.451398401105,300.3774079175855,6218.073990483519,20.700871059482512,0.9539189004322002,3.525206102245049e-05
65,Extra Trees,Nodal exact net value,6103.670327083957,300.3774079175855,5803.292919166372,19.320004654806194,0.9507874128481819,3.525206102245049e-05
65,Metadata Gradient Boosting,Uniform gross,4923.815673971976,300.3774079175855,4623.438266054391,15.39209722231481,0.9389949933533407,3.525206102245049e-05
65,Metadata Gradient Boosting,Nodal gross,4923.4951221442825,300.3774079175855,4623.117714226697,15.391030058742437,0.9389910215272509,3.525206102245049e-05
65,Metadata Gradient Boosting,Uniform signed net,4067.3699079467947,300.3774079175855,3766.992500029209,12.540864927707073,0.9261494738084406,3.525206102245049e-05
65,Metadata Gradient Boosting,Nodal signed linear,4066.891681299821,300.3774079175855,3766.5142733822354,12.539272841769955,0.9261407897095548,3.525206102245049e-05
65,Metadata Gradient Boosting,Nodal exact net value,4050.388185634867,300.3774079175855,3750.0107777172816,12.484330308710073,0.9258398469107465,3.525206102245049e-05
65,Ex-post Metadata Gradient Boosting,Uniform gross,5762.5543594803075,300.3774079175855,5462.176951562722,18.18438007515325,0.9478742604096363,3.525206102245049e-05
65,Ex-post Metadata Gradient Boosting,Nodal gross,5762.196920281872,300.3774079175855,5461.819512364286,18.183190108168336,0.9478710269584311,3.525206102245049e-05
65,Ex-post Metadata Gradient Boosting,Uniform signed net,4918.634132254575,300.3774079175855,4618.2567243369895,15.374847117677037,0.9389307275473445,3.525206102245049e-05
65,Ex-post Metadata Gradient Boosting,Nodal signed linear,4918.118515017276,300.3774079175855,4617.74110709969,15.37313055303633,0.9389243250238083,3.525206102245049e-05
65,Ex-post Metadata Gradient Boosting,Nodal exact net value,4901.615019352321,300.3774079175855,4601.237611434735,15.318188019976443,0.938718686242871,3.525206102245049e-05
65,Ex-post Quantile Gradient Boosting,Uniform gross,2590.9640262909998,300.3774079175855,2290.5866183734142,7.6256954018388825,0.8840673182376909,3.525206102245049e-05
65,Ex-post Quantile Gradient Boosting,Nodal gross,2590.8629593799765,300.3774079175855,2290.485551462391,7.625358935419108,0.8840627958224895,3.525206102245049e-05
65,Ex-post Quantile Gradient Boosting,Uniform signed net,1803.5165328832436,300.3774079175855,1503.139124965658,5.004168374001264,0.8334490411144839,3.525206102245049e-05
65,Ex-post Quantile Gradient Boosting,Nodal signed linear,1803.331947393824,300.3774079175855,1502.9545394762386,5.003553862108711,0.8334319932879296,3.525206102245049e-05
65,Ex-post Quantile Gradient Boosting,Nodal exact net value,1789.6248088742504,300.3774079175855,1489.247400956665,4.957920807963259,0.8321562114985791,3.525206102245049e-05
65,Synthetic Control,Uniform gross,5114.022593003123,300.3774079175855,4813.645185085537,16.025323670168483,0.9412639654098216,3.525206102245049e-05
65,Synthetic Control,Nodal gross,5154.532785306167,300.3774079175855,4854.155377388582,16.16018798164879,0.9417255801003226,3.525206102245049e-05
65,Synthetic Control,Uniform signed net,4141.234866485991,300.3774079175855,3840.8574585684055,12.786772098460283,0.9274667055596225,3.525206102245049e-05
65,Synthetic Control,Nodal signed linear,4182.421529145869,300.3774079175855,3882.044121228283,12.923888477969017,0.9281809818010074,3.525206102245049e-05
65,Synthetic Control,Nodal exact net value,4111.038457821291,300.3774079175855,3810.661049903705,12.686243870075726,0.926933933846784,3.525206102245049e-05
65,Feasible Quantile Projection,Uniform gross,816.3916380289203,300.3774079175855,516.0142301113348,1.7178862874165073,0.6320670203790785,3.525206102245049e-05
65,Feasible Quantile Projection,Nodal gross,816.3487540661544,300.3774079175855,515.9713461485688,1.71774352047853,0.6320476923356169,3.525206102245049e-05
65,Feasible Quantile Projection,Uniform signed net,25.556842741074714,300.3774079175855,-274.8205651765108,0.914917560151239,0.0,3.525206102245049e-05
65,Feasible Quantile Projection,Nodal signed linear,25.43432243594159,300.3774079175855,-274.94308548164395,0.9153254480346272,0.0,3.525206102245049e-05
65,Feasible Quantile Projection,Nodal exact net value,16.297118527581915,300.3774079175855,-284.0802893900036,0.9457445263924331,0.0,3.525206102245049e-05
65,Tail-Risk Feasible Counterfactual,Uniform gross,392.253660665539,300.3774079175855,91.87625274795346,0.3058693840688629,0.23422662924819238,3.525206102245049e-05
65,Tail-Risk Feasible Counterfactual,Nodal gross,392.2317086743443,300.3774079175855,91.85430075675879,0.30579630270316743,0.23418377128969464,3.525206102245049e-05
65,Tail-Risk Feasible Counterfactual,Uniform signed net,5.138897807929075,300.3774079175855,-295.23851010965643,0.9828918631279385,0.0,3.525206102245049e-05
65,Tail-Risk Feasible Counterfactual,Nodal signed linear,5.071387470876996,300.3774079175855,-295.30602044670854,0.9831166148411921,0.0,3.525206102245049e-05
65,Tail-Risk Feasible Counterfactual,Nodal exact net value,4.819547822495224,300.3774079175855,-295.5578600950903,0.9839550255929449,0.0,3.525206102245049e-05
65,Single Feasible Projection,Uniform gross,261.80064373617705,300.3774079175855,-38.576764181408464,0.12842764856667505,0.0,3.525206102245049e-05
65,Single Feasible Projection,Nodal gross,261.793048353586,300.3774079175855,-38.5843595639995,0.12845293469802457,0.0,3.525206102245049e-05
65,Single Feasible Projection,Uniform signed net,12.382068409535762,300.3774079175855,-287.99533950804977,0.958778296625647,0.0,3.525206102245049e-05
65,Single Feasible Projection,Nodal signed linear,12.377407418383411,300.3774079175855,-288.0000004992021,0.9587938137418797,0.0,3.525206102245049e-05
65,Single Feasible Projection,Nodal exact net value,12.247285293924506,300.3774079175855,-288.130122623661,0.9592270091854418,0.0,3.525206102245049e-05
65,Risk-Constrained Convex Verifier,Uniform gross,252.15418883652112,300.3774079175855,-48.2232190810644,0.16054209740798947,0.0,3.525206102245049e-05
65,Risk-Constrained Convex Verifier,Nodal gross,252.14687218941958,300.3774079175855,-48.23053572816593,0.1605664555884274,0.0,3.525206102245049e-05
65,Risk-Constrained Convex Verifier,Uniform signed net,2.735613509879869,300.3774079175855,-297.6417944077057,0.9908927454669613,0.0,3.525206102245049e-05
65,Risk-Constrained Convex Verifier,Nodal signed linear,2.7312312542169916,300.3774079175855,-297.6461766633685,0.9909073346322824,0.0,3.525206102245049e-05
65,Risk-Constrained Convex Verifier,Nodal exact net value,2.601109129762335,300.3774079175855,-297.7762987878232,0.9913405300758305,0.0,3.525206102245049e-05
65,Trace-Anchored Reference,Uniform gross,956.2287022055426,300.3774079175855,655.8512942879571,2.1834241757219734,0.6858728385534081,3.525206102245049e-05
65,Trace-Anchored Reference,Nodal gross,956.2242755929623,300.3774079175855,655.8468676753768,2.183409438886034,0.6858713843765166,3.525206102245049e-05
65,Trace-Anchored Reference,Uniform signed net,301.73944228447067,300.3774079175855,1.3620343668851547,0.00453441014864492,0.0045139420838495176,3.525206102245049e-05
65,Trace-Anchored Reference,Nodal signed linear,301.6451719853834,300.3774079175855,1.2677640677978843,0.0042205706367428285,0.004202832286204519,3.525206102245049e-05
65,Trace-Anchored Reference,Nodal exact net value,298.31741859215253,300.3774079175855,-2.05998932543298,0.006858003535333053,0.0,3.525206102245049e-05
66,High-5-of-10,Uniform gross,11268.678936764803,240.8139577582151,11027.864979006588,45.79412705836145,0.978629796881288,0.0018840105598730283
66,High-5-of-10,Nodal gross,12805.306447523635,240.8139577582151,12564.49248976542,52.17510067410865,0.9811942057970205,0.0018840105598730283
66,High-5-of-10,Uniform signed net,8887.764085568471,240.8139577582151,8646.950127810256,35.90718000030575,0.9729050011409239,0.0018840105598730283
66,High-5-of-10,Nodal signed linear,10424.333283869357,240.8139577582151,10183.519326111142,42.287911468718605,0.9768988623828009,0.0018840105598730283
66,High-5-of-10,Nodal exact net value,8193.337516665568,240.8139577582151,7952.523558907353,33.023515883128084,0.9706085636935632,0.0018840105598730283
66,Ridge,Uniform gross,4915.021206911605,240.8139577582151,4674.20724915339,19.41003458714151,0.9510044926317759,0.0018840105598730283
66,Ridge,Nodal gross,4914.606114677253,240.8139577582151,4673.792156919038,19.408310882094607,0.9510003544253455,0.0018840105598730283
66,Ridge,Uniform signed net,3127.259918741547,240.8139577582151,2886.445960983332,11.986207061475298,0.9229952213709431,0.0018840105598730283
66,Ridge,Nodal signed linear,3126.805517972743,240.8139577582151,2885.991560214528,11.98432012446785,0.9229840307067303,0.0018840105598730283
66,Ridge,Nodal exact net value,3104.1135365261653,240.8139577582151,2863.29957876795,11.890089783096352,0.9224210213561609,0.0018840105598730283
66,Gradient Boosting,Uniform gross,4694.9253393148965,240.8139577582151,4454.111381556681,18.49606818068557,0.9487076065423959,0.0018840105598730283
66,Gradient Boosting,Nodal gross,4694.577586151193,240.8139577582151,4453.763628392978,18.494624106733458,0.948703807032904,0.0018840105598730283
66,Gradient Boosting,Uniform signed net,2955.723335956139,240.8139577582151,2714.909378197924,11.273887126276042,0.9185262183274285,0.0018840105598730283
66,Gradient Boosting,Nodal signed linear,2955.338638907258,240.8139577582151,2714.524681149043,11.27228963976628,0.9185156128682239,0.0018840105598730283
66,Gradient Boosting,Nodal exact net value,2932.454352651752,240.8139577582151,2691.6403948935367,11.177260736672205,0.9178797250363155,0.0018840105598730283
66,Extra Trees,Uniform gross,4172.647531976657,240.8139577582151,3931.8335742184418,16.32726612203321,0.9422874911161889,0.0018840105598730283
66,Extra Trees,Nodal gross,4213.367452801339,240.8139577582151,3972.553495043124,16.496358981947775,0.9428452513444786,0.0018840105598730283
66,Extra Trees,Uniform signed net,2288.4907905866876,240.8139577582151,2047.6768328284725,8.503148454893156,0.8947717164741227,0.0018840105598730283
66,Extra Trees,Nodal signed linear,2347.5647065779035,240.8139577582151,2106.7507488196884,8.748457807146433,0.8974196719334502,0.0018840105598730283
66,Extra Trees,Nodal exact net value,2280.2022456249324,240.8139577582151,2039.3882878667173,8.46872958217118,0.8943892112112996,0.0018840105598730283
66,Metadata Gradient Boosting,Uniform gross,4486.416169560545,240.8139577582151,4245.60221180233,17.630216501258825,0.9463237585063796,0.0018840105598730283
66,Metadata Gradient Boosting,Nodal gross,4486.0609401495985,240.8139577582151,4245.246982391383,17.62874138156787,0.9463195081451157,0.0018840105598730283
66,Metadata Gradient Boosting,Uniform signed net,2580.1848240188538,240.8139577582151,2339.3708662606386,9.714432203341975,0.9066679427316655,0.0018840105598730283
66,Metadata Gradient Boosting,Nodal signed linear,2579.7739670124324,240.8139577582151,2338.9600092542173,9.712726085431509,0.9066530785884721,0.0018840105598730283
66,Metadata Gradient Boosting,Nodal exact net value,2558.7226769793924,240.8139577582151,2317.9087192211773,9.625308851692191,0.9058850887105517,0.0018840105598730283
66,Ex-post Metadata Gradient Boosting,Uniform gross,6340.058044150151,240.8139577582151,6099.2440863919355,25.327618644579445,0.9620170736480229,0.0018840105598730283
66,Ex-post Metadata Gradient Boosting,Nodal gross,6339.682935313716,240.8139577582151,6098.868977555501,25.326060973919795,0.9620148262593989,0.0018840105598730283
66,Ex-post Metadata Gradient Boosting,Uniform signed net,4392.385167749389,240.8139577582151,4151.571209991174,17.239744941028228,0.9451746719467214,0.0018840105598730283
66,Ex-post Metadata Gradient Boosting,Nodal signed linear,4391.956401516764,240.8139577582151,4151.142443758549,17.237964453565557,0.9451693196054838,0.0018840105598730283
66,Ex-post Metadata Gradient Boosting,Nodal exact net value,4367.217876802148,240.8139577582151,4126.403919043933,17.13523567096129,0.944858725955173,0.0018840105598730283
66,Ex-post Quantile Gradient Boosting,Uniform gross,2034.3148546172017,240.8139577582151,1793.5008968589866,7.44766172839416,0.8816240479138961,0.0018840105598730283
66,Ex-post Quantile Gradient Boosting,Nodal gross,2034.2485880490888,240.8139577582151,1793.4346302908737,7.447386550955403,0.8816201917637,0.0018840105598730283
66,Ex-post Quantile Gradient Boosting,Uniform signed net,305.205873083696,240.8139577582151,64.39191532548091,0.26739278704987873,0.21097862460799643,0.0018840105598730283
66,Ex-post Quantile Gradient Boosting,Nodal signed linear,305.11163198184687,240.8139577582151,64.29767422363176,0.267001443031756,0.2107349162861718,0.0018840105598730283
66,Ex-post Quantile Gradient Boosting,Nodal exact net value,281.2228414537676,240.8139577582151,40.408883695552504,0.16780125235151158,0.14368990614937524,0.0018840105598730283
66,Synthetic Control,Uniform gross,4196.129100643421,240.8139577582151,3955.315142885206,16.424775290045556,0.942610450731535,0.0018840105598730283
66,Synthetic Control,Nodal gross,4204.08954254874,240.8139577582151,3963.2755847905246,16.457831687521118,0.9427191178206397,0.0018840105598730283
66,Synthetic Control,Uniform signed net,2241.76120692817,240.8139577582151,2000.9472491699548,8.309099969940155,0.8925782295571987,0.0018840105598730283
66,Synthetic Control,Nodal signed linear,2253.6342180093743,240.8139577582151,2012.8202602511592,8.3584036365205,0.8931441687236515,0.0018840105598730283
66,Synthetic Control,Nodal exact net value,2223.6753619936426,240.8139577582151,1982.8614042354275,8.233996993755168,0.8917045348101925,0.0018840105598730283
66,Feasible Quantile Projection,Uniform gross,1240.1233349840415,240.8139577582151,999.3093772258264,4.1497153509231595,0.8058145097630035,0.0018840105598730283
66,Feasible Quantile Projection,Nodal gross,1240.0470609129995,240.8139577582151,999.2331031547844,4.149398616495669,0.8058025656051208,0.0018840105598730283
66,Feasible Quantile Projection,Uniform signed net,23.571494690892735,240.8139577582151,-217.24246306732238,0.9021174066888629,0.0,0.0018840105598730283
66,Feasible Quantile Projection,Nodal signed linear,23.540496287334435,240.8139577582151,-217.27346147088068,0.9022461301393093,0.0,0.0018840105598730283
66,Feasible Quantile Projection,Nodal exact net value,11.556215135882667,240.8139577582151,-229.25774262233244,0.9520118549461927,0.0,0.0018840105598730283
66,Tail-Risk Feasible Counterfactual,Uniform gross,878.5213070882179,240.8139577582151,637.7073493300028,2.648132837758023,0.7258871744882638,0.0018840105598730283
66,Tail-Risk Feasible Counterfactual,Nodal gross,878.4414799763217,240.8139577582151,637.6275222181066,2.6478013490327044,0.7258622648776715,0.0018840105598730283
66,Tail-Risk Feasible Counterfactual,Uniform signed net,32.36310081112697,240.8139577582151,-208.45085694708814,0.865609530641822,0.0,0.0018840105598730283
66,Tail-Risk Feasible Counterfactual,Nodal signed linear,32.33298581227502,240.8139577582151,-208.4809719459401,0.8657345856807089,0.0,0.0018840105598730283
66,Tail-Risk Feasible Counterfactual,Nodal exact net value,25.487641758052632,240.8139577582151,-215.32631600016248,0.8941604465317453,0.0,0.0018840105598730283
66,Single Feasible Projection,Uniform gross,714.9250767042786,240.8139577582151,474.11111894606347,1.9687858766977542,0.6631619653511953,0.0018840105598730283
66,Single Feasible Projection,Nodal gross,714.8547251126837,240.8139577582151,474.0407673544686,1.9684937358590344,0.6631288158300203,0.0018840105598730283
66,Single Feasible Projection,Uniform signed net,-0.6632282266349705,240.8139577582151,-241.47718598485008,1.0027541104046007,0.0,0.0018840105598730283
66,Single Feasible Projection,Nodal signed linear,-0.6790519085901412,240.8139577582151,-241.49300966680525,1.0028198195607578,0.0,0.0018840105598730283
66,Single Feasible Projection,Nodal exact net value,-7.524395962791459,240.8139577582151,-248.33835372100657,1.031245680411707,0.0,0.0018840105598730283
66,Risk-Constrained Convex Verifier,Uniform gross,713.2768460267014,240.8139577582151,472.46288826848627,1.9619414616442377,0.6623836044872816,0.0018840105598730283
66,Risk-Constrained Convex Verifier,Nodal gross,713.2067233668733,240.8139577582151,472.39276560865824,1.9616502714637314,0.6623504099605347,0.0018840105598730283
66,Risk-Constrained Convex Verifier,Uniform signed net,-2.3114589042123725,240.8139577582151,-243.12541666242748,1.009598525458118,0.0,0.0018840105598730283
66,Risk-Constrained Convex Verifier,Nodal signed linear,-2.3270536544004603,240.8139577582151,-243.14101141261557,1.0096632839560609,0.0,0.0018840105598730283
66,Risk-Constrained Convex Verifier,Nodal exact net value,-9.172397708607605,240.8139577582151,-249.98635546682272,1.038089144807034,0.0,0.0018840105598730283
66,Trace-Anchored Reference,Uniform gross,1860.1431174257648,240.8139577582151,1619.3291596675497,6.724399095227727,0.8705400915110901,0.0018840105598730283
66,Trace-Anchored Reference,Nodal gross,1860.141776109449,240.8139577582151,1619.3278183512339,6.724393525300101,0.8705399981597716,0.0018840105598730283
66,Trace-Anchored Reference,Uniform signed net,265.9998635826713,240.8139577582151,25.1859058244562,0.10458656989369218,0.0946839050412842,0.0018840105598730283
66,Trace-Anchored Reference,Nodal signed linear,265.9785800878164,240.8139577582151,25.164622329601286,0.10449818841010607,0.09461146202559939,0.0018840105598730283
66,Trace-Anchored Reference,Nodal exact net value,237.2946796596807,240.8139577582151,-3.5192780985344143,0.01461409517660883,0.0,0.0018840105598730283
67,High-5-of-10,Uniform gross,11152.789942446618,1513.9121599379941,9638.877782508624,6.366867271152249,0.864257090131666,0.0007050619824822968
67,High-5-of-10,Nodal gross,12684.450522402974,1513.9121599379941,11170.53836246498,7.378590817925986,0.8806481875376345,0.0007050619824822968
67,High-5-of-10,Uniform signed net,10738.17083944429,1513.9121599379941,9224.258679506296,6.092994642360292,0.8590158247085273,0.0007050619824822968
67,High-5-of-10,Nodal signed linear,12270.715774077285,1513.9121599379941,10756.803614139291,7.105302341041941,0.8766239730581784,0.0007050619824822968
67,High-5-of-10,Nodal exact net value,10061.273174995142,1513.9121599379941,8547.361015057148,5.645876452572535,0.8495307568329964,0.0007050619824822968
67,Ridge,Uniform gross,8481.922556747095,1513.9121599379941,6968.010396809101,4.602651713356006,0.8215130885940799,0.0007050619824822968
67,Ridge,Nodal gross,8481.382414122716,1513.9121599379941,6967.470254184722,4.6022949273821085,0.8215017215333772,0.0007050619824822968
67,Ridge,Uniform signed net,8425.989482521645,1513.9121599379941,6912.077322583651,4.565705663442687,0.8203282637512946,0.0007050619824822968
67,Ridge,Nodal signed linear,8425.447518999365,1513.9121599379941,6911.53535906137,4.565347674692334,0.8203167064391386,0.0007050619824822968
67,Ridge,Nodal exact net value,8322.493194441406,1513.9121599379941,6808.5810345034115,4.4973421937388185,0.818093914339379,0.0007050619824822968
67,Gradient Boosting,Uniform gross,5746.745390940648,1513.9121599379941,4232.8332310026535,2.795956953787873,0.7365618176986624,0.0007050619824822968
67,Gradient Boosting,Nodal gross,5746.3680040117915,1513.9121599379941,4232.455844073797,2.795707674510751,0.7365445166614694,0.0007050619824822968
67,Gradient Boosting,Uniform signed net,5715.127629502281,1513.9121599379941,4201.215469564287,2.7750721480012137,0.7351044004471624,0.0007050619824822968
67,Gradient Boosting,Nodal signed linear,5714.7510473454295,1513.9121599379941,4200.838887407435,2.774823400308437,0.7350869447512985,0.0007050619824822968
67,Gradient Boosting,Nodal exact net value,5690.8736591502675,1513.9121599379941,4176.961499212273,2.75905142302533,0.7339754402201851,0.0007050619824822968
67,Extra Trees,Uniform gross,7455.903526426644,1513.9121599379941,5941.99136648865,3.924924790043313,0.796951213951187,0.0007050619824822968
67,Extra Trees,Nodal gross,7455.3455946224,1513.9121599379941,5941.433434684406,3.92455625359912,0.7969360184952404,0.0007050619824822968
67,Extra Trees,Uniform signed net,7245.076749836959,1513.9121599379941,5731.164589898965,3.7856652067143037,0.7910426331961131,0.0007050619824822968
67,Extra Trees,Nodal signed linear,7244.511280590503,1513.9121599379941,5730.599120652509,3.7852916914857326,0.791026323060043,0.0007050619824822968
67,Extra Trees,Nodal exact net value,7188.890544067359,1513.9121599379941,5674.978384129365,3.7485519532135845,0.7894094852804022,0.0007050619824822968
67,Metadata Gradient Boosting,Uniform gross,5207.838411323536,1513.9121599379941,3693.926251385542,2.4399871730582015,0.7093012416348679,0.0007050619824822968
67,Metadata Gradient Boosting,Nodal gross,5207.488418543747,1513.9121599379941,3693.5762586057526,2.4397559887206612,0.7092817039118152,0.0007050619824822968
67,Metadata Gradient Boosting,Uniform signed net,5195.1919557795145,1513.9121599379941,3681.2797958415204,2.431633679454887,0.7085936048515384,0.0007050619824822968
67,Metadata Gradient Boosting,Nodal signed linear,5194.841962999726,1513.9121599379941,3680.929803061732,2.4314024951173474,0.708573971889648,0.0007050619824822968
67,Metadata Gradient Boosting,Nodal exact net value,5170.9645748045805,1513.9121599379941,3657.0524148665863,2.415630517834251,0.7072282863211826,0.0007050619824822968
67,Ex-post Metadata Gradient Boosting,Uniform gross,7055.544861400928,1513.9121599379941,5541.632701462934,3.660471755303098,0.7854294473811345,0.0007050619824822968
67,Ex-post Metadata Gradient Boosting,Nodal gross,7055.147428284386,1513.9121599379941,5541.235268346391,3.6602092347110453,0.7854173601151613,0.0007050619824822968
67,Ex-post Metadata Gradient Boosting,Uniform signed net,7044.796725524403,1513.9121599379941,5530.884565586409,3.6533721783521043,0.7851020804542375,0.0007050619824822968
67,Ex-post Metadata Gradient Boosting,Nodal signed linear,7044.39929240786,1513.9121599379941,5530.487132469866,3.6531096577600515,0.7850899562763825,0.0007050619824822968
67,Ex-post Metadata Gradient Boosting,Nodal exact net value,7004.123884091878,1513.9121599379941,5490.211724153884,3.6265061272635184,0.783854171486534,0.0007050619824822968
67,Ex-post Quantile Gradient Boosting,Uniform gross,2509.9124708188365,1513.9121599379941,996.0003108808423,0.6578983492157404,0.3968267110748711,0.0007050619824822968
67,Ex-post Quantile Gradient Boosting,Nodal gross,2509.8513906493104,1513.9121599379941,995.9392307113162,0.6578580033019269,0.39681203214731453,0.0007050619824822968
67,Ex-post Quantile Gradient Boosting,Uniform signed net,2489.6047118693305,1513.9121599379941,975.6925519313363,0.6444842559236053,0.39190661364017637,0.0007050619824822968
67,Ex-post Quantile Gradient Boosting,Nodal signed linear,2489.5436316998052,1513.9121599379941,975.6314717618111,0.6444439100097924,0.3918916942603137,0.0007050619824822968
67,Ex-post Quantile Gradient Boosting,Nodal exact net value,2484.799070245863,1513.9121599379941,970.8869103078687,0.6413099359395024,0.39073055118770733,0.0007050619824822968
67,Synthetic Control,Uniform gross,7668.602301524581,1513.9121599379941,6154.690141586587,4.065420903838085,0.8025830392016787,0.0007050619824822968
67,Synthetic Control,Nodal gross,7716.74656555281,1513.9121599379941,6202.834405614816,4.097222130687468,0.8038147103734071,0.0007050619824822968
67,Synthetic Control,Uniform signed net,7489.544704796174,1513.9121599379941,5975.63254485818,3.9471461442670006,0.7978632587681183,0.0007050619824822968
67,Synthetic Control,Nodal signed linear,7537.686866766132,1513.9121599379941,6023.774706828138,3.9789459826221725,0.799154278136324,0.0007050619824822968
67,Synthetic Control,Nodal exact net value,7421.900105620942,1513.9121599379941,5907.987945682948,3.9024641600903207,0.7960209463353677,0.0007050619824822968
67,Feasible Quantile Projection,Uniform gross,310.3568774200025,1513.9121599379941,-1203.5552825179916,0.7949967735032171,0.0,0.0007050619824822968
67,Feasible Quantile Projection,Nodal gross,310.34047445804475,1513.9121599379941,-1203.5716854799493,0.7950076083207129,0.0,0.0007050619824822968
67,Feasible Quantile Projection,Uniform signed net,267.81968562160586,1513.9121599379941,-1246.0924743163882,0.823094303151264,0.0,0.0007050619824822968
67,Feasible Quantile Projection,Nodal signed linear,267.8037252764036,1513.9121599379941,-1246.1084346615905,0.8231048456025533,0.0,0.0007050619824822968
67,Feasible Quantile Projection,Nodal exact net value,267.27276062426245,1513.9121599379941,-1246.6393993137317,0.8234555691558688,0.0,0.0007050619824822968
67,Tail-Risk Feasible Counterfactual,Uniform gross,179.5248078460995,1513.9121599379941,-1334.3873520918946,0.8814166286546953,0.0,0.0007050619824822968
67,Tail-Risk Feasible Counterfactual,Nodal gross,179.51651987583608,1513.9121599379941,-1334.395640062158,0.8814221031931015,0.0,0.0007050619824822968
67,Tail-Risk Feasible Counterfactual,Uniform signed net,149.54944930144316,1513.9121599379941,-1364.362710636551,0.9012165611328676,0.0,0.0007050619824822968
67,Tail-Risk Feasible Counterfactual,Nodal signed linear,149.54147783539483,1513.9121599379941,-1364.3706821025994,0.9012218266074833,0.0,0.0007050619824822968
67,Tail-Risk Feasible Counterfactual,Nodal exact net value,149.01051318324608,1513.9121599379941,-1364.901646754748,0.9015725501608038,0.0,0.0007050619824822968
67,Single Feasible Projection,Uniform gross,42.03629564721837,1513.9121599379941,-1471.8758642907758,0.9722333324484691,0.0,0.0007050619824822968
67,Single Feasible Projection,Nodal gross,42.035356393033815,1513.9121599379941,-1471.8768035449602,0.9722339528637146,0.0,0.0007050619824822968
67,Single Feasible Projection,Uniform signed net,-4.511946372076636e-13,1513.9121599379941,-1513.9121599379946,1.0000000000000002,0.0,0.0007050619824822968
67,Single Feasible Projection,Nodal signed linear,-0.000145419443661865,1513.9121599379941,-1513.9123053574378,1.0000000960554036,0.0,0.0007050619824822968
67,Single Feasible Projection,Nodal exact net value,-0.00014541944983648136,1513.9121599379941,-1513.912305357444,1.0000000960554078,0.0,0.0007050619824822968
67,Risk-Constrained Convex Verifier,Uniform gross,42.03629564721837,1513.9121599379941,-1471.8758642907758,0.9722333324484691,0.0,0.0007050619824822968
67,Risk-Constrained Convex Verifier,Nodal gross,42.035356393033815,1513.9121599379941,-1471.8768035449602,0.9722339528637146,0.0,0.0007050619824822968
67,Risk-Constrained Convex Verifier,Uniform signed net,-4.511946372076636e-13,1513.9121599379941,-1513.9121599379946,1.0000000000000002,0.0,0.0007050619824822968
67,Risk-Constrained Convex Verifier,Nodal signed linear,-0.000145419443661865,1513.9121599379941,-1513.9123053574378,1.0000000960554036,0.0,0.0007050619824822968
67,Risk-Constrained Convex Verifier,Nodal exact net value,-0.00014541944983648136,1513.9121599379941,-1513.912305357444,1.0000000960554078,0.0,0.0007050619824822968
67,Trace-Anchored Reference,Uniform gross,1512.1722520754515,1513.9121599379941,-1.7399078625426228,0.0011492792703467582,0.0,0.0007050619824822968
67,Trace-Anchored Reference,Nodal gross,1512.1734142260118,1513.9121599379941,-1.7387457119823466,0.0011485116230611167,0.0,0.0007050619824822968
67,Trace-Anchored Reference,Uniform signed net,1508.6856481588259,1513.9121599379941,-5.226511779168277,0.003452321685151364,0.0,0.0007050619824822968
67,Trace-Anchored Reference,Nodal signed linear,1508.686810309386,1513.9121599379941,-5.225349628608228,0.0034515540378658722,0.0,0.0007050619824822968
67,Trace-Anchored Reference,Nodal exact net value,1507.5362121187936,1513.9121599379941,-6.375947819200519,0.00421157051771198,0.0,0.0007050619824822968
68,High-5-of-10,Uniform gross,10680.481916475062,106.54626016133625,10573.935656313726,99.24267299764708,0.9900242085521456,0.0003551969234154573
68,High-5-of-10,Nodal gross,12244.78961404197,106.54626016133625,12138.243353880634,113.92463081764167,0.9912986450956126,0.0003551969234154573
68,High-5-of-10,Uniform signed net,9374.58958122137,106.54626016133625,9268.043321060033,86.98609699698537,0.9886345680268752,0.0003551969234154573
68,High-5-of-10,Nodal signed linear,10956.645551245709,106.54626016133625,10850.099291084372,101.83463290644603,0.9902756496353738,0.0003551969234154573
68,High-5-of-10,Nodal exact net value,8781.464860278167,106.54626016133625,8674.918600116831,81.4192688413554,0.9878669149331469,0.0003551969234154573
68,Ridge,Uniform gross,6023.337163831045,106.54626016133625,5916.790903669708,55.53260053154646,0.9823110914658529,0.0003551969234154573
68,Ridge,Nodal gross,6022.82660489279,106.54626016133625,5916.280344731454,55.52780863235186,0.9823095919655431,0.0003551969234154573
68,Ridge,Uniform signed net,5323.666741106566,106.54626016133625,5217.12048094523,48.96577761664535,0.9799863016708688,0.0003551969234154573
68,Ridge,Nodal signed linear,5323.172155138939,106.54626016133625,5216.625894977603,48.96113563327701,0.9799844421603991,0.0003551969234154573
68,Ridge,Nodal exact net value,5311.386789685494,106.54626016133625,5204.840529524157,48.850522971362835,0.9799400299055145,0.0003551969234154573
68,Gradient Boosting,Uniform gross,5215.48718803578,106.54626016133625,5108.940927874443,47.95044819159582,0.9795711778554933,0.0003551969234154573
68,Gradient Boosting,Nodal gross,5215.064500614013,106.54626016133625,5108.518240452677,47.94648101882855,0.9795695220742157,0.0003551969234154573
68,Gradient Boosting,Uniform signed net,4304.711741514133,106.54626016133625,4198.165481352797,39.402279113277,0.9752489210522933,0.0003551969234154573
68,Gradient Boosting,Nodal signed linear,4304.292129962793,106.54626016133625,4197.745869801457,39.39834080938248,0.9752465081494696,0.0003551969234154573
68,Gradient Boosting,Nodal exact net value,4293.725670923472,106.54626016133625,4187.179410762135,39.299168308880624,0.9751855921110999,0.0003551969234154573
68,Extra Trees,Uniform gross,7324.353153632133,106.54626016133625,7217.806893470797,67.74340913084447,0.9854531508890311,0.0003551969234154573
68,Extra Trees,Nodal gross,7364.844652303211,106.54626016133625,7258.2983921418745,68.12344592058973,0.9855331286413467,0.0003551969234154573
68,Extra Trees,Uniform signed net,6147.631230181737,106.54626016133625,6041.084970020401,56.69917424480943,0.9826687294387066,0.0003551969234154573
68,Extra Trees,Nodal signed linear,6189.145712463397,106.54626016133625,6082.599452302061,57.088812343967454,0.9827849811409709,0.0003551969234154573
68,Extra Trees,Nodal exact net value,6093.052820109315,106.54626016133625,5986.5065599479785,56.18692341601658,0.9825134848971447,0.0003551969234154573
68,Metadata Gradient Boosting,Uniform gross,5130.474225429693,106.54626016133625,5023.927965268357,47.15255099203802,0.9792326682720226,0.0003551969234154573
68,Metadata Gradient Boosting,Nodal gross,5130.104746297319,106.54626016133625,5023.558486135983,47.149083210702344,0.9792311725724048,0.0003551969234154573
68,Metadata Gradient Boosting,Uniform signed net,4580.144310156471,106.54626016133625,4473.598049995135,41.98737753179744,0.9767373573961262,0.0003551969234154573
68,Metadata Gradient Boosting,Nodal signed linear,4579.793985978331,106.54626016133625,4473.247725816995,41.98408953109606,0.9767355779566631,0.0003551969234154573
68,Metadata Gradient Boosting,Nodal exact net value,4569.22752693903,106.54626016133625,4462.681266777694,41.884917030594394,0.9766817783677513,0.0003551969234154573
68,Ex-post Metadata Gradient Boosting,Uniform gross,5629.439232008154,106.54626016133625,5522.892971846818,51.83563424454177,0.9810733794663721,0.0003551969234154573
68,Ex-post Metadata Gradient Boosting,Nodal gross,5629.023796314144,106.54626016133625,5522.477536152808,51.8317351335511,0.9810719826355856,0.0003551969234154573
68,Ex-post Metadata Gradient Boosting,Uniform signed net,4953.8929384159055,106.54626016133625,4847.346678254569,45.495230624843515,0.9784924176832521,0.0003551969234154573
68,Ex-post Metadata Gradient Boosting,Nodal signed linear,4953.503728583295,106.54626016133625,4846.957468421959,45.491577659154984,0.978490727775871,0.0003551969234154573
68,Ex-post Metadata Gradient Boosting,Nodal exact net value,4942.126264594182,106.54626016133625,4835.580004432846,45.38479339500639,0.9784412104310967,0.0003551969234154573
68,Ex-post Quantile Gradient Boosting,Uniform gross,1369.4002292945743,106.54626016133625,1262.853969133238,11.852635345632764,0.9221949449970357,0.0003551969234154573
68,Ex-post Quantile Gradient Boosting,Nodal gross,1369.3285125420412,106.54626016133625,1262.782252380705,11.851962241270165,0.9221908700611643,0.0003551969234154573
68,Ex-post Quantile Gradient Boosting,Uniform signed net,556.6629892374015,106.54626016133625,450.1167290760652,4.224613124801208,0.8085982682137735,0.0003551969234154573
68,Ex-post Quantile Gradient Boosting,Nodal signed linear,556.6039237908099,106.54626016133625,450.0576636294736,4.2240587604668605,0.8085779571302846,0.0003551969234154573
68,Ex-post Quantile Gradient Boosting,Nodal exact net value,552.9778742994458,106.54626016133625,446.4316141381096,4.190026130078207,0.8073227427113298,0.0003551969234154573
68,Synthetic Control,Uniform gross,5812.214219379676,106.54626016133625,5705.66795921834,53.55108617213414,0.9816685593235571,0.0003551969234154573
68,Synthetic Control,Nodal gross,5952.48580037953,106.54626016133625,5845.9395402181935,54.867618360006794,0.9821005435822219,0.0003551969234154573
68,Synthetic Control,Uniform signed net,4604.7851828490375,106.54626016133625,4498.238922687701,42.21864677255028,0.9768618391671824,0.0003551969234154573
68,Synthetic Control,Nodal signed linear,4747.246629993202,106.54626016133625,4640.700369831866,43.55573215619908,0.9775561986840593,0.0003551969234154573
68,Synthetic Control,Nodal exact net value,4535.418857807519,106.54626016133625,4428.872597646183,41.56760256943624,0.9765079558246486,0.0003551969234154573
68,Feasible Quantile Projection,Uniform gross,567.5535273660665,106.54626016133625,461.0072672047303,4.326827300241756,0.8122709929126827,0.0003551969234154573
68,Feasible Quantile Projection,Nodal gross,567.5314612200659,106.54626016133625,460.9852010587297,4.3266201963418425,0.8122636938359583,0.0003551969234154573
68,Feasible Quantile Projection,Uniform signed net,-67.19194216576437,106.54626016133625,-173.73820232710062,1.6306363270190796,0.0,0.0003551969234154573
68,Feasible Quantile Projection,Nodal signed linear,-67.192065831905,106.54626016133625,-173.73832599324123,1.6306374876993364,0.0,0.0003551969234154573
68,Feasible Quantile Projection,Nodal exact net value,-67.2110958955891,106.54626016133625,-173.75735605692535,1.6308160961615696,0.0,0.0003551969234154573
68,Tail-Risk Feasible Counterfactual,Uniform gross,459.06030935968477,106.54626016133625,352.5140491983485,3.3085539432783357,0.7679035673766893,0.0003551969234154573
68,Tail-Risk Feasible Counterfactual,Nodal gross,459.03654400243033,106.54626016133625,352.4902838410941,3.3083308912705185,0.7678915512208715,0.0003551969234154573
68,Tail-Risk Feasible Counterfactual,Uniform signed net,-5.6975570835659965,106.54626016133625,-112.24381724490225,1.0534749607817162,0.0,0.0003551969234154573
68,Tail-Risk Feasible Counterfactual,Nodal signed linear,-5.701917378992501,106.54626016133625,-112.24817754032875,1.0535158847467612,0.0,0.0003551969234154573
68,Tail-Risk Feasible Counterfactual,Nodal exact net value,-5.7019173790104105,106.54626016133625,-112.24817754034666,1.0535158847469293,0.0,0.0003551969234154573
68,Single Feasible Projection,Uniform gross,397.8293228775427,106.54626016133625,291.2830627162065,2.73386472950937,0.7321809780368235,0.0003551969234154573
68,Single Feasible Projection,Nodal gross,397.8073083782085,106.54626016133625,291.26104821687227,2.7336581103441278,0.7321661570379214,0.0003551969234154573
68,Single Feasible Projection,Uniform signed net,-0.007026771348176197,106.54626016133625,-106.55328693268443,1.0000659504269558,0.0,0.0003551969234154573
68,Single Feasible Projection,Nodal signed linear,-0.010386934117779134,106.54626016133625,-106.55664709545403,1.0000974875523745,0.0,0.0003551969234154573
68,Single Feasible Projection,Nodal exact net value,-0.010386934118287172,106.54626016133625,-106.55664709545454,1.0000974875523791,0.0,0.0003551969234154573
68,Risk-Constrained Convex Verifier,Uniform gross,397.8293228775424,106.54626016133625,291.28306271620613,2.7338647295093668,0.7321809780368232,0.0003551969234154573
68,Risk-Constrained Convex Verifier,Nodal gross,397.8073083782082,106.54626016133625,291.2610482168719,2.7336581103441246,0.7321661570379212,0.0003551969234154573
68,Risk-Constrained Convex Verifier,Uniform signed net,-0.007026771348499494,106.54626016133625,-106.55328693268476,1.000065950426959,0.0,0.0003551969234154573
68,Risk-Constrained Convex Verifier,Nodal signed linear,-0.010386934118102431,106.54626016133625,-106.55664709545435,1.0000974875523774,0.0,0.0003551969234154573
68,Risk-Constrained Convex Verifier,Nodal exact net value,-0.010386934118287172,106.54626016133625,-106.55664709545454,1.0000974875523791,0.0,0.0003551969234154573
68,Trace-Anchored Reference,Uniform gross,558.2106008291056,106.54626016133625,451.66434066776935,4.239138379740806,0.8091289201547158,0.0003551969234154573
68,Trace-Anchored Reference,Nodal gross,558.1904707717356,106.54626016133625,451.64421061039934,4.238949447183816,0.8091220367591927,0.0003551969234154573
68,Trace-Anchored Reference,Uniform signed net,106.13859788818161,106.54626016133625,-0.4076622731546422,0.0038261528141611454,0.0,0.0003551969234154573
68,Trace-Anchored Reference,Nodal signed linear,106.13477404709792,106.54626016133625,-0.41148611423832904,0.003862041836243165,0.0,0.0003551969234154573
68,Trace-Anchored Reference,Nodal exact net value,106.12752538154746,106.54626016133625,-0.41873477978879237,0.003930074872217277,0.0,0.0003551969234154573
69,High-5-of-10,Uniform gross,9915.938812042024,209.92768379974223,9706.011128242282,46.23502223509123,0.978829267931262,0.0
69,High-5-of-10,Nodal gross,11421.678527459399,209.92768379974223,11211.750843659656,53.407681353522484,0.9816202423054505,0.0
69,High-5-of-10,Uniform signed net,6339.982083496214,209.92768379974223,6130.054399696472,29.200790904472402,0.9668882843776151,0.0
69,High-5-of-10,Nodal signed linear,7995.837067355649,209.92768379974223,7785.909383555907,37.088530881821065,0.9737453774968968,0.0
69,High-5-of-10,Nodal exact net value,5960.413578224277,209.92768379974223,5750.485894424535,27.392699192118634,0.9647796782816062,0.0
69,Ridge,Uniform gross,5558.3794127204965,209.92768379974223,5348.451728920754,25.47759129292752,0.9622322140659709,0.0
69,Ridge,Nodal gross,5557.895570129839,209.92768379974223,5347.967886330097,25.475286486901467,0.9622289261914221,0.0
69,Ridge,Uniform signed net,2642.0001825476393,209.92768379974223,2432.072498747897,11.585287155685197,0.9205421387982978,0.0
69,Ridge,Nodal signed linear,2641.5193095648533,209.92768379974223,2431.591625765111,11.582996495520316,0.9205276739641459,0.0
69,Ridge,Nodal exact net value,2640.9239387358684,209.92768379974223,2430.996254936126,11.580160419695495,0.9205097576947906,0.0
69,Gradient Boosting,Uniform gross,4933.974408558775,209.92768379974223,4724.046724759033,22.50320986376183,0.9574526200550232,0.0
69,Gradient Boosting,Nodal gross,4933.55765781456,209.92768379974223,4723.629974014818,22.50122465277549,0.957449025964615,0.0
69,Gradient Boosting,Uniform signed net,2604.3018165830117,209.92768379974223,2394.3741327832695,11.405709287334163,0.9193919527825009,0.0
69,Gradient Boosting,Nodal signed linear,2603.971026662488,209.92768379974223,2394.0433428627457,11.404133554612606,0.9193817129106822,0.0
69,Gradient Boosting,Nodal exact net value,2603.490977661444,209.92768379974223,2393.563293861702,11.401846819521957,0.9193668479741354,0.0
69,Extra Trees,Uniform gross,6269.7166543830335,209.92768379974223,6059.788970583291,28.866078360412665,0.9665171976068511,0.0
69,Extra Trees,Nodal gross,6285.805707391573,209.92768379974223,6075.878023591831,28.942719290838436,0.966602899680325,0.0
69,Extra Trees,Uniform signed net,3030.7787770635455,209.92768379974223,2820.8510932638033,13.437251543987488,0.9307347387448923,0.0
69,Extra Trees,Nodal signed linear,3049.0170858009355,209.92768379974223,2839.0894020011933,13.524130551116382,0.9311490628316381,0.0
69,Extra Trees,Nodal exact net value,3023.545691697589,209.92768379974223,2813.618007897847,13.402796415273466,0.9305690387361479,0.0
69,Metadata Gradient Boosting,Uniform gross,5796.793670496354,209.92768379974223,5586.865986696612,26.613288374229526,0.9637855518528803,0.0
69,Metadata Gradient Boosting,Nodal gross,5796.3952869462055,209.92768379974223,5586.467603146463,26.611390656201404,0.963783062850715,0.0
69,Metadata Gradient Boosting,Uniform signed net,2626.098110105933,209.92768379974223,2416.1704263061906,11.509536915631694,0.9200609897277319,0.0
69,Metadata Gradient Boosting,Nodal signed linear,2625.700238864159,209.92768379974223,2415.772555064417,11.507641638007646,0.9200488766034641,0.0
69,Metadata Gradient Boosting,Nodal exact net value,2611.002248477227,209.92768379974223,2401.074564677485,11.43762709718628,0.9195988115589808,0.0
69,Ex-post Metadata Gradient Boosting,Uniform gross,5891.695844851761,209.92768379974223,5681.7681610520185,27.065359166597897,0.9643688864245802,0.0
69,Ex-post Metadata Gradient Boosting,Nodal gross,5891.262208807378,209.92768379974223,5681.334525007635,27.063293521721842,0.964366263737862,0.0
69,Ex-post Metadata Gradient Boosting,Uniform signed net,2695.6091652962787,209.92768379974223,2485.6814814965364,11.840655965450082,0.9221223586481355,0.0
69,Ex-post Metadata Gradient Boosting,Nodal signed linear,2695.182607888666,209.92768379974223,2485.254924088924,11.838624039979884,0.9221100332180483,0.0
69,Ex-post Metadata Gradient Boosting,Nodal exact net value,2694.942000019939,209.92768379974223,2485.0143162201966,11.837477893533773,0.9221030791021888,0.0
69,Ex-post Quantile Gradient Boosting,Uniform gross,894.3814814538664,209.92768379974223,684.4537976541242,3.2604265681654923,0.7652817190954209,0.0
69,Ex-post Quantile Gradient Boosting,Nodal gross,894.3468864845046,209.92768379974223,684.4192026847624,3.260261773466977,0.7652726397640571,0.0
69,Ex-post Quantile Gradient Boosting,Uniform signed net,-2445.1337172918843,209.92768379974223,-2655.0614010916265,12.647504859932564,0.0,0.0
69,Ex-post Quantile Gradient Boosting,Nodal signed linear,-2445.166585080833,209.92768379974223,-2655.0942688805753,12.6476614271292,0.0,0.0
69,Ex-post Quantile Gradient Boosting,Nodal exact net value,-2453.0859699737703,209.92768379974223,-2663.0136537735125,12.685385774626369,0.0,0.0
69,Synthetic Control,Uniform gross,7211.822426815795,209.92768379974223,7001.894743016052,33.35384174340445,0.970891174050658,0.0
69,Synthetic Control,Nodal gross,7219.577702362004,209.92768379974223,7009.650018562262,33.39078434861896,0.9709224427723715,0.0
69,Synthetic Control,Uniform signed net,3453.311212083488,209.92768379974223,3243.383528283746,15.450003875514243,0.9392097407655633,0.0
69,Synthetic Control,Nodal signed linear,3462.303522197494,209.92768379974223,3252.375838397752,15.49283915074447,0.9393676254973443,0.0
69,Synthetic Control,Nodal exact net value,3438.474825122623,209.92768379974223,3228.5471413228806,15.379330076364349,0.9389474419687642,0.0
69,Feasible Quantile Projection,Uniform gross,1018.1341484727282,209.92768379974223,808.2064646729859,3.8499279849339163,0.793811371404595,0.0
69,Feasible Quantile Projection,Nodal gross,1018.0684744691799,209.92768379974223,808.1407906694377,3.8496151438528377,0.7937980704989432,0.0
69,Feasible Quantile Projection,Uniform signed net,-65.08535863388839,209.92768379974223,-275.01304243363063,1.3100370444518206,0.0,0.0
69,Feasible Quantile Projection,Nodal signed linear,-65.09552657051994,209.92768379974223,-275.0232103702622,1.3100854798770465,0.0,0.0
69,Feasible Quantile Projection,Nodal exact net value,-65.09552657051972,209.92768379974223,-275.02321037026195,1.3100854798770454,0.0,0.0
69,Tail-Risk Feasible Counterfactual,Uniform gross,1204.816803424575,209.92768379974223,994.8891196248328,4.739199240505575,0.8257596647033448,0.0
69,Tail-Risk Feasible Counterfactual,Nodal gross,1204.7372163139287,209.92768379974223,994.8095325141865,4.738820123710658,0.8257481540729298,0.0
69,Tail-Risk Feasible Counterfactual,Uniform signed net,-7.151462465504624,209.92768379974223,-217.07914626524686,1.0340663143424509,0.0,0.0
69,Tail-Risk Feasible Counterfactual,Nodal signed linear,-7.179402947950501,209.92768379974223,-217.10708674769273,1.0341994100920926,0.0,0.0
69,Tail-Risk Feasible Counterfactual,Nodal exact net value,-7.179402947956987,209.92768379974223,-217.1070867476992,1.0341994100921235,0.0,0.0
69,Single Feasible Projection,Uniform gross,1016.6007118097763,209.92768379974223,806.673028010034,3.842623390155389,0.7935003572582355,0.0
69,Single Feasible Projection,Nodal gross,1016.535037806228,209.92768379974223,806.6073540064858,3.842310549074311,0.7934870161949512,0.0
69,Single Feasible Projection,Uniform signed net,-0.2878228584783398,209.92768379974223,-210.21550665822056,1.001371057181543,0.0,0.0
69,Single Feasible Projection,Nodal signed linear,-0.29799079510989424,209.92768379974223,-210.2256745948521,1.001419492606769,0.0,0.0
69,Single Feasible Projection,Nodal exact net value,-0.29799079510121373,209.92768379974223,-210.22567459484344,1.0014194926067277,0.0,0.0
69,Risk-Constrained Convex Verifier,Uniform gross,1016.6007118097763,209.92768379974223,806.673028010034,3.842623390155389,0.7935003572582355,0.0
69,Risk-Constrained Convex Verifier,Nodal gross,1016.535037806228,209.92768379974223,806.6073540064858,3.842310549074311,0.7934870161949512,0.0
69,Risk-Constrained Convex Verifier,Uniform signed net,-0.2878228584783398,209.92768379974223,-210.21550665822056,1.001371057181543,0.0,0.0
69,Risk-Constrained Convex Verifier,Nodal signed linear,-0.29799079510989424,209.92768379974223,-210.2256745948521,1.001419492606769,0.0,0.0
69,Risk-Constrained Convex Verifier,Nodal exact net value,-0.29799079510121373,209.92768379974223,-210.22567459484344,1.0014194926067277,0.0,0.0
69,Trace-Anchored Reference,Uniform gross,1231.7916531683545,209.92768379974223,1021.8639693686123,4.8676951551726075,0.8295753317862022,0.0
69,Trace-Anchored Reference,Nodal gross,1231.728624107851,209.92768379974223,1021.8009403081087,4.867394913397141,0.8295666109474445,0.0
69,Trace-Anchored Reference,Uniform signed net,209.47194920597644,209.92768379974223,-0.45573459376578285,0.002170912313787661,0.0,0.0
69,Trace-Anchored Reference,Nodal signed linear,209.4598577036268,209.92768379974223,-0.4678260961154308,0.0022285107311606762,0.0,0.0
69,Trace-Anchored Reference,Nodal exact net value,209.45985770361585,209.92768379974223,-0.46782609612637316,0.0022285107312128008,0.0,0.0
70,High-5-of-10,Uniform gross,9945.572946532582,108.51109470234223,9837.06185183024,90.65489458763984,0.9890895079362749,0.0003957472040025528
70,High-5-of-10,Nodal gross,11448.530910181766,108.51109470234223,11340.019815479423,104.50562540711928,0.9905218324033316,0.0003957472040025528
70,High-5-of-10,Uniform signed net,7815.434823562405,108.51109470234223,7706.9237288600625,71.02429249286439,0.9861157955824548,0.0003957472040025528
70,High-5-of-10,Nodal signed linear,9384.6082216315,108.51109470234223,9276.097126929159,85.48524141586171,0.988437333542361,0.0003957472040025528
70,High-5-of-10,Nodal exact net value,7302.749769406804,108.51109470234223,7194.238674704462,66.2995677487085,0.985141063554317,0.0003957472040025528
70,Ridge,Uniform gross,6944.440876782809,108.51109470234223,6835.929782080467,62.99751929360005,0.9843743943353129,0.0003957472040025528
70,Ridge,Nodal gross,6943.926584171066,108.51109470234223,6835.4154894687235,62.992779754171806,0.9843732370457808,0.0003957472040025528
70,Ridge,Uniform signed net,5464.2192051822285,108.51109470234223,5355.708110479886,49.356318127387595,0.980141518737127,0.0003957472040025528
70,Ridge,Nodal signed linear,5463.718614574134,108.51109470234223,5355.207519871792,49.3517048607952,0.9801396992859597,0.0003957472040025528
70,Ridge,Nodal exact net value,5430.905618942121,108.51109470234223,5322.394524239779,49.049311859212985,0.9800197053095762,0.0003957472040025528
70,Gradient Boosting,Uniform gross,5135.86940789662,108.51109470234223,5027.358313194278,46.330362134718754,0.9788719131885437,0.0003957472040025528
70,Gradient Boosting,Nodal gross,5135.430112057424,108.51109470234223,5026.919017355081,46.3263137391109,0.9788701058461354,0.0003957472040025528
70,Gradient Boosting,Uniform signed net,3496.121714633019,108.51109470234223,3387.610619930677,31.219025383747738,0.9689624379356792,0.0003957472040025528
70,Gradient Boosting,Nodal signed linear,3495.699266872759,108.51109470234223,3387.1881721704167,31.215132254096627,0.9689586871128603,0.0003957472040025528
70,Gradient Boosting,Nodal exact net value,3484.9663183812445,108.51109470234223,3376.4552236789023,31.11622118402627,0.9688630865297013,0.0003957472040025528
70,Extra Trees,Uniform gross,8578.159156322954,108.51109470234223,8469.648061620612,78.05329109298712,0.9873503052665608,0.0003957472040025528
70,Extra Trees,Nodal gross,9027.501552861138,108.51109470234223,8918.990458158796,82.19427223201977,0.9879799417295086,0.0003957472040025528
70,Extra Trees,Uniform signed net,6813.291480021722,108.51109470234223,6704.78038531938,61.78889268153937,0.984073616251334,0.0003957472040025528
70,Extra Trees,Nodal signed linear,7279.644566104889,108.51109470234223,7171.133471402547,66.0866383393675,0.9850939020831339,0.0003957472040025528
70,Extra Trees,Nodal exact net value,6614.277663783334,108.51109470234223,6505.766569080992,59.954851500918124,0.9835944149583411,0.0003957472040025528
70,Metadata Gradient Boosting,Uniform gross,5929.3657781073025,108.51109470234223,5820.85468340496,53.64294498523123,0.9816993758248155,0.0003957472040025528
70,Metadata Gradient Boosting,Nodal gross,5928.954529693791,108.51109470234223,5820.443434991449,53.63915506481213,0.9816981064437432,0.0003957472040025528
70,Metadata Gradient Boosting,Uniform signed net,4257.2006405137,108.51109470234223,4148.689545811358,38.23286049405054,0.9745111626476575,0.0003957472040025528
70,Metadata Gradient Boosting,Nodal signed linear,4256.806281937363,108.51109470234223,4148.29518723502,38.22922622441739,0.9745088013136091,0.0003957472040025528
70,Metadata Gradient Boosting,Nodal exact net value,4236.726321738744,108.51109470234223,4128.215227036402,38.04417638915677,0.9743879858027248,0.0003957472040025528
70,Ex-post Metadata Gradient Boosting,Uniform gross,4380.302242000993,108.51109470234223,4271.791147298651,39.367321461613116,0.9752274868930568,0.0003957472040025528
70,Ex-post Metadata Gradient Boosting,Nodal gross,4379.991819413937,108.51109470234223,4271.480724711595,39.364460716470816,0.975225731193977,0.0003957472040025528
70,Ex-post Metadata Gradient Boosting,Uniform signed net,2730.9107998954346,108.51109470234223,2622.3997051930924,24.167111320613074,0.9602656027042344,0.0003957472040025528
70,Ex-post Metadata Gradient Boosting,Nodal signed linear,2730.6222474832475,108.51109470234223,2622.1111527809053,24.1644521232934,0.9602614038604738,0.0003957472040025528
70,Ex-post Metadata Gradient Boosting,Nodal exact net value,2719.889298991722,108.51109470234223,2611.37820428938,24.065541053222947,0.9601045914837166,0.0003957472040025528
70,Ex-post Quantile Gradient Boosting,Uniform gross,916.5341843910177,108.51109470234223,808.0230896886754,7.446455976738331,0.8816071494655255,0.0003957472040025528
70,Ex-post Quantile Gradient Boosting,Nodal gross,916.4950432134718,108.51109470234223,807.9839485111296,7.4460952654428345,0.8816020932073196,0.0003957472040025528
70,Ex-post Quantile Gradient Boosting,Uniform signed net,-996.052177182519,108.51109470234223,-1104.5632718848613,10.179265769226628,0.0,0.0003957472040025528
70,Ex-post Quantile Gradient Boosting,Nodal signed linear,-996.0874559354968,108.51109470234223,-1104.598550637839,10.179590885778762,0.0,0.0003957472040025528
70,Ex-post Quantile Gradient Boosting,Nodal exact net value,-997.6278663414996,108.51109470234223,-1106.1389610438418,10.193786765105463,0.0,0.0003957472040025528
70,Synthetic Control,Uniform gross,5464.497601616175,108.51109470234223,5355.986506913833,49.35888373079166,0.9801425304550871,0.0003957472040025528
70,Synthetic Control,Nodal gross,5464.0518318227,108.51109470234223,5355.540737120357,49.354775673503156,0.980140910437494,0.0003957472040025528
70,Synthetic Control,Uniform signed net,3076.3919512289963,108.51109470234223,2967.880856526654,27.350943833604067,0.9647278056819149,0.0003957472040025528
70,Synthetic Control,Nodal signed linear,3075.9361669725436,108.51109470234223,2967.4250722702013,27.346743486554733,0.964722579139494,0.0003957472040025528
70,Synthetic Control,Nodal exact net value,3064.985079600592,108.51109470234223,2956.47398489825,27.245822125453444,0.9645965341154343,0.0003957472040025528
70,Feasible Quantile Projection,Uniform gross,773.337359461365,108.51109470234223,664.8262647590228,6.1268045132409155,0.8596846597739427,0.0003957472040025528
70,Feasible Quantile Projection,Nodal gross,773.3161036363795,108.51109470234223,664.8050089340372,6.126608627050255,0.859680802983297,0.0003957472040025528
70,Feasible Quantile Projection,Uniform signed net,4.340207124658792,108.51109470234223,-104.17088757768344,0.9600021810067952,0.0,0.0003957472040025528
70,Feasible Quantile Projection,Nodal signed linear,4.331091905532102,108.51109470234223,-104.18000279681013,0.9600861836532683,0.0,0.0003957472040025528
70,Feasible Quantile Projection,Nodal exact net value,4.33109190552932,108.51109470234223,-104.18000279681291,0.9600861836532939,0.0,0.0003957472040025528
70,Tail-Risk Feasible Counterfactual,Uniform gross,798.374162424365,108.51109470234223,689.8630677220227,6.357534864194231,0.8640849118002085,0.0003957472040025528
70,Tail-Risk Feasible Counterfactual,Nodal gross,798.3540168538069,108.51109470234223,689.8429221514647,6.357349209717025,0.8640814821349956,0.0003957472040025528
70,Tail-Risk Feasible Counterfactual,Uniform signed net,17.42678962997804,108.51109470234223,-91.0843050723642,0.8394008494911823,0.0,0.0003957472040025528
70,Tail-Risk Feasible Counterfactual,Nodal signed linear,17.4202110477582,108.51109470234223,-91.09088365458403,0.839461475386054,0.0,0.0003957472040025528
70,Tail-Risk Feasible Counterfactual,Nodal exact net value,17.420211047734483,108.51109470234223,-91.09088365460775,0.8394614753862725,0.0,0.0003957472040025528
70,Single Feasible Projection,Uniform gross,679.6003886714781,108.51109470234223,571.0892939691358,5.262957631527874,0.8403310290706779,0.0003957472040025528
70,Single Feasible Projection,Nodal gross,679.583657979514,108.51109470234223,571.0725632771718,5.262803447368087,0.84032709817514,0.0003957472040025528
70,Single Feasible Projection,Uniform signed net,4.340207124658792,108.51109470234223,-104.17088757768344,0.9600021810067952,0.0,0.0003957472040025528
70,Single Feasible Projection,Nodal signed linear,4.337616805712091,108.51109470234223,-104.17347789663015,0.9600260524731536,0.0,0.0003957472040025528
70,Single Feasible Projection,Nodal exact net value,4.337616805714788,108.51109470234223,-104.17347789662745,0.9600260524731288,0.0,0.0003957472040025528
70,Risk-Constrained Convex Verifier,Uniform gross,679.6003886714781,108.51109470234223,571.0892939691358,5.262957631527874,0.8403310290706779,0.0003957472040025528
70,Risk-Constrained Convex Verifier,Nodal gross,679.583657979514,108.51109470234223,571.0725632771718,5.262803447368087,0.84032709817514,0.0003957472040025528
70,Risk-Constrained Convex Verifier,Uniform signed net,4.340207124658792,108.51109470234223,-104.17088757768344,0.9600021810067952,0.0,0.0003957472040025528
70,Risk-Constrained Convex Verifier,Nodal signed linear,4.337616805712091,108.51109470234223,-104.17347789663015,0.9600260524731536,0.0,0.0003957472040025528
70,Risk-Constrained Convex Verifier,Nodal exact net value,4.337616805714788,108.51109470234223,-104.17347789662745,0.9600260524731288,0.0,0.0003957472040025528
70,Trace-Anchored Reference,Uniform gross,772.8188360073831,108.51109470234223,664.3077413050408,6.1220259838619215,0.8595905150773194,0.0003957472040025528
70,Trace-Anchored Reference,Nodal gross,772.8030653370771,108.51109470234223,664.2919706347349,6.1218806469233416,0.8595876497267613,0.0003957472040025528
70,Trace-Anchored Reference,Uniform signed net,107.86737537478045,108.51109470234223,-0.643719327561783,0.005932290419957289,0.0,0.0003957472040025528
70,Trace-Anchored Reference,Nodal signed linear,107.86468891056663,108.51109470234223,-0.6464057917756065,0.005957047927207518,0.0,0.0003957472040025528
70,Trace-Anchored Reference,Nodal exact net value,107.86288763819175,108.51109470234223,-0.6482070641504833,0.0059736478184888465,0.0,0.0003957472040025528
71,High-5-of-10,Uniform gross,9494.206340308207,2144.7637192509137,7349.442621057293,3.426691040644878,0.7740976293989742,1.942890293094024e-16
71,High-5-of-10,Nodal gross,10771.318742671006,2144.7637192509137,8626.555023420093,4.022147029992203,0.8008819745762098,1.942890293094024e-16
71,High-5-of-10,Uniform signed net,6139.476396947921,2144.7637192509137,3994.712677697007,1.8625420795033831,0.6506601572216929,1.942890293094024e-16
71,High-5-of-10,Nodal signed linear,7514.851709798273,2144.7637192509137,5370.087990547359,2.503813330273477,0.7145966677619927,1.942890293094024e-16
71,High-5-of-10,Nodal exact net value,5772.3870510660745,2144.7637192509137,3627.623331815161,1.6913860017560138,0.6284442293496574,1.942890293094024e-16
71,Ridge,Uniform gross,5629.100340876893,2144.7637192509137,3484.336621625979,1.6245783115181232,0.6189864117936819,1.942890293094024e-16
71,Ridge,Nodal gross,5628.726087471742,2144.7637192509137,3483.9623682208285,1.6244038151846616,0.6189610782403024,1.942890293094024e-16
71,Ridge,Uniform signed net,3029.7249861902806,2144.7637192509137,884.9612669393669,0.41261480646849574,0.29209293614868953,1.942890293094024e-16
71,Ridge,Nodal signed linear,3029.3548700665697,2144.7637192509137,884.591150815656,0.4124422391500593,0.29200644650661783,1.942890293094024e-16
71,Ridge,Nodal exact net value,3016.119983158642,2144.7637192509137,871.3562639077281,0.4062714489650452,0.28889973501491717,1.942890293094024e-16
71,Gradient Boosting,Uniform gross,3949.684499395869,2144.7637192509137,1804.9207801449552,0.8415476091582466,0.45697847015907983,1.942890293094024e-16
71,Gradient Boosting,Nodal gross,3949.3802398408475,2144.7637192509137,1804.6165205899338,0.8414057475852021,0.4569366358764828,1.942890293094024e-16
71,Gradient Boosting,Uniform signed net,948.098236573566,2144.7637192509137,-1196.6654826773477,0.5579474661643841,0.0,1.942890293094024e-16
71,Gradient Boosting,Nodal signed linear,947.7934966665673,2144.7637192509137,-1196.9702225843464,0.5580895517024148,0.0,1.942890293094024e-16
71,Gradient Boosting,Nodal exact net value,946.9802901584699,2144.7637192509137,-1197.7834290924438,0.5584687107215638,0.0,1.942890293094024e-16
71,Extra Trees,Uniform gross,4708.193908331422,2144.7637192509137,2563.430189080508,1.1952040059572713,0.5444614726985586,1.942890293094024e-16
71,Extra Trees,Nodal gross,4707.7662415880095,2144.7637192509137,2563.002522337096,1.1950046055573234,0.5444200902958494,1.942890293094024e-16
71,Extra Trees,Uniform signed net,1403.4182452488,2144.7637192509137,-741.3454740021136,0.34565368079847886,0.0,1.942890293094024e-16
71,Extra Trees,Nodal signed linear,1402.9935713066716,2144.7637192509137,-741.7701479442421,0.3458516857993639,0.0,1.942890293094024e-16
71,Extra Trees,Nodal exact net value,1402.6661629066657,2144.7637192509137,-742.097556344248,0.3460043405636473,0.0,1.942890293094024e-16
71,Metadata Gradient Boosting,Uniform gross,5150.88202869228,2144.7637192509137,3006.1183094413664,1.401608150333358,0.5836123391481688,1.942890293094024e-16
71,Metadata Gradient Boosting,Nodal gross,5150.528451937423,2144.7637192509137,3005.764732686509,1.4014432945258468,0.5835837547030461,1.942890293094024e-16
71,Metadata Gradient Boosting,Uniform signed net,2254.7088452690123,2144.7637192509137,109.94512601809856,0.051262115743219636,0.04876244941726871,1.942890293094024e-16
71,Metadata Gradient Boosting,Nodal signed linear,2254.3553001043047,2144.7637192509137,109.59158085339095,0.051097274664673654,0.048613269101068654,1.942890293094024e-16
71,Metadata Gradient Boosting,Nodal exact net value,2253.051602236068,2144.7637192509137,108.28788298515428,0.050489423153323026,0.04806276202359621,1.942890293094024e-16
71,Ex-post Metadata Gradient Boosting,Uniform gross,5036.360000669228,2144.7637192509137,2891.596281418314,1.348212045673843,0.5741440804537564,1.942890293094024e-16
71,Ex-post Metadata Gradient Boosting,Nodal gross,5036.016756388633,2144.7637192509137,2891.2530371377197,1.348052007401322,0.5741150550124579,1.942890293094024e-16
71,Ex-post Metadata Gradient Boosting,Uniform signed net,2250.5359747643693,2144.7637192509137,105.77225551345555,0.049316507251622975,0.046998695732704245,1.942890293094024e-16
71,Ex-post Metadata Gradient Boosting,Nodal signed linear,2250.1901321374094,2144.7637192509137,105.42641288649565,0.049155257495365125,0.04685222434352837,1.942890293094024e-16
71,Ex-post Metadata Gradient Boosting,Nodal exact net value,2248.8864342691595,2144.7637192509137,104.1227150182458,0.04854740598400834,0.04629967677851349,1.942890293094024e-16
71,Ex-post Quantile Gradient Boosting,Uniform gross,908.3371120042303,2144.7637192509137,-1236.4266072466835,0.5764861630905065,0.0,1.942890293094024e-16
71,Ex-post Quantile Gradient Boosting,Nodal gross,908.3016643401336,2144.7637192509137,-1236.4620549107801,0.5765026906286117,0.0,1.942890293094024e-16
71,Ex-post Quantile Gradient Boosting,Uniform signed net,-1997.6775375584705,2144.7637192509137,-4142.441256809384,1.9314207992366565,0.0,1.942890293094024e-16
71,Ex-post Quantile Gradient Boosting,Nodal signed linear,-1997.7023259435887,2144.7637192509137,-4142.466045194502,1.9314323568664764,0.0,1.942890293094024e-16
71,Ex-post Quantile Gradient Boosting,Nodal exact net value,-2004.788652784031,2144.7637192509137,-4149.552372034945,1.9347363696940143,0.0,1.942890293094024e-16
71,Synthetic Control,Uniform gross,7801.113164100796,2144.7637192509137,5656.349444849882,2.6372832559968122,0.7250695286512829,1.942890293094024e-16
71,Synthetic Control,Nodal gross,7808.851003991301,2144.7637192509137,5664.087284740387,2.640891037973471,0.7253419589956741,1.942890293094024e-16
71,Synthetic Control,Uniform signed net,4434.352379916404,2144.7637192509137,2289.5886606654904,1.0675248933552264,0.5163298864193228,1.942890293094024e-16
71,Synthetic Control,Nodal signed linear,4443.612825749732,2144.7637192509137,2298.8491064988184,1.071842593132693,0.517337850223473,1.942890293094024e-16
71,Synthetic Control,Nodal exact net value,4389.952203576911,2144.7637192509137,2245.1884843259977,1.04682323007131,0.5114380248825099,1.942890293094024e-16
71,Feasible Quantile Projection,Uniform gross,988.893874187108,2144.7637192509137,-1155.8698450638058,0.5389264256425916,0.0,1.942890293094024e-16
71,Feasible Quantile Projection,Nodal gross,988.8292990214525,2144.7637192509137,-1155.9344202294612,0.5389565339314795,0.0,1.942890293094024e-16
71,Feasible Quantile Projection,Uniform signed net,-1.7319479184152442e-13,2144.7637192509137,-2144.7637192509137,1.0,0.0,1.942890293094024e-16
71,Feasible Quantile Projection,Nodal signed linear,-0.009997809740511343,2144.7637192509137,-2144.7737170606542,1.0000046614970455,0.0,1.942890293094024e-16
71,Feasible Quantile Projection,Nodal exact net value,-0.015296934660000261,2144.7637192509137,-2144.7790161855737,1.0000071322237143,0.0,1.942890293094024e-16
71,Tail-Risk Feasible Counterfactual,Uniform gross,1227.8066435726175,2144.7637192509137,-916.9570756782962,0.4275329107108149,0.0,1.942890293094024e-16
71,Tail-Risk Feasible Counterfactual,Nodal gross,1227.7243393319939,2144.7637192509137,-917.0393799189198,0.42757128521327636,0.0,1.942890293094024e-16
71,Tail-Risk Feasible Counterfactual,Uniform signed net,118.3147852530192,2144.7637192509137,-2026.4489339978945,0.9448355153572151,0.0,1.942890293094024e-16
71,Tail-Risk Feasible Counterfactual,Nodal signed linear,118.28147528450867,2144.7637192509137,-2026.4822439664051,0.9448510461908504,0.0,1.942890293094024e-16
71,Tail-Risk Feasible Counterfactual,Nodal exact net value,118.28147528451518,2144.7637192509137,-2026.4822439663985,0.9448510461908473,0.0,1.942890293094024e-16
71,Single Feasible Projection,Uniform gross,950.0685908917919,2144.7637192509137,-1194.6951283591218,0.5570287848660478,0.0,1.942890293094024e-16
71,Single Feasible Projection,Nodal gross,950.0058475774349,2144.7637192509137,-1194.7578716734788,0.5570580390509232,0.0,1.942890293094024e-16
71,Single Feasible Projection,Uniform signed net,0.0,2144.7637192509137,-2144.7637192509137,1.0,0.0,1.942890293094024e-16
71,Single Feasible Projection,Nodal signed linear,-0.009714194505718865,2144.7637192509137,-2144.7734334454194,1.0000045292609243,0.0,1.942890293094024e-16
71,Single Feasible Projection,Nodal exact net value,-0.009714194515254349,2144.7637192509137,-2144.773433445429,1.000004529260929,0.0,1.942890293094024e-16
71,Risk-Constrained Convex Verifier,Uniform gross,950.0685908917919,2144.7637192509137,-1194.6951283591218,0.5570287848660478,0.0,1.942890293094024e-16
71,Risk-Constrained Convex Verifier,Nodal gross,950.0058475774349,2144.7637192509137,-1194.7578716734788,0.5570580390509232,0.0,1.942890293094024e-16
71,Risk-Constrained Convex Verifier,Uniform signed net,0.0,2144.7637192509137,-2144.7637192509137,1.0,0.0,1.942890293094024e-16
71,Risk-Constrained Convex Verifier,Nodal signed linear,-0.009714194505718865,2144.7637192509137,-2144.7734334454194,1.0000045292609243,0.0,1.942890293094024e-16
71,Risk-Constrained Convex Verifier,Nodal exact net value,-0.009714194515254349,2144.7637192509137,-2144.773433445429,1.000004529260929,0.0,1.942890293094024e-16
71,Trace-Anchored Reference,Uniform gross,2665.865255505462,2144.7637192509137,521.1015362545481,0.2429645427033564,0.1954718210826243,1.942890293094024e-16
71,Trace-Anchored Reference,Nodal gross,2665.853933735413,2144.7637192509137,521.0902144844995,0.2429592639074,0.1954684042851306,1.942890293094024e-16
71,Trace-Anchored Reference,Uniform signed net,2137.6343595922826,2144.7637192509137,-7.129359658631074,0.0033240769575872417,0.0,1.942890293094024e-16
71,Trace-Anchored Reference,Nodal signed linear,2137.65079106664,2144.7637192509137,-7.112928184273642,0.003316415752667582,0.0,1.942890293094024e-16
71,Trace-Anchored Reference,Nodal exact net value,2136.3470931983975,2144.7637192509137,-8.416626052516222,0.0039242672640209695,0.0,1.942890293094024e-16
72,High-5-of-10,Uniform gross,10044.878570031513,373.0034644457446,9671.875105585768,25.929719231850715,0.962866304271852,6.711798771374955e-06
72,High-5-of-10,Nodal gross,11685.021251797674,373.0034644457446,11312.01778735193,30.326843757767094,0.9680784949887566,6.711798771374955e-06
72,High-5-of-10,Uniform signed net,8297.087172709327,373.0034644457446,7924.083708263583,21.24399493189207,0.9550440465814771,6.711798771374955e-06
72,High-5-of-10,Nodal signed linear,10011.552907645691,373.0034644457446,9638.549443199947,25.840375122311837,0.9627426965739864,6.711798771374955e-06
72,High-5-of-10,Nodal exact net value,7721.401179651035,373.0034644457446,7348.39771520529,19.700615183626947,0.9516922569146185,6.711798771374955e-06
72,Ridge,Uniform gross,5910.002160370639,373.0034644457446,5536.9986959248945,14.844362649962145,0.9368860696960638,6.711798771374955e-06
72,Ridge,Nodal gross,5909.56705934079,373.0034644457446,5536.563594895046,14.843196170099834,0.9368814228351691,6.711798771374955e-06
72,Ridge,Uniform signed net,4859.44965884718,373.0034644457446,4486.446194401436,12.027894167331558,0.9232416239220321,6.711798771374955e-06
72,Ridge,Nodal signed linear,4859.028794132973,373.0034644457446,4486.025329687229,12.026765854180814,0.9232349754963117,6.711798771374955e-06
72,Ridge,Nodal exact net value,4849.643503494364,373.0034644457446,4476.64003904862,12.001604450780567,0.9230864156969516,6.711798771374955e-06
72,Gradient Boosting,Uniform gross,3780.0089215477756,373.0034644457446,3407.005457102031,9.13397805075239,0.9013220677021542,6.711798771374955e-06
72,Gradient Boosting,Nodal gross,3779.682012257027,373.0034644457446,3406.6785478112824,9.133101626477794,0.9013135329278649,6.711798771374955e-06
72,Gradient Boosting,Uniform signed net,2091.0437462405366,373.0034644457446,1718.040281794792,4.605963336956326,0.8216185265772831,6.711798771374955e-06
72,Gradient Boosting,Nodal signed linear,2090.7207850998884,373.0034644457446,1717.7173206541438,4.605097497436234,0.8215909713510963,6.711798771374955e-06
72,Gradient Boosting,Nodal exact net value,2081.796553235632,373.0034644457446,1708.7930887898874,4.581172165060254,0.8208261686926112,6.711798771374955e-06
72,Extra Trees,Uniform gross,5963.9060388198095,373.0034644457446,5590.902574374065,14.988875727151033,0.9374565155758964,6.711798771374955e-06
72,Extra Trees,Nodal gross,6004.383887553573,373.0034644457446,5631.380423107828,15.097394420922177,0.937878145130104,6.711798771374955e-06
72,Extra Trees,Uniform signed net,3802.5563691872208,373.0034644457446,3429.552904741476,9.194426410589877,0.9019071834231684,6.711798771374955e-06
72,Extra Trees,Nodal signed linear,3844.570620127687,373.0034644457446,3471.5671556819425,9.307064106872126,0.902979161705877,6.711798771374955e-06
72,Extra Trees,Nodal exact net value,3777.900581588816,373.0034644457446,3404.8971171430712,9.128325717302639,0.9012669983261242,6.711798771374955e-06
72,Metadata Gradient Boosting,Uniform gross,3948.5483179236253,373.0034644457446,3575.5448534778807,9.585822101654939,0.9055340255676823,6.711798771374955e-06
72,Metadata Gradient Boosting,Nodal gross,3948.2260981134586,373.0034644457446,3575.222633667714,9.584958249597571,0.9055263160780045,6.711798771374955e-06
72,Metadata Gradient Boosting,Uniform signed net,2505.88916429313,373.0034644457446,2132.8856998473852,5.718139114382476,0.8511492568144119,6.711798771374955e-06
72,Metadata Gradient Boosting,Nodal signed linear,2505.5847158109177,373.0034644457446,2132.581251365173,5.717322906193459,0.8511311702645726,6.711798771374955e-06
72,Metadata Gradient Boosting,Nodal exact net value,2496.7209264816047,373.0034644457446,2123.71746203586,5.693559616642023,0.8506026602775411,6.711798771374955e-06
72,Ex-post Metadata Gradient Boosting,Uniform gross,6034.461311302252,373.0034644457446,5661.457846856508,15.178030196767777,0.9381877776319276,6.711798771374955e-06
72,Ex-post Metadata Gradient Boosting,Nodal gross,6034.069861231064,373.0034644457446,5661.06639678532,15.176980742517346,0.9381837676686022,6.711798771374955e-06
72,Ex-post Metadata Gradient Boosting,Uniform signed net,4589.739988362635,373.0034644457446,4216.73652391689,11.30481865679893,0.9187310249836589,6.711798771374955e-06
72,Ex-post Metadata Gradient Boosting,Nodal signed linear,4589.367659963747,373.0034644457446,4216.364195518003,11.303820466609356,0.9187244317556613,6.711798771374955e-06
72,Ex-post Metadata Gradient Boosting,Nodal exact net value,4572.481024982015,373.0034644457446,4199.47756053627,11.258548407255095,0.9184242728602221,6.711798771374955e-06
72,Ex-post Quantile Gradient Boosting,Uniform gross,1327.5067271401085,373.0034644457446,954.5032626943639,2.558966212586483,0.7190195297546113,6.711798771374955e-06
72,Ex-post Quantile Gradient Boosting,Nodal gross,1327.4090858957363,373.0034644457446,954.4056214499917,2.5587044422447054,0.7189988614594711,6.711798771374955e-06
72,Ex-post Quantile Gradient Boosting,Uniform signed net,-243.77125123893725,373.0034644457446,-616.7747156846818,1.6535361584406814,0.0,6.711798771374955e-06
72,Ex-post Quantile Gradient Boosting,Nodal signed linear,-243.85486557765697,373.0034644457446,-616.8583300234015,1.6537603234865583,0.0,6.711798771374955e-06
72,Ex-post Quantile Gradient Boosting,Nodal exact net value,-250.64442176877492,373.0034644457446,-623.6478862145195,1.6719627179367191,0.0,6.711798771374955e-06
72,Synthetic Control,Uniform gross,7076.26720882834,373.0034644457446,6703.263744382595,17.971049556719656,0.947288103538489,6.711798771374955e-06
72,Synthetic Control,Nodal gross,7084.17271685715,373.0034644457446,6711.169252411405,17.992243751364892,0.9473469268248974,6.711798771374955e-06
72,Synthetic Control,Uniform signed net,5104.475879783448,373.0034644457446,4731.472415337704,12.684794824542232,0.9269261970806748,6.711798771374955e-06
72,Synthetic Control,Nodal signed linear,5112.620437914117,373.0034644457446,4739.616973468373,12.706629898226524,0.9270426058465774,6.711798771374955e-06
72,Synthetic Control,Nodal exact net value,5089.838868608436,373.0034644457446,4716.835404162692,12.645553872191396,0.9267160564264142,6.711798771374955e-06
72,Feasible Quantile Projection,Uniform gross,675.032852790608,373.0034644457446,302.0293883448634,0.809722742907111,0.44742916896009427,6.711798771374955e-06
72,Feasible Quantile Projection,Nodal gross,675.003678569895,373.0034644457446,302.0002141241504,0.8096445285646346,0.4474052863889378,6.711798771374955e-06
72,Feasible Quantile Projection,Uniform signed net,0.0,373.0034644457446,-373.0034644457446,1.0,0.0,6.711798771374955e-06
72,Feasible Quantile Projection,Nodal signed linear,-0.004516880522881905,373.0034644457446,-373.0079813262675,1.0000121094867835,0.0,6.711798771374955e-06
72,Feasible Quantile Projection,Nodal exact net value,-0.00451688051543897,373.0034644457446,-373.00798132626005,1.0000121094867636,0.0,6.711798771374955e-06
72,Tail-Risk Feasible Counterfactual,Uniform gross,771.9699315529695,373.0034644457446,398.96646710722484,1.069605258760959,0.5168160711967438,6.711798771374955e-06
72,Tail-Risk Feasible Counterfactual,Nodal gross,771.9333772295871,373.0034644457446,398.9299127838425,1.0695072588042116,0.5167931903859022,6.711798771374955e-06
72,Tail-Risk Feasible Counterfactual,Uniform signed net,75.21212164419546,373.0034644457446,-297.79134280154915,0.7983607960425915,0.0,6.711798771374955e-06
72,Tail-Risk Feasible Counterfactual,Nodal signed linear,75.19835179681927,373.0034644457446,-297.80511264892533,0.7983977121806136,0.0,6.711798771374955e-06
72,Tail-Risk Feasible Counterfactual,Nodal exact net value,75.19835179683287,373.0034644457446,-297.80511264891175,0.7983977121805771,0.0,6.711798771374955e-06
72,Single Feasible Projection,Uniform gross,610.4877048429591,373.0034644457446,237.48424039721453,0.6366810580435183,0.38900740918001714,6.711798771374955e-06
72,Single Feasible Projection,Nodal gross,610.4605582453851,373.0034644457446,237.45709379964046,0.6366082796375203,0.38898023892346295,6.711798771374955e-06
72,Single Feasible Projection,Uniform signed net,0.0,373.0034644457446,-373.0034644457446,1.0,0.0,6.711798771374955e-06
72,Single Feasible Projection,Nodal signed linear,-0.0042029550352360445,373.0034644457446,-373.00766740077984,1.0000112678713091,0.0,6.711798771374955e-06
72,Single Feasible Projection,Nodal exact net value,-0.004202955031360034,373.0034644457446,-373.007667400776,1.0000112678712987,0.0,6.711798771374955e-06
72,Risk-Constrained Convex Verifier,Uniform gross,610.4877048429591,373.0034644457446,237.48424039721453,0.6366810580435183,0.38900740918001714,6.711798771374955e-06
72,Risk-Constrained Convex Verifier,Nodal gross,610.4605582453851,373.0034644457446,237.45709379964046,0.6366082796375203,0.38898023892346295,6.711798771374955e-06
72,Risk-Constrained Convex Verifier,Uniform signed net,0.0,373.0034644457446,-373.0034644457446,1.0,0.0,6.711798771374955e-06
72,Risk-Constrained Convex Verifier,Nodal signed linear,-0.0042029550352360445,373.0034644457446,-373.00766740077984,1.0000112678713091,0.0,6.711798771374955e-06
72,Risk-Constrained Convex Verifier,Nodal exact net value,-0.004202955031360034,373.0034644457446,-373.007667400776,1.0000112678712987,0.0,6.711798771374955e-06
72,Trace-Anchored Reference,Uniform gross,930.3225693299289,373.0034644457446,557.3191048841843,1.4941392185520823,0.5990600714820851,6.711798771374955e-06
72,Trace-Anchored Reference,Nodal gross,930.29694873752,373.0034644457446,557.2934842917754,1.4940705312747484,0.5990490295040339,6.711798771374955e-06
72,Trace-Anchored Reference,Uniform signed net,371.5508486847773,373.0034644457446,-1.4526157609673191,0.0038943760566025787,0.0,6.711798771374955e-06
72,Trace-Anchored Reference,Nodal signed linear,371.5467560269904,373.0034644457446,-1.4567084187542036,0.003905348227579505,0.0,6.711798771374955e-06
72,Trace-Anchored Reference,Nodal exact net value,371.4373094550974,373.0034644457446,-1.5661549906471919,0.004198767947033365,0.0,6.711798771374955e-06
73,High-5-of-10,Uniform gross,10073.254618461779,324.2351600110633,9749.019458450715,30.06774298665841,0.9678122739579301,5.551115123125783e-17
73,High-5-of-10,Nodal gross,11710.932636513959,324.2351600110633,11386.697476502895,35.118638817931924,0.9723134638312138,5.551115123125783e-17
73,High-5-of-10,Uniform signed net,7720.3906679047595,324.2351600110633,7396.155507893696,22.811084114509146,0.9580027521976349,5.551115123125783e-17
73,High-5-of-10,Nodal signed linear,9439.325740069711,324.2351600110633,9115.090580058648,28.112591428232616,0.9656506016489406,5.551115123125783e-17
73,High-5-of-10,Nodal exact net value,7147.921865425702,324.2351600110633,6823.686705414639,21.045486569629915,0.9546392411507211,5.551115123125783e-17
73,Ridge,Uniform gross,6347.925837872863,324.2351600110633,6023.6906778617995,18.578153824083312,0.948922660993199,5.551115123125783e-17
73,Ridge,Nodal gross,6347.442963586955,324.2351600110633,6023.207803575891,18.57666455226624,0.9489187753444834,5.551115123125783e-17
73,Ridge,Uniform signed net,4274.489892435138,324.2351600110633,3950.254732424075,12.183301565102587,0.9241464670240805,5.551115123125783e-17
73,Ridge,Nodal signed linear,4274.040286762351,324.2351600110633,3949.8051267512874,12.181914899718203,0.9241384876470885,5.551115123125783e-17
73,Ridge,Nodal exact net value,4269.718307510317,324.2351600110633,3945.4831474992534,12.168585132360812,0.9240616975970657,5.551115123125783e-17
73,Gradient Boosting,Uniform gross,4912.858689653404,324.2351600110633,4588.623529642341,14.152146637908647,0.9340027506400886,5.551115123125783e-17
73,Gradient Boosting,Nodal gross,4912.462110063304,324.2351600110633,4588.226950052241,14.150923514574067,0.9339974227288472,5.551115123125783e-17
73,Gradient Boosting,Uniform signed net,2515.7883489037913,324.2351600110633,2191.553188892728,6.759147246146746,0.8711198578559509,5.551115123125783e-17
73,Gradient Boosting,Nodal signed linear,2515.4046106838728,324.2351600110633,2191.1694506728095,6.757963727925263,0.8711001965115616,5.551115123125783e-17
73,Gradient Boosting,Nodal exact net value,2511.456599729696,324.2351600110633,2187.2214397186326,6.745787346578952,0.8708975659599453,5.551115123125783e-17
73,Extra Trees,Uniform gross,6562.1155732908455,324.2351600110633,6237.880413279782,19.23875378927732,0.9505898431093218,5.551115123125783e-17
73,Extra Trees,Nodal gross,6569.977884506397,324.2351600110633,6245.742724495333,19.26300258208339,0.9506489723845664,5.551115123125783e-17
73,Extra Trees,Uniform signed net,4182.476202527569,324.2351600110633,3858.2410425165053,11.899514668257625,0.9224777035634727,5.551115123125783e-17
73,Extra Trees,Nodal signed linear,4190.74663097837,324.2351600110633,3866.511470967307,11.925022168587075,0.9226306936300352,5.551115123125783e-17
73,Extra Trees,Nodal exact net value,4173.535628180449,324.2351600110633,3849.3004681693856,11.871940316522252,0.9223116348110771,5.551115123125783e-17
73,Metadata Gradient Boosting,Uniform gross,4809.3930855336985,324.2351600110633,4485.157925522635,13.833039962012746,0.9325829362988983,5.551115123125783e-17
73,Metadata Gradient Boosting,Nodal gross,4808.994364470866,324.2351600110633,4484.759204459802,13.831810233988126,0.9325773466472467,5.551115123125783e-17
73,Metadata Gradient Boosting,Uniform signed net,3163.1679035746206,324.2351600110633,2838.9327435635573,8.755783128105817,0.8974966963831883,5.551115123125783e-17
73,Metadata Gradient Boosting,Nodal signed linear,3162.822379080071,324.2351600110633,2838.587219069008,8.75471746793948,0.8974854983461419,5.551115123125783e-17
73,Metadata Gradient Boosting,Nodal exact net value,3159.396312073055,324.2351600110633,2835.1611520619917,8.744150856326787,0.8973743310479734,5.551115123125783e-17
73,Ex-post Metadata Gradient Boosting,Uniform gross,4811.577868821634,324.2351600110633,4487.342708810571,13.83977822965732,0.9326135482266508,5.551115123125783e-17
73,Ex-post Metadata Gradient Boosting,Nodal gross,4811.2446397609965,324.2351600110633,4487.009479749933,13.838750490837672,0.932608881009391,5.551115123125783e-17
73,Ex-post Metadata Gradient Boosting,Uniform signed net,3213.474951176662,324.2351600110633,2889.239791165599,8.910939180892704,0.8991013887031111,5.551115123125783e-17
73,Ex-post Metadata Gradient Boosting,Nodal signed linear,3213.21024124215,324.2351600110633,2888.9750812310867,8.910122767476889,0.8990930764973157,5.551115123125783e-17
73,Ex-post Metadata Gradient Boosting,Nodal exact net value,3209.1772317375726,324.2351600110633,2884.9420717265093,8.897684235195442,0.8989662656195807,5.551115123125783e-17
73,Ex-post Quantile Gradient Boosting,Uniform gross,755.0637385553173,324.2351600110633,430.828578544254,1.3287534224528692,0.5705857089211691,5.551115123125783e-17
73,Ex-post Quantile Gradient Boosting,Nodal gross,755.0273165078938,324.2351600110633,430.79215649683056,1.3286410902572425,0.5705649942432601,5.551115123125783e-17
73,Ex-post Quantile Gradient Boosting,Uniform signed net,-1093.0759562514577,324.2351600110633,-1417.311116262521,4.371244365398746,0.0,5.551115123125783e-17
73,Ex-post Quantile Gradient Boosting,Nodal signed linear,-1093.0647359491345,324.2351600110633,-1417.2998959601978,4.371209759952739,0.0,5.551115123125783e-17
73,Ex-post Quantile Gradient Boosting,Nodal exact net value,-1100.6373947320608,324.2351600110633,-1424.872554743124,4.39456521215807,0.0,5.551115123125783e-17
73,Synthetic Control,Uniform gross,6446.918037100603,324.2351600110633,6122.68287708954,18.883463708502887,0.949706951733346,5.551115123125783e-17
73,Synthetic Control,Nodal gross,6660.079952060729,324.2351600110633,6335.844792049666,19.540893689115887,0.9513166264752212,5.551115123125783e-17
73,Synthetic Control,Uniform signed net,3986.882459420778,324.2351600110633,3662.647299409715,11.296268113812028,0.9186745124013089,5.551115123125783e-17
73,Synthetic Control,Nodal signed linear,4232.0375389608735,324.2351600110633,3907.80237894981,12.052370812642502,0.9233855661661556,5.551115123125783e-17
73,Synthetic Control,Nodal exact net value,3936.9150239600785,324.2351600110633,3612.6798639490153,11.14215948642259,0.9176423270409021,5.551115123125783e-17
73,Feasible Quantile Projection,Uniform gross,816.6206385014682,324.2351600110633,492.3854784904049,1.51860605886667,0.6029549772265763,5.551115123125783e-17
73,Feasible Quantile Projection,Nodal gross,816.5655975673442,324.2351600110633,492.3304375562809,1.5184363026498484,0.602928214246348,5.551115123125783e-17
73,Feasible Quantile Projection,Uniform signed net,-14.013503481854436,324.2351600110633,-338.24866349291773,1.0432201846381381,0.0,5.551115123125783e-17
73,Feasible Quantile Projection,Nodal signed linear,-14.022660282989396,324.2351600110633,-338.2578202940527,1.0432484258724777,0.0,5.551115123125783e-17
73,Feasible Quantile Projection,Nodal exact net value,-14.037246914020216,324.2351600110633,-338.2724069250835,1.0432934136863543,0.0,5.551115123125783e-17
73,Tail-Risk Feasible Counterfactual,Uniform gross,817.0782356650767,324.2351600110633,492.84307565401343,1.5200173714571765,0.6031773386459796,5.551115123125783e-17
73,Tail-Risk Feasible Counterfactual,Nodal gross,817.0117449111918,324.2351600110633,492.77658490012857,1.5198123019209715,0.6031450440821909,5.551115123125783e-17
73,Tail-Risk Feasible Counterfactual,Uniform signed net,2.9809401899027934,324.2351600110633,-321.25421982116046,0.9908062401690146,0.0,5.551115123125783e-17
73,Tail-Risk Feasible Counterfactual,Nodal signed linear,2.9649590635762983,324.2351600110633,-321.27020094748696,0.9908555288591306,0.0,5.551115123125783e-17
73,Tail-Risk Feasible Counterfactual,Nodal exact net value,2.962468900019303,324.2351600110633,-321.27269111104397,0.9908632089748742,0.0,5.551115123125783e-17
73,Single Feasible Projection,Uniform gross,729.4472992612118,324.2351600110633,405.21213925014854,1.249747680776885,0.5555057091314884,5.551115123125783e-17
73,Single Feasible Projection,Nodal gross,729.3868470959188,324.2351600110633,405.15168708485555,1.249561235342371,0.5554688690891291,5.551115123125783e-17
73,Single Feasible Projection,Uniform signed net,0.0025356912468165946,324.2351600110633,-324.23262431981647,0.9999921794686094,0.0,5.551115123125783e-17
73,Single Feasible Projection,Nodal signed linear,-0.008836068631246974,324.2351600110633,-324.2439960796945,1.0000272520371662,0.0,5.551115123125783e-17
73,Single Feasible Projection,Nodal exact net value,-0.011326232190185692,324.2351600110633,-324.24648624325346,1.0000349321529158,0.0,5.551115123125783e-17
73,Risk-Constrained Convex Verifier,Uniform gross,729.447299261212,324.2351600110633,405.21213925014877,1.2497476807768857,0.5555057091314886,5.551115123125783e-17
73,Risk-Constrained Convex Verifier,Nodal gross,729.386847095919,324.2351600110633,405.1516870848558,1.2495612353423717,0.5554688690891292,5.551115123125783e-17
73,Risk-Constrained Convex Verifier,Uniform signed net,0.002535691247058179,324.2351600110633,-324.23262431981624,0.9999921794686087,0.0,5.551115123125783e-17
73,Risk-Constrained Convex Verifier,Nodal signed linear,-0.008836068631001837,324.2351600110633,-324.2439960796943,1.0000272520371656,0.0,5.551115123125783e-17
73,Risk-Constrained Convex Verifier,Nodal exact net value,-0.011326232190185692,324.2351600110633,-324.24648624325346,1.0000349321529158,0.0,5.551115123125783e-17
73,Trace-Anchored Reference,Uniform gross,1272.0071482776696,324.2351600110633,947.7719882666063,2.9231005922808224,0.7450995771131586,5.551115123125783e-17
73,Trace-Anchored Reference,Nodal gross,1271.9574732907145,324.2351600110633,947.7223132796512,2.9229473856176296,0.7450896222401006,5.551115123125783e-17
73,Trace-Anchored Reference,Uniform signed net,325.6480519985457,324.2351600110633,1.4128919874824533,0.004357614971288875,0.00433870854995553,5.551115123125783e-17
73,Trace-Anchored Reference,Nodal signed linear,325.65294059871314,324.2351600110633,1.4177805876498724,0.004372692300247438,0.004353655106087118,5.551115123125783e-17
73,Trace-Anchored Reference,Nodal exact net value,321.6354479506408,324.2351600110633,-2.599712060422462,0.00801798318335913,0.0,5.551115123125783e-17
74,High-5-of-10,Uniform gross,10241.139360954914,540.3865316556439,9700.75282929927,17.951507413735804,0.9472337488428381,2.7755575615628914e-17
74,High-5-of-10,Nodal gross,11321.854148597895,540.3865316556439,10781.467616942251,19.951399573023846,0.9522704916912779,2.7755575615628914e-17
74,High-5-of-10,Uniform signed net,8485.558294096389,540.3865316556439,7945.171762440745,14.70275681760279,0.9363169148184859,2.7755575615628914e-17
74,High-5-of-10,Nodal signed linear,9587.178101615598,540.3865316556439,9046.791569959954,16.74133428574222,0.9436344536496531,2.7755575615628914e-17
74,High-5-of-10,Nodal exact net value,8005.919985215929,540.3865316556439,7465.533453560285,13.81517305897184,0.9325016322104712,2.7755575615628914e-17
74,Ridge,Uniform gross,7758.014379195847,540.3865316556439,7217.627847540203,13.356416980687385,0.9303447370367394,2.7755575615628914e-17
74,Ridge,Nodal gross,7757.474319676564,540.3865316556439,7217.08778802092,13.35541758583269,0.9303398877795866,2.7755575615628914e-17
74,Ridge,Uniform signed net,6283.010513732055,540.3865316556439,5742.623982076411,10.6268821402378,0.9139924196410967,2.7755575615628914e-17
74,Ridge,Nodal signed linear,6282.459502484788,540.3865316556439,5742.072970829144,10.625862478912083,0.9139848762348703,2.7755575615628914e-17
74,Ridge,Nodal exact net value,6223.232798859732,540.3865316556439,5682.846267204088,10.516261850185094,0.9131662675780572,2.7755575615628914e-17
74,Gradient Boosting,Uniform gross,6544.650217036373,540.3865316556439,6004.263685380729,11.11105353974086,0.9174308001596534,2.7755575615628914e-17
74,Gradient Boosting,Nodal gross,6544.2410434785115,540.3865316556439,6003.854511822868,11.110296352923847,0.9174256375849493,2.7755575615628914e-17
74,Gradient Boosting,Uniform signed net,4861.104325089755,540.3865316556439,4320.717793434111,7.995605997426017,0.8888346154460146,2.7755575615628914e-17
74,Gradient Boosting,Nodal signed linear,4860.630589462511,540.3865316556439,4320.244057806867,7.994729336740577,0.8888237808429297,2.7755575615628914e-17
74,Gradient Boosting,Nodal exact net value,4829.710975590511,540.3865316556439,4289.324443934867,7.937511748846098,0.8881120351949067,2.7755575615628914e-17
74,Extra Trees,Uniform gross,8111.746052153672,540.3865316556439,7571.359520498028,14.011007079137945,0.9333822178133682,2.7755575615628914e-17
74,Extra Trees,Nodal gross,8378.568445344787,540.3865316556439,7838.181913689143,14.504769187482172,0.935503715798146,2.7755575615628914e-17
74,Extra Trees,Uniform signed net,5927.462550096301,540.3865316556439,5387.076018440657,9.96893094640175,0.9088334127649842,2.7755575615628914e-17
74,Extra Trees,Nodal signed linear,6243.468703759691,540.3865316556439,5703.0821721040475,10.553708943542437,0.9134477071487146,2.7755575615628914e-17
74,Extra Trees,Nodal exact net value,5835.828237903406,540.3865316556439,5295.441706247762,9.799359155054278,0.9074019128688776,2.7755575615628914e-17
74,Metadata Gradient Boosting,Uniform gross,5502.406953032233,540.3865316556439,4962.020421376589,9.182353983127374,0.9017908823777836,2.7755575615628914e-17
74,Metadata Gradient Boosting,Nodal gross,5501.9963962873535,540.3865316556439,4961.60986463171,9.181594236685099,0.9017835540531639,2.7755575615628914e-17
74,Metadata Gradient Boosting,Uniform signed net,4365.55920744778,540.3865316556439,3825.172675792136,7.0785862557908645,0.8762159654750008,2.7755575615628914e-17
74,Metadata Gradient Boosting,Nodal signed linear,4365.165780460794,540.3865316556439,3824.77924880515,7.077858208432281,0.8762048089732345,2.7755575615628914e-17
74,Metadata Gradient Boosting,Nodal exact net value,4358.654009784594,540.3865316556439,3818.2674781289497,7.0658079993786815,0.8760198606169362,2.7755575615628914e-17
74,Ex-post Metadata Gradient Boosting,Uniform gross,4968.905359360147,540.3865316556439,4428.518827704503,8.195094748450417,0.8912463626143142,2.7755575615628914e-17
74,Ex-post Metadata Gradient Boosting,Nodal gross,4968.564816894424,540.3865316556439,4428.1782852387805,8.194464565339304,0.8912389087049468,2.7755575615628914e-17
74,Ex-post Metadata Gradient Boosting,Uniform signed net,3759.998337861799,540.3865316556439,3219.611806206155,5.957979367734912,0.8562801142186286,2.7755575615628914e-17
74,Ex-post Metadata Gradient Boosting,Nodal signed linear,3759.6709790741397,540.3865316556439,3219.284447418496,5.957373581379252,0.8562676003662639,2.7755575615628914e-17
74,Ex-post Metadata Gradient Boosting,Nodal exact net value,3753.159208397912,540.3865316556439,3212.7726767422682,5.945323372325602,0.8560182231421205,2.7755575615628914e-17
74,Ex-post Quantile Gradient Boosting,Uniform gross,1778.5573901245798,540.3865316556439,1238.1708584689359,2.2912689083412396,0.6961658169389786,2.7755575615628914e-17
74,Ex-post Quantile Gradient Boosting,Nodal gross,1778.5115179638258,540.3865316556439,1238.1249863081819,2.291184020657948,0.6961579803124811,2.7755575615628914e-17
74,Ex-post Quantile Gradient Boosting,Uniform signed net,497.7937577507222,540.3865316556439,-42.59277390492173,0.07881908857799505,0.0,2.7755575615628914e-17
74,Ex-post Quantile Gradient Boosting,Nodal signed linear,497.7565825586688,540.3865316556439,-42.62994909697511,0.07888788228375135,0.0,2.7755575615628914e-17
74,Ex-post Quantile Gradient Boosting,Nodal exact net value,493.53733753784763,540.3865316556439,-46.84919411779629,0.08669571015076756,0.0,2.7755575615628914e-17
74,Synthetic Control,Uniform gross,6056.254544994683,540.3865316556439,5515.868013339039,10.207264041980181,0.9107721566785436,2.7755575615628914e-17
74,Synthetic Control,Nodal gross,6096.728460417834,540.3865316556439,5556.34192876219,10.282162125208027,0.911364507183807,2.7755575615628914e-17
74,Synthetic Control,Uniform signed net,4181.582003689873,540.3865316556439,3641.195472034229,6.738131427662127,0.8707698351535852,2.7755575615628914e-17
74,Synthetic Control,Nodal signed linear,4229.78488855063,540.3865316556439,3689.398356894986,6.8273321794149,0.8722425499418691,2.7755575615628914e-17
74,Synthetic Control,Nodal exact net value,4167.77320165986,540.3865316556439,3627.3866700042163,6.712577863276084,0.8703416655588578,2.7755575615628914e-17
74,Feasible Quantile Projection,Uniform gross,653.3036819565941,540.3865316556439,112.9171503009502,0.2089562631307502,0.17284021722144907,2.7755575615628914e-17
74,Feasible Quantile Projection,Nodal gross,653.2450708239363,540.3865316556439,112.8585391682924,0.20884780163286973,0.17276600193238995,2.7755575615628914e-17
74,Feasible Quantile Projection,Uniform signed net,-0.177127339816316,540.3865316556439,-540.5636589954603,1.000327778968276,0.0,2.7755575615628914e-17
74,Feasible Quantile Projection,Nodal signed linear,-0.20638484798290335,540.3865316556439,-540.5929165036268,1.0003819207842775,0.0,2.7755575615628914e-17
74,Feasible Quantile Projection,Nodal exact net value,-0.20638484798109857,540.3865316556439,-540.592916503625,1.0003819207842741,0.0,2.7755575615628914e-17
74,Tail-Risk Feasible Counterfactual,Uniform gross,602.2886075939423,540.3865316556439,61.90207593829837,0.11455147808484772,0.10277809534799005,2.7755575615628914e-17
74,Tail-Risk Feasible Counterfactual,Nodal gross,602.2244136004501,540.3865316556439,61.83788194480621,0.11443268535088473,0.10268245615468019,2.7755575615628914e-17
74,Tail-Risk Feasible Counterfactual,Uniform signed net,10.349076933805359,540.3865316556439,-530.0374547218386,0.9808487511668773,0.0,2.7755575615628914e-17
74,Tail-Risk Feasible Counterfactual,Nodal signed linear,10.323051371303718,540.3865316556439,-530.0634802843402,0.9808969121793695,0.0,2.7755575615628914e-17
74,Tail-Risk Feasible Counterfactual,Nodal exact net value,10.323051371298789,540.3865316556439,-530.0634802843451,0.9808969121793786,0.0,2.7755575615628914e-17
74,Single Feasible Projection,Uniform gross,482.63181386609017,540.3865316556439,-57.75471778955375,0.10687667883321227,0.0,2.7755575615628914e-17
74,Single Feasible Projection,Nodal gross,482.5772670167157,540.3865316556439,-57.8092646389282,0.10697761926414294,0.0,2.7755575615628914e-17
74,Single Feasible Projection,Uniform signed net,0.0,540.3865316556439,-540.3865316556439,1.0,0.0,2.7755575615628914e-17
74,Single Feasible Projection,Nodal signed linear,-0.00844518192785415,540.3865316556439,-540.3949768375718,1.0000156280392518,0.0,2.7755575615628914e-17
74,Single Feasible Projection,Nodal exact net value,-0.008445181927527301,540.3865316556439,-540.3949768375714,1.0000156280392511,0.0,2.7755575615628914e-17
74,Risk-Constrained Convex Verifier,Uniform gross,482.63181386609017,540.3865316556439,-57.75471778955375,0.10687667883321227,0.0,2.7755575615628914e-17
74,Risk-Constrained Convex Verifier,Nodal gross,482.5772670167157,540.3865316556439,-57.8092646389282,0.10697761926414294,0.0,2.7755575615628914e-17
74,Risk-Constrained Convex Verifier,Uniform signed net,0.0,540.3865316556439,-540.3865316556439,1.0,0.0,2.7755575615628914e-17
74,Risk-Constrained Convex Verifier,Nodal signed linear,-0.00844518192785415,540.3865316556439,-540.3949768375718,1.0000156280392518,0.0,2.7755575615628914e-17
74,Risk-Constrained Convex Verifier,Nodal exact net value,-0.008445181927527301,540.3865316556439,-540.3949768375714,1.0000156280392511,0.0,2.7755575615628914e-17
74,Trace-Anchored Reference,Uniform gross,1028.4923886096967,540.3865316556439,488.1058569540528,0.9032531870448124,0.4745838300406562,2.7755575615628914e-17
74,Trace-Anchored Reference,Nodal gross,1028.4591286216119,540.3865316556439,488.07259696596793,0.9031916385306721,0.4745668382759218,2.7755575615628914e-17
74,Trace-Anchored Reference,Uniform signed net,538.8582450624086,540.3865316556439,-1.5282865932352934,0.002828135979912207,0.0,2.7755575615628914e-17
74,Trace-Anchored Reference,Nodal signed linear,538.8545662609527,540.3865316556439,-1.5319653946912695,0.0028349437022377522,0.0,2.7755575615628914e-17
74,Trace-Anchored Reference,Nodal exact net value,538.7979028783229,540.3865316556439,-1.5886287773209915,0.0029398008356235823,0.0,2.7755575615628914e-17
75,High-5-of-10,Uniform gross,8928.871533926842,-19.003708709442435,8947.875242636284,470.8488947839073,1.0021283438379907,5.551115123125783e-17
75,High-5-of-10,Nodal gross,9540.900520453955,-19.003708709442435,9559.904229163398,503.054660294458,1.0019918149936373,5.551115123125783e-17
75,High-5-of-10,Uniform signed net,5294.296269202076,-19.003708709442435,5313.299977911518,279.592792078079,1.0035894683151736,5.551115123125783e-17
75,High-5-of-10,Nodal signed linear,5971.439421663126,-19.003708709442435,5990.443130372569,315.22495013807895,1.0031824334750012,5.551115123125783e-17
75,High-5-of-10,Nodal exact net value,5076.670809954572,-19.003708709442435,5095.674518664015,268.14105586306476,1.0037433407484644,5.551115123125783e-17
75,Ridge,Uniform gross,4675.646823722162,-19.003708709442435,4694.650532431604,247.03864936105643,1.0040644020872205,5.551115123125783e-17
75,Ridge,Nodal gross,4675.159251322948,-19.003708709442435,4694.16296003239,247.01299266389967,1.0040648259637497,5.551115123125783e-17
75,Ridge,Uniform signed net,1434.2178512938785,-19.003708709442435,1453.221560003321,76.47041860209391,1.0132502246379782,5.551115123125783e-17
75,Ridge,Nodal signed linear,1433.7455400322872,-19.003708709442435,1452.7492487417296,76.44556496595305,1.0132545895898755,5.551115123125783e-17
75,Ridge,Nodal exact net value,1431.7536959576973,-19.003708709442435,1450.7574046671398,76.34075152637428,1.0132730292669025,5.551115123125783e-17
75,Gradient Boosting,Uniform gross,4543.843654516862,-19.003708709442435,4562.847363226305,240.102994262333,1.004182298105823,5.551115123125783e-17
75,Gradient Boosting,Nodal gross,4543.430979784752,-19.003708709442435,4562.434688494194,240.08127877834931,1.004182677979262,5.551115123125783e-17
75,Gradient Boosting,Uniform signed net,987.6999438297499,-19.003708709442435,1006.7036525391924,52.97406248070874,1.0192403662956147,5.551115123125783e-17
75,Gradient Boosting,Nodal signed linear,987.2834708192919,-19.003708709442435,1006.2871795287343,52.95214712635209,1.0192484826001111,5.551115123125783e-17
75,Gradient Boosting,Nodal exact net value,985.6956763389244,-19.003708709442435,1004.6993850483668,52.86859530472378,1.0192794887566374,5.551115123125783e-17
75,Extra Trees,Uniform gross,6377.503942336354,-19.003708709442435,6396.507651045797,336.5925961529574,1.0029798035220783,5.551115123125783e-17
75,Extra Trees,Nodal gross,6376.938235458645,-19.003708709442435,6395.9419441680875,336.5628279173799,1.002980067864508,5.551115123125783e-17
75,Extra Trees,Uniform signed net,2640.034067133671,-19.003708709442435,2659.0377758431136,139.9220445071287,1.007198281622962,5.551115123125783e-17
75,Extra Trees,Nodal signed linear,2639.4546358151156,-19.003708709442435,2658.458344524558,139.89155407352888,1.0071998618394795,5.551115123125783e-17
75,Extra Trees,Nodal exact net value,2637.17853727928,-19.003708709442435,2656.1822459887226,139.77178279253127,1.0072060759030173,5.551115123125783e-17
75,Metadata Gradient Boosting,Uniform gross,5526.29501404238,-19.003708709442435,5545.298722751822,291.80086937432964,1.0034387792655213,5.551115123125783e-17
75,Metadata Gradient Boosting,Nodal gross,5525.889750058161,-19.003708709442435,5544.893458767603,291.7795438535897,1.0034390314626243,5.551115123125783e-17
75,Metadata Gradient Boosting,Uniform signed net,2258.2668321571437,-19.003708709442435,2277.270540866586,119.83295343477198,1.008415174167567,5.551115123125783e-17
75,Metadata Gradient Boosting,Nodal signed linear,2257.8790766933766,-19.003708709442435,2276.882785402819,119.81254923527095,1.008416619342287,5.551115123125783e-17
75,Metadata Gradient Boosting,Nodal exact net value,2255.692339421643,-19.003708709442435,2274.6960481310853,119.69748026083191,1.0084247786709755,5.551115123125783e-17
75,Ex-post Metadata Gradient Boosting,Uniform gross,5929.936416125128,-19.003708709442435,5948.94012483457,313.04100772070353,1.0032047069944572,5.551115123125783e-17
75,Ex-post Metadata Gradient Boosting,Nodal gross,5929.503244028795,-19.003708709442435,5948.5069527382375,313.01821363861376,1.003204941110131,5.551115123125783e-17
75,Ex-post Metadata Gradient Boosting,Uniform signed net,2925.525999774398,-19.003708709442435,2944.5297084838403,154.94500328879394,1.0064958262927446,5.551115123125783e-17
75,Ex-post Metadata Gradient Boosting,Nodal signed linear,2925.113355661615,-19.003708709442435,2944.1170643710575,154.92328941603932,1.0064967426553437,5.551115123125783e-17
75,Ex-post Metadata Gradient Boosting,Nodal exact net value,2915.2644096234726,-19.003708709442435,2934.268118332915,154.40502499782875,1.0065186912880733,5.551115123125783e-17
75,Ex-post Quantile Gradient Boosting,Uniform gross,875.6815260074388,-19.003708709442435,894.6852347168813,47.079506868695375,1.0217016211317,5.551115123125783e-17
75,Ex-post Quantile Gradient Boosting,Nodal gross,875.6437847307549,-19.003708709442435,894.6474934401973,47.07752087336883,1.0217025564970872,5.551115123125783e-17
75,Ex-post Quantile Gradient Boosting,Uniform signed net,-2458.075480298996,-19.003708709442435,-2439.0717715895535,128.34714575358882,0.0,5.551115123125783e-17
75,Ex-post Quantile Gradient Boosting,Nodal signed linear,-2458.100893216698,-19.003708709442435,-2439.0971845072554,128.34848301454616,0.0,5.551115123125783e-17
75,Ex-post Quantile Gradient Boosting,Nodal exact net value,-2476.7821592063847,-19.003708709442435,-2457.7784504969422,129.33151565703267,0.0,5.551115123125783e-17
75,Synthetic Control,Uniform gross,5926.787837612125,-19.003708709442435,5945.791546321568,312.8753254025233,1.0032064094801645,5.551115123125783e-17
75,Synthetic Control,Nodal gross,5934.6587251139,-19.003708709442435,5953.662433823342,313.28950179420116,1.0032021569545395,5.551115123125783e-17
75,Synthetic Control,Uniform signed net,1978.1408718432074,-19.003708709442435,1997.1445805526498,105.09235913305291,1.0096068530709519,5.551115123125783e-17
75,Synthetic Control,Nodal signed linear,1987.1129908953521,-19.003708709442435,2006.1166996047946,105.5644837687924,1.0095634766601167,5.551115123125783e-17
75,Synthetic Control,Nodal exact net value,1972.121785070165,-19.003708709442435,1991.1254937796075,104.77562691698544,1.0096361740199358,5.551115123125783e-17
75,Feasible Quantile Projection,Uniform gross,1228.7680331555198,-19.003708709442435,1247.7717418649622,65.65938054212427,1.0154656600730736,5.551115123125783e-17
75,Feasible Quantile Projection,Nodal gross,1228.658633992924,-19.003708709442435,1247.6623427023665,65.65362381514701,1.0154670371278667,5.551115123125783e-17
75,Feasible Quantile Projection,Uniform signed net,-158.54258517196314,-19.003708709442435,-139.5388764625207,7.342718129182203,0.0,5.551115123125783e-17
75,Feasible Quantile Projection,Nodal signed linear,-158.55319644627707,-19.003708709442435,-139.54948773683464,7.343276508311045,0.0,5.551115123125783e-17
75,Feasible Quantile Projection,Nodal exact net value,-158.5792117096571,-19.003708709442435,-139.57550300021467,7.344645465485551,0.0,5.551115123125783e-17
75,Tail-Risk Feasible Counterfactual,Uniform gross,1403.130609936165,-19.003708709442435,1422.1343186456074,74.83456731469404,1.0135437917004084,5.551115123125783e-17
75,Tail-Risk Feasible Counterfactual,Nodal gross,1402.9989051807052,-19.003708709442435,1422.0026138901476,74.82763683825529,1.0135450631067988,5.551115123125783e-17
75,Tail-Risk Feasible Counterfactual,Uniform signed net,19.015820844274288,-19.003708709442435,38.01952955371672,2.0006373563716977,1.9993630495927028,5.551115123125783e-17
75,Tail-Risk Feasible Counterfactual,Nodal signed linear,18.976270807177205,-19.003708709442435,37.979979516619636,1.9985561817072264,1.9985561817072264,5.551115123125783e-17
75,Tail-Risk Feasible Counterfactual,Nodal exact net value,18.97627080715756,-19.003708709442435,37.9799795166,1.998556181706193,1.998556181706193,5.551115123125783e-17
75,Single Feasible Projection,Uniform gross,1174.4370732946315,-19.003708709442435,1193.440782004074,62.800414395485085,1.0161811212721101,5.551115123125783e-17
75,Single Feasible Projection,Nodal gross,1174.3207778621388,-19.003708709442435,1193.3244865715812,62.79429477776883,1.0161827237222514,5.551115123125783e-17
75,Single Feasible Projection,Uniform signed net,-0.008532106173474663,-19.003708709442435,18.99517660326896,0.9995510294172613,0.9995510294172613,5.551115123125783e-17
75,Single Feasible Projection,Nodal signed linear,-0.026102960235718342,-19.003708709442435,18.977605749206717,0.9986264281022815,0.9986264281022815,5.551115123125783e-17
75,Single Feasible Projection,Nodal exact net value,-0.026102960226126015,-19.003708709442435,18.97760574921631,0.9986264281027862,0.9986264281027862,5.551115123125783e-17
75,Risk-Constrained Convex Verifier,Uniform gross,1174.4370732946315,-19.003708709442435,1193.440782004074,62.800414395485085,1.0161811212721101,5.551115123125783e-17
75,Risk-Constrained Convex Verifier,Nodal gross,1174.3207778621388,-19.003708709442435,1193.3244865715812,62.79429477776883,1.0161827237222514,5.551115123125783e-17
75,Risk-Constrained Convex Verifier,Uniform signed net,-0.008532106173474663,-19.003708709442435,18.99517660326896,0.9995510294172613,0.9995510294172613,5.551115123125783e-17
75,Risk-Constrained Convex Verifier,Nodal signed linear,-0.026102960235718342,-19.003708709442435,18.977605749206717,0.9986264281022815,0.9986264281022815,5.551115123125783e-17
75,Risk-Constrained Convex Verifier,Nodal exact net value,-0.026102960226126015,-19.003708709442435,18.97760574921631,0.9986264281027862,0.9986264281027862,5.551115123125783e-17
75,Trace-Anchored Reference,Uniform gross,1510.3175467908939,-19.003708709442435,1529.3212555003363,80.47488408094034,1.0125825914886715,5.551115123125783e-17
75,Trace-Anchored Reference,Nodal gross,1510.2299188665966,-19.003708709442435,1529.233627576039,80.47027298498864,1.0125833215671587,5.551115123125783e-17
75,Trace-Anchored Reference,Uniform signed net,-15.11867885559137,-19.003708709442435,3.8850298538510657,0.204435350659774,0.204435350659774,5.551115123125783e-17
75,Trace-Anchored Reference,Nodal signed linear,-15.1518923734493,-19.003708709442435,3.851816335993135,0.20268761192278592,0.20268761192278592,5.551115123125783e-17
75,Trace-Anchored Reference,Nodal exact net value,-16.720277239037387,-19.003708709442435,2.2834314704050485,0.12015714960261796,0.12015714960261796,5.551115123125783e-17
76,High-5-of-10,Uniform gross,9954.574086780136,588.9808781601314,9365.593208620005,15.901353602304383,0.9408331413252217,2.5676571217395083e-05
76,High-5-of-10,Nodal gross,11274.296067954905,588.9808781601314,10685.315189794774,18.142040915103635,0.9477589665367934,2.5676571217395083e-05
76,High-5-of-10,Uniform signed net,8182.539980294284,588.9808781601314,7593.559102134152,12.892709056794923,0.9280197983048598,2.5676571217395083e-05
76,High-5-of-10,Nodal signed linear,9560.733785362108,588.9808781601314,8971.752907201977,15.232672638249468,0.9383958500066296,2.5676571217395083e-05
76,High-5-of-10,Nodal exact net value,7726.296878028079,588.9808781601314,7137.3159998679475,12.11807762276361,0.9237693182829841,2.5676571217395083e-05
76,Ridge,Uniform gross,7145.869116655513,588.9808781601314,6556.888238495381,11.132599514907685,0.9175774327034144,2.5676571217395083e-05
76,Ridge,Nodal gross,7145.369791725266,588.9808781601314,6556.388913565134,11.131751737078622,0.9175716729395582,2.5676571217395083e-05
76,Ridge,Uniform signed net,5816.825522679806,588.9808781601314,5227.844644519675,8.876085520552902,0.8987453077518495,2.5676571217395083e-05
76,Ridge,Nodal signed linear,5816.329989912775,588.9808781601314,5227.349111752644,8.87524418124053,0.8987366811749682,2.5676571217395083e-05
76,Ridge,Nodal exact net value,5771.255036678125,588.9808781601314,5182.274158517994,8.798713762501885,0.8979457891884912,2.5676571217395083e-05
76,Gradient Boosting,Uniform gross,5964.147930982108,588.9808781601314,5375.1670528219765,9.126216575337752,0.9012464336941514,2.5676571217395083e-05
76,Gradient Boosting,Nodal gross,5963.731935493887,588.9808781601314,5374.751057333756,9.125510278234321,0.9012395452158507,2.5676571217395083e-05
76,Gradient Boosting,Uniform signed net,4400.231855433464,588.9808781601314,3811.250977273333,6.470924810290929,0.8661477627746251,2.5676571217395083e-05
76,Gradient Boosting,Nodal signed linear,4399.829752310188,588.9808781601314,3810.848874150057,6.470242100311393,0.8661355299370664,2.5676571217395083e-05
76,Gradient Boosting,Nodal exact net value,4387.010546307145,588.9808781601314,3798.0296681470136,6.448477037168616,0.865744366934354,2.5676571217395083e-05
76,Extra Trees,Uniform gross,7979.643325202562,588.9808781601314,7390.66244704243,12.548221378815402,0.9261895733735467,2.5676571217395083e-05
76,Extra Trees,Nodal gross,8004.196574847008,588.9808781601314,7415.215696686877,12.589909064366665,0.9264159903304987,2.5676571217395083e-05
76,Extra Trees,Uniform signed net,6126.252901401099,588.9808781601314,5537.272023240967,9.401446173496147,0.9038595226740592,2.5676571217395083e-05
76,Extra Trees,Nodal signed linear,6151.246806397334,588.9808781601314,5562.265928237202,9.443882024850627,0.9042501631461791,2.5676571217395083e-05
76,Extra Trees,Nodal exact net value,6076.717849986919,588.9808781601314,5487.736971826787,9.317343186029188,0.9030758227220638,2.5676571217395083e-05
76,Metadata Gradient Boosting,Uniform gross,5984.044279010714,588.9808781601314,5395.063400850582,9.15999754984198,0.9015747794136473,2.5676571217395083e-05
76,Metadata Gradient Boosting,Nodal gross,5983.655774769899,588.9808781601314,5394.6748966097675,9.159337928697695,0.9015683889030565,2.5676571217395083e-05
76,Metadata Gradient Boosting,Uniform signed net,4884.42891948047,588.9808781601314,4295.448041320338,7.293017822138017,0.8794166343968871,2.5676571217395083e-05
76,Metadata Gradient Boosting,Nodal signed linear,4884.053501893852,588.9808781601314,4295.07262373372,7.292380420143251,0.8794073656376313,2.5676571217395083e-05
76,Metadata Gradient Boosting,Nodal exact net value,4865.573367468351,588.9808781601314,4276.592489308219,7.261003961058146,0.8789493377906684,2.5676571217395083e-05
76,Ex-post Metadata Gradient Boosting,Uniform gross,3991.4752552273303,588.9808781601314,3402.494377067199,5.776918238323746,0.8524403032716317,2.5676571217395083e-05
76,Ex-post Metadata Gradient Boosting,Nodal gross,3991.1925132984916,588.9808781601314,3402.21163513836,5.776438185508241,0.8524298499263889,2.5676571217395083e-05
76,Ex-post Metadata Gradient Boosting,Uniform signed net,2789.4083037234295,588.9808781601314,2200.427425563298,3.7359912811380758,0.7888509626310595,2.5676571217395083e-05
76,Ex-post Metadata Gradient Boosting,Nodal signed linear,2789.1393711426426,588.9808781601314,2200.1584929825112,3.7355346744964018,0.7888306033560308,2.5676571217395083e-05
76,Ex-post Metadata Gradient Boosting,Nodal exact net value,2776.542026987583,588.9808781601314,2187.5611488274517,3.7141462990462317,0.7878725146476,2.5676571217395083e-05
76,Ex-post Quantile Gradient Boosting,Uniform gross,2194.8739277490845,588.9808781601314,1605.893049588953,2.726562286037994,0.7316561690793099,2.5676571217395083e-05
76,Ex-post Quantile Gradient Boosting,Nodal gross,2194.714891404831,588.9808781601314,1605.7340132446998,2.7262922665006024,0.7316367239923696,2.5676571217395083e-05
76,Ex-post Quantile Gradient Boosting,Uniform signed net,826.055912374765,588.9808781601314,237.07503421463355,0.40251737026711737,0.2869963529866697,2.5676571217395083e-05
76,Ex-post Quantile Gradient Boosting,Nodal signed linear,825.9061320464662,588.9808781601314,236.92525388633476,0.4022630660378074,0.2868670478317809,2.5676571217395083e-05
76,Ex-post Quantile Gradient Boosting,Nodal exact net value,816.5130220101419,588.9808781601314,227.53214385001047,0.38631499304490036,0.2786632150579275,2.5676571217395083e-05
76,Synthetic Control,Uniform gross,6395.90626376863,588.9808781601314,5806.925385608499,9.859276592727886,0.9079128345741125,2.5676571217395083e-05
76,Synthetic Control,Nodal gross,6436.187766898875,588.9808781601314,5847.206888738744,9.927668461842682,0.9084891709982045,2.5676571217395083e-05
76,Synthetic Control,Uniform signed net,4622.4716306719165,588.9808781601314,4033.490752511785,6.848254165927547,0.8725831275519331,2.5676571217395083e-05
76,Synthetic Control,Nodal signed linear,4662.858087376696,588.9808781601314,4073.8772092165646,6.916824230257886,0.8736867245103122,2.5676571217395083e-05
76,Synthetic Control,Nodal exact net value,4586.325078166454,588.9808781601314,3997.3442000063224,6.786882814418857,0.8715789072684753,2.5676571217395083e-05
76,Feasible Quantile Projection,Uniform gross,1003.1494460239512,588.9808781601314,414.1685678638198,0.7031952703755115,0.41286826155903705,2.5676571217395083e-05
76,Feasible Quantile Projection,Nodal gross,1003.1227466664282,588.9808781601314,414.14186850629676,0.7031499389250128,0.4128526343187518,2.5676571217395083e-05
76,Feasible Quantile Projection,Uniform signed net,252.76320455095535,588.9808781601314,-336.217673609176,0.5708465012641133,0.0,2.5676571217395083e-05
76,Feasible Quantile Projection,Nodal signed linear,252.75309695931395,588.9808781601314,-336.22778120081745,0.5708636624182631,0.0,2.5676571217395083e-05
76,Feasible Quantile Projection,Nodal exact net value,251.9304276360781,588.9808781601314,-337.0504505240533,0.5722604298749686,0.0,2.5676571217395083e-05
76,Tail-Risk Feasible Counterfactual,Uniform gross,744.9992328640726,588.9808781601314,156.0183547039412,0.2648954499020648,0.20942082598413525,2.5676571217395083e-05
76,Tail-Risk Feasible Counterfactual,Nodal gross,744.9794358260294,588.9808781601314,155.99855766589803,0.26486183754081966,0.2093998171814335,2.5676571217395083e-05
76,Tail-Risk Feasible Counterfactual,Uniform signed net,105.51458002246815,588.9808781601314,-483.4662981376632,0.8208522824169158,0.0,2.5676571217395083e-05
76,Tail-Risk Feasible Counterfactual,Nodal signed linear,105.50835941392049,588.9808781601314,-483.4725187462109,0.8208628440646336,0.0,2.5676571217395083e-05
76,Tail-Risk Feasible Counterfactual,Nodal exact net value,105.50835941392143,588.9808781601314,-483.47251874620997,0.8208628440646321,0.0,2.5676571217395083e-05
76,Single Feasible Projection,Uniform gross,518.9015704782879,588.9808781601314,-70.07930768184349,0.11898401167243058,0.0,2.5676571217395083e-05
76,Single Feasible Projection,Nodal gross,518.8865872710506,588.9808781601314,-70.09429088908075,0.11900945088071875,0.0,2.5676571217395083e-05
76,Single Feasible Projection,Uniform signed net,-1.7076542873767127e-14,588.9808781601314,-588.9808781601314,1.0,0.0,2.5676571217395083e-05
76,Single Feasible Projection,Nodal signed linear,-0.0023197657139473193,588.9808781601314,-588.9831979258454,1.0000039386095543,0.0,2.5676571217395083e-05
76,Single Feasible Projection,Nodal exact net value,-0.002319765721040312,588.9808781601314,-588.9831979258524,1.0000039386095663,0.0,2.5676571217395083e-05
76,Risk-Constrained Convex Verifier,Uniform gross,518.9015704782879,588.9808781601314,-70.07930768184349,0.11898401167243058,0.0,2.5676571217395083e-05
76,Risk-Constrained Convex Verifier,Nodal gross,518.8865872710506,588.9808781601314,-70.09429088908075,0.11900945088071875,0.0,2.5676571217395083e-05
76,Risk-Constrained Convex Verifier,Uniform signed net,-1.7076542873767127e-14,588.9808781601314,-588.9808781601314,1.0,0.0,2.5676571217395083e-05
76,Risk-Constrained Convex Verifier,Nodal signed linear,-0.0023197657139473193,588.9808781601314,-588.9831979258454,1.0000039386095543,0.0,2.5676571217395083e-05
76,Risk-Constrained Convex Verifier,Nodal exact net value,-0.002319765721040312,588.9808781601314,-588.9831979258524,1.0000039386095663,0.0,2.5676571217395083e-05
76,Trace-Anchored Reference,Uniform gross,1038.8383070578361,588.9808781601314,449.8574288977047,0.7637895313392467,0.4330389299676253,2.5676571217395083e-05
76,Trace-Anchored Reference,Nodal gross,1038.834878875464,588.9808781601314,449.85400071533263,0.7637837108066977,0.43303705898121014,2.5676571217395083e-05
76,Trace-Anchored Reference,Uniform signed net,586.5453792804527,588.9808781601314,-2.4354988796786756,0.004135106876961318,0.0,2.5676571217395083e-05
76,Trace-Anchored Reference,Nodal signed linear,586.5543248808169,588.9808781601314,-2.4265532793144757,0.004119918607365632,0.0,2.5676571217395083e-05
76,Trace-Anchored Reference,Nodal exact net value,586.3812900834382,588.9808781601314,-2.5995880766931805,0.004413705390256163,0.0,2.5676571217395083e-05
77,High-5-of-10,Uniform gross,9538.208027411209,1004.2767519113986,8533.93127549981,8.497589194669228,0.8947101228002916,6.603252622726374e-05
77,High-5-of-10,Nodal gross,10361.730927334407,1004.2767519113986,9357.454175423009,9.317605090044504,0.9030782830634888,6.603252622726374e-05
77,High-5-of-10,Uniform signed net,9398.145807333018,1004.2767519113986,8393.86905542162,8.358123435045085,0.8931409692401453,6.603252622726374e-05
77,High-5-of-10,Nodal signed linear,10224.239317574538,1004.2767519113986,9219.96256566314,9.180698993693884,0.9017749173588749,6.603252622726374e-05
77,High-5-of-10,Nodal exact net value,8937.363227306912,1004.2767519113986,7933.086475395514,7.899303115696741,0.887631650815873,6.603252622726374e-05
77,Ridge,Uniform gross,5040.80874590055,1004.2767519113986,4036.5319939891515,4.019342264277836,0.8007707091192204,6.603252622726374e-05
77,Ridge,Nodal gross,5040.5016865280895,1004.2767519113986,4036.224934616691,4.019036512529748,0.8007585723866414,6.603252622726374e-05
77,Ridge,Uniform signed net,5030.877883424753,1004.2767519113986,4026.6011315133546,4.00945369276914,0.800377434081596,6.603252622726374e-05
77,Ridge,Nodal signed linear,5030.567958673139,1004.2767519113986,4026.291206761741,4.009145087844229,0.800365135674206,6.603252622726374e-05
77,Ridge,Nodal exact net value,5009.690542791723,1004.2767519113986,4005.413790880324,3.988356579256649,0.7995331760848144,6.603252622726374e-05
77,Gradient Boosting,Uniform gross,6051.470448341918,1004.2767519113986,5047.19369643052,5.025700024245711,0.8340441781077247,6.603252622726374e-05
77,Gradient Boosting,Nodal gross,6051.096432734056,1004.2767519113986,5046.819680822658,5.025327601397975,0.8340339204513986,6.603252622726374e-05
77,Gradient Boosting,Uniform signed net,6004.738491559324,1004.2767519113986,5000.461739647925,4.979167077332769,0.8327526247274416,6.603252622726374e-05
77,Gradient Boosting,Nodal signed linear,6004.354813959981,1004.2767519113986,5000.078062048582,4.978785033639522,0.8327419376389151,6.603252622726374e-05
77,Gradient Boosting,Nodal exact net value,5981.635180008707,1004.2767519113986,4977.358428097308,4.956162152139942,0.8321066528316866,6.603252622726374e-05
77,Extra Trees,Uniform gross,7830.722879139229,1004.2767519113986,6826.44612722783,6.7973754388273315,0.8717517185307685,6.603252622726374e-05
77,Extra Trees,Nodal gross,7970.05606455495,1004.2767519113986,6965.779312643552,6.936115268411691,0.8739937656928543,6.603252622726374e-05
77,Extra Trees,Uniform signed net,7727.570714265458,1004.2767519113986,6723.29396235406,6.6946625514908025,0.8700397849407633,6.603252622726374e-05
77,Extra Trees,Nodal signed linear,7868.90966451697,1004.2767519113986,6864.632912605572,6.835399604282782,0.8723740906011473,6.603252622726374e-05
77,Extra Trees,Nodal exact net value,7613.022190717969,1004.2767519113986,6608.745438806571,6.580601837320656,0.8680843524749154,6.603252622726374e-05
77,Metadata Gradient Boosting,Uniform gross,4424.804758600028,1004.2767519113986,3420.52800668863,3.405961554101974,0.7730347875893301,6.603252622726374e-05
77,Metadata Gradient Boosting,Nodal gross,4424.528555597653,1004.2767519113986,3420.251803686255,3.4056865273209107,0.7730206191932366,6.603252622726374e-05
77,Metadata Gradient Boosting,Uniform signed net,4402.485846099134,1004.2767519113986,3398.209094187735,3.383737687564771,0.771884161126549,6.603252622726374e-05
77,Metadata Gradient Boosting,Nodal signed linear,4402.2041816623205,1004.2767519113986,3397.927429750922,3.383457222607002,0.7718695656837588,6.603252622726374e-05
77,Metadata Gradient Boosting,Nodal exact net value,4381.555127769738,1004.2767519113986,3377.278375858339,3.362896103519776,0.7707944502292301,6.603252622726374e-05
77,Ex-post Metadata Gradient Boosting,Uniform gross,3053.2947498441663,1004.2767519113986,2049.0179979327677,2.0402921744757667,0.6710842436804849,6.603252622726374e-05
77,Ex-post Metadata Gradient Boosting,Nodal gross,3053.1087913725933,1004.2767519113986,2048.8320394611947,2.040107007915634,0.6710642101096229,6.603252622726374e-05
77,Ex-post Metadata Gradient Boosting,Uniform signed net,3027.48722353453,1004.2767519113986,2023.2104716231315,2.0145945505284657,0.6682804326622638,6.603252622726374e-05
77,Ex-post Metadata Gradient Boosting,Nodal signed linear,3027.2938739290944,1004.2767519113986,2023.0171220176958,2.014402024309903,0.6682592461339216,6.603252622726374e-05
77,Ex-post Metadata Gradient Boosting,Nodal exact net value,3016.943443784301,1004.2767519113986,2012.6666918729024,2.0040956718775744,0.6671211208879393,6.603252622726374e-05
77,Ex-post Quantile Gradient Boosting,Uniform gross,1997.5196606771683,1004.2767519113986,993.2429087657697,0.9890131449078865,0.4972381140063752,6.603252622726374e-05
77,Ex-post Quantile Gradient Boosting,Nodal gross,1997.399405193842,1004.2767519113986,993.1226532824435,0.9888934015372496,0.4972078447104893,6.603252622726374e-05
77,Ex-post Quantile Gradient Boosting,Uniform signed net,1975.7310655671092,1004.2767519113986,971.4543136557106,0.9673173373841241,0.4916935966570261,6.603252622726374e-05
77,Ex-post Quantile Gradient Boosting,Nodal signed linear,1975.6054252057113,1004.2767519113986,971.3286732943127,0.9671922320671297,0.49166127046506386,6.603252622726374e-05
77,Ex-post Quantile Gradient Boosting,Nodal exact net value,1967.4184559024216,1004.2767519113986,963.141703991023,0.9590401272935125,0.4895459332006958,6.603252622726374e-05
77,Synthetic Control,Uniform gross,4883.665334829402,1004.2767519113986,3879.3885829180035,3.862868054582089,0.7943600384020826,6.603252622726374e-05
77,Synthetic Control,Nodal gross,4891.6367516698665,1004.2767519113986,3887.359999758468,3.8708055248314923,0.7946951495184987,6.603252622726374e-05
77,Synthetic Control,Uniform signed net,4726.08381648067,1004.2767519113986,3721.8070645692715,3.7059576033057713,0.7875033979699403,6.603252622726374e-05
77,Synthetic Control,Nodal signed linear,4734.161500710761,1004.2767519113986,3729.8847487993626,3.7140008884009577,0.7878659712473641,6.603252622726374e-05
77,Synthetic Control,Nodal exact net value,4700.414895592337,1004.2767519113986,3696.138143680939,3.680397994523154,0.7863429560541291,6.603252622726374e-05
77,Feasible Quantile Projection,Uniform gross,70.3285376969786,1004.2767519113986,-933.94821421442,0.9299709591373839,0.0,6.603252622726374e-05
77,Feasible Quantile Projection,Nodal gross,70.33199490895439,1004.2767519113986,-933.9447570024442,0.929967516648081,0.0,6.603252622726374e-05
77,Feasible Quantile Projection,Uniform signed net,13.701143962686023,1004.2767519113986,-990.5756079487126,0.9863572028959057,0.0,6.603252622726374e-05
77,Feasible Quantile Projection,Nodal signed linear,13.703222514254927,1004.2767519113986,-990.5735293971437,0.9863551331959302,0.0,6.603252622726374e-05
77,Feasible Quantile Projection,Nodal exact net value,13.665218802001618,1004.2767519113986,-990.611533109397,0.9863929750678853,0.0,6.603252622726374e-05
77,Tail-Risk Feasible Counterfactual,Uniform gross,48.76106575504454,1004.2767519113986,-955.515686156354,0.9514465851547,0.0,6.603252622726374e-05
77,Tail-Risk Feasible Counterfactual,Nodal gross,48.760811653919916,1004.2767519113986,-955.5159402574786,0.951446838173725,0.0,6.603252622726374e-05
77,Tail-Risk Feasible Counterfactual,Uniform signed net,5.359293145752856,1004.2767519113986,-998.9174587656457,0.9946635296141698,0.0,6.603252622726374e-05
77,Tail-Risk Feasible Counterfactual,Nodal signed linear,5.359582698486109,1004.2767519113986,-998.9171692129125,0.9946632412945083,0.0,6.603252622726374e-05
77,Tail-Risk Feasible Counterfactual,Nodal exact net value,5.321578986229724,1004.2767519113986,-998.9551729251689,0.9947010831664664,0.0,6.603252622726374e-05
77,Single Feasible Projection,Uniform gross,60.710536508338116,1004.2767519113986,-943.5662154030605,0.9395480016909779,0.0,6.603252622726374e-05
77,Single Feasible Projection,Nodal gross,60.712784936346935,1004.2767519113986,-943.5639669750517,0.9395457628379879,0.0,6.603252622726374e-05
77,Single Feasible Projection,Uniform signed net,4.618527782440651e-13,1004.2767519113986,-1004.2767519113982,0.9999999999999996,0.0,6.603252622726374e-05
77,Single Feasible Projection,Nodal signed linear,-0.0003385506879386435,1004.2767519113986,-1004.2770904620866,1.0000003371089565,0.0,6.603252622726374e-05
77,Single Feasible Projection,Nodal exact net value,-0.03834226294566179,1004.2767519113986,-1004.3150941743443,1.000038178980916,0.0,6.603252622726374e-05
77,Risk-Constrained Convex Verifier,Uniform gross,60.710536508338116,1004.2767519113986,-943.5662154030605,0.9395480016909779,0.0,6.603252622726374e-05
77,Risk-Constrained Convex Verifier,Nodal gross,60.712784936346935,1004.2767519113986,-943.5639669750517,0.9395457628379879,0.0,6.603252622726374e-05
77,Risk-Constrained Convex Verifier,Uniform signed net,4.618527782440651e-13,1004.2767519113986,-1004.2767519113982,0.9999999999999996,0.0,6.603252622726374e-05
77,Risk-Constrained Convex Verifier,Nodal signed linear,-0.0003385506879386435,1004.2767519113986,-1004.2770904620866,1.0000003371089565,0.0,6.603252622726374e-05
77,Risk-Constrained Convex Verifier,Nodal exact net value,-0.03834226294566179,1004.2767519113986,-1004.3150941743443,1.000038178980916,0.0,6.603252622726374e-05
77,Trace-Anchored Reference,Uniform gross,1020.4374535138223,1004.2767519113986,16.160701602423728,0.016091880621218933,0.015837032977156225,6.603252622726374e-05
77,Trace-Anchored Reference,Nodal gross,1020.4542750619553,1004.2767519113986,16.17752315055668,0.016108630534129826,0.01585325628585807,6.603252622726374e-05
77,Trace-Anchored Reference,Uniform signed net,1000.9496968819924,1004.2767519113986,-3.3270550294062105,0.0033128866351570556,0.0,6.603252622726374e-05
77,Trace-Anchored Reference,Nodal signed linear,1000.9656897060044,1004.2767519113986,-3.3110622053942507,0.0032969619172130015,0.0,6.603252622726374e-05
77,Trace-Anchored Reference,Nodal exact net value,1000.2624052274987,1004.2767519113986,-4.01434668389993,0.0039972514312012,0.0,6.603252622726374e-05
78,High-5-of-10,Uniform gross,8672.226334806932,138.03820132096735,8534.188133485964,61.8248285751146,0.984082726166067,8.572496346516412e-05
78,High-5-of-10,Nodal gross,9244.411275208704,138.03820132096735,9106.373073887737,65.96994880216917,0.9850679294536416,8.572496346516412e-05
78,High-5-of-10,Uniform signed net,7984.878502491743,138.03820132096735,7846.840301170776,56.84542558566994,0.9827125483151821,8.572496346516412e-05
78,High-5-of-10,Nodal signed linear,8575.449249411471,138.03820132096735,8437.411048090504,61.123739423927866,0.9839030939014138,8.572496346516412e-05
78,High-5-of-10,Nodal exact net value,7697.416631093249,138.03820132096735,7559.378429772281,54.76294502124933,0.9820669442831806,8.572496346516412e-05
78,Ridge,Uniform gross,5927.434353666514,138.03820132096735,5789.396152345546,41.9405360033923,0.9767119814265709,8.572496346516412e-05
78,Ridge,Nodal gross,5927.008760615626,138.03820132096735,5788.970559294658,41.9374528492595,0.9767103092139466,8.572496346516412e-05
78,Ridge,Uniform signed net,5564.017848181373,138.03820132096735,5425.979646860405,39.30781185886276,0.9751909132775184,8.572496346516412e-05
78,Ridge,Nodal signed linear,5563.606064904507,138.03820132096735,5425.567863583539,39.30482874786214,0.9751890770642949,8.572496346516412e-05
78,Ridge,Nodal exact net value,5548.251364310272,138.03820132096735,5410.213162989305,39.19359359377221,0.9751204132154299,8.572496346516412e-05
78,Gradient Boosting,Uniform gross,5944.934391466195,138.03820132096735,5806.896190145228,42.06731277701159,0.9767805341099949,8.572496346516412e-05
78,Gradient Boosting,Nodal gross,5944.580933965642,138.03820132096735,5806.542732644674,42.06475219959772,0.9767791535089957,8.572496346516412e-05
78,Gradient Boosting,Uniform signed net,5583.349603571227,138.03820132096735,5445.31140225026,39.44785827503493,0.9752768121070772,8.572496346516412e-05
78,Gradient Boosting,Nodal signed linear,5583.0291979680605,138.03820132096735,5444.990996647093,39.44553713784175,0.9752753932629967,8.572496346516412e-05
78,Gradient Boosting,Nodal exact net value,5568.091470243002,138.03820132096735,5430.0532689220345,39.33732269008662,0.9752090636336218,8.572496346516412e-05
78,Extra Trees,Uniform gross,5967.364030362643,138.03820132096735,5829.325829041675,42.2298014119098,0.976867809535565,8.572496346516412e-05
78,Extra Trees,Nodal gross,5975.348623022034,138.03820132096735,5837.310421701067,42.28764476674188,0.9768987200530646,8.572496346516412e-05
78,Extra Trees,Uniform signed net,5231.333832750403,138.03820132096735,5093.295631429436,36.8977252868318,0.9736131920205916,8.572496346516412e-05
78,Extra Trees,Nodal signed linear,5240.021287634919,138.03820132096735,5101.983086313951,36.96066043667714,0.97365693882834,8.572496346516412e-05
78,Extra Trees,Nodal exact net value,5199.8687691045925,138.03820132096735,5061.830567783625,36.669780679145646,0.9734535221078786,8.572496346516412e-05
78,Metadata Gradient Boosting,Uniform gross,4426.682300041231,138.03820132096735,4288.644098720264,31.06853072323277,0.9688167815161071,8.572496346516412e-05
78,Metadata Gradient Boosting,Nodal gross,4426.359943387095,138.03820132096735,4288.321742066128,31.066195451901706,0.9688145105489684,8.572496346516412e-05
78,Metadata Gradient Boosting,Uniform signed net,4113.624122020509,138.03820132096735,3975.585920699542,28.80062100675655,0.9664436523059947,8.572496346516412e-05
78,Metadata Gradient Boosting,Nodal signed linear,4113.321107507829,138.03820132096735,3975.2829061868615,28.79842585708218,0.966441180322875,8.572496346516412e-05
78,Metadata Gradient Boosting,Nodal exact net value,4098.383379782776,138.03820132096735,3960.3451784618082,28.690211409327098,0.9663188656283581,8.572496346516412e-05
78,Ex-post Metadata Gradient Boosting,Uniform gross,4798.167013277504,138.03820132096735,4660.128811956537,33.75970396137497,0.9712310553302985,8.572496346516412e-05
78,Ex-post Metadata Gradient Boosting,Nodal gross,4797.83512116736,138.03820132096735,4659.7969198463925,33.75729961165896,0.9712290652273642,8.572496346516412e-05
78,Ex-post Metadata Gradient Boosting,Uniform signed net,4456.939449770302,138.03820132096735,4318.901248449335,31.287724753867206,0.9690284773045141,8.572496346516412e-05
78,Ex-post Metadata Gradient Boosting,Nodal signed linear,4456.624268173684,138.03820132096735,4318.586066852717,31.28544146131774,0.969026286934991,8.572496346516412e-05
78,Ex-post Metadata Gradient Boosting,Nodal exact net value,4441.686540448616,138.03820132096735,4303.648339127649,31.17722701356255,0.968922119995657,8.572496346516412e-05
78,Ex-post Quantile Gradient Boosting,Uniform gross,1860.8902722280739,138.03820132096735,1722.8520709071065,12.48098029690433,0.9258214181776059,8.572496346516412e-05
78,Ex-post Quantile Gradient Boosting,Nodal gross,1860.750646815017,138.03820132096735,1722.7124454940497,12.479968798552997,0.925815852028727,8.572496346516412e-05
78,Ex-post Quantile Gradient Boosting,Uniform signed net,1485.6757610808843,138.03820132096735,1347.637559759917,9.762787017387897,0.9070872629566633,8.572496346516412e-05
78,Ex-post Quantile Gradient Boosting,Nodal signed linear,1485.5467920969709,138.03820132096735,1347.5085907760035,9.761852718167253,0.9070791966598944,8.572496346516412e-05
78,Ex-post Quantile Gradient Boosting,Nodal exact net value,1480.3800498155615,138.03820132096735,1342.3418484945942,9.724422918068687,0.9067548895041072,8.572496346516412e-05
78,Synthetic Control,Uniform gross,6064.797531118664,138.03820132096735,5926.759329797696,42.93564587977176,0.9772394378192035,8.572496346516412e-05
78,Synthetic Control,Nodal gross,6072.683261244903,138.03820132096735,5934.645059923936,42.99277303769454,0.97726899372442,8.572496346516412e-05
78,Synthetic Control,Uniform signed net,5373.822309143403,138.03820132096735,5235.7841078224355,37.92996473235808,0.9743128459818816,8.572496346516412e-05
78,Synthetic Control,Nodal signed linear,5382.210058450345,138.03820132096735,5244.171857129378,37.99072870368395,0.9743528773827324,8.572496346516412e-05
78,Synthetic Control,Nodal exact net value,5353.722610743003,138.03820132096735,5215.684409422036,37.784355051791,0.974216407655493,8.572496346516412e-05
78,Feasible Quantile Projection,Uniform gross,386.30713196458834,138.03820132096735,248.268930643621,1.79855234469728,0.6426723974290464,8.572496346516412e-05
78,Feasible Quantile Projection,Nodal gross,386.2930996613695,138.03820132096735,248.25489834040218,1.7984506894809376,0.6426594173129839,8.572496346516412e-05
78,Feasible Quantile Projection,Uniform signed net,0.6386849613154766,138.03820132096735,-137.39951635965187,0.9953731289222583,0.0,8.572496346516412e-05
78,Feasible Quantile Projection,Nodal signed linear,0.6348646874282124,138.03820132096735,-137.40333663353914,0.9954008044052094,0.0,8.572496346516412e-05
78,Feasible Quantile Projection,Nodal exact net value,0.5312724567120313,138.03820132096735,-137.50692886425531,0.9961512650003551,0.0,8.572496346516412e-05
78,Tail-Risk Feasible Counterfactual,Uniform gross,279.0749396650529,138.03820132096735,141.03673834408556,1.0217225159008412,0.5053722792643386,8.572496346516412e-05
78,Tail-Risk Feasible Counterfactual,Nodal gross,279.06261742167993,138.03820132096735,141.02441610071259,1.0216332489931659,0.5053504385634585,8.572496346516412e-05
78,Tail-Risk Feasible Counterfactual,Uniform signed net,0.2563551390321257,138.03820132096735,-137.7818461819352,0.9981428681583872,0.0,8.572496346516412e-05
78,Tail-Risk Feasible Counterfactual,Nodal signed linear,0.2538265635572634,138.03820132096735,-137.7843747574101,0.9981611860982812,0.0,8.572496346516412e-05
78,Tail-Risk Feasible Counterfactual,Nodal exact net value,0.15023433283204213,138.03820132096735,-137.8879669881353,0.9989116466934923,0.0,8.572496346516412e-05
78,Single Feasible Projection,Uniform gross,278.1883918113766,138.03820132096735,140.15019049040927,1.015300033970532,0.5037959692632933,8.572496346516412e-05
78,Single Feasible Projection,Nodal gross,278.1812306438658,138.03820132096735,140.14302932289843,1.0152481558133095,0.5037831955755234,8.572496346516412e-05
78,Single Feasible Projection,Uniform signed net,3.694822225952521e-13,138.03820132096735,-138.03820132096698,0.9999999999999973,0.0,8.572496346516412e-05
78,Single Feasible Projection,Nodal signed linear,-0.0017733008980087561,138.03820132096735,-138.03997462186535,1.000012846450338,0.0,8.572496346516412e-05
78,Single Feasible Projection,Nodal exact net value,-0.10536553161364282,138.03820132096735,-138.143566852581,1.0007633070454798,0.0,8.572496346516412e-05
78,Risk-Constrained Convex Verifier,Uniform gross,278.1883918113766,138.03820132096735,140.15019049040927,1.015300033970532,0.5037959692632933,8.572496346516412e-05
78,Risk-Constrained Convex Verifier,Nodal gross,278.1812306438658,138.03820132096735,140.14302932289843,1.0152481558133095,0.5037831955755234,8.572496346516412e-05
78,Risk-Constrained Convex Verifier,Uniform signed net,3.694822225952521e-13,138.03820132096735,-138.03820132096698,0.9999999999999973,0.0,8.572496346516412e-05
78,Risk-Constrained Convex Verifier,Nodal signed linear,-0.0017733008980087561,138.03820132096735,-138.03997462186535,1.000012846450338,0.0,8.572496346516412e-05
78,Risk-Constrained Convex Verifier,Nodal exact net value,-0.10536553161364282,138.03820132096735,-138.143566852581,1.0007633070454798,0.0,8.572496346516412e-05
78,Trace-Anchored Reference,Uniform gross,414.66113836587857,138.03820132096735,276.6229370449112,2.0039592982069196,0.6671060088607373,8.572496346516412e-05
78,Trace-Anchored Reference,Nodal gross,414.64879327837554,138.03820132096735,276.6105919574082,2.0038698658078817,0.6670960978094659,8.572496346516412e-05
78,Trace-Anchored Reference,Uniform signed net,137.96962021170643,138.03820132096735,-0.06858110926091854,0.0004968270276244275,0.0,8.572496346516412e-05
78,Trace-Anchored Reference,Nodal signed linear,137.96214814933666,138.03820132096735,-0.07605317163069003,0.0005509574226764277,0.0,8.572496346516412e-05
78,Trace-Anchored Reference,Nodal exact net value,137.69957780347613,138.03820132096735,-0.33862351749121444,0.002453114530982947,0.0,8.572496346516412e-05
79,High-5-of-10,Uniform gross,8468.19178154786,-1744.8412344431417,10213.033015991,5.853273532505922,1.2060464948662524,0.0006074654942293395
79,High-5-of-10,Nodal gross,9041.532369542614,-1744.8412344431417,10786.373603985756,6.1818653703631545,1.192980698749786,0.0006074654942293395
79,High-5-of-10,Uniform signed net,3998.113664654282,-1744.8412344431417,5742.954899097424,3.291391093774937,1.4364161153967638,0.0006074654942293395
79,High-5-of-10,Nodal signed linear,4589.742112913503,-1744.8412344431417,6334.5833473566445,3.6304640343843655,1.3801610616714022,0.0006074654942293395
79,High-5-of-10,Nodal exact net value,3732.840330459705,-1744.8412344431417,5477.681564902847,3.1393581586527697,1.4674299139465903,0.0006074654942293395
79,Ridge,Uniform gross,3572.694191185786,-1744.8412344431417,5317.535425628928,3.0475755161334184,1.4883824758211464,0.0006074654942293395
79,Ridge,Nodal gross,3572.341822510487,-1744.8412344431417,5317.183056953629,3.0473735672865296,1.4884306488948873,0.0006074654942293395
79,Ridge,Uniform signed net,-337.07673968033157,-1744.8412344431417,1407.76449476281,0.8068152373829541,0.8068152373829541,0.0006074654942293395
79,Ridge,Nodal signed linear,-337.43427241011625,-1744.8412344431417,1407.4069620330256,0.8066103289232462,0.8066103289232462,0.0006074654942293395
79,Ridge,Nodal exact net value,-392.17190905806274,-1744.8412344431417,1352.669325385079,0.7752392015292884,0.7752392015292884,0.0006074654942293395
79,Gradient Boosting,Uniform gross,4578.078948059997,-1744.8412344431417,6322.920182503139,3.6237796641257565,1.3811295642209347,0.0006074654942293395
79,Gradient Boosting,Nodal gross,4577.694602434689,-1744.8412344431417,6322.535836877831,3.623559388711741,1.3811615640578407,0.0006074654942293395
79,Gradient Boosting,Uniform signed net,461.3085363802395,-1744.8412344431417,2206.149770823381,1.2643842472736289,1.2643842472736289,0.0006074654942293395
79,Gradient Boosting,Nodal signed linear,460.9294185234647,-1744.8412344431417,2205.7706529666066,1.2641669679881038,1.2641669679881038,0.0006074654942293395
79,Gradient Boosting,Nodal exact net value,409.98839967152526,-1744.8412344431417,2154.829634114667,1.2349717507692735,1.2349717507692735,0.0006074654942293395
79,Extra Trees,Uniform gross,7219.913804926279,-1744.8412344431417,8964.755039369422,5.137862896867223,1.2416706461582139,0.0006074654942293395
79,Extra Trees,Nodal gross,7495.487047066701,-1744.8412344431417,9240.328281509843,5.2957988951119965,1.2327855713026643,0.0006074654942293395
79,Extra Trees,Uniform signed net,2998.085964450052,-1744.8412344431417,4742.927198893194,2.7182571716370965,1.581985058178011,0.0006074654942293395
79,Extra Trees,Nodal signed linear,3326.4297843255454,-1744.8412344431417,5071.271018768687,2.906436940314034,1.5245387239691637,0.0006074654942293395
79,Extra Trees,Nodal exact net value,2903.849143518688,-1744.8412344431417,4648.69037796183,2.664248348902322,1.600871859455089,0.0006074654942293395
79,Metadata Gradient Boosting,Uniform gross,5012.579487247311,-1744.8412344431417,6757.420721690452,3.872799764413553,1.348092481901236,0.0006074654942293395
79,Metadata Gradient Boosting,Nodal gross,5012.218387864848,-1744.8412344431417,6757.05962230799,3.8725928118408293,1.3481175598149515,0.0006074654942293395
79,Metadata Gradient Boosting,Uniform signed net,1283.8617784918652,-1744.8412344431417,3028.703012935007,1.7358043546590094,1.7358043546590094,0.0006074654942293395
79,Metadata Gradient Boosting,Nodal signed linear,1283.5061419312165,-1744.8412344431417,3028.347376374358,1.7356005329280528,1.7356005329280528,0.0006074654942293395
79,Metadata Gradient Boosting,Nodal exact net value,1232.565123079261,-1744.8412344431417,2977.4063575224027,1.7064053157092134,1.7064053157092134,0.0006074654942293395
79,Ex-post Metadata Gradient Boosting,Uniform gross,3880.1979734950305,-1744.8412344431417,5625.039207938173,3.223811483188256,1.4496784046489006,0.0006074654942293395
79,Ex-post Metadata Gradient Boosting,Nodal gross,3879.857763735718,-1744.8412344431417,5624.698998178859,3.223616502835547,1.4497178352134028,0.0006074654942293395
79,Ex-post Metadata Gradient Boosting,Uniform signed net,125.13213283577579,-1744.8412344431417,1869.9733672789175,1.071715483544101,1.071715483544101,0.0006074654942293395
79,Ex-post Metadata Gradient Boosting,Nodal signed linear,124.79990741809661,-1744.8412344431417,1869.6411418612383,1.0715250791616728,1.0715250791616728,0.0006074654942293395
79,Ex-post Metadata Gradient Boosting,Nodal exact net value,74.13946924136326,-1744.8412344431417,1818.980703684505,1.0424906677913446,1.0424906677913446,0.0006074654942293395
79,Ex-post Quantile Gradient Boosting,Uniform gross,839.8590803071081,-1744.8412344431417,2584.70031475025,1.481338395567632,1.481338395567632,0.0006074654942293395
79,Ex-post Quantile Gradient Boosting,Nodal gross,839.8277199022996,-1744.8412344431417,2584.6689543454413,1.4813204223536858,1.4813204223536858,0.0006074654942293395
79,Ex-post Quantile Gradient Boosting,Uniform signed net,-3226.107074312305,-1744.8412344431417,-1481.2658398691633,0.848940184716521,0.0,0.0006074654942293395
79,Ex-post Quantile Gradient Boosting,Nodal signed linear,-3226.136298749763,-1744.8412344431417,-1481.295064306621,0.8489569337690313,0.0,0.0006074654942293395
79,Ex-post Quantile Gradient Boosting,Nodal exact net value,-3279.8121496911954,-1744.8412344431417,-1534.9709152480536,0.87971953261291,0.0,0.0006074654942293395
79,Synthetic Control,Uniform gross,4975.035674705823,-1744.8412344431417,6719.876909148965,3.8512827279059483,1.350719341232928,0.0006074654942293395
79,Synthetic Control,Nodal gross,4983.046279773975,-1744.8412344431417,6727.887514217116,3.855873750235099,1.3501555346827494,0.0006074654942293395
79,Synthetic Control,Uniform signed net,379.6009736195705,-1744.8412344431417,2124.4422080627123,1.2175561685076284,1.2175561685076284,0.0006074654942293395
79,Synthetic Control,Nodal signed linear,389.21390013982864,-1744.8412344431417,2134.0551345829704,1.2230655101775174,1.2230655101775174,0.0006074654942293395
79,Synthetic Control,Nodal exact net value,326.270140562443,-1744.8412344431417,2071.1113750055847,1.1869913056396622,1.1869913056396622,0.0006074654942293395
79,Feasible Quantile Projection,Uniform gross,897.6391470121764,-1744.8412344431417,2642.480381455318,1.5144531945329993,1.5144531945329993,0.0006074654942293395
79,Feasible Quantile Projection,Nodal gross,893.6036239702198,-1744.8412344431417,2638.4448584133615,1.5121403634499786,1.5121403634499786,0.0006074654942293395
79,Feasible Quantile Projection,Uniform signed net,-39.42920151239351,-1744.8412344431417,1705.4120329307482,0.9774024130482123,0.9774024130482123,0.0006074654942293395
79,Feasible Quantile Projection,Nodal signed linear,-22.001459329944183,-1744.8412344431417,1722.8397751131974,0.9873905666053531,0.9873905666053531,0.0006074654942293395
79,Feasible Quantile Projection,Nodal exact net value,-27.542599011292623,-1744.8412344431417,1717.298635431849,0.9842148394549589,0.9842148394549589,0.0006074654942293395
79,Tail-Risk Feasible Counterfactual,Uniform gross,906.7240176484611,-1744.8412344431417,2651.565252091603,1.519659897846143,1.519659897846143,0.0006074654942293395
79,Tail-Risk Feasible Counterfactual,Nodal gross,902.6887848197124,-1744.8412344431417,2647.5300192628542,1.517347233089549,1.517347233089549,0.0006074654942293395
79,Tail-Risk Feasible Counterfactual,Uniform signed net,-26.405704572461996,-1744.8412344431417,1718.4355298706798,0.9848664141749899,0.9848664141749899,0.0006074654942293395
79,Tail-Risk Feasible Counterfactual,Nodal signed linear,-14.655550831410963,-1744.8412344431417,1730.1856836117308,0.9916006393349088,0.9916006393349088,0.0006074654942293395
79,Tail-Risk Feasible Counterfactual,Nodal exact net value,-18.763955189228,-1744.8412344431417,1726.0772792539137,0.9892460386545047,0.9892460386545047,0.0006074654942293395
79,Single Feasible Projection,Uniform gross,953.7500900880799,-1744.8412344431417,2698.5913245312217,1.546611388624401,1.546611388624401,0.0006074654942293395
79,Single Feasible Projection,Nodal gross,944.3590427202971,-1744.8412344431417,2689.200277163439,1.5412292099009715,1.5412292099009715,0.0006074654942293395
79,Single Feasible Projection,Uniform signed net,35.237564753864135,-1744.8412344431417,1780.0787991970058,1.0201952842804691,1.0201952842804691,0.0006074654942293395
79,Single Feasible Projection,Nodal signed linear,48.665688132632795,-1744.8412344431417,1793.5069225757745,1.0278911841214964,1.0278911841214964,0.0006074654942293395
79,Single Feasible Projection,Nodal exact net value,41.376323072927335,-1744.8412344431417,1786.217557516069,1.0237135174571528,1.0237135174571528,0.0006074654942293395
79,Risk-Constrained Convex Verifier,Uniform gross,943.9794009146077,-1744.8412344431417,2688.8206353577493,1.5410116303308676,1.5410116303308676,0.0006074654942293395
79,Risk-Constrained Convex Verifier,Nodal gross,934.5896183353377,-1744.8412344431417,2679.4308527784797,1.5356301764805598,1.5356301764805598,0.0006074654942293395
79,Risk-Constrained Convex Verifier,Uniform signed net,25.466875580391967,-1744.8412344431417,1770.3081100235338,1.014595525986936,1.014595525986936,0.0006074654942293395
79,Risk-Constrained Convex Verifier,Nodal signed linear,38.89626374767337,-1744.8412344431417,1783.7374981908151,1.022292150701085,1.022292150701085,0.0006074654942293395
79,Risk-Constrained Convex Verifier,Nodal exact net value,31.606898687972716,-1744.8412344431417,1776.4481331311144,1.0181144840367438,1.0181144840367438,0.0006074654942293395
79,Trace-Anchored Reference,Uniform gross,955.1983739707026,-1744.8412344431417,2700.0396084138442,1.5474414262542058,1.5474414262542058,0.0006074654942293395
79,Trace-Anchored Reference,Nodal gross,955.1716618660488,-1744.8412344431417,2700.0128963091906,1.5474261170649648,1.5474261170649648,0.0006074654942293395
79,Trace-Anchored Reference,Uniform signed net,-1695.0752977691277,-1744.8412344431417,49.76593667401403,0.028521756416363352,0.028521756416363352,0.0006074654942293395
79,Trace-Anchored Reference,Nodal signed linear,-1695.0888123441796,-1744.8412344431417,49.75242209896214,0.0285140109695083,0.0285140109695083,0.0006074654942293395
79,Trace-Anchored Reference,Nodal exact net value,-1743.1125519691814,-1744.8412344431417,1.7286824739603617,0.0009907391227558092,0.0009907391227558092,0.0006074654942293395
80,High-5-of-10,Uniform gross,8455.4313788537,613.9022108432182,7841.529168010482,12.773254485009659,0.9273955185327937,0.0006136406270706024
80,High-5-of-10,Nodal gross,9130.805036872951,613.9022108432182,8516.902826029733,13.873386796133932,0.9327658176508976,0.0006136406270706024
80,High-5-of-10,Uniform signed net,6328.031709405845,613.9022108432182,5714.129498562626,9.30788226143387,0.9029868624187316,0.0006136406270706024
80,High-5-of-10,Nodal signed linear,7077.7082670109685,613.9022108432182,6463.80605616775,10.529048343529281,0.91326257205251,0.0006136406270706024
80,High-5-of-10,Nodal exact net value,6099.605899307015,613.9022108432182,5485.703688463796,8.935793993849561,0.8993537908878728,0.0006136406270706024
80,Ridge,Uniform gross,6698.40319535368,613.9022108432182,6084.500984510461,9.911189236724146,0.9083509617233777,0.0006136406270706024
80,Ridge,Nodal gross,6697.960285977973,613.9022108432182,6084.058075134755,9.910467771044624,0.908344901338336,0.0006136406270706024
80,Ridge,Uniform signed net,4876.429409040397,613.9022108432182,4262.527198197179,6.943332542071212,0.8741082543499744,0.0006136406270706024
80,Ridge,Nodal signed linear,4875.994598170766,613.9022108432182,4262.092387327548,6.942624268242007,0.8740970281071426,0.0006136406270706024
80,Ridge,Nodal exact net value,4831.123475284367,613.9022108432182,4217.221264441148,6.869532622546893,0.8729276504763557,0.0006136406270706024
80,Gradient Boosting,Uniform gross,5246.552953036377,613.9022108432182,4632.650742193159,7.546235638783636,0.8829894187024396,0.0006136406270706024
80,Gradient Boosting,Nodal gross,5246.152633681101,613.9022108432182,4632.250422837883,7.545583549007438,0.8829804899495542,0.0006136406270706024
80,Gradient Boosting,Uniform signed net,3312.2933322101258,613.9022108432182,2698.3911213669076,4.395473861644128,0.814659467241812,0.0006136406270706024
80,Gradient Boosting,Nodal signed linear,3311.881681299311,613.9022108432182,2697.9794704560927,4.394803313625983,0.8146364303079894,0.0006136406270706024
80,Gradient Boosting,Nodal exact net value,3306.844483279936,613.9022108432182,2692.9422724367178,4.386598101247849,0.8143540726069127,0.0006136406270706024
80,Extra Trees,Uniform gross,6706.363547087885,613.9022108432182,6092.461336244667,9.924156044130283,0.9084597477406673,0.0006136406270706024
80,Extra Trees,Nodal gross,6746.863046899203,613.9022108432182,6132.960836055985,9.990126648399146,0.9090092378375219,0.0006136406270706024
80,Extra Trees,Uniform signed net,4507.179749685108,613.9022108432182,3893.2775388418895,6.341852936959331,0.8637946021819723,0.0006136406270706024
80,Extra Trees,Nodal signed linear,4554.024230850517,613.9022108432182,3940.1220200072985,6.418159033171407,0.8651956643786752,0.0006136406270706024
80,Extra Trees,Nodal exact net value,4467.254008446562,613.9022108432182,3853.3517976033436,6.276816941757902,0.8625772768500585,0.0006136406270706024
80,Metadata Gradient Boosting,Uniform gross,4918.730624500904,613.9022108432182,4304.828413657686,7.0122380040704515,0.8751909267433181,0.0006136406270706024
80,Metadata Gradient Boosting,Nodal gross,4918.340937768019,613.9022108432182,4304.438726924801,7.011603234027272,0.8751810379534584,0.0006136406270706024
80,Metadata Gradient Boosting,Uniform signed net,3312.786898108886,613.9022108432182,2698.8846872656677,4.3962778429461045,0.8146870807797307,0.0006136406270706024
80,Metadata Gradient Boosting,Nodal signed linear,3312.4238709206634,613.9022108432182,2698.521660077445,4.395686499273105,0.8146667712931954,0.0006136406270706024
80,Metadata Gradient Boosting,Nodal exact net value,3307.3866729012734,613.9022108432182,2693.484462058055,4.387481286894945,0.8143845060896079,0.0006136406270706024
80,Ex-post Metadata Gradient Boosting,Uniform gross,6233.101065983219,613.9022108432182,5619.198855140001,9.153247464969732,0.9015093443304565,0.0006136406270706024
80,Ex-post Metadata Gradient Boosting,Nodal gross,6232.6895006528475,613.9022108432182,5618.787289809629,9.15257705635562,0.9015028406631015,0.0006136406270706024
80,Ex-post Metadata Gradient Boosting,Uniform signed net,4780.24134341829,613.9022108432182,4166.339132575072,6.786649500500162,0.8715750593453877,0.0006136406270706024
80,Ex-post Metadata Gradient Boosting,Nodal signed linear,4779.857266154674,613.9022108432182,4165.955055311456,6.7860238678556914,0.8715647399787121,0.0006136406270706024
80,Ex-post Metadata Gradient Boosting,Nodal exact net value,4747.498306018737,613.9022108432182,4133.596095175519,6.733313583441679,0.8706893249303678,0.0006136406270706024
80,Ex-post Quantile Gradient Boosting,Uniform gross,848.2893518536486,613.9022108432182,234.38714101043035,0.3817988221421953,0.27630565030464754,0.0006136406270706024
80,Ex-post Quantile Gradient Boosting,Nodal gross,848.2541208937367,613.9022108432182,234.35191005051854,0.38174143358862844,0.2762755927476083,0.0006136406270706024
80,Ex-post Quantile Gradient Boosting,Uniform signed net,-855.538164935426,613.9022108432182,-1469.4403757786442,2.3936065872125,0.0,0.0006136406270706024
80,Ex-post Quantile Gradient Boosting,Nodal signed linear,-855.571150730409,613.9022108432182,-1469.4733615736272,2.3936603185631946,0.0,0.0006136406270706024
80,Ex-post Quantile Gradient Boosting,Nodal exact net value,-859.6575696021173,613.9022108432182,-1473.5597804453355,2.4003167840385276,0.0,0.0006136406270706024
80,Synthetic Control,Uniform gross,6319.9246757008095,613.9022108432182,5706.022464857591,9.294676520255809,0.902862416508921,0.0006136406270706024
80,Synthetic Control,Nodal gross,6319.404008012982,613.9022108432182,5705.501797169763,9.293828392201158,0.9028544131590902,0.0006136406270706024
80,Synthetic Control,Uniform signed net,4095.3061193833873,613.9022108432182,3481.403908540169,5.67094212571466,0.8500961361746382,0.0006136406270706024
80,Synthetic Control,Nodal signed linear,4094.776392904544,613.9022108432182,3480.874182061326,5.670079241578576,0.850076743651499,0.0006136406270706024
80,Synthetic Control,Nodal exact net value,4089.497488644556,613.9022108432182,3475.595277801338,5.661480308121834,0.8498832160802492,0.0006136406270706024
80,Feasible Quantile Projection,Uniform gross,754.0037282526904,613.9022108432182,140.1015174094722,0.22821471389887552,0.18581011228437821,0.0006136406270706024
80,Feasible Quantile Projection,Nodal gross,753.9552181372485,613.9022108432182,140.0530072940303,0.22813569461113706,0.1857577266194281,0.0006136406270706024
80,Feasible Quantile Projection,Uniform signed net,-10.920648770488436,613.9022108432182,-624.8228596137067,1.0177889060791758,0.0,0.0006136406270706024
80,Feasible Quantile Projection,Nodal signed linear,-10.93373265271352,613.9022108432182,-624.8359434959317,1.0178102187279887,0.0,0.0006136406270706024
80,Feasible Quantile Projection,Nodal exact net value,-10.959003506148292,613.9022108432182,-624.8612143493665,1.017851383025801,0.0,0.0006136406270706024
80,Tail-Risk Feasible Counterfactual,Uniform gross,732.587028727563,613.9022108432182,118.68481788434485,0.19332853960784196,0.16200780689563885,0.0006136406270706024
80,Tail-Risk Feasible Counterfactual,Nodal gross,732.5295215504797,613.9022108432182,118.62731070726147,0.19323486479112417,0.16194202037915642,0.0006136406270706024
80,Tail-Risk Feasible Counterfactual,Uniform signed net,39.139872956289565,613.9022108432182,-574.7623378869287,0.936244124446906,0.0,0.0006136406270706024
80,Tail-Risk Feasible Counterfactual,Nodal signed linear,39.11859199566768,613.9022108432182,-574.7836188475505,0.9362787895128497,0.0,0.0006136406270706024
80,Tail-Risk Feasible Counterfactual,Nodal exact net value,39.118591995633324,613.9022108432182,-574.7836188475849,0.9362787895129056,0.0,0.0006136406270706024
80,Single Feasible Projection,Uniform gross,610.4133115358375,613.9022108432182,-3.488899307380734,0.005683151560227479,0.0,0.0006136406270706024
80,Single Feasible Projection,Nodal gross,610.3683604038995,613.9022108432182,-3.5338504393187122,0.005756373534581075,0.0,0.0006136406270706024
80,Single Feasible Projection,Uniform signed net,0.4247652593119767,613.9022108432182,-613.4774455839063,0.9993080897058043,0.0,0.0006136406270706024
80,Single Feasible Projection,Nodal signed linear,0.41656794540168995,613.9022108432182,-613.4856428978165,0.9993214425065687,0.0,0.0006136406270706024
80,Single Feasible Projection,Nodal exact net value,0.4165679453944904,613.9022108432182,-613.4856428978237,0.9993214425065805,0.0,0.0006136406270706024
80,Risk-Constrained Convex Verifier,Uniform gross,610.4133115358377,613.9022108432182,-3.488899307380507,0.005683151560227109,0.0,0.0006136406270706024
80,Risk-Constrained Convex Verifier,Nodal gross,610.3683604038997,613.9022108432182,-3.533850439318485,0.005756373534580705,0.0,0.0006136406270706024
80,Risk-Constrained Convex Verifier,Uniform signed net,0.4247652593124989,613.9022108432182,-613.4774455839057,0.9993080897058033,0.0,0.0006136406270706024
80,Risk-Constrained Convex Verifier,Nodal signed linear,0.4165679454022051,613.9022108432182,-613.485642897816,0.9993214425065678,0.0,0.0006136406270706024
80,Risk-Constrained Convex Verifier,Nodal exact net value,0.4165679453944904,613.9022108432182,-613.4856428978237,0.9993214425065805,0.0,0.0006136406270706024
80,Trace-Anchored Reference,Uniform gross,1068.1226192802233,613.9022108432182,454.22040843700506,0.7398904913750285,0.42525118393531536,0.0006136406270706024
80,Trace-Anchored Reference,Nodal gross,1068.075784380127,613.9022108432182,454.17357353690886,0.7398142008856493,0.42522598131975714,0.0006136406270706024
80,Trace-Anchored Reference,Uniform signed net,612.4440868117216,613.9022108432182,-1.4581240314965953,0.002375173123246789,0.0,0.0006136406270706024
80,Trace-Anchored Reference,Nodal signed linear,612.4309241532061,613.9022108432182,-1.471286690012107,0.0023966140926439056,0.0,0.0006136406270706024
80,Trace-Anchored Reference,Nodal exact net value,611.896217612375,613.9022108432182,-2.00599323084316,0.003267610370856706,0.0,0.0006136406270706024
81,High-5-of-10,Uniform gross,9094.593129809386,-1180.7985817708686,10275.391711580254,8.702069828175125,1.129835229011022,0.0
81,High-5-of-10,Nodal gross,10179.499836724824,-1180.7985817708686,11360.298418495693,9.620860487026004,1.1159977013321296,0.0
81,High-5-of-10,Uniform signed net,3219.639434546826,-1180.7985817708686,4400.438016317695,3.7266626876518303,1.3667487014542266,0.0
81,High-5-of-10,Nodal signed linear,4526.12875647031,-1180.7985817708686,5706.927338241178,4.83310822552173,1.2608848853632064,0.0
81,High-5-of-10,Nodal exact net value,3031.1545670238193,-1180.7985817708686,4211.953148794688,3.5670377774996416,1.3895540645194653,0.0
81,Ridge,Uniform gross,6150.857939051185,-1180.7985817708686,7331.656520822054,6.209066164211184,1.191972988723101,0.0
81,Ridge,Nodal gross,6150.334609471694,-1180.7985817708686,7331.133191242563,6.208622964509246,1.1919893236300354,0.0
81,Ridge,Uniform signed net,1282.885446994544,-1180.7985817708686,2463.6840287654127,2.0864557823829477,1.920424021129215,0.0
81,Ridge,Nodal signed linear,1282.2564331046756,-1180.7985817708686,2463.055014875544,2.0859230802781354,1.9208755372837933,0.0
81,Ridge,Nodal exact net value,1244.1755288574132,-1180.7985817708686,2424.974110628282,2.053672953258037,1.9490610885549673,0.0
81,Gradient Boosting,Uniform gross,4820.253926981239,-1180.7985817708686,6001.052508752107,5.082198269371396,1.2449660535851401,0.0
81,Gradient Boosting,Nodal gross,4819.856599829089,-1180.7985817708686,6000.655181599957,5.081861779170371,1.2449862474773086,0.0
81,Gradient Boosting,Uniform signed net,-824.7844331412748,-1180.7985817708686,356.0141486295938,0.3015028592731471,0.3015028592731471,0.0
81,Gradient Boosting,Nodal signed linear,-825.3229929213896,-1180.7985817708686,355.475588849479,0.30104676135058084,0.30104676135058084,0.0
81,Gradient Boosting,Nodal exact net value,-858.1058286541047,-1180.7985817708686,322.6927531167639,0.2732834863612512,0.2732834863612512,0.0
81,Extra Trees,Uniform gross,6793.980122846919,-1180.7985817708686,7974.778704617787,6.753716364274289,1.1738007118684464,0.0
81,Extra Trees,Nodal gross,6801.871743873391,-1180.7985817708686,7982.67032564426,6.7603996556910495,1.1735990659974502,0.0
81,Extra Trees,Uniform signed net,633.2155113376521,-1180.7985817708686,1814.0140931085207,1.5362603928504093,1.5362603928504093,0.0
81,Extra Trees,Nodal signed linear,646.6757582561228,-1180.7985817708686,1827.4743400269913,1.5476596671434761,1.5476596671434761,0.0
81,Extra Trees,Nodal exact net value,607.1238726447955,-1180.7985817708686,1787.922454415664,1.514163788826947,1.514163788826947,0.0
81,Metadata Gradient Boosting,Uniform gross,4832.810378993066,-1180.7985817708686,6013.608960763934,5.092832133779495,1.2443295906877465,0.0
81,Metadata Gradient Boosting,Nodal gross,4832.4153283097985,-1180.7985817708686,6013.213910080667,5.09249757148465,1.2443495646687033,0.0
81,Metadata Gradient Boosting,Uniform signed net,-368.66949648980204,-1180.7985817708686,812.1290852810666,0.6877795229590296,0.6877795229590296,0.0
81,Metadata Gradient Boosting,Nodal signed linear,-369.16053326418705,-1180.7985817708686,811.6380485066816,0.6873636715327442,0.6873636715327442,0.0
81,Metadata Gradient Boosting,Nodal exact net value,-404.83417285229734,-1180.7985817708686,775.9644089185713,0.6571522196061932,0.6571522196061932,0.0
81,Ex-post Metadata Gradient Boosting,Uniform gross,5361.799020453804,-1180.7985817708686,6542.597602224672,5.540824407506148,1.2202243271831792,0.0
81,Ex-post Metadata Gradient Boosting,Nodal gross,5361.390414735349,-1180.7985817708686,6542.188996506217,5.5404783656622945,1.2202411110605822,0.0
81,Ex-post Metadata Gradient Boosting,Uniform signed net,119.13904114065404,-1180.7985817708686,1299.9376229115226,1.1008970056196872,1.1008970056196872,0.0
81,Ex-post Metadata Gradient Boosting,Nodal signed linear,118.63911673365727,-1180.7985817708686,1299.437698504526,1.1004736273952258,1.1004736273952258,0.0
81,Ex-post Metadata Gradient Boosting,Nodal exact net value,83.54676208765522,-1180.7985817708686,1264.3453438585238,1.0707544566680953,1.0707544566680953,0.0
81,Ex-post Quantile Gradient Boosting,Uniform gross,904.0384343202792,-1180.7985817708686,2084.8370160911477,1.7656161247792774,1.7656161247792774,0.0
81,Ex-post Quantile Gradient Boosting,Nodal gross,904.0065616545149,-1180.7985817708686,2084.8051434253834,1.7655891323131139,1.7655891323131139,0.0
81,Ex-post Quantile Gradient Boosting,Uniform signed net,-4367.246073021626,-1180.7985817708686,-3186.4474912507576,2.6985529458139887,0.0,0.0
81,Ex-post Quantile Gradient Boosting,Nodal signed linear,-4367.338889458208,-1180.7985817708686,-3186.540307687339,2.698631550614176,0.0,0.0
81,Ex-post Quantile Gradient Boosting,Nodal exact net value,-4427.565823916153,-1180.7985817708686,-3246.7672421452844,2.7496368070463286,0.0,0.0
81,Synthetic Control,Uniform gross,7283.801704996706,-1180.7985817708686,8464.600286767574,7.1685386631080075,1.162112950021805,0.0
81,Synthetic Control,Nodal gross,7425.11063826904,-1180.7985817708686,8605.909220039908,7.288211006430448,1.1590277423860904,0.0
81,Synthetic Control,Uniform signed net,1565.2840292219441,-1180.7985817708686,2746.082610992813,2.3256147605415096,1.7543669773196424,0.0
81,Synthetic Control,Nodal signed linear,1800.8181326560914,-1180.7985817708686,2981.6167144269602,2.525084938665294,1.6557011840108844,0.0
81,Synthetic Control,Nodal exact net value,1590.7067323207266,-1180.7985817708686,2771.505314091595,2.347144853388213,1.7423106709608052,0.0
81,Feasible Quantile Projection,Uniform gross,1598.2576650481656,-1180.7985817708686,2779.056246819034,2.353539621169958,1.7388036407354153,0.0
81,Feasible Quantile Projection,Nodal gross,1598.0564439255609,-1180.7985817708686,2778.8550256964295,2.3533692101229677,1.7388966680490239,0.0
81,Feasible Quantile Projection,Uniform signed net,-1.4006248605849336,-1180.7985817708686,1179.3979569102837,0.9988138325348559,0.9988138325348559,0.0
81,Feasible Quantile Projection,Nodal signed linear,-1.426958839252464,-1180.7985817708686,1179.3716229316162,0.9987915306968675,0.9987915306968675,0.0
81,Feasible Quantile Projection,Nodal exact net value,-7.439923605561489,-1180.7985817708686,1173.3586581653071,0.9936992441213779,0.9936992441213779,0.0
81,Tail-Risk Feasible Counterfactual,Uniform gross,1871.5316249006187,-1180.7985817708686,3052.3302066714873,2.5849710981985115,1.630926331171973,0.0
81,Tail-Risk Feasible Counterfactual,Nodal gross,1871.3091184020268,-1180.7985817708686,3052.1077001728954,2.5847826608968187,1.6310013509575543,0.0
81,Tail-Risk Feasible Counterfactual,Uniform signed net,7.260485471976503,-1180.7985817708686,1188.0590672428452,1.006148792507091,1.006148792507091,0.0
81,Tail-Risk Feasible Counterfactual,Nodal signed linear,7.182190749291602,-1180.7985817708686,1187.9807725201601,1.006082485921113,1.006082485921113,0.0
81,Tail-Risk Feasible Counterfactual,Nodal exact net value,1.1692259829505929,-1180.7985817708686,1181.9678077538192,1.0009901993455963,1.0009901993455963,0.0
81,Single Feasible Projection,Uniform gross,1599.40534453229,-1180.7985817708686,2780.2039263031584,2.3545115731199706,1.7382735000902265,0.0
81,Single Feasible Projection,Nodal gross,1599.1994504190677,-1180.7985817708686,2779.9980321899366,2.354337204589723,1.7383685515033427,0.0
81,Single Feasible Projection,Uniform signed net,-8.093142699270057e-17,-1180.7985817708686,1180.7985817708686,1.0,1.0,0.0
81,Single Feasible Projection,Nodal signed linear,-0.03187742764201573,-1180.7985817708686,1180.7667043432266,0.9999730035010762,0.9999730035010762,0.0
81,Single Feasible Projection,Nodal exact net value,-6.032328537061403,-1180.7985817708686,1174.7662532338072,0.9948913145474696,0.9948913145474696,0.0
81,Risk-Constrained Convex Verifier,Uniform gross,1599.40534453229,-1180.7985817708686,2780.2039263031584,2.3545115731199706,1.7382735000902265,0.0
81,Risk-Constrained Convex Verifier,Nodal gross,1599.1994504190677,-1180.7985817708686,2779.9980321899366,2.354337204589723,1.7383685515033427,0.0
81,Risk-Constrained Convex Verifier,Uniform signed net,-8.093142699270057e-17,-1180.7985817708686,1180.7985817708686,1.0,1.0,0.0
81,Risk-Constrained Convex Verifier,Nodal signed linear,-0.03187742764201573,-1180.7985817708686,1180.7667043432266,0.9999730035010762,0.9999730035010762,0.0
81,Risk-Constrained Convex Verifier,Nodal exact net value,-6.032328537061403,-1180.7985817708686,1174.7662532338072,0.9948913145474696,0.9948913145474696,0.0
81,Trace-Anchored Reference,Uniform gross,1658.0282800756786,-1180.7985817708686,2838.826861846547,2.4041584277558146,1.7121703507475594,0.0
81,Trace-Anchored Reference,Nodal gross,1658.010622213469,-1180.7985817708686,2838.8092039843377,2.4041434735862532,1.7121779353828777,0.0
81,Trace-Anchored Reference,Uniform signed net,-1149.6978167659831,-1180.7985817708686,31.10076500488549,0.026338755385565432,0.026338755385565432,0.0
81,Trace-Anchored Reference,Nodal signed linear,-1149.7898423572126,-1180.7985817708686,31.00873941365603,0.026260820340037645,0.026260820340037645,0.0
81,Trace-Anchored Reference,Nodal exact net value,-1184.043001168484,-1180.7985817708686,-3.2444193976152746,0.0027476484539383085,0.0,0.0
82,High-5-of-10,Uniform gross,8659.929551335446,565.5892460361902,8094.340305299256,14.311340539139824,0.9346889322039611,2.7755575615628914e-17
82,High-5-of-10,Nodal gross,9301.883619649769,565.5892460361902,8736.294373613579,15.446358704377792,0.9391962672117924,2.7755575615628914e-17
82,High-5-of-10,Uniform signed net,6226.407001223723,565.5892460361902,5660.817755187532,10.008708254020297,0.9091628212024959,2.7755575615628914e-17
82,High-5-of-10,Nodal signed linear,6909.178964610387,565.5892460361902,6343.589718574197,11.215895215532955,0.9181394419028363,2.7755575615628914e-17
82,High-5-of-10,Nodal exact net value,5987.612436356485,565.5892460361902,5422.023190320295,9.586503329614859,0.9055401043324113,2.7755575615628914e-17
82,Ridge,Uniform gross,7699.863095506561,565.5892460361902,7134.273849470371,12.613878180091621,0.926545545158296,2.7755575615628914e-17
82,Ridge,Nodal gross,7699.3335249913835,565.5892460361902,7133.744278955193,12.61294186364132,0.9265404928620983,2.7755575615628914e-17
82,Ridge,Uniform signed net,6676.705772222605,565.5892460361902,6111.116526186415,10.804866904763223,0.9152891762298054,2.7755575615628914e-17
82,Ridge,Nodal signed linear,6676.201883048989,565.5892460361902,6110.612637012799,10.803975994659915,0.9152827826443906,2.7755575615628914e-17
82,Ridge,Nodal exact net value,6615.323579063574,565.5892460361902,6049.734333027383,10.696339040081892,0.9145031623507899,2.7755575615628914e-17
82,Gradient Boosting,Uniform gross,5249.686936994029,565.5892460361902,4684.0976909578385,8.281801190148723,0.8922622905281192,2.7755575615628914e-17
82,Gradient Boosting,Nodal gross,5249.293093639233,565.5892460361902,4683.703847603043,8.281104848488134,0.8922542071957201,2.7755575615628914e-17
82,Gradient Boosting,Uniform signed net,3259.5319947854987,565.5892460361902,2693.9427487493085,4.763072791127525,0.8264814559449016,2.7755575615628914e-17
82,Gradient Boosting,Nodal signed linear,3259.126839786345,565.5892460361902,2693.537593750155,4.762356449715461,0.8264598851656636,2.7755575615628914e-17
82,Gradient Boosting,Nodal exact net value,3252.444308991355,565.5892460361902,2686.8550629551646,4.7505412837768874,0.8261033265127328,2.7755575615628914e-17
82,Extra Trees,Uniform gross,7328.801477963534,565.5892460361902,6763.212231927344,11.957816170172705,0.9228265020226266,2.7755575615628914e-17
82,Extra Trees,Nodal gross,7328.24023681335,565.5892460361902,6762.65099077716,11.956823857899943,0.9228205916073878,2.7755575615628914e-17
82,Extra Trees,Uniform signed net,4961.865938623779,565.5892460361902,4396.2766925875885,7.772914218928211,0.8860127917536882,2.7755575615628914e-17
82,Extra Trees,Nodal signed linear,4961.286566250889,565.5892460361902,4395.697320214699,7.771889849428702,0.8859994804808079,2.7755575615628914e-17
82,Extra Trees,Nodal exact net value,4954.062569875772,565.5892460361902,4388.473323839582,7.759117335761328,0.8858332453297268,2.7755575615628914e-17
82,Metadata Gradient Boosting,Uniform gross,5467.5567130700865,565.5892460361902,4901.967467033896,8.667009674226083,0.8965553947187854,2.7755575615628914e-17
82,Metadata Gradient Boosting,Nodal gross,5467.169780510721,565.5892460361902,4901.58053447453,8.66632555131873,0.8965480735475979,2.7755575615628914e-17
82,Metadata Gradient Boosting,Uniform signed net,3938.294449345543,565.5892460361902,3372.705203309353,5.9631706701395535,0.8563872627324302,2.7755575615628914e-17
82,Metadata Gradient Boosting,Nodal signed linear,3937.9510994043603,565.5892460361902,3372.36185336817,5.962563604245728,0.8563747411384212,2.7755575615628914e-17
82,Metadata Gradient Boosting,Nodal exact net value,3931.268568609339,565.5892460361902,3365.679322573149,5.950748438307101,0.8561306010603433,2.7755575615628914e-17
82,Ex-post Metadata Gradient Boosting,Uniform gross,4832.144819639118,565.5892460361902,4266.555573602928,7.543558516192024,0.8829527534569152,2.7755575615628914e-17
82,Ex-post Metadata Gradient Boosting,Nodal gross,4831.810280092251,565.5892460361902,4266.2210340560605,7.542967027670606,0.8829446494688546,2.7755575615628914e-17
82,Ex-post Metadata Gradient Boosting,Uniform signed net,3316.8885403056574,565.5892460361902,2751.2992942694673,4.864483038797772,0.8294819861555944,2.7755575615628914e-17
82,Ex-post Metadata Gradient Boosting,Nodal signed linear,3316.595499590155,565.5892460361902,2751.006253553965,4.863964923014002,0.8294669198863466,2.7755575615628914e-17
82,Ex-post Metadata Gradient Boosting,Nodal exact net value,3309.912968795121,565.5892460361902,2744.3237227589307,4.852149757075351,0.8291226230513014,2.7755575615628914e-17
82,Ex-post Quantile Gradient Boosting,Uniform gross,689.204186486668,565.5892460361902,123.61494045047789,0.21855956653491285,0.17935895177977,2.7755575615628914e-17
82,Ex-post Quantile Gradient Boosting,Nodal gross,689.1813524256377,565.5892460361902,123.59210638944751,0.21851919437226935,0.1793317621761727,2.7755575615628914e-17
82,Ex-post Quantile Gradient Boosting,Uniform signed net,-835.7721789670876,565.5892460361902,-1401.3614250032779,2.4777016798399476,0.0,2.7755575615628914e-17
82,Ex-post Quantile Gradient Boosting,Nodal signed linear,-835.772377884954,565.5892460361902,-1401.3616239211442,2.4777020315401748,0.0,2.7755575615628914e-17
82,Ex-post Quantile Gradient Boosting,Nodal exact net value,-836.3575989857272,565.5892460361902,-1401.9468450219174,2.4787367419857405,0.0,2.7755575615628914e-17
82,Synthetic Control,Uniform gross,7639.245992438814,565.5892460361902,7073.656746402624,12.5067030463836,0.9259626870772325,2.7755575615628914e-17
82,Synthetic Control,Nodal gross,7647.110440749376,565.5892460361902,7081.521194713186,12.520607922343812,0.9260388285982744,2.7755575615628914e-17
82,Synthetic Control,Uniform signed net,5445.6780955159875,565.5892460361902,4880.088849479797,8.62832680020146,0.8961397945093559,2.7755575615628914e-17
82,Synthetic Control,Nodal signed linear,5453.93987198839,565.5892460361902,4888.3506259522,8.64293417919656,0.8962971247737668,2.7755575615628914e-17
82,Synthetic Control,Nodal exact net value,5410.88304925018,565.5892460361902,4845.29380321399,8.56680680753954,0.8954719144937779,2.7755575615628914e-17
82,Feasible Quantile Projection,Uniform gross,689.951539893146,565.5892460361902,124.36229385695583,0.21988093785113855,0.18024786766359857,2.7755575615628914e-17
82,Feasible Quantile Projection,Nodal gross,689.9262722726003,565.5892460361902,124.33702623641011,0.2198362629908529,0.1802178453457744,2.7755575615628914e-17
82,Feasible Quantile Projection,Uniform signed net,8.800378018075525,565.5892460361902,-556.7888680181146,0.9844403370825187,0.0,2.7755575615628914e-17
82,Feasible Quantile Projection,Nodal signed linear,8.797097108749309,565.5892460361902,-556.7921489274408,0.9844461379518761,0.0,2.7755575615628914e-17
82,Feasible Quantile Projection,Nodal exact net value,8.797097108748858,565.5892460361902,-556.7921489274413,0.9844461379518769,0.0,2.7755575615628914e-17
82,Tail-Risk Feasible Counterfactual,Uniform gross,777.3791860611955,565.5892460361902,211.7899400250053,0.3744589231660419,0.272440970664647,2.7755575615628914e-17
82,Tail-Risk Feasible Counterfactual,Nodal gross,777.342503413376,565.5892460361902,211.75325737718583,0.37439406576630074,0.27240663728968834,2.7755575615628914e-17
82,Tail-Risk Feasible Counterfactual,Uniform signed net,128.1678463069728,565.5892460361902,-437.42139972921734,0.7733905883020064,0.0,2.7755575615628914e-17
82,Tail-Risk Feasible Counterfactual,Nodal signed linear,128.15204957258234,565.5892460361902,-437.43719646360785,0.7734185179956864,0.0,2.7755575615628914e-17
82,Tail-Risk Feasible Counterfactual,Nodal exact net value,128.07168891405308,565.5892460361902,-437.5175571221371,0.7735606010693877,0.0,2.7755575615628914e-17
82,Single Feasible Projection,Uniform gross,528.4099490924225,565.5892460361902,-37.17929694376767,0.06573550894811159,0.0,2.7755575615628914e-17
82,Single Feasible Projection,Nodal gross,528.3899028391074,565.5892460361902,-37.199343197082726,0.06577095207836124,0.0,2.7755575615628914e-17
82,Single Feasible Projection,Uniform signed net,-6.876446227804794e-14,565.5892460361902,-565.5892460361903,1.0000000000000002,0.0,2.7755575615628914e-17
82,Single Feasible Projection,Nodal signed linear,-0.0031036486646556227,565.5892460361902,-565.5923496848549,1.0000054874605315,0.0,2.7755575615628914e-17
82,Single Feasible Projection,Nodal exact net value,-0.0031036486543598585,565.5892460361902,-565.5923496848445,1.0000054874605133,0.0,2.7755575615628914e-17
82,Risk-Constrained Convex Verifier,Uniform gross,528.4099490924225,565.5892460361902,-37.17929694376767,0.06573550894811159,0.0,2.7755575615628914e-17
82,Risk-Constrained Convex Verifier,Nodal gross,528.3899028391074,565.5892460361902,-37.199343197082726,0.06577095207836124,0.0,2.7755575615628914e-17
82,Risk-Constrained Convex Verifier,Uniform signed net,-6.876446227804794e-14,565.5892460361902,-565.5892460361903,1.0000000000000002,0.0,2.7755575615628914e-17
82,Risk-Constrained Convex Verifier,Nodal signed linear,-0.0031036486646556227,565.5892460361902,-565.5923496848549,1.0000054874605315,0.0,2.7755575615628914e-17
82,Risk-Constrained Convex Verifier,Nodal exact net value,-0.0031036486543598585,565.5892460361902,-565.5923496848445,1.0000054874605133,0.0,2.7755575615628914e-17
82,Trace-Anchored Reference,Uniform gross,1100.012464192708,565.5892460361902,534.4232181565178,0.9448963570327888,0.48583378420964307,2.7755575615628914e-17
82,Trace-Anchored Reference,Nodal gross,1100.0098995763221,565.5892460361902,534.420653540132,0.9448918226177451,0.4858325854576113,2.7755575615628914e-17
82,Trace-Anchored Reference,Uniform signed net,563.6798449658867,565.5892460361902,-1.9094010703034883,0.003375950097504704,0.0,2.7755575615628914e-17
82,Trace-Anchored Reference,Nodal signed linear,563.6951772236315,565.5892460361902,-1.8940688125586576,0.003348841629915754,0.0,2.7755575615628914e-17
82,Trace-Anchored Reference,Nodal exact net value,562.9299241857443,565.5892460361902,-2.659321850445849,0.004701860703829026,0.0,2.7755575615628914e-17
83,High-5-of-10,Uniform gross,9668.862964013051,278.38289994453226,9390.480064068519,33.73224456652894,0.9712083105344799,0.00013646828344265893
83,High-5-of-10,Nodal gross,10863.227548958439,278.38289994453226,10584.844649013907,38.02261076784147,0.9743738314704433,0.00013646828344265893
83,High-5-of-10,Uniform signed net,8918.864160499805,278.38289994453226,8640.481260555272,31.038117866711236,0.9687871801907866,0.00013646828344265893
83,High-5-of-10,Nodal signed linear,10115.006747157078,278.38289994453226,9836.623847212546,35.33487096072529,0.972478228942084,0.00013646828344265893
83,High-5-of-10,Nodal exact net value,8397.15420237416,278.38289994453226,8118.771302429628,29.16404457330997,0.9668479471454956,0.00013646828344265893
83,Ridge,Uniform gross,6871.395810170649,278.38289994453226,6593.012910226117,23.683253933843545,0.9594867029006704,0.00013646828344265893
83,Ridge,Nodal gross,6870.972609572175,278.38289994453226,6592.589709627643,23.681733723376023,0.9594842075841333,0.00013646828344265893
83,Ridge,Uniform signed net,6828.988666659359,278.38289994453226,6550.605766714827,23.530920067360583,0.9592351205232394,0.00013646828344265893
83,Ridge,Nodal signed linear,6828.568567949912,278.38289994453226,6550.18566800538,23.529410999420236,0.9592326126369836,0.00013646828344265893
83,Ridge,Nodal exact net value,6764.256906759161,278.38289994453226,6485.874006814629,23.298392279507606,0.9588450137565947,0.00013646828344265893
83,Gradient Boosting,Uniform gross,5435.653696934665,278.38289994453226,5157.270796990133,18.525817491008674,0.9487857550414734,0.00013646828344265893
83,Gradient Boosting,Nodal gross,5435.276119372258,278.38289994453226,5156.893219427726,18.524461166455396,0.9487821972921803,0.00013646828344265893
83,Gradient Boosting,Uniform signed net,5153.3467276800675,278.38289994453226,4874.963827735535,17.511721548654286,0.9459801727585572,0.00013646828344265893
83,Gradient Boosting,Nodal signed linear,5152.964737249066,278.38289994453226,4874.581837304534,17.51034937230625,0.9459761682566552,0.00013646828344265893
83,Gradient Boosting,Nodal exact net value,5133.597912467383,278.38289994453226,4855.215012522851,17.440780355008343,0.9457723599138033,0.00013646828344265893
83,Extra Trees,Uniform gross,7269.573026785911,278.38289994453226,6991.1901268413785,25.11357604304852,0.961705742700598,0.00013646828344265893
83,Extra Trees,Nodal gross,7318.234852654557,278.38289994453226,7039.851952710024,25.288377821025335,0.9619603762998186,0.00013646828344265893
83,Extra Trees,Uniform signed net,6734.1340307261935,278.38289994453226,6455.751130781661,23.190185647422915,0.9586609208141181,0.00013646828344265893
83,Extra Trees,Nodal signed linear,6784.403740265967,278.38289994453226,6506.020840321435,23.3707632243854,0.9589672268039846,0.00013646828344265893
83,Extra Trees,Nodal exact net value,6693.726939633008,278.38289994453226,6415.344039688476,23.045036318562428,0.9584113749402818,0.00013646828344265893
83,Metadata Gradient Boosting,Uniform gross,4230.422191504772,278.38289994453226,3952.0392915602397,14.196415413258798,0.9341950076511133,0.00013646828344265893
83,Metadata Gradient Boosting,Nodal gross,4230.098516459569,278.38289994453226,3951.7156165150363,14.195252715962134,0.9341899724412263,0.00013646828344265893
83,Metadata Gradient Boosting,Uniform signed net,4135.907178630241,278.38289994453226,3857.524278685709,13.856900978667584,0.9326912118862568,0.00013646828344265893
83,Metadata Gradient Boosting,Nodal signed linear,4135.585459592818,278.38289994453226,3857.2025596482854,13.855745307692507,0.9326859757428537,0.00013646828344265893
83,Metadata Gradient Boosting,Nodal exact net value,4118.562661351585,278.38289994453226,3840.179761407053,13.794596443144345,0.9324077541524703,0.00013646828344265893
83,Ex-post Metadata Gradient Boosting,Uniform gross,4918.888070129532,278.38289994453226,4640.505170185,16.669505099306097,0.9434053192559835,0.00013646828344265893
83,Ex-post Metadata Gradient Boosting,Nodal gross,4918.520760972672,278.38289994453226,4640.13786102814,16.668185660659066,0.9434010928339601,0.00013646828344265893
83,Ex-post Metadata Gradient Boosting,Uniform signed net,4820.750705118295,278.38289994453226,4542.3678051737625,16.316978543146252,0.9422532055746075,0.00013646828344265893
83,Ex-post Metadata Gradient Boosting,Nodal signed linear,4820.386297005422,278.38289994453226,4542.00339706089,16.31566952555593,0.9422488400737774,0.00013646828344265893
83,Ex-post Metadata Gradient Boosting,Nodal exact net value,4801.593838510467,278.38289994453226,4523.210938565935,16.24816373228091,0.942022813818236,0.00013646828344265893
83,Ex-post Quantile Gradient Boosting,Uniform gross,2445.082498782186,278.38289994453226,2166.699598837654,7.783163402886342,0.8861458048621322,0.00013646828344265893
83,Ex-post Quantile Gradient Boosting,Nodal gross,2444.916623569811,278.38289994453226,2166.5337236252785,7.7825675501511045,0.8861380804315254,0.00013646828344265893
83,Ex-post Quantile Gradient Boosting,Uniform signed net,2260.086039328306,278.38289994453226,1981.7031393837738,7.1186238083539894,0.8768264149681367,0.00013646828344265893
83,Ex-post Quantile Gradient Boosting,Nodal signed linear,2259.9201358990445,278.38289994453226,1981.5372359545122,7.118027854258768,0.8768173726485314,0.00013646828344265893
83,Ex-post Quantile Gradient Boosting,Nodal exact net value,2247.295937281873,278.38289994453226,1968.913037337341,7.072679527836108,0.8761253934890127,0.00013646828344265893
83,Synthetic Control,Uniform gross,5417.435858725675,278.38289994453226,5139.0529587811425,18.46037583416617,0.9486135309758859,0.00013646828344265893
83,Synthetic Control,Nodal gross,5425.339687776181,278.38289994453226,5146.956787831648,18.48876776862795,0.9486883926232755,0.00013646828344265893
83,Synthetic Control,Uniform signed net,4976.40717975842,278.38289994453226,4698.024279813888,16.876123787596036,0.9440594609949007,0.00013646828344265893
83,Synthetic Control,Nodal signed linear,4984.743654386235,278.38289994453226,4706.360754441703,16.906069860539006,0.9441530158327051,0.00013646828344265893
83,Synthetic Control,Nodal exact net value,4952.226534717513,278.38289994453226,4673.84363477298,16.789262687127128,0.9437863155102189,0.00013646828344265893
83,Feasible Quantile Projection,Uniform gross,233.66741668967322,278.38289994453226,-44.71548325485904,0.16062582602512077,0.0,0.00013646828344265893
83,Feasible Quantile Projection,Nodal gross,233.6592901352589,278.38289994453226,-44.72360980927334,0.16065501802799134,0.0,0.00013646828344265893
83,Feasible Quantile Projection,Uniform signed net,33.4570942782492,278.38289994453226,-244.92580566628305,0.8798162736112185,0.0,0.00013646828344265893
83,Feasible Quantile Projection,Nodal signed linear,33.44956653483693,278.38289994453226,-244.9333334096953,0.8798433145803791,0.0,0.00013646828344265893
83,Feasible Quantile Projection,Nodal exact net value,33.44956653485133,278.38289994453226,-244.93333340968093,0.8798433145803275,0.0,0.00013646828344265893
83,Tail-Risk Feasible Counterfactual,Uniform gross,175.4624808805331,278.38289994453226,-102.92041906399916,0.3697081217434908,0.0,0.00013646828344265893
83,Tail-Risk Feasible Counterfactual,Nodal gross,175.4555078307823,278.38289994453226,-102.92739211374996,0.36973317015613466,0.0,0.00013646828344265893
83,Tail-Risk Feasible Counterfactual,Uniform signed net,22.739424595029394,278.38289994453226,-255.64347534950286,0.9183160151016452,0.0,0.00013646828344265893
83,Tail-Risk Feasible Counterfactual,Nodal signed linear,22.735613528699858,278.38289994453226,-255.6472864158324,0.9183297051175561,0.0,0.00013646828344265893
83,Tail-Risk Feasible Counterfactual,Nodal exact net value,22.735613528711838,278.38289994453226,-255.64728641582042,0.918329705117513,0.0,0.00013646828344265893
83,Single Feasible Projection,Uniform gross,143.17326334680226,278.38289994453226,-135.20963659773,0.485696630880239,0.0,0.00013646828344265893
83,Single Feasible Projection,Nodal gross,143.16878865277152,278.38289994453226,-135.21411129176073,0.48571270476276424,0.0,0.00013646828344265893
83,Single Feasible Projection,Uniform signed net,0.6684587404813911,278.38289994453226,-277.71444120405084,0.9975987794486852,0.0,0.00013646828344265893
83,Single Feasible Projection,Nodal signed linear,0.6670042157456031,278.38289994453226,-277.7158957287867,0.997604004355589,0.0,0.00013646828344265893
83,Single Feasible Projection,Nodal exact net value,0.6670042157420539,278.38289994453226,-277.7158957287902,0.9976040043556017,0.0,0.00013646828344265893
83,Risk-Constrained Convex Verifier,Uniform gross,142.43743355125494,278.38289994453226,-135.94546639327731,0.48833986002863117,0.0,0.00013646828344265893
83,Risk-Constrained Convex Verifier,Nodal gross,142.4329801191158,278.38289994453226,-135.94991982541646,0.4883558575347281,0.0,0.00013646828344265893
83,Risk-Constrained Convex Verifier,Uniform signed net,-0.06737105506591767,278.38289994453226,-278.45027099959816,1.0002420085970773,0.0,0.00013646828344265893
83,Risk-Constrained Convex Verifier,Nodal signed linear,-0.06880431791012498,278.38289994453226,-278.4517042624424,1.0002471571275529,0.0,0.00013646828344265893
83,Risk-Constrained Convex Verifier,Nodal exact net value,-0.06880431791068986,278.38289994453226,-278.45170426244295,1.0002471571275549,0.0,0.00013646828344265893
83,Trace-Anchored Reference,Uniform gross,391.10915980845135,278.38289994453226,112.7262598639191,0.4049324146216588,0.2882219887642816,0.00013646828344265893
83,Trace-Anchored Reference,Nodal gross,391.1062956072792,278.38289994453226,112.72339566274695,0.40492212591077636,0.2882167761777368,0.00013646828344265893
83,Trace-Anchored Reference,Uniform signed net,277.46222549859556,278.38289994453226,-0.9206744459366973,0.0033072234182492588,0.0,0.00013646828344265893
83,Trace-Anchored Reference,Nodal signed linear,277.45963581827516,278.38289994453226,-0.9232641262570951,0.003316526002283385,0.0,0.00013646828344265893
83,Trace-Anchored Reference,Nodal exact net value,277.2484625172365,278.38289994453226,-1.1344374272957793,0.004075097383933481,0.0,0.00013646828344265893
84,High-5-of-10,Uniform gross,8577.251843367243,883.2205389818191,7694.031304385424,8.711336483699915,0.8970275613785539,2.140107634449051e-05
84,High-5-of-10,Nodal gross,9089.531330676688,883.2205389818191,8206.310791694868,9.291349588807279,0.9028310143999398,2.140107634449051e-05
84,High-5-of-10,Uniform signed net,8086.3526898277605,883.2205389818191,7203.132150845941,8.155530621094643,0.8907764015669428,2.140107634449051e-05
84,High-5-of-10,Nodal signed linear,8599.642646697308,883.2205389818191,7716.422107715489,8.736687800094659,0.8972956696844816,2.140107634449051e-05
84,High-5-of-10,Nodal exact net value,7805.824372505576,883.2205389818191,6922.603833523757,7.837910836521271,0.8868510874914399,2.140107634449051e-05
84,Ridge,Uniform gross,3630.643827799083,883.2205389818191,2747.4232888172637,3.110687724704077,0.7567317035564922,2.140107634449051e-05
84,Ridge,Nodal gross,3630.3228435117585,883.2205389818191,2747.1023045299394,3.1103242998592537,0.7567101943673296,2.140107634449051e-05
84,Ridge,Uniform signed net,3630.643827799083,883.2205389818191,2747.4232888172637,3.110687724704077,0.7567317035564922,2.140107634449051e-05
84,Ridge,Nodal signed linear,3630.3228435117585,883.2205389818191,2747.1023045299394,3.1103242998592537,0.7567101943673296,2.140107634449051e-05
84,Ridge,Nodal exact net value,3616.563138779675,883.2205389818191,2733.3425997978557,3.0947452863232394,0.7557845653208086,2.140107634449051e-05
84,Gradient Boosting,Uniform gross,4968.9707673855755,883.2205389818191,4085.7502284037564,4.6259683149056166,0.8222528204877072,2.140107634449051e-05
84,Gradient Boosting,Nodal gross,4968.715072204906,883.2205389818191,4085.4945332230873,4.625678811696187,0.8222436734352966,2.140107634449051e-05
84,Gradient Boosting,Uniform signed net,4934.210319718533,883.2205389818191,4050.9897807367142,4.58661183922049,0.8210006299382469,2.140107634449051e-05
84,Gradient Boosting,Nodal signed linear,4933.9559540860955,883.2205389818191,4050.7354151042764,4.586323841352222,0.8209914017877737,2.140107634449051e-05
84,Gradient Boosting,Nodal exact net value,4914.098286251508,883.2205389818191,4030.8777472696893,4.563840591746773,0.8202680354495834,2.140107634449051e-05
84,Extra Trees,Uniform gross,7209.598750975008,883.2205389818191,6326.378211993189,7.162852235395555,0.8774938010437301,2.140107634449051e-05
84,Extra Trees,Nodal gross,7249.604223182165,883.2205389818191,6366.383684200346,7.20814723301107,0.8781698266841199,2.140107634449051e-05
84,Extra Trees,Uniform signed net,7134.598078492816,883.2205389818191,6251.377539510997,7.077934970486098,0.8762059853596688,2.140107634449051e-05
84,Extra Trees,Nodal signed linear,7174.60830358943,883.2205389818191,6291.387764607611,7.123235349418337,0.8768963403145023,2.140107634449051e-05
84,Extra Trees,Nodal exact net value,7083.802769111549,883.2205389818191,6200.58223012973,7.02042350292011,0.8753183046212066,2.140107634449051e-05
84,Metadata Gradient Boosting,Uniform gross,4710.189027985104,883.2205389818191,3826.968489003285,4.33297044180498,0.8124872412265718,2.140107634449051e-05
84,Metadata Gradient Boosting,Nodal gross,4709.889360807744,883.2205389818191,3826.668821825925,4.332631152619398,0.8124753107087112,2.140107634449051e-05
84,Metadata Gradient Boosting,Uniform signed net,4710.189027985104,883.2205389818191,3826.968489003285,4.33297044180498,0.8124872412265718,2.140107634449051e-05
84,Metadata Gradient Boosting,Nodal signed linear,4709.889360807744,883.2205389818191,3826.668821825925,4.332631152619398,0.8124753107087112,2.140107634449051e-05
84,Metadata Gradient Boosting,Nodal exact net value,4689.118582856099,883.2205389818191,3805.89804387428,4.309114061434461,0.8116446570127349,2.140107634449051e-05
84,Ex-post Metadata Gradient Boosting,Uniform gross,4210.986227738999,883.2205389818191,3327.76568875718,3.7677630239367446,0.7902580319157098,2.140107634449051e-05
84,Ex-post Metadata Gradient Boosting,Nodal gross,4210.680479867653,883.2205389818191,3327.459940885834,3.767416850067533,0.7902428020352711,2.140107634449051e-05
84,Ex-post Metadata Gradient Boosting,Uniform signed net,4210.986227738999,883.2205389818191,3327.76568875718,3.7677630239367446,0.7902580319157098,2.140107634449051e-05
84,Ex-post Metadata Gradient Boosting,Nodal signed linear,4210.680479867653,883.2205389818191,3327.459940885834,3.767416850067533,0.7902428020352711,2.140107634449051e-05
84,Ex-post Metadata Gradient Boosting,Nodal exact net value,4191.655402752847,883.2205389818191,3308.434863771028,3.7458762763658187,0.7892907564868599,2.140107634449051e-05
84,Ex-post Quantile Gradient Boosting,Uniform gross,1971.8578362365654,883.2205389818191,1088.6372972547463,1.2325769716697628,0.5520871115802598,2.140107634449051e-05
84,Ex-post Quantile Gradient Boosting,Nodal gross,1971.694734839948,883.2205389818191,1088.474195858129,1.232392304998848,0.5520500595881976,2.140107634449051e-05
84,Ex-post Quantile Gradient Boosting,Uniform signed net,1965.0305784533405,883.2205389818191,1081.8100394715213,1.2248470135427751,0.5505308931747033,2.140107634449051e-05
84,Ex-post Quantile Gradient Boosting,Nodal signed linear,1964.8678171357233,883.2205389818191,1081.6472781539042,1.2246627319161218,0.5504936610599437,2.140107634449051e-05
84,Ex-post Quantile Gradient Boosting,Nodal exact net value,1955.1813430831753,883.2205389818191,1071.9608041013562,1.2136955118108075,0.5482666903986276,2.140107634449051e-05
84,Synthetic Control,Uniform gross,5120.433861066441,883.2205389818191,4237.213322084622,4.797457865924746,0.8275106049709098,2.140107634449051e-05
84,Synthetic Control,Nodal gross,5120.024671946669,883.2205389818191,4236.8041329648495,4.796994573800398,0.8274968197280166,2.140107634449051e-05
84,Synthetic Control,Uniform signed net,4734.128241063972,883.2205389818191,3850.9077020821533,4.360074898758014,0.8134354428085118,2.140107634449051e-05
84,Synthetic Control,Nodal signed linear,4733.701207277203,883.2205389818191,3850.480668295384,4.3595914025439635,0.8134186125596545,2.140107634449051e-05
84,Synthetic Control,Nodal exact net value,4715.585050000474,883.2205389818191,3832.3645110186553,4.3390799261038735,0.812701811203314,2.140107634449051e-05
84,Feasible Quantile Projection,Uniform gross,104.9196042022024,883.2205389818191,-778.3009347796167,0.8812079208176542,0.0,2.140107634449051e-05
84,Feasible Quantile Projection,Nodal gross,104.91589871079668,883.2205389818191,-778.3046402710224,0.8812121162493071,0.0,2.140107634449051e-05
84,Feasible Quantile Projection,Uniform signed net,0.0,883.2205389818191,-883.2205389818191,1.0,0.0,2.140107634449051e-05
84,Feasible Quantile Projection,Nodal signed linear,-0.0005737003953871778,883.2205389818191,-883.2211126822145,1.0000006495550886,0.0,2.140107634449051e-05
84,Feasible Quantile Projection,Nodal exact net value,-0.0005737003884860314,883.2205389818191,-883.2211126822076,1.0000006495550806,0.0,2.140107634449051e-05
84,Tail-Risk Feasible Counterfactual,Uniform gross,108.31832904915485,883.2205389818191,-774.9022099326643,0.8773598164123032,0.0,2.140107634449051e-05
84,Tail-Risk Feasible Counterfactual,Nodal gross,108.31472822771512,883.2205389818191,-774.905810754104,0.8773638933345222,0.0,2.140107634449051e-05
84,Tail-Risk Feasible Counterfactual,Uniform signed net,4.6123858591149425,883.2205389818191,-878.6081531227042,0.9947777642666324,0.0,2.140107634449051e-05
84,Tail-Risk Feasible Counterfactual,Nodal signed linear,4.611865996430739,883.2205389818191,-878.6086729853884,0.9947783528655851,0.0,2.140107634449051e-05
84,Tail-Risk Feasible Counterfactual,Nodal exact net value,4.611865996426786,883.2205389818191,-878.6086729853923,0.9947783528655897,0.0,2.140107634449051e-05
84,Single Feasible Projection,Uniform gross,104.9196042022024,883.2205389818191,-778.3009347796167,0.8812079208176542,0.0,2.140107634449051e-05
84,Single Feasible Projection,Nodal gross,104.91589871079668,883.2205389818191,-778.3046402710224,0.8812121162493071,0.0,2.140107634449051e-05
84,Single Feasible Projection,Uniform signed net,0.0,883.2205389818191,-883.2205389818191,1.0,0.0,2.140107634449051e-05
84,Single Feasible Projection,Nodal signed linear,-0.0005737003953871778,883.2205389818191,-883.2211126822145,1.0000006495550886,0.0,2.140107634449051e-05
84,Single Feasible Projection,Nodal exact net value,-0.0005737003884860314,883.2205389818191,-883.2211126822076,1.0000006495550806,0.0,2.140107634449051e-05
84,Risk-Constrained Convex Verifier,Uniform gross,104.9196042022024,883.2205389818191,-778.3009347796167,0.8812079208176542,0.0,2.140107634449051e-05
84,Risk-Constrained Convex Verifier,Nodal gross,104.91589871079668,883.2205389818191,-778.3046402710224,0.8812121162493071,0.0,2.140107634449051e-05
84,Risk-Constrained Convex Verifier,Uniform signed net,0.0,883.2205389818191,-883.2205389818191,1.0,0.0,2.140107634449051e-05
84,Risk-Constrained Convex Verifier,Nodal signed linear,-0.0005737003953871778,883.2205389818191,-883.2211126822145,1.0000006495550886,0.0,2.140107634449051e-05
84,Risk-Constrained Convex Verifier,Nodal exact net value,-0.0005737003884860314,883.2205389818191,-883.2211126822076,1.0000006495550806,0.0,2.140107634449051e-05
84,Trace-Anchored Reference,Uniform gross,880.1883102278836,883.2205389818191,-3.0322287539355557,0.003433150181755424,0.0,2.140107634449051e-05
84,Trace-Anchored Reference,Nodal gross,880.1794288656519,883.2205389818191,-3.0411101161672605,0.003443205838117246,0.0,2.140107634449051e-05
84,Trace-Anchored Reference,Uniform signed net,880.1883102278836,883.2205389818191,-3.0322287539355557,0.003433150181755424,0.0,2.140107634449051e-05
84,Trace-Anchored Reference,Nodal signed linear,880.1794288656519,883.2205389818191,-3.0411101161672605,0.003443205838117246,0.0,2.140107634449051e-05
84,Trace-Anchored Reference,Nodal exact net value,880.1306903840959,883.2205389818191,-3.0898485977231758,0.00349838852398651,0.0,2.140107634449051e-05
85,High-5-of-10,Uniform gross,8027.423693945949,226.60921805127873,7800.81447589467,34.42408275787548,0.9717706169885887,0.000620655085438862
85,High-5-of-10,Nodal gross,8067.821594028585,226.60921805127873,7841.212375977307,34.60235397045032,0.9719119696177957,0.000620655085438862
85,High-5-of-10,Uniform signed net,5241.210347167728,226.60921805127873,5014.60112911645,22.12884882724281,0.9567639527816824,0.000620655085438862
85,High-5-of-10,Nodal signed linear,5283.459121286621,226.60921805127873,5056.849903235342,22.31528773066523,0.957109686504758,0.000620655085438862
85,High-5-of-10,Nodal exact net value,5181.3566708956605,226.60921805127873,4954.747452844382,21.86472154774916,0.9562645012793326,0.000620655085438862
85,Ridge,Uniform gross,3048.650805065494,226.60921805127873,2822.041587014215,12.45333976826849,0.9256690147409616,0.000620655085438862
85,Ridge,Nodal gross,3048.3206312567695,226.60921805127873,2821.7114132054908,12.45188274983136,0.9256609637032008,0.000620655085438862
85,Ridge,Uniform signed net,1091.5820725313406,226.60921805127873,864.9728544800619,3.8170241348449014,0.792402950035832,0.000620655085438862
85,Ridge,Nodal signed linear,1091.160768513985,226.60921805127873,864.5515504627062,3.815164969445636,0.7923227955126263,0.000620655085438862
85,Ridge,Nodal exact net value,1086.1357099006418,226.60921805127873,859.5264918493631,3.7929899729624563,0.7913619670307971,0.000620655085438862
85,Gradient Boosting,Uniform gross,4932.2244971340215,226.60921805127873,4705.615279082743,20.765330376004048,0.9540553723410289,0.000620655085438862
85,Gradient Boosting,Nodal gross,4931.887446312268,226.60921805127873,4705.27822826099,20.763843010111998,0.9540522324326923,0.000620655085438862
85,Gradient Boosting,Uniform signed net,2832.325434903688,226.60921805127873,2605.716216852409,11.498721187338324,0.9199918147615743,0.000620655085438862
85,Gradient Boosting,Nodal signed linear,2831.9066098994335,226.60921805127873,2605.297391848155,11.496872961534203,0.9199799819460409,0.000620655085438862
85,Gradient Boosting,Nodal exact net value,2825.6748785095333,226.60921805127873,2599.0656604582546,11.469373059087648,0.9198035061376881,0.000620655085438862
85,Extra Trees,Uniform gross,5857.250563573304,226.60921805127873,5630.641345522025,24.847362318014284,0.9613113327504582,0.000620655085438862
85,Extra Trees,Nodal gross,5856.79380045925,226.60921805127873,5630.184582407971,24.845346675764677,0.9613083154756943,0.000620655085438862
85,Extra Trees,Uniform signed net,3362.7002083483308,226.60921805127873,3136.090990297052,13.839203088320067,0.9326109364466412,0.000620655085438862
85,Extra Trees,Nodal signed linear,3362.152332763838,226.60921805127873,3135.543114712559,13.836785377384897,0.9325999551409392,0.000620655085438862
85,Extra Trees,Nodal exact net value,3355.714788741403,226.60921805127873,3129.1055706901243,13.808377247840149,0.9324706560844908,0.000620655085438862
85,Metadata Gradient Boosting,Uniform gross,5107.8754762788485,226.60921805127873,4881.26625822757,21.540457622174056,0.9556353284053889,0.000620655085438862
85,Metadata Gradient Boosting,Nodal gross,5107.530365247184,226.60921805127873,4880.921147195905,21.538934687517504,0.9556323307261803,0.000620655085438862
85,Metadata Gradient Boosting,Uniform signed net,3046.521445548277,226.60921805127873,2819.912227496998,12.443943153534418,0.9256170612609962,0.000620655085438862
85,Metadata Gradient Boosting,Nodal signed linear,3046.056939854954,226.60921805127873,2819.4477218036754,12.441893344187221,0.925605718302144,0.000620655085438862
85,Metadata Gradient Boosting,Nodal exact net value,3039.825208465052,226.60921805127873,2813.2159904137734,12.414393441740659,0.9254532078291093,0.000620655085438862
85,Ex-post Metadata Gradient Boosting,Uniform gross,3742.359354946413,226.60921805127873,3515.7501368951343,15.514594539131085,0.9394474991420155,0.000620655085438862
85,Ex-post Metadata Gradient Boosting,Nodal gross,3742.069761987327,226.60921805127873,3515.4605439360485,15.513316599241541,0.9394428130781475,0.000620655085438862
85,Ex-post Metadata Gradient Boosting,Uniform signed net,1682.8077489507505,226.60921805127873,1456.1985308994717,6.426033960233484,0.865338617443037,0.000620655085438862
85,Ex-post Metadata Gradient Boosting,Nodal signed linear,1682.4127348920397,226.60921805127873,1455.803516840761,6.424290809349739,0.8653070002671965,0.000620655085438862
85,Ex-post Metadata Gradient Boosting,Nodal exact net value,1676.0828110512302,226.60921805127873,1449.4735929999515,6.396357595091098,0.8647983163140068,0.000620655085438862
85,Ex-post Quantile Gradient Boosting,Uniform gross,940.1906527152943,226.60921805127873,713.5814346640155,3.148951489266166,0.7589752489063515,0.000620655085438862
85,Ex-post Quantile Gradient Boosting,Nodal gross,940.1414410274422,226.60921805127873,713.5322229761634,3.1487343238380547,0.7589626324698263,0.000620655085438862
85,Ex-post Quantile Gradient Boosting,Uniform signed net,-1081.720423849041,226.60921805127873,-1308.3296419003198,5.773505831542394,0.0,0.000620655085438862
85,Ex-post Quantile Gradient Boosting,Nodal signed linear,-1081.8205456849641,226.60921805127873,-1308.4297637362429,5.773947657505098,0.0,0.000620655085438862
85,Ex-post Quantile Gradient Boosting,Nodal exact net value,-1087.6139518108976,226.60921805127873,-1314.2231698621763,5.799513281780023,0.0,0.000620655085438862
85,Synthetic Control,Uniform gross,5465.469783741799,226.60921805127873,5238.86056569052,23.118479516155578,0.9585380164893829,0.000620655085438862
85,Synthetic Control,Nodal gross,5473.328457977507,226.60921805127873,5246.7192399262285,23.153158927272607,0.9585975481297874,0.000620655085438862
85,Synthetic Control,Uniform signed net,2752.5104371273324,226.60921805127873,2525.9012190760536,11.146506928524307,0.9176718042574327,0.000620655085438862
85,Synthetic Control,Nodal signed linear,2760.7647536671675,226.60921805127873,2534.1555356158888,11.182932262898689,0.9179179545268136,0.000620655085438862
85,Synthetic Control,Nodal exact net value,2740.878088917554,226.60921805127873,2514.2688708662754,11.095174735113066,0.9173224015443997,0.000620655085438862
85,Feasible Quantile Projection,Uniform gross,789.199820779214,226.60921805127873,562.5906027279352,2.4826465911930744,0.7128620507952766,0.000620655085438862
85,Feasible Quantile Projection,Nodal gross,789.1576198694813,226.60921805127873,562.5484018182026,2.4824603635095954,0.7128466958365585,0.000620655085438862
85,Feasible Quantile Projection,Uniform signed net,-94.01298406965213,226.60921805127873,-320.62220212093087,1.4148683132933197,0.0,0.000620655085438862
85,Feasible Quantile Projection,Nodal signed linear,-94.02358104340618,226.60921805127873,-320.6327990946849,1.4149150765002414,0.0,0.000620655085438862
85,Feasible Quantile Projection,Nodal exact net value,-94.02358104338782,226.60921805127873,-320.63279909466655,1.4149150765001604,0.0,0.000620655085438862
85,Tail-Risk Feasible Counterfactual,Uniform gross,800.9014068066266,226.60921805127873,574.2921887553479,2.5342843230031047,0.7170572855467685,0.000620655085438862
85,Tail-Risk Feasible Counterfactual,Nodal gross,800.8571472005925,226.60921805127873,574.2479291493138,2.534089010533406,0.7170416486343483,0.000620655085438862
85,Tail-Risk Feasible Counterfactual,Uniform signed net,-26.667061022299208,226.60921805127873,-253.27627907357794,1.117678624248484,0.0,0.000620655085438862
85,Tail-Risk Feasible Counterfactual,Nodal signed linear,-26.691328507798545,226.60921805127873,-253.30054655907728,1.1177857138263398,0.0,0.000620655085438862
85,Tail-Risk Feasible Counterfactual,Nodal exact net value,-26.6913285077826,226.60921805127873,-253.30054655906133,1.1177857138262695,0.0,0.000620655085438862
85,Single Feasible Projection,Uniform gross,651.1766610256541,226.60921805127873,424.56744297437535,1.8735665151904863,0.6520003992551706,0.000620655085438862
85,Single Feasible Projection,Nodal gross,651.1412594576339,226.60921805127873,424.5320414063551,1.8734102922074822,0.6519814790418408,0.000620655085438862
85,Single Feasible Projection,Uniform signed net,1.749355834348212e-14,226.60921805127873,-226.6092180512787,0.9999999999999999,0.0,0.000620655085438862
85,Single Feasible Projection,Nodal signed linear,-0.0054810256850927885,226.60921805127873,-226.61469907696383,1.0000241871258913,0.0,0.000620655085438862
85,Single Feasible Projection,Nodal exact net value,-0.005481025691551622,226.60921805127873,-226.61469907697028,1.0000241871259197,0.0,0.000620655085438862
85,Risk-Constrained Convex Verifier,Uniform gross,651.1766610256541,226.60921805127873,424.56744297437535,1.8735665151904863,0.6520003992551706,0.000620655085438862
85,Risk-Constrained Convex Verifier,Nodal gross,651.1412594576339,226.60921805127873,424.5320414063551,1.8734102922074822,0.6519814790418408,0.000620655085438862
85,Risk-Constrained Convex Verifier,Uniform signed net,1.749355834348212e-14,226.60921805127873,-226.6092180512787,0.9999999999999999,0.0,0.000620655085438862
85,Risk-Constrained Convex Verifier,Nodal signed linear,-0.0054810256850927885,226.60921805127873,-226.61469907696383,1.0000241871258913,0.0,0.000620655085438862
85,Risk-Constrained Convex Verifier,Nodal exact net value,-0.005481025691551622,226.60921805127873,-226.61469907697028,1.0000241871259197,0.0,0.000620655085438862
85,Trace-Anchored Reference,Uniform gross,1021.9692023929908,226.60921805127873,795.3599843417121,3.5098306731799958,0.7782621848871158,0.000620655085438862
85,Trace-Anchored Reference,Nodal gross,1021.9312270814252,226.60921805127873,795.3220090301464,3.5096630925674672,0.7782539450345781,0.000620655085438862
85,Trace-Anchored Reference,Uniform signed net,225.330471082507,226.60921805127873,-1.2787469687717419,0.005642960951757832,0.0,0.000620655085438862
85,Trace-Anchored Reference,Nodal signed linear,225.21978456889963,226.60921805127873,-1.3894334823791041,0.006131407602601114,0.0,0.000620655085438862
85,Trace-Anchored Reference,Nodal exact net value,223.8556645206918,226.60921805127873,-2.7535535305869416,0.012151109978076214,0.0,0.000620655085438862
86,High-5-of-10,Uniform gross,7555.15595986473,181.51525095410034,7373.64070891063,40.62270619219317,0.9759746520232853,1.4962180539673797e-06
86,High-5-of-10,Nodal gross,7562.985133862243,181.51525095410034,7381.469882908143,40.66583851279081,0.9759995229738863,1.4962180539673797e-06
86,High-5-of-10,Uniform signed net,5518.381467935101,181.51525095410034,5336.866216981,29.40175103154572,0.9671071577764593,1.4962180539673797e-06
86,High-5-of-10,Nodal signed linear,5527.027881473121,181.51525095410034,5345.512630519021,29.44938567101856,0.9671586149289116,1.4962180539673797e-06
86,High-5-of-10,Nodal exact net value,5463.403170328282,181.51525095410034,5281.887919374181,29.09886575156051,0.9667761566746695,1.4962180539673797e-06
86,Ridge,Uniform gross,5812.91154772231,181.51525095410034,5631.39629676821,31.024369947802448,0.9687737806667256,1.4962180539673797e-06
86,Ridge,Nodal gross,5812.480181096852,181.51525095410034,5630.964930142752,31.02199347186893,0.9687714632482675,1.4962180539673797e-06
86,Ridge,Uniform signed net,4554.499044209907,181.51525095410034,4372.983793255807,24.091550270680013,0.9601459459773388,1.4962180539673797e-06
86,Ridge,Nodal signed linear,4554.0725172714,181.51525095410034,4372.5572663173,24.089200457447987,0.9601422133122166,1.4962180539673797e-06
86,Ridge,Nodal exact net value,4547.256707456327,181.51525095410034,4365.741456502226,24.051650941474826,0.9600824711179243,1.4962180539673797e-06
86,Gradient Boosting,Uniform gross,5228.555479210489,181.51525095410034,5047.040228256388,27.805047794758746,0.96528386249781,1.4962180539673797e-06
86,Gradient Boosting,Nodal gross,5228.188578729286,181.51525095410034,5046.6733277751855,27.803026474350276,0.9652814262108699,1.4962180539673797e-06
86,Gradient Boosting,Uniform signed net,3614.5600950669686,181.51525095410034,3433.0448441128683,18.913258396017536,0.9497822013799615,1.4962180539673797e-06
86,Gradient Boosting,Nodal signed linear,3614.1983269354346,181.51525095410034,3432.6830759813342,18.91126535064183,0.9497771747606304,1.4962180539673797e-06
86,Gradient Boosting,Nodal exact net value,3607.6712457682006,181.51525095410034,3426.1559948141003,18.875306492458147,0.9496863104788116,1.4962180539673797e-06
86,Extra Trees,Uniform gross,6863.487886618075,181.51525095410034,6681.972635663975,36.8121830013812,0.97355349729574,1.4962180539673797e-06
86,Extra Trees,Nodal gross,6879.696687769536,181.51525095410034,6698.1814368154355,36.901480187519894,0.9736158061623863,1.4962180539673797e-06
86,Extra Trees,Uniform signed net,4793.862707485142,181.51525095410034,4612.347456531042,25.41024752623879,0.96213590959318,1.4962180539673797e-06
86,Extra Trees,Nodal signed linear,4812.243418034673,181.51525095410034,4630.728167080572,25.51151014991871,0.9622805342153221,1.4962180539673797e-06
86,Extra Trees,Nodal exact net value,4762.243115371988,181.51525095410034,4580.727864417888,25.236049534902243,0.9618845055666752,1.4962180539673797e-06
86,Metadata Gradient Boosting,Uniform gross,4659.102737752548,181.51525095410034,4477.587486798448,24.667830737433146,0.9610407279746616,1.4962180539673797e-06
86,Metadata Gradient Boosting,Nodal gross,4658.7746914597265,181.51525095410034,4477.259440505626,24.666023471701497,0.9610379846686197,1.4962180539673797e-06
86,Metadata Gradient Boosting,Uniform signed net,3382.1338267985916,181.51525095410034,3200.6185758444913,17.63278049101136,0.9463311447004696,1.4962180539673797e-06
86,Metadata Gradient Boosting,Nodal signed linear,3381.824567115199,181.51525095410034,3200.3093161610986,17.631076724072948,0.9463262368133607,1.4962180539673797e-06
86,Metadata Gradient Boosting,Nodal exact net value,3375.2974859479655,181.51525095410034,3193.782234993865,17.595117865889268,0.9462224435891105,1.4962180539673797e-06
86,Ex-post Metadata Gradient Boosting,Uniform gross,5507.499661745523,181.51525095410034,5325.984410791422,29.341801213927756,0.9670421675710876,1.4962180539673797e-06
86,Ex-post Metadata Gradient Boosting,Nodal gross,5507.158263502348,181.51525095410034,5325.6430125482475,29.33992038991225,0.9670401244581878,1.4962180539673797e-06
86,Ex-post Metadata Gradient Boosting,Uniform signed net,4206.588466871482,181.51525095410034,4025.0732159173813,22.174848640873705,0.9568497721173337,1.4962180539673797e-06
86,Ex-post Metadata Gradient Boosting,Nodal signed linear,4206.267582413995,181.51525095410034,4024.752331459895,22.173080830974538,0.9568464803064365,1.4962180539673797e-06
86,Ex-post Metadata Gradient Boosting,Nodal exact net value,4181.091375114702,181.51525095410034,3999.5761241606015,22.034380599633316,0.9565866338070355,1.4962180539673797e-06
86,Ex-post Quantile Gradient Boosting,Uniform gross,1039.3056795867938,181.51525095410034,857.7904286326934,4.725720974540053,0.8253495054253268,1.4962180539673797e-06
86,Ex-post Quantile Gradient Boosting,Nodal gross,1039.2683664018657,181.51525095410034,857.7531154477654,4.725515409527021,0.8253432348926978,1.4962180539673797e-06
86,Ex-post Quantile Gradient Boosting,Uniform signed net,-447.70358607176513,181.51525095410034,-629.2188370258655,3.466479173063952,0.0,1.4962180539673797e-06
86,Ex-post Quantile Gradient Boosting,Nodal signed linear,-447.73315323000577,181.51525095410034,-629.2484041841061,3.466642063829798,0.0,1.4962180539673797e-06
86,Ex-post Quantile Gradient Boosting,Nodal exact net value,-449.59645101484784,181.51525095410034,-631.1117019689482,3.476907304767119,0.0,1.4962180539673797e-06
86,Synthetic Control,Uniform gross,5635.471087994195,181.51525095410034,5453.955837040095,30.046818701857912,0.9677905807482892,1.4962180539673797e-06
86,Synthetic Control,Nodal gross,5643.433198075024,181.51525095410034,5461.917947120924,30.0906833911277,0.9678360238203909,1.4962180539673797e-06
86,Synthetic Control,Uniform signed net,3769.8573328157154,181.51525095410034,3588.342081861615,19.768818669506715,0.9518508964851128,1.4962180539673797e-06
86,Synthetic Control,Nodal signed linear,3778.7790028503296,181.51525095410034,3597.263751896229,19.81796974627695,0.951964576172043,1.4962180539673797e-06
86,Synthetic Control,Nodal exact net value,3759.3276423196585,181.51525095410034,3577.812391365558,19.710808720256114,0.9517160332313844,1.4962180539673797e-06
86,Feasible Quantile Projection,Uniform gross,676.4526028115964,181.51525095410034,494.9373518574961,2.7266984413483284,0.7316659730487349,1.4962180539673797e-06
86,Feasible Quantile Projection,Nodal gross,676.413141218099,181.51525095410034,494.89789026399865,2.726481040368025,0.7316503185801153,1.4962180539673797e-06
86,Feasible Quantile Projection,Uniform signed net,-51.01322330896899,181.51525095410034,-232.5284742630693,1.2810409761208916,0.0,1.4962180539673797e-06
86,Feasible Quantile Projection,Nodal signed linear,-51.02265272672956,181.51525095410034,-232.5379036808299,1.2810929244707467,0.0,1.4962180539673797e-06
86,Feasible Quantile Projection,Nodal exact net value,-51.038420386903454,181.51525095410034,-232.5536713410038,1.281179791332297,0.0,1.4962180539673797e-06
86,Tail-Risk Feasible Counterfactual,Uniform gross,624.2818555299771,181.51525095410034,442.7666045758767,2.439280458521025,0.7092415079083069,1.4962180539673797e-06
86,Tail-Risk Feasible Counterfactual,Nodal gross,624.2414384945623,181.51525095410034,442.726187540462,2.4390577938402207,0.7092226825059107,1.4962180539673797e-06
86,Tail-Risk Feasible Counterfactual,Uniform signed net,-8.1702221616112,181.51525095410034,-189.68547311571155,1.0450112159648623,0.0,1.4962180539673797e-06
86,Tail-Risk Feasible Counterfactual,Nodal signed linear,-8.183014394529112,181.51525095410034,-189.69826534862946,1.0450816906652012,0.0,1.4962180539673797e-06
86,Tail-Risk Feasible Counterfactual,Nodal exact net value,-8.183014394526253,181.51525095410034,-189.6982653486266,1.0450816906651854,0.0,1.4962180539673797e-06
86,Single Feasible Projection,Uniform gross,508.2150889304985,181.51525095410034,326.69983797639816,1.799847870959397,0.6428377375884571,1.4962180539673797e-06
86,Single Feasible Projection,Nodal gross,508.1818505017527,181.51525095410034,326.66659954765237,1.7996647545073574,0.6428143768320701,1.4962180539673797e-06
86,Single Feasible Projection,Uniform signed net,-0.0003920350127927968,181.51525095410034,-181.51564298911313,1.000002159791041,0.0,1.4962180539673797e-06
86,Single Feasible Projection,Nodal signed linear,-0.005533161304819956,181.51525095410034,-181.52078411540515,1.0000304831757978,0.0,1.4962180539673797e-06
86,Single Feasible Projection,Nodal exact net value,-0.005533161296625622,181.51525095410034,-181.52078411539696,1.0000304831757527,0.0,1.4962180539673797e-06
86,Risk-Constrained Convex Verifier,Uniform gross,508.2150889304984,181.51525095410034,326.69983797639804,1.7998478709593964,0.642837737588457,1.4962180539673797e-06
86,Risk-Constrained Convex Verifier,Nodal gross,508.1818505017526,181.51525095410034,326.66659954765225,1.7996647545073567,0.64281437683207,1.4962180539673797e-06
86,Risk-Constrained Convex Verifier,Uniform signed net,-0.0003920350127927968,181.51525095410034,-181.51564298911313,1.000002159791041,0.0,1.4962180539673797e-06
86,Risk-Constrained Convex Verifier,Nodal signed linear,-0.005533161304821732,181.51525095410034,-181.52078411540515,1.0000304831757978,0.0,1.4962180539673797e-06
86,Risk-Constrained Convex Verifier,Nodal exact net value,-0.005533161296625622,181.51525095410034,-181.52078411539696,1.0000304831757527,0.0,1.4962180539673797e-06
86,Trace-Anchored Reference,Uniform gross,734.7983243835275,181.51525095410034,553.2830734294272,3.0481354625641655,0.7529726934170871,1.4962180539673797e-06
86,Trace-Anchored Reference,Nodal gross,734.761784168962,181.51525095410034,553.2465332148616,3.047934155983184,0.7529604085773192,1.4962180539673797e-06
86,Trace-Anchored Reference,Uniform signed net,181.08655781990868,181.51525095410034,-0.42869313419166133,0.0023617471917005183,0.0,1.4962180539673797e-06
86,Trace-Anchored Reference,Nodal signed linear,181.08009447228488,181.51525095410034,-0.4351564818154543,0.002397354930388147,0.0,1.4962180539673797e-06
86,Trace-Anchored Reference,Nodal exact net value,180.8974951104974,181.51525095410034,-0.6177558436029358,0.0034033274909729067,0.0,1.4962180539673797e-06
87,High-5-of-10,Uniform gross,7606.449023787833,578.8293321307465,7027.619691657086,12.141091167214174,0.9239028184740923,2.7755575615628914e-17
87,High-5-of-10,Nodal gross,7663.661514918411,578.8293321307465,7084.832182787664,12.239932894740269,0.9244709162840801,2.7755575615628914e-17
87,High-5-of-10,Uniform signed net,3642.4238485971655,578.8293321307465,3063.594516466419,5.292742344602557,0.8410867718336307,2.7755575615628914e-17
87,High-5-of-10,Nodal signed linear,3706.3927913713055,578.8293321307465,3127.563459240559,5.40325668660845,0.8438294685122704,2.7755575615628914e-17
87,High-5-of-10,Nodal exact net value,3607.4297479776324,578.8293321307465,3028.600415846886,5.23228566302646,0.8395452240046407,2.7755575615628914e-17
87,Ridge,Uniform gross,5901.413126210137,578.8293321307465,5322.583794079391,9.195428598074434,0.9019168257243383,2.7755575615628914e-17
87,Ridge,Nodal gross,5900.901003948478,578.8293321307465,5322.071671817732,9.194543842874186,0.9019083133671564,2.7755575615628914e-17
87,Ridge,Uniform signed net,3134.4554553610933,578.8293321307465,2555.626123230347,4.415163471109442,0.8153333679887741,2.7755575615628914e-17
87,Ridge,Nodal signed linear,3133.9713561635563,578.8293321307465,2555.14202403281,4.414327129254141,0.8153048428498342,2.7755575615628914e-17
87,Ridge,Nodal exact net value,3130.4296333250822,578.8293321307465,2551.6003011943358,4.408208360487817,0.8150958814187031,2.7755575615628914e-17
87,Gradient Boosting,Uniform gross,5286.3949531161425,578.8293321307465,4707.565620985396,8.132907853263468,0.890505848075247,2.7755575615628914e-17
87,Gradient Boosting,Nodal gross,5285.975919353943,578.8293321307465,4707.146587223197,8.13218392007809,0.8904971681744832,2.7755575615628914e-17
87,Gradient Boosting,Uniform signed net,1967.843544237858,578.8293321307465,1389.0142121071115,2.39969561838542,0.7058560199942491,2.7755575615628914e-17
87,Gradient Boosting,Nodal signed linear,1967.443063909093,578.8293321307465,1388.6137317783466,2.399003738574681,0.7057961458967579,2.7755575615628914e-17
87,Gradient Boosting,Nodal exact net value,1964.5060291430564,578.8293321307465,1385.67669701231,2.3939296440134656,0.7053562964206124,2.7755575615628914e-17
87,Extra Trees,Uniform gross,6896.814495279833,578.8293321307465,6317.9851631490865,10.91510884545494,0.9160729446142278,2.7755575615628914e-17
87,Extra Trees,Nodal gross,6912.916837436883,578.8293321307465,6334.087505306136,10.942927653630703,0.9162684369358969,2.7755575615628914e-17
87,Extra Trees,Uniform signed net,3074.8761143840034,578.8293321307465,2496.046782253257,4.312232714719177,0.8117552348131903,2.7755575615628914e-17
87,Extra Trees,Nodal signed linear,3092.5733377129077,578.8293321307465,2513.744005582161,4.342806879410794,0.8128324638021952,2.7755575615628914e-17
87,Extra Trees,Nodal exact net value,3063.457515580776,578.8293321307465,2484.6281834500296,4.292505658453396,0.8110535794321238,2.7755575615628914e-17
87,Metadata Gradient Boosting,Uniform gross,5684.655303779195,578.8293321307465,5105.825971648448,8.820952374430016,0.8981768812357124,2.7755575615628914e-17
87,Metadata Gradient Boosting,Nodal gross,5684.258205888742,578.8293321307465,5105.4288737579955,8.820266338204119,0.8981697679512352,2.7755575615628914e-17
87,Metadata Gradient Boosting,Uniform signed net,2641.671816167651,578.8293321307465,2062.8424840369044,3.5638181576654233,0.7808852225366621,2.7755575615628914e-17
87,Metadata Gradient Boosting,Nodal signed linear,2641.3083365415064,578.8293321307465,2062.47900441076,3.5631902011919556,0.7808550693900971,2.7755575615628914e-17
87,Metadata Gradient Boosting,Nodal exact net value,2629.4934493919645,578.8293321307465,2050.664117261218,3.5427785072889364,0.7798704034556188,2.7755575615628914e-17
87,Ex-post Metadata Gradient Boosting,Uniform gross,6111.490109200336,578.8293321307465,5532.660777069589,9.55836283676769,0.9052883467389782,2.7755575615628914e-17
87,Ex-post Metadata Gradient Boosting,Nodal gross,6111.065751007716,578.8293321307465,5532.23641887697,9.557629704963437,0.9052817698720886,2.7755575615628914e-17
87,Ex-post Metadata Gradient Boosting,Uniform signed net,3119.436150320296,578.8293321307465,2540.6068181895494,4.389215744885013,0.8144442443320041,2.7755575615628914e-17
87,Ex-post Metadata Gradient Boosting,Nodal signed linear,3119.048499432462,578.8293321307465,2540.2191673017155,4.38854602953661,0.8144211825381781,2.7755575615628914e-17
87,Ex-post Metadata Gradient Boosting,Nodal exact net value,3107.233612282922,578.8293321307465,2528.4042801521755,4.368134335633594,0.8137155411029834,2.7755575615628914e-17
87,Ex-post Quantile Gradient Boosting,Uniform gross,907.6182753187593,578.8293321307465,328.7889431880128,0.5680239838186806,0.3622546527862066,2.7755575615628914e-17
87,Ex-post Quantile Gradient Boosting,Nodal gross,907.5856980706443,578.8293321307465,328.7563659398978,0.5679677025518085,0.3622317612967808,2.7755575615628914e-17
87,Ex-post Quantile Gradient Boosting,Uniform signed net,-2391.9078779188294,578.8293321307465,-2970.737210049576,5.132319744602271,0.0,2.7755575615628914e-17
87,Ex-post Quantile Gradient Boosting,Nodal signed linear,-2391.928198445706,578.8293321307465,-2970.7575305764526,5.132354850851642,0.0,2.7755575615628914e-17
87,Ex-post Quantile Gradient Boosting,Nodal exact net value,-2396.628643392585,578.8293321307465,-2975.4579755233317,5.140475456850608,0.0,2.7755575615628914e-17
87,Synthetic Control,Uniform gross,6242.738483872776,578.8293321307465,5663.909151742029,9.785110804410065,0.9072795803274365,2.7755575615628914e-17
87,Synthetic Control,Nodal gross,6259.0037597527835,578.8293321307465,5680.174427622037,9.813211100951937,0.9075205329236599,2.7755575615628914e-17
87,Synthetic Control,Uniform signed net,2557.522428715455,578.8293321307465,1978.6930965847087,3.418439575791504,0.7736757552419706,2.7755575615628914e-17
87,Synthetic Control,Nodal signed linear,2575.351089694026,578.8293321307465,1996.5217575632796,3.4492408154469674,0.7752425545211715,2.7755575615628914e-17
87,Synthetic Control,Nodal exact net value,2546.5171598924935,578.8293321307465,1967.687827761747,3.399426598715084,0.7726976510320539,2.7755575615628914e-17
87,Feasible Quantile Projection,Uniform gross,1076.8391429271437,578.8293321307465,498.00981079639723,0.8603741779345528,0.462473726059651,2.7755575615628914e-17
87,Feasible Quantile Projection,Nodal gross,1076.7888578649672,578.8293321307465,497.95952573422073,0.8602873042061753,0.46244862407061277,2.7755575615628914e-17
87,Feasible Quantile Projection,Uniform signed net,-11.944582935469072,578.8293321307465,-590.7739150662155,1.0206357595795974,0.0,2.7755575615628914e-17
87,Feasible Quantile Projection,Nodal signed linear,-11.952235013949945,578.8293321307465,-590.7815671446964,1.0206489795013536,0.0,2.7755575615628914e-17
87,Feasible Quantile Projection,Nodal exact net value,-12.02825144608505,578.8293321307465,-590.8575835768315,1.020780307386648,0.0,2.7755575615628914e-17
87,Tail-Risk Feasible Counterfactual,Uniform gross,1359.273096912464,578.8293321307465,780.4437647817176,1.3483141255278168,0.5741625921637566,2.7755575615628914e-17
87,Tail-Risk Feasible Counterfactual,Nodal gross,1359.1997052397335,578.8293321307465,780.370373108987,1.3481873322423754,0.5741395985451208,2.7755575615628914e-17
87,Tail-Risk Feasible Counterfactual,Uniform signed net,116.9576509774489,578.8293321307465,-461.8716811532976,0.7979410432658751,0.0,2.7755575615628914e-17
87,Tail-Risk Feasible Counterfactual,Nodal signed linear,116.92978033909789,578.8293321307465,-461.8995517916486,0.7979891932762563,0.0,2.7755575615628914e-17
87,Tail-Risk Feasible Counterfactual,Nodal exact net value,116.91733072662464,578.8293321307465,-461.91200140412184,0.7980107015374693,0.0,2.7755575615628914e-17
87,Single Feasible Projection,Uniform gross,1216.614094439679,578.8293321307465,637.7847623089326,1.1018528725231727,0.5242293059268471,2.7755575615628914e-17
87,Single Feasible Projection,Nodal gross,1216.5418291094386,578.8293321307465,637.7124969786921,1.1017280251351276,0.5242010440738608,2.7755575615628914e-17
87,Single Feasible Projection,Uniform signed net,126.49222194144362,578.8293321307465,-452.33711018930285,0.7814688805147293,0.0,2.7755575615628914e-17
87,Single Feasible Projection,Nodal signed linear,126.46719454533422,578.8293321307465,-452.36213758541226,0.7815121184688552,0.0,2.7755575615628914e-17
87,Single Feasible Projection,Nodal exact net value,126.32346803554537,578.8293321307465,-452.5058640952011,0.7817604239741408,0.0,2.7755575615628914e-17
87,Risk-Constrained Convex Verifier,Uniform gross,1206.8434052662071,578.8293321307465,628.0140731354606,1.0849727860605451,0.520377432892325,2.7755575615628914e-17
87,Risk-Constrained Convex Verifier,Nodal gross,1206.772404724479,578.8293321307465,627.9430725937325,1.084850123752699,0.520349214263894,2.7755575615628914e-17
87,Risk-Constrained Convex Verifier,Uniform signed net,116.72153276797154,578.8293321307465,-462.1077993627749,0.798348966977357,0.0,2.7755575615628914e-17
87,Risk-Constrained Convex Verifier,Nodal signed linear,116.69777016037489,578.8293321307465,-462.1315619703716,0.7983900198512831,0.0,2.7755575615628914e-17
87,Risk-Constrained Convex Verifier,Nodal exact net value,116.55404365058348,578.8293321307465,-462.275288480163,0.7986383253565731,0.0,2.7755575615628914e-17
87,Trace-Anchored Reference,Uniform gross,1520.2631109770114,578.8293321307465,941.4337788462649,1.6264444916444092,0.6192571351950016,2.7755575615628914e-17
87,Trace-Anchored Reference,Nodal gross,1520.2226734906849,578.8293321307465,941.3933413599384,1.6263746308338356,0.6192470075441924,2.7755575615628914e-17
87,Trace-Anchored Reference,Uniform signed net,575.2116381809747,578.8293321307465,-3.6176939497718195,0.0062500183542092014,0.0,2.7755575615628914e-17
87,Trace-Anchored Reference,Nodal signed linear,575.2076885778014,578.8293321307465,-3.621643552945102,0.006256841787221388,0.0,2.7755575615628914e-17
87,Trace-Anchored Reference,Nodal exact net value,575.0827689156795,578.8293321307465,-3.746563215066999,0.0064726561131161235,0.0,2.7755575615628914e-17
88,High-5-of-10,Uniform gross,8467.71982015555,405.0931988398406,8062.626621315709,19.903139930284002,0.95216029728858,0.00030462206531202407
88,High-5-of-10,Nodal gross,8646.459991882286,405.0931988398406,8241.366793042445,20.34437215101404,0.953149242670392,0.00030462206531202407
88,High-5-of-10,Uniform signed net,6306.878586260906,405.0931988398406,5901.785387421065,14.568956981562211,0.9357696214856097,0.00030462206531202407
88,High-5-of-10,Nodal signed linear,6499.452666066597,405.0931988398406,6094.359467226756,15.044339141413847,0.9376727211269932,0.00030462206531202407
88,High-5-of-10,Nodal exact net value,6208.1929536912685,405.0931988398406,5803.099754851428,14.325344813171663,0.9347486133466615,0.00030462206531202407
88,Ridge,Uniform gross,7722.850676261025,405.0931988398406,7317.757477421184,18.06437999546461,0.9475461567468809,0.00030462206531202407
88,Ridge,Nodal gross,7722.31322415472,405.0931988398406,7317.220025314879,18.063053258536307,0.9475425061013137,0.00030462206531202407
88,Ridge,Uniform signed net,6722.704901279621,405.0931988398406,6317.61170243978,15.595452405848803,0.939742528522599,0.00030462206531202407
88,Ridge,Nodal signed linear,6722.196031775206,405.0931988398406,6317.102832935366,15.594196227009288,0.9397379670385984,0.00030462206531202407
88,Ridge,Nodal exact net value,6659.6104456895555,405.0931988398406,6254.517246849715,15.439699468572238,0.9391716374188166,0.00030462206531202407
88,Gradient Boosting,Uniform gross,4958.059275417687,405.0931988398406,4552.966076577846,11.239305151548413,0.918296015368692,0.00030462206531202407
88,Gradient Boosting,Nodal gross,4957.74217652611,405.0931988398406,4552.648977686269,11.238522371456115,0.9182907895537865,0.00030462206531202407
88,Gradient Boosting,Uniform signed net,3252.786931722398,405.0931988398406,2847.6937328825575,7.02972486587817,0.8754627316996327,0.00030462206531202407
88,Gradient Boosting,Nodal signed linear,3252.478606633855,405.0931988398406,2847.3854077940146,7.028963744512948,0.8754509259450316,0.00030462206531202407
88,Gradient Boosting,Nodal exact net value,3246.705351848017,405.0931988398406,2841.6121530081764,7.014712074027311,0.8752294541883012,0.00030462206531202407
88,Extra Trees,Uniform gross,6571.4020882984205,405.0931988398406,6166.30888945858,15.221951163629676,0.9383551343538721,0.00030462206531202407
88,Extra Trees,Nodal gross,6570.872797483404,405.0931988398406,6165.779598643563,15.220644573401717,0.9383501687941687,0.00030462206531202407
88,Extra Trees,Uniform signed net,4114.5226128052645,405.0931988398406,3709.429413965424,9.156977763608419,0.9015455164642662,0.00030462206531202407
88,Extra Trees,Nodal signed linear,4113.972040205675,405.0931988398406,3708.878841365834,9.155618637853735,0.9015323403074007,0.00030462206531202407
88,Extra Trees,Nodal exact net value,4105.400071449047,405.0931988398406,3700.306872609206,9.134458152362551,0.9013267423905758,0.00030462206531202407
88,Metadata Gradient Boosting,Uniform gross,5548.955910470486,405.0931988398406,5143.862711630645,12.697973519087258,0.9269965007154845,0.00030462206531202407
88,Metadata Gradient Boosting,Nodal gross,5548.596249105726,405.0931988398406,5143.503050265886,12.697085670646974,0.9269917686108212,0.00030462206531202407
88,Metadata Gradient Boosting,Uniform signed net,4173.220762923772,405.0931988398406,3768.1275640839312,9.301878123048208,0.9029303212428113,0.00030462206531202407
88,Metadata Gradient Boosting,Nodal signed linear,4172.892974014718,405.0931988398406,3767.799775174877,9.30106895392369,0.902922696229589,0.00030462206531202407
88,Metadata Gradient Boosting,Nodal exact net value,4157.590405772447,405.0931988398406,3752.497206932607,9.263293527710422,0.9025653902131858,0.00030462206531202407
88,Ex-post Metadata Gradient Boosting,Uniform gross,6101.120130945441,405.0931988398406,5696.0269321056,14.06102829773157,0.9336034711420989,0.00030462206531202407
88,Ex-post Metadata Gradient Boosting,Nodal gross,6100.701251120961,405.0931988398406,5695.608052281121,14.059994264512351,0.9335989122946469,0.00030462206531202407
88,Ex-post Metadata Gradient Boosting,Uniform signed net,5002.937021751439,405.0931988398406,4597.843822911598,11.350088908131537,0.9190289229949121,0.00030462206531202407
88,Ex-post Metadata Gradient Boosting,Nodal signed linear,5002.544607458529,405.0931988398406,4597.451408618688,11.349120206869621,0.9190225713857967,0.00030462206531202407
88,Ex-post Metadata Gradient Boosting,Nodal exact net value,4984.604445876863,405.0931988398406,4579.511247037022,11.30483370284278,0.9187311243573353,0.00030462206531202407
88,Ex-post Quantile Gradient Boosting,Uniform gross,733.1702894916623,405.0931988398406,328.07709065182166,0.8098805203133801,0.447477339649553,0.00030462206531202407
88,Ex-post Quantile Gradient Boosting,Nodal gross,733.1429545650508,405.0931988398406,328.04975572521016,0.8098130421955302,0.44745673907462036,0.00030462206531202407
88,Ex-post Quantile Gradient Boosting,Uniform signed net,-501.1897569096159,405.0931988398406,-906.2829557494565,2.2372208626187486,0.0,0.00030462206531202407
88,Ex-post Quantile Gradient Boosting,Nodal signed linear,-501.198791294326,405.0931988398406,-906.2919901341666,2.237243164609342,0.0,0.00030462206531202407
88,Ex-post Quantile Gradient Boosting,Nodal exact net value,-501.7536915058663,405.0931988398406,-906.8468903457069,2.2386129733672515,0.0,0.00030462206531202407
88,Synthetic Control,Uniform gross,7189.571330817988,405.0931988398406,6784.478131978148,16.747943809988495,0.9436554447824428,0.00030462206531202407
88,Synthetic Control,Nodal gross,7189.0462225566,405.0931988398406,6783.953023716759,16.74664754467747,0.943651329216829,0.00030462206531202407
88,Synthetic Control,Uniform signed net,5196.628914560538,405.0931988398406,4791.535715720697,11.828230465096254,0.9220469259013662,0.00030462206531202407
88,Synthetic Control,Nodal signed linear,5196.111070224842,405.0931988398406,4791.017871385001,11.826952131277816,0.9220391570994052,0.00030462206531202407
88,Synthetic Control,Nodal exact net value,5179.584581089024,405.0931988398406,4774.4913822491835,11.786155373437525,0.9217904076093554,0.00030462206531202407
88,Feasible Quantile Projection,Uniform gross,692.9220966484127,405.0931988398406,287.82889780857204,0.7105251301006643,0.41538421014536625,0.00030462206531202407
88,Feasible Quantile Projection,Nodal gross,692.8950393929749,405.0931988398406,287.8018405531343,0.7104583374329146,0.4153613811483902,0.00030462206531202407
88,Feasible Quantile Projection,Uniform signed net,24.80095582651197,405.0931988398406,-380.29224301332863,0.9387771606693466,0.0,0.00030462206531202407
88,Feasible Quantile Projection,Nodal signed linear,24.796453168390784,405.0931988398406,-380.29674567144986,0.9387882757859027,0.0,0.00030462206531202407
88,Feasible Quantile Projection,Nodal exact net value,24.79645316839742,405.0931988398406,-380.2967456714432,0.9387882757858864,0.0,0.00030462206531202407
88,Tail-Risk Feasible Counterfactual,Uniform gross,756.7852348958179,405.0931988398406,351.69203605597727,0.8681756125829793,0.4647184165853772,0.00030462206531202407
88,Tail-Risk Feasible Counterfactual,Nodal gross,756.7493865889746,405.0931988398406,351.656187749134,0.8680871186093803,0.4646930595268981,0.00030462206531202407
88,Tail-Risk Feasible Counterfactual,Uniform signed net,104.34516206304535,405.0931988398406,-300.7480367767953,0.7424168997112695,0.0,0.00030462206531202407
88,Tail-Risk Feasible Counterfactual,Nodal signed linear,104.3313176612173,405.0931988398406,-300.7618811786233,0.7424510755549214,0.0,0.00030462206531202407
88,Tail-Risk Feasible Counterfactual,Nodal exact net value,104.33131766122824,405.0931988398406,-300.7618811786124,0.7424510755548944,0.0,0.00030462206531202407
88,Single Feasible Projection,Uniform gross,588.712338114984,405.0931988398406,183.61913927514343,0.4532762825962424,0.31189959405824436,0.00030462206531202407
88,Single Feasible Projection,Nodal gross,588.6860806774708,405.0931988398406,183.59288183763022,0.4532114643332145,0.31186890239760406,0.00030462206531202407
88,Single Feasible Projection,Uniform signed net,1.6982470476848328e-14,405.0931988398406,-405.0931988398406,1.0,0.0,0.00030462206531202407
88,Single Feasible Projection,Nodal signed linear,-0.004065291383483327,405.0931988398406,-405.0972641312241,1.0000100354471393,0.0,0.00030462206531202407
88,Single Feasible Projection,Nodal exact net value,-0.004065291381266434,405.0931988398406,-405.0972641312219,1.000010035447134,0.0,0.00030462206531202407
88,Risk-Constrained Convex Verifier,Uniform gross,588.712338114984,405.0931988398406,183.61913927514343,0.4532762825962424,0.31189959405824436,0.00030462206531202407
88,Risk-Constrained Convex Verifier,Nodal gross,588.6860806774708,405.0931988398406,183.59288183763022,0.4532114643332145,0.31186890239760406,0.00030462206531202407
88,Risk-Constrained Convex Verifier,Uniform signed net,1.6982470476848328e-14,405.0931988398406,-405.0931988398406,1.0,0.0,0.00030462206531202407
88,Risk-Constrained Convex Verifier,Nodal signed linear,-0.004065291383483327,405.0931988398406,-405.0972641312241,1.0000100354471393,0.0,0.00030462206531202407
88,Risk-Constrained Convex Verifier,Nodal exact net value,-0.004065291381266434,405.0931988398406,-405.0972641312219,1.000010035447134,0.0,0.00030462206531202407
88,Trace-Anchored Reference,Uniform gross,994.7104458799117,405.0931988398406,589.6172470400711,1.4555101115711022,0.5927526442315594,0.00030462206531202407
88,Trace-Anchored Reference,Nodal gross,994.6893067141391,405.0931988398406,589.5961078742985,1.455457928108548,0.5927439893990343,0.00030462206531202407
88,Trace-Anchored Reference,Uniform signed net,403.4157331664047,405.0931988398406,-1.6774656734359041,0.00414093763667238,0.0,0.00030462206531202407
88,Trace-Anchored Reference,Nodal signed linear,403.4175840201217,405.0931988398406,-1.6756148197189304,0.004136368678905934,0.0,0.00030462206531202407
88,Trace-Anchored Reference,Nodal exact net value,403.11130041263095,405.0931988398406,-1.9818984272096714,0.004892450509872034,0.0,0.00030462206531202407
89,High-5-of-10,Uniform gross,9561.577936243139,546.2230908790953,9015.354845364043,16.50489515347048,0.9428731225618485,0.0006315862386195026
89,High-5-of-10,Nodal gross,10631.642278007494,546.2230908790953,10085.419187128398,18.46391951482105,0.948622886606239,0.0006315862386195026
89,High-5-of-10,Uniform signed net,8664.181100954695,546.2230908790953,8117.958010075599,14.861982485966497,0.9369561780259986,0.0006315862386195026
89,High-5-of-10,Nodal signed linear,9737.757270076328,546.2230908790953,9191.534179197233,16.827436138601012,0.943906684493193,0.0006315862386195026
89,High-5-of-10,Nodal exact net value,8200.4827295377,546.2230908790953,7654.259638658605,14.013064929825259,0.9333913491566016,0.0006315862386195026
89,Ridge,Uniform gross,8709.931807183626,546.2230908790953,8163.708716304531,14.94574076530855,0.9372873286529533,0.0006315862386195026
89,Ridge,Nodal gross,8709.403349749095,546.2230908790953,8163.180258869999,14.944773289851442,0.9372835234580299,0.0006315862386195026
89,Ridge,Uniform signed net,8577.24422652792,546.2230908790953,8031.021135648825,14.702822472634109,0.9363171810836722,0.0006315862386195026
89,Ridge,Nodal signed linear,8576.730333007592,546.2230908790953,8030.507242128497,14.701881660118291,0.9363133653885616,0.0006315862386195026
89,Ridge,Nodal exact net value,8491.642558795214,546.2230908790953,7945.419467916119,14.546106894032446,0.9356752139415778,0.0006315862386195026
89,Gradient Boosting,Uniform gross,5570.393790394007,546.2230908790953,5024.170699514912,9.198019606657375,0.9019417456947043,0.0006315862386195026
89,Gradient Boosting,Nodal gross,5569.985374492036,546.2230908790953,5023.76228361294,9.19727189769232,0.9019345556308738,0.0006315862386195026
89,Gradient Boosting,Uniform signed net,5033.8820104647775,546.2230908790953,4487.658919585682,8.21579862609472,0.8914906845763231,0.0006315862386195026
89,Gradient Boosting,Nodal signed linear,5033.459355609985,546.2230908790953,4487.23626473089,8.215024849112659,0.8914815731510162,0.0006315862386195026
89,Gradient Boosting,Nodal exact net value,5017.382385707322,546.2230908790953,4471.159294828227,8.185591875349525,0.8911338524974528,0.0006315862386195026
89,Extra Trees,Uniform gross,7915.739466214303,546.2230908790953,7369.516375335208,13.491770118093427,0.9309953172144603,0.0006315862386195026
89,Extra Trees,Nodal gross,7923.502878444168,546.2230908790953,7377.279787565073,13.50598301454453,0.9310629276900888,0.0006315862386195026
89,Extra Trees,Uniform signed net,7276.198115419964,546.2230908790953,6729.975024540869,12.320927359020287,0.9249301514039975,0.0006315862386195026
89,Extra Trees,Nodal signed linear,7284.291065030971,546.2230908790953,6738.067974151876,12.335743557284593,0.9250135550594212,0.0006315862386195026
89,Extra Trees,Nodal exact net value,7206.736131370861,546.2230908790953,6660.513040491765,12.19375956767461,0.9242065921490603,0.0006315862386195026
89,Metadata Gradient Boosting,Uniform gross,4560.38338479905,546.2230908790953,4014.1602939199547,7.348939217233634,0.8802243046714451,0.0006315862386195026
89,Metadata Gradient Boosting,Nodal gross,4560.026876932577,546.2230908790953,4013.8037860534814,7.348286539101886,0.8802149404771652,0.0006315862386195026
89,Metadata Gradient Boosting,Uniform signed net,4203.731865280428,546.2230908790953,3657.5087744013326,6.6959980921255315,0.8700623378502147,0.0006315862386195026
89,Metadata Gradient Boosting,Nodal signed linear,4203.3940618166225,546.2230908790953,3657.1709709375273,6.6953796571500686,0.870051895481094,0.0006315862386195026
89,Metadata Gradient Boosting,Nodal exact net value,4188.081768127238,546.2230908790953,3641.858677248143,6.667346617271178,0.8695767845231572,0.0006315862386195026
89,Ex-post Metadata Gradient Boosting,Uniform gross,6184.366725730157,546.2230908790953,5638.1436348510615,10.322052891936504,0.9116767948759369,0.0006315862386195026
89,Ex-post Metadata Gradient Boosting,Nodal gross,6183.949279097322,546.2230908790953,5637.7261882182265,10.32128864992659,0.9116708326303045,0.0006315862386195026
89,Ex-post Metadata Gradient Boosting,Uniform signed net,5828.631385413639,546.2230908790953,5282.4082945345435,9.670789065385351,0.9062862180226325,0.0006315862386195026
89,Ex-post Metadata Gradient Boosting,Nodal signed linear,5828.233542613154,546.2230908790953,5282.010451734059,9.670060713166032,0.9062798209980121,0.0006315862386195026
89,Ex-post Metadata Gradient Boosting,Nodal exact net value,5812.156572710475,546.2230908790953,5265.93348183138,9.64062773940287,0.906020582197708,0.0006315862386195026
89,Ex-post Quantile Gradient Boosting,Uniform gross,3009.7677737374856,546.2230908790953,2463.5446828583904,4.5101437928842305,0.8185165328550238,0.0006315862386195026
89,Ex-post Quantile Gradient Boosting,Nodal gross,3009.5456359558007,546.2230908790953,2463.3225450767054,4.5097371132959925,0.8185031373662421,0.0006315862386195026
89,Ex-post Quantile Gradient Boosting,Uniform signed net,2556.5072319611227,546.2230908790953,2010.2841410820274,3.6803353330351927,0.7863400955607381,0.0006315862386195026
89,Ex-post Quantile Gradient Boosting,Nodal signed linear,2556.303330678122,546.2230908790953,2010.080239799027,3.679962039986244,0.7863230531667006,0.0006315862386195026
89,Ex-post Quantile Gradient Boosting,Nodal exact net value,2545.3563973840646,546.2230908790953,1999.1333065049694,3.6599209002452646,0.7854040827286645,0.0006315862386195026
89,Synthetic Control,Uniform gross,5407.559639813868,546.2230908790953,4861.3365489347725,8.89991036649678,0.8989889844473548,0.0006315862386195026
89,Synthetic Control,Nodal gross,5415.414899082774,546.2230908790953,4869.191808203679,8.914291412263747,0.8991355046551261,0.0006315862386195026
89,Synthetic Control,Uniform signed net,4685.016970337459,546.2230908790953,4138.793879458363,7.577112627731207,0.8834106483845349,0.0006315862386195026
89,Synthetic Control,Nodal signed linear,4693.241265146964,546.2230908790953,4147.018174267869,7.592169286716951,0.8836149560570288,0.0006315862386195026
89,Synthetic Control,Nodal exact net value,4663.866978985374,546.2230908790953,4117.643888106279,7.538392200665325,0.8828819318088857,0.0006315862386195026
89,Feasible Quantile Projection,Uniform gross,551.7408689257172,546.2230908790953,5.51777804662197,0.010101693133737023,0.010000669439922978,0.0006315862386195026
89,Feasible Quantile Projection,Nodal gross,551.7191385918912,546.2230908790953,5.496047712795985,0.010061910242480975,0.0099616767452061,0.0006315862386195026
89,Feasible Quantile Projection,Uniform signed net,99.61034207035077,546.2230908790953,-446.61274880874447,0.817637987603129,0.0,0.0006315862386195026
89,Feasible Quantile Projection,Nodal signed linear,99.60033304885775,546.2230908790953,-446.6227578302375,0.8176563116572749,0.0,0.0006315862386195026
89,Feasible Quantile Projection,Nodal exact net value,99.26913413430157,546.2230908790953,-446.9539567447937,0.8182626553290944,0.0,0.0006315862386195026
89,Tail-Risk Feasible Counterfactual,Uniform gross,346.5957976351659,546.2230908790953,-199.62729324392933,0.36546842595513085,0.0,0.0006315862386195026
89,Tail-Risk Feasible Counterfactual,Nodal gross,346.5789119808794,546.2230908790953,-199.64417889821584,0.3654993394309038,0.0,0.0006315862386195026
89,Tail-Risk Feasible Counterfactual,Uniform signed net,75.39144634854462,546.2230908790953,-470.83164453055065,0.8619768230097906,0.0,0.0006315862386195026
89,Tail-Risk Feasible Counterfactual,Nodal signed linear,75.384346578627,546.2230908790953,-470.83874430046825,0.8619898209405558,0.0,0.0006315862386195026
89,Tail-Risk Feasible Counterfactual,Nodal exact net value,75.05314766404626,546.2230908790953,-471.169943215049,0.8625961646124202,0.0,0.0006315862386195026
89,Single Feasible Projection,Uniform gross,251.58743389569196,546.2230908790953,-294.6356569834033,0.5394053490291203,0.0,0.0006315862386195026
89,Single Feasible Projection,Nodal gross,251.57746695967512,546.2230908790953,-294.64562391942013,0.5394235960351208,0.0,0.0006315862386195026
89,Single Feasible Projection,Uniform signed net,6.94999613415348e-14,546.2230908790953,-546.2230908790951,0.9999999999999998,0.0,0.0006315862386195026
89,Single Feasible Projection,Nodal signed linear,-0.0016358786774794964,546.2230908790953,-546.2247267577727,1.0000029948911073,0.0,0.0006315862386195026
89,Single Feasible Projection,Nodal exact net value,-0.33283479324018117,546.2230908790953,-546.5559256723354,1.0006093385629387,0.0,0.0006315862386195026
89,Risk-Constrained Convex Verifier,Uniform gross,251.5874338956919,546.2230908790953,-294.63565698340335,0.5394053490291204,0.0,0.0006315862386195026
89,Risk-Constrained Convex Verifier,Nodal gross,251.57746695967506,546.2230908790953,-294.6456239194202,0.5394235960351209,0.0,0.0006315862386195026
89,Risk-Constrained Convex Verifier,Uniform signed net,8.526512829121202e-14,546.2230908790953,-546.2230908790951,0.9999999999999998,0.0,0.0006315862386195026
89,Risk-Constrained Convex Verifier,Nodal signed linear,-0.0016358786774510747,546.2230908790953,-546.2247267577727,1.0000029948911073,0.0,0.0006315862386195026
89,Risk-Constrained Convex Verifier,Nodal exact net value,-0.33283479324018117,546.2230908790953,-546.5559256723354,1.0006093385629387,0.0,0.0006315862386195026
89,Trace-Anchored Reference,Uniform gross,829.7374979017432,546.2230908790953,283.5144070226479,0.5190450783879492,0.3416916889252382,0.0006315862386195026
89,Trace-Anchored Reference,Nodal gross,829.7257342018403,546.2230908790953,283.50264332274503,0.5190235419496343,0.3416823555502495,0.0006315862386195026
89,Trace-Anchored Reference,Uniform signed net,544.9532889245866,546.2230908790953,-1.2698019545086936,0.002324694755150438,0.0,0.0006315862386195026
89,Trace-Anchored Reference,Nodal signed linear,544.9512884423899,546.2230908790953,-1.271802436705343,0.002328357145536443,0.0,0.0006315862386195026
89,Trace-Anchored Reference,Nodal exact net value,544.2213291580265,546.2230908790953,-2.0017617210687604,0.0036647328801993908,0.0,0.0006315862386195026
90,High-5-of-10,Uniform gross,9553.392528553495,-0.000421106735302601,9553.39294966023,22686393.13687373,1.0000000440792873,2.7755575615628914e-17
90,High-5-of-10,Nodal gross,10626.700839584826,-0.000421106735302601,10626.701260691561,25235172.86669702,1.0000000396272315,2.7755575615628914e-17
90,High-5-of-10,Uniform signed net,9159.25832676284,-0.000421106735302601,9159.258747869575,21750444.67357633,1.0000000459760736,2.7755575615628914e-17
90,High-5-of-10,Nodal signed linear,10233.701081356208,-0.000421106735302601,10233.701502462944,24301918.360695794,1.0000000411490166,2.7755575615628914e-17
90,High-5-of-10,Nodal exact net value,8689.10748932212,-0.000421106735302601,8689.107910428855,20633979.89629634,1.0000000484637503,2.7755575615628914e-17
90,Ridge,Uniform gross,4850.388846527374,-0.000421106735302601,4850.389267634109,11518194.464756522,1.0000000868191703,2.7755575615628914e-17
90,Ridge,Nodal gross,4849.976684356006,-0.000421106735302601,4849.977105462742,11517215.705366528,1.0000000868265484,2.7755575615628914e-17
90,Ridge,Uniform signed net,4850.388846527374,-0.000421106735302601,4850.389267634109,11518194.464756522,1.0000000868191703,2.7755575615628914e-17
90,Ridge,Nodal signed linear,4849.976684356006,-0.000421106735302601,4849.977105462742,11517215.705366528,1.0000000868265484,2.7755575615628914e-17
90,Ridge,Nodal exact net value,4831.033288157305,-0.000421106735302601,4831.03370926404,11472230.919775082,1.0000000871670118,2.7755575615628914e-17
90,Gradient Boosting,Uniform gross,5281.0992084893105,-0.000421106735302601,5281.099629596046,12541000.14762558,1.0000000797384634,2.7755575615628914e-17
90,Gradient Boosting,Nodal gross,5280.753013661414,-0.000421106735302601,5280.753434768149,12540178.04054708,1.0000000797436908,2.7755575615628914e-17
90,Gradient Boosting,Uniform signed net,5222.912421589524,-0.000421106735302601,5222.912842696259,12402824.283831868,1.000000080626804,2.7755575615628914e-17
90,Gradient Boosting,Nodal signed linear,5222.558425739651,-0.000421106735302601,5222.558846846387,12401983.651706576,1.0000000806322689,2.7755575615628914e-17
90,Gradient Boosting,Nodal exact net value,5202.536903608518,-0.000421106735302601,5202.537324715253,12354438.646004528,1.0000000809425753,2.7755575615628914e-17
90,Extra Trees,Uniform gross,7290.880512502727,-0.000421106735302601,7290.880933609462,17313617.480780363,1.0000000577580082,2.7755575615628914e-17
90,Extra Trees,Nodal gross,7339.517990410614,-0.000421106735302601,7339.51841151735,17429116.649590705,1.0000000573752577,2.7755575615628914e-17
90,Extra Trees,Uniform signed net,7077.562973817416,-0.000421106735302601,7077.563394924151,16807053.41803265,1.0000000594988327,2.7755575615628914e-17
90,Extra Trees,Nodal signed linear,7126.4729565022635,-0.000421106735302601,7126.473377608999,16923199.702536274,1.0000000590904838,2.7755575615628914e-17
90,Extra Trees,Nodal exact net value,7014.568212834816,-0.000421106735302601,7014.5686339415515,16657460.08289558,1.0000000600331655,2.7755575615628914e-17
90,Metadata Gradient Boosting,Uniform gross,4238.1424449743245,-0.000421106735302601,4238.14286608106,10064296.081694333,1.0000000993611566,2.7755575615628914e-17
90,Metadata Gradient Boosting,Nodal gross,4237.783292418197,-0.000421106735302601,4237.783713524932,10063443.203965198,1.0000000993695775,2.7755575615628914e-17
90,Metadata Gradient Boosting,Uniform signed net,4238.1424449743245,-0.000421106735302601,4238.14286608106,10064296.081694333,1.0000000993611566,2.7755575615628914e-17
90,Metadata Gradient Boosting,Nodal signed linear,4237.783292418197,-0.000421106735302601,4237.783713524932,10063443.203965198,1.0000000993695775,2.7755575615628914e-17
90,Metadata Gradient Boosting,Nodal exact net value,4219.313685414585,-0.000421106735302601,4219.31410652132,10019583.523140242,1.0000000998045575,2.7755575615628914e-17
90,Ex-post Metadata Gradient Boosting,Uniform gross,4198.4055334643235,-0.000421106735302601,4198.405954571059,9969933.042163638,1.0000001003015864,2.7755575615628914e-17
90,Ex-post Metadata Gradient Boosting,Nodal gross,4198.057524863965,-0.000421106735302601,4198.0579459707005,9969106.627928995,1.000000100309901,2.7755575615628914e-17
90,Ex-post Metadata Gradient Boosting,Uniform signed net,4198.4055334643235,-0.000421106735302601,4198.405954571059,9969933.042163638,1.0000001003015864,2.7755575615628914e-17
90,Ex-post Metadata Gradient Boosting,Nodal signed linear,4198.057524863965,-0.000421106735302601,4198.0579459707005,9969106.627928995,1.000000100309901,2.7755575615628914e-17
90,Ex-post Metadata Gradient Boosting,Nodal exact net value,4179.587917860343,-0.000421106735302601,4179.588338967078,9925246.947104013,1.0000001007531707,2.7755575615628914e-17
90,Ex-post Quantile Gradient Boosting,Uniform gross,2876.8383314437056,-0.000421106735302601,2876.838752550441,6831614.1998612005,1.0000001463783108,2.7755575615628914e-17
90,Ex-post Quantile Gradient Boosting,Nodal gross,2876.5579169076314,-0.000421106735302601,2876.5583380143667,6830948.300903605,1.00000014639258,2.7755575615628914e-17
90,Ex-post Quantile Gradient Boosting,Uniform signed net,2870.600358930064,-0.000421106735302601,2870.6007800367993,6816800.918593782,1.0000001466963988,2.7755575615628914e-17
90,Ex-post Quantile Gradient Boosting,Nodal signed linear,2870.3202314706828,-0.000421106735302601,2870.320652577418,6816135.701355735,1.0000001467107156,2.7755575615628914e-17
90,Ex-post Quantile Gradient Boosting,Nodal exact net value,2852.757988867299,-0.000421106735302601,2852.7584099740343,6774430.734108503,1.0000001476139009,2.7755575615628914e-17
90,Synthetic Control,Uniform gross,5312.022208615896,-0.000421106735302601,5312.022629722631,12614432.837094117,1.0000000792742798,2.7755575615628914e-17
90,Synthetic Control,Nodal gross,5311.587756050716,-0.000421106735302601,5311.588177157451,12613401.144820502,1.000000079280764,2.7755575615628914e-17
90,Synthetic Control,Uniform signed net,5032.622083335836,-0.000421106735302601,5032.622504442571,11950942.795598375,1.0000000836754137,2.7755575615628914e-17
90,Synthetic Control,Nodal signed linear,5032.172925985567,-0.000421106735302601,5032.173347092303,11949876.183947185,1.0000000836828824,2.7755575615628914e-17
90,Synthetic Control,Nodal exact net value,5011.677614659377,-0.000421106735302601,5011.678035766112,11901206.073478723,1.0000000840251044,2.7755575615628914e-17
90,Feasible Quantile Projection,Uniform gross,115.40866913998062,-0.000421106735302601,115.40909024671592,274061.3734515186,1.000003648831049,2.7755575615628914e-17
90,Feasible Quantile Projection,Nodal gross,115.40488558406696,-0.000421106735302601,115.40530669080226,274052.38866073644,1.0000036489506763,2.7755575615628914e-17
90,Feasible Quantile Projection,Uniform signed net,0.0,-0.000421106735302601,0.000421106735302601,1.0,1.0,2.7755575615628914e-17
90,Feasible Quantile Projection,Nodal signed linear,-0.0005857866841338932,-0.000421106735302601,-0.00016467994883129222,0.3910646280994667,0.0,2.7755575615628914e-17
90,Feasible Quantile Projection,Nodal exact net value,-0.0005857866854057647,-0.000421106735302601,-0.00016467995010316372,0.3910646311197734,0.0,2.7755575615628914e-17
90,Tail-Risk Feasible Counterfactual,Uniform gross,115.94832715353695,-0.000421106735302601,115.94874826027225,275342.8965626808,1.0000036318483039,2.7755575615628914e-17
90,Tail-Risk Feasible Counterfactual,Nodal gross,115.94452579634503,-0.000421106735302601,115.94494690308034,275333.8694992946,1.0000036319673775,2.7755575615628914e-17
90,Tail-Risk Feasible Counterfactual,Uniform signed net,0.5758107782750895,-0.000421106735302601,0.5762318850103921,1368.3748957288003,1.000731328330748,2.7755575615628914e-17
90,Tail-Risk Feasible Counterfactual,Nodal signed linear,0.5752051507235129,-0.000421106735302601,0.5756262574588155,1366.9367150947587,1.0007320983387804,2.7755575615628914e-17
90,Tail-Risk Feasible Counterfactual,Nodal exact net value,0.5752051507079159,-0.000421106735302601,0.5756262574432185,1366.9367150577207,1.0007320983388002,2.7755575615628914e-17
90,Single Feasible Projection,Uniform gross,115.40866913998062,-0.000421106735302601,115.40909024671592,274061.3734515186,1.000003648831049,2.7755575615628914e-17
90,Single Feasible Projection,Nodal gross,115.40488558406696,-0.000421106735302601,115.40530669080226,274052.38866073644,1.0000036489506763,2.7755575615628914e-17
90,Single Feasible Projection,Uniform signed net,0.0,-0.000421106735302601,0.000421106735302601,1.0,1.0,2.7755575615628914e-17
90,Single Feasible Projection,Nodal signed linear,-0.0005857866841338932,-0.000421106735302601,-0.00016467994883129222,0.3910646280994667,0.0,2.7755575615628914e-17
90,Single Feasible Projection,Nodal exact net value,-0.0005857866854057647,-0.000421106735302601,-0.00016467995010316372,0.3910646311197734,0.0,2.7755575615628914e-17
90,Risk-Constrained Convex Verifier,Uniform gross,115.40866913998062,-0.000421106735302601,115.40909024671592,274061.3734515186,1.000003648831049,2.7755575615628914e-17
90,Risk-Constrained Convex Verifier,Nodal gross,115.40488558406696,-0.000421106735302601,115.40530669080226,274052.38866073644,1.0000036489506763,2.7755575615628914e-17
90,Risk-Constrained Convex Verifier,Uniform signed net,0.0,-0.000421106735302601,0.000421106735302601,1.0,1.0,2.7755575615628914e-17
90,Risk-Constrained Convex Verifier,Nodal signed linear,-0.0005857866841338932,-0.000421106735302601,-0.00016467994883129222,0.3910646280994667,0.0,2.7755575615628914e-17
90,Risk-Constrained Convex Verifier,Nodal exact net value,-0.0005857866854057647,-0.000421106735302601,-0.00016467995010316372,0.3910646311197734,0.0,2.7755575615628914e-17
90,Trace-Anchored Reference,Uniform gross,115.40866913998074,-0.000421106735302601,115.40909024671605,274061.3734515189,1.000003648831049,2.7755575615628914e-17
90,Trace-Anchored Reference,Nodal gross,115.40488558406709,-0.000421106735302601,115.40530669080239,274052.38866073673,1.0000036489506763,2.7755575615628914e-17
90,Trace-Anchored Reference,Uniform signed net,-8.1356084723039e-13,-0.000421106735302601,0.00042110673448904015,0.9999999980680412,0.9999999980680412,2.7755575615628914e-17
90,Trace-Anchored Reference,Nodal signed linear,-0.0005857866849527114,-0.000421106735302601,-0.00016467994965011043,0.39106463004391007,0.0,2.7755575615628914e-17
90,Trace-Anchored Reference,Nodal exact net value,-0.0005857866854057647,-0.000421106735302601,-0.00016467995010316372,0.3910646311197734,0.0,2.7755575615628914e-17
91,High-5-of-10,Uniform gross,8653.497089113931,-46.393554028451035,8699.890643142382,187.52369430044396,1.0053612491632793,0.0006143524285838892
91,High-5-of-10,Nodal gross,8864.88782411856,-46.393554028451035,8911.28137814701,192.08016209928928,1.005233405650349,0.0006143524285838892
91,High-5-of-10,Uniform signed net,5332.969257740549,-46.393554028451035,5379.3628117690005,115.95065143037078,1.008699385236679,0.0006143524285838892
91,High-5-of-10,Nodal signed linear,5567.048664006059,-46.393554028451035,5613.44221803451,120.99616715270496,1.0083335995117861,0.0006143524285838892
91,High-5-of-10,Nodal exact net value,5229.397691579321,-46.393554028451035,5275.791245607772,113.71819547112885,1.008871682125679,0.0006143524285838892
91,Ridge,Uniform gross,3713.2228691509763,-46.393554028451035,3759.6164231794273,81.03747388858865,1.0124941474463822,0.0006143524285838892
91,Ridge,Nodal gross,3712.803815078179,-46.393554028451035,3759.19736910663,81.02844129598881,1.0124955576268373,0.0006143524285838892
91,Ridge,Uniform signed net,1170.1976451714436,-46.393554028451035,1216.5911991998946,26.22328089919162,1.0396459129958804,0.0006143524285838892
91,Ridge,Nodal signed linear,1169.8651361948519,-46.393554028451035,1216.258690223303,26.2161137617831,1.039657181493033,0.0006143524285838892
91,Ridge,Nodal exact net value,1160.0921920231558,-46.393554028451035,1206.4857460516068,26.00546070067675,1.0399912647869325,0.0006143524285838892
91,Gradient Boosting,Uniform gross,4477.386073731388,-46.393554028451035,4523.779627759839,97.50879669588609,1.010361749749623,0.0006143524285838892
91,Gradient Boosting,Nodal gross,4477.032899364449,-46.393554028451035,4523.4264533929,97.50118412180473,1.0103625671446455,0.0006143524285838892
91,Gradient Boosting,Uniform signed net,1860.8238219348452,-46.393554028451035,1907.2173759632963,41.109533768283576,1.0249317283461108,0.0006143524285838892
91,Gradient Boosting,Nodal signed linear,1860.5840586801178,-46.393554028451035,1906.9776127085688,41.10436573880732,1.0249349411610902,0.0006143524285838892
91,Gradient Boosting,Nodal exact net value,1855.5928663939194,-46.393554028451035,1901.9864204223704,40.99678199380823,1.0250020114156886,0.0006143524285838892
91,Extra Trees,Uniform gross,5593.45481721702,-46.393554028451035,5639.848371245471,121.56534435337312,1.0082942574034295,0.0006143524285838892
91,Extra Trees,Nodal gross,5634.228944986176,-46.393554028451035,5680.6224990146275,122.44421920189522,1.0082342330213145,0.0006143524285838892
91,Extra Trees,Uniform signed net,2377.3613614469095,-46.393554028451035,2423.7549154753606,52.243355057234524,1.0195147253508885,0.0006143524285838892
91,Extra Trees,Nodal signed linear,2420.379513018049,-46.393554028451035,2466.7730670465,53.17059920724636,1.0191678841185536,0.0006143524285838892
91,Extra Trees,Nodal exact net value,2357.8952128542733,-46.393554028451035,2404.2887668827243,51.82376770290727,1.0196758336738343,0.0006143524285838892
91,Metadata Gradient Boosting,Uniform gross,4662.546626933231,-46.393554028451035,4708.940180961682,101.49988030824078,1.0099502606066089,0.0006143524285838892
91,Metadata Gradient Boosting,Nodal gross,4662.192937716432,-46.393554028451035,4708.5864917448835,101.49225663671561,1.0099510154659483,0.0006143524285838892
91,Metadata Gradient Boosting,Uniform signed net,2073.42846170222,-46.393554028451035,2119.822015730671,45.692166942646416,1.022375285612875,0.0006143524285838892
91,Metadata Gradient Boosting,Nodal signed linear,2073.204561254772,-46.393554028451035,2119.5981152832233,45.687340831516615,1.022377702082795,0.0006143524285838892
91,Metadata Gradient Boosting,Nodal exact net value,2068.2133689685943,-46.393554028451035,2114.6069229970453,45.57975708651797,1.0224317058986943,0.0006143524285838892
91,Ex-post Metadata Gradient Boosting,Uniform gross,5507.461090356843,-46.393554028451035,5553.854644385294,119.7117737731274,1.008423764283997,0.0006143524285838892
91,Ex-post Metadata Gradient Boosting,Nodal gross,5507.077896409028,-46.393554028451035,5553.471450437479,119.70351413542903,1.0084243504270574,0.0006143524285838892
91,Ex-post Metadata Gradient Boosting,Uniform signed net,2888.523172104097,-46.393554028451035,2934.916726132548,63.26130402367316,1.016061340437389,0.0006143524285838892
91,Ex-post Metadata Gradient Boosting,Nodal signed linear,2888.268279556198,-46.393554028451035,2934.6618335846492,63.25580988654062,1.0160627578666548,0.0006143524285838892
91,Ex-post Metadata Gradient Boosting,Nodal exact net value,2883.2770872700057,-46.393554028451035,2929.6706412984568,63.148226141541656,1.0160905638356035,0.0006143524285838892
91,Ex-post Quantile Gradient Boosting,Uniform gross,862.6279757856008,-46.393554028451035,909.0215298140519,19.59370323852729,1.0537816478606552,0.0006143524285838892
91,Ex-post Quantile Gradient Boosting,Nodal gross,862.5840223589879,-46.393554028451035,908.977576387439,19.592755834786978,1.0537843883330626,0.0006143524285838892
91,Ex-post Quantile Gradient Boosting,Uniform signed net,-1742.3266388106392,-46.393554028451035,-1695.9330847821882,36.555360336096484,0.0,0.0006143524285838892
91,Ex-post Quantile Gradient Boosting,Nodal signed linear,-1742.3052151695706,-46.393554028451035,-1695.9116611411196,36.554898555542756,0.0,0.0006143524285838892
91,Ex-post Quantile Gradient Boosting,Nodal exact net value,-1754.3263089052562,-46.393554028451035,-1707.9327548768051,36.81400984777774,0.0,0.0006143524285838892
91,Synthetic Control,Uniform gross,4900.091736304841,-46.393554028451035,4946.485290333292,106.62009828563339,1.0094678949956633,0.0006143524285838892
91,Synthetic Control,Nodal gross,4899.623064823942,-46.393554028451035,4946.016618852393,106.60999620376633,1.009468800643365,0.0006143524285838892
91,Synthetic Control,Uniform signed net,1739.2490369996601,-46.393554028451035,1785.6425910281112,38.48902349522648,1.0266744744665683,0.0006143524285838892
91,Synthetic Control,Nodal signed linear,1738.8523280189563,-46.393554028451035,1785.2458820474073,38.480472544797884,1.0266805600917857,0.0006143524285838892
91,Synthetic Control,Nodal exact net value,1734.369967349543,-46.393554028451035,1780.763521377994,38.38385652209213,1.026749514176234,0.0006143524285838892
91,Feasible Quantile Projection,Uniform gross,865.8270604522573,-46.393554028451035,912.2206144807084,19.66265860816107,1.0535829337607185,0.0006143524285838892
91,Feasible Quantile Projection,Nodal gross,865.7703905001896,-46.393554028451035,912.1639445286406,19.66143710329354,1.0535864410905156,0.0006143524285838892
91,Feasible Quantile Projection,Uniform signed net,102.84322970996938,-46.393554028451035,149.2367837384204,3.21675687201934,1.4511094620354357,0.0006143524285838892
91,Feasible Quantile Projection,Nodal signed linear,102.8115829515989,-46.393554028451035,149.20513698004993,3.2160747350493835,1.4512483194650543,0.0006143524285838892
91,Feasible Quantile Projection,Nodal exact net value,102.3186467941996,-46.393554028451035,148.71220082265063,3.205449634909459,1.4534222791449296,0.0006143524285838892
91,Tail-Risk Feasible Counterfactual,Uniform gross,886.3723333993482,-46.393554028451035,932.7658874277993,20.10550618423794,1.0523409319992265,0.0006143524285838892
91,Tail-Risk Feasible Counterfactual,Nodal gross,886.3165853736011,-46.393554028451035,932.7101394020522,20.104304551232783,1.0523442241678183,0.0006143524285838892
91,Tail-Risk Feasible Counterfactual,Uniform signed net,95.44434237593025,-46.393554028451035,141.8378964043813,3.0572759378899628,1.4860796656308763,0.0006143524285838892
91,Tail-Risk Feasible Counterfactual,Nodal signed linear,95.42280147997839,-46.393554028451035,141.8163555084294,3.0568116299402273,1.4861893940326758,0.0006143524285838892
91,Tail-Risk Feasible Counterfactual,Nodal exact net value,95.22530084004393,-46.393554028451035,141.61885486849496,3.052554559231367,1.4871977680215605,0.0006143524285838892
91,Single Feasible Projection,Uniform gross,576.9916369194472,-46.393554028451035,623.3851909478982,13.436892344259823,1.0804059384225146,0.0006143524285838892
91,Single Feasible Projection,Nodal gross,576.9593517945518,-46.393554028451035,623.3529058230029,13.436196447479086,1.0804104377269392,0.0006143524285838892
91,Single Feasible Projection,Uniform signed net,-5.192572135605601e-14,-46.393554028451035,46.393554028450986,0.9999999999999989,0.9999999999999989,0.0006143524285838892
91,Single Feasible Projection,Nodal signed linear,-0.004998524322360254,-46.393554028451035,46.388555504128675,0.999892258215025,0.999892258215025,0.0006143524285838892
91,Single Feasible Projection,Nodal exact net value,-0.2024991642247187,-46.393554028451035,46.19105486422632,0.9956351875068563,0.9956351875068563,0.0006143524285838892
91,Risk-Constrained Convex Verifier,Uniform gross,576.9916369194472,-46.393554028451035,623.3851909478982,13.436892344259823,1.0804059384225146,0.0006143524285838892
91,Risk-Constrained Convex Verifier,Nodal gross,576.9593517945518,-46.393554028451035,623.3529058230029,13.436196447479086,1.0804104377269392,0.0006143524285838892
91,Risk-Constrained Convex Verifier,Uniform signed net,-5.192572135605601e-14,-46.393554028451035,46.393554028450986,0.9999999999999989,0.9999999999999989,0.0006143524285838892
91,Risk-Constrained Convex Verifier,Nodal signed linear,-0.004998524322360254,-46.393554028451035,46.388555504128675,0.999892258215025,0.999892258215025,0.0006143524285838892
91,Risk-Constrained Convex Verifier,Nodal exact net value,-0.2024991642247187,-46.393554028451035,46.19105486422632,0.9956351875068563,0.9956351875068563,0.0006143524285838892
91,Trace-Anchored Reference,Uniform gross,1248.4399271629059,-46.393554028451035,1294.833481191357,27.90977126687244,1.0371612225939304,0.0006143524285838892
91,Trace-Anchored Reference,Nodal gross,1248.4333174865956,-46.393554028451035,1294.8268715150466,27.90962879715981,1.0371614193394427,0.0006143524285838892
91,Trace-Anchored Reference,Uniform signed net,-45.97963385373225,-46.393554028451035,0.4139201747187826,0.008921932871642996,0.008921932871642996,0.0006143524285838892
91,Trace-Anchored Reference,Nodal signed linear,-45.87676832806213,-46.393554028451035,0.5167857003889083,0.01113917032680849,0.01113917032680849,0.0006143524285838892
91,Trace-Anchored Reference,Nodal exact net value,-47.847478382747795,-46.393554028451035,-1.4539243542967597,0.03133893026184488,0.0,0.0006143524285838892
92,High-5-of-10,Uniform gross,9036.402443699984,155.10644979995413,8881.29599390003,57.25935965496295,0.9828353760507765,1.6207828350947584e-05
92,High-5-of-10,Nodal gross,9221.297296596564,155.10644979995413,9066.19084679661,58.451411005084395,0.9831795413583291,1.6207828350947584e-05
92,High-5-of-10,Uniform signed net,8581.213021767302,155.10644979995413,8426.106571967348,54.32466917291172,0.9819248806192659,1.6207828350947584e-05
92,High-5-of-10,Nodal signed linear,8766.793273376523,155.10644979995413,8611.686823576569,55.52113941543593,0.9823075045842601,1.6207828350947584e-05
92,High-5-of-10,Nodal exact net value,8412.68932596,155.10644979995413,8257.582876160046,53.238165703683634,0.981562798316904,1.6207828350947584e-05
92,Ridge,Uniform gross,7519.176141784208,155.10644979995413,7364.069691984254,47.47752077029637,0.9793718823877493,1.6207828350947584e-05
92,Ridge,Nodal gross,7518.669654818962,155.10644979995413,7363.563205019008,47.47425535505478,0.9793704927971478,1.6207828350947584e-05
92,Ridge,Uniform signed net,7358.478214322261,155.10644979995413,7203.371764522307,46.441471478540905,0.9789213957991938,1.6207828350947584e-05
92,Ridge,Nodal signed linear,7357.9748994889105,155.10644979995413,7202.868449688956,46.43822651462097,0.978919953938586,1.6207828350947584e-05
92,Ridge,Nodal exact net value,7314.994848380509,155.10644979995413,7159.888398580555,46.16112616731862,0.9787960958257826,1.6207828350947584e-05
92,Gradient Boosting,Uniform gross,5443.205395016305,155.10644979995413,5288.098945216351,34.09335299748389,0.9715045752376041,1.6207828350947584e-05
92,Gradient Boosting,Nodal gross,5442.82878978671,155.10644979995413,5287.722339986756,34.090924953839796,0.9715026035558925,1.6207828350947584e-05
92,Gradient Boosting,Uniform signed net,5244.5390832638,155.10644979995413,5089.432633463846,32.81251450231666,0.9704251513169337,1.6207828350947584e-05
92,Gradient Boosting,Nodal signed linear,5244.161509129704,155.10644979995413,5089.05505932975,32.810080211965854,0.9704230219588155,1.6207828350947584e-05
92,Gradient Boosting,Nodal exact net value,5221.909108522967,155.10644979995413,5066.802658723012,32.666614865196344,0.9702969840002009,1.6207828350947584e-05
92,Extra Trees,Uniform gross,5912.095341541038,155.10644979995413,5756.9888917410835,37.11637329824814,0.9737645554005013,1.6207828350947584e-05
92,Extra Trees,Nodal gross,5911.644412803026,155.10644979995413,5756.537963003072,37.1134660771842,0.9737625542118137,1.6207828350947584e-05
92,Extra Trees,Uniform signed net,5489.747771397416,155.10644979995413,5334.641321597462,34.39342031538806,0.9717461609788182,1.6207828350947584e-05
92,Extra Trees,Nodal signed linear,5489.28546830121,155.10644979995413,5334.179018501256,34.390439761730875,0.9717437814637913,1.6207828350947584e-05
92,Extra Trees,Nodal exact net value,5466.791957578862,155.10644979995413,5311.685507778908,34.2454199334042,0.9716275192098863,1.6207828350947584e-05
92,Metadata Gradient Boosting,Uniform gross,4034.856078758534,155.10644979995413,3879.7496289585797,25.013464198055075,0.9615583686822162,1.6207828350947584e-05
92,Metadata Gradient Boosting,Nodal gross,4034.5724664091545,155.10644979995413,3879.4660166092003,25.01163569672747,0.9615556664079449,1.6207828350947584e-05
92,Metadata Gradient Boosting,Uniform signed net,3884.358523167153,155.10644979995413,3729.252073367199,24.043178592359876,0.9600689666324914,1.6207828350947584e-05
92,Metadata Gradient Boosting,Nodal signed linear,3884.0749108177743,155.10644979995413,3728.96846101782,24.041350091032275,0.9600660508972271,1.6207828350947584e-05
92,Metadata Gradient Boosting,Nodal exact net value,3864.9705631903416,155.10644979995413,3709.8641133903875,23.91818082468602,0.959868659472552,1.6207828350947584e-05
92,Ex-post Metadata Gradient Boosting,Uniform gross,4854.3332428889025,155.10644979995413,4699.226793088948,30.296785202354222,0.9680478364300249,1.6207828350947584e-05
92,Ex-post Metadata Gradient Boosting,Nodal gross,4853.970412374659,155.10644979995413,4698.863962574705,30.2944459668504,0.9680454480306416,1.6207828350947584e-05
92,Ex-post Metadata Gradient Boosting,Uniform signed net,4703.409133179018,155.10644979995413,4548.302683379064,29.323749523280036,0.9670225478141388,1.6207828350947584e-05
92,Ex-post Metadata Gradient Boosting,Nodal signed linear,4703.046302664774,155.10644979995413,4547.93985286482,29.321410287776214,0.9670200036703721,1.6207828350947584e-05
92,Ex-post Metadata Gradient Boosting,Nodal exact net value,4682.959261362565,155.10644979995413,4527.85281156261,29.191905413361795,0.9668785395850691,1.6207828350947584e-05
92,Ex-post Quantile Gradient Boosting,Uniform gross,3665.748038715119,155.10644979995413,3510.641588915165,22.633756323111992,0.9576876402410024,1.6207828350947584e-05
92,Ex-post Quantile Gradient Boosting,Nodal gross,3665.4578505919358,155.10644979995413,3510.3514007919816,22.63188542655316,0.9576842904427598,1.6207828350947584e-05
92,Ex-post Quantile Gradient Boosting,Uniform signed net,3505.0669880756627,155.10644979995413,3349.9605382757086,21.59781583935589,0.9557479356806501,1.6207828350947584e-05
92,Ex-post Quantile Gradient Boosting,Nodal signed linear,3504.77679995248,155.10644979995413,3349.6703501525258,21.59594494279706,0.9557442717031062,1.6207828350947584e-05
92,Ex-post Quantile Gradient Boosting,Nodal exact net value,3484.689758650311,155.10644979995413,3329.583308850357,21.466440068382905,0.9554891653080675,1.6207828350947584e-05
92,Synthetic Control,Uniform gross,4294.796254178192,155.10644979995413,4139.689804378238,26.68934663721161,0.9638850272235712,1.6207828350947584e-05
92,Synthetic Control,Nodal gross,4518.314643106293,155.10644979995413,4363.208193306339,28.130411075320925,0.9656716138534964,1.6207828350947584e-05
92,Synthetic Control,Uniform signed net,3941.5033516423737,155.10644979995413,3786.3969018424195,24.41160188197112,0.9606478960025943,1.6207828350947584e-05
92,Synthetic Control,Nodal signed linear,4174.461823147737,155.10644979995413,4019.355373347783,25.91352828029832,0.9628439649537873,1.6207828350947584e-05
92,Synthetic Control,Nodal exact net value,3841.1226362580855,155.10644979995413,3686.0161864581314,23.764428824282337,0.9596195007324592,1.6207828350947584e-05
92,Feasible Quantile Projection,Uniform gross,197.5177022516076,155.10644979995413,42.41125245165347,0.2734331970485602,0.21472127291977083,1.6207828350947584e-05
92,Feasible Quantile Projection,Nodal gross,197.51628275448783,155.10644979995413,42.4098329545337,0.2734240452878075,0.21471562932990693,1.6207828350947584e-05
92,Feasible Quantile Projection,Uniform signed net,-1.9539925233402755e-13,155.10644979995413,-155.10644979995433,1.0000000000000013,0.0,1.6207828350947584e-05
92,Feasible Quantile Projection,Nodal signed linear,-0.0002197727562638363,155.10644979995413,-155.1066695727104,1.0000014169156508,0.0,1.6207828350947584e-05
92,Feasible Quantile Projection,Nodal exact net value,-0.011117837806523312,155.10644979995413,-155.11756763776066,1.0000716787588193,0.0,1.6207828350947584e-05
92,Tail-Risk Feasible Counterfactual,Uniform gross,141.48655132333818,155.10644979995413,-13.619898476615958,0.08781000721879707,0.0,1.6207828350947584e-05
92,Tail-Risk Feasible Counterfactual,Nodal gross,141.48511828510715,155.10644979995413,-13.621331514846986,0.0878192462816012,0.0,1.6207828350947584e-05
92,Tail-Risk Feasible Counterfactual,Uniform signed net,0.28093338926340294,155.10644979995413,-154.82551641069074,0.9981887704242749,0.0,1.6207828350947584e-05
92,Tail-Risk Feasible Counterfactual,Nodal signed linear,0.28070007539606934,155.10644979995413,-154.82574972455808,0.998190274641976,0.0,1.6207828350947584e-05
92,Tail-Risk Feasible Counterfactual,Nodal exact net value,0.2807000753891771,155.10644979995413,-154.82574972456496,0.9981902746420204,0.0,1.6207828350947584e-05
92,Single Feasible Projection,Uniform gross,175.40203575556748,155.10644979995413,20.295585955613348,0.13084940040719925,0.11570895325238059,1.6207828350947584e-05
92,Single Feasible Projection,Nodal gross,175.40061625844774,155.10644979995413,20.294166458493606,0.13084024864644672,0.11570179678611128,1.6207828350947584e-05
92,Single Feasible Projection,Uniform signed net,2.4158453015843406e-13,155.10644979995413,-155.1064497999539,0.9999999999999986,0.0,1.6207828350947584e-05
92,Single Feasible Projection,Nodal signed linear,-0.00021977275582685252,155.10644979995413,-155.10666957270996,1.000001416915648,0.0,1.6207828350947584e-05
92,Single Feasible Projection,Nodal exact net value,-0.011117837828351185,155.10644979995413,-155.11756763778249,1.00007167875896,0.0,1.6207828350947584e-05
92,Risk-Constrained Convex Verifier,Uniform gross,175.40203575556748,155.10644979995413,20.295585955613348,0.13084940040719925,0.11570895325238059,1.6207828350947584e-05
92,Risk-Constrained Convex Verifier,Nodal gross,175.40061625844774,155.10644979995413,20.294166458493606,0.13084024864644672,0.11570179678611128,1.6207828350947584e-05
92,Risk-Constrained Convex Verifier,Uniform signed net,2.4158453015843406e-13,155.10644979995413,-155.1064497999539,0.9999999999999986,0.0,1.6207828350947584e-05
92,Risk-Constrained Convex Verifier,Nodal signed linear,-0.00021977275582685252,155.10644979995413,-155.10666957270996,1.000001416915648,0.0,1.6207828350947584e-05
92,Risk-Constrained Convex Verifier,Nodal exact net value,-0.011117837828351185,155.10644979995413,-155.11756763778249,1.00007167875896,0.0,1.6207828350947584e-05
92,Trace-Anchored Reference,Uniform gross,349.21970570879034,155.10644979995413,194.1132559088362,1.2514841011395106,0.5558485180979582,1.6207828350947584e-05
92,Trace-Anchored Reference,Nodal gross,349.2202269513003,155.10644979995413,194.11377715134614,1.2514874616864806,0.5558491810338805,1.6207828350947584e-05
92,Trace-Anchored Reference,Uniform signed net,154.56470451254071,155.10644979995413,-0.5417452874134199,0.003492732172724774,0.0,1.6207828350947584e-05
92,Trace-Anchored Reference,Nodal signed linear,154.56522575505065,155.10644979995413,-0.5412240449034869,0.0034893716257545786,0.0,1.6207828350947584e-05
92,Trace-Anchored Reference,Nodal exact net value,154.0128015349037,155.10644979995413,-1.093648265050433,0.007050952855029221,0.0,1.6207828350947584e-05
93,High-5-of-10,Uniform gross,8670.656271943559,274.6127600718537,8396.043511871705,30.574120116176836,0.968328491931984,2.7063294446863506e-05
93,High-5-of-10,Nodal gross,8949.118765838912,274.6127600718537,8674.506005767058,31.58813888872947,0.969313988644321,2.7063294446863506e-05
93,High-5-of-10,Uniform signed net,8272.846235281386,274.6127600718537,7998.233475209532,29.125498294823437,0.9668055283197811,2.7063294446863506e-05
93,High-5-of-10,Nodal signed linear,8552.75766603436,274.6127600718537,8278.144905962507,30.144793358460443,0.9678919044833427,2.7063294446863506e-05
93,High-5-of-10,Nodal exact net value,8082.461517399355,274.6127600718537,7807.8487573275015,28.43221398482919,0.96602362294201,2.7063294446863506e-05
93,Ridge,Uniform gross,4773.48236598092,274.6127600718537,4498.869605909066,16.382594911947706,0.9424711899997933,2.7063294446863506e-05
93,Ridge,Nodal gross,4773.012631672787,274.6127600718537,4498.399871600934,16.38088437851142,0.9424655283228088,2.7063294446863506e-05
93,Ridge,Uniform signed net,4657.017130887548,274.6127600718537,4382.404370815694,15.958487761708588,0.941032478010336,2.7063294446863506e-05
93,Ridge,Nodal signed linear,4656.547396579415,274.6127600718537,4381.934636507562,15.956777228272307,0.9410265295971051,2.7063294446863506e-05
93,Ridge,Nodal exact net value,4634.9197876262915,274.6127600718537,4360.307027554438,15.87802047659236,0.9407513457287914,2.7063294446863506e-05
93,Gradient Boosting,Uniform gross,4132.953695562811,274.6127600718537,3858.3409354909572,14.050115276804343,0.9335553262145954,2.7063294446863506e-05
93,Gradient Boosting,Nodal gross,4132.664586687351,274.6127600718537,3858.0518266154977,14.049062489325044,0.9335506779436032,2.7063294446863506e-05
93,Gradient Boosting,Uniform signed net,4036.924322348509,274.6127600718537,3762.3115622766554,13.700425141541963,0.9319747564868652,2.7063294446863506e-05
93,Gradient Boosting,Nodal signed linear,4036.6352134730496,274.6127600718537,3762.022453401196,13.699372354062664,0.9319698844336292,2.7063294446863506e-05
93,Gradient Boosting,Nodal exact net value,4015.1190096374194,274.6127600718537,3740.5062495655657,13.62102128315831,0.9316053249199574,2.7063294446863506e-05
93,Extra Trees,Uniform gross,5727.125060503962,274.6127600718537,5452.5123004321085,19.855276568377352,0.9520505040189067,2.7063294446863506e-05
93,Extra Trees,Nodal gross,5868.043636495562,274.6127600718537,5593.4308764237085,20.3684303488307,0.9532019908025335,2.7063294446863506e-05
93,Extra Trees,Uniform signed net,5420.699422543221,274.6127600718537,5146.086662471367,18.739430247614386,0.9493399765111835,2.7063294446863506e-05
93,Extra Trees,Nodal signed linear,5561.970209820711,274.6127600718537,5287.357449748857,19.253866602430985,0.9506267114507423,2.7063294446863506e-05
93,Extra Trees,Nodal exact net value,5336.597805782869,274.6127600718537,5061.985045711015,18.43317493472089,0.948541604582928,2.7063294446863506e-05
93,Metadata Gradient Boosting,Uniform gross,4849.179557316475,274.6127600718537,4574.566797244622,16.65824558206132,0.9433692325008843,2.7063294446863506e-05
93,Metadata Gradient Boosting,Nodal gross,4848.870343963219,274.6127600718537,4574.257583891365,16.657119584299323,0.9433656211464299,2.7063294446863506e-05
93,Metadata Gradient Boosting,Uniform signed net,4758.243063016964,274.6127600718537,4483.63030294511,16.32710112149176,0.9422869415380947,2.7063294446863506e-05
93,Metadata Gradient Boosting,Nodal signed linear,4757.9338496637065,274.6127600718537,4483.321089591853,16.325975123729762,0.9422831908242559,2.7063294446863506e-05
93,Metadata Gradient Boosting,Nodal exact net value,4735.470419235229,274.6127600718537,4460.8576591633755,16.244174735347954,0.9420094022852743,2.7063294446863506e-05
93,Ex-post Metadata Gradient Boosting,Uniform gross,3847.293069287589,274.6127600718537,3572.680309215735,13.009884567202656,0.9286218244552126,2.7063294446863506e-05
93,Ex-post Metadata Gradient Boosting,Nodal gross,3846.9333103317617,274.6127600718537,3572.320550259908,13.008574508064351,0.9286151492841526,2.7063294446863506e-05
93,Ex-post Metadata Gradient Boosting,Uniform signed net,3765.203917856283,274.6127600718537,3490.5911577844295,12.7109576294674,0.9270656341428104,2.7063294446863506e-05
93,Ex-post Metadata Gradient Boosting,Nodal signed linear,3764.844158900456,274.6127600718537,3490.2313988286023,12.709647570329096,0.927058664719855,2.7063294446863506e-05
93,Ex-post Metadata Gradient Boosting,Nodal exact net value,3743.9497024836746,274.6127600718537,3469.336942411821,12.633560587294097,0.9266515893924322,2.7063294446863506e-05
93,Ex-post Quantile Gradient Boosting,Uniform gross,3077.553371659184,274.6127600718537,2802.9406115873303,10.20688408963199,0.9107691315443205,2.7063294446863506e-05
93,Ex-post Quantile Gradient Boosting,Nodal gross,3077.263954416434,274.6127600718537,2802.6511943445803,10.205830179235859,0.9107607393646767,2.7063294446863506e-05
93,Ex-post Quantile Gradient Boosting,Uniform signed net,2976.6866069300518,274.6127600718537,2702.073846858198,9.839578634842708,0.9077454914358384,2.7063294446863506e-05
93,Ex-post Quantile Gradient Boosting,Nodal signed linear,2976.3971896873018,274.6127600718537,2701.784429615448,9.838524724446575,0.9077365208436095,2.7063294446863506e-05
93,Ex-post Quantile Gradient Boosting,Nodal exact net value,2955.5863846701177,274.6127600718537,2680.973624598264,9.76274235726255,0.9070868774141737,2.7063294446863506e-05
93,Synthetic Control,Uniform gross,4403.162466716894,274.6127600718537,4128.549706645041,15.034078189100851,0.9376328350026539,2.7063294446863506e-05
93,Synthetic Control,Nodal gross,4411.127531611854,274.6127600718537,4136.51477154,15.063082904296442,0.9377454498642644,2.7063294446863506e-05
93,Synthetic Control,Uniform signed net,4122.177001175837,274.6127600718537,3847.5642411039835,14.010872037035899,0.9333816185007288,2.7063294446863506e-05
93,Synthetic Control,Nodal signed linear,4130.38735880486,274.6127600718537,3855.7745987330063,14.040769983609374,0.9335140420942714,2.7063294446863506e-05
93,Synthetic Control,Nodal exact net value,4099.164884975195,274.6127600718537,3824.552124903341,13.927073614141706,0.9330076325842854,2.7063294446863506e-05
93,Feasible Quantile Projection,Uniform gross,118.39005939564679,274.6127600718537,-156.2227006762069,0.5688836186466008,0.0,2.7063294446863506e-05
93,Feasible Quantile Projection,Nodal gross,118.38950274406963,274.6127600718537,-156.22325732778407,0.5688856456885235,0.0,2.7063294446863506e-05
93,Feasible Quantile Projection,Uniform signed net,3.552713678800501e-13,274.6127600718537,-274.61276007185336,0.9999999999999988,0.0,2.7063294446863506e-05
93,Feasible Quantile Projection,Nodal signed linear,-8.618323283826612e-05,274.6127600718537,-274.61284625508654,1.0000003138354998,0.0,2.7063294446863506e-05
93,Feasible Quantile Projection,Nodal exact net value,-8.618324500275776e-05,274.6127600718537,-274.6128462550987,1.0000003138355442,0.0,2.7063294446863506e-05
93,Tail-Risk Feasible Counterfactual,Uniform gross,83.02593731622962,274.6127600718537,-191.5868227556241,0.6976617645352479,0.0,2.7063294446863506e-05
93,Tail-Risk Feasible Counterfactual,Nodal gross,83.02534881984143,274.6127600718537,-191.58741125201226,0.6976639075397754,0.0,2.7063294446863506e-05
93,Tail-Risk Feasible Counterfactual,Uniform signed net,1.0422058197697055,274.6127600718537,-273.570554252084,0.99620481648596,0.0,2.7063294446863506e-05
93,Tail-Risk Feasible Counterfactual,Nodal signed linear,1.0420845768369027,274.6127600718537,-273.5706754950168,0.9962052579910554,0.0,2.7063294446863506e-05
93,Tail-Risk Feasible Counterfactual,Nodal exact net value,1.0420845768458094,274.6127600718537,-273.5706754950079,0.9962052579910229,0.0,2.7063294446863506e-05
93,Single Feasible Projection,Uniform gross,95.12436995225694,274.6127600718537,-179.48839011959677,0.6536054263197122,0.0,2.7063294446863506e-05
93,Single Feasible Projection,Nodal gross,95.1238133006798,274.6127600718537,-179.48894677117391,0.6536074533616347,0.0,2.7063294446863506e-05
93,Single Feasible Projection,Uniform signed net,3.801403636316536e-13,274.6127600718537,-274.6127600718533,0.9999999999999986,0.0,2.7063294446863506e-05
93,Single Feasible Projection,Nodal signed linear,-8.618323280984441e-05,274.6127600718537,-274.61284625508654,1.0000003138354998,0.0,2.7063294446863506e-05
93,Single Feasible Projection,Nodal exact net value,-8.618324500275776e-05,274.6127600718537,-274.6128462550987,1.0000003138355442,0.0,2.7063294446863506e-05
93,Risk-Constrained Convex Verifier,Uniform gross,95.12436995225711,274.6127600718537,-179.4883901195966,0.6536054263197115,0.0,2.7063294446863506e-05
93,Risk-Constrained Convex Verifier,Nodal gross,95.12381330067997,274.6127600718537,-179.48894677117374,0.6536074533616342,0.0,2.7063294446863506e-05
93,Risk-Constrained Convex Verifier,Uniform signed net,5.542233338928781e-13,274.6127600718537,-274.61276007185313,0.9999999999999979,0.0,2.7063294446863506e-05
93,Risk-Constrained Convex Verifier,Nodal signed linear,-8.618323263220873e-05,274.6127600718537,-274.6128462550863,1.0000003138354991,0.0,2.7063294446863506e-05
93,Risk-Constrained Convex Verifier,Nodal exact net value,-8.618324500275776e-05,274.6127600718537,-274.6128462550987,1.0000003138355442,0.0,2.7063294446863506e-05
93,Trace-Anchored Reference,Uniform gross,425.36070732536234,274.6127600718537,150.74794725350864,0.5489473512230996,0.3544002646633746,2.7063294446863506e-05
93,Trace-Anchored Reference,Nodal gross,425.36192813625496,274.6127600718537,150.74916806440126,0.5489517967954477,0.354402117568247,2.7063294446863506e-05
93,Trace-Anchored Reference,Uniform signed net,273.5717929723591,274.6127600718537,-1.040967099494594,0.0037906727248297576,0.0,2.7063294446863506e-05
93,Trace-Anchored Reference,Nodal signed linear,273.57301378325167,274.6127600718537,-1.039746288602032,0.0037862271524818354,0.0,2.7063294446863506e-05
93,Trace-Anchored Reference,Nodal exact net value,272.3823751680393,274.6127600718537,-2.230384903814411,0.00812192741237086,0.0,2.7063294446863506e-05
94,High-5-of-10,Uniform gross,8783.548469359292,540.8308356831185,8242.717633676173,15.24084258854226,0.9384268399531507,2.901380758554839e-05
94,High-5-of-10,Nodal gross,9061.687973969134,540.8308356831185,8520.857138286015,15.755124479031227,0.9403167668941234,2.901380758554839e-05
94,High-5-of-10,Uniform signed net,8545.411774877692,540.8308356831185,8004.580939194573,14.800526173926567,0.9367109684201427,2.901380758554839e-05
94,High-5-of-10,Nodal signed linear,8824.90510059986,540.8308356831185,8284.074264916742,15.317311289126486,0.9387153935914443,2.901380758554839e-05
94,High-5-of-10,Nodal exact net value,8349.755560502028,540.8308356831185,7808.924724818909,14.43875646431204,0.9352279438883836,2.901380758554839e-05
94,Ridge,Uniform gross,6929.518455915768,540.8308356831185,6388.687620232649,11.812728118882417,0.9219526090992068,2.901380758554839e-05
94,Ridge,Nodal gross,6929.021350546405,540.8308356831185,6388.190514863287,11.81180896757564,0.9219470097836443,2.901380758554839e-05
94,Ridge,Uniform signed net,6929.518455915768,540.8308356831185,6388.687620232649,11.812728118882417,0.9219526090992068,2.901380758554839e-05
94,Ridge,Nodal signed linear,6929.021350546405,540.8308356831185,6388.190514863287,11.81180896757564,0.9219470097836443,2.901380758554839e-05
94,Ridge,Nodal exact net value,6890.746925806699,540.8308356831185,6349.916090123581,11.741039288381291,0.9215134670440964,2.901380758554839e-05
94,Gradient Boosting,Uniform gross,6217.195467318812,540.8308356831185,5676.3646316356935,10.495637928014828,0.9130104822140402,2.901380758554839e-05
94,Gradient Boosting,Nodal gross,6216.803952977219,540.8308356831185,5675.9731172941,10.49491401525734,0.9130050038936622,2.901380758554839e-05
94,Gradient Boosting,Uniform signed net,6217.195467318812,540.8308356831185,5676.3646316356935,10.495637928014828,0.9130104822140402,2.901380758554839e-05
94,Gradient Boosting,Nodal signed linear,6216.803952977219,540.8308356831185,5675.9731172941,10.49491401525734,0.9130050038936622,2.901380758554839e-05
94,Gradient Boosting,Nodal exact net value,6191.675395318853,540.8308356831185,5650.844559635734,10.448451136293299,0.9126519397169937,2.901380758554839e-05
94,Extra Trees,Uniform gross,7368.468523866046,540.8308356831185,6827.637688182927,12.624349866366256,0.9266020023114168,2.901380758554839e-05
94,Extra Trees,Nodal gross,7367.939006254124,540.8308356831185,6827.108170571006,12.623370784596162,0.9265967273583501,2.901380758554839e-05
94,Extra Trees,Uniform signed net,7341.483366398959,540.8308356831185,6800.652530715841,12.574454121363104,0.9263322126208945,2.901380758554839e-05
94,Extra Trees,Nodal signed linear,7340.955743395504,540.8308356831185,6800.124907712386,12.573478542737323,0.9263269178308707,2.901380758554839e-05
94,Extra Trees,Nodal exact net value,7298.237202831024,540.8308356831185,6757.406367147905,12.494491662282323,0.9258956895134448,2.901380758554839e-05
94,Metadata Gradient Boosting,Uniform gross,5061.824557040816,540.8308356831185,4520.993721357698,8.359349029437775,0.8931549622890738,2.901380758554839e-05
94,Metadata Gradient Boosting,Nodal gross,5061.451603713941,540.8308356831185,4520.620768030823,8.358659436126395,0.8931470894068664,2.901380758554839e-05
94,Metadata Gradient Boosting,Uniform signed net,5061.824557040816,540.8308356831185,4520.993721357698,8.359349029437775,0.8931549622890738,2.901380758554839e-05
94,Metadata Gradient Boosting,Nodal signed linear,5061.451603713941,540.8308356831185,4520.620768030823,8.358659436126395,0.8931470894068664,2.901380758554839e-05
94,Metadata Gradient Boosting,Nodal exact net value,5039.095321479399,540.8308356831185,4498.2644857962805,8.317322513821837,0.8926730293475895,2.901380758554839e-05
94,Ex-post Metadata Gradient Boosting,Uniform gross,5270.849225779818,540.8308356831185,4730.0183900966995,8.745837104724727,0.897392087590382,2.901380758554839e-05
94,Ex-post Metadata Gradient Boosting,Nodal gross,5270.463120088859,540.8308356831185,4729.63228440574,8.745123192600113,0.8973845706989787,2.901380758554839e-05
94,Ex-post Metadata Gradient Boosting,Uniform signed net,5270.849225779818,540.8308356831185,4730.0183900966995,8.745837104724727,0.897392087590382,2.901380758554839e-05
94,Ex-post Metadata Gradient Boosting,Nodal signed linear,5270.463120088859,540.8308356831185,4729.63228440574,8.745123192600113,0.8973845706989787,2.901380758554839e-05
94,Ex-post Metadata Gradient Boosting,Nodal exact net value,5248.106837854335,540.8308356831185,4707.2760021712165,8.70378627029559,0.8969474417361071,2.901380758554839e-05
94,Ex-post Quantile Gradient Boosting,Uniform gross,4589.318561405082,540.8308356831185,4048.487725721963,7.485682136833702,0.8821544356865182,2.901380758554839e-05
94,Ex-post Quantile Gradient Boosting,Nodal gross,4588.942860058238,540.8308356831185,4048.1120243751193,7.484987462414169,0.8821447875521695,2.901380758554839e-05
94,Ex-post Quantile Gradient Boosting,Uniform signed net,4589.318561405082,540.8308356831185,4048.487725721963,7.485682136833702,0.8821544356865182,2.901380758554839e-05
94,Ex-post Quantile Gradient Boosting,Nodal signed linear,4588.942860058238,540.8308356831185,4048.1120243751193,7.484987462414169,0.8821447875521695,2.901380758554839e-05
94,Ex-post Quantile Gradient Boosting,Nodal exact net value,4566.716192087413,540.8308356831185,4025.8853564042947,7.443890197790286,0.8815711743549562,2.901380758554839e-05
94,Synthetic Control,Uniform gross,5267.303249555319,540.8308356831185,4726.4724138722,8.739280569870312,0.8973230114045974,2.901380758554839e-05
94,Synthetic Control,Nodal gross,5283.42973630163,540.8308356831185,4742.598900618512,8.769098556720012,0.8976364099313835,2.901380758554839e-05
94,Synthetic Control,Uniform signed net,5164.349743378576,540.8308356831185,4623.5189076954575,8.548918816464179,0.8952761020152556,2.901380758554839e-05
94,Synthetic Control,Nodal signed linear,5180.47805382386,540.8308356831185,4639.647218140742,8.578740175346041,0.8956021374737964,2.901380758554839e-05
94,Synthetic Control,Nodal exact net value,5131.051170074119,540.8308356831185,4590.2203343910005,8.48734952139542,0.8945964836917996,2.901380758554839e-05
94,Feasible Quantile Projection,Uniform gross,38.994071138512744,540.8308356831185,-501.8367645446057,0.927899689578055,0.0,2.901380758554839e-05
94,Feasible Quantile Projection,Nodal gross,38.993085512622535,540.8308356831185,-501.83775017049595,0.9279015120072236,0.0,2.901380758554839e-05
94,Feasible Quantile Projection,Uniform signed net,29.8355808190735,540.8308356831185,-510.995254864045,0.9448338022712991,0.0,2.901380758554839e-05
94,Feasible Quantile Projection,Nodal signed linear,29.83486902415528,540.8308356831185,-510.9959666589632,0.944835118385084,0.0,2.901380758554839e-05
94,Feasible Quantile Projection,Nodal exact net value,29.834869024140062,540.8308356831185,-510.99596665897843,0.9448351183851122,0.0,2.901380758554839e-05
94,Tail-Risk Feasible Counterfactual,Uniform gross,34.3429240897313,540.8308356831185,-506.4879115933872,0.9364996930207334,0.0,2.901380758554839e-05
94,Tail-Risk Feasible Counterfactual,Nodal gross,34.34238053642326,540.8308356831185,-506.48845514669523,0.9365006980546039,0.0,2.901380758554839e-05
94,Tail-Risk Feasible Counterfactual,Uniform signed net,26.188141970202867,540.8308356831185,-514.6426937129156,0.9515779422282296,0.0,2.901380758554839e-05
94,Tail-Risk Feasible Counterfactual,Nodal signed linear,26.187832361641416,540.8308356831185,-514.6430033214771,0.9515785146966264,0.0,2.901380758554839e-05
94,Tail-Risk Feasible Counterfactual,Nodal exact net value,26.187832361618348,540.8308356831185,-514.6430033215001,0.951578514696669,0.0,2.901380758554839e-05
94,Single Feasible Projection,Uniform gross,9.158490319439238,540.8308356831185,-531.6723453636793,0.983065887306756,0.0,2.901380758554839e-05
94,Single Feasible Projection,Nodal gross,9.158166326455682,540.8308356831185,-531.6726693566628,0.98306648637205,0.0,2.901380758554839e-05
94,Single Feasible Projection,Uniform signed net,0.0,540.8308356831185,-540.8308356831185,1.0,0.0,2.901380758554839e-05
94,Single Feasible Projection,Nodal signed linear,-5.0162011569598874e-05,540.8308356831185,-540.8308858451301,1.0000000927499104,0.0,2.901380758554839e-05
94,Single Feasible Projection,Nodal exact net value,-5.01620233990252e-05,540.8308356831185,-540.8308858451419,1.0000000927499324,0.0,2.901380758554839e-05
94,Risk-Constrained Convex Verifier,Uniform gross,9.158490319439238,540.8308356831185,-531.6723453636793,0.983065887306756,0.0,2.901380758554839e-05
94,Risk-Constrained Convex Verifier,Nodal gross,9.158166326455682,540.8308356831185,-531.6726693566628,0.98306648637205,0.0,2.901380758554839e-05
94,Risk-Constrained Convex Verifier,Uniform signed net,0.0,540.8308356831185,-540.8308356831185,1.0,0.0,2.901380758554839e-05
94,Risk-Constrained Convex Verifier,Nodal signed linear,-5.0162011569598874e-05,540.8308356831185,-540.8308858451301,1.0000000927499104,0.0,2.901380758554839e-05
94,Risk-Constrained Convex Verifier,Nodal exact net value,-5.01620233990252e-05,540.8308356831185,-540.8308858451419,1.0000000927499324,0.0,2.901380758554839e-05
94,Trace-Anchored Reference,Uniform gross,539.0397216842182,540.8308356831185,-1.7911139989003004,0.0033117823184729486,0.0,2.901380758554839e-05
94,Trace-Anchored Reference,Nodal gross,539.038179788919,540.8308356831185,-1.79265589419947,0.0033146332936715463,0.0,2.901380758554839e-05
94,Trace-Anchored Reference,Uniform signed net,539.0397216842182,540.8308356831185,-1.7911139989003004,0.0033117823184729486,0.0,2.901380758554839e-05
94,Trace-Anchored Reference,Nodal signed linear,539.038179788919,540.8308356831185,-1.79265589419947,0.0033146332936715463,0.0,2.901380758554839e-05
94,Trace-Anchored Reference,Nodal exact net value,537.6754698707155,540.8308356831185,-3.1553658124030335,0.005834293468894982,0.0,2.901380758554839e-05
95,High-5-of-10,Uniform gross,8629.949506043655,209.63658601393763,8420.312920029717,40.16623758350031,0.975708248829599,3.473099219340747e-05
95,High-5-of-10,Nodal gross,8909.56081542732,209.63658601393763,8699.924229413382,41.50002819085677,0.9764706038426785,3.473099219340747e-05
95,High-5-of-10,Uniform signed net,7740.353121392714,209.63658601393763,7530.716535378776,35.92272073576937,0.9729164053982826,3.473099219340747e-05
95,High-5-of-10,Nodal signed linear,8022.874420232836,209.63658601393763,7813.237834218899,37.27039245763827,0.9738701399232603,3.473099219340747e-05
95,High-5-of-10,Nodal exact net value,7558.08132180481,209.63658601393763,7348.444735790872,35.05325513792861,0.9722632534517532,3.473099219340747e-05
95,Ridge,Uniform gross,5708.927869372088,209.63658601393763,5499.29128335815,26.23249780929237,0.9632791671552516,3.473099219340747e-05
95,Ridge,Nodal gross,5708.508539513908,209.63658601393763,5498.87195349997,26.23049753889037,0.9632764697533782,3.473099219340747e-05
95,Ridge,Uniform signed net,5109.763903933144,209.63658601393763,4900.127317919207,23.37438999122712,0.9589733322409332,3.473099219340747e-05
95,Ridge,Nodal signed linear,5109.361423099424,209.63658601393763,4899.724837085487,23.372470093363045,0.9589701004383502,3.473099219340747e-05
95,Ridge,Nodal exact net value,5090.544427239474,209.63658601393763,4880.907841225537,23.282710017520657,0.9588184350396446,3.473099219340747e-05
95,Gradient Boosting,Uniform gross,3792.0286996350383,209.63658601393763,3582.3921136211006,17.088582588265037,0.9447165085975974,3.473099219340747e-05
95,Gradient Boosting,Nodal gross,3791.741539511198,209.63658601393763,3582.1049534972603,17.08721278860697,0.9447123218105835,3.473099219340747e-05
95,Gradient Boosting,Uniform signed net,3219.7780612786337,209.63658601393763,3010.141475264696,14.358855639180117,0.9348909825385023,3.473099219340747e-05
95,Gradient Boosting,Nodal signed linear,3219.5094130745692,209.63658601393763,3009.8728270606316,14.357574144336242,0.9348855495925578,3.473099219340747e-05
95,Gradient Boosting,Nodal exact net value,3208.189931455672,209.63658601393763,2998.5533454417346,14.303578408982373,0.9346558057680775,3.473099219340747e-05
95,Extra Trees,Uniform gross,4230.881585909365,209.63658601393763,4021.244999895427,19.181980952638085,0.9504508500752853,3.473099219340747e-05
95,Extra Trees,Nodal gross,4230.492304692471,209.63658601393763,4020.855718678534,19.180124019054613,0.9504462906642311,3.473099219340747e-05
95,Extra Trees,Uniform signed net,3541.834110644654,209.63658601393763,3332.1975246307165,15.89511443584173,0.9408112917022584,3.473099219340747e-05
95,Extra Trees,Nodal signed linear,3541.461357781821,209.63658601393763,3331.8247717678832,15.893336345147157,0.940805061855809,3.473099219340747e-05
95,Extra Trees,Nodal exact net value,3528.9757790476797,209.63658601393763,3319.339193033742,15.833778140295877,0.9405956291174915,3.473099219340747e-05
95,Metadata Gradient Boosting,Uniform gross,3885.406835012467,209.63658601393763,3675.7702489985295,17.534011209065135,0.9460451389221729,3.473099219340747e-05
95,Metadata Gradient Boosting,Nodal gross,3885.093972555662,209.63658601393763,3675.457386541724,17.532518805173456,0.9460407939949941,3.473099219340747e-05
95,Metadata Gradient Boosting,Uniform signed net,3143.744014404777,209.63658601393763,2934.1074283908392,13.996161090868776,0.9333162671472698,3.473099219340747e-05
95,Metadata Gradient Boosting,Nodal signed linear,3143.4539115217713,209.63658601393763,2933.8173255078336,13.99477725377945,0.9333101130429964,3.473099219340747e-05
95,Metadata Gradient Boosting,Nodal exact net value,3129.443653027549,209.63658601393763,2919.8070670136112,13.9279460829394,0.9330115479755877,3.473099219340747e-05
95,Ex-post Metadata Gradient Boosting,Uniform gross,5456.294097350188,209.63658601393763,5246.6575113362505,25.02739436420429,0.9615789430933083,3.473099219340747e-05
95,Ex-post Metadata Gradient Boosting,Nodal gross,5455.938845973817,209.63658601393763,5246.302259959879,25.025699758395607,0.9615764413912671,3.473099219340747e-05
95,Ex-post Metadata Gradient Boosting,Uniform signed net,4738.880330409471,209.63658601393763,4529.243744395533,21.605216105238462,0.9557624224716762,3.473099219340747e-05
95,Ex-post Metadata Gradient Boosting,Nodal signed linear,4738.548301995634,209.63658601393763,4528.911715981696,21.60363227667041,0.9557593227601691,3.473099219340747e-05
95,Ex-post Metadata Gradient Boosting,Nodal exact net value,4720.065667477829,209.63658601393763,4510.429081463892,21.51546715783674,0.9555860869779049,3.473099219340747e-05
95,Ex-post Quantile Gradient Boosting,Uniform gross,3205.6264438708554,209.63658601393763,2995.9898578569178,14.291350163743509,0.9346035510735313,3.473099219340747e-05
95,Ex-post Quantile Gradient Boosting,Nodal gross,3205.3811149584617,209.63658601393763,2995.744528944524,14.290179905645633,0.9345985458528995,3.473099219340747e-05
95,Ex-post Quantile Gradient Boosting,Uniform signed net,2608.2751739178666,209.63658601393763,2398.638587903929,11.441889192683456,0.9196263538025996,3.473099219340747e-05
95,Ex-post Quantile Gradient Boosting,Nodal signed linear,2608.0510551962243,209.63658601393763,2398.4144691822867,11.440820110583315,0.9196194470210765,3.473099219340747e-05
95,Ex-post Quantile Gradient Boosting,Nodal exact net value,2594.082517063929,209.63658601393763,2384.4459310499915,11.374187952533545,0.9191866162178944,3.473099219340747e-05
95,Synthetic Control,Uniform gross,4342.430370560538,209.63658601393763,4132.7937845466,19.714086472825084,0.9517236735826171,3.473099219340747e-05
95,Synthetic Control,Nodal gross,4350.430394992871,209.63658601393763,4140.793808978933,19.752247867190672,0.951812449118777,3.473099219340747e-05
95,Synthetic Control,Uniform signed net,3607.517471586107,209.63658601393763,3397.8808855721695,16.208434558967024,0.9418889616848433,3.473099219340747e-05
95,Synthetic Control,Nodal signed linear,3616.9981293576707,209.63658601393763,3407.361543343733,16.2536588108585,0.9420412788404825,3.473099219340747e-05
95,Synthetic Control,Nodal exact net value,3593.006854796964,209.63658601393763,3383.3702687830264,16.139216599139257,0.9416542760740756,3.473099219340747e-05
95,Feasible Quantile Projection,Uniform gross,801.1279623343265,209.63658601393763,591.4913763203889,2.8215083424467893,0.7383232194229015,3.473099219340747e-05
95,Feasible Quantile Projection,Nodal gross,801.0597140766366,209.63658601393763,591.423128062699,2.821182787356489,0.7383009252243062,3.473099219340747e-05
95,Feasible Quantile Projection,Uniform signed net,162.17506226551677,209.63658601393763,-47.46152374842086,0.22639904918727016,0.0,3.473099219340747e-05
95,Feasible Quantile Projection,Nodal signed linear,162.1283710540089,209.63658601393763,-47.50821495992872,0.22662177372402997,0.0,3.473099219340747e-05
95,Feasible Quantile Projection,Nodal exact net value,161.63157128635066,209.63658601393763,-48.00501472758697,0.22899158796831087,0.0,3.473099219340747e-05
95,Tail-Risk Feasible Counterfactual,Uniform gross,401.6933192646342,209.63658601393763,192.0567332506966,0.9161412943346051,0.4781178178474267,3.473099219340747e-05
95,Tail-Risk Feasible Counterfactual,Nodal gross,401.65862843862146,209.63658601393763,192.02204242468383,0.9159758135534477,0.4780727434417041,3.473099219340747e-05
95,Tail-Risk Feasible Counterfactual,Uniform signed net,73.75955268895538,209.63658601393763,-135.87703332498225,0.6481551522497533,0.0,3.473099219340747e-05
95,Tail-Risk Feasible Counterfactual,Nodal signed linear,73.739584671348,209.63658601393763,-135.89700134258965,0.6482504028831808,0.0,3.473099219340747e-05
95,Tail-Risk Feasible Counterfactual,Nodal exact net value,73.24278490368306,209.63658601393763,-136.39380111025457,0.6506202171274935,0.0,3.473099219340747e-05
95,Single Feasible Projection,Uniform gross,259.4046374308793,209.63658601393763,49.76805141694166,0.2374015545818555,0.19185490247915404,3.473099219340747e-05
95,Single Feasible Projection,Nodal gross,259.39406508852556,209.63658601393763,49.757479074587934,0.23735112282013512,0.19182196422885306,3.473099219340747e-05
95,Single Feasible Projection,Uniform signed net,-1.4709598267579054,209.63658601393763,-211.10754584069554,1.0070167133262709,0.0,3.473099219340747e-05
95,Single Feasible Projection,Nodal signed linear,-1.4749013147216923,209.63658601393763,-211.11148732865934,1.0070355148534218,0.0,3.473099219340747e-05
95,Single Feasible Projection,Nodal exact net value,-1.7983517655229662,209.63658601393763,-211.4349377794606,1.0085784251676537,0.0,3.473099219340747e-05
95,Risk-Constrained Convex Verifier,Uniform gross,259.4046374308793,209.63658601393763,49.76805141694166,0.2374015545818555,0.19185490247915404,3.473099219340747e-05
95,Risk-Constrained Convex Verifier,Nodal gross,259.39406508852556,209.63658601393763,49.757479074587934,0.23735112282013512,0.19182196422885306,3.473099219340747e-05
95,Risk-Constrained Convex Verifier,Uniform signed net,-1.4709598267579054,209.63658601393763,-211.10754584069554,1.0070167133262709,0.0,3.473099219340747e-05
95,Risk-Constrained Convex Verifier,Nodal signed linear,-1.4749013147216923,209.63658601393763,-211.11148732865934,1.0070355148534218,0.0,3.473099219340747e-05
95,Risk-Constrained Convex Verifier,Nodal exact net value,-1.7983517655229662,209.63658601393763,-211.4349377794606,1.0085784251676537,0.0,3.473099219340747e-05
95,Trace-Anchored Reference,Uniform gross,772.356501069727,209.63658601393763,562.7199150557893,2.6842638766230293,0.7285753590167399,3.473099219340747e-05
95,Trace-Anchored Reference,Nodal gross,772.3583815008143,209.63658601393763,562.7217954868767,2.684272846579672,0.7285760198438183,3.473099219340747e-05
95,Trace-Anchored Reference,Uniform signed net,212.06799450084048,209.63658601393763,2.4314084869028534,0.011598206845160138,0.011465230727653328,3.473099219340747e-05
95,Trace-Anchored Reference,Nodal signed linear,212.08293567225957,209.63658601393763,2.4463496583219353,0.011669478619344099,0.011534872669352237,3.473099219340747e-05
95,Trace-Anchored Reference,Nodal exact net value,208.1183746163806,209.63658601393763,-1.5182113975570246,0.007242110866354629,0.0,3.473099219340747e-05
96,High-5-of-10,Uniform gross,8648.037613272943,422.52294527137565,8225.514668001568,19.467616516585935,0.9511423326116332,1.6595169712543822e-05
96,High-5-of-10,Nodal gross,9174.026755622355,422.52294527137565,8751.50381035098,20.712493625003283,0.953943567363979,1.6595169712543822e-05
96,High-5-of-10,Uniform signed net,8374.629276205833,422.52294527137565,7952.106330934457,18.820531334285345,0.9495472657551712,1.6595169712543822e-05
96,High-5-of-10,Nodal signed linear,8902.11250480757,422.52294527137565,8479.589559536194,20.068944549484694,0.9525367776420268,1.6595169712543822e-05
96,High-5-of-10,Nodal exact net value,8127.165690437516,422.52294527137565,7704.64274516614,18.23485051259795,0.9480110334444738,1.6595169712543822e-05
96,Ridge,Uniform gross,5880.955400854745,422.52294527137565,5458.432455583369,12.91866516758648,0.9281540300050625,1.6595169712543822e-05
96,Ridge,Nodal gross,5880.444518997285,422.52294527137565,5457.921573725909,12.917456045423583,0.9281477881635685,1.6595169712543822e-05
96,Ridge,Uniform signed net,5870.874238149331,422.52294527137565,5448.3512928779555,12.894805723222012,0.9280306598077347,1.6595169712543822e-05
96,Ridge,Nodal signed linear,5870.360469102214,422.52294527137565,5447.837523830838,12.893589767845228,0.9280243611111679,1.6595169712543822e-05
96,Ridge,Nodal exact net value,5828.570786548331,422.52294527137565,5406.047841276955,12.794684647965779,0.9275083102282107,1.6595169712543822e-05
96,Gradient Boosting,Uniform gross,5655.911072044569,422.52294527137565,5233.388126773193,12.386044794352937,0.9252953344051364,1.6595169712543822e-05
96,Gradient Boosting,Nodal gross,5655.530656856842,422.52294527137565,5233.0077115854665,12.385144452272147,0.9252903094497237,1.6595169712543822e-05
96,Gradient Boosting,Uniform signed net,5655.911072044569,422.52294527137565,5233.388126773193,12.386044794352937,0.9252953344051364,1.6595169712543822e-05
96,Gradient Boosting,Nodal signed linear,5655.530656856842,422.52294527137565,5233.0077115854665,12.385144452272147,0.9252903094497237,1.6595169712543822e-05
96,Gradient Boosting,Nodal exact net value,5631.868545508871,422.52294527137565,5209.345600237495,12.329142496371803,0.9249764191303229,1.6595169712543822e-05
96,Extra Trees,Uniform gross,7535.374513644812,422.52294527137565,7112.851568373437,16.834237401722728,0.943928076234793,1.6595169712543822e-05
96,Extra Trees,Nodal gross,7543.056859449555,422.52294527137565,7120.53391417818,16.852419481277742,0.9439851835742084,1.6595169712543822e-05
96,Extra Trees,Uniform signed net,7484.3159420118045,422.52294527137565,7061.792996740429,16.713395274201783,0.9435455493133819,1.6595169712543822e-05
96,Extra Trees,Nodal signed linear,7492.102519366198,422.52294527137565,7069.579574094822,16.73182404225222,0.9436042226892646,1.6595169712543822e-05
96,Extra Trees,Nodal exact net value,7421.582896121112,422.52294527137565,6999.059950849736,16.564922755507204,0.943068351969469,1.6595169712543822e-05
96,Metadata Gradient Boosting,Uniform gross,5038.8794777271305,422.52294527137565,4616.356532455755,10.925694294521183,0.9161474396958663,1.6595169712543822e-05
96,Metadata Gradient Boosting,Nodal gross,5038.505114249785,422.52294527137565,4615.982168978409,10.924808275237414,0.9161412094082417,1.6595169712543822e-05
96,Metadata Gradient Boosting,Uniform signed net,5038.8794777271305,422.52294527137565,4616.356532455755,10.925694294521183,0.9161474396958663,1.6595169712543822e-05
96,Metadata Gradient Boosting,Nodal signed linear,5038.505114249785,422.52294527137565,4615.982168978409,10.924808275237414,0.9161412094082417,1.6595169712543822e-05
96,Metadata Gradient Boosting,Nodal exact net value,5017.574408751854,422.52294527137565,4595.051463480479,10.87527083417729,0.9157913942373442,1.6595169712543822e-05
96,Ex-post Metadata Gradient Boosting,Uniform gross,4002.6587377311525,422.52294527137565,3580.135792459777,8.473234016108515,0.8944394281509803,1.6595169712543822e-05
96,Ex-post Metadata Gradient Boosting,Nodal gross,4002.3509125822793,422.52294527137565,3579.8279673109037,8.472505475440327,0.8944313093729286,1.6595169712543822e-05
96,Ex-post Metadata Gradient Boosting,Uniform signed net,4002.6587377311525,422.52294527137565,3580.135792459777,8.473234016108515,0.8944394281509803,1.6595169712543822e-05
96,Ex-post Metadata Gradient Boosting,Nodal signed linear,4002.3509125822793,422.52294527137565,3579.8279673109037,8.472505475440327,0.8944313093729286,1.6595169712543822e-05
96,Ex-post Metadata Gradient Boosting,Nodal exact net value,3981.4202070843603,422.52294527137565,3558.8972618129847,8.422968034380231,0.893876324704547,1.6595169712543822e-05
96,Ex-post Quantile Gradient Boosting,Uniform gross,3534.4874926313146,422.52294527137565,3111.964547359939,7.365196570238816,0.8804570829144962,1.6595169712543822e-05
96,Ex-post Quantile Gradient Boosting,Nodal gross,3534.2245114009656,422.52294527137565,3111.70156612959,7.364574163258812,0.8804481877400914,1.6595169712543822e-05
96,Ex-post Quantile Gradient Boosting,Uniform signed net,3534.4874926313146,422.52294527137565,3111.964547359939,7.365196570238816,0.8804570829144962,1.6595169712543822e-05
96,Ex-post Quantile Gradient Boosting,Nodal signed linear,3534.2245114009656,422.52294527137565,3111.70156612959,7.364574163258812,0.8804481877400914,1.6595169712543822e-05
96,Ex-post Quantile Gradient Boosting,Nodal exact net value,3513.376703745729,422.52294527137565,3090.8537584743535,7.315232919455244,0.8797387866718335,1.6595169712543822e-05
96,Synthetic Control,Uniform gross,5145.182649488131,422.52294527137565,4722.659704216755,11.1772857712698,0.9178798938627747,1.6595169712543822e-05
96,Synthetic Control,Nodal gross,5153.097280587235,422.52294527137565,4730.57433531586,11.196017608647344,0.9180060219582686,1.6595169712543822e-05
96,Synthetic Control,Uniform signed net,4991.462847134494,422.52294527137565,4568.939901863118,10.813471677682749,0.9153508784476001,1.6595169712543822e-05
96,Synthetic Control,Nodal signed linear,4999.497285354966,422.52294527137565,4576.9743400835905,10.832487066812234,0.9154869137524941,1.6595169712543822e-05
96,Synthetic Control,Nodal exact net value,4965.502023377638,422.52294527137565,4542.979078106262,10.752029277814541,0.9149083127381414,1.6595169712543822e-05
96,Feasible Quantile Projection,Uniform gross,27.584257213610663,422.52294527137565,-394.938688057765,0.9347153627458172,0.0,1.6595169712543822e-05
96,Feasible Quantile Projection,Nodal gross,27.5834156593632,422.52294527137565,-394.93952961201245,0.9347173544820221,0.0,1.6595169712543822e-05
96,Feasible Quantile Projection,Uniform signed net,0.0,422.52294527137565,-422.52294527137565,1.0,0.0,1.6595169712543822e-05
96,Feasible Quantile Projection,Nodal signed linear,-0.00013029311139689526,422.52294527137565,-422.52307556448704,1.0000003083693154,0.0,1.6595169712543822e-05
96,Feasible Quantile Projection,Nodal exact net value,-0.0001302931341342628,422.52294527137565,-422.5230755645098,1.0000003083693694,0.0,1.6595169712543822e-05
96,Tail-Risk Feasible Counterfactual,Uniform gross,27.584257213610684,422.52294527137565,-394.938688057765,0.9347153627458172,0.0,1.6595169712543822e-05
96,Tail-Risk Feasible Counterfactual,Nodal gross,27.583415659363222,422.52294527137565,-394.93952961201245,0.9347173544820221,0.0,1.6595169712543822e-05
96,Tail-Risk Feasible Counterfactual,Uniform signed net,-1.717738530265815e-14,422.52294527137565,-422.52294527137565,1.0,0.0,1.6595169712543822e-05
96,Tail-Risk Feasible Counterfactual,Nodal signed linear,-0.0001302931114130005,422.52294527137565,-422.52307556448704,1.0000003083693154,0.0,1.6595169712543822e-05
96,Tail-Risk Feasible Counterfactual,Nodal exact net value,-0.0001302931341342628,422.52294527137565,-422.5230755645098,1.0000003083693694,0.0,1.6595169712543822e-05
96,Single Feasible Projection,Uniform gross,27.584257213610663,422.52294527137565,-394.938688057765,0.9347153627458172,0.0,1.6595169712543822e-05
96,Single Feasible Projection,Nodal gross,27.5834156593632,422.52294527137565,-394.93952961201245,0.9347173544820221,0.0,1.6595169712543822e-05
96,Single Feasible Projection,Uniform signed net,0.0,422.52294527137565,-422.52294527137565,1.0,0.0,1.6595169712543822e-05
96,Single Feasible Projection,Nodal signed linear,-0.00013029311139689526,422.52294527137565,-422.52307556448704,1.0000003083693154,0.0,1.6595169712543822e-05
96,Single Feasible Projection,Nodal exact net value,-0.0001302931341342628,422.52294527137565,-422.5230755645098,1.0000003083693694,0.0,1.6595169712543822e-05
96,Risk-Constrained Convex Verifier,Uniform gross,27.584257213610663,422.52294527137565,-394.938688057765,0.9347153627458172,0.0,1.6595169712543822e-05
96,Risk-Constrained Convex Verifier,Nodal gross,27.5834156593632,422.52294527137565,-394.93952961201245,0.9347173544820221,0.0,1.6595169712543822e-05
96,Risk-Constrained Convex Verifier,Uniform signed net,0.0,422.52294527137565,-422.52294527137565,1.0,0.0,1.6595169712543822e-05
96,Risk-Constrained Convex Verifier,Nodal signed linear,-0.00013029311139689526,422.52294527137565,-422.52307556448704,1.0000003083693154,0.0,1.6595169712543822e-05
96,Risk-Constrained Convex Verifier,Nodal exact net value,-0.0001302931341342628,422.52294527137565,-422.5230755645098,1.0000003083693694,0.0,1.6595169712543822e-05
96,Trace-Anchored Reference,Uniform gross,430.56210347777636,422.52294527137565,8.039158206400714,0.019026560087138863,0.018671309298858574,1.6595169712543822e-05
96,Trace-Anchored Reference,Nodal gross,430.55857133474694,422.52294527137565,8.035626063371296,0.01901820043929264,0.018663258841789095,1.6595169712543822e-05
96,Trace-Anchored Reference,Uniform signed net,421.16171912161093,422.52294527137565,-1.3612261497647182,0.0032216620777610967,0.0,1.6595169712543822e-05
96,Trace-Anchored Reference,Nodal signed linear,421.15655068787646,422.52294527137565,-1.3663945834991864,0.0032338943926976233,0.0,1.6595169712543822e-05
96,Trace-Anchored Reference,Nodal exact net value,420.3265529867567,422.52294527137565,-2.1963922846189234,0.005198279310507592,0.0,1.6595169712543822e-05
97,High-5-of-10,Uniform gross,8659.863825593377,165.66290930149262,8494.200916291884,51.274005461495,0.9808700329892149,1.285402681230896e-05
97,High-5-of-10,Nodal gross,9185.311531229774,165.66290930149262,9019.648621928282,54.44579393153887,0.9819643668330417,1.285402681230896e-05
97,High-5-of-10,Uniform signed net,8405.407560052992,165.66290930149262,8239.7446507515,49.7380173117439,0.9802909129488484,1.285402681230896e-05
97,High-5-of-10,Nodal signed linear,8932.725276352981,165.66290930149262,8767.062367051489,52.921093828529656,0.9814543821536703,1.285402681230896e-05
97,High-5-of-10,Nodal exact net value,8157.136780184144,165.66290930149262,7991.473870882652,48.239366944466965,0.9796910467771078,1.285402681230896e-05
97,Ridge,Uniform gross,3667.835199208372,165.66290930149262,3502.1722899068795,21.140352446263147,0.9548336006652514,1.285402681230896e-05
97,Ridge,Nodal gross,3667.5144478799157,165.66290930149262,3501.851538578423,21.13841627763126,0.9548296505287778,1.285402681230896e-05
97,Ridge,Uniform signed net,3667.835199208372,165.66290930149262,3502.1722899068795,21.140352446263147,0.9548336006652514,1.285402681230896e-05
97,Ridge,Nodal signed linear,3667.5144478799157,165.66290930149262,3501.851538578423,21.13841627763126,0.9548296505287778,1.285402681230896e-05
97,Ridge,Nodal exact net value,3650.3170403315016,165.66290930149262,3484.654131030009,21.03460663417561,0.954616843558759,1.285402681230896e-05
97,Gradient Boosting,Uniform gross,3654.84124387058,165.66290930149262,3489.1783345690874,21.061916329255542,0.9546730218229531,1.285402681230896e-05
97,Gradient Boosting,Nodal gross,3654.57992078733,165.66290930149262,3488.9170114858375,21.060338890561802,0.9546697806882815,1.285402681230896e-05
97,Gradient Boosting,Uniform signed net,3654.84124387058,165.66290930149262,3489.1783345690874,21.061916329255542,0.9546730218229531,1.285402681230896e-05
97,Gradient Boosting,Nodal signed linear,3654.57992078733,165.66290930149262,3488.9170114858375,21.060338890561802,0.9546697806882815,1.285402681230896e-05
97,Gradient Boosting,Nodal exact net value,3637.7092797152654,165.66290930149262,3472.046370413773,20.958501725301343,0.9544595522722862,1.285402681230896e-05
97,Extra Trees,Uniform gross,5152.674811977302,165.66290930149262,4987.011902675809,30.10337029394954,0.9678491433388321,1.285402681230896e-05
97,Extra Trees,Nodal gross,5160.494487992411,165.66290930149262,4994.831578690919,30.15057262818404,0.9678978613993364,1.285402681230896e-05
97,Extra Trees,Uniform signed net,5058.922692921552,165.66290930149262,4893.259783620059,29.537449295392587,0.9672533226227615,1.285402681230896e-05
97,Extra Trees,Nodal signed linear,5066.828869778424,165.66290930149262,4901.165960476931,29.585173779347432,0.9673044198730285,1.285402681230896e-05
97,Extra Trees,Nodal exact net value,5029.311232357009,165.66290930149262,4863.648323055517,29.358704030750083,0.9670605175047292,1.285402681230896e-05
97,Metadata Gradient Boosting,Uniform gross,3172.914829783471,165.66290930149262,3007.2519204819782,18.152837790679094,0.9477884159554331,1.285402681230896e-05
97,Metadata Gradient Boosting,Nodal gross,3172.680864718899,165.66290930149262,3007.0179554174065,18.151425494676577,0.9477845656826973,1.285402681230896e-05
97,Metadata Gradient Boosting,Uniform signed net,3172.914829783471,165.66290930149262,3007.2519204819782,18.152837790679094,0.9477884159554331,1.285402681230896e-05
97,Metadata Gradient Boosting,Nodal signed linear,3172.680864718899,165.66290930149262,3007.0179554174065,18.151425494676577,0.9477845656826973,1.285402681230896e-05
97,Metadata Gradient Boosting,Nodal exact net value,3157.7730107882307,165.66290930149262,2992.110101486738,18.061436407840382,0.9475380564924961,1.285402681230896e-05
97,Ex-post Metadata Gradient Boosting,Uniform gross,3165.338031685033,165.66290930149262,2999.6751223835404,18.1071015535794,0.9476634382668748,1.285402681230896e-05
97,Ex-post Metadata Gradient Boosting,Nodal gross,3165.1109780331376,165.66290930149262,2999.448068731645,18.10573097731189,0.9476596838306002,1.285402681230896e-05
97,Ex-post Metadata Gradient Boosting,Uniform signed net,3165.338031685033,165.66290930149262,2999.6751223835404,18.1071015535794,0.9476634382668748,1.285402681230896e-05
97,Ex-post Metadata Gradient Boosting,Nodal signed linear,3165.1109780331376,165.66290930149262,2999.448068731645,18.10573097731189,0.9476596838306002,1.285402681230896e-05
97,Ex-post Metadata Gradient Boosting,Nodal exact net value,3152.721477289473,165.66290930149262,2987.0585679879805,18.03094356233829,0.9474539979205775,1.285402681230896e-05
97,Ex-post Quantile Gradient Boosting,Uniform gross,2577.8782222795962,165.66290930149262,2412.2153129781036,14.560986059879426,0.9357367202726131,1.285402681230896e-05
97,Ex-post Quantile Gradient Boosting,Nodal gross,2577.6910337300205,165.66290930149262,2412.028124428528,14.559856123490134,0.9357320535573374,1.285402681230896e-05
97,Ex-post Quantile Gradient Boosting,Uniform signed net,2577.8782222795962,165.66290930149262,2412.2153129781036,14.560986059879426,0.9357367202726131,1.285402681230896e-05
97,Ex-post Quantile Gradient Boosting,Nodal signed linear,2577.6910337300205,165.66290930149262,2412.028124428528,14.559856123490134,0.9357320535573374,1.285402681230896e-05
97,Ex-post Quantile Gradient Boosting,Nodal exact net value,2565.774112207786,165.66290930149262,2400.1112029062933,14.487921364089363,0.9354335564797854,1.285402681230896e-05
97,Synthetic Control,Uniform gross,4749.292532923901,165.66290930149262,4583.629623622408,27.668411975553237,0.9651184027614524,1.285402681230896e-05
97,Synthetic Control,Nodal gross,4797.601757134491,165.66290930149262,4631.938847832998,27.960023564497817,0.9654696413567183,1.285402681230896e-05
97,Synthetic Control,Uniform signed net,4699.931180274178,165.66290930149262,4534.268270972685,27.370449366675654,0.9647520563712109,1.285402681230896e-05
97,Synthetic Control,Nodal signed linear,4748.244809994172,165.66290930149262,4582.5819006926795,27.662087548835476,0.9651107059701718,1.285402681230896e-05
97,Synthetic Control,Nodal exact net value,4656.653317292243,165.66290930149262,4490.99040799075,27.10920885626561,0.9644244701046754,1.285402681230896e-05
97,Feasible Quantile Projection,Uniform gross,22.985455144179813,165.66290930149262,-142.6774541573128,0.8612516510720682,0.0,1.285402681230896e-05
97,Feasible Quantile Projection,Nodal gross,22.98482958497549,165.66290930149262,-142.67807971651712,0.8612554271690047,0.0,1.285402681230896e-05
97,Feasible Quantile Projection,Uniform signed net,0.0,165.66290930149262,-165.66290930149262,1.0,0.0,1.285402681230896e-05
97,Feasible Quantile Projection,Nodal signed linear,-9.685181358037864e-05,165.66290930149262,-165.66300615330618,1.0000005846318525,0.0,1.285402681230896e-05
97,Feasible Quantile Projection,Nodal exact net value,-9.68518215813674e-05,165.66290930149262,-165.6630061533142,1.000000584631901,0.0,1.285402681230896e-05
97,Tail-Risk Feasible Counterfactual,Uniform gross,22.985455144179817,165.66290930149262,-142.6774541573128,0.8612516510720682,0.0,1.285402681230896e-05
97,Tail-Risk Feasible Counterfactual,Nodal gross,22.984829584975497,165.66290930149262,-142.67807971651712,0.8612554271690047,0.0,1.285402681230896e-05
97,Tail-Risk Feasible Counterfactual,Uniform signed net,8.853631173033469e-15,165.66290930149262,-165.66290930149262,1.0,0.0,1.285402681230896e-05
97,Tail-Risk Feasible Counterfactual,Nodal signed linear,-9.685181357282913e-05,165.66290930149262,-165.66300615330618,1.0000005846318525,0.0,1.285402681230896e-05
97,Tail-Risk Feasible Counterfactual,Nodal exact net value,-9.68518215813674e-05,165.66290930149262,-165.6630061533142,1.000000584631901,0.0,1.285402681230896e-05
97,Single Feasible Projection,Uniform gross,22.985455144179813,165.66290930149262,-142.6774541573128,0.8612516510720682,0.0,1.285402681230896e-05
97,Single Feasible Projection,Nodal gross,22.98482958497549,165.66290930149262,-142.67807971651712,0.8612554271690047,0.0,1.285402681230896e-05
97,Single Feasible Projection,Uniform signed net,0.0,165.66290930149262,-165.66290930149262,1.0,0.0,1.285402681230896e-05
97,Single Feasible Projection,Nodal signed linear,-9.685181358037864e-05,165.66290930149262,-165.66300615330618,1.0000005846318525,0.0,1.285402681230896e-05
97,Single Feasible Projection,Nodal exact net value,-9.68518215813674e-05,165.66290930149262,-165.6630061533142,1.000000584631901,0.0,1.285402681230896e-05
97,Risk-Constrained Convex Verifier,Uniform gross,22.985455144179813,165.66290930149262,-142.6774541573128,0.8612516510720682,0.0,1.285402681230896e-05
97,Risk-Constrained Convex Verifier,Nodal gross,22.98482958497549,165.66290930149262,-142.67807971651712,0.8612554271690047,0.0,1.285402681230896e-05
97,Risk-Constrained Convex Verifier,Uniform signed net,0.0,165.66290930149262,-165.66290930149262,1.0,0.0,1.285402681230896e-05
97,Risk-Constrained Convex Verifier,Nodal signed linear,-9.685181358037864e-05,165.66290930149262,-165.66300615330618,1.0000005846318525,0.0,1.285402681230896e-05
97,Risk-Constrained Convex Verifier,Nodal exact net value,-9.68518215813674e-05,165.66290930149262,-165.6630061533142,1.000000584631901,0.0,1.285402681230896e-05
97,Trace-Anchored Reference,Uniform gross,176.54898945643026,165.66290930149262,10.886080154937645,0.06571223577346387,0.06166039346050277,1.285402681230896e-05
97,Trace-Anchored Reference,Nodal gross,176.54959425018677,165.66290930149262,10.886684948694153,0.06571588652280215,0.06166360786571242,1.285402681230896e-05
97,Trace-Anchored Reference,Uniform signed net,164.57820675187963,165.66290930149262,-1.0847025496129845,0.006547648801934999,0.0,1.285402681230896e-05
97,Trace-Anchored Reference,Nodal signed linear,164.5792872509628,165.66290930149262,-1.0836220505298115,0.0065411265267454055,0.0,1.285402681230896e-05
97,Trace-Anchored Reference,Nodal exact net value,164.57928725097736,165.66290930149262,-1.0836220505152596,0.006541126526657565,0.0,1.285402681230896e-05
98,High-5-of-10,Uniform gross,7747.611574057452,180.57399577692559,7567.037578280527,41.90546676293614,0.9766929467164346,1.0693099764133573e-05
98,High-5-of-10,Nodal gross,7929.4642098687555,180.57399577692559,7748.89021409183,42.912547738404825,0.977227465690281,1.0693099764133573e-05
98,High-5-of-10,Uniform signed net,7488.424206409276,180.57399577692559,7307.85021063235,40.47011408918589,0.9758862491226961,1.0693099764133573e-05
98,High-5-of-10,Nodal signed linear,7670.935678770127,180.57399577692559,7490.361682993202,41.480843632914436,0.9764599778516359,1.0693099764133573e-05
98,High-5-of-10,Nodal exact net value,7361.084869695635,180.57399577692559,7180.510873918709,39.764922092045,0.9754691055770436,1.0693099764133573e-05
98,Ridge,Uniform gross,5106.622561573004,180.57399577692559,4926.048565796078,27.279944405071124,0.9646392515601735,1.0693099764133573e-05
98,Ridge,Nodal gross,5106.318989450187,180.57399577692559,4925.744993673261,27.278263254241455,0.964637149353576,1.0693099764133573e-05
98,Ridge,Uniform signed net,5106.622561573004,180.57399577692559,4926.048565796078,27.279944405071124,0.9646392515601735,1.0693099764133573e-05
98,Ridge,Nodal signed linear,5106.318989450187,180.57399577692559,4925.744993673261,27.278263254241455,0.964637149353576,1.0693099764133573e-05
98,Ridge,Nodal exact net value,5082.0780913811905,180.57399577692559,4901.504095604265,27.14401968298581,0.9644684728313866,1.0693099764133573e-05
98,Gradient Boosting,Uniform gross,3856.23352403479,180.57399577692559,3675.6595282578646,20.355420017390756,0.9531734801195363,1.0693099764133573e-05
98,Gradient Boosting,Nodal gross,3855.9713822098074,180.57399577692559,3675.397386432882,20.353968303239693,0.9531702966961749,1.0693099764133573e-05
98,Gradient Boosting,Uniform signed net,3856.23352403479,180.57399577692559,3675.6595282578646,20.355420017390756,0.9531734801195363,1.0693099764133573e-05
98,Gradient Boosting,Nodal signed linear,3855.9713822098074,180.57399577692559,3675.397386432882,20.353968303239693,0.9531702966961749,1.0693099764133573e-05
98,Gradient Boosting,Nodal exact net value,3838.9675134045974,180.57399577692559,3658.393517627672,20.259802647038477,0.9529628747452507,1.0693099764133573e-05
98,Extra Trees,Uniform gross,4386.025029813119,180.57399577692559,4205.451034036193,23.289350251912524,0.9588296932759137,1.0693099764133573e-05
98,Extra Trees,Nodal gross,4393.898711361666,180.57399577692559,4213.32471558474,23.332953881076683,0.9589034687326768,1.0693099764133573e-05
98,Extra Trees,Uniform signed net,4267.881182724534,180.57399577692559,4087.307186947608,22.635081919530183,0.957690013370604,1.0693099764133573e-05
98,Extra Trees,Nodal signed linear,4275.759056472213,180.57399577692559,4095.1850606952876,22.67870876465694,0.9577679674200559,1.0693099764133573e-05
98,Extra Trees,Nodal exact net value,4244.2541242763255,180.57399577692559,4063.6801284994,22.50423772822483,0.9574544806956594,1.0693099764133573e-05
98,Metadata Gradient Boosting,Uniform gross,3106.33298318563,180.57399577692559,2925.7589874087043,16.202548848855727,0.94186907947269,1.0693099764133573e-05
98,Metadata Gradient Boosting,Nodal gross,3106.121402534395,180.57399577692559,2925.5474067574696,16.201377137224025,0.9418651197504422,1.0693099764133573e-05
98,Metadata Gradient Boosting,Uniform signed net,3106.33298318563,180.57399577692559,2925.7589874087043,16.202548848855727,0.94186907947269,1.0693099764133573e-05
98,Metadata Gradient Boosting,Nodal signed linear,3106.121402534395,180.57399577692559,2925.5474067574696,16.201377137224025,0.9418651197504422,1.0693099764133573e-05
98,Metadata Gradient Boosting,Nodal exact net value,3090.4170391200023,180.57399577692559,2909.8430433430767,16.11440800666442,0.9415696996582882,1.0693099764133573e-05
98,Ex-post Metadata Gradient Boosting,Uniform gross,2789.7387703475047,180.57399577692559,2609.164774570579,14.449283039590288,0.9352720771936534,1.0693099764133573e-05
98,Ex-post Metadata Gradient Boosting,Nodal gross,2789.5216261538144,180.57399577692559,2608.947630376889,14.44808051763935,0.935267038590448,1.0693099764133573e-05
98,Ex-post Metadata Gradient Boosting,Uniform signed net,2789.7387703475047,180.57399577692559,2609.164774570579,14.449283039590288,0.9352720771936534,1.0693099764133573e-05
98,Ex-post Metadata Gradient Boosting,Nodal signed linear,2789.5216261538144,180.57399577692559,2608.947630376889,14.44808051763935,0.935267038590448,1.0693099764133573e-05
98,Ex-post Metadata Gradient Boosting,Nodal exact net value,2773.944148406794,180.57399577692559,2593.3701526298682,14.361814066703278,0.9349035214423341,1.0693099764133573e-05
98,Ex-post Quantile Gradient Boosting,Uniform gross,1205.9649485909338,180.57399577692559,1025.3909528140082,5.678508405389324,0.8502659666950431,1.0693099764133573e-05
98,Ex-post Quantile Gradient Boosting,Nodal gross,1205.9293765419777,180.57399577692559,1025.3553807650521,5.678311411083455,0.8502615498971221,1.0693099764133573e-05
98,Ex-post Quantile Gradient Boosting,Uniform signed net,1205.9649485909338,180.57399577692559,1025.3909528140082,5.678508405389324,0.8502659666950431,1.0693099764133573e-05
98,Ex-post Quantile Gradient Boosting,Nodal signed linear,1205.9293765419777,180.57399577692559,1025.3553807650521,5.678311411083455,0.8502615498971221,1.0693099764133573e-05
98,Ex-post Quantile Gradient Boosting,Nodal exact net value,1203.869163380994,180.57399577692559,1023.2951676040684,5.666902164961833,0.8500052985244723,1.0693099764133573e-05
98,Synthetic Control,Uniform gross,4106.8097177966965,180.57399577692559,3926.235722019771,21.74308490614616,0.9560305910949769,1.0693099764133573e-05
98,Synthetic Control,Nodal gross,4114.652576056428,180.57399577692559,3934.0785802795026,21.786517839144,0.9561144003195546,1.0693099764133573e-05
98,Synthetic Control,Uniform signed net,4045.367922216752,180.57399577692559,3864.7939264398265,21.40282663520527,0.9553627755870532,1.0693099764133573e-05
98,Synthetic Control,Nodal signed linear,4053.210923262463,180.57399577692559,3872.6369274855374,21.446260358937007,0.9554491490337789,1.0693099764133573e-05
98,Synthetic Control,Nodal exact net value,4019.6036231277394,180.57399577692559,3839.029627350814,21.260146627609707,0.9550766660827077,1.0693099764133573e-05
98,Feasible Quantile Projection,Uniform gross,24.079007219966783,180.57399577692559,-156.4949885569588,0.8666529634216373,0.0,1.0693099764133573e-05
98,Feasible Quantile Projection,Nodal gross,24.07836538737449,180.57399577692559,-156.49563038955108,0.8666565178237512,0.0,1.0693099764133573e-05
98,Feasible Quantile Projection,Uniform signed net,0.0,180.57399577692559,-180.57399577692559,1.0,0.0,1.0693099764133573e-05
98,Feasible Quantile Projection,Nodal signed linear,-9.937133072135396e-05,180.57399577692559,-180.5740951482563,1.00000055030809,0.0,1.0693099764133573e-05
98,Feasible Quantile Projection,Nodal exact net value,-9.937134018400684e-05,180.57399577692559,-180.57409514826577,1.0000005503081424,0.0,1.0693099764133573e-05
98,Tail-Risk Feasible Counterfactual,Uniform gross,24.07900721996679,180.57399577692559,-156.4949885569588,0.8666529634216373,0.0,1.0693099764133573e-05
98,Tail-Risk Feasible Counterfactual,Nodal gross,24.0783653873745,180.57399577692559,-156.49563038955108,0.8666565178237512,0.0,1.0693099764133573e-05
98,Tail-Risk Feasible Counterfactual,Uniform signed net,-2.567776511341909e-14,180.57399577692559,-180.5739957769256,1.0000000000000002,0.0,1.0693099764133573e-05
98,Tail-Risk Feasible Counterfactual,Nodal signed linear,-9.93713307490934e-05,180.57399577692559,-180.57409514825633,1.0000005503080902,0.0,1.0693099764133573e-05
98,Tail-Risk Feasible Counterfactual,Nodal exact net value,-9.937134018400684e-05,180.57399577692559,-180.57409514826577,1.0000005503081424,0.0,1.0693099764133573e-05
98,Single Feasible Projection,Uniform gross,24.079007219966783,180.57399577692559,-156.4949885569588,0.8666529634216373,0.0,1.0693099764133573e-05
98,Single Feasible Projection,Nodal gross,24.07836538737449,180.57399577692559,-156.49563038955108,0.8666565178237512,0.0,1.0693099764133573e-05
98,Single Feasible Projection,Uniform signed net,0.0,180.57399577692559,-180.57399577692559,1.0,0.0,1.0693099764133573e-05
98,Single Feasible Projection,Nodal signed linear,-9.937133072135396e-05,180.57399577692559,-180.5740951482563,1.00000055030809,0.0,1.0693099764133573e-05
98,Single Feasible Projection,Nodal exact net value,-9.937134018400684e-05,180.57399577692559,-180.57409514826577,1.0000005503081424,0.0,1.0693099764133573e-05
98,Risk-Constrained Convex Verifier,Uniform gross,24.079007219966783,180.57399577692559,-156.4949885569588,0.8666529634216373,0.0,1.0693099764133573e-05
98,Risk-Constrained Convex Verifier,Nodal gross,24.07836538737449,180.57399577692559,-156.49563038955108,0.8666565178237512,0.0,1.0693099764133573e-05
98,Risk-Constrained Convex Verifier,Uniform signed net,0.0,180.57399577692559,-180.57399577692559,1.0,0.0,1.0693099764133573e-05
98,Risk-Constrained Convex Verifier,Nodal signed linear,-9.937133072135396e-05,180.57399577692559,-180.5740951482563,1.00000055030809,0.0,1.0693099764133573e-05
98,Risk-Constrained Convex Verifier,Nodal exact net value,-9.937134018400684e-05,180.57399577692559,-180.57409514826577,1.0000005503081424,0.0,1.0693099764133573e-05
98,Trace-Anchored Reference,Uniform gross,179.4855010709208,180.57399577692559,-1.0884947060047807,0.006027970424653319,0.0,1.0693099764133573e-05
98,Trace-Anchored Reference,Nodal gross,179.48519566034213,180.57399577692559,-1.0888001165834567,0.006029661756660244,0.0,1.0693099764133573e-05
98,Trace-Anchored Reference,Uniform signed net,179.4855010709208,180.57399577692559,-1.0884947060047807,0.006027970424653319,0.0,1.0693099764133573e-05
98,Trace-Anchored Reference,Nodal signed linear,179.48519566034213,180.57399577692559,-1.0888001165834567,0.006029661756660244,0.0,1.0693099764133573e-05
98,Trace-Anchored Reference,Nodal exact net value,179.33710308941954,180.57399577692559,-1.2368926875060424,0.006849783005489084,0.0,1.0693099764133573e-05
99,High-5-of-10,Uniform gross,6661.585085814687,173.86544640430657,6487.71963941038,37.31460030490384,0.9739002888705064,1.0945454341729222e-05
99,High-5-of-10,Nodal gross,6718.350913123964,173.86544640430657,6544.485466719658,37.64109316753552,0.9741208149659659,1.0945454341729222e-05
99,High-5-of-10,Uniform signed net,6426.190413807459,173.86544640430657,6252.324967403152,35.96071040397527,0.9729442429793653,1.0945454341729222e-05
99,High-5-of-10,Nodal signed linear,6483.261775734935,173.86544640430657,6309.396329330629,36.28896057160641,0.973182411505419,1.0945454341729222e-05
99,High-5-of-10,Nodal exact net value,6358.408546873969,173.86544640430657,6184.543100469662,35.57085797305653,0.9726558233679738,1.0945454341729222e-05
99,Ridge,Uniform gross,2586.807311991525,173.86544640430657,2412.941865587218,13.878213960789916,0.9327876314566115,1.0945454341729222e-05
99,Ridge,Nodal gross,2586.5833746106446,173.86544640430657,2412.717928206338,13.876925968347994,0.9327818124438079,1.0945454341729222e-05
99,Ridge,Uniform signed net,2586.807311991525,173.86544640430657,2412.941865587218,13.878213960789916,0.9327876314566115,1.0945454341729222e-05
99,Ridge,Nodal signed linear,2586.5833746106446,173.86544640430657,2412.717928206338,13.876925968347994,0.9327818124438079,1.0945454341729222e-05
99,Ridge,Nodal exact net value,2569.4157219170593,173.86544640430657,2395.5502755127527,13.778184941602152,0.9323326914670763,1.0945454341729222e-05
99,Gradient Boosting,Uniform gross,2877.5939766458473,173.86544640430657,2703.7285302415407,15.55069501247702,0.9395795766131795,1.0945454341729222e-05
99,Gradient Boosting,Nodal gross,2877.501584996416,173.86544640430657,2703.6361385921095,15.550163615058258,0.9395776366168281,1.0945454341729222e-05
99,Gradient Boosting,Uniform signed net,2877.5939766458473,173.86544640430657,2703.7285302415407,15.55069501247702,0.9395795766131795,1.0945454341729222e-05
99,Gradient Boosting,Nodal signed linear,2877.501584996416,173.86544640430657,2703.6361385921095,15.550163615058258,0.9395776366168281,1.0945454341729222e-05
99,Gradient Boosting,Nodal exact net value,2870.036259724562,173.86544640430657,2696.1708133202555,15.507226243508915,0.9394204704504352,1.0945454341729222e-05
99,Extra Trees,Uniform gross,5393.3031186029375,173.86544640430657,5219.437672198631,30.019982579294997,0.9677627156158536,1.0945454341729222e-05
99,Extra Trees,Nodal gross,5392.96722285092,173.86544640430657,5219.101776446613,30.018050649984346,0.967760707747748,1.0945454341729222e-05
99,Extra Trees,Uniform signed net,5352.10619480728,173.86544640430657,5178.240748402974,29.783035419018777,0.967514574622418,1.0945454341729222e-05
99,Extra Trees,Nodal signed linear,5351.77074816179,173.86544640430657,5177.905301757483,29.781106072777604,0.9675125384501895,1.0945454341729222e-05
99,Extra Trees,Nodal exact net value,5326.892392546586,173.86544640430657,5153.0269461422795,29.63801636674509,0.9673608112212704,1.0945454341729222e-05
99,Metadata Gradient Boosting,Uniform gross,2395.704018745601,173.86544640430657,2221.8385723412944,12.779069207199646,0.927426157386778,1.0945454341729222e-05
99,Metadata Gradient Boosting,Nodal gross,2395.6515901910266,173.86544640430657,2221.78614378672,12.778767660482579,0.9274245691167292,1.0945454341729222e-05
99,Metadata Gradient Boosting,Uniform signed net,2395.704018745601,173.86544640430657,2221.8385723412944,12.779069207199646,0.927426157386778,1.0945454341729222e-05
99,Metadata Gradient Boosting,Nodal signed linear,2395.6515901910266,173.86544640430657,2221.78614378672,12.778767660482579,0.9274245691167292,1.0945454341729222e-05
99,Metadata Gradient Boosting,Nodal exact net value,2392.12038480067,173.86544640430657,2218.2549383963633,12.758457670985614,0.9273174345618085,1.0945454341729222e-05
99,Ex-post Metadata Gradient Boosting,Uniform gross,1762.9725467317207,173.86544640430657,1589.1071003274142,9.139867254774165,0.9013793795447205,1.0945454341729222e-05
99,Ex-post Metadata Gradient Boosting,Nodal gross,1762.915575791647,173.86544640430657,1589.0501293873403,9.139539582190267,0.9013761924894041,1.0945454341729222e-05
99,Ex-post Metadata Gradient Boosting,Uniform signed net,1762.9725467317207,173.86544640430657,1589.1071003274142,9.139867254774165,0.9013793795447205,1.0945454341729222e-05
99,Ex-post Metadata Gradient Boosting,Nodal signed linear,1762.915575791647,173.86544640430657,1589.0501293873403,9.139539582190267,0.9013761924894041,1.0945454341729222e-05
99,Ex-post Metadata Gradient Boosting,Nodal exact net value,1759.1873116435163,173.86544640430657,1585.3218652392097,9.118096194644124,0.9011671780181991,1.0945454341729222e-05
99,Ex-post Quantile Gradient Boosting,Uniform gross,848.8099048243062,173.86544640430657,674.9444584199996,3.8819930721052205,0.7951656249342487,1.0945454341729222e-05
99,Ex-post Quantile Gradient Boosting,Nodal gross,848.7982833671597,173.86544640430657,674.9328369628531,3.881926230433187,0.7951628204117154,1.0945454341729222e-05
99,Ex-post Quantile Gradient Boosting,Uniform signed net,848.8099048243062,173.86544640430657,674.9444584199996,3.8819930721052205,0.7951656249342487,1.0945454341729222e-05
99,Ex-post Quantile Gradient Boosting,Nodal signed linear,848.7982833671597,173.86544640430657,674.9328369628531,3.881926230433187,0.7951628204117154,1.0945454341729222e-05
99,Ex-post Quantile Gradient Boosting,Nodal exact net value,847.5043666749552,173.86544640430657,673.6389202706487,3.8744841726870174,0.7948500878096485,1.0945454341729222e-05
99,Synthetic Control,Uniform gross,586.6681899544675,173.86544640430657,412.8027435501609,2.374265571954014,0.7036392131337467,1.0945454341729222e-05
99,Synthetic Control,Nodal gross,586.6268202906454,173.86544640430657,412.7613738863388,2.374027631266674,0.7036183133969828,1.0945454341729222e-05
99,Synthetic Control,Uniform signed net,581.9625369615959,173.86544640430657,408.09709055728933,2.3472006600339705,0.7012428887397952,1.0945454341729222e-05
99,Synthetic Control,Nodal signed linear,581.9212063545671,173.86544640430657,408.0557599502605,2.3469629439846718,0.7012216696939386,1.0945454341729222e-05
99,Synthetic Control,Nodal exact net value,579.9364719527584,173.86544640430657,406.07102554845187,2.335547596985859,0.7001991514365911,1.0945454341729222e-05
99,Feasible Quantile Projection,Uniform gross,23.081067253005585,173.86544640430657,-150.78437915130098,0.8672475311780301,0.0,1.0945454341729222e-05
99,Feasible Quantile Projection,Nodal gross,23.080625228625884,173.86544640430657,-150.7848211756807,0.867250073514008,0.0,1.0945454341729222e-05
99,Feasible Quantile Projection,Uniform signed net,0.41677066725412476,173.86544640430657,-173.44867573705244,0.9976029126208035,0.0,1.0945454341729222e-05
99,Feasible Quantile Projection,Nodal signed linear,0.41673887356224787,173.86544640430657,-173.44870753074431,0.9976030954845785,0.0,1.0945454341729222e-05
99,Feasible Quantile Projection,Nodal exact net value,0.416738873529539,173.86544640430657,-173.44870753077703,0.9976030954847667,0.0,1.0945454341729222e-05
99,Tail-Risk Feasible Counterfactual,Uniform gross,22.785748575464552,173.86544640430657,-151.07969782884203,0.8689460784376984,0.0,1.0945454341729222e-05
99,Tail-Risk Feasible Counterfactual,Nodal gross,22.78527583036461,173.86544640430657,-151.08017057394196,0.8689487974661754,0.0,1.0945454341729222e-05
99,Tail-Risk Feasible Counterfactual,Uniform signed net,0.12145198971306212,173.86544640430657,-173.74399441459352,0.999301459880472,0.0,1.0945454341729222e-05
99,Tail-Risk Feasible Counterfactual,Nodal signed linear,0.1213894753009464,173.86544640430657,-173.7440569290056,0.999301819436746,0.0,1.0945454341729222e-05
99,Tail-Risk Feasible Counterfactual,Nodal exact net value,0.12138947527273558,173.86544640430657,-173.74405692903383,0.9993018194369083,0.0,1.0945454341729222e-05
99,Single Feasible Projection,Uniform gross,22.664296585751462,173.86544640430657,-151.2011498185551,0.8696446185572266,0.0,1.0945454341729222e-05
99,Single Feasible Projection,Nodal gross,22.663811206528177,173.86544640430657,-151.2016351977784,0.8696474102518003,0.0,1.0945454341729222e-05
99,Single Feasible Projection,Uniform signed net,0.0,173.86544640430657,-173.86544640430657,1.0,0.0,1.0945454341729222e-05
99,Single Feasible Projection,Nodal signed linear,-7.514853546153333e-05,173.86544640430657,-173.86552155284204,1.000000432222371,0.0,1.0945454341729222e-05
99,Single Feasible Projection,Nodal exact net value,-7.514856406487525e-05,173.86544640430657,-173.86552155287063,1.0000004322225353,0.0,1.0945454341729222e-05
99,Risk-Constrained Convex Verifier,Uniform gross,22.664296585751462,173.86544640430657,-151.2011498185551,0.8696446185572266,0.0,1.0945454341729222e-05
99,Risk-Constrained Convex Verifier,Nodal gross,22.663811206528177,173.86544640430657,-151.2016351977784,0.8696474102518003,0.0,1.0945454341729222e-05
99,Risk-Constrained Convex Verifier,Uniform signed net,0.0,173.86544640430657,-173.86544640430657,1.0,0.0,1.0945454341729222e-05
99,Risk-Constrained Convex Verifier,Nodal signed linear,-7.514853546153333e-05,173.86544640430657,-173.86552155284204,1.000000432222371,0.0,1.0945454341729222e-05
99,Risk-Constrained Convex Verifier,Nodal exact net value,-7.514856406487525e-05,173.86544640430657,-173.86552155287063,1.0000004322225353,0.0,1.0945454341729222e-05
99,Trace-Anchored Reference,Uniform gross,172.6583588040365,173.86544640430657,-1.2070876002700572,0.0069426537890863995,0.0,1.0945454341729222e-05
99,Trace-Anchored Reference,Nodal gross,172.65797977189933,173.86544640430657,-1.2074666324072325,0.00694483382051308,0.0,1.0945454341729222e-05
99,Trace-Anchored Reference,Uniform signed net,172.6583588040365,173.86544640430657,-1.2070876002700572,0.0069426537890863995,0.0,1.0945454341729222e-05
99,Trace-Anchored Reference,Nodal signed linear,172.65797977189933,173.86544640430657,-1.2074666324072325,0.00694483382051308,0.0,1.0945454341729222e-05
99,Trace-Anchored Reference,Nodal exact net value,172.65797977187322,173.86544640430657,-1.207466632433352,0.006944833820663308,0.0,1.0945454341729222e-05
100,High-5-of-10,Uniform gross,6123.645358388411,386.4785972863392,5737.166761102072,14.844720513336593,0.9368874951654531,1.5348859938979498e-05
100,High-5-of-10,Nodal gross,6139.786388516971,386.4785972863392,5753.307791230632,14.886484870384807,0.9370534131270175,1.5348859938979498e-05
100,High-5-of-10,Uniform signed net,5895.398652609651,386.4785972863392,5508.920055323312,14.254140058477269,0.9344440265943236,1.5348859938979498e-05
100,High-5-of-10,Nodal signed linear,5911.608107882718,386.4785972863392,5525.129510596379,14.296081463219684,0.9346237791420922,1.5348859938979498e-05
100,High-5-of-10,Nodal exact net value,5861.343824588854,386.4785972863392,5474.8652273025145,14.166024369122377,0.9340631416868898,1.5348859938979498e-05
100,Ridge,Uniform gross,3238.467995882767,386.4785972863392,2851.9893985964277,7.379423902440345,0.8806600535260223,1.5348859938979498e-05
100,Ridge,Nodal gross,3238.1847403657066,386.4785972863392,2851.7061430793674,7.37869098858936,0.8806496144371639,1.5348859938979498e-05
100,Ridge,Uniform signed net,3230.47060267778,386.4785972863392,2843.9920053914407,7.3587309241974594,0.8803646140701661,1.5348859938979498e-05
100,Ridge,Nodal signed linear,3230.1857154947365,386.4785972863392,2843.7071182083973,7.357993788467192,0.880354062791976,1.5348859938979498e-05
100,Ridge,Nodal exact net value,3212.1873673159134,386.4785972863392,2825.708770029574,7.311423685219047,0.8796836693840563,1.5348859938979498e-05
100,Gradient Boosting,Uniform gross,3014.0010796909073,386.4785972863392,2627.522482404568,6.798623522372846,0.8717722432514943,1.5348859938979498e-05
100,Gradient Boosting,Nodal gross,3013.8215957709713,386.4785972863392,2627.342998484632,6.798159113939374,0.8717646068272089,1.5348859938979498e-05
100,Gradient Boosting,Uniform signed net,3014.0010796909073,386.4785972863392,2627.522482404568,6.798623522372846,0.8717722432514943,1.5348859938979498e-05
100,Gradient Boosting,Nodal signed linear,3013.8215957709713,386.4785972863392,2627.342998484632,6.798159113939374,0.8717646068272089,1.5348859938979498e-05
100,Gradient Boosting,Nodal exact net value,3003.645540136473,386.4785972863392,2617.1669428501336,6.7718289220323715,0.8713301579290946,1.5348859938979498e-05
100,Extra Trees,Uniform gross,4059.002780038628,386.4785972863392,3672.5241827522887,9.502529269509179,0.9047848404571279,1.5348859938979498e-05
100,Extra Trees,Nodal gross,4058.6344847690684,386.4785972863392,3672.155887482729,9.501576318240607,0.9047762002868979,1.5348859938979498e-05
100,Extra Trees,Uniform signed net,4002.4831946602244,386.4785972863392,3616.004597373885,9.35628679767437,0.9034402948144926,1.5348859938979498e-05
100,Extra Trees,Nodal signed linear,4002.1071885126325,386.4785972863392,3615.6285912262933,9.355313894775653,0.9034312228328966,1.5348859938979498e-05
100,Extra Trees,Nodal exact net value,3980.780663576421,386.4785972863392,3594.3020662900817,9.300132249308204,0.9029138679197868,1.5348859938979498e-05
100,Metadata Gradient Boosting,Uniform gross,4103.946486537398,386.4785972863392,3717.467889251059,9.618819555217993,0.9058275738842734,1.5348859938979498e-05
100,Metadata Gradient Boosting,Nodal gross,4103.728222408374,386.4785972863392,3717.2496251220346,9.618254804335132,0.9058225651552713,1.5348859938979498e-05
100,Metadata Gradient Boosting,Uniform signed net,4103.946486537398,386.4785972863392,3717.467889251059,9.618819555217993,0.9058275738842734,1.5348859938979498e-05
100,Metadata Gradient Boosting,Nodal signed linear,4103.728222408374,386.4785972863392,3717.2496251220346,9.618254804335132,0.9058225651552713,1.5348859938979498e-05
100,Metadata Gradient Boosting,Nodal exact net value,4084.668027148058,386.4785972863392,3698.189429861719,9.568937208498914,0.9053831070927492,1.5348859938979498e-05
100,Ex-post Metadata Gradient Boosting,Uniform gross,2152.5755281980823,386.4785972863392,1766.0969309117431,4.569714709462306,0.8204575903499842,1.5348859938979498e-05
100,Ex-post Metadata Gradient Boosting,Nodal gross,2152.476460183506,386.4785972863392,1765.9978628971667,4.569458374401912,0.8204493268867662,1.5348859938979498e-05
100,Ex-post Metadata Gradient Boosting,Uniform signed net,2152.5755281980823,386.4785972863392,1766.0969309117431,4.569714709462306,0.8204575903499842,1.5348859938979498e-05
100,Ex-post Metadata Gradient Boosting,Nodal signed linear,2152.476460183506,386.4785972863392,1765.9978628971667,4.569458374401912,0.8204493268867662,1.5348859938979498e-05
100,Ex-post Metadata Gradient Boosting,Nodal exact net value,2146.1149683230906,386.4785972863392,1759.6363710367514,4.552998234293035,0.819917104632879,1.5348859938979498e-05
100,Ex-post Quantile Gradient Boosting,Uniform gross,1612.220056193182,386.4785972863392,1225.7414589068428,3.1715636195985772,0.7602817333764579,1.5348859938979498e-05
100,Ex-post Quantile Gradient Boosting,Nodal gross,1612.141072942371,386.4785972863392,1225.6624756560318,3.1713592531695807,0.7602699889154461,1.5348859938979498e-05
100,Ex-post Quantile Gradient Boosting,Uniform signed net,1612.220056193182,386.4785972863392,1225.7414589068428,3.1715636195985772,0.7602817333764579,1.5348859938979498e-05
100,Ex-post Quantile Gradient Boosting,Nodal signed linear,1612.141072942371,386.4785972863392,1225.6624756560318,3.1713592531695807,0.7602699889154461,1.5348859938979498e-05
100,Ex-post Quantile Gradient Boosting,Nodal exact net value,1605.8234547754473,386.4785972863392,1219.344857489108,3.1550126347247742,0.7593268449672863,1.5348859938979498e-05
100,Synthetic Control,Uniform gross,1061.255870018088,386.4785972863392,674.7772727317488,1.7459628488348378,0.6358290133370456,1.5348859938979498e-05
100,Synthetic Control,Nodal gross,1061.1791037443759,386.4785972863392,674.7005064580367,1.7457642187573867,0.6358026690097388,1.5348859938979498e-05
100,Synthetic Control,Uniform signed net,1016.8587654950695,386.4785972863392,630.3801682087303,1.63108687682823,0.6199289317251667,1.5348859938979498e-05
100,Synthetic Control,Nodal signed linear,1016.7793635665165,386.4785972863392,630.3007662801773,1.6308814270850605,0.619899251366881,1.5348859938979498e-05
100,Synthetic Control,Nodal exact net value,1011.5096361657561,386.4785972863392,625.0310388794169,1.6172461897452393,0.6179190158273421,1.5348859938979498e-05
100,Feasible Quantile Projection,Uniform gross,0.8631991182362693,386.4785972863392,-385.61539816810296,0.9977665021444986,0.0,1.5348859938979498e-05
100,Feasible Quantile Projection,Nodal gross,0.8631824888679405,386.4785972863392,-385.61541479747126,0.9977665451724137,0.0,1.5348859938979498e-05
100,Feasible Quantile Projection,Uniform signed net,-1.717738530265815e-14,386.4785972863392,-386.4785972863392,1.0,0.0,1.5348859938979498e-05
100,Feasible Quantile Projection,Nodal signed linear,-2.5746315951424847e-06,386.4785972863392,-386.4785998609708,1.0000000066617702,0.0,1.5348859938979498e-05
100,Feasible Quantile Projection,Nodal exact net value,-2.574626705609262e-06,386.4785972863392,-386.4785998609659,1.0000000066617576,0.0,1.5348859938979498e-05
100,Tail-Risk Feasible Counterfactual,Uniform gross,0.8631991182362777,386.4785972863392,-385.61539816810296,0.9977665021444986,0.0,1.5348859938979498e-05
100,Tail-Risk Feasible Counterfactual,Nodal gross,0.8631824888679489,386.4785972863392,-385.61541479747126,0.9977665451724137,0.0,1.5348859938979498e-05
100,Tail-Risk Feasible Counterfactual,Uniform signed net,-1.7662568113626328e-16,386.4785972863392,-386.4785972863392,1.0,0.0,1.5348859938979498e-05
100,Tail-Risk Feasible Counterfactual,Nodal signed linear,-2.5746315781490455e-06,386.4785972863392,-386.4785998609708,1.0000000066617702,0.0,1.5348859938979498e-05
100,Tail-Risk Feasible Counterfactual,Nodal exact net value,-2.574626705609262e-06,386.4785972863392,-386.4785998609659,1.0000000066617576,0.0,1.5348859938979498e-05
100,Single Feasible Projection,Uniform gross,0.8631991182362693,386.4785972863392,-385.61539816810296,0.9977665021444986,0.0,1.5348859938979498e-05
100,Single Feasible Projection,Nodal gross,0.8631824888679405,386.4785972863392,-385.61541479747126,0.9977665451724137,0.0,1.5348859938979498e-05
100,Single Feasible Projection,Uniform signed net,-1.717738530265815e-14,386.4785972863392,-386.4785972863392,1.0,0.0,1.5348859938979498e-05
100,Single Feasible Projection,Nodal signed linear,-2.5746315951424847e-06,386.4785972863392,-386.4785998609708,1.0000000066617702,0.0,1.5348859938979498e-05
100,Single Feasible Projection,Nodal exact net value,-2.574626705609262e-06,386.4785972863392,-386.4785998609659,1.0000000066617576,0.0,1.5348859938979498e-05
100,Risk-Constrained Convex Verifier,Uniform gross,0.8631991182362693,386.4785972863392,-385.61539816810296,0.9977665021444986,0.0,1.5348859938979498e-05
100,Risk-Constrained Convex Verifier,Nodal gross,0.8631824888679405,386.4785972863392,-385.61541479747126,0.9977665451724137,0.0,1.5348859938979498e-05
100,Risk-Constrained Convex Verifier,Uniform signed net,-1.717738530265815e-14,386.4785972863392,-386.4785972863392,1.0,0.0,1.5348859938979498e-05
100,Risk-Constrained Convex Verifier,Nodal signed linear,-2.5746315951424847e-06,386.4785972863392,-386.4785998609708,1.0000000066617702,0.0,1.5348859938979498e-05
100,Risk-Constrained Convex Verifier,Nodal exact net value,-2.574626705609262e-06,386.4785972863392,-386.4785998609659,1.0000000066617576,0.0,1.5348859938979498e-05
100,Trace-Anchored Reference,Uniform gross,395.2359737641348,386.4785972863392,8.757376477795617,0.02265940866916193,0.0221573365258036,1.5348859938979498e-05
100,Trace-Anchored Reference,Nodal gross,395.2326574239131,386.4785972863392,8.754060137573902,0.022650827753569188,0.022149131589054377,1.5348859938979498e-05
100,Trace-Anchored Reference,Uniform signed net,385.29861629703504,386.4785972863392,-1.1799809893041697,0.0030531599876148646,0.0,1.5348859938979498e-05
100,Trace-Anchored Reference,Nodal signed linear,385.29357019715246,386.4785972863392,-1.1850270891867467,0.0030662165964879255,0.0,1.5348859938979498e-05
100,Trace-Anchored Reference,Nodal exact net value,384.0184934212448,386.4785972863392,-2.4601038650944247,0.0063654336420387895,0.0,1.5348859938979498e-05
101,High-5-of-10,Uniform gross,5957.711583323764,-242.330036306721,6200.041619630485,25.58511406230713,1.040675019748359,2.2749954785919457e-05
101,High-5-of-10,Nodal gross,6005.957620540778,-242.330036306721,6248.287656847499,25.7842063331305,1.0403482760980425,2.2749954785919457e-05
101,High-5-of-10,Uniform signed net,3744.400045563189,-242.330036306721,3986.73008186991,16.451654704594034,1.0647179877571742,2.2749954785919457e-05
101,High-5-of-10,Nodal signed linear,3792.754692876725,-242.330036306721,4035.084729183446,16.65119516623261,1.0638928841777844,2.2749954785919457e-05
101,High-5-of-10,Nodal exact net value,3687.6117133479675,-242.330036306721,3929.9417496546885,16.217311768486255,1.0657146291811483,2.2749954785919457e-05
101,Ridge,Uniform gross,2115.756555555971,-242.330036306721,2358.086591862692,9.730888617034761,1.1145358787476578,2.2749954785919457e-05
101,Ridge,Nodal gross,2115.5748033300597,-242.330036306721,2357.9048396367807,9.730138597645167,1.1145457186979524,2.2749954785919457e-05
101,Ridge,Uniform signed net,136.6072165847078,-242.330036306721,378.9372528914288,1.5637238316252378,1.5637238316252378,2.2749954785919457e-05
101,Ridge,Nodal signed linear,136.40558872645954,-242.330036306721,378.73562503318055,1.5628917933797064,1.5628917933797064,2.2749954785919457e-05
101,Ridge,Nodal exact net value,109.18810778397528,-242.330036306721,351.5181440906963,1.450576038563268,1.450576038563268,2.2749954785919457e-05
101,Gradient Boosting,Uniform gross,2531.864141521208,-242.330036306721,2774.194177827929,11.447999678903141,1.0957121009506945,2.2749954785919457e-05
101,Gradient Boosting,Nodal gross,2531.7267223141207,-242.330036306721,2774.0567586208417,11.447432604308586,1.0957172960931658,2.2749954785919457e-05
101,Gradient Boosting,Uniform signed net,622.217883219563,-242.330036306721,864.547919526284,3.5676465563353106,1.3894617027926368,2.2749954785919457e-05
101,Gradient Boosting,Nodal signed linear,622.0581595547067,-242.330036306721,864.3881958614277,3.5669874400850485,1.389561703491182,2.2749954785919457e-05
101,Gradient Boosting,Nodal exact net value,598.3017693223919,-242.330036306721,840.6318056291129,3.4689542346501026,1.4050297838516714,2.2749954785919457e-05
101,Extra Trees,Uniform gross,2519.5588583988842,-242.330036306721,2761.8888947056053,11.397220653282279,1.0961795496457327,2.2749954785919457e-05
101,Extra Trees,Nodal gross,2519.352767521166,-242.330036306721,2761.682803827887,11.396370197924538,1.0961874174314832,2.2749954785919457e-05
101,Extra Trees,Uniform signed net,457.53840575727315,-242.330036306721,699.8684420639942,2.888079631936998,1.5296386778846245,2.2749954785919457e-05
101,Extra Trees,Nodal signed linear,457.3005565085042,-242.330036306721,699.6305928152252,2.887098122370978,1.529914151333893,2.2749954785919457e-05
101,Extra Trees,Nodal exact net value,432.7181197301725,-242.330036306721,675.0481560368935,2.7856561502861914,1.560018231863804,2.2749954785919457e-05
101,Metadata Gradient Boosting,Uniform gross,4211.483318810746,-242.330036306721,4453.813355117467,18.379122221069633,1.0575403053893968,2.2749954785919457e-05
101,Metadata Gradient Boosting,Nodal gross,4211.286256494035,-242.330036306721,4453.616292800756,18.378309023004242,1.05754299792208,2.2749954785919457e-05
101,Metadata Gradient Boosting,Uniform signed net,2286.7905259246454,-242.330036306721,2529.1205622313664,10.436678014731191,1.105969494608054,2.2749954785919457e-05
101,Metadata Gradient Boosting,Nodal signed linear,2286.5521513394992,-242.330036306721,2528.8821876462202,10.435694337310187,1.105980541998467,2.2749954785919457e-05
101,Metadata Gradient Boosting,Nodal exact net value,2261.4795952458917,-242.330036306721,2503.8096315526127,10.33222983709498,1.1071555263271664,2.2749954785919457e-05
101,Ex-post Metadata Gradient Boosting,Uniform gross,3400.369482786257,-242.330036306721,3642.699519092978,15.031976946028905,1.0712657955358886,2.2749954785919457e-05
101,Ex-post Metadata Gradient Boosting,Nodal gross,3400.2241068783123,-242.330036306721,3642.5541431850334,15.031377037283955,1.0712688424908556,2.2749954785919457e-05
101,Ex-post Metadata Gradient Boosting,Uniform signed net,1387.4308423424004,-242.330036306721,1629.7608786491214,6.725377107550576,1.1746609841090134,2.2749954785919457e-05
101,Ex-post Metadata Gradient Boosting,Nodal signed linear,1387.2553201520095,-242.330036306721,1629.5853564587305,6.724652797047982,1.1746830830536426,2.2749954785919457e-05
101,Ex-post Metadata Gradient Boosting,Nodal exact net value,1360.9955409834765,-242.330036306721,1603.3255772901975,6.616289097818822,1.1780535123073288,2.2749954785919457e-05
101,Ex-post Quantile Gradient Boosting,Uniform gross,1140.847743689715,-242.330036306721,1383.177779996436,5.707826405166405,1.2124122501421446,2.2749954785919457e-05
101,Ex-post Quantile Gradient Boosting,Nodal gross,1140.8212345455527,-242.330036306721,1383.1512708522737,5.707717012436696,1.2124171859434694,2.2749954785919457e-05
101,Ex-post Quantile Gradient Boosting,Uniform signed net,-787.7866798294942,-242.330036306721,-545.4566435227732,2.250883348329053,0.0,2.2749954785919457e-05
101,Ex-post Quantile Gradient Boosting,Nodal signed linear,-787.8320448401339,-242.330036306721,-545.5020085334129,2.2510705517452334,0.0,2.2749954785919457e-05
101,Ex-post Quantile Gradient Boosting,Nodal exact net value,-804.8994270941585,-242.330036306721,-562.5693907874374,2.321500872782375,0.0,2.2749954785919457e-05
101,Synthetic Control,Uniform gross,991.8501951555115,-242.330036306721,1234.1802314622325,5.092972585123995,1.2443212064587297,2.2749954785919457e-05
101,Synthetic Control,Nodal gross,991.7669888602604,-242.330036306721,1234.0970251669814,5.092629225726542,1.244341704279961,2.2749954785919457e-05
101,Synthetic Control,Uniform signed net,-1077.9431940276625,-242.330036306721,-835.6131577209414,3.4482442641294884,0.0,2.2749954785919457e-05
101,Synthetic Control,Nodal signed linear,-1078.0485368603854,-242.330036306721,-835.7185005536644,3.4486789722421456,0.0,2.2749954785919457e-05
101,Synthetic Control,Nodal exact net value,-1100.185275302847,-242.330036306721,-857.855238996126,3.5400285167717502,0.0,2.2749954785919457e-05
101,Feasible Quantile Projection,Uniform gross,1190.2551931712287,-242.330036306721,1432.5852294779497,5.911711364020528,1.2035950254172592,2.2749954785919457e-05
101,Feasible Quantile Projection,Nodal gross,1190.2368840650431,-242.330036306721,1432.5669203717641,5.911635809597046,1.2035981572668843,2.2749954785919457e-05
101,Feasible Quantile Projection,Uniform signed net,-196.51997716292937,-242.330036306721,45.81005914379165,0.18903995493901185,0.18903995493901185,2.2749954785919457e-05
101,Feasible Quantile Projection,Nodal signed linear,-196.5428563657909,-242.330036306721,45.787179940930116,0.1889455415381383,0.1889455415381383,2.2749954785919457e-05
101,Feasible Quantile Projection,Nodal exact net value,-210.31573942609612,-242.330036306721,32.0142968806249,0.1321103127311213,0.1321103127311213,2.2749954785919457e-05
101,Tail-Risk Feasible Counterfactual,Uniform gross,1020.4633694475015,-242.330036306721,1262.7934057542225,5.211047813139782,1.237470587932934,2.2749954785919457e-05
101,Tail-Risk Feasible Counterfactual,Nodal gross,1020.4433156456953,-242.330036306721,1262.7733519524163,5.210965059049072,1.2374752547165095,2.2749954785919457e-05
101,Tail-Risk Feasible Counterfactual,Uniform signed net,-75.7966778565327,-242.330036306721,166.5333584501883,0.6872171563553284,0.6872171563553284,2.2749954785919457e-05
101,Tail-Risk Feasible Counterfactual,Nodal signed linear,-75.80936677766812,-242.330036306721,166.5206695290529,0.6871647942077019,0.6871647942077019,2.2749954785919457e-05
101,Tail-Risk Feasible Counterfactual,Nodal exact net value,-76.2204145241194,-242.330036306721,166.1096217826016,0.6854685630977829,0.6854685630977829,2.2749954785919457e-05
101,Single Feasible Projection,Uniform gross,1305.3048287752513,-242.330036306721,1547.6348650819723,6.3864756043823885,1.185650149271336,2.2749954785919457e-05
101,Single Feasible Projection,Nodal gross,1305.2829844192229,-242.330036306721,1547.613020725944,6.386385461384181,1.1856532561899167,2.2749954785919457e-05
101,Single Feasible Projection,Uniform signed net,220.8706913504473,-242.330036306721,463.2007276571683,1.9114457898685233,1.9114457898685233,2.2749954785919457e-05
101,Single Feasible Projection,Nodal signed linear,220.85786680240986,-242.330036306721,463.18790310913084,1.9113928680424348,1.9113928680424348,2.2749954785919457e-05
101,Single Feasible Projection,Nodal exact net value,219.472033715414,-242.330036306721,461.802070022135,1.905674084237848,1.905674084237848,2.2749954785919457e-05
101,Risk-Constrained Convex Verifier,Uniform gross,1276.365464076282,-242.330036306721,1518.695500383003,6.26705431785916,1.1898594431823628,2.2749954785919457e-05
101,Risk-Constrained Convex Verifier,Nodal gross,1276.342978277979,-242.330036306721,1518.6730145847,6.266961527882954,1.1898627880052028,2.2749954785919457e-05
101,Risk-Constrained Convex Verifier,Uniform signed net,191.93132665147812,-242.330036306721,434.26136295819913,1.7920245033452955,1.7920245033452955,2.2749954785919457e-05
101,Risk-Constrained Convex Verifier,Nodal signed linear,191.91786066116606,-242.330036306721,434.2478969678871,1.7919689345412078,1.7919689345412078,2.2749954785919457e-05
101,Risk-Constrained Convex Verifier,Nodal exact net value,190.53202757416875,-242.330036306721,432.86206388088976,1.7862501507366149,1.7862501507366149,2.2749954785919457e-05
101,Trace-Anchored Reference,Uniform gross,1480.5604726568008,-242.330036306721,1722.8905089635218,7.109686175191389,1.1636745278440876,2.2749954785919457e-05
101,Trace-Anchored Reference,Nodal gross,1480.5480460485564,-242.330036306721,1722.8780823552775,7.109634895505083,1.1636759016051368,2.2749954785919457e-05
101,Trace-Anchored Reference,Uniform signed net,-228.23143643784294,-242.330036306721,14.098599868878068,0.05817933296157,0.05817933296157,2.2749954785919457e-05
101,Trace-Anchored Reference,Nodal signed linear,-228.2633083724022,-242.330036306721,14.066727934318806,0.05804781012170659,0.05804781012170659,2.2749954785919457e-05
101,Trace-Anchored Reference,Nodal exact net value,-245.1082791382978,-242.330036306721,-2.77824283157679,0.011464706868034814,0.0,2.2749954785919457e-05
102,High-5-of-10,Uniform gross,5120.900747800321,-387.1512913568331,5508.0520391571545,14.227130742230802,1.0756021861042968,3.402075047242992e-05
102,High-5-of-10,Nodal gross,5267.937194378243,-387.1512913568331,5655.088485735076,14.606921407690315,1.0734920096940388,3.402075047242992e-05
102,High-5-of-10,Uniform signed net,4247.433306852846,-387.1512913568331,4634.584598209679,11.970990932167737,1.091149469194066,3.402075047242992e-05
102,High-5-of-10,Nodal signed linear,4394.6010988303915,-387.1512913568331,4781.752390187225,12.351120858796092,1.0880970269314938,3.402075047242992e-05
102,High-5-of-10,Nodal exact net value,4157.960649320077,-387.1512913568331,4545.11194067691,11.739885781467613,1.0931108598683206,3.402075047242992e-05
102,Ridge,Uniform gross,4865.75618682168,-387.1512913568331,5252.907478178513,13.568100108277736,1.0795665209048875,3.402075047242992e-05
102,Ridge,Nodal gross,4865.349070683211,-387.1512913568331,5252.500362040044,13.567048539685413,1.0795731787652532,3.402075047242992e-05
102,Ridge,Uniform signed net,4164.0430042045255,-387.1512913568331,4551.194295561359,11.75559631897643,1.0929748542380369,3.402075047242992e-05
102,Ridge,Nodal signed linear,4163.654720785681,-387.1512913568331,4550.806012142514,11.754593394725594,1.0929835246482151,3.402075047242992e-05
102,Ridge,Nodal exact net value,4142.887327786455,-387.1512913568331,4530.038619143288,11.700951850805016,1.0934496308311836,3.402075047242992e-05
102,Gradient Boosting,Uniform gross,4296.1094461489565,-387.1512913568331,4683.26073750579,12.096719918181234,1.090116719839127,3.402075047242992e-05
102,Gradient Boosting,Nodal gross,4295.806908609975,-387.1512913568331,4682.958199966808,12.095938472927827,1.0901230664210897,3.402075047242992e-05
102,Gradient Boosting,Uniform signed net,3623.615469501728,-387.1512913568331,4010.766760858561,10.359688448415588,1.106841163091201,3.402075047242992e-05
102,Gradient Boosting,Nodal signed linear,3623.331019020318,-387.1512913568331,4010.482310377151,10.358953721481283,1.106849550682651,3.402075047242992e-05
102,Gradient Boosting,Nodal exact net value,3601.8384245667403,-387.1512913568331,3988.9897159235734,10.30343900428054,1.1074871345466872,3.402075047242992e-05
102,Extra Trees,Uniform gross,5075.076095192594,-387.1512913568331,5462.227386549427,14.108767059529066,1.0762848249159387,3.402075047242992e-05
102,Extra Trees,Nodal gross,5074.6499089434965,-387.1512913568331,5461.80120030033,14.107666233421517,1.0762912315733393,3.402075047242992e-05
102,Extra Trees,Uniform signed net,4327.487629723805,-387.1512913568331,4714.638921080638,12.177768811147287,1.089463292441934,3.402075047242992e-05
102,Extra Trees,Nodal signed linear,4327.0814990846375,-387.1512913568331,4714.232790441471,12.176719788069656,1.0894716892757237,3.402075047242992e-05
102,Extra Trees,Nodal exact net value,4306.696462898857,-387.1512913568331,4693.84775425569,12.124065860158586,1.0898951887350425,3.402075047242992e-05
102,Metadata Gradient Boosting,Uniform gross,5089.779845184779,-387.1512913568331,5476.931136541612,14.14674639815055,1.0760644474088796,3.402075047242992e-05
102,Metadata Gradient Boosting,Nodal gross,5089.448761452599,-387.1512913568331,5476.600052809432,14.145891218949105,1.076069395626715,3.402075047242992e-05
102,Metadata Gradient Boosting,Uniform signed net,4440.2587158239085,-387.1512913568331,4827.410007180742,12.469053093591183,1.08719115622185,3.402075047242992e-05
102,Metadata Gradient Boosting,Nodal signed linear,4439.945093764283,-387.1512913568331,4827.096385121116,12.468243017358386,1.0871973150975607,3.402075047242992e-05
102,Metadata Gradient Boosting,Nodal exact net value,4418.878820494501,-387.1512913568331,4806.030111851334,12.41382947479741,1.087613013862532,3.402075047242992e-05
102,Ex-post Metadata Gradient Boosting,Uniform gross,3109.2118795909173,-387.1512913568331,3496.3631709477504,9.030999635037226,1.124517500366611,3.402075047242992e-05
102,Ex-post Metadata Gradient Boosting,Nodal gross,3109.014613396329,-387.1512913568331,3496.165904753162,9.030490102461739,1.1245254009706644,3.402075047242992e-05
102,Ex-post Metadata Gradient Boosting,Uniform signed net,2430.166075123278,-387.1512913568331,2817.317366480111,7.277044993460762,1.15931063120334,3.402075047242992e-05
102,Ex-post Metadata Gradient Boosting,Nodal signed linear,2429.984417950626,-387.1512913568331,2817.135709307459,7.276575778513769,1.1593225407113288,3.402075047242992e-05
102,Ex-post Metadata Gradient Boosting,Nodal exact net value,2415.029838766859,-387.1512913568331,2802.181130123692,7.23794855572612,1.1603091130147347,3.402075047242992e-05
102,Ex-post Quantile Gradient Boosting,Uniform gross,1752.0329745871927,-387.1512913568331,2139.184265944026,5.525447838355169,1.2209726055230508,3.402075047242992e-05
102,Ex-post Quantile Gradient Boosting,Nodal gross,1751.9613622534705,-387.1512913568331,2139.112653610304,5.525262865877172,1.2209816378934624,3.402075047242992e-05
102,Ex-post Quantile Gradient Boosting,Uniform signed net,1057.394134403394,-387.1512913568331,1444.545425760227,3.7312168602036393,1.3661371656608183,3.402075047242992e-05
102,Ex-post Quantile Gradient Boosting,Nodal signed linear,1057.3331082041557,-387.1512913568331,1444.4843995609888,3.7310592313887527,1.3661582980357028,3.402075047242992e-05
102,Ex-post Quantile Gradient Boosting,Nodal exact net value,1052.8494839684572,-387.1512913568331,1440.0007753252903,3.719478166477449,1.367717605652008,3.402075047242992e-05
102,Synthetic Control,Uniform gross,1406.2817940311265,-387.1512913568331,1793.4330853879596,4.632383064260457,1.275301360651949,3.402075047242992e-05
102,Synthetic Control,Nodal gross,1406.1798971529654,-387.1512913568331,1793.3311885097985,4.6321198677260895,1.2753213099836531,3.402075047242992e-05
102,Synthetic Control,Uniform signed net,609.6872482966616,-387.1512913568331,996.8385396534946,2.574803602384783,1.6349998174284484,3.402075047242992e-05
102,Synthetic Control,Nodal signed linear,609.5970707557639,-387.1512913568331,996.748362112597,2.5745706765418093,1.635093752791253,3.402075047242992e-05
102,Synthetic Control,Nodal exact net value,602.8230885444427,-387.1512913568331,989.9743799012758,2.5570736867020476,1.642230363623988,3.402075047242992e-05
102,Feasible Quantile Projection,Uniform gross,500.02546466386326,-387.1512913568331,887.1767560206963,2.291550553561231,1.7742631500119526,3.402075047242992e-05
102,Feasible Quantile Projection,Nodal gross,500.006542139964,-387.1512913568331,887.1578334967971,2.2915016772580348,1.7742924516544827,3.402075047242992e-05
102,Feasible Quantile Projection,Uniform signed net,143.94610926360815,-387.1512913568331,531.0974006204412,1.3718084182520125,1.3718084182520125,3.402075047242992e-05
102,Feasible Quantile Projection,Nodal signed linear,143.93952270696653,-387.1512913568331,531.0908140637996,1.3717914053767135,1.3717914053767135,3.402075047242992e-05
102,Feasible Quantile Projection,Nodal exact net value,143.542090670795,-387.1512913568331,530.6933820276281,1.3707648505258214,1.3707648505258214,3.402075047242992e-05
102,Tail-Risk Feasible Counterfactual,Uniform gross,353.76946576492344,-387.1512913568331,740.9207571217565,1.9137757606983106,1.9137757606983106,3.402075047242992e-05
102,Tail-Risk Feasible Counterfactual,Nodal gross,353.75386836802966,-387.1512913568331,740.9051597248628,1.9137354730969465,1.9137354730969465,3.402075047242992e-05
102,Tail-Risk Feasible Counterfactual,Uniform signed net,87.61780969123504,-387.1512913568331,474.76910104806814,1.2263141351903142,1.2263141351903142,3.402075047242992e-05
102,Tail-Risk Feasible Counterfactual,Nodal signed linear,87.61454826159897,-387.1512913568331,474.7658396184321,1.226305711016848,1.226305711016848,3.402075047242992e-05
102,Tail-Risk Feasible Counterfactual,Nodal exact net value,87.61454826159024,-387.1512913568331,474.76583961842334,1.2263057110168254,1.2263057110168254,3.402075047242992e-05
102,Single Feasible Projection,Uniform gross,274.0681326311849,-387.1512913568331,661.219423988018,1.7079096434643668,1.7079096434643668,3.402075047242992e-05
102,Single Feasible Projection,Nodal gross,274.05353340340525,-387.1512913568331,661.2048247602384,1.7078719341034385,1.7078719341034385,3.402075047242992e-05
102,Single Feasible Projection,Uniform signed net,11.513990064887997,-387.1512913568331,398.6652814217211,1.0297402858312454,1.0297402858312454,3.402075047242992e-05
102,Single Feasible Projection,Nodal signed linear,11.511729748554053,-387.1512913568331,398.66302110538714,1.0297344475029628,1.0297344475029628,3.402075047242992e-05
102,Single Feasible Projection,Nodal exact net value,11.511729748548532,-387.1512913568331,398.66302110538163,1.0297344475029486,1.0297344475029486,3.402075047242992e-05
102,Risk-Constrained Convex Verifier,Uniform gross,274.0681326311849,-387.1512913568331,661.219423988018,1.7079096434643668,1.7079096434643668,3.402075047242992e-05
102,Risk-Constrained Convex Verifier,Nodal gross,274.05353340340525,-387.1512913568331,661.2048247602384,1.7078719341034385,1.7078719341034385,3.402075047242992e-05
102,Risk-Constrained Convex Verifier,Uniform signed net,11.513990064887997,-387.1512913568331,398.6652814217211,1.0297402858312454,1.0297402858312454,3.402075047242992e-05
102,Risk-Constrained Convex Verifier,Nodal signed linear,11.511729748554053,-387.1512913568331,398.66302110538714,1.0297344475029628,1.0297344475029628,3.402075047242992e-05
102,Risk-Constrained Convex Verifier,Nodal exact net value,11.511729748548532,-387.1512913568331,398.66302110538163,1.0297344475029486,1.0297344475029486,3.402075047242992e-05
102,Trace-Anchored Reference,Uniform gross,357.13576669492494,-387.1512913568331,744.2870580517581,1.92247081352431,1.92247081352431,3.402075047242992e-05
102,Trace-Anchored Reference,Nodal gross,357.1402279565638,-387.1512913568331,744.291519313397,1.9224823368273145,1.9224823368273145,3.402075047242992e-05
102,Trace-Anchored Reference,Uniform signed net,-383.6787397061688,-387.1512913568331,3.472551650664286,0.008969495203010117,0.008969495203010117,3.402075047242992e-05
102,Trace-Anchored Reference,Nodal signed linear,-383.6674551687872,-387.1512913568331,3.4838361880458706,0.008998642819545336,0.008998642819545336,3.402075047242992e-05
102,Trace-Anchored Reference,Nodal exact net value,-386.0355059265785,-387.1512913568331,1.1157854302546184,0.00288203979985233,0.00288203979985233,3.402075047242992e-05
103,High-5-of-10,Uniform gross,4790.346783866753,260.6357903015778,4529.710993565175,17.37946652807703,0.9455914567230572,3.9575950212408784e-05
103,High-5-of-10,Nodal gross,4937.465374288862,260.6357903015778,4676.829583987284,17.94392695867208,0.9472126343085258,3.9575950212408784e-05
103,High-5-of-10,Uniform signed net,4086.6097913912276,260.6357903015778,3825.97400108965,14.679388416543532,0.9362220021958965,3.9575950212408784e-05
103,High-5-of-10,Nodal signed linear,4233.841448942472,260.6357903015778,3973.2056586408944,15.24428265988933,0.9384398793755776,3.9575950212408784e-05
103,High-5-of-10,Nodal exact net value,3994.4233101124482,260.6357903015778,3733.7875198108704,14.325689942622846,0.9347500827862332,3.9575950212408784e-05
103,Ridge,Uniform gross,2601.291913539016,260.6357903015778,2340.6561232374384,8.980562955414143,0.8998052510196801,3.9575950212408784e-05
103,Ridge,Nodal gross,2601.0969450229213,260.6357903015778,2340.4611547213435,8.979814905747329,0.8997977407953623,3.9575950212408784e-05
103,Ridge,Uniform signed net,2033.2848483861092,260.6357903015778,1772.6490580845314,6.80124957525375,0.8718154072173145,3.9575950212408784e-05
103,Ridge,Nodal signed linear,2033.0898798700143,260.6357903015778,1772.4540895684365,6.800501525586935,0.871803114617716,3.9575950212408784e-05
103,Ridge,Nodal exact net value,2020.937510973352,260.6357903015778,1760.301720671774,6.753875661646297,0.8710322368275273,3.9575950212408784e-05
103,Gradient Boosting,Uniform gross,3025.9646802731722,260.6357903015778,2765.3288899715944,10.609935369090612,0.9138668762392664,3.9575950212408784e-05
103,Gradient Boosting,Nodal gross,3025.8067752333272,260.6357903015778,2765.1709849317494,10.609329523517133,0.9138623812878865,3.9575950212408784e-05
103,Gradient Boosting,Uniform signed net,2500.2927827508333,260.6357903015778,2239.6569924492555,8.59305235807324,0.8957578919958226,3.9575950212408784e-05
103,Gradient Boosting,Nodal signed linear,2500.134877710989,260.6357903015778,2239.499087409411,8.59244651249976,0.8957513082093378,3.9575950212408784e-05
103,Gradient Boosting,Nodal exact net value,2489.3910005661673,260.6357903015778,2228.7552102645896,8.551224709721293,0.895301384859871,3.9575950212408784e-05
103,Extra Trees,Uniform gross,4249.5502990769055,260.6357903015778,3988.9145087753277,15.304553930063918,0.9386674419742265,3.9575950212408784e-05
103,Extra Trees,Nodal gross,4249.23179464727,260.6357903015778,3988.5960043456926,15.303331901311587,0.9386628447452786,3.9575950212408784e-05
103,Extra Trees,Uniform signed net,3557.4068976219605,260.6357903015778,3296.7711073203827,12.648957779381481,0.92673433267479,3.9575950212408784e-05
103,Extra Trees,Nodal signed linear,3557.0883931923254,260.6357903015778,3296.4526028907476,12.647735750629149,0.9267277724106066,3.9575950212408784e-05
103,Extra Trees,Nodal exact net value,3538.5349698147184,260.6357903015778,3277.8991795131406,12.57655050260109,0.9263435878054287,3.9575950212408784e-05
103,Metadata Gradient Boosting,Uniform gross,2628.517317903074,260.6357903015778,2367.881527601496,9.085020613867556,0.9008430385729768,3.9575950212408784e-05
103,Metadata Gradient Boosting,Nodal gross,2628.3404522998453,260.6357903015778,2367.7046619982675,9.084342020942833,0.900836366128476,3.9575950212408784e-05
103,Metadata Gradient Boosting,Uniform signed net,2033.9101104814754,260.6357903015778,1773.2743201798976,6.803648563108191,0.871854813564067,3.9575950212408784e-05
103,Metadata Gradient Boosting,Nodal signed linear,2033.7332448782468,260.6357903015778,1773.097454576669,6.802969970183467,0.871843669292439,3.9575950212408784e-05
103,Metadata Gradient Boosting,Nodal exact net value,2021.4470605339666,260.6357903015778,1760.8112702323888,6.7558306869328275,0.8710647459485134,3.9575950212408784e-05
103,Ex-post Metadata Gradient Boosting,Uniform gross,2418.2057858577728,260.6357903015778,2157.569995556195,8.278103299089134,0.8922193504680883,3.9575950212408784e-05
103,Ex-post Metadata Gradient Boosting,Nodal gross,2418.0990861007344,260.6357903015778,2157.4632957991566,8.277693916490854,0.892214594596344,3.9575950212408784e-05
103,Ex-post Metadata Gradient Boosting,Uniform signed net,1872.929990796235,260.6357903015778,1612.2942004946572,6.186004610606608,0.8608406125256319,3.9575950212408784e-05
103,Ex-post Metadata Gradient Boosting,Nodal signed linear,1872.8232910391966,260.6357903015778,1612.1875007376188,6.185595228008328,0.8608326842427533,3.9575950212408784e-05
103,Ex-post Metadata Gradient Boosting,Nodal exact net value,1864.216818693727,260.6357903015778,1603.5810283921492,6.152574159276703,0.8601901947842057,3.9575950212408784e-05
103,Ex-post Quantile Gradient Boosting,Uniform gross,1386.3585912209658,260.6357903015778,1125.722800919388,4.319141279932548,0.8119997293975465,3.9575950212408784e-05
103,Ex-post Quantile Gradient Boosting,Nodal gross,1386.3337614880838,260.6357903015778,1125.697971186506,4.319046013918417,0.8119963622455443,3.9575950212408784e-05
103,Ex-post Quantile Gradient Boosting,Uniform signed net,865.7249736215359,260.6357903015778,605.0891833199581,2.3215889982715665,0.6989392725829826,3.9575950212408784e-05
103,Ex-post Quantile Gradient Boosting,Nodal signed linear,865.700143888654,260.6357903015778,605.0643535870762,2.321493732257436,0.698930637656102,3.9575950212408784e-05
103,Ex-post Quantile Gradient Boosting,Nodal exact net value,862.5226682358625,260.6357903015778,601.8868779342847,2.309302483890836,0.6978215183206,3.9575950212408784e-05
103,Synthetic Control,Uniform gross,2587.6109637746804,260.6357903015778,2326.9751734731026,8.928072275801394,0.8992755116783958,3.9575950212408784e-05
103,Synthetic Control,Nodal gross,2587.4138836892475,260.6357903015778,2326.7780933876697,8.927316124525298,0.8992678396198632,3.9575950212408784e-05
103,Synthetic Control,Uniform signed net,1909.8431762792673,260.6357903015778,1649.2073859776895,6.327632072592241,0.8635302659722327,3.9575950212408784e-05
103,Synthetic Control,Nodal signed linear,1909.6460961938344,260.6357903015778,1649.0103058922566,6.326875921316145,0.863516181966356,3.9575950212408784e-05
103,Synthetic Control,Nodal exact net value,1897.3862335533922,260.6357903015778,1636.7504432518144,6.27983762843144,0.8626342988620385,3.9575950212408784e-05
103,Feasible Quantile Projection,Uniform gross,428.3833745305622,260.6357903015778,167.7475842289844,0.643609168314475,0.3915828535895171,3.9575950212408784e-05
103,Feasible Quantile Projection,Nodal gross,428.37314708793167,260.6357903015778,167.73735678635387,0.6435699279529778,0.3915683275822203,3.9575950212408784e-05
103,Feasible Quantile Projection,Uniform signed net,-4.735956422331867,260.6357903015778,-265.37174672390967,1.018170783133245,0.0,3.9575950212408784e-05
103,Feasible Quantile Projection,Nodal signed linear,-4.746183864962461,260.6357903015778,-265.38197416654026,1.0182100234947422,0.0,3.9575950212408784e-05
103,Feasible Quantile Projection,Nodal exact net value,-6.369143338408321,260.6357903015778,-267.0049336399861,1.0244369483217892,0.0,3.9575950212408784e-05
103,Tail-Risk Feasible Counterfactual,Uniform gross,169.68355209374016,260.6357903015778,-90.95223820783764,0.3489629651499441,0.0,3.9575950212408784e-05
103,Tail-Risk Feasible Counterfactual,Nodal gross,169.6805193563583,260.6357903015778,-90.9552709452195,0.34897460107062234,0.0,3.9575950212408784e-05
103,Tail-Risk Feasible Counterfactual,Uniform signed net,-1.2218015969851592,260.6357903015778,-261.857591898563,1.0046877736767137,0.0,3.9575950212408784e-05
103,Tail-Risk Feasible Counterfactual,Nodal signed linear,-1.2248343343670172,260.6357903015778,-261.8606246359448,1.0046994095973918,0.0,3.9575950212408784e-05
103,Tail-Risk Feasible Counterfactual,Nodal exact net value,-1.6228517413619556,260.6357903015778,-262.25864204293975,1.0062265114836462,0.0,3.9575950212408784e-05
103,Single Feasible Projection,Uniform gross,0.6462029341661283,260.6357903015778,-259.9895873674117,0.9975206669298241,0.0,3.9575950212408784e-05
103,Single Feasible Projection,Nodal gross,0.6461899408829233,260.6357903015778,-259.98960036069485,0.9975207167820841,0.0,3.9575950212408784e-05
103,Single Feasible Projection,Uniform signed net,-67.31735981142073,260.6357903015778,-327.9531501129985,1.258281334783411,0.0,3.9575950212408784e-05
103,Single Feasible Projection,Nodal signed linear,-67.3173618230977,260.6357903015778,-327.9531521246755,1.2582813425017563,0.0,3.9575950212408784e-05
103,Single Feasible Projection,Nodal exact net value,-67.31736182310851,260.6357903015778,-327.9531521246863,1.2582813425017976,0.0,3.9575950212408784e-05
103,Risk-Constrained Convex Verifier,Uniform gross,0.6462029341661283,260.6357903015778,-259.9895873674117,0.9975206669298241,0.0,3.9575950212408784e-05
103,Risk-Constrained Convex Verifier,Nodal gross,0.6461899408829233,260.6357903015778,-259.98960036069485,0.9975207167820841,0.0,3.9575950212408784e-05
103,Risk-Constrained Convex Verifier,Uniform signed net,-67.31735981142073,260.6357903015778,-327.9531501129985,1.258281334783411,0.0,3.9575950212408784e-05
103,Risk-Constrained Convex Verifier,Nodal signed linear,-67.3173618230977,260.6357903015778,-327.9531521246755,1.2582813425017563,0.0,3.9575950212408784e-05
103,Risk-Constrained Convex Verifier,Nodal exact net value,-67.31736182310851,260.6357903015778,-327.9531521246863,1.2582813425017976,0.0,3.9575950212408784e-05
103,Trace-Anchored Reference,Uniform gross,816.8037575740155,260.6357903015778,556.1679672724377,2.1338894655599834,0.6809076992058769,3.9575950212408784e-05
103,Trace-Anchored Reference,Nodal gross,816.80077805668,260.6357903015778,556.1649877551022,2.1338780338324677,0.6809065352243193,3.9575950212408784e-05
103,Trace-Anchored Reference,Uniform signed net,261.1431774202266,260.6357903015778,0.5073871186488077,0.0019467284905949316,0.0019429461020623567,3.9575950212408784e-05
103,Trace-Anchored Reference,Nodal signed linear,261.14019790289115,260.6357903015778,0.5044076013133463,0.001935296763079636,0.0019315586239270514,3.9575950212408784e-05
103,Trace-Anchored Reference,Nodal exact net value,259.0329196767125,260.6357903015778,-1.602870624865318,0.006149848503195437,0.0,3.9575950212408784e-05
104,High-5-of-10,Uniform gross,4148.855901238141,309.1630186714174,3839.6928825667237,12.419638348296765,0.9254823435590631,2.036127365336038e-05
104,High-5-of-10,Nodal gross,4156.900692690559,309.1630186714174,3847.737674019141,12.445659544127329,0.9256265565316377,2.036127365336038e-05
104,High-5-of-10,Uniform signed net,3950.5708124424023,309.1630186714174,3641.407793770985,11.778277393652706,0.9217421903443163,2.036127365336038e-05
104,High-5-of-10,Nodal signed linear,3958.7118639098076,309.1630186714174,3649.54884523839,11.804609946305318,0.9219031267493983,2.036127365336038e-05
104,High-5-of-10,Nodal exact net value,3926.672110287873,309.1630186714174,3617.5090916164554,11.70097609721295,0.921265893869414,2.036127365336038e-05
104,Ridge,Uniform gross,2478.5603541097653,309.1630186714174,2169.397335438348,7.01700140191739,0.8752650835559497,2.036127365336038e-05
104,Ridge,Nodal gross,2478.4103391273093,309.1630186714174,2169.247320455892,7.0165161725290215,0.8752575335122759,2.036127365336038e-05
104,Ridge,Uniform signed net,2473.9216242342977,309.1630186714174,2164.7586055628803,7.001997246842822,0.8750311991928579,2.036127365336038e-05
104,Ridge,Nodal signed linear,2473.771609251842,309.1630186714174,2164.608590580425,7.001512017454455,0.8750236208083415,2.036127365336038e-05
104,Ridge,Nodal exact net value,2466.041664654913,309.1630186714174,2156.8786459834955,6.976509206218663,0.8746318754047976,2.036127365336038e-05
104,Gradient Boosting,Uniform gross,2945.2878720870226,309.1630186714174,2636.1248534156052,8.5266500008441,0.8950313069220139,2.036127365336038e-05
104,Gradient Boosting,Nodal gross,2945.1177760048677,309.1630186714174,2635.9547573334503,8.52609981834528,0.8950252444264537,2.036127365336038e-05
104,Gradient Boosting,Uniform signed net,2945.2878720870226,309.1630186714174,2636.1248534156052,8.5266500008441,0.8950313069220139,2.036127365336038e-05
104,Gradient Boosting,Nodal signed linear,2945.1177760048677,309.1630186714174,2635.9547573334503,8.52609981834528,0.8950252444264537,2.036127365336038e-05
104,Gradient Boosting,Nodal exact net value,2933.3586932461985,309.1630186714174,2624.195674574781,8.488064600520064,0.8946044275515169,2.036127365336038e-05
104,Extra Trees,Uniform gross,4258.289217243941,309.1630186714174,3949.126198572523,12.77360473300886,0.927397364786905,2.036127365336038e-05
104,Extra Trees,Nodal gross,4266.06850461626,309.1630186714174,3956.9054859448424,12.798767145401355,0.9275297575890129,2.036127365336038e-05
104,Extra Trees,Uniform signed net,4199.659700418941,309.1630186714174,3890.4966817475233,12.583965244182053,0.9263837928009795,2.036127365336038e-05
104,Extra Trees,Nodal signed linear,4207.43898779126,309.1630186714174,3898.2759691198426,12.609127656574548,0.9265199044909465,2.036127365336038e-05
104,Extra Trees,Nodal exact net value,4175.198133331542,309.1630186714174,3866.0351146601242,12.504843338876176,0.92595249164266,2.036127365336038e-05
104,Metadata Gradient Boosting,Uniform gross,2166.6356455241857,309.1630186714174,1857.4726268527684,6.008068606766049,0.8573073330026286,2.036127365336038e-05
104,Metadata Gradient Boosting,Nodal gross,2166.5326086545247,309.1630186714174,1857.3695899831073,6.007735329939784,0.8573005467647146,2.036127365336038e-05
104,Metadata Gradient Boosting,Uniform signed net,2166.6356455241857,309.1630186714174,1857.4726268527684,6.008068606766049,0.8573073330026286,2.036127365336038e-05
104,Metadata Gradient Boosting,Nodal signed linear,2166.5326086545247,309.1630186714174,1857.3695899831073,6.007735329939784,0.8573005467647146,2.036127365336038e-05
104,Metadata Gradient Boosting,Nodal exact net value,2159.8665141176825,309.1630186714174,1850.7034954462652,5.986173583759763,0.8568601269334868,2.036127365336038e-05
104,Ex-post Metadata Gradient Boosting,Uniform gross,1949.4875457381643,309.1630186714174,1640.324527066747,5.305694497730681,0.8414131860717509,2.036127365336038e-05
104,Ex-post Metadata Gradient Boosting,Nodal gross,1949.3914375728452,309.1630186714174,1640.2284189014279,5.305383632072388,0.8414053674841462,2.036127365336038e-05
104,Ex-post Metadata Gradient Boosting,Uniform signed net,1949.4875457381643,309.1630186714174,1640.324527066747,5.305694497730681,0.8414131860717509,2.036127365336038e-05
104,Ex-post Metadata Gradient Boosting,Nodal signed linear,1949.3914375728452,309.1630186714174,1640.2284189014279,5.305383632072388,0.8414053674841462,2.036127365336038e-05
104,Ex-post Metadata Gradient Boosting,Nodal exact net value,1942.7253430360288,309.1630186714174,1633.5623243646114,5.283821885892451,0.8408611800017664,2.036127365336038e-05
104,Ex-post Quantile Gradient Boosting,Uniform gross,1067.397250139989,309.1630186714174,758.2342314685716,2.452538582159573,0.7103580521395659,2.036127365336038e-05
104,Ex-post Quantile Gradient Boosting,Nodal gross,1067.3659306727836,309.1630186714174,758.2029120013663,2.4524372781053563,0.7103495532440826,2.036127365336038e-05
104,Ex-post Quantile Gradient Boosting,Uniform signed net,1067.397250139989,309.1630186714174,758.2342314685716,2.452538582159573,0.7103580521395659,2.036127365336038e-05
104,Ex-post Quantile Gradient Boosting,Nodal signed linear,1067.3659306727836,309.1630186714174,758.2029120013663,2.4524372781053563,0.7103495532440826,2.036127365336038e-05
104,Ex-post Quantile Gradient Boosting,Nodal exact net value,1064.7398275384694,309.1630186714174,755.576808867052,2.4439430437509384,0.709635151541049,2.036127365336038e-05
104,Synthetic Control,Uniform gross,1422.4172993846366,309.1630186714174,1113.2542807132193,3.600864959519628,0.782649565071258,2.036127365336038e-05
104,Synthetic Control,Nodal gross,1422.3020784133269,309.1630186714174,1113.1390597419095,3.6004922727351447,0.7826319574697456,2.036127365336038e-05
104,Synthetic Control,Uniform signed net,1422.4172993846366,309.1630186714174,1113.2542807132193,3.600864959519628,0.782649565071258,2.036127365336038e-05
104,Synthetic Control,Nodal signed linear,1422.3020784133269,309.1630186714174,1113.1390597419095,3.6004922727351447,0.7826319574697456,2.036127365336038e-05
104,Synthetic Control,Nodal exact net value,1415.6798575699722,309.1630186714174,1106.5168388985549,3.5790724377503116,0.7816151603639409,2.036127365336038e-05
104,Feasible Quantile Projection,Uniform gross,1.6602285418782716,309.1630186714174,-307.5027901295391,0.9946299251798846,0.0,2.036127365336038e-05
104,Feasible Quantile Projection,Nodal gross,1.660150480470367,309.1630186714174,-307.502868190947,0.9946301776725929,0.0,2.036127365336038e-05
104,Feasible Quantile Projection,Uniform signed net,0.0,309.1630186714174,-309.1630186714174,1.0,0.0,2.036127365336038e-05
104,Feasible Quantile Projection,Nodal signed linear,-1.2085808783590668e-05,309.1630186714174,-309.1630307572262,1.000000039092026,0.0,2.036127365336038e-05
104,Feasible Quantile Projection,Nodal exact net value,-1.2085809430573136e-05,309.1630186714174,-309.1630307572268,1.000000039092028,0.0,2.036127365336038e-05
104,Tail-Risk Feasible Counterfactual,Uniform gross,1.6602285418782803,309.1630186714174,-307.5027901295391,0.9946299251798846,0.0,2.036127365336038e-05
104,Tail-Risk Feasible Counterfactual,Nodal gross,1.6601504804703757,309.1630186714174,-307.502868190947,0.9946301776725929,0.0,2.036127365336038e-05
104,Tail-Risk Feasible Counterfactual,Uniform signed net,-1.717738530265815e-14,309.1630186714174,-309.1630186714174,1.0,0.0,2.036127365336038e-05
104,Tail-Risk Feasible Counterfactual,Nodal signed linear,-1.2085808800768937e-05,309.1630186714174,-309.1630307572262,1.000000039092026,0.0,2.036127365336038e-05
104,Tail-Risk Feasible Counterfactual,Nodal exact net value,-1.2085809430573136e-05,309.1630186714174,-309.1630307572268,1.000000039092028,0.0,2.036127365336038e-05
104,Single Feasible Projection,Uniform gross,1.6602285418782716,309.1630186714174,-307.5027901295391,0.9946299251798846,0.0,2.036127365336038e-05
104,Single Feasible Projection,Nodal gross,1.660150480470367,309.1630186714174,-307.502868190947,0.9946301776725929,0.0,2.036127365336038e-05
104,Single Feasible Projection,Uniform signed net,0.0,309.1630186714174,-309.1630186714174,1.0,0.0,2.036127365336038e-05
104,Single Feasible Projection,Nodal signed linear,-1.2085808783590668e-05,309.1630186714174,-309.1630307572262,1.000000039092026,0.0,2.036127365336038e-05
104,Single Feasible Projection,Nodal exact net value,-1.2085809430573136e-05,309.1630186714174,-309.1630307572268,1.000000039092028,0.0,2.036127365336038e-05
104,Risk-Constrained Convex Verifier,Uniform gross,1.6602285418782716,309.1630186714174,-307.5027901295391,0.9946299251798846,0.0,2.036127365336038e-05
104,Risk-Constrained Convex Verifier,Nodal gross,1.660150480470367,309.1630186714174,-307.502868190947,0.9946301776725929,0.0,2.036127365336038e-05
104,Risk-Constrained Convex Verifier,Uniform signed net,0.0,309.1630186714174,-309.1630186714174,1.0,0.0,2.036127365336038e-05
104,Risk-Constrained Convex Verifier,Nodal signed linear,-1.2085808783590668e-05,309.1630186714174,-309.1630307572262,1.000000039092026,0.0,2.036127365336038e-05
104,Risk-Constrained Convex Verifier,Nodal exact net value,-1.2085809430573136e-05,309.1630186714174,-309.1630307572268,1.000000039092028,0.0,2.036127365336038e-05
104,Trace-Anchored Reference,Uniform gross,306.8819186274228,309.1630186714174,-2.28110004399457,0.007378308226505428,0.0,2.036127365336038e-05
104,Trace-Anchored Reference,Nodal gross,306.88145726698485,309.1630186714174,-2.281561404432523,0.007379800515071944,0.0,2.036127365336038e-05
104,Trace-Anchored Reference,Uniform signed net,306.8819186274228,309.1630186714174,-2.28110004399457,0.007378308226505428,0.0,2.036127365336038e-05
104,Trace-Anchored Reference,Nodal signed linear,306.88145726698485,309.1630186714174,-2.281561404432523,0.007379800515071944,0.0,2.036127365336038e-05
104,Trace-Anchored Reference,Nodal exact net value,306.8814572669726,309.1630186714174,-2.281561404444801,0.007379800515111658,0.0,2.036127365336038e-05
105,High-5-of-10,Uniform gross,3777.8479349946956,-90.43671157706558,3868.284646571761,42.773389026594636,1.0239386849691166,5.9049958723994544e-06
105,High-5-of-10,Nodal gross,3785.914350403451,-90.43671157706558,3876.3510619805165,42.86258306370734,1.0238876802818924,5.9049958723994544e-06
105,High-5-of-10,Uniform signed net,3330.479490186602,-90.43671157706558,3420.9162017636677,37.82663192976158,1.0271542616741947,5.9049958723994544e-06
105,High-5-of-10,Nodal signed linear,3338.65323545604,-90.43671157706558,3429.0899470331055,37.91701276213487,1.027087782168163,5.9049958723994544e-06
105,High-5-of-10,Nodal exact net value,3310.475237453822,-90.43671157706558,3400.9119490308876,37.60543577629758,1.0273183470922511,5.9049958723994544e-06
105,Ridge,Uniform gross,1343.8030404006072,-90.43671157706558,1434.2397519776728,15.859043600402105,1.0672990824236452,5.9049958723994544e-06
105,Ridge,Nodal gross,1343.7224118920853,-90.43671157706558,1434.159123469151,15.858152054180268,1.0673031206272152,5.9049958723994544e-06
105,Ridge,Uniform signed net,1171.3698584914257,-90.43671157706558,1261.8065700684913,13.952371200419464,1.0772059404819725,5.9049958723994544e-06
105,Ridge,Nodal signed linear,1171.289229982904,-90.43671157706558,1261.7259415599697,13.95147965419763,1.077211255138396,5.9049958723994544e-06
105,Ridge,Nodal exact net value,1164.6341618977458,-90.43671157706558,1255.0708734748114,13.877891528655413,1.0776524633535574,5.9049958723994544e-06
105,Gradient Boosting,Uniform gross,1933.0487250341478,-90.43671157706558,2023.4854366112133,22.3746020982519,1.046784496637801,5.9049958723994544e-06
105,Gradient Boosting,Nodal gross,1932.9416038395048,-90.43671157706558,2023.3783154165703,22.37341761030696,1.0467870893758127,5.9049958723994544e-06
105,Gradient Boosting,Uniform signed net,1777.0660652861482,-90.43671157706558,1867.5027768632137,20.64983063069274,1.0508910238868938,5.9049958723994544e-06
105,Gradient Boosting,Nodal signed linear,1776.9589440915051,-90.43671157706558,1867.3956556685707,20.648646142747804,1.0508940917727858,5.9049958723994544e-06
105,Gradient Boosting,Nodal exact net value,1770.303876006321,-90.43671157706558,1860.7405875833865,20.5750580172053,1.0510854169178483,5.9049958723994544e-06
105,Extra Trees,Uniform gross,3234.433014928941,-90.43671157706558,3324.8697265060064,36.76460221215276,1.0279606073644572,5.9049958723994544e-06
105,Extra Trees,Nodal gross,3234.2019775903964,-90.43671157706558,3324.638689167462,36.76204752684283,1.0279626047487747,5.9049958723994544e-06
105,Extra Trees,Uniform signed net,2982.204457114834,-90.43671157706558,3072.6411686918996,33.97559591796469,1.030325456512985,5.9049958723994544e-06
105,Extra Trees,Nodal signed linear,2981.9760539663753,-90.43671157706558,3072.412765543441,33.97307036009692,1.0303277792780308,5.9049958723994544e-06
105,Extra Trees,Nodal exact net value,2971.6744044862353,-90.43671157706558,3062.111116063301,33.85916031957802,1.030432913996411,5.9049958723994544e-06
105,Metadata Gradient Boosting,Uniform gross,2418.9217497628388,-90.43671157706558,2509.3584613399044,27.747121910791243,1.0373872001382154,5.9049958723994544e-06
105,Metadata Gradient Boosting,Nodal gross,2418.851406216476,-90.43671157706558,2509.2881177935415,27.7463440900906,1.037388287409736,5.9049958723994544e-06
105,Metadata Gradient Boosting,Uniform signed net,2206.0826699696663,-90.43671157706558,2296.519381546732,25.39366305451912,1.0409942532109684,5.9049958723994544e-06
105,Metadata Gradient Boosting,Nodal signed linear,2206.0123264233034,-90.43671157706558,2296.449038000369,25.392885233818475,1.0409955604027354,5.9049958723994544e-06
105,Metadata Gradient Boosting,Nodal exact net value,2197.4255958150097,-90.43671157706558,2287.8623073920753,25.29793783404514,1.0411557559670288,5.9049958723994544e-06
105,Ex-post Metadata Gradient Boosting,Uniform gross,1465.1069094704415,-90.43671157706558,1555.543621047507,17.20035585020085,1.0617270391617726,5.9049958723994544e-06
105,Ex-post Metadata Gradient Boosting,Nodal gross,1465.0498703170808,-90.43671157706558,1555.4865818941464,17.19972514224646,1.061729442396041,5.9049958723994544e-06
105,Ex-post Metadata Gradient Boosting,Uniform signed net,1252.2108328911063,-90.43671157706558,1342.6475444681719,14.846266754447786,1.0722216332917878,5.9049958723994544e-06
105,Ex-post Metadata Gradient Boosting,Nodal signed linear,1252.1537937377454,-90.43671157706558,1342.590505314811,14.845636046493391,1.0722249231918286,5.9049958723994544e-06
105,Ex-post Metadata Gradient Boosting,Nodal exact net value,1246.5508280853173,-90.43671157706558,1336.987539662383,14.783681497785,1.072549557979898,5.9049958723994544e-06
105,Ex-post Quantile Gradient Boosting,Uniform gross,786.518479849783,-90.43671157706558,876.9551914268486,9.696893840280248,1.1149835813067457,5.9049958723994544e-06
105,Ex-post Quantile Gradient Boosting,Nodal gross,786.5039069956678,-90.43671157706558,876.9406185727333,9.696732701580475,1.11498571179706,5.9049958723994544e-06
105,Ex-post Quantile Gradient Boosting,Uniform signed net,609.1790625131321,-90.43671157706558,699.6157740901976,7.735970955711061,1.1484566971228038,5.9049958723994544e-06
105,Ex-post Quantile Gradient Boosting,Nodal signed linear,609.1644896590167,-90.43671157706558,699.6012012360823,7.735809817011288,1.1484602486065596,5.9049958723994544e-06
105,Ex-post Quantile Gradient Boosting,Nodal exact net value,607.5787777623336,-90.43671157706558,698.0154893393992,7.71827587676699,1.1488477130655175,5.9049958723994544e-06
105,Synthetic Control,Uniform gross,1138.2995827092402,-90.43671157706558,1228.7362942863058,13.58669806607507,1.0794489543445314,5.9049958723994544e-06
105,Synthetic Control,Nodal gross,1138.188235938466,-90.43671157706558,1228.6249475155316,13.585466854006071,1.0794567266832609,5.9049958723994544e-06
105,Synthetic Control,Uniform signed net,929.4504848695663,-90.43671157706558,1019.8871964466318,11.27735826150131,1.0973012689210195,5.9049958723994544e-06
105,Synthetic Control,Nodal signed linear,929.3391197181518,-90.43671157706558,1019.7758312952174,11.276126846189184,1.0973129287880328,5.9049958723994544e-06
105,Synthetic Control,Nodal exact net value,923.0698383027047,-90.43671157706558,1013.5065498797703,11.20680453994738,1.0979738561746921,5.9049958723994544e-06
105,Feasible Quantile Projection,Uniform gross,157.35908649535918,-90.43671157706558,247.79579807242476,2.7399912463785876,1.574715534966789,5.9049958723994544e-06
105,Feasible Quantile Projection,Nodal gross,157.35907190016434,-90.43671157706558,247.79578347722992,2.739991084992856,1.5747155882721695,5.9049958723994544e-06
105,Feasible Quantile Projection,Uniform signed net,-20.29074490742812,-90.43671157706558,70.14596666963746,0.7756359717907547,0.7756359717907547,5.9049958723994544e-06
105,Feasible Quantile Projection,Nodal signed linear,-20.290747167120045,-90.43671157706558,70.14596440994553,0.7756359468043097,0.7756359468043097,5.9049958723994544e-06
105,Feasible Quantile Projection,Nodal exact net value,-20.29835943211947,-90.43671157706558,70.13835214494611,0.7755517745155712,0.7755517745155712,5.9049958723994544e-06
105,Tail-Risk Feasible Counterfactual,Uniform gross,60.318219475090686,-90.43671157706558,150.75493105215628,1.6669660851576915,1.6669660851576915,5.9049958723994544e-06
105,Tail-Risk Feasible Counterfactual,Nodal gross,60.31820487989585,-90.43671157706558,150.75491645696144,1.66696592377196,1.66696592377196,5.9049958723994544e-06
105,Tail-Risk Feasible Counterfactual,Uniform signed net,-7.253294562276604,-90.43671157706558,83.18341701478897,0.9197970112381219,0.9197970112381219,5.9049958723994544e-06
105,Tail-Risk Feasible Counterfactual,Nodal signed linear,-7.253296821968544,-90.43671157706558,83.18341475509703,0.9197969862516766,0.9197969862516766,5.9049958723994544e-06
105,Tail-Risk Feasible Counterfactual,Nodal exact net value,-7.260909086980973,-90.43671157706558,83.1758024900846,0.9197128139627944,0.9197128139627944,5.9049958723994544e-06
105,Single Feasible Projection,Uniform gross,62.02375164350715,-90.43671157706558,152.46046322057273,1.6858249328388468,1.6858249328388468,5.9049958723994544e-06
105,Single Feasible Projection,Nodal gross,62.02373704831232,-90.43671157706558,152.4604486253779,1.6858247714531154,1.6858247714531154,5.9049958723994544e-06
105,Single Feasible Projection,Uniform signed net,1.2079226507921703e-13,-90.43671157706558,90.4367115770657,1.0000000000000013,1.0000000000000013,5.9049958723994544e-06
105,Single Feasible Projection,Nodal signed linear,-2.2596918043404912e-06,-90.43671157706558,90.43670931737378,0.9999999750135563,0.9999999750135563,5.9049958723994544e-06
105,Single Feasible Projection,Nodal exact net value,-0.007614524693053681,-90.43671157706558,90.42909705237253,0.9999158027247976,0.9999158027247976,5.9049958723994544e-06
105,Risk-Constrained Convex Verifier,Uniform gross,62.02375164350708,-90.43671157706558,152.46046322057265,1.6858249328388457,1.6858249328388457,5.9049958723994544e-06
105,Risk-Constrained Convex Verifier,Nodal gross,62.02373704831225,-90.43671157706558,152.46044862537784,1.6858247714531147,1.6858247714531147,5.9049958723994544e-06
105,Risk-Constrained Convex Verifier,Uniform signed net,5.684341886080802e-14,-90.43671157706558,90.43671157706564,1.0000000000000007,1.0000000000000007,5.9049958723994544e-06
105,Risk-Constrained Convex Verifier,Nodal signed linear,-2.259691875394765e-06,-90.43671157706558,90.4367093173737,0.9999999750135554,0.9999999750135554,5.9049958723994544e-06
105,Risk-Constrained Convex Verifier,Nodal exact net value,-0.007614524693053681,-90.43671157706558,90.42909705237253,0.9999158027247976,0.9999158027247976,5.9049958723994544e-06
105,Trace-Anchored Reference,Uniform gross,126.42640214164486,-90.43671157706558,216.86311371871045,2.3979544361684435,1.715330896435245,5.9049958723994544e-06
105,Trace-Anchored Reference,Nodal gross,126.42520889203016,-90.43671157706558,216.86192046909574,2.3979412418627915,1.7153376480026263,5.9049958723994544e-06
105,Trace-Anchored Reference,Uniform signed net,-90.69989997710071,-90.43671157706558,-0.26318840003513344,0.0029101942722768908,0.0,5.9049958723994544e-06
105,Trace-Anchored Reference,Nodal signed linear,-90.7010932267154,-90.43671157706558,-0.26438164964982036,0.0029233885779286406,0.0,5.9049958723994544e-06
105,Trace-Anchored Reference,Nodal exact net value,-90.70870549171377,-90.43671157706558,-0.271993914648192,0.0030075608666554907,0.0,5.9049958723994544e-06
106,High-5-of-10,Uniform gross,2867.1085711391434,123.41367698668182,2743.6948941524615,22.231692314365993,0.956955352779805,7.90763698010899e-06
106,High-5-of-10,Nodal gross,2875.0838470368553,123.41367698668182,2751.6701700501735,22.29631461630561,0.9570747555366513,7.90763698010899e-06
106,High-5-of-10,Uniform signed net,2571.349937577303,123.41367698668182,2447.9362605906213,19.835210491741446,0.9520043245833117,7.90763698010899e-06
106,High-5-of-10,Nodal signed linear,2579.3218290992913,123.41367698668182,2455.9081521126095,19.899805370661134,0.95215266447391,7.90763698010899e-06
106,High-5-of-10,Nodal exact net value,2554.291227491296,123.41367698668182,2430.877550504614,19.696986670018283,0.9516837877927127,7.90763698010899e-06
106,Ridge,Uniform gross,1127.007690091499,123.41367698668182,1003.5940131048171,8.131951316976966,0.8904943789898522,7.90763698010899e-06
106,Ridge,Nodal gross,1126.9606335136527,123.41367698668182,1003.5469565269709,8.131570025543187,0.8904898065499404,7.90763698010899e-06
106,Ridge,Uniform signed net,1107.5581472961828,123.41367698668182,984.144470309501,7.974354985109996,0.8885713790395886,7.90763698010899e-06
106,Ridge,Nodal signed linear,1107.5115855584045,123.41367698668182,984.0979085717227,7.973977703280987,0.8885666943840981,7.90763698010899e-06
106,Ridge,Nodal exact net value,1104.795974257322,123.41367698668182,981.3822972706403,7.951973567536976,0.8882927890195795,7.90763698010899e-06
106,Gradient Boosting,Uniform gross,1790.103228507937,123.41367698668182,1666.6895515212552,13.504901500512913,0.9310577876061662,7.90763698010899e-06
106,Gradient Boosting,Nodal gross,1790.083674578121,123.41367698668182,1666.6699975914391,13.5047430583508,0.9310570345178041,7.90763698010899e-06
106,Gradient Boosting,Uniform signed net,1785.743421034724,123.41367698668182,1662.3297440480421,13.469574723289643,0.9308894684796478,7.90763698010899e-06
106,Gradient Boosting,Nodal signed linear,1785.7239930820758,123.41367698668182,1662.310316095394,13.46941730189906,0.9308887165851002,7.90763698010899e-06
106,Gradient Boosting,Nodal exact net value,1783.4275910106517,123.41367698668182,1660.0139140239698,13.450809947126931,0.9307997265441293,7.90763698010899e-06
106,Extra Trees,Uniform gross,2289.6452127945663,123.41367698668182,2166.2315358078845,17.552605097744987,0.9460992138445534,7.90763698010899e-06
106,Extra Trees,Nodal gross,2289.5384103002402,123.41367698668182,2166.1247333135584,17.551739695328223,0.9460966994781722,7.90763698010899e-06
106,Extra Trees,Uniform signed net,2248.3176867350394,123.41367698668182,2124.9040097483576,17.217735194598134,0.9451084347577674,7.90763698010899e-06
106,Extra Trees,Nodal signed linear,2248.2092894501434,123.41367698668182,2124.7956124634616,17.21685686986507,0.9451057881640256,7.90763698010899e-06
106,Extra Trees,Nodal exact net value,2242.831558652484,123.41367698668182,2119.4178816658023,17.17328203335615,0.9449741660221554,7.90763698010899e-06
106,Metadata Gradient Boosting,Uniform gross,1187.9201707158252,123.41367698668182,1064.5064937291434,8.625514770490303,0.8961094524455171,7.90763698010899e-06
106,Metadata Gradient Boosting,Nodal gross,1187.910441357289,123.41367698668182,1064.4967643706073,8.625435935155569,0.896108601549397,7.90763698010899e-06
106,Metadata Gradient Boosting,Uniform signed net,1184.8702872041074,123.41367698668182,1061.4566102174256,8.600802083969775,0.8958420357743156,7.90763698010899e-06
106,Metadata Gradient Boosting,Nodal signed linear,1184.8606459723271,123.41367698668182,1061.4469689856453,8.600723962711129,0.8958411882391406,7.90763698010899e-06
106,Metadata Gradient Boosting,Nodal exact net value,1183.4903726751945,123.41367698668182,1060.0766956885127,8.589620871622769,0.8957205906899656,7.90763698010899e-06
106,Ex-post Metadata Gradient Boosting,Uniform gross,1176.7969239930833,123.41367698668182,1053.3832470064015,8.535384997240438,0.8951274646708651,7.90763698010899e-06
106,Ex-post Metadata Gradient Boosting,Nodal gross,1176.777362563184,123.41367698668182,1053.3636855765021,8.535226494306428,0.8951257213872047,7.90763698010899e-06
106,Ex-post Metadata Gradient Boosting,Uniform signed net,1172.7538222860749,123.41367698668182,1049.340145299393,8.502624432887066,0.8947659136628446,7.90763698010899e-06
106,Ex-post Metadata Gradient Boosting,Nodal signed linear,1172.7343776820917,123.41367698668182,1049.3207006954099,8.502466876573552,0.8947641688217507,7.90763698010899e-06
106,Ex-post Metadata Gradient Boosting,Nodal exact net value,1171.4075089398248,123.41367698668182,1047.993831953143,8.491715485198915,0.8946449668071732,7.90763698010899e-06
106,Ex-post Quantile Gradient Boosting,Uniform gross,635.3389072795762,123.41367698668182,511.9252302928944,4.148042930024189,0.805751425620823,7.90763698010899e-06
106,Ex-post Quantile Gradient Boosting,Nodal gross,635.338086507492,123.41367698668182,511.9244095208102,4.148036279447815,0.8057511746775683,7.90763698010899e-06
106,Ex-post Quantile Gradient Boosting,Uniform signed net,624.7467045809578,123.41367698668182,501.333027594276,4.0622161160336985,0.8024580584711364,7.90763698010899e-06
106,Ex-post Quantile Gradient Boosting,Nodal signed linear,624.7461898718609,123.41367698668182,501.3325128851791,4.062211945433571,0.8024578957224298,7.90763698010899e-06
106,Ex-post Quantile Gradient Boosting,Nodal exact net value,623.4193211296079,123.41367698668182,500.00564414292603,4.051460554059045,0.802037452475708,7.90763698010899e-06
106,Synthetic Control,Uniform gross,402.4844670188298,123.41367698668182,279.07079003214795,2.2612630694267692,0.6933703357528378,7.90763698010899e-06
106,Synthetic Control,Nodal gross,402.4792072299142,123.41367698668182,279.0655302432324,2.2612204502532385,0.6933663285711493,7.90763698010899e-06
106,Synthetic Control,Uniform signed net,232.12251716631695,123.41367698668182,108.70884017963513,0.8808492124528988,0.4683252685121655,7.90763698010899e-06
106,Synthetic Control,Nodal signed linear,232.1176728355803,123.41367698668182,108.70399584889847,0.8808099596662148,0.468314172380569,7.90763698010899e-06
106,Synthetic Control,Nodal exact net value,231.72212509529345,123.41367698668182,108.30844810861163,0.8776049037117639,0.46740658909489474,7.90763698010899e-06
106,Feasible Quantile Projection,Uniform gross,13.928723141106323,123.41367698668182,-109.4849538455755,0.8871379292701129,0.0,7.90763698010899e-06
106,Feasible Quantile Projection,Nodal gross,13.928480517939972,123.41367698668182,-109.48519646874185,0.8871398952042968,0.0,7.90763698010899e-06
106,Feasible Quantile Projection,Uniform signed net,4.2427785440501965e-14,123.41367698668182,-123.41367698668178,0.9999999999999997,0.0,7.90763698010899e-06
106,Feasible Quantile Projection,Nodal signed linear,-9.467872960522428e-06,123.41367698668182,-123.41368645455478,1.0000000767165615,0.0,7.90763698010899e-06
106,Feasible Quantile Projection,Nodal exact net value,-9.46786894928664e-06,123.41367698668182,-123.41368645455077,1.0000000767165291,0.0,7.90763698010899e-06
106,Tail-Risk Feasible Counterfactual,Uniform gross,6.806296392736433,123.41367698668182,-116.6073805939454,0.9448497398430894,0.0,7.90763698010899e-06
106,Tail-Risk Feasible Counterfactual,Nodal gross,6.8061767619335765,123.41367698668182,-116.60750022474825,0.9448507091911048,0.0,7.90763698010899e-06
106,Tail-Risk Feasible Counterfactual,Uniform signed net,4.266709594524798e-14,123.41367698668182,-123.41367698668178,0.9999999999999997,0.0,7.90763698010899e-06
106,Tail-Risk Feasible Counterfactual,Nodal signed linear,-9.467872961150479e-06,123.41367698668182,-123.41368645455478,1.0000000767165615,0.0,7.90763698010899e-06
106,Tail-Risk Feasible Counterfactual,Nodal exact net value,-9.467876225244254e-06,123.41367698668182,-123.41368645455805,1.0000000767165882,0.0,7.90763698010899e-06
106,Single Feasible Projection,Uniform gross,7.431136731811004,123.41367698668182,-115.98254025487081,0.9397867650227054,0.0,7.90763698010899e-06
106,Single Feasible Projection,Nodal gross,7.431006311063537,123.41367698668182,-115.98267067561828,0.9397878217998038,0.0,7.90763698010899e-06
106,Single Feasible Projection,Uniform signed net,5.930317541480434e-14,123.41367698668182,-123.41367698668176,0.9999999999999996,0.0,7.90763698010899e-06
106,Single Feasible Projection,Nodal signed linear,-9.467872945423395e-06,123.41367698668182,-123.41368645455476,1.0000000767165615,0.0,7.90763698010899e-06
106,Single Feasible Projection,Nodal exact net value,-9.467883501201868e-06,123.41367698668182,-123.41368645456532,1.000000076716647,0.0,7.90763698010899e-06
106,Risk-Constrained Convex Verifier,Uniform gross,7.431136731811004,123.41367698668182,-115.98254025487081,0.9397867650227054,0.0,7.90763698010899e-06
106,Risk-Constrained Convex Verifier,Nodal gross,7.431006311063537,123.41367698668182,-115.98267067561828,0.9397878217998038,0.0,7.90763698010899e-06
106,Risk-Constrained Convex Verifier,Uniform signed net,5.930317541480434e-14,123.41367698668182,-123.41367698668176,0.9999999999999996,0.0,7.90763698010899e-06
106,Risk-Constrained Convex Verifier,Nodal signed linear,-9.467872945423395e-06,123.41367698668182,-123.41368645455476,1.0000000767165615,0.0,7.90763698010899e-06
106,Risk-Constrained Convex Verifier,Nodal exact net value,-9.467883501201868e-06,123.41367698668182,-123.41368645456532,1.000000076716647,0.0,7.90763698010899e-06
106,Trace-Anchored Reference,Uniform gross,159.558900854547,123.41367698668182,36.145223867865184,0.29287859133931965,0.22653216883723062,7.90763698010899e-06
106,Trace-Anchored Reference,Nodal gross,159.55811013954622,123.41367698668182,36.144433152864394,0.29287218431037365,0.22652833579724166,7.90763698010899e-06
106,Trace-Anchored Reference,Uniform signed net,122.54389254008524,123.41367698668182,-0.8697844465965829,0.007047715195216537,0.0,7.90763698010899e-06
106,Trace-Anchored Reference,Nodal signed linear,122.54354471138866,123.41367698668182,-0.8701322752931588,0.007050533591889164,0.0,7.90763698010899e-06
106,Trace-Anchored Reference,Nodal exact net value,122.54354471138504,123.41367698668182,-0.8701322752967826,0.007050533591918527,0.0,7.90763698010899e-06
107,High-5-of-10,Uniform gross,2520.553708445767,125.47415464735968,2395.0795537984072,19.088230245740142,0.9502196068161824,1.4771827240189772e-05
107,High-5-of-10,Nodal gross,2520.346605369837,125.47415464735968,2394.8724507224774,19.086579682112024,0.9502155162389073,1.4771827240189772e-05
107,High-5-of-10,Uniform signed net,1991.3873535394737,125.47415464735968,1865.913198892114,14.870896752691355,0.9369915880884032,1.4771827240189772e-05
107,High-5-of-10,Nodal signed linear,1991.1627368448644,125.47415464735968,1865.6885821975047,14.869106609571917,0.9369844803111461,1.4771827240189772e-05
107,High-5-of-10,Nodal exact net value,1983.6394783161522,125.47415464735968,1858.1653236687926,14.809147978650227,0.9367454842379571,1.4771827240189772e-05
107,Ridge,Uniform gross,1090.190443540863,125.47415464735968,964.7162888935034,7.688565757663812,0.884906205708584,1.4771827240189772e-05
107,Ridge,Nodal gross,1090.1203981692372,125.47415464735968,964.6462435218775,7.688007512248071,0.8848988103900426,1.4771827240189772e-05
107,Ridge,Uniform signed net,877.0349388338669,125.47415464735968,751.5607841865072,5.989765671653577,0.8569336874831988,1.4771827240189772e-05
107,Ridge,Nodal signed linear,876.9531722616863,125.47415464735968,751.4790176143266,5.989114010979629,0.8569203480685765,1.4771827240189772e-05
107,Ridge,Nodal exact net value,874.2269456816794,125.47415464735968,748.7527910343197,5.967386615503893,0.8564741623818045,1.4771827240189772e-05
107,Gradient Boosting,Uniform gross,1563.0223666039242,125.47415464735968,1437.5482119565645,11.456926854751394,0.9197233786743659,1.4771827240189772e-05
107,Gradient Boosting,Nodal gross,1562.9317752231398,125.47415464735968,1437.45762057578,11.456204862393374,0.9197187256433853,1.4771827240189772e-05
107,Gradient Boosting,Uniform signed net,1400.2535918484984,125.47415464735968,1274.7794372011388,10.159697355872671,0.9103918351805695,1.4771827240189772e-05
107,Gradient Boosting,Nodal signed linear,1400.154032314037,125.47415464735968,1274.6798776666774,10.158903889403492,0.9103854634907644,1.4771827240189772e-05
107,Gradient Boosting,Nodal exact net value,1396.7360950368602,125.47415464735968,1271.2619403895005,10.131663719610891,0.9101661687607147,1.4771827240189772e-05
107,Extra Trees,Uniform gross,2096.329739982285,125.47415464735968,1970.8555853349253,15.707263307522888,0.9401457927852419,1.4771827240189772e-05
107,Extra Trees,Nodal gross,2096.184619817027,125.47415464735968,1970.7104651696673,15.706106733360937,0.9401416490412413,1.4771827240189772e-05
107,Extra Trees,Uniform signed net,1816.198227064518,125.47415464735968,1690.7240724171584,13.474679922481835,0.930913843666635,1.4771827240189772e-05
107,Extra Trees,Nodal signed linear,1816.0420017416789,125.47415464735968,1690.5678470943192,13.47343484278173,0.930907900518257,1.4771827240189772e-05
107,Extra Trees,Nodal exact net value,1811.5573112995407,125.47415464735968,1686.083156652181,13.437692896922504,0.9307368561487301,1.4771827240189772e-05
107,Metadata Gradient Boosting,Uniform gross,1843.753083236061,125.47415464735968,1718.2789285887013,13.694285754846156,0.9319463350118803,1.4771827240189772e-05
107,Metadata Gradient Boosting,Nodal gross,1843.6925806077008,125.47415464735968,1718.2184259603412,13.693803562887739,0.9319441017623437,1.4771827240189772e-05
107,Metadata Gradient Boosting,Uniform signed net,1653.3404565713033,125.47415464735968,1527.8663019239436,12.176741148150816,0.9241087011760615,1.4771827240189772e-05
107,Metadata Gradient Boosting,Nodal signed linear,1653.269210785613,125.47415464735968,1527.7950561382534,12.176173335712546,0.9241054307255042,1.4771827240189772e-05
107,Metadata Gradient Boosting,Nodal exact net value,1651.474306277567,125.47415464735968,1526.0001516302073,12.161868361807038,0.9240229447285927,1.4771827240189772e-05
107,Ex-post Metadata Gradient Boosting,Uniform gross,1274.7812764051762,125.47415464735968,1149.3071217578165,9.159712013903583,0.9015720131996361,1.4771827240189772e-05
107,Ex-post Metadata Gradient Boosting,Nodal gross,1274.7389936351615,125.47415464735968,1149.2648389878018,9.159375030003323,0.9015687483682081,1.4771827240189772e-05
107,Ex-post Metadata Gradient Boosting,Uniform signed net,1114.1207274200572,125.47415464735968,988.6465727726975,7.87928458694343,0.8873783140738103,1.4771827240189772e-05
107,Ex-post Metadata Gradient Boosting,Nodal signed linear,1114.0706871609425,125.47415464735968,988.5965325135828,7.878885777648756,0.8873732554914325,1.4771827240189772e-05
107,Ex-post Metadata Gradient Boosting,Nodal exact net value,1113.0768899809918,125.47415464735968,987.6027353336322,7.870965443913545,0.8872726980707484,1.4771827240189772e-05
107,Ex-post Quantile Gradient Boosting,Uniform gross,588.639530370348,125.47415464735968,463.1653757229883,3.69132094991751,0.7868404207097398,1.4771827240189772e-05
107,Ex-post Quantile Gradient Boosting,Nodal gross,588.6321499518177,125.47415464735968,463.15799530445804,3.691262129688348,0.7868377480611103,1.4771827240189772e-05
107,Ex-post Quantile Gradient Boosting,Uniform signed net,424.108417645697,125.47415464735968,298.6342629983373,2.380046024917542,0.7041460404302052,1.4771827240189772e-05
107,Ex-post Quantile Gradient Boosting,Nodal signed linear,424.09606732364216,125.47415464735968,298.6219126762825,2.379947595706446,0.7041374247132406,1.4771827240189772e-05
107,Ex-post Quantile Gradient Boosting,Nodal exact net value,423.4529476727548,125.47415464735968,297.97879302539513,2.3748220807930775,0.7036880830870345,1.4771827240189772e-05
107,Synthetic Control,Uniform gross,937.7581491658694,125.47415464735968,812.2839945185098,6.473715617382743,0.8661977453792663,1.4771827240189772e-05
107,Synthetic Control,Nodal gross,937.7143635052211,125.47415464735968,812.2402088578614,6.4733666557916365,0.8661914976130564,1.4771827240189772e-05
107,Synthetic Control,Uniform signed net,531.2772805331921,125.47415464735968,405.8031258858324,3.2341570822001278,0.7638254838952773,1.4771827240189772e-05
107,Synthetic Control,Nodal signed linear,531.2207434839279,125.47415464735968,405.7465888365682,3.2337064949901713,0.7638003481858462,1.4771827240189772e-05
107,Synthetic Control,Nodal exact net value,530.2269463039775,125.47415464735968,404.7527916566178,3.2257861612549616,0.7633576423793714,1.4771827240189772e-05
107,Feasible Quantile Projection,Uniform gross,165.8667604974881,125.47415464735968,40.392605850128405,0.3219197289166863,0.24352441519312193,1.4771827240189772e-05
107,Feasible Quantile Projection,Nodal gross,165.86480547025772,125.47415464735968,40.39065082289804,0.321904147801708,0.24351549871223732,1.4771827240189772e-05
107,Feasible Quantile Projection,Uniform signed net,0.012258350263852691,125.47415464735968,-125.46189629709583,0.9999023037828125,0.0,1.4771827240189772e-05
107,Feasible Quantile Projection,Nodal signed linear,0.005340468367744933,125.47415464735968,-125.46881417899193,0.9999574377019494,0.0,1.4771827240189772e-05
107,Feasible Quantile Projection,Nodal exact net value,-0.3076312199627864,125.47415464735968,-125.78178586732247,1.0024517496916188,0.0,1.4771827240189772e-05
107,Tail-Risk Feasible Counterfactual,Uniform gross,105.23346681716082,125.47415464735968,-20.240687830198866,0.16131360188944524,0.0,1.4771827240189772e-05
107,Tail-Risk Feasible Counterfactual,Nodal gross,105.2290723549058,125.47415464735968,-20.245082292453887,0.161348624737516,0.0,1.4771827240189772e-05
107,Tail-Risk Feasible Counterfactual,Uniform signed net,-0.12657165654073668,125.47415464735968,-125.60072630390042,1.0010087468363222,0.0,1.4771827240189772e-05
107,Tail-Risk Feasible Counterfactual,Nodal signed linear,-0.13007139570376575,125.47415464735968,-125.60422604306345,1.0010366389482306,0.0,1.4771827240189772e-05
107,Tail-Risk Feasible Counterfactual,Nodal exact net value,-0.1300713956952677,125.47415464735968,-125.60422604305495,1.0010366389481629,0.0,1.4771827240189772e-05
107,Single Feasible Projection,Uniform gross,116.24054228867914,125.47415464735968,-9.233612358680546,0.07358975547299969,0.0,1.4771827240189772e-05
107,Single Feasible Projection,Nodal gross,116.23787308728329,125.47415464735968,-9.236281560076392,0.0736110283909432,0.0,1.4771827240189772e-05
107,Single Feasible Projection,Uniform signed net,0.07204356706629778,125.47415464735968,-125.40211108029338,0.9994258294286279,0.0,1.4771827240189772e-05
107,Single Feasible Projection,Nodal signed linear,0.07111748572883858,125.47415464735968,-125.40303716163085,0.999433210082756,0.0,1.4771827240189772e-05
107,Single Feasible Projection,Nodal exact net value,-0.24185420259163948,125.47415464735968,-125.71600884995132,1.0019275220723451,0.0,1.4771827240189772e-05
107,Risk-Constrained Convex Verifier,Uniform gross,116.24054228867914,125.47415464735968,-9.233612358680546,0.07358975547299969,0.0,1.4771827240189772e-05
107,Risk-Constrained Convex Verifier,Nodal gross,116.23787308728328,125.47415464735968,-9.236281560076407,0.07361102839094333,0.0,1.4771827240189772e-05
107,Risk-Constrained Convex Verifier,Uniform signed net,0.07204356706628356,125.47415464735968,-125.4021110802934,0.999425829428628,0.0,1.4771827240189772e-05
107,Risk-Constrained Convex Verifier,Nodal signed linear,0.07111748572882437,125.47415464735968,-125.40303716163086,0.9994332100827561,0.0,1.4771827240189772e-05
107,Risk-Constrained Convex Verifier,Nodal exact net value,-0.24185420259163948,125.47415464735968,-125.71600884995132,1.0019275220723451,0.0,1.4771827240189772e-05
107,Trace-Anchored Reference,Uniform gross,310.2583634859213,125.47415464735968,184.7842088385616,1.4726874180415126,0.5955817170000209,1.4771827240189772e-05
107,Trace-Anchored Reference,Nodal gross,310.25857908985995,125.47415464735968,184.78442444250027,1.4726891363550512,0.5955819980371317,1.4771827240189772e-05
107,Trace-Anchored Reference,Uniform signed net,125.3044966721145,125.47415464735968,-0.16965797524518678,0.0013521348338389211,0.0,1.4771827240189772e-05
107,Trace-Anchored Reference,Nodal signed linear,125.30009530928709,125.47415464735968,-0.17405933807259544,0.001387212677876034,0.0,1.4771827240189772e-05
107,Trace-Anchored Reference,Nodal exact net value,124.65697565843584,125.47415464735968,-0.8171789889238426,0.006512727590956822,0.0,1.4771827240189772e-05
108,High-5-of-10,Uniform gross,2723.2510417912135,415.16249624136253,2308.088545549851,5.559482290539076,0.847548944305814,3.447041256141037e-05
108,High-5-of-10,Nodal gross,2723.020085868373,415.16249624136253,2307.8575896270104,5.558925988067318,0.8475360140030084,3.447041256141037e-05
108,High-5-of-10,Uniform signed net,2392.9620213079197,415.16249624136253,1977.7995250665572,4.763916642212129,0.8265068594718242,3.447041256141037e-05
108,High-5-of-10,Nodal signed linear,2392.726202789542,415.16249624136253,1977.5637065481797,4.763348627228809,0.8264897606097394,3.447041256141037e-05
108,High-5-of-10,Nodal exact net value,2381.142541950023,415.16249624136253,1965.9800457086603,4.7354471165085705,0.8256456768432823,3.447041256141037e-05
108,Ridge,Uniform gross,3221.1531088380752,415.16249624136253,2805.9906125967127,6.758776715142876,0.8711137030083247,3.447041256141037e-05
108,Ridge,Nodal gross,3220.9015164670473,415.16249624136253,2805.7390202256847,6.758170705753044,0.8711036353894026,3.447041256141037e-05
108,Ridge,Uniform signed net,3199.614713083127,415.16249624136253,2784.4522168417643,6.706897280102513,0.87024609727422,3.447041256141037e-05
108,Ridge,Nodal signed linear,3199.363120712099,415.16249624136253,2784.2006244707363,6.706291270712683,0.8702358936521849,3.447041256141037e-05
108,Ridge,Nodal exact net value,3186.8589215018146,415.16249624136253,2771.696425260452,6.676172463442059,0.8697267414505703,3.447041256141037e-05
108,Gradient Boosting,Uniform gross,3457.5996179513477,415.16249624136253,3042.437121709985,7.328304336866707,0.8799275387219793,3.447041256141037e-05
108,Gradient Boosting,Nodal gross,3457.326774596877,415.16249624136253,3042.1642783555144,7.327647140330554,0.8799180629115481,3.447041256141037e-05
108,Gradient Boosting,Uniform signed net,3446.8822359335745,415.16249624136253,3031.719739692212,7.302489427970065,0.8795541977288013,3.447041256141037e-05
108,Gradient Boosting,Nodal signed linear,3446.6093925791038,415.16249624136253,3031.4468963377412,7.301832231433912,0.8795446628981952,3.447041256141037e-05
108,Gradient Boosting,Nodal exact net value,3430.1202925335238,415.16249624136253,3014.957796292161,7.262115011803376,0.8789656161199177,3.447041256141037e-05
108,Extra Trees,Uniform gross,4473.865141777562,415.16249624136253,4058.7026455361993,9.776178441649499,0.9072027244709461,3.447041256141037e-05
108,Extra Trees,Nodal gross,4473.470309743522,415.16249624136253,4058.3078135021597,9.77522741154053,0.907194534109881,3.447041256141037e-05
108,Extra Trees,Uniform signed net,4383.907376360385,415.16249624136253,3968.744880119022,9.559497584800429,0.9052985246722891,3.447041256141037e-05
108,Extra Trees,Nodal signed linear,4383.511013016191,415.16249624136253,3968.3485167748286,9.558542866231718,0.9052899616292513,3.447041256141037e-05
108,Extra Trees,Nodal exact net value,4365.522889797794,415.16249624136253,3950.3603935564315,9.515214956362087,0.9048997092165991,3.447041256141037e-05
108,Metadata Gradient Boosting,Uniform gross,2522.2784303382095,415.16249624136253,2107.115934096847,5.075400483361184,0.8354017973401557,3.447041256141037e-05
108,Metadata Gradient Boosting,Nodal gross,2522.093326049972,415.16249624136253,2106.9308298086094,5.074954623511333,0.8353897169651617,3.447041256141037e-05
108,Metadata Gradient Boosting,Uniform signed net,2512.1746003393914,415.16249624136253,2097.012104098029,5.051063434397724,0.8347397922957764,3.447041256141037e-05
108,Metadata Gradient Boosting,Nodal signed linear,2511.9894960511538,415.16249624136253,2096.8269998097912,5.050617574547874,0.8347276145485489,3.447041256141037e-05
108,Metadata Gradient Boosting,Nodal exact net value,2500.610926087633,415.16249624136253,2085.4484298462703,5.02321006527973,0.833975572964919,3.447041256141037e-05
108,Ex-post Metadata Gradient Boosting,Uniform gross,2314.91987621315,415.16249624136253,1899.7573799717875,4.575936885366755,0.8206579413363956,3.447041256141037e-05
108,Ex-post Metadata Gradient Boosting,Nodal gross,2314.757983209079,415.16249624136253,1899.5954869677166,4.575546934430587,0.8206453982434054,3.447041256141037e-05
108,Ex-post Metadata Gradient Boosting,Uniform signed net,2305.9270932381287,415.16249624136253,1890.7645969967662,4.554276010272216,0.819958533182259,3.447041256141037e-05
108,Ex-post Metadata Gradient Boosting,Nodal signed linear,2305.765200234058,415.16249624136253,1890.6027039926953,4.553886059336048,0.8199458920625485,3.447041256141037e-05
108,Ex-post Metadata Gradient Boosting,Nodal exact net value,2294.386630270521,415.16249624136253,1879.2241340291584,4.526478550067866,0.8190529482851752,3.447041256141037e-05
108,Ex-post Quantile Gradient Boosting,Uniform gross,866.0485725094551,415.16249624136253,450.88607626809255,1.0860472233165335,0.520624466779743,3.447041256141037e-05
108,Ex-post Quantile Gradient Boosting,Nodal gross,866.0304216094291,415.16249624136253,450.8679253680666,1.0860035033269144,0.5206144196761294,3.447041256141037e-05
108,Ex-post Quantile Gradient Boosting,Uniform signed net,852.6304685988647,415.16249624136253,437.46797235750216,1.0537270979871263,0.5130803888305765,3.447041256141037e-05
108,Ex-post Quantile Gradient Boosting,Nodal signed linear,852.6123176988388,415.16249624136253,437.4498214574762,1.053683377997507,0.5130700230066264,3.447041256141037e-05
108,Ex-post Quantile Gradient Boosting,Nodal exact net value,850.1842873896094,415.16249624136253,435.02179114824685,1.0478349925310662,0.5116794059837662,3.447041256141037e-05
108,Synthetic Control,Uniform gross,1757.2503578436897,415.16249624136253,1342.0878616023272,3.232680874965351,0.7637431146972105,3.447041256141037e-05
108,Synthetic Control,Nodal gross,1757.1585529264348,415.16249624136253,1341.9960566850723,3.232459744882345,0.7637307711646533,3.447041256141037e-05
108,Synthetic Control,Uniform signed net,1590.5007822562395,415.16249624136253,1175.338286014877,2.831031937267214,0.7389737239535181,3.447041256141037e-05
108,Synthetic Control,Nodal signed linear,1590.4067569174522,415.16249624136253,1175.2442606760897,2.8308054588650493,0.7389582919994404,3.447041256141037e-05
108,Synthetic Control,Nodal exact net value,1586.9419963788023,415.16249624136253,1171.7795001374398,2.8224599060513493,0.7383883612704749,3.447041256141037e-05
108,Feasible Quantile Projection,Uniform gross,21.59457183440373,415.16249624136253,-393.5679244069588,0.9479852538947803,0.0,3.447041256141037e-05
108,Feasible Quantile Projection,Nodal gross,21.594236678893118,415.16249624136253,-393.5682595624694,0.947986061182321,0.0,3.447041256141037e-05
108,Feasible Quantile Projection,Uniform signed net,-7.815970093361102e-14,415.16249624136253,-415.1624962413626,1.0000000000000002,0.0,3.447041256141037e-05
108,Feasible Quantile Projection,Nodal signed linear,-5.189024293450473e-05,415.16249624136253,-415.1625481316055,1.0000001249877901,0.0,3.447041256141037e-05
108,Feasible Quantile Projection,Nodal exact net value,-5.189024523133412e-05,415.16249624136253,-415.16254813160776,1.0000001249877957,0.0,3.447041256141037e-05
108,Tail-Risk Feasible Counterfactual,Uniform gross,13.04671048589044,415.16249624136253,-402.1157857554721,0.9685744483087761,0.0,3.447041256141037e-05
108,Tail-Risk Feasible Counterfactual,Nodal gross,13.046375330379824,415.16249624136253,-402.1161209109827,0.968575255596317,0.0,3.447041256141037e-05
108,Tail-Risk Feasible Counterfactual,Uniform signed net,-8.881784197001252e-15,415.16249624136253,-415.16249624136253,1.0,0.0,3.447041256141037e-05
108,Tail-Risk Feasible Counterfactual,Nodal signed linear,-5.1890242867891345e-05,415.16249624136253,-415.1625481316054,1.00000012498779,0.0,3.447041256141037e-05
108,Tail-Risk Feasible Counterfactual,Nodal exact net value,-5.1890252507291734e-05,415.16249624136253,-415.16254813161504,1.0000001249878132,0.0,3.447041256141037e-05
108,Single Feasible Projection,Uniform gross,17.169250898834733,415.16249624136253,-397.9932453425278,0.958644504129648,0.0,3.447041256141037e-05
108,Single Feasible Projection,Nodal gross,17.168915743324114,415.16249624136253,-397.9935804980384,0.9586453114171887,0.0,3.447041256141037e-05
108,Single Feasible Projection,Uniform signed net,-1.1191048088221578e-13,415.16249624136253,-415.16249624136265,1.0000000000000002,0.0,3.447041256141037e-05
108,Single Feasible Projection,Nodal signed linear,-5.1890242970031863e-05,415.16249624136253,-415.1625481316055,1.0000001249877901,0.0,3.447041256141037e-05
108,Single Feasible Projection,Nodal exact net value,-5.1890252507291734e-05,415.16249624136253,-415.16254813161504,1.0000001249878132,0.0,3.447041256141037e-05
108,Risk-Constrained Convex Verifier,Uniform gross,17.169250898834733,415.16249624136253,-397.9932453425278,0.958644504129648,0.0,3.447041256141037e-05
108,Risk-Constrained Convex Verifier,Nodal gross,17.168915743324114,415.16249624136253,-397.9935804980384,0.9586453114171887,0.0,3.447041256141037e-05
108,Risk-Constrained Convex Verifier,Uniform signed net,-1.1191048088221578e-13,415.16249624136253,-415.16249624136265,1.0000000000000002,0.0,3.447041256141037e-05
108,Risk-Constrained Convex Verifier,Nodal signed linear,-5.1890242970031863e-05,415.16249624136253,-415.1625481316055,1.0000001249877901,0.0,3.447041256141037e-05
108,Risk-Constrained Convex Verifier,Nodal exact net value,-5.1890252507291734e-05,415.16249624136253,-415.16254813161504,1.0000001249878132,0.0,3.447041256141037e-05
108,Trace-Anchored Reference,Uniform gross,433.9452511771327,415.16249624136253,18.782754935770186,0.04524193564163001,0.04328369738998072,3.447041256141037e-05
108,Trace-Anchored Reference,Nodal gross,433.95140362419625,415.16249624136253,18.788907382833713,0.045256755012645526,0.04329726145811706,3.447041256141037e-05
108,Trace-Anchored Reference,Uniform signed net,413.8309272313378,415.16249624136253,-1.3315690100247366,0.0032073441654291526,0.0,3.447041256141037e-05
108,Trace-Anchored Reference,Nodal signed linear,413.8370796784013,415.16249624136253,-1.325416562961209,0.0031925247944136386,0.0,3.447041256141037e-05
108,Trace-Anchored Reference,Nodal exact net value,412.45442947611446,415.16249624136253,-2.708066765248077,0.0065229079932925624,0.0,3.447041256141037e-05
109,High-5-of-10,Uniform gross,2764.203743473611,-131.20169246179648,2895.4054359354077,22.068354314701363,1.0474645520510448,1.962916977604756e-05
109,High-5-of-10,Nodal gross,2772.3897951146605,-131.20169246179648,2903.591487576457,22.130747196130336,1.0473244031892601,1.962916977604756e-05
109,High-5-of-10,Uniform signed net,1707.939220557646,-131.20169246179648,1839.1409130194425,14.017661498954874,1.0768187127987838,1.962916977604756e-05
109,High-5-of-10,Nodal signed linear,1717.7371431206825,-131.20169246179648,1848.938835582479,14.092339823442872,1.0763805411015548,1.962916977604756e-05
109,High-5-of-10,Nodal exact net value,1700.2496195769054,-131.20169246179648,1831.4513120387019,13.95905249143022,1.0771661354610067,1.962916977604756e-05
109,Ridge,Uniform gross,2127.2214125631463,-131.20169246179648,2258.4231050249427,17.213368689451578,1.0616774970799623,1.962916977604756e-05
109,Ridge,Nodal gross,2127.082940234825,-131.20169246179648,2258.2846326966214,17.212313273734576,1.0616815122626635,1.962916977604756e-05
109,Ridge,Uniform signed net,1412.1520416875119,-131.20169246179648,1543.3537341493084,11.763215132294917,1.0929090413699445,1.962916977604756e-05
109,Ridge,Nodal signed linear,1412.00282309706,-131.20169246179648,1543.2045155588564,11.762077810148746,1.09291885987453,1.962916977604756e-05
109,Ridge,Nodal exact net value,1411.1377924839544,-131.20169246179648,1542.3394849457509,11.755484674062812,1.0929758193428076,1.962916977604756e-05
109,Gradient Boosting,Uniform gross,2462.598340666984,-131.20169246179648,2593.8000331287803,19.76956230106595,1.0532777474487622,1.962916977604756e-05
109,Gradient Boosting,Nodal gross,2462.4626953967418,-131.20169246179648,2593.6643878585382,19.768528432769763,1.0532806822645724,1.962916977604756e-05
109,Gradient Boosting,Uniform signed net,1762.2139505918815,-131.20169246179648,1893.415643053678,14.431335507390697,1.074452760073616,1.962916977604756e-05
109,Gradient Boosting,Nodal signed linear,1762.0683817087358,-131.20169246179648,1893.2700741705323,14.430226002776738,1.0744589108026363,1.962916977604756e-05
109,Gradient Boosting,Nodal exact net value,1760.0542286702548,-131.20169246179648,1891.2559211320513,14.414874424602031,1.074544119337119,1.962916977604756e-05
109,Extra Trees,Uniform gross,2849.1196335288623,-131.20169246179648,2980.321325990659,22.715570737461892,1.0460499064054016,1.962916977604756e-05
109,Extra Trees,Nodal gross,2848.8862307671675,-131.20169246179648,2980.087923228964,22.713791775946113,1.0460536791693733,1.962916977604756e-05
109,Extra Trees,Uniform signed net,2055.296824539864,-131.20169246179648,2186.4985170016603,16.66517005974087,1.0638358853549874,1.962916977604756e-05
109,Extra Trees,Nodal signed linear,2055.0420030186283,-131.20169246179648,2186.243695480425,16.663227847590598,1.0638438008902376,1.962916977604756e-05
109,Extra Trees,Nodal exact net value,2050.146038869985,-131.20169246179648,2181.3477313317817,16.62591152905249,1.0639962665948,1.962916977604756e-05
109,Metadata Gradient Boosting,Uniform gross,2463.7572568350133,-131.20169246179648,2594.95894929681,19.778395389620556,1.0532526863585339,1.962916977604756e-05
109,Metadata Gradient Boosting,Nodal gross,2463.591513850708,-131.20169246179648,2594.7932063125045,19.777132120975196,1.0532562690381744,1.962916977604756e-05
109,Metadata Gradient Boosting,Uniform signed net,1590.697147376036,-131.20169246179648,1721.8988398378324,13.124059663629854,1.0824806234663982,1.962916977604756e-05
109,Metadata Gradient Boosting,Nodal signed linear,1590.509619843475,-131.20169246179648,1721.7113123052716,13.122630356362226,1.0824903482663049,1.962916977604756e-05
109,Metadata Gradient Boosting,Nodal exact net value,1584.446737535669,-131.20169246179648,1715.6484299974654,13.076419959270195,1.0828059974208144,1.962916977604756e-05
109,Ex-post Metadata Gradient Boosting,Uniform gross,1987.6277988942152,-131.20169246179648,2118.8294913560117,16.14940670047359,1.0660091856909972,1.962916977604756e-05
109,Ex-post Metadata Gradient Boosting,Nodal gross,1987.5207388746594,-131.20169246179648,2118.722431336456,16.14859070475321,1.0660127413493472,1.962916977604756e-05
109,Ex-post Metadata Gradient Boosting,Uniform signed net,1148.0976000617848,-131.20169246179648,1279.2992925235812,9.750631020983892,1.114277472973322,1.962916977604756e-05
109,Ex-post Metadata Gradient Boosting,Nodal signed linear,1147.9750035715695,-131.20169246179648,1279.176696033366,9.749696608569579,1.1142896770866988,1.962916977604756e-05
109,Ex-post Metadata Gradient Boosting,Nodal exact net value,1147.1099729584603,-131.20169246179648,1278.3116654202568,9.743103472483616,1.1143758624322828,1.962916977604756e-05
109,Ex-post Quantile Gradient Boosting,Uniform gross,1083.3507768201187,-131.20169246179648,1214.5524692819151,9.257140258579899,1.121107304549043,1.962916977604756e-05
109,Ex-post Quantile Gradient Boosting,Nodal gross,1083.3153938224157,-131.20169246179648,1214.5170862842122,9.256870574576293,1.1211112601279105,1.962916977604756e-05
109,Ex-post Quantile Gradient Boosting,Uniform signed net,372.3172336339375,-131.20169246179648,503.518926095734,3.8377471863966193,1.3523922091417182,1.962916977604756e-05
109,Ex-post Quantile Gradient Boosting,Nodal signed linear,372.27594359392555,-131.20169246179648,503.47763605572203,3.837432479785468,1.352431293827865,1.962916977604756e-05
109,Ex-post Quantile Gradient Boosting,Nodal exact net value,368.604521486508,-131.20169246179648,499.8062139483045,3.8094494405538164,1.3559416252754752,1.962916977604756e-05
109,Synthetic Control,Uniform gross,1945.1536769911238,-131.20169246179648,2076.35536945292,15.825675191328164,1.067450553657409,1.962916977604756e-05
109,Synthetic Control,Nodal gross,1945.024730931704,-131.20169246179648,2076.2264233935,15.824692383431405,1.0674550253142272,1.962916977604756e-05
109,Synthetic Control,Uniform signed net,1033.79782653524,-131.20169246179648,1164.9995189970364,8.879454960813579,1.1269123314966885,1.962916977604756e-05
109,Synthetic Control,Nodal signed linear,1033.6555979717464,-131.20169246179648,1164.8572904335429,8.878370915624643,1.1269297943330856,1.962916977604756e-05
109,Synthetic Control,Nodal exact net value,1031.810355999689,-131.20169246179648,1163.0120484614854,8.864306752751174,1.1271567897132406,1.962916977604756e-05
109,Feasible Quantile Projection,Uniform gross,710.0869464036722,-131.20169246179648,841.2886388654687,6.412178250752645,1.1847684894452497,1.962916977604756e-05
109,Feasible Quantile Projection,Nodal gross,710.0563560331036,-131.20169246179648,841.2580484949001,6.411945095448056,1.1847764495691377,1.962916977604756e-05
109,Feasible Quantile Projection,Uniform signed net,-0.8636066956260429,-131.20169246179648,130.33808576617045,0.9934177168036342,0.9934177168036342,1.962916977604756e-05
109,Feasible Quantile Projection,Nodal signed linear,-0.8990119280823272,-131.20169246179648,130.30268053371415,0.9931478633300092,0.9931478633300092,1.962916977604756e-05
109,Feasible Quantile Projection,Nodal exact net value,-4.570434035515063,-131.20169246179648,126.63125842628142,0.9651648240982418,0.9651648240982418,1.962916977604756e-05
109,Tail-Risk Feasible Counterfactual,Uniform gross,415.29937557836297,-131.20169246179648,546.5010680401595,4.165350749566668,1.3159207554287304,1.962916977604756e-05
109,Tail-Risk Feasible Counterfactual,Nodal gross,415.2627517066399,-131.20169246179648,546.4644441684363,4.165071607803815,1.3159486178873157,1.962916977604756e-05
109,Tail-Risk Feasible Counterfactual,Uniform signed net,-1.6538826776198214,-131.20169246179648,129.54780978417665,0.9873943495195276,0.9873943495195276,1.962916977604756e-05
109,Tail-Risk Feasible Counterfactual,Nodal signed linear,-1.6780628436163574,-131.20169246179648,129.52362961818014,0.9872100518512369,0.9872100518512369,1.962916977604756e-05
109,Tail-Risk Feasible Counterfactual,Nodal exact net value,-2.206187309107918,-131.20169246179648,128.99550515268857,0.9831847648630728,0.9831847648630728,1.962916977604756e-05
109,Single Feasible Projection,Uniform gross,335.0433328927381,-131.20169246179648,466.24502535453456,3.553650997987671,1.3915961894511115,1.962916977604756e-05
109,Single Feasible Projection,Nodal gross,335.01596519042084,-131.20169246179648,466.2176576522173,3.5534424053864346,1.3916281792338532,1.962916977604756e-05
109,Single Feasible Projection,Uniform signed net,-1.18782787825495,-131.20169246179648,130.01386458354153,0.9909465506430046,0.9909465506430046,1.962916977604756e-05
109,Single Feasible Projection,Nodal signed linear,-1.194138246331739,-131.20169246179648,130.00755421546475,0.990898453945787,0.990898453945787,1.962916977604756e-05
109,Single Feasible Projection,Nodal exact net value,-1.5000365537489415,-131.20169246179648,129.70165590804754,0.9885669420447017,0.9885669420447017,1.962916977604756e-05
109,Risk-Constrained Convex Verifier,Uniform gross,335.0433328927375,-131.20169246179648,466.245025354534,3.5536509979876665,1.3915961894511122,1.962916977604756e-05
109,Risk-Constrained Convex Verifier,Nodal gross,335.0159651904203,-131.20169246179648,466.21765765221676,3.55344240538643,1.3916281792338538,1.962916977604756e-05
109,Risk-Constrained Convex Verifier,Uniform signed net,-1.1878278782555043,-131.20169246179648,130.01386458354096,0.9909465506430003,0.9909465506430003,1.962916977604756e-05
109,Risk-Constrained Convex Verifier,Nodal signed linear,-1.1941382463322932,-131.20169246179648,130.00755421546418,0.9908984539457827,0.9908984539457827,1.962916977604756e-05
109,Risk-Constrained Convex Verifier,Nodal exact net value,-1.5000365537489415,-131.20169246179648,129.70165590804754,0.9885669420447017,0.9885669420447017,1.962916977604756e-05
109,Trace-Anchored Reference,Uniform gross,581.8495220059956,-131.20169246179648,713.0512144677921,5.434771465889584,1.2254907626450615,1.962916977604756e-05
109,Trace-Anchored Reference,Nodal gross,581.8471436295841,-131.20169246179648,713.0488360913806,5.434753338254438,1.2254916843680892,1.962916977604756e-05
109,Trace-Anchored Reference,Uniform signed net,-126.3046126674883,-131.20169246179648,4.897079794308183,0.03732482182525292,0.03732482182525292,1.962916977604756e-05
109,Trace-Anchored Reference,Nodal signed linear,-126.31514425079149,-131.20169246179648,4.8865482110049925,0.037244551646525945,0.037244551646525945,1.962916977604756e-05
109,Trace-Anchored Reference,Nodal exact net value,-132.04486858072778,-131.20169246179648,-0.8431761189312965,0.006426564346163552,0.0,1.962916977604756e-05
110,High-5-of-10,Uniform gross,3059.851603801511,260.0465734804311,2799.80503032108,10.766552286572502,0.9150133381771347,1.7957530515769204e-05
110,High-5-of-10,Nodal gross,3059.5762789685314,260.0465734804311,2799.5297054881003,10.765493534560143,0.9150056904062218,1.7957530515769204e-05
110,High-5-of-10,Uniform signed net,2650.470633614831,260.0465734804311,2390.4240601344,9.19229208884109,0.9018866422504866,1.7957530515769204e-05
110,High-5-of-10,Nodal signed linear,2650.181828324648,260.0465734804311,2390.135254844217,9.191181498202198,0.9018759502834478,1.7957530515769204e-05
110,High-5-of-10,Nodal exact net value,2639.0197631855117,260.0465734804311,2378.9731897050806,9.148258167239808,0.9014609223060407,1.7957530515769204e-05
110,Ridge,Uniform gross,2930.469606548325,260.0465734804311,2670.423033067894,10.269018342857908,0.9112611258962249,1.7957530515769204e-05
110,Ridge,Nodal gross,2930.2116794589992,260.0465734804311,2670.165105978568,10.26802649326007,0.9112533148020067,1.7957530515769204e-05
110,Ridge,Uniform signed net,2921.1197566733263,260.0465734804311,2661.073183192895,10.233063822289298,0.9109770926418364,1.7957530515769204e-05
110,Ridge,Nodal signed linear,2920.859764228563,260.0465734804311,2660.813190748132,10.232064030439387,0.9109691685081249,1.7957530515769204e-05
110,Ridge,Nodal exact net value,2907.0858496096407,260.0465734804311,2647.0392761292096,10.179096923683954,0.9105473360838828,1.7957530515769204e-05
110,Gradient Boosting,Uniform gross,2906.82066336071,260.0465734804311,2646.774089880279,10.178077159241834,0.9105391754096797,1.7957530515769204e-05
110,Gradient Boosting,Nodal gross,2906.606263128052,260.0465734804311,2646.559689647621,10.177252690648425,0.9105325765036464,1.7957530515769204e-05
110,Gradient Boosting,Uniform signed net,2906.82066336071,260.0465734804311,2646.774089880279,10.178077159241834,0.9105391754096797,1.7957530515769204e-05
110,Gradient Boosting,Nodal signed linear,2906.606263128052,260.0465734804311,2646.559689647621,10.177252690648425,0.9105325765036464,1.7957530515769204e-05
110,Gradient Boosting,Nodal exact net value,2891.739084129891,260.0465734804311,2631.69251064946,10.120081473972965,0.9100726013257597,1.7957530515769204e-05
110,Extra Trees,Uniform gross,3486.6870311450803,260.0465734804311,3226.640457664649,12.407932988616974,0.9254172883434771,1.7957530515769204e-05
110,Extra Trees,Nodal gross,3486.325975178608,260.0465734804311,3226.279401698177,12.406544560530268,0.9254095643001058,1.7957530515769204e-05
110,Extra Trees,Uniform signed net,3406.623191807297,260.0465734804311,3146.576618326866,12.100050295658484,0.9236644152174429,1.7957530515769204e-05
110,Extra Trees,Nodal signed linear,3406.2623280696625,260.0465734804311,3146.2157545892314,12.098662606781046,0.9236563281290786,1.7957530515769204e-05
110,Extra Trees,Nodal exact net value,3391.5179909660073,260.0465734804311,3131.4714174855762,12.041963774313004,0.923324430484191,1.7957530515769204e-05
110,Metadata Gradient Boosting,Uniform gross,2022.0667716478679,260.0465734804311,1762.0201981674368,6.775787023781074,0.8713956546209856,1.7957530515769204e-05
110,Metadata Gradient Boosting,Nodal gross,2021.9294241572516,260.0465734804311,1761.8828506768205,6.7752588588113225,0.8713869186661549,1.7957530515769204e-05
110,Metadata Gradient Boosting,Uniform signed net,2022.0667716478679,260.0465734804311,1762.0201981674368,6.775787023781074,0.8713956546209856,1.7957530515769204e-05
110,Metadata Gradient Boosting,Nodal signed linear,2021.9294241572516,260.0465734804311,1761.8828506768205,6.7752588588113225,0.8713869186661549,1.7957530515769204e-05
110,Metadata Gradient Boosting,Nodal exact net value,2014.6605478576093,260.0465734804311,1754.6139743771782,6.747306649319167,0.8709228838788923,1.7957530515769204e-05
110,Ex-post Metadata Gradient Boosting,Uniform gross,2503.1208788176045,260.0465734804311,2243.0743053371734,8.625663762133625,0.8961110605240651,1.7957530515769204e-05
110,Ex-post Metadata Gradient Boosting,Nodal gross,2502.9491126531307,260.0465734804311,2242.9025391726996,8.625003241357769,0.8961039310923979,1.7957530515769204e-05
110,Ex-post Metadata Gradient Boosting,Uniform signed net,2503.1208788176045,260.0465734804311,2243.0743053371734,8.625663762133625,0.8961110605240651,1.7957530515769204e-05
110,Ex-post Metadata Gradient Boosting,Nodal signed linear,2502.9491126531307,260.0465734804311,2242.9025391726996,8.625003241357769,0.8961039310923979,1.7957530515769204e-05
110,Ex-post Metadata Gradient Boosting,Nodal exact net value,2493.0015551759716,260.0465734804311,2232.9549816955405,8.586750257117208,0.8956893657204015,1.7957530515769204e-05
110,Ex-post Quantile Gradient Boosting,Uniform gross,776.7488554251406,260.0465734804311,516.7022819447095,1.9869605472174858,0.6652115137806043,1.7957530515769204e-05
110,Ex-post Quantile Gradient Boosting,Nodal gross,776.7272548770629,260.0465734804311,516.6806813966318,1.986877483065597,0.6652022034149038,1.7957530515769204e-05
110,Ex-post Quantile Gradient Boosting,Uniform signed net,776.7488554251406,260.0465734804311,516.7022819447095,1.9869605472174858,0.6652115137806043,1.7957530515769204e-05
110,Ex-post Quantile Gradient Boosting,Nodal signed linear,776.7272548770629,260.0465734804311,516.6806813966318,1.986877483065597,0.6652022034149038,1.7957530515769204e-05
110,Ex-post Quantile Gradient Boosting,Nodal exact net value,776.032173938147,260.0465734804311,515.9856004577159,1.9842045736339786,0.6649023298083542,1.7957530515769204e-05
110,Synthetic Control,Uniform gross,1509.5584410151407,260.0465734804311,1249.5118675347096,4.804954169598921,0.8277333514126447,1.7957530515769204e-05
110,Synthetic Control,Nodal gross,1509.4624762701133,260.0465734804311,1249.4159027896821,4.804585140529462,0.8277223994842143,1.7957530515769204e-05
110,Synthetic Control,Uniform signed net,1334.6205770070321,260.0465734804311,1074.574003526601,4.132236734153563,0.8051531813906231,1.7957530515769204e-05
110,Synthetic Control,Nodal signed linear,1334.5267524637795,260.0465734804311,1074.4801789833484,4.131875935155149,0.8051394825916095,1.7957530515769204e-05
110,Synthetic Control,Nodal exact net value,1330.1491452937262,260.0465734804311,1070.102571813295,4.115041999943221,0.8044981839814609,1.7957530515769204e-05
110,Feasible Quantile Projection,Uniform gross,49.97298096280207,260.0465734804311,-210.07359251762904,0.8078306501255914,0.0,1.7957530515769204e-05
110,Feasible Quantile Projection,Nodal gross,49.97156677989874,260.0465734804311,-210.07500670053236,0.8078360883164677,0.0,1.7957530515769204e-05
110,Feasible Quantile Projection,Uniform signed net,10.445551395286522,260.0465734804311,-249.6010220851446,0.9598319975707253,0.0,1.7957530515769204e-05
110,Feasible Quantile Projection,Nodal signed linear,10.444957970971757,260.0465734804311,-249.60161550945935,0.9598342795631655,0.0,1.7957530515769204e-05
110,Feasible Quantile Projection,Nodal exact net value,10.444957970961696,260.0465734804311,-249.6016155094694,0.9598342795632041,0.0,1.7957530515769204e-05
110,Tail-Risk Feasible Counterfactual,Uniform gross,44.311133286416606,260.0465734804311,-215.7354401940145,0.8296030872725532,0.0,1.7957530515769204e-05
110,Tail-Risk Feasible Counterfactual,Nodal gross,44.31007928126671,260.0465734804311,-215.73649419916438,0.8296071404124803,0.0,1.7957530515769204e-05
110,Tail-Risk Feasible Counterfactual,Uniform signed net,4.442893422638506,260.0465734804311,-255.6036800577926,0.9829150087879437,0.0,1.7957530515769204e-05
110,Tail-Risk Feasible Counterfactual,Nodal signed linear,4.44267371949178,260.0465734804311,-255.60389976093933,0.9829158536487077,0.0,1.7957530515769204e-05
110,Tail-Risk Feasible Counterfactual,Nodal exact net value,4.442673719480808,260.0465734804311,-255.6038997609503,0.9829158536487499,0.0,1.7957530515769204e-05
110,Single Feasible Projection,Uniform gross,43.37082935246465,260.0465734804311,-216.67574412796645,0.8332189931519003,0.0,1.7957530515769204e-05
110,Single Feasible Projection,Nodal gross,43.36967753157775,260.0465734804311,-216.67689594885337,0.8332234224388219,0.0,1.7957530515769204e-05
110,Single Feasible Projection,Uniform signed net,0.0,260.0465734804311,-260.0465734804311,1.0,0.0,1.7957530515769204e-05
110,Single Feasible Projection,Nodal signed linear,-0.00017832995030087062,260.0465734804311,-260.0467518103814,1.0000006857615846,0.0,1.7957530515769204e-05
110,Single Feasible Projection,Nodal exact net value,-0.00017832995945354924,260.0465734804311,-260.04675181039056,1.0000006857616197,0.0,1.7957530515769204e-05
110,Risk-Constrained Convex Verifier,Uniform gross,43.37082935246465,260.0465734804311,-216.67574412796645,0.8332189931519003,0.0,1.7957530515769204e-05
110,Risk-Constrained Convex Verifier,Nodal gross,43.36967753157775,260.0465734804311,-216.67689594885337,0.8332234224388219,0.0,1.7957530515769204e-05
110,Risk-Constrained Convex Verifier,Uniform signed net,0.0,260.0465734804311,-260.0465734804311,1.0,0.0,1.7957530515769204e-05
110,Risk-Constrained Convex Verifier,Nodal signed linear,-0.00017832995030087062,260.0465734804311,-260.0467518103814,1.0000006857615846,0.0,1.7957530515769204e-05
110,Risk-Constrained Convex Verifier,Nodal exact net value,-0.00017832995945354924,260.0465734804311,-260.04675181039056,1.0000006857616197,0.0,1.7957530515769204e-05
110,Trace-Anchored Reference,Uniform gross,259.219178492943,260.0465734804311,-0.8273949874881055,0.003181718476095853,0.0,1.7957530515769204e-05
110,Trace-Anchored Reference,Nodal gross,259.22293200739534,260.0465734804311,-0.8236414730357637,0.0031672844675945866,0.0,1.7957530515769204e-05
110,Trace-Anchored Reference,Uniform signed net,259.219178492943,260.0465734804311,-0.8273949874881055,0.003181718476095853,0.0,1.7957530515769204e-05
110,Trace-Anchored Reference,Nodal signed linear,259.22293200739534,260.0465734804311,-0.8236414730357637,0.0031672844675945866,0.0,1.7957530515769204e-05
110,Trace-Anchored Reference,Nodal exact net value,258.52785106850934,260.0465734804311,-1.5187224119217717,0.00584019389909807,0.0,1.7957530515769204e-05
111,High-5-of-10,Uniform gross,2938.0152335205416,495.5916937678412,2442.4235397527004,4.928297972840618,0.8313175207148304,3.442871770222011e-05
111,High-5-of-10,Nodal gross,2937.7321799492915,495.5916937678412,2442.1404861814503,4.927726830154392,0.8313012679813462,3.442871770222011e-05
111,High-5-of-10,Uniform signed net,2463.52759675897,495.5916937678412,1967.9359029911288,3.9708815295701947,0.79882843836625,3.442871770222011e-05
111,High-5-of-10,Nodal signed linear,2463.2340080002027,495.5916937678412,1967.6423142323615,3.9702891290871776,0.7988044610628807,3.442871770222011e-05
111,High-5-of-10,Nodal exact net value,2452.29923405945,495.5916937678412,1956.707540291609,3.9482250507778365,0.7979073324801982,3.442871770222011e-05
111,Ridge,Uniform gross,1656.432309206684,495.5916937678412,1160.8406154388429,2.3423326702941796,0.7008077595364007,3.442871770222011e-05
111,Ridge,Nodal gross,1656.2988135481098,495.5916937678412,1160.7071197802686,2.3420633040795056,0.7007836450077576,3.442871770222011e-05
111,Ridge,Uniform signed net,1480.6476190820779,495.5916937678412,985.0559253142367,1.9876360675562166,0.665287211230528,3.442871770222011e-05
111,Ridge,Nodal signed linear,1480.5162021497977,495.5916937678412,984.9245083819565,1.9873708957748233,0.6652575006958974,3.442871770222011e-05
111,Ridge,Nodal exact net value,1475.190538158211,495.5916937678412,979.5988443903698,1.9766248238398858,0.6640490289569021,3.442871770222011e-05
111,Gradient Boosting,Uniform gross,2211.3927168075825,495.5916937678412,1715.8010230397413,3.4621262717197685,0.7758915953728522,3.442871770222011e-05
111,Gradient Boosting,Nodal gross,2211.234386913504,495.5916937678412,1715.6426931456626,3.46180679523122,0.7758755486524427,3.442871770222011e-05
111,Gradient Boosting,Uniform signed net,2050.0192742122927,495.5916937678412,1554.4275804444515,3.1365085411875757,0.7582502272041958,3.442871770222011e-05
111,Gradient Boosting,Nodal signed linear,2049.8641503131994,495.5916937678412,1554.2724565453582,3.1361955337238836,0.7582319327394844,3.442871770222011e-05
111,Gradient Boosting,Nodal exact net value,2040.7977144910765,495.5916937678412,1545.2060207232353,3.1179013695235245,0.7571578553578353,3.442871770222011e-05
111,Extra Trees,Uniform gross,2199.0257417194025,495.5916937678412,1703.4340479515613,3.437172312152453,0.7746312449347038,3.442871770222011e-05
111,Extra Trees,Nodal gross,2198.8139336084837,495.5916937678412,1703.2222398406425,3.4367449278488373,0.7746095355351312,3.442871770222011e-05
111,Extra Trees,Uniform signed net,2015.6405081540454,495.5916937678412,1520.0488143862042,3.06713940830951,0.7541269428933477,3.442871770222011e-05
111,Extra Trees,Nodal signed linear,2015.4310897459522,495.5916937678412,1519.839395978111,3.066716845924533,0.7541013948384059,3.442871770222011e-05
111,Extra Trees,Nodal exact net value,2006.130358099399,495.5916937678412,1510.5386643315578,3.0479499219354675,0.7529613707469324,3.442871770222011e-05
111,Metadata Gradient Boosting,Uniform gross,1650.0562817016294,495.5916937678412,1154.4645879337882,2.329467185288611,0.6996516426356321,3.442871770222011e-05
111,Metadata Gradient Boosting,Nodal gross,1649.9540678414337,495.5916937678412,1154.3623740735925,2.329260939176174,0.6996330361994845,3.442871770222011e-05
111,Metadata Gradient Boosting,Uniform signed net,1447.7771408641834,495.5916937678412,952.1854470963422,1.9213103429098053,0.6576878583177376,3.442871770222011e-05
111,Metadata Gradient Boosting,Nodal signed linear,1447.67791942263,495.5916937678412,952.0862256547889,1.9211101348699995,0.6576643968117608,3.442871770222011e-05
111,Metadata Gradient Boosting,Nodal exact net value,1442.3522554310548,495.5916937678412,946.7605616632136,1.910364062935085,0.6564003752192068,3.442871770222011e-05
111,Ex-post Metadata Gradient Boosting,Uniform gross,3170.2823187401095,495.5916937678412,2674.6906249722683,5.396964191706613,0.8436758484131494,3.442871770222011e-05
111,Ex-post Metadata Gradient Boosting,Nodal gross,3170.1181947953105,495.5916937678412,2674.5265010274693,5.396633024040038,0.8436677551702956,3.442871770222011e-05
111,Ex-post Metadata Gradient Boosting,Uniform signed net,2980.7591694352045,495.5916937678412,2485.1674756673633,5.0145462624148305,0.8337364189466718,3.442871770222011e-05
111,Ex-post Metadata Gradient Boosting,Nodal signed linear,2980.5983054860058,495.5916937678412,2485.0066117181645,5.014221672735016,0.8337274456421487,3.442871770222011e-05
111,Ex-post Metadata Gradient Boosting,Nodal exact net value,2972.293460956884,495.5916937678412,2476.7017671890426,4.99746423988544,0.833262865770901,3.442871770222011e-05
111,Ex-post Quantile Gradient Boosting,Uniform gross,935.6327028261528,495.5916937678412,440.0410090583116,0.8879103798387061,0.47031383974623037,3.442871770222011e-05
111,Ex-post Quantile Gradient Boosting,Nodal gross,935.6128684814757,495.5916937678412,440.02117471363454,0.8878703582949101,0.4703026107665668,3.442871770222011e-05
111,Ex-post Quantile Gradient Boosting,Uniform signed net,757.5531416032255,495.5916937678412,261.9614478353843,0.5285832089794862,0.3457994343221782,3.442871770222011e-05
111,Ex-post Quantile Gradient Boosting,Nodal signed linear,757.5365886512784,495.5916937678412,261.9448948834372,0.5285498085973667,0.3457851393683902,3.442871770222011e-05
111,Ex-post Quantile Gradient Boosting,Nodal exact net value,756.9691283876673,495.5916937678412,261.3774346198261,0.5274047929105683,0.3452947086185087,3.442871770222011e-05
111,Synthetic Control,Uniform gross,2148.7779947253584,495.5916937678412,1653.1863009575172,3.3357829070717813,0.7693611462029216,3.442871770222011e-05
111,Synthetic Control,Nodal gross,2148.605165219005,495.5916937678412,1653.0134714511637,3.3354341734095208,0.7693425940743626,3.442871770222011e-05
111,Synthetic Control,Uniform signed net,1789.6709031584146,495.5916937678412,1294.0792093905734,2.6111801825249756,0.7230822198130281,3.442871770222011e-05
111,Synthetic Control,Nodal signed linear,1789.5011098009682,495.5916937678412,1293.909416033127,2.61083757517384,0.7230559450041572,3.442871770222011e-05
111,Synthetic Control,Nodal exact net value,1782.2780699258874,495.5916937678412,1286.6863761580462,2.596262997016232,0.7219335735930087,3.442871770222011e-05
111,Feasible Quantile Projection,Uniform gross,284.77050696042846,495.5916937678412,-210.82118680741274,0.4253928979410447,0.0,3.442871770222011e-05
111,Feasible Quantile Projection,Nodal gross,284.7593262388462,495.5916937678412,-210.832367528995,0.42541545829006355,0.0,3.442871770222011e-05
111,Feasible Quantile Projection,Uniform signed net,89.84132465923875,495.5916937678412,-405.75036910860246,0.8187190669476299,0.0,3.442871770222011e-05
111,Feasible Quantile Projection,Nodal signed linear,89.83404194752833,495.5916937678412,-405.75765182031284,0.8187337619310244,0.0,3.442871770222011e-05
111,Feasible Quantile Projection,Nodal exact net value,89.62606586444599,495.5916937678412,-405.9656279033952,0.8191534140069121,0.0,3.442871770222011e-05
111,Tail-Risk Feasible Counterfactual,Uniform gross,140.40991760081525,495.5916937678412,-355.181776167026,0.7166822620990296,0.0,3.442871770222011e-05
111,Tail-Risk Feasible Counterfactual,Nodal gross,140.40417442003903,495.5916937678412,-355.1875193478022,0.7166938506321879,0.0,3.442871770222011e-05
111,Tail-Risk Feasible Counterfactual,Uniform signed net,33.07182575818116,495.5916937678412,-462.51986800966006,0.9332679982855533,0.0,3.442871770222011e-05
111,Tail-Risk Feasible Counterfactual,Nodal signed linear,33.06942185996055,495.5916937678412,-462.5222719078807,0.9332728488475196,0.0,3.442871770222011e-05
111,Tail-Risk Feasible Counterfactual,Nodal exact net value,32.8614457768781,495.5916937678412,-462.7302479909631,0.9336925009234074,0.0,3.442871770222011e-05
111,Single Feasible Projection,Uniform gross,92.09580375715272,495.5916937678412,-403.49589001068847,0.8141700014038273,0.0,3.442871770222011e-05
111,Single Feasible Projection,Nodal gross,92.09218617178682,495.5916937678412,-403.4995075960544,0.8141773009316674,0.0,3.442871770222011e-05
111,Single Feasible Projection,Uniform signed net,-0.04230015458880487,495.5916937678412,-495.63399392243,1.0000853528320204,0.0,3.442871770222011e-05
111,Single Feasible Projection,Nodal signed linear,-0.04271467789375549,495.5916937678412,-495.63440844573495,1.00008618925303,0.0,3.442871770222011e-05
111,Single Feasible Projection,Nodal exact net value,-0.04271467791113537,495.5916937678412,-495.63440844575234,1.000086189253065,0.0,3.442871770222011e-05
111,Risk-Constrained Convex Verifier,Uniform gross,92.09580375715264,495.5916937678412,-403.4958900106886,0.8141700014038277,0.0,3.442871770222011e-05
111,Risk-Constrained Convex Verifier,Nodal gross,92.09218617178675,495.5916937678412,-403.49950759605446,0.8141773009316675,0.0,3.442871770222011e-05
111,Risk-Constrained Convex Verifier,Uniform signed net,-0.042300154588872374,495.5916937678412,-495.6339939224301,1.0000853528320204,0.0,3.442871770222011e-05
111,Risk-Constrained Convex Verifier,Nodal signed linear,-0.042714677893822994,495.5916937678412,-495.634408445735,1.0000861892530302,0.0,3.442871770222011e-05
111,Risk-Constrained Convex Verifier,Nodal exact net value,-0.04271467791113537,495.5916937678412,-495.63440844575234,1.000086189253065,0.0,3.442871770222011e-05
111,Trace-Anchored Reference,Uniform gross,651.9320441770938,495.5916937678412,156.34035040925255,0.3154620070821644,0.23981080820562267,3.442871770222011e-05
111,Trace-Anchored Reference,Nodal gross,651.934621643837,495.5916937678412,156.34292787599577,0.3154672078689726,0.23981381366398513,3.442871770222011e-05
111,Trace-Anchored Reference,Uniform signed net,493.9009037129442,495.5916937678412,-1.6907900548969792,0.003411659388482459,0.0,3.442871770222011e-05
111,Trace-Anchored Reference,Nodal signed linear,493.906916083886,495.5916937678412,-1.6847776839551898,0.0033995276860802675,0.0,3.442871770222011e-05
111,Trace-Anchored Reference,Nodal exact net value,493.33945582028537,495.5916937678412,-2.252237947555841,0.004544543372857449,0.0,3.442871770222011e-05
112,High-5-of-10,Uniform gross,2793.1955587756515,694.662210163151,2098.5333486125005,3.020940707454967,0.7513019781301514,2.55630907867177e-05
112,High-5-of-10,Nodal gross,2792.8940049903413,694.662210163151,2098.2317948271902,3.0205066061307573,0.751275125757752,2.55630907867177e-05
112,High-5-of-10,Uniform signed net,2556.4788967828435,694.662210163151,1861.8166866196925,2.6801755722143272,0.7282738335773722,2.55630907867177e-05
112,High-5-of-10,Nodal signed linear,2556.1706523390662,694.662210163151,1861.5084421759152,2.679731839362205,0.7282410665627943,2.55630907867177e-05
112,High-5-of-10,Nodal exact net value,2542.710468482859,694.662210163151,1848.048258319708,2.6603552507709733,0.7268024736699062,2.55630907867177e-05
112,Ridge,Uniform gross,2521.219430521033,694.662210163151,1826.5572203578818,2.6294178575352323,0.7244737202348179,2.55630907867177e-05
112,Ridge,Nodal gross,2521.006954204734,694.662210163151,1826.344744041583,2.629111987555276,0.7244504982405786,2.55630907867177e-05
112,Ridge,Uniform signed net,2507.122933401335,694.662210163151,1812.460723238184,2.609125265087477,0.7229245519202664,2.55630907867177e-05
112,Ridge,Nodal signed linear,2506.9117835320603,694.662210163151,1812.2495733689093,2.608821304592454,0.7229012146632374,2.55630907867177e-05
112,Ridge,Nodal exact net value,2492.675201203354,694.662210163151,1798.012991040203,2.588327052680633,0.7213186018668623,2.55630907867177e-05
112,Gradient Boosting,Uniform gross,4489.884039135709,694.662210163151,3795.221828972558,5.463406204407171,0.8452828170820929,2.55630907867177e-05
112,Gradient Boosting,Nodal gross,4489.5965186802405,694.662210163151,3794.9343085170894,5.462992304743044,0.8452729087630009,2.55630907867177e-05
112,Gradient Boosting,Uniform signed net,4480.7169814345425,694.662210163151,3786.0547712713915,5.45020977948719,0.8449662826191828,2.55630907867177e-05
112,Gradient Boosting,Nodal signed linear,4480.430463906811,694.662210163151,3785.7682537436604,5.449797323586266,0.8449563684205859,2.55630907867177e-05
112,Gradient Boosting,Nodal exact net value,4458.74159083073,694.662210163151,3764.0793806675792,5.418575137092218,0.8442021821601631,2.55630907867177e-05
112,Extra Trees,Uniform gross,5073.119648935934,694.662210163151,4378.457438772783,6.303002199794978,0.8630700124904696,2.55630907867177e-05
112,Extra Trees,Nodal gross,5072.770330914203,694.662210163151,4378.108120751052,6.302499339531933,0.863060583301046,2.55630907867177e-05
112,Extra Trees,Uniform signed net,4884.292588130154,694.662210163151,4189.630377967003,6.031176472062603,0.8577762905008344,2.55630907867177e-05
112,Extra Trees,Nodal signed linear,4883.9473584127645,694.662210163151,4189.2851482496135,6.030679497112276,0.857766237187923,2.55630907867177e-05
112,Extra Trees,Nodal exact net value,4861.357636048255,694.662210163151,4166.695425885104,5.998160494301969,0.8571053063423998,2.55630907867177e-05
112,Metadata Gradient Boosting,Uniform gross,2519.9218931757578,694.662210163151,1825.2596830126067,2.6275499894890197,0.7243318485210286,2.55630907867177e-05
112,Metadata Gradient Boosting,Nodal gross,2519.764890686955,694.662210163151,1825.1026805238039,2.627323976778805,0.7243146720828515,2.55630907867177e-05
112,Metadata Gradient Boosting,Uniform signed net,2519.0739451130075,694.662210163151,1824.4117349498565,2.626329327057201,0.7242390555819956,2.55630907867177e-05
112,Metadata Gradient Boosting,Nodal signed linear,2518.917029740925,694.662210163151,1824.254819577774,2.6261034397557377,0.7242218771157388,2.55630907867177e-05
112,Metadata Gradient Boosting,Nodal exact net value,2506.5612375049386,694.662210163151,1811.8990273417876,2.6083166765559884,0.7228624620180331,2.55630907867177e-05
112,Ex-post Metadata Gradient Boosting,Uniform gross,4364.629316986164,694.662210163151,3669.9671068230127,5.283095946677552,0.8408427933479526,2.55630907867177e-05
112,Ex-post Metadata Gradient Boosting,Nodal gross,4364.415684832264,694.662210163151,3669.7534746691126,5.282788412813215,0.8408350028212657,2.55630907867177e-05
112,Ex-post Metadata Gradient Boosting,Uniform signed net,4364.629316986164,694.662210163151,3669.9671068230127,5.283095946677552,0.8408427933479526,2.55630907867177e-05
112,Ex-post Metadata Gradient Boosting,Nodal signed linear,4364.415684832264,694.662210163151,3669.7534746691126,5.282788412813215,0.8408350028212657,2.55630907867177e-05
112,Ex-post Metadata Gradient Boosting,Nodal exact net value,4342.785509307621,694.662210163151,3648.1232991444704,5.251650724296141,0.840042247383776,2.55630907867177e-05
112,Ex-post Quantile Gradient Boosting,Uniform gross,1424.3444967586047,694.662210163151,729.6822865954537,1.0504131013893467,0.512293401109071,2.55630907867177e-05
112,Ex-post Quantile Gradient Boosting,Nodal gross,1424.2898681653787,694.662210163151,729.6276580022277,1.0503344608754008,0.5122746951377656,2.55630907867177e-05
112,Ex-post Quantile Gradient Boosting,Uniform signed net,1422.9406734987047,694.662210163151,728.2784633355536,1.0483922296053896,0.5118122469188218,2.55630907867177e-05
112,Ex-post Quantile Gradient Boosting,Nodal signed linear,1422.886157308837,694.662210163151,728.223947145686,1.048313750901539,0.5117935425860111,2.55630907867177e-05
112,Ex-post Quantile Gradient Boosting,Nodal exact net value,1420.58210813006,694.662210163151,725.919897966909,1.0449969601720765,0.5110017181072705,2.55630907867177e-05
112,Synthetic Control,Uniform gross,2301.188272054823,694.662210163151,1606.5260618916718,2.3126723152456456,0.6981289107897029,2.55630907867177e-05
112,Synthetic Control,Nodal gross,2300.9999620816225,694.662210163151,1606.3377519184714,2.312401233890643,0.698104206166645,2.55630907867177e-05
112,Synthetic Control,Uniform signed net,2219.593880006105,694.662210163151,1524.9316698429539,2.1952132238268764,0.6870318410856132,2.55630907867177e-05
112,Synthetic Control,Nodal signed linear,2219.4090392500743,694.662210163151,1524.7468290869233,2.194947136578533,0.687005775916875,2.55630907867177e-05
112,Synthetic Control,Nodal exact net value,2211.6233748365557,694.662210163151,1516.9611646734047,2.183739294407746,0.6859039300873332,2.55630907867177e-05
112,Feasible Quantile Projection,Uniform gross,127.2220617217154,694.662210163151,-567.4401484414357,0.8168576613778437,0.0,2.55630907867177e-05
112,Feasible Quantile Projection,Nodal gross,127.22383673826374,694.662210163151,-567.4383734248872,0.8168551061552873,0.0,2.55630907867177e-05
112,Feasible Quantile Projection,Uniform signed net,52.58818164097265,694.662210163151,-642.0740285221784,0.9242967576592059,0.0,2.55630907867177e-05
112,Feasible Quantile Projection,Nodal signed linear,52.59267464780543,694.662210163151,-642.0695355153456,0.9242902897575883,0.0,2.55630907867177e-05
112,Feasible Quantile Projection,Nodal exact net value,52.55457063759968,694.662210163151,-642.1076395255513,0.92434514233147,0.0,2.55630907867177e-05
112,Tail-Risk Feasible Counterfactual,Uniform gross,135.70590557948236,694.662210163151,-558.9563045836687,0.8046447559777149,0.0,2.55630907867177e-05
112,Tail-Risk Feasible Counterfactual,Nodal gross,135.70248927987166,694.662210163151,-558.9597208832794,0.804649673906977,0.0,2.55630907867177e-05
112,Tail-Risk Feasible Counterfactual,Uniform signed net,66.46337113580567,694.662210163151,-628.1988390273453,0.9043227482891348,0.0,2.55630907867177e-05
112,Tail-Risk Feasible Counterfactual,Nodal signed linear,66.46259860446733,694.662210163151,-628.1996115586837,0.904323860385528,0.0,2.55630907867177e-05
112,Tail-Risk Feasible Counterfactual,Nodal exact net value,66.2842234118798,694.662210163151,-628.3779867512712,0.9045806401411817,0.0,2.55630907867177e-05
112,Single Feasible Projection,Uniform gross,74.43543749002282,694.662210163151,-620.2267726731282,0.8928465714688284,0.0,2.55630907867177e-05
112,Single Feasible Projection,Nodal gross,74.43302959780044,694.662210163151,-620.2291805653506,0.8928500377466643,0.0,2.55630907867177e-05
112,Single Feasible Projection,Uniform signed net,0.0,694.662210163151,-694.662210163151,1.0,0.0,2.55630907867177e-05
112,Single Feasible Projection,Nodal signed linear,-0.0003728004112675265,694.662210163151,-694.6625829635623,1.0000005366643037,0.0,2.55630907867177e-05
112,Single Feasible Projection,Nodal exact net value,-0.0003728004012373276,694.662210163151,-694.6625829635523,1.0000005366642892,0.0,2.55630907867177e-05
112,Risk-Constrained Convex Verifier,Uniform gross,74.43543749002282,694.662210163151,-620.2267726731282,0.8928465714688284,0.0,2.55630907867177e-05
112,Risk-Constrained Convex Verifier,Nodal gross,74.43302959780044,694.662210163151,-620.2291805653506,0.8928500377466643,0.0,2.55630907867177e-05
112,Risk-Constrained Convex Verifier,Uniform signed net,0.0,694.662210163151,-694.662210163151,1.0,0.0,2.55630907867177e-05
112,Risk-Constrained Convex Verifier,Nodal signed linear,-0.0003728004112675265,694.662210163151,-694.6625829635623,1.0000005366643037,0.0,2.55630907867177e-05
112,Risk-Constrained Convex Verifier,Nodal exact net value,-0.0003728004012373276,694.662210163151,-694.6625829635523,1.0000005366642892,0.0,2.55630907867177e-05
112,Trace-Anchored Reference,Uniform gross,696.4207994716654,694.662210163151,1.758589308514388,0.0025315747463812073,0.002525182059249995,2.55630907867177e-05
112,Trace-Anchored Reference,Nodal gross,696.4189700197999,694.662210163151,1.7567598566488414,0.0025289411615412936,0.0025225617512959118,2.55630907867177e-05
112,Trace-Anchored Reference,Uniform signed net,692.37395812322,694.662210163151,-2.2882520399310806,0.0032940499806282148,0.0,2.55630907867177e-05
112,Trace-Anchored Reference,Nodal signed linear,692.3722967382491,694.662210163151,-2.289913424901897,0.0032964416250080442,0.0,2.55630907867177e-05
112,Trace-Anchored Reference,Nodal exact net value,691.8915237139372,694.662210163151,-2.7706864492138266,0.003988537750690501,0.0,2.55630907867177e-05
113,High-5-of-10,Uniform gross,3239.2039664461254,59.92631298431661,3179.2776534618088,53.05311632127045,0.981499679055387,3.861597885873591e-06
113,High-5-of-10,Nodal gross,3238.842417869061,59.92631298431661,3178.9161048847445,53.04708310215418,0.9814976138839925,3.861597885873591e-06
113,High-5-of-10,Uniform signed net,2622.201817486877,59.92631298431661,2562.2755045025606,42.75710246303885,0.9771465672151238,3.861597885873591e-06
113,High-5-of-10,Nodal signed linear,2621.837256664119,59.92631298431661,2561.9109436798026,42.751018978095374,0.9771433894945243,3.861597885873591e-06
113,High-5-of-10,Nodal exact net value,2610.7304561429846,59.92631298431661,2550.804143158668,42.565678015703085,0.9770461508796087,3.861597885873591e-06
113,Ridge,Uniform gross,2499.8585858533243,59.92631298431661,2439.9322728690076,40.71554132668842,0.9760281188210249,3.861597885873591e-06
113,Ridge,Nodal gross,2499.6102203341593,59.92631298431661,2439.6839073498427,40.71139681141964,0.9760257369341747,3.861597885873591e-06
113,Ridge,Uniform signed net,2165.891608281942,59.92631298431661,2105.9652952976253,35.14258078665344,0.9723318042531905,3.861597885873591e-06
113,Ridge,Nodal signed linear,2165.650590038646,59.92631298431661,2105.7242770543294,35.13855887655596,0.972328725021497,3.861597885873591e-06
113,Ridge,Nodal exact net value,2154.7821063994634,59.92631298431661,2094.8557934151468,34.957194746210966,0.9721891541579345,3.861597885873591e-06
113,Gradient Boosting,Uniform gross,3459.2182350268718,59.92631298431661,3399.291922042555,56.72452972256424,0.9826763421927177,3.861597885873591e-06
113,Gradient Boosting,Nodal gross,3458.947165184637,59.92631298431661,3399.0208522003204,56.72000633661347,0.9826749845769565,3.861597885873591e-06
113,Gradient Boosting,Uniform signed net,3174.982260074891,59.92631298431661,3115.0559470905746,51.98143840262323,0.9811254652544411,3.861597885873591e-06
113,Gradient Boosting,Nodal signed linear,3174.7173370298938,59.92631298431661,3114.791024045577,51.97701758926422,0.9811238902168278,3.861597885873591e-06
113,Gradient Boosting,Nodal exact net value,3157.4467795377277,59.92631298431661,3097.520466553411,51.68882102531599,0.9810206419399758,3.861597885873591e-06
113,Extra Trees,Uniform gross,5206.69958694595,59.92631298431661,5146.773273961633,85.88503142698937,0.9884905376268373,3.861597885873591e-06
113,Extra Trees,Nodal gross,5206.275597377145,59.92631298431661,5146.349284392828,85.87795624502522,0.9884896003172582,3.861597885873591e-06
113,Extra Trees,Uniform signed net,4825.56451207347,59.92631298431661,4765.638199089153,79.52496927912742,0.9875814916919291,3.861597885873591e-06
113,Extra Trees,Nodal signed linear,4825.136743434527,59.92631298431661,4765.21043045021,79.51783103521352,0.987580390739007,3.861597885873591e-06
113,Extra Trees,Nodal exact net value,4806.472916014187,59.92631298431661,4746.54660302987,79.20638475242245,0.987532164638928,3.861597885873591e-06
113,Metadata Gradient Boosting,Uniform gross,3259.4594237838746,59.92631298431661,3199.533110799558,53.39112238787178,0.9816146467272941,3.861597885873591e-06
113,Metadata Gradient Boosting,Nodal gross,3259.223065808796,59.92631298431661,3199.2967528244794,53.3871782444178,0.9816133134264483,3.861597885873591e-06
113,Metadata Gradient Boosting,Uniform signed net,3001.0411699909073,59.92631298431661,2941.1148570065907,49.07885552338776,0.9800314925421373,3.861597885873591e-06
113,Metadata Gradient Boosting,Nodal signed linear,3000.810807156034,59.92631298431661,2940.8844941717175,49.075011421800305,0.9800299596224425,3.861597885873591e-06
113,Metadata Gradient Boosting,Nodal exact net value,2988.076046353359,59.92631298431661,2928.149733369042,48.86250442498226,0.9799448501126835,3.861597885873591e-06
113,Ex-post Metadata Gradient Boosting,Uniform gross,2283.7671112213397,59.92631298431661,2223.840798237023,37.10958821743342,0.9737598844077107,3.861597885873591e-06
113,Ex-post Metadata Gradient Boosting,Nodal gross,2283.584322667719,59.92631298431661,2223.6580096834023,37.106537995510564,0.9737577840286143,3.861597885873591e-06
113,Ex-post Metadata Gradient Boosting,Uniform signed net,2025.8150682542457,59.92631298431661,1965.888755269929,32.80510108780469,0.9704186655912485,3.861597885873591e-06
113,Ex-post Metadata Gradient Boosting,Nodal signed linear,2025.637084423208,59.92631298431661,1965.7107714388915,32.8021310430585,0.9704160664093586,3.861597885873591e-06
113,Ex-post Metadata Gradient Boosting,Nodal exact net value,2015.221660359719,59.92631298431661,1955.2953473754023,32.62832719054692,0.9702631655052677,3.861597885873591e-06
113,Ex-post Quantile Gradient Boosting,Uniform gross,1498.231620570048,59.92631298431661,1438.3053075857315,24.00123144506074,0.9600019702150487,3.861597885873591e-06
113,Ex-post Quantile Gradient Boosting,Nodal gross,1498.1245958426387,59.92631298431661,1438.198282858322,23.999445506262244,0.9599991127903416,3.861597885873591e-06
113,Ex-post Quantile Gradient Boosting,Uniform signed net,1165.2315530249816,59.92631298431661,1105.305240040665,18.444405887776472,0.9485713265927739,3.861597885873591e-06
113,Ex-post Quantile Gradient Boosting,Nodal signed linear,1165.1280454492214,59.92631298431661,1105.2017324649048,18.44267864025188,0.9485667577753554,3.861597885873591e-06
113,Ex-post Quantile Gradient Boosting,Nodal exact net value,1162.4827331210035,59.92631298431661,1102.556420136687,18.39853588898817,0.9484497177661917,3.861597885873591e-06
113,Synthetic Control,Uniform gross,1084.7901661915712,59.92631298431661,1024.8638532072546,17.10206755879463,0.9447576915315309,3.861597885873591e-06
113,Synthetic Control,Nodal gross,1084.7259069143547,59.92631298431661,1024.799593930038,17.100995253925262,0.9447544189713465,3.861597885873591e-06
113,Synthetic Control,Uniform signed net,395.0712663484376,59.92631298431661,335.14495336412097,5.592617611095683,0.8483151823765793,3.861597885873591e-06
113,Synthetic Control,Nodal signed linear,395.00896805892074,59.92631298431661,335.08265507460413,5.591578029542699,0.8482912596167239,3.861597885873591e-06
113,Synthetic Control,Nodal exact net value,393.5138392220397,59.92631298431661,333.58752623772307,5.5666285747469,0.847714852664932,3.861597885873591e-06
113,Feasible Quantile Projection,Uniform gross,335.63226834555667,59.92631298431661,275.70595536124006,4.600749514381027,0.8214524685611625,3.861597885873591e-06
113,Feasible Quantile Projection,Nodal gross,335.61215507366006,59.92631298431661,275.68584208934345,4.600413880985696,0.8214417681887475,3.861597885873591e-06
113,Feasible Quantile Projection,Uniform signed net,-0.07203798535853956,59.92631298431661,-59.99835096967515,1.0012021094202375,0.0,3.861597885873591e-06
113,Feasible Quantile Projection,Nodal signed linear,-0.08801575714485832,59.92631298431661,-60.01432874146147,1.0014687330616836,0.0,3.861597885873591e-06
113,Feasible Quantile Projection,Nodal exact net value,-0.0880157571300515,59.92631298431661,-60.01432874144666,1.0014687330614365,0.0,3.861597885873591e-06
113,Tail-Risk Feasible Counterfactual,Uniform gross,291.43279319279634,59.92631298431661,231.50648020847973,3.863185780661453,0.7943734734592048,3.861597885873591e-06
113,Tail-Risk Feasible Counterfactual,Nodal gross,291.4147440341533,59.92631298431661,231.48843104983666,3.8628845914551726,0.7943607377075836,3.861597885873591e-06
113,Tail-Risk Feasible Counterfactual,Uniform signed net,-0.03102967480606787,59.92631298431661,-59.95734265912268,1.000517797162228,0.0,3.861597885873591e-06
113,Tail-Risk Feasible Counterfactual,Nodal signed linear,-0.038387458013419584,59.92631298431661,-59.96470044233003,1.000640577671172,0.0,3.861597885873591e-06
113,Tail-Risk Feasible Counterfactual,Nodal exact net value,-0.0383874580002157,59.92631298431661,-59.964700442316826,1.0006405776709517,0.0,3.861597885873591e-06
113,Single Feasible Projection,Uniform gross,283.15600717067275,59.92631298431661,223.22969418635614,3.72506972429253,0.7883629113748736,3.861597885873591e-06
113,Single Feasible Projection,Nodal gross,283.13993872672734,59.92631298431661,223.21362574241073,3.7248015875902167,0.788350900781417,3.861597885873591e-06
113,Single Feasible Projection,Uniform signed net,-0.12424636200015371,59.92631298431661,-60.05055934631676,1.0020733189781368,0.0,3.861597885873591e-06
113,Single Feasible Projection,Nodal signed linear,-0.12802017922164666,59.92631298431661,-60.05433316353826,1.0021362932716242,0.0,3.861597885873591e-06
113,Single Feasible Projection,Nodal exact net value,-0.12802017921057995,59.92631298431661,-60.05433316352719,1.0021362932714397,0.0,3.861597885873591e-06
113,Risk-Constrained Convex Verifier,Uniform gross,283.15600717067275,59.92631298431661,223.22969418635614,3.72506972429253,0.7883629113748736,3.861597885873591e-06
113,Risk-Constrained Convex Verifier,Nodal gross,283.13993872672734,59.92631298431661,223.21362574241073,3.7248015875902167,0.788350900781417,3.861597885873591e-06
113,Risk-Constrained Convex Verifier,Uniform signed net,-0.12424636200015371,59.92631298431661,-60.05055934631676,1.0020733189781368,0.0,3.861597885873591e-06
113,Risk-Constrained Convex Verifier,Nodal signed linear,-0.12802017922164666,59.92631298431661,-60.05433316353826,1.0021362932716242,0.0,3.861597885873591e-06
113,Risk-Constrained Convex Verifier,Nodal exact net value,-0.12802017921057995,59.92631298431661,-60.05433316352719,1.0021362932714397,0.0,3.861597885873591e-06
113,Trace-Anchored Reference,Uniform gross,326.2898721352338,59.92631298431661,266.3635591509172,4.444851449823511,0.8163402602962816,3.861597885873591e-06
113,Trace-Anchored Reference,Nodal gross,326.28401320075113,59.92631298431661,266.3577002164345,4.444753680843728,0.8163369624013848,3.861597885873591e-06
113,Trace-Anchored Reference,Uniform signed net,59.955932033887,59.92631298431661,0.02961904957039252,0.0004942578325842299,0.0004940136624621543,3.861597885873591e-06
113,Trace-Anchored Reference,Nodal signed linear,59.95372298162839,59.92631298431661,0.02740999731177851,0.00045739502310032014,0.0004571859085411218,3.861597885873591e-06
113,Trace-Anchored Reference,Nodal exact net value,59.61985529746744,59.92631298431661,-0.3064576868491713,0.0051139085918630554,0.0,3.861597885873591e-06
114,High-5-of-10,Uniform gross,3062.7912421207193,766.4305193832661,2296.360722737453,2.9961759933376566,0.7497607708801665,0.0025101769827039766
114,High-5-of-10,Nodal gross,3062.4355096440613,766.4305193832661,2296.0049902607952,2.995711851490925,0.7497317030939383,0.0025101769827039766
114,High-5-of-10,Uniform signed net,1674.342788656207,766.4305193832661,907.9122692729409,1.1845982725264161,0.5422499355712056,0.0025101769827039766
114,High-5-of-10,Nodal signed linear,1673.9744631654073,766.4305193832661,907.5439437821412,1.1841176999481007,0.5421492165812483,0.0025101769827039766
114,High-5-of-10,Nodal exact net value,1653.0275526285222,766.4305193832661,886.5970332452562,1.1567872244423227,0.5363474019749127,0.0025101769827039766
114,Ridge,Uniform gross,1902.9122526311294,766.4305193832661,1136.4817332478633,1.4828242149886872,0.5972328633001687,0.0025101769827039766
114,Ridge,Nodal gross,1902.7518282400993,766.4305193832661,1136.3213088568332,1.4826149013105743,0.5971989052864787,0.0025101769827039766
114,Ridge,Uniform signed net,652.3464495071963,766.4305193832661,-114.08406987606975,0.14885115739893984,0.0,0.0025101769827039766
114,Ridge,Nodal signed linear,652.1836799016022,766.4305193832661,-114.24683948166387,0.14906353099508146,0.0,0.0025101769827039766
114,Ridge,Nodal exact net value,638.6117316581913,766.4305193832661,-127.8187877250748,0.16677152656698543,0.0,0.0025101769827039766
114,Gradient Boosting,Uniform gross,4494.645339146634,766.4305193832661,3728.214819763368,4.864387215116904,0.8294791999030601,0.0025101769827039766
114,Gradient Boosting,Nodal gross,4494.349618686503,766.4305193832661,3727.919099303237,4.864001373931497,0.8294679799282595,0.0025101769827039766
114,Gradient Boosting,Uniform signed net,3313.172702580684,766.4305193832661,2546.742183197418,3.3228611319480588,0.7686717270167411,0.0025101769827039766
114,Gradient Boosting,Nodal signed linear,3312.873312734831,766.4305193832661,2546.442793351565,3.322470503132685,0.7686508214977393,0.0025101769827039766
114,Gradient Boosting,Nodal exact net value,3286.718012019639,766.4305193832661,2520.287492636373,3.288344382037926,0.7668097729770538,0.0025101769827039766
114,Extra Trees,Uniform gross,4389.03660355604,766.4305193832661,3622.606084172774,4.726594247692309,0.825376138635459,0.0025101769827039766
114,Extra Trees,Nodal gross,4388.675295921007,766.4305193832661,3622.244776537741,4.726122831659289,0.8253617623305114,0.0025101769827039766
114,Extra Trees,Uniform signed net,2968.1167231574427,766.4305193832661,2201.6862037741766,2.872649441916584,0.7417788480474758,0.0025101769827039766
114,Extra Trees,Nodal signed linear,2967.752720900763,766.4305193832661,2201.322201517497,2.872174510076744,0.7417471765805874,0.0025101769827039766
114,Extra Trees,Nodal exact net value,2940.501982181424,766.4305193832661,2174.071462798158,2.836619116560751,0.7393538504555993,0.0025101769827039766
114,Metadata Gradient Boosting,Uniform gross,3374.6645768136364,766.4305193832661,2608.2340574303703,3.4030926371893084,0.7728869041832505,0.0025101769827039766
114,Metadata Gradient Boosting,Nodal gross,3374.513232086323,766.4305193832661,2608.082712703057,3.402895170199822,0.7728767183083726,0.0025101769827039766
114,Metadata Gradient Boosting,Uniform signed net,1985.9094053004856,766.4305193832661,1219.4788859172195,1.591114726092215,0.6140657185380023,0.0025101769827039766
114,Metadata Gradient Boosting,Nodal signed linear,1985.7558242596178,766.4305193832661,1219.3253048763518,1.5909143412732607,0.6140358698587591,0.0025101769827039766
114,Metadata Gradient Boosting,Nodal exact net value,1969.0189058445867,766.4305193832661,1202.5883864613206,1.5690768517791065,0.6107551242355822,0.0025101769827039766
114,Ex-post Metadata Gradient Boosting,Uniform gross,2759.0336594111727,766.4305193832661,1992.6031400279066,2.599848374554971,0.7222105222352249,0.0025101769827039766
114,Ex-post Metadata Gradient Boosting,Nodal gross,2758.850883145123,766.4305193832661,1992.420363761857,2.5996098972743473,0.7221921184411656,0.0025101769827039766
114,Ex-post Metadata Gradient Boosting,Uniform signed net,1390.9100013383297,766.4305193832661,624.4794819550636,0.8147894246924978,0.44897188269132526,0.0025101769827039766
114,Ex-post Metadata Gradient Boosting,Nodal signed linear,1390.7261278916378,766.4305193832661,624.2956085083717,0.8145495158657461,0.44889902906678936,0.0025101769827039766
114,Ex-post Metadata Gradient Boosting,Nodal exact net value,1373.6816285859204,766.4305193832661,607.2511092026543,0.7923107102928251,0.4420610253248883,0.0025101769827039766
114,Ex-post Quantile Gradient Boosting,Uniform gross,991.0114751388497,766.4305193832661,224.58095575558366,0.2930219375088302,0.22661791653231647,0.0025101769827039766
114,Ex-post Quantile Gradient Boosting,Nodal gross,990.9866837985604,766.4305193832661,224.55616441529435,0.2929895910147093,0.22659856896819844,0.0025101769827039766
114,Ex-post Quantile Gradient Boosting,Uniform signed net,-213.44045723221345,766.4305193832661,-979.8709766154795,1.2784863752606896,0.0,0.0025101769827039766
114,Ex-post Quantile Gradient Boosting,Nodal signed linear,-213.4674544802203,766.4305193832661,-979.8979738634864,1.2785215999122712,0.0,0.0025101769827039766
114,Ex-post Quantile Gradient Boosting,Nodal exact net value,-221.5368058822969,766.4305193832661,-987.967325265563,1.2890500838361236,0.0,0.0025101769827039766
114,Synthetic Control,Uniform gross,2287.3406272776147,766.4305193832661,1520.9101078943486,1.9844070263775504,0.6649250617755742,0.0025101769827039766
114,Synthetic Control,Nodal gross,2287.152564449485,766.4305193832661,1520.722045066219,1.9841616514565714,0.6648975099884755,0.0025101769827039766
114,Synthetic Control,Uniform signed net,805.9051571055481,766.4305193832661,39.47463772228207,0.0515045222286381,0.0489817410575425,0.0025101769827039766
114,Synthetic Control,Nodal signed linear,805.7107464154528,766.4305193832661,39.28022703218676,0.05125086493658278,0.04875226898355466,0.0025101769827039766
114,Synthetic Control,Nodal exact net value,791.8951114638512,766.4305193832661,25.464592080585135,0.03322491920216861,0.03215652137757584,0.0025101769827039766
114,Feasible Quantile Projection,Uniform gross,502.1145890395062,766.4305193832661,-264.3159303437599,0.34486613418845913,0.0,0.0025101769827039766
114,Feasible Quantile Projection,Nodal gross,502.11391675644506,766.4305193832661,-264.316602626821,0.34486701134959,0.0,0.0025101769827039766
114,Feasible Quantile Projection,Uniform signed net,-151.2732040312308,766.4305193832661,-917.7037234144968,1.197373669504912,0.0,0.0025101769827039766
114,Feasible Quantile Projection,Nodal signed linear,-151.2769892113108,766.4305193832661,-917.7075085945769,1.1973786082175342,0.0,0.0025101769827039766
114,Feasible Quantile Projection,Nodal exact net value,-157.48899630820597,766.4305193832661,-923.919515691472,1.2054837226927428,0.0,0.0025101769827039766
114,Tail-Risk Feasible Counterfactual,Uniform gross,328.2859539654191,766.4305193832661,-438.144565417847,0.5716689958672505,0.0,0.0025101769827039766
114,Tail-Risk Feasible Counterfactual,Nodal gross,328.2841813445438,766.4305193832661,-438.14633803872226,0.5716713086938283,0.0,0.0025101769827039766
114,Tail-Risk Feasible Counterfactual,Uniform signed net,-68.27169978718176,766.4305193832661,-834.7022191704478,1.0890774806855537,0.0,0.0025101769827039766
114,Tail-Risk Feasible Counterfactual,Nodal signed linear,-68.27338118232281,766.4305193832661,-834.7039005655889,1.089079674485381,0.0,0.0025101769827039766
114,Tail-Risk Feasible Counterfactual,Nodal exact net value,-68.9098428871439,766.4305193832661,-835.34036227041,1.0899100977119158,0.0,0.0025101769827039766
114,Single Feasible Projection,Uniform gross,279.0088110642629,766.4305193832661,-487.4217083190032,0.6359633339121508,0.0,0.0025101769827039766
114,Single Feasible Projection,Nodal gross,279.00668283399136,766.4305193832661,-487.4238365492747,0.6359661107199862,0.0,0.0025101769827039766
114,Single Feasible Projection,Uniform signed net,-1.4663047236718647,766.4305193832661,-767.896824106938,1.0019131606669993,0.0,0.0025101769827039766
114,Single Feasible Projection,Nodal signed linear,-1.468817578574626,766.4305193832661,-767.8993369618407,1.0019164393137119,0.0,0.0025101769827039766
114,Single Feasible Projection,Nodal exact net value,-1.4688175785777275,766.4305193832661,-767.8993369618438,1.0019164393137159,0.0,0.0025101769827039766
114,Risk-Constrained Convex Verifier,Uniform gross,279.00881106426283,766.4305193832661,-487.42170831900324,0.6359633339121509,0.0,0.0025101769827039766
114,Risk-Constrained Convex Verifier,Nodal gross,279.0066828339913,766.4305193832661,-487.42383654927477,0.6359661107199862,0.0,0.0025101769827039766
114,Risk-Constrained Convex Verifier,Uniform signed net,-1.4663047236718505,766.4305193832661,-767.896824106938,1.0019131606669993,0.0,0.0025101769827039766
114,Risk-Constrained Convex Verifier,Nodal signed linear,-1.4688175785746154,766.4305193832661,-767.8993369618407,1.0019164393137119,0.0,0.0025101769827039766
114,Risk-Constrained Convex Verifier,Nodal exact net value,-1.4688175785777275,766.4305193832661,-767.8993369618438,1.0019164393137159,0.0,0.0025101769827039766
114,Trace-Anchored Reference,Uniform gross,1688.583569853989,766.4305193832661,922.153050470723,1.2031789277034064,0.5461104010093271,0.0025101769827039766
114,Trace-Anchored Reference,Nodal gross,1688.5872863458385,766.4305193832661,922.1567669625724,1.2031837767950795,0.5461113999964737,0.0025101769827039766
114,Trace-Anchored Reference,Uniform signed net,773.255980999268,766.4305193832661,6.825461616001917,0.008905519082792074,0.00882691085968901,0.0025101769827039766
114,Trace-Anchored Reference,Nodal signed linear,773.2596974911171,766.4305193832661,6.829178107851021,0.008910368174464592,0.00883167470127909,0.0025101769827039766
114,Trace-Anchored Reference,Nodal exact net value,761.9594816171775,766.4305193832661,-4.471037766088557,0.005833585240950905,0.0,0.0025101769827039766
