day,scenario,mae_mw,rmse_mw,nrmse,nmae,normalization_mean_truth_mw,bias_mw,max_abs_error_mw,paid_response_mwh,contract_capped_response_mwh,meter_capped_response_mwh,meter_capped_false_response_mwh,meter_capped_underpayment_mwh,oracle_matched_response_mwh,oracle_response_mwh,false_response_mwh,false_response_ratio,underestimation_mwh,credit_precision,credit_recall,credit_f1,net_system_response_mwh
61,Optimization only,3.4970049150756592,3.931678038137724,0.2970855043667934,0.2642407284856155,13.234163162950962,-2.9461600612062027,8.813517661911304,11.217175111211422,11.217175111211422,11.217175111211422,2.203379415477826,23.10553097066483,9.013795695733595,32.11932666639842,2.203379415477826,0.196429082512546,23.10553097066483,0.8035709174874539,0.2806346406122941,0.4159909234016967,2.9160188803751907
62,Optimization only,2.1316282072803006e-14,2.466194959700875e-14,1.394348246051862e-15,1.2051894114715343e-15,17.687080445534168,-1.021405182655144e-14,5.684341886080802e-14,23.184072566952437,23.184072566952437,23.184072566952437,5.329070518200751e-15,1.0480505352461478e-13,23.18407256695243,23.184072566952537,5.329070518200751e-15,2.2985911999762436e-16,1.0480505352461478e-13,0.9999999999999997,0.9999999999999954,0.9999999999999976,0.0
63,Optimization only,8.174076983964865,11.293107165574261,0.5182636394394549,0.3751250054264843,21.790274883626203,-3.875550160387194,49.30157816986477,19.750129067633868,19.750129067633868,19.750129067633868,0.0,37.88037790256031,19.750129067633868,57.630506970194176,0.0,0.0,37.88037790256031,1.0,0.34270267790370823,0.5104669612169866,1.7763568394002505e-15
64,Optimization only,2.8011884875580075,3.265087482601075,0.15886924175426276,0.1362973253857784,20.552042966576735,-1.893606338745667,11.26029451887851,27.415729466659513,27.415729466659513,27.415729466659513,2.8150736297196275,15.024224164777435,24.600655836939886,39.62488000171732,2.8150736297196275,0.10268096762273135,15.024224164777435,0.8973190323772686,0.6208386204797013,0.7339031083404471,0.0
65,Optimization only,4.595130171917329,9.400853179975432,0.8817387044207453,0.4309932350673784,10.661722268561732,-0.9631724074987247,49.85439276186422,4.022371341131023,4.022371341131023,4.022371341131023,0.30321066711736755,20.886555057124284,3.719160674013655,24.60571573113794,0.30321066711736755,0.0753810728554241,20.886555057124284,0.9246189271445759,0.15115027397098418,0.25982599987382865,0.0
66,Optimization only,10.65308881980733,16.29123192346666,1.2272549632785343,0.8025210241788481,13.274529263214923,-0.8095904293016254,52.42975043446758,14.549832453640224,14.549832453640224,14.549832453640224,11.250598736734869,44.49171526527612,3.2992337169053543,47.790948982181476,11.250598736734869,0.7732459306718739,44.49171526527612,0.22675406932812608,0.06903469772352608,0.10584511906710166,0.0
67,Optimization only,4.857155268960674,4.986414183382735,0.43179792851018534,0.42060476856873463,11.548027107464723,-4.857155268960674,6.3960438621900515,1.0863308305706614,1.0863308305706614,1.0863308305706614,0.0,37.860113930280846,1.0863308305706614,38.946444760851506,0.0,0.0,37.860113930280846,1.0,0.027892939580010854,0.0542720715474662,0.0
68,Optimization only,1.564399170376456,2.2026680259226548,0.19730786791880162,0.14013381101840142,11.163609688535693,-0.3427709774338477,6.955731156601624,9.146445204991332,9.146445204991332,9.146445204991332,0.5868976576248823,5.81090506194707,8.55954754736645,14.37045260931352,0.5868976576248823,0.06416674942792035,5.81090506194707,0.9358332505720796,0.5956352092778893,0.7279486958658169,0.0
69,Optimization only,1.435065942237831,1.703498694939214,0.08692710621607257,0.07322936610317012,19.596864189921025,-0.6695341328317339,3.45417061202739,25.991371151921093,25.991371151921093,25.991371151921093,1.2788559161865676,6.780434080865843,24.71251523573453,31.49294931660037,1.2788559161865676,0.04920309547009196,6.780434080865843,0.9507969045299082,0.7846999335406233,0.8598002041014697,-1.7763568394002505e-15
70,Optimization only,0.4536828921589745,0.598488667331516,0.04004044393866066,0.030352562046690332,14.947103689668413,-0.3327387967513572,1.9351055265218768,17.420546677955468,17.420546677955468,17.420546677955468,0.0,2.3999007798919374,17.420546677955468,19.820447457847408,0.0,0.0,2.3999007798919374,1.0,0.8789179313435853,0.9355575532935434,0.11079340149450445
71,Optimization only,6.829368852347644,7.091687371626722,0.28681544240674095,0.2762062603861788,24.725612094378803,-6.829368852347644,11.068236343701674,24.31095528617847,24.31095528617847,24.31095528617847,0.0,43.82335696219944,24.31095528617847,68.13431224837791,0.0,0.0,43.82335696219944,1.0,0.3568092857172305,0.5259534843596173,0.0
72,Optimization only,1.193614986060627,1.2509025309038373,0.08376583329390595,0.0799296119956037,14.933326413823686,-1.193614986060627,1.915049508521804,15.664365639684027,15.664365639684027,15.664365639684027,0.0,8.208066049245462,15.664365639684027,23.87243168892949,0.0,0.0,8.208066049245462,1.0,0.6561696706811884,0.7923942604398782,0.0
73,Optimization only,4.272979566844893,6.166280310094618,0.370980059937533,0.2570739791418351,16.62159500198722,-1.0273749189594448,19.28090199328154,18.170476426000086,18.170476426000086,18.170476426000086,2.069079641085982,16.4833081266937,16.1013967849141,32.5847049116078,2.069079641085982,0.11387041223230347,16.4833081266937,0.8861295877676963,0.4941397145867117,0.6344730276033319,1.7763568394002505e-15
74,Optimization only,2.35225648783347,2.6123662537096752,0.18749006928209785,0.1688219372941627,13.933357983771955,-1.7284988342216239,4.919293352123187,12.388890692209591,12.388890692209591,12.388890692209591,0.599015618377817,14.591999751047183,11.789875073831773,26.381874824878956,0.599015618377817,0.04835102942303715,14.591999751047183,0.9516489705769627,0.44689299574393937,0.608183765091524,0.0
75,Optimization only,5.226651719371007,7.993366993743125,0.41341970037498554,0.27032423126301464,19.33475106893279,0.05030609395160801,29.148264910562236,30.035402680069776,30.035402680069776,30.035402680069776,7.287066227640559,15.873189047139315,22.748336452429218,38.621525499568534,7.287066227640559,0.2426158991527671,15.873189047139315,0.757384100847233,0.5890066784825305,0.662666887540003,0.0
76,Optimization only,1.905742833123564,2.2267751876531428,0.15199363871030847,0.1300808403374675,14.650449890848748,-1.882516085838008,5.454154779474937,13.304423951734492,13.304423951734492,13.304423951734492,0.0,13.32993402003181,13.304423951734492,26.634357971766303,0.0,0.0,13.32993402003181,1.0,0.4995211060029237,0.6662408471654413,8.881784197001252e-16
77,Optimization only,3.3290412374525284,3.9117599608690514,0.3901732845963449,0.3320507820436315,10.02569913241491,-3.2205714284741807,7.913666540274296,0.9113308514187821,0.9113308514187821,0.9113308514187821,0.0,25.35348562346846,0.9113308514187821,26.26481647488724,0.0,0.0,25.35348562346846,1.0,0.034697781052083085,0.06706843618974867,-2.220446049250313e-16
78,Optimization only,1.6346179274250503,2.20403263516409,0.23501223979130512,0.17429652093086262,9.378373812024892,-0.4395721204834409,8.418637229755507,5.848518427128679,5.848518427128679,5.848518427128679,0.7758241760393232,5.60120398319789,5.072694251089356,10.673898234287245,0.7758241760393232,0.13265311304152166,5.60120398319789,0.8673468869584783,0.47524289062402586,0.6140378075485042,-4.440892098500626e-16
79,Optimization only,7.575837631013936,22.112759608139747,1.3767077906459317,0.4716604744098203,16.062057437595204,5.4184739437181,100.20328816434842,17.624174008897263,17.624174008897263,17.624174008897263,0.16298575857658903,7.048341932523654,17.461188250320674,24.50953018284433,0.16298575857658903,0.009247852324557647,7.048341932523654,0.9907521476754424,0.7124244373538744,0.8288465771183322,8.881784197001252e-16
80,Optimization only,2.4508368474688904,2.7316744191354623,0.1740399128516311,0.15614724374145847,15.695677930292995,-1.9615126392057776,4.432842916443752,14.51587882886273,14.51587882886273,14.51587882886273,0.2957212482829217,13.135570410459659,14.220157580579809,27.355727991039466,0.2957212482829217,0.020372259356073064,13.135570410459659,0.9796277406439269,0.5198237672650389,0.6792267438765096,0.0
81,Optimization only,9.614231414557397,20.313063530603408,0.9397017588604206,0.4447635462144553,21.61650048972679,3.6900396889893097,81.63133759409965,40.3933065188495,40.3933065188495,40.3933065188495,15.181533809487398,17.20070474628482,25.211772709362098,42.41247745564692,15.181533809487398,0.37584280956061245,17.20070474628482,0.6241571904393874,0.5944423486160988,0.6089374799501237,-1.7763568394002505e-15
82,Optimization only,2.978883036473598,4.077818549197447,0.263484189237044,0.19247756422406365,15.476520853131081,-1.8034858583736717,16.724751051673927,13.582671585370122,13.582671585370122,13.582671585370122,0.0,14.65159532612001,13.582671585370122,28.23426691149013,0.0,0.0,14.65159532612001,1.0,0.48107045342985544,0.6496253467426819,0.0
83,Optimization only,1.117139309162333,1.167533743134577,0.13347371651798687,0.12771257048375154,8.747293276854553,-0.8922659956395536,2.226615214080832,3.451058310546378,3.451058310546378,3.451058310546378,0.0,6.621993536617294,3.451058310546378,10.073051847163672,0.0,0.0,6.621993536617294,1.0,0.34260305247193906,0.5103564331112671,0.0
84,Optimization only,2.834501774203482,2.8991414205260893,0.2845005062406065,0.27815724475919235,10.190285630192307,-2.834501774203482,4.098439827126837,2.703834686539519,2.703834686539519,2.703834686539519,0.0,19.972179507088335,2.703834686539519,22.676014193627857,0.0,0.0,19.972179507088335,1.0,0.11923765188413572,0.21306940788385714,0.0
85,Optimization only,3.214190080779491,6.430200942865154,0.40448758769640375,0.2021865263191775,15.897152690112879,-0.7221899846996115,33.59463177051815,16.713581914302637,16.713581914302637,16.713581914302637,0.6686079577206208,10.15064730047756,16.04497395658202,26.195621257059578,0.6686079577206208,0.04000386997526006,10.15064730047756,0.9599961300247402,0.6125059527747595,0.7478569989987838,0.0
86,Optimization only,1.1499418903837961,1.457667452918833,0.10986684576722418,0.08667305293747389,13.267582615479881,-0.5821080600296935,4.848301312472673,12.979975250403719,12.979975250403719,12.979975250403719,0.0,5.883714082478544,12.979975250403719,18.863689332882263,0.0,0.0,5.883714082478544,1.0,0.6880931413441833,0.8152312505650882,-1.7763568394002505e-15
87,Optimization only,2.4292854767931082,2.8073149050643114,0.1363187200298582,0.11796221584766388,20.593759275684356,-1.841184022497388,9.409623268731522,27.895340350605508,27.895340350605508,27.895340350605508,2.3524058171828806,13.395503864187368,25.542934533422624,38.93843839760999,2.3524058171828806,0.0843297048043301,13.395503864187368,0.9156702951956698,0.6559825094318735,0.7643719990650577,1.7763568394002505e-15
88,Optimization only,1.8693240019460777,2.155738249289932,0.14834142162600683,0.12863258330163016,14.532274435962353,-1.293537188408873,5.762059576293419,15.138487606901666,15.138487606901666,15.138487606901666,0.8626323600754633,11.270199205412172,14.275855246826204,25.546054452238373,0.8626323600754633,0.056982730539224244,11.270199205412172,0.9430172694607758,0.5588281851319447,0.7017827668343654,8.881784197001252e-16
89,Optimization only,2.882491196601858,3.251989441222755,0.30581117728552254,0.2710642338421996,10.6339783590922,-1.748816872539747,9.287466709628376,4.846419716828763,4.846419716828763,4.846419716828763,0.42812930246837855,16.93123636408571,4.418290414360383,21.34952677844609,0.42812930246837855,0.08833929529085925,16.93123636408571,0.9116607047091405,0.20695027389651421,0.337326266501372,-8.881784197001252e-16
90,Optimization only,8.271161533457416e-15,9.109242914091993e-15,1.2465607101676556e-15,1.1318728781628744e-15,7.307500420791258,2.609024107869118e-15,1.4210854715202004e-14,2.9725752552700344,2.9725752552700344,2.9725752552700344,1.0658141036401503e-14,1.4210854715202004e-14,2.9725752552700238,2.972575255270038,1.0658141036401503e-14,3.585490734845432e-15,1.4210854715202004e-14,0.9999999999999964,0.9999999999999952,0.9999999999999959,0.0
91,Optimization only,5.466445671428031,14.439943249556354,0.8661958018579099,0.3279107271990685,16.670530171797196,0.14786443586072617,79.56750731024081,14.790013542898343,14.790013542898343,14.790013542898343,0.0,17.214156072326805,14.790013542898343,32.00416961522515,0.0,0.0,17.214156072326805,1.0,0.4621277077553788,0.6321304292424982,-1.7763568394002505e-15
92,Optimization only,1.6349815110715018,2.0249587293953386,0.25572262106849214,0.206474211716194,7.918574903285457,-0.5021589322865037,5.587375322989643,2.9929209549861073,2.9929209549861073,2.9929209549861073,1.3968438307474107,7.402416586092308,1.5960771242386966,8.998493710331005,1.3968438307474107,0.4667159112305706,7.402416586092308,0.5332840887694293,0.17737158858112775,0.26620330774734136,4.440892098500626e-16
93,Optimization only,1.5871390340008902,1.728198516243734,0.2192576878218089,0.20136137809164506,7.882042966941455,-0.8854078626193549,3.4704536954582013,1.6308700653827848,1.6308700653827848,1.6308700653827848,0.18940795895850338,9.526079714370532,1.4414621064242814,10.967541820794814,0.18940795895850338,0.11613920874441157,9.526079714370532,0.8838607912555885,0.1314298253863252,0.22883235116416342,0.0
94,Optimization only,1.737156788431987,1.836319231010461,0.23311417595661074,0.2205258575982577,7.877338319194509,-1.737156788431987,3.686404072334792,0.2380297825435902,0.2380297825435902,0.2380297825435902,0.0,13.659224524912304,0.2380297825435902,13.897254307455896,0.0,0.0,13.659224524912304,1.0,0.017127828078664926,0.03367881126803711,0.0
95,Optimization only,4.113284761273309,6.126581691976022,0.6543214489129401,0.439300507216415,9.36325975887608,-0.6703779631221414,24.751168668304544,3.7756446820373863,3.7756446820373863,3.7756446820373863,1.7489444971059807,17.856904199608493,2.0267001849314057,19.883604384539897,1.7489444971059807,0.46321744877810583,17.856904199608493,0.5367825512218942,0.10192820907798922,0.17132413452584724,0.0
96,Optimization only,1.4170182570569176,1.480961121437337,0.18999209586394686,0.1817888833397793,7.794856489702876,-1.3561125638906872,2.235539205308066,0.7153982385845459,0.7153982385845459,0.7153982385845459,0.0,10.377125045205874,0.7153982385845459,11.09252328379042,0.0,0.0,10.377125045205874,1.0,0.06449373332665996,0.12117259370820334,0.0
97,Optimization only,0.5727686697242728,0.6363675697948825,0.09259680777672662,0.08334263549615661,6.872456892135194,-0.5313723623528086,1.0114641447386727,0.5952722259112364,0.5952722259112364,0.5952722259112364,0.0,3.968404196486641,0.5952722259112364,4.563676422397878,0.0,0.0,3.968404196486641,1.0,0.13043699219991248,0.23077268896884315,0.0
98,Optimization only,0.5795232536264011,0.5934571872340642,0.08571417874769917,0.08370167354665466,6.923675824753724,-0.5795232536264011,0.7374850505603083,0.6234402607119442,0.6234402607119442,0.6234402607119442,0.0,4.012745768299265,0.6234402607119442,4.636186029011209,0.0,0.0,4.012745768299265,1.0,0.1344726585194662,0.23706637178009837,0.0
99,Optimization only,0.5579769152916179,0.5957448099961286,0.08740379592195073,0.08186273655262744,6.816006143807677,-0.5579769152916179,0.8771215275244391,0.5854685066776906,0.5854685066776906,0.5854685066776906,0.0,3.8783468156552523,0.5854685066776906,4.463815322332943,0.0,0.0,3.8783468156552523,1.0,0.13115876540602595,0.2319016028823273,0.0
100,Optimization only,1.3041720571876916,1.318531601943054,0.17872640341352133,0.1767799731686949,7.377374449215274,-1.239787280795292,1.8839213013592575,0.022277327422625337,0.022277327422625337,0.022277327422625337,0.0,10.153560024509309,0.022277327422625337,10.175837351931932,0.0,0.0,10.153560024509309,1.0,0.0021892377651256266,0.0043689109454170755,-4.440892098500626e-16
101,Optimization only,8.333811598074284,13.153360188478743,1.0813182852278254,0.6851103244731928,12.164189182935562,0.7231077346610224,49.56523247532598,21.225515708647062,21.225515708647062,21.225515708647062,13.642569069082633,30.438930694590766,7.58294663956443,38.02187733415519,13.642569069082633,0.6427438209911096,30.438930694590766,0.3572561790088904,0.19943640796380774,0.25597570627576005,0.0
102,Optimization only,3.7198955493704284,7.438760573833187,1.0170446903319375,0.5085927930500751,7.314094104758921,1.5083149744775666,25.652008030229368,7.068413979026055,7.068413979026055,7.068413979026055,6.3692750406331395,8.52165919748961,0.6991389383929152,9.220798135882525,6.3692750406331395,0.9010897012445147,8.52165919748961,0.09891029875548522,0.07582195468223428,0.08584073108766672,2.2385733432736723
103,Optimization only,4.408840042773236,8.25236434769129,0.9360631893859392,0.5000933911849551,8.816033405933705,-0.8540009307121035,42.5876700355451,0.016683274372936374,0.016683274372936374,0.016683274372936374,0.0,21.034680619568423,0.016683274372936374,21.05136389394136,0.0,0.0,21.034680619568423,1.0,0.000792503253327822,0.0015837513785356922,0.0
104,Optimization only,0.9926730895988584,1.0495319918131087,0.14974243583767605,0.1416300671028179,7.008914914078354,-0.9926730895988584,1.7656687476565676,0.043368037531680725,0.043368037531680725,0.043368037531680725,0.0,7.898016679259186,0.043368037531680725,7.941384716790867,0.0,0.0,7.898016679259186,1.0,0.005461017074262315,0.010862712689056885,0.0
105,Optimization only,1.0928140690377968,2.7845653318361063,0.4295248334711708,0.1685687800720057,6.482897180432765,0.2858087252080716,14.61815703324865,0.049880306359727955,0.049880306359727955,0.049880306359727955,0.0,3.21991282367617,0.049880306359727955,3.2697931300358976,0.0,0.0,3.21991282367617,1.0,0.015254881387306707,0.03005133325034891,0.0
106,Optimization only,0.6363390098096133,0.7587391082191094,0.11534666381741365,0.09673889357133145,6.577902499374794,-0.39612613580665834,2.6798098566314454,0.08820522030873446,0.08820522030873446,0.08820522030873446,0.0,4.0416553621563525,0.08820522030873446,4.129860582465087,0.0,0.0,4.0416553621563525,1.0,0.02135791718568992,0.04182259093764268,2.220446049250313e-16
107,Optimization only,1.4234834867343262,1.8977545338052437,0.2558637805627798,0.19192043016976928,7.417050313377992,-0.3987383770906232,7.232994063207656,1.9945421727327843,1.9945421727327843,1.9945421727327843,1.0298801483734983,7.01855685505834,0.964662024359286,7.983218879417626,1.0298801483734983,0.5163491464120948,7.01855685505834,0.4836508535879051,0.1208362239505148,0.19336242255498426,0.0
108,Optimization only,1.459418421839517,1.5333226082060087,0.2025129378904358,0.19275207359261434,7.571479749286793,-1.333117312293226,2.2572090429862097,0.24555915192612576,0.24555915192612576,0.24555915192612576,0.0,10.93410497590659,0.24555915192612576,11.179664127832716,0.0,0.0,10.93410497590659,1.0,0.02196480584016702,0.04298544473282433,-2.220446049250313e-16
109,Optimization only,4.068523258590263,7.196924727772882,0.8635640541665898,0.48818496407235834,8.333979040753967,0.42289045182423335,23.05818499484139,6.3091643057921285,6.3091643057921285,6.3091643057921285,5.441450144281185,14.101866456688558,0.8677141615109432,14.969580618199501,5.441450144281185,0.8624676550721085,14.101866456688558,0.13753234492789135,0.05796516172644183,0.08155689300383517,0.0
110,Optimization only,0.8345456506886981,0.8926998114116803,0.12060181946508353,0.11274531775756587,7.4020426505267904,-0.8345456506886981,1.3152640278058207,1.122885432372275,1.122885432372275,1.122885432372275,0.0,5.55347977313731,1.122885432372275,6.676365205509585,0.0,0.0,5.55347977313731,1.0,0.16818813797747734,0.2879470052977374,0.0
111,Optimization only,2.3793674703820447,2.975050552055995,0.33668712865293,0.26927354261576864,8.836246767017908,-1.592039068072965,10.888512185973886,1.6210056494321572,1.6210056494321572,1.6210056494321572,0.0,15.176177465455938,1.6210056494321572,16.797183114888096,0.0,0.0,15.176177465455938,1.0,0.09650461260944326,0.17602226474867844,0.0
112,Optimization only,2.238817444701472,2.359641611771016,0.2619088816980943,0.24849797966897766,9.009398980562274,-2.2290975005025335,3.695710546361706,1.9320335648491103,1.9320335648491103,1.9320335648491103,0.0,16.005129730957716,1.9320335648491103,17.937163295806826,0.0,0.0,16.005129730957716,1.0,0.10771121012767733,0.19447525518002529,0.0
113,Optimization only,1.4011100397132652,2.660522322834976,0.3149751081762964,0.16587524281898464,8.446770089990224,-0.18941727717778245,13.43504933172212,6.913545230073999,6.913545230073999,6.913545230073999,3.35876233293053,4.842779114852472,3.554782897143469,8.39756201199594,3.35876233293053,0.4858234409633825,4.842779114852472,0.5141765590366175,0.4233113005971795,0.464340408690507,-8.881784197001252e-16
114,Optimization only,7.935929152248095,10.705937583242155,0.8017467639517932,0.594306240559902,13.353265725043666,-2.499046106550607,37.629866277301666,4.730326202005781,4.730326202005781,4.730326202005781,1.358965930724163,40.03909997321585,3.3713602712816177,43.41046024449747,1.358965930724163,0.2872879950959674,40.03909997321585,0.7127120049040325,0.0776623940933443,0.14006253408543973,0.0
61,Convex feasible ensemble,3.21531516891341,3.6483998618270674,0.27568043531764536,0.2429556844149152,13.234163162950962,-2.8056531439504293,6.166820907299316,12.951256412329347,12.951256412329347,12.951256412329347,1.6386480998519226,20.806718353921,11.312608312477423,32.11932666639842,1.6386480998519226,0.12652425739111775,20.806718353921,0.8734757426088822,0.35220564957583894,0.5019952057295083,4.040074218421379
62,Convex feasible ensemble,1.082424325402907,1.5009025909074247,0.08485869646657199,0.06119858665968863,17.687080445534168,0.21512487420271692,3.9942365981456476,28.37426936537497,28.37426936537497,28.37426936537497,5.190196798422495,5.81756864903582e-14,23.18407256695248,23.184072566952537,5.190196798422495,0.1829191346423205,5.81756864903582e-14,0.8170808653576797,0.9999999999999976,0.899333519971707,1.7209989936218144
63,Convex feasible ensemble,7.713928741764869,10.353031106025101,0.4751216384977615,0.3540078674070019,21.790274883626203,-3.45012400873519,42.87018416628001,27.75600611428666,27.75600611428666,27.75600611428666,2.9728818364081926,32.84738269231571,24.783124277878468,57.630506970194176,2.9728818364081926,0.10710769496761212,32.84738269231571,0.8928923050323879,0.430034812823979,0.5804927120834227,3.4034092132160287
64,Convex feasible ensemble,2.9147961194575185,3.669389629015048,0.17854135644726332,0.14182512775969655,20.552042966576735,-1.7145089793639228,14.058387710386555,32.06262428337808,32.06262428337808,32.06262428337808,4.220615353783037,11.782871072122278,27.842008929595046,39.62488000171732,4.220615353783037,0.13163661578291613,11.782871072122278,0.868363384217084,0.702639577164357,0.776760446810078,1.4327788750539572
65,Convex feasible ensemble,3.404571360873198,5.896896447541503,0.5530904200093176,0.3193265848719651,10.661722268561732,-0.9394687137199116,29.130852087802378,10.117056088379119,10.117056088379119,10.117056088379119,1.9791626387761454,16.467822281534964,8.137893449602974,24.60571573113794,1.9791626387761454,0.19562633848096342,16.467822281534964,0.8043736615190366,0.3307318323321384,0.46873524336722494,0.18962955023050299
66,Convex feasible ensemble,8.839183522361699,13.108660401017094,0.9875047273685652,0.6658754783008374,13.274529263214923,-0.6914209993798739,41.641908746542185,22.555971992838717,22.555971992838717,22.555971992838717,12.229927776106752,37.46490476544951,10.326044216731965,47.790948982181476,12.229927776106752,0.5422035361628231,37.46490476544951,0.4577964638371769,0.2160669423112305,0.29357487360104034,0.9453554393740147
67,Convex feasible ensemble,4.524899488602596,4.665367541191116,0.40399693365591344,0.39183311976100843,11.548027107464723,-4.373149357139983,6.393681203748784,4.643498286810745,4.643498286810745,4.643498286810745,0.6070005258504549,34.90994699989121,4.03649776096029,38.946444760851506,0.6070005258504549,0.13072052326896755,34.90994699989121,0.8692794767310325,0.10364226531448972,0.18520316746212265,3.8720472945655233
68,Convex feasible ensemble,1.2271944141106992,1.569103736657466,0.14055523082904217,0.10992810106671398,11.163609688535693,-0.3607118209828959,3.489409547096992,11.820176928884088,11.820176928884088,11.820176928884088,0.9850474085324497,3.5353230889618814,10.83512952035164,14.37045260931352,0.9850474085324497,0.08333609678255852,3.5353230889618814,0.9166639032174416,0.7539866568523644,0.8274050461100365,-0.143526748392385
69,Convex feasible ensemble,1.8144778929471803,2.2091580799790913,0.11273018267459832,0.09259021623879982,19.596864189921025,-0.6924104807955781,4.976564615349467,30.806149411944816,30.806149411944816,30.806149411944816,3.9561169545067925,4.642916859162343,26.850032457438026,31.49294931660037,3.9561169545067925,0.12841971586922327,4.642916859162343,0.8715802841307768,0.8525728151883508,0.861971778257378,-0.18301078371075574
70,Convex feasible ensemble,0.9690436863969946,1.1082432455576559,0.0741443471970884,0.06483153569522684,14.947103689668413,-0.29070882167815365,2.3826170803655558,20.467174896952173,20.467174896952173,20.467174896952173,2.4193817333241245,1.7726542942193602,18.047793163628043,19.820447457847408,2.4193817333241245,0.1182078985255753,1.7726542942193602,0.8817921014744244,0.9105643655124684,0.895947296402214,0.44703320208013375
71,Convex feasible ensemble,6.45077661859464,6.938849358463993,0.2806340782172787,0.26089451674529746,24.725612094378803,-6.45077661859464,12.170130807208963,31.422269954751922,31.422269954751922,31.422269954751922,0.0,36.712042293625984,31.422269954751922,68.13431224837791,0.0,0.0,36.712042293625984,1.0,0.46118128910151285,0.631244449325101,3.0287378700240386
72,Convex feasible ensemble,1.230298994864179,1.3185982486405123,0.08829903077856079,0.08238613158052308,14.933326413823686,-0.9502442361340859,1.9342757905164376,19.823082238766805,19.823082238766805,19.823082238766805,1.120219034920372,5.1695684850830546,18.702863203846434,23.87243168892949,1.120219034920372,0.05651084031370396,5.1695684850830546,0.9434891596862961,0.7834502763503405,0.8560541585479178,1.9469659994123325
73,Convex feasible ensemble,4.016005403794932,5.720986206369341,0.34418996526418555,0.24161372018237676,16.62159500198722,-1.0185617156692237,16.88356191178505,20.941870094524667,20.941870094524667,20.941870094524667,2.4916557349597195,14.13449055204285,18.450214359564953,32.5847049116078,2.4916557349597195,0.11897961947587347,14.13449055204285,0.8810203805241268,0.5662231531515987,0.6893852019282436,0.07050562632176538
74,Convex feasible ensemble,2.177926527641529,2.550599504692863,0.18305705686048698,0.15631023979848493,13.933357983771955,-1.6951204053026727,4.994030942061668,15.463396932909074,15.463396932909074,15.463396932909074,1.3626527543635794,12.281130646333462,14.100744178545497,26.381874824878956,1.3626527543635794,0.08812117804876321,12.281130646333462,0.9118788219512369,0.5344860542378149,0.6739468325197882,0.26702743135160767
75,Convex feasible ensemble,4.427269661549897,7.243658106676465,0.37464449792248034,0.22897991527098918,19.33475106893279,0.11168837314189806,29.92226379757094,35.891643766363416,35.891643766363416,35.891643766363416,7.480565949392735,10.210447682597852,28.411077816970682,38.621525499568534,7.480565949392735,0.20842082346764232,10.210447682597852,0.7915791765323577,0.7356280584330642,0.7625786984197024,0.49105823352232036
76,Convex feasible ensemble,2.283334886977138,2.7221599650846438,0.18580726089408442,0.15585425048301074,14.650449890848748,-1.5405328011465493,6.651590296916535,19.12650985173707,19.12650985173707,19.12650985173707,2.956281195691137,10.46412931572037,16.170228656045932,26.634357971766303,2.956281195691137,0.15456459221297228,10.46412931572037,0.8454354077870277,0.6071191456233768,0.7067273600847531,2.7358662775316684
77,Convex feasible ensemble,3.281334952069648,3.851140976708538,0.384126924800396,0.3272923821801609,10.02569913241491,-3.203678069294005,7.913666540274296,1.2586299827883236,1.2586299827883236,1.2586299827883236,0.0,25.00618649209892,1.2586299827883236,26.26481647488724,0.0,0.0,25.00618649209892,1.0,0.04792076061112958,0.09145874843281662,0.13514687344140985
78,Convex feasible ensemble,1.3612771738772391,1.6514851618712962,0.17609504536423706,0.1451506627014396,9.378373812024892,-0.4394443339772201,4.672858313813231,7.203866164707249,7.203866164707249,7.203866164707249,1.2093043885151689,4.679336458095165,5.99456177619208,10.673898234287245,1.2093043885151689,0.1678688027881085,4.679336458095165,0.8321311972118914,0.5616094180976956,0.6706164867604179,0.0010222920497660049
79,Convex feasible ensemble,7.2503570650168365,21.04215482552771,1.3100535163245015,0.4513965345464705,16.062057437595204,5.340155339681563,98.79315938048875,22.56329712718197,22.56329712718197,22.56329712718197,2.714008734792627,4.660241790454986,19.849288392389344,24.50953018284433,2.714008734792627,0.12028422617025528,4.660241790454986,0.8797157738297449,0.8098600113633772,0.8433437941451856,-0.6265488322922925
80,Convex feasible ensemble,2.4135524945069955,2.7125879230514696,0.17282387770050486,0.15377179024862556,15.695677930292995,-1.8375897920411335,4.584906366871454,18.788201420490914,18.788201420490914,18.788201420490914,1.351346220892184,9.918872791440736,17.43685519959873,27.355727991039466,1.351346220892184,0.07192525727440678,9.918872791440736,0.9280747427255933,0.6374114849113238,0.7557594432017155,0.9913827773171502
81,Convex feasible ensemble,9.48528058054021,19.13380286657028,0.885148031970466,0.4387981572247587,21.61650048972679,3.7289968323467235,74.20293836984756,47.37862900565301,47.37862900565301,47.37862900565301,18.105610496477805,13.139458946471708,29.27301850917521,42.41247745564692,18.105610496477805,0.382147201733455,13.139458946471708,0.617852798266545,0.690198268653078,0.6520248978509228,0.3116571468593077
82,Convex feasible ensemble,3.49176947913934,4.197881539914682,0.27124193995224716,0.22561721153452355,15.476520853131081,-1.390851472554492,14.21595645976395,19.979283312682664,19.979283312682664,19.979283312682664,4.622721605840199,12.877705204647667,15.356561706842465,28.23426691149013,4.622721605840199,0.23137574724243176,12.877705204647667,0.7686242527575682,0.5438980142456968,0.6370226475935039,3.301075086553435
83,Convex feasible ensemble,1.1080805801148061,1.1667282834643546,0.13338163549992457,0.12667696681061344,8.747293276854553,-0.818478902358672,1.8473182983185001,4.525860719443129,4.525860719443129,4.525860719443129,0.4029821651316401,5.950173292852185,4.122878554311488,10.073051847163672,0.4029821651316401,0.0890398954171139,5.950173292852185,0.910960104582886,0.4092978589673785,0.5648199529247214,0.590296746247051
84,Convex feasible ensemble,2.8198611787835945,2.8834178101513435,0.2829575062752121,0.2767205239496687,10.190285630192307,-2.8198611787835945,4.0476820241600056,2.7894060040129847,2.7894060040129847,2.7894060040129847,0.0,19.88660818961487,2.7894060040129847,22.676014193627857,0.0,0.0,19.88660818961487,1.0,0.12301130084831356,0.21907402134847945,0.11712476335909949
85,Convex feasible ensemble,3.166569691880259,5.903174426254275,0.3713353291200199,0.19919099687893696,15.897152690112879,-0.8072746330097478,29.955588629840104,20.562642650365326,20.562642650365326,20.562642650365326,1.5511862604544597,7.184164867148711,19.01145638991087,26.195621257059578,1.5511862604544597,0.07543710635008777,7.184164867148711,0.9245628936499123,0.725749399235469,0.8131805931696269,-0.6806771864810894
86,Convex feasible ensemble,1.235395221894595,1.353582014997089,0.10202175137901945,0.09311381415128361,13.267582615479881,-0.6084042574093714,2.548897173715716,16.067142554887653,16.067142554887653,16.067142554887653,1.2406946082668378,4.037241386261448,14.826447946620814,18.863689332882263,1.2406946082668378,0.07721936890946525,4.037241386261448,0.9227806310905347,0.7859781660407263,0.848903226482384,-0.21036957903742404
87,Convex feasible ensemble,2.677179134002646,3.380894247611343,0.16417081516550805,0.12999953520694343,20.593759275684356,-1.4650377289339311,13.014541060775347,34.803065329497485,34.803065329497485,34.803065329497485,4.8485656202748615,8.983938688387362,29.95449970922263,38.93843839760999,4.8485656202748615,0.1393143268953795,8.983938688387362,0.8606856731046207,0.7692784030871975,0.8124190095193654,3.0091703485076535
88,Convex feasible ensemble,1.8097428186441018,2.162570061303477,0.14881153468667396,0.1245326618774563,14.532274435962353,-0.9568178478391385,5.8751663455153995,19.469212586544916,19.469212586544916,19.469212586544916,2.1309686105090098,8.207810476202468,17.33824397603591,25.546054452238373,2.1309686105090098,0.10945325092303489,8.207810476202468,0.8905467490769652,0.6787053557899511,0.7703272741267089,2.6937547245578775
89,Convex feasible ensemble,2.493657372021942,2.7634679392080077,0.2598715030151631,0.23449900759764383,10.6339783590922,-1.5055008694454024,5.420016706725413,8.953830374265914,8.953830374265914,8.953830374265914,1.7293096455569064,14.125006049737086,7.224520728709007,21.34952677844609,1.7293096455569064,0.19313629734678606,14.125006049737086,0.8068637026532138,0.3383925462930021,0.4768132251685155,1.9465280247547556
90,Convex feasible ensemble,0.0016691697537390138,0.00761425228714462,0.001041977673443657,0.0002284187010088842,7.307500420791258,0.0016691697537355166,0.04292673503182254,2.9850935223585964,2.9850935223585964,2.9850935223585964,0.012518267088566404,8.215650382226158e-15,2.97257525527003,2.972575255270038,0.012518267088566404,0.004193592929267895,8.215650382226158e-15,0.9958064070707321,0.9999999999999973,0.9978987977418984,0.01335335802986326
91,Convex feasible ensemble,5.551887741837435,13.190034968075937,0.7912186854375227,0.33303606331788926,16.670530171797196,0.45591533852505894,71.6980847195532,22.74254326719438,22.74254326719438,22.74254326719438,4.220884157130361,13.482510505161127,18.52165911006402,32.00416961522515,4.220884157130361,0.18559420147257205,13.482510505161127,0.814405798527428,0.5787264388591674,0.6766309111505311,2.4644072213146564
92,Convex feasible ensemble,1.434448809229335,1.7649036222671546,0.222881470949386,0.1811498693577016,7.918574903285457,-0.5013232858757836,5.587375322989645,3.6357988688215475,3.6357988688215475,3.6357988688215475,1.420787418543894,6.78348226005335,2.215011450277654,8.998493710331005,1.420787418543894,0.390777232131217,6.78348226005335,0.6092227678687832,0.24615358098596438,0.35063481970214533,0.006685171285760516
93,Convex feasible ensemble,1.4747240571798712,1.5864971108785102,0.20127993688089904,0.1870992156938371,7.882042966941455,-0.8823838037347472,2.711494767567669,2.1287590059815518,2.1287590059815518,2.1287590059815518,0.25514879371203625,9.093931608525299,1.8736102122695157,10.967541820794814,0.25514879371203625,0.11985799848414003,9.093931608525299,0.8801420015158601,0.17083228337612447,0.28612815741660114,0.02419247107686151
94,Convex feasible ensemble,1.6516410104147445,1.7223412909425018,0.2186450830410212,0.20966993462629796,7.877338319194509,-1.6516410104147445,2.9025276708589907,0.8959374146102568,0.8959374146102568,0.8959374146102568,0.0,13.00131689284564,0.8959374146102568,13.897254307455896,0.0,0.0,13.00131689284564,1.0,0.06446866372227103,0.12112834490934615,0.6841262241379384
95,Convex feasible ensemble,3.8193250818171176,6.041512198544438,0.6452359919650068,0.4079054923363112,9.36325975887608,-0.4315289480690092,25.553692755168868,10.307158260835909,10.307158260835909,10.307158260835909,6.388423188792217,15.964869312496205,3.918735072043692,19.883604384539897,6.388423188792217,0.6198045113041776,15.964869312496205,0.3801954886958225,0.19708373774981297,0.2595982829631439,1.9107921204250584
96,Convex feasible ensemble,1.4170182570569172,1.4809611214373364,0.18999209586394677,0.18178888333977924,7.794856489702876,-1.3561125638906866,2.235539205308065,0.7153982385845501,0.7153982385845501,0.7153982385845501,0.0,10.37712504520587,0.7153982385845501,11.09252328379042,0.0,0.0,10.37712504520587,1.0,0.06449373332666035,0.12117259370820402,5.773159728050814e-15
97,Convex feasible ensemble,0.5727686697242722,0.636367569794882,0.09259680777672653,0.08334263549615653,6.872456892135194,-0.5313723623528079,1.0114641447386719,0.5952722259112397,0.5952722259112397,0.5952722259112397,0.0,3.9684041964866372,0.5952722259112397,4.563676422397878,0.0,0.0,3.9684041964866372,1.0,0.1304369921999132,0.2307726889688443,5.329070518200751e-15
98,Convex feasible ensemble,0.5795232536264007,0.5934571872340638,0.08571417874769911,0.08370167354665459,6.923675824753724,-0.5795232536264007,0.7374850505603083,0.6234402607119474,0.6234402607119474,0.6234402607119474,0.0,4.012745768299261,0.6234402607119474,4.636186029011209,0.0,0.0,4.012745768299261,1.0,0.13447265851946685,0.23706637178009943,3.774758283725532e-15
99,Convex feasible ensemble,0.5575802787742861,0.5954247985278284,0.08735684592490724,0.08180454462777241,6.816006143807677,-0.5575802787742861,0.8771215275244391,0.5886415988163434,0.5886415988163434,0.5886415988163434,0.0,3.8751737235165997,0.5886415988163434,4.463815322332943,0.0,0.0,3.8751737235165997,1.0,0.1318696129455237,0.2330120208852546,0.00317309213865391
100,Convex feasible ensemble,1.3041720571876914,1.3185316019430537,0.1787264034135213,0.17677997316869487,7.377374449215274,-1.2397872807952917,1.8839213013592575,0.022277327422627335,0.022277327422627335,0.022277327422627335,0.0,10.153560024509307,0.022277327422627335,10.175837351931932,0.0,0.0,10.153560024509307,1.0,0.002189237765125823,0.004368910945417467,1.9984014443252818e-15
101,Convex feasible ensemble,6.404300663072543,10.290022173136652,0.8459275023091494,0.5264880845536969,12.164189182935562,0.5071306354622833,39.000191557193055,25.842347376326373,25.842347376326373,25.842347376326373,11.352909941632484,23.532439899461302,14.48943743469389,38.02187733415519,11.352909941632484,0.4393141914047887,23.532439899461302,0.5606858085952113,0.3810815890902361,0.45375756146354174,-1.727816793589911
102,Convex feasible ensemble,3.2837205212917575,6.627619886582763,0.9061436442649127,0.44895792619829733,7.314094104758921,1.513072240133941,23.334894470003732,9.143338452808173,9.143338452808173,9.143338452808173,6.682405655807925,6.7598653388822765,2.460932797000248,9.220798135882525,6.682405655807925,0.7308496442845307,6.7598653388822765,0.26915035571546925,0.26688934740080517,0.26801508310668737,2.2766314685246654
103,Convex feasible ensemble,3.450118425314466,5.881968178929466,0.6671898696493775,0.39134588838925394,8.816033405933705,-0.8494711672510012,29.284224109057146,4.400169450255526,4.400169450255526,4.400169450255526,0.5376992408606547,17.188893684546485,3.8624702093948717,21.05136389394136,0.5376992408606547,0.1221996668399735,17.188893684546485,0.8778003331600266,0.1834783831040278,0.30351571806384225,0.03623810768881608
104,Convex feasible ensemble,0.9926730895988581,1.0495319918131085,0.14974243583767602,0.14163006710281786,7.008914914078354,-0.9926730895988581,1.7656687476565676,0.04336803753168228,0.04336803753168228,0.04336803753168228,0.0,7.898016679259184,0.04336803753168228,7.941384716790867,0.0,0.0,7.898016679259184,1.0,0.005461017074262511,0.010862712689057271,1.5543122344752192e-15
105,Convex feasible ensemble,0.8514742976953316,1.8607030102269932,0.28701720209956844,0.1313416322975666,6.482897180432765,0.26260159111087367,9.311659317999474,1.5440855337235737,1.5440855337235737,1.5440855337235737,0.621674678382776,2.3473822746951,0.9224108553407977,3.2697931300358976,0.621674678382776,0.4026167364469784,2.3473822746951,0.5973832635530216,0.2821006769106127,0.38322979026664006,-0.18565707277758237
106,Convex feasible ensemble,0.6142194610287969,0.7174957153828814,0.10907667230565926,0.09337618809144348,6.577902499374794,-0.39612613580665773,2.3258970761383893,0.17668341543200294,0.17668341543200294,0.17668341543200294,2.220446049250313e-16,3.953177167033084,0.17668341543200272,4.129860582465087,2.220446049250313e-16,1.256737110170285e-15,3.953177167033084,0.9999999999999988,0.04278193219940164,0.08205345888409742,4.884981308350689e-15
107,Convex feasible ensemble,1.2032585103476512,1.5118623289810584,0.20383606219498623,0.16222871080938428,7.417050313377992,-0.39873837709062254,4.670195463415316,2.730668288270691,2.730668288270691,2.730668288270691,1.0801790522627879,6.332729643409722,1.650489236007903,7.983218879417626,1.0801790522627879,0.395573148486247,6.332729643409722,0.6044268515137531,0.20674483074279756,0.3081027847643501,5.10702591327572e-15
108,Convex feasible ensemble,1.4306349598287613,1.504910769201188,0.19876045621636187,0.18895050996649926,7.571479749286793,-1.3331173122932258,2.257209042986209,0.33768109992383666,0.33768109992383666,0.33768109992383666,0.0,10.84198302790888,0.33768109992383666,11.179664127832716,0.0,0.0,10.84198302790888,1.0,0.0302049414063479,0.05863870418853687,2.220446049250313e-15
109,Convex feasible ensemble,3.2672060318319094,6.178905321337058,0.7414111903955615,0.3920343470813827,8.333979040753967,0.4228904518242331,26.816203309981212,10.66970604006342,10.66970604006342,10.66970604006342,6.946167643968966,11.246042222105046,3.723538396094454,14.969580618199501,6.946167643968966,0.6510177148167878,11.246042222105046,0.34898228518321217,0.24874032820715794,0.29045569369570956,-1.7763568394002505e-15
110,Convex feasible ensemble,0.8200363111077659,0.8789131460091903,0.11873927069937103,0.1107851372687518,7.4020426505267904,-0.8200363111077659,1.3152640278058207,1.1474459848501253,1.1474459848501253,1.1474459848501253,0.0,5.528919220659459,1.1474459848501253,6.676365205509585,0.0,0.0,5.528919220659459,1.0,0.17186686910164983,0.2933214917721883,0.11607471664745783
111,Convex feasible ensemble,1.9642572286800566,2.3130399434463005,0.26176724172981813,0.22229542479639938,8.836246767017908,-1.4849007810743755,5.900276299891042,3.623237341114481,3.623237341114481,3.623237341114481,0.13350550049909637,13.307451274272712,3.489731840615385,16.797183114888096,0.13350550049909637,0.036847020476453544,13.307451274272712,0.9631529795235466,0.20775696834085708,0.3417884414411829,0.8571062959887168
112,Convex feasible ensemble,2.0771205799893164,2.200395118749061,0.2442332860933788,0.23055040457978296,9.009398980562274,-2.013806384846309,3.687624677849196,3.512847924640955,3.512847924640955,3.512847924640955,0.21437700377627555,14.63869237494215,3.2984709208646796,17.937163295806826,0.21437700377627555,0.06102655405960587,14.63869237494215,0.9389734459403941,0.18389033240477684,0.30754957533265315,1.7223289252497973
113,Convex feasible ensemble,1.349737289572571,2.7786027419336006,0.32895446571066983,0.15979330266986502,8.446770089990224,-0.18941727717778153,14.667926637663882,7.513952823257652,7.513952823257652,7.513952823257652,3.6669816594159705,4.5505908481542585,3.8469711638416824,8.39756201199594,3.6669816594159705,0.4880229814679834,4.5505908481542585,0.5119770185320167,0.4581057166766108,0.4835455585056331,5.995204332975845e-15
114,Convex feasible ensemble,6.898172981662914,9.08716409230153,0.6805199776155741,0.51659070700028,13.353265725043666,-2.7036592529978085,32.05468772710916,8.35325230504002,8.35325230504002,8.35325230504002,1.224443881337228,36.28165182079468,7.128808423702791,43.41046024449747,1.224443881337228,0.14658289210280975,36.28165182079468,0.8534171078971903,0.16421867871364965,0.2754365200092854,-1.6369051715776188
61,Deadline +50%,3.1933024575210953,3.5823564200265485,0.27069005995447865,0.2412923596454323,13.234163162950962,-3.1933024575210953,6.644682685257846,10.079194044335487,10.079194044335487,10.079194044335487,0.0,22.040132622062934,10.079194044335487,32.11932666639842,0.0,0.0,22.040132622062934,1.0,0.31380464942560016,0.47770366707530926,0.938879709856054
62,Deadline +50%,0.350258866851328,0.7364061423528351,0.04163525713701218,0.019803091184546814,17.687080445534168,-1.021405182655144e-14,2.2150771159125036,24.58510803435769,24.58510803435769,24.58510803435769,1.4010354674052392,8.304468224196171e-14,23.18407256695245,23.184072566952537,1.4010354674052392,0.05698715927736791,8.304468224196171e-14,0.943012840722632,0.9999999999999963,0.9706707243086582,0.0
63,Deadline +50%,8.460051578068416,10.836077095188436,0.4972896006617592,0.3882489607520062,21.790274883626203,-3.8755501603871942,43.72457303392838,23.740728625431025,23.740728625431025,23.740728625431025,3.5504376635325245,37.44021600829568,20.190290961898505,57.630506970194176,3.5504376635325245,0.1495504927228435,37.44021600829568,0.8504495072771567,0.35034033228860345,0.4962513058603231,-4.440892098500626e-16
64,Deadline +50%,2.7644938822464056,3.2011793851255397,0.15575966780195702,0.13451187732247502,20.552042966576735,-1.8936063387456674,10.673180833892872,28.187988501817085,28.187988501817085,28.187988501817085,2.668295208473218,14.10518670837346,25.519693293343863,39.62488000171732,2.668295208473218,0.09466071721652687,14.10518670837346,0.905339282783473,0.6440320650116254,0.7526504587256555,-3.552713678800501e-15
65,Deadline +50%,3.162699640587487,6.1692028323299475,0.5786309825872227,0.29664059529231535,10.661722268561732,-0.9441553961521428,31.540888999584617,20.636464772399947,20.636464772399947,20.636464772399947,8.855475754028312,12.824726712766303,11.780989018371637,24.60571573113794,8.855475754028312,0.4291178674107005,12.824726712766303,0.5708821325892995,0.4787907471215348,0.5207966940254073,0.1521360907726539
66,Deadline +50%,6.405466132780774,9.43524300512464,0.7107779732175259,0.4825381002798325,13.274529263214923,-0.8095904293016225,32.0362526254719,31.132871462859946,31.132871462859946,31.132871462859946,11.327844070882652,27.98592159020418,19.80502739197729,47.790948982181476,11.327844070882652,0.36385477916472425,27.98592159020418,0.6361452208352756,0.4144095862034767,0.5018770576563388,2.1316282072803006e-14
67,Deadline +50%,4.857155268960674,4.9582483733121,0.4293589136197173,0.42060476856873463,11.548027107464723,-4.857155268960674,6.3960438621900515,1.3253170132445429,1.3253170132445429,1.3253170132445429,0.0,37.62112774760696,1.3253170132445429,38.946444760851506,0.0,0.0,37.62112774760696,1.0,0.034029216822808316,0.06581867566057291,-3.552713678800501e-15
68,Deadline +50%,1.4485859833179504,1.7426467760629005,0.1561006542402218,0.12975964080915106,11.163609688535693,-0.6376180976205834,3.5591436888846335,13.968241797008893,13.968241797008893,13.968241797008893,2.711071916140856,3.113282728445483,11.257169880868037,14.37045260931352,2.711071916140856,0.1940882722062697,3.113282728445483,0.8059117277937303,0.7833552767553223,0.7944734305301335,-2.3587769614938865
69,Deadline +50%,1.2178538407956925,1.4773563454850662,0.07538738500034581,0.062145342693248534,19.596864189921025,-0.8773128889925232,3.3450873667076344,26.031567529759425,26.031567529759425,26.031567529759425,0.679556990510445,6.14093877735139,25.35201053924898,31.49294931660037,0.679556990510445,0.026105112177112342,6.14093877735139,0.9738948878228877,0.8050059168604314,0.8814332367870474,-1.6622300492863165
70,Deadline +50%,0.9267173263257813,1.1484325941054332,0.07683311884022329,0.06199979243914241,14.947103689668413,-0.3327387967513572,2.1780779030162236,19.83738109649589,19.83738109649589,19.83738109649589,1.8921377366672272,1.8752040980187412,17.945243359828666,19.820447457847408,1.8921377366672272,0.09538243619272192,1.8752040980187412,0.9046175638072783,0.9053904256194629,0.9050038297098502,0.11079340149450312
71,Deadline +50%,6.829368852347644,7.1016531892394354,0.28721849886393497,0.2762062603861788,24.725612094378803,-6.829368852347644,11.068236343701674,25.313832145750553,25.313832145750553,25.313832145750553,0.0,42.82048010262736,25.313832145750553,68.13431224837791,0.0,0.0,42.82048010262736,1.0,0.3715284019228242,0.5417728154983262,3.552713678800501e-15
72,Deadline +50%,1.2327815955507369,1.338858392773393,0.08965573748753126,0.08255237723924382,14.933326413823686,-1.193614986060628,2.9298210698327125,17.32058533023345,17.32058533023345,17.32058533023345,0.15666643796043545,6.708512796656475,17.163918892273017,23.87243168892949,0.15666643796043545,0.009045100669142565,6.708512796656475,0.9909548993308577,0.7189849411207049,0.8333411890800999,-3.552713678800501e-15
73,Deadline +50%,3.6896277478398742,5.8504612183728435,0.3519795313069162,0.22197795984072258,16.62159500198722,-1.0722207785499416,18.62385113963449,20.93705748827798,20.93705748827798,20.93705748827798,0.5056129469096686,12.153260370239487,20.43144454136831,32.5847049116078,0.5056129469096686,0.02414918845175574,12.153260370239487,0.9758508115482443,0.6270256120714452,0.7634817549061842,-0.35876687672397445
74,Deadline +50%,2.2300486437687628,2.6262979082501974,0.18848994702562158,0.16005105491196583,13.933357983771955,-1.7284988342216232,6.607216134529017,16.782842986557327,16.782842986557327,16.782842986557327,2.0061992381885574,11.605231076510186,14.776643748368768,26.381874824878956,2.0061992381885574,0.11953870031409321,11.605231076510186,0.8804612996859067,0.5601059002233578,0.6846630534187701,4.884981308350689e-15
75,Deadline +50%,4.824637531666023,7.230500014019566,0.37396395682784783,0.24953191869215652,19.33475106893279,-0.4564242978665406,23.64585262492378,31.42926141507155,31.42926141507155,31.42926141507155,5.911463156230945,13.103727240727927,25.517798258840607,38.621525499568534,5.911463156230945,0.18808788021331513,13.103727240727927,0.8119121197866849,0.6607144054712619,0.7285513663089936,-4.053843134545187
76,Deadline +50%,2.807692894304229,3.361935730587422,0.22947662055671209,0.19164550680849915,14.650449890848748,-1.8825160858380081,6.741644558441491,18.982204459187173,18.982204459187173,18.982204459187173,3.700707233864883,11.352860746444009,15.281497225322294,26.634357971766303,3.700707233864883,0.19495666279549437,11.352860746444009,0.8050433372045058,0.5737512892753568,0.6699977556815159,0.0
77,Deadline +50%,3.2981946300158853,3.8275027621465196,0.3817691625885228,0.32897402829017897,10.02569913241491,-3.2205714284741798,7.913666540274296,1.4658413209179029,1.4658413209179029,1.4658413209179029,0.0,24.798975153969337,1.4658413209179029,26.26481647488724,0.0,0.0,24.798975153969337,1.0,0.05581007285238211,0.10571990983492954,7.993605777301127e-15
78,Deadline +50%,1.365714930974539,1.7465414946944267,0.1862307399663492,0.14562385316987772,9.378373812024892,-0.4395721204834412,5.136624344947318,10.303120551784883,10.303120551784883,10.303120551784883,3.424788803671899,3.7955664861742626,6.878331748112983,10.673898234287245,3.424788803671899,0.3324030604571155,3.7955664861742626,0.6675969395428846,0.6444067197509952,0.6557968811735928,-2.6645352591003757e-15
79,Deadline +50%,7.313649730919894,21.33448208782613,1.3282533804100447,0.45533704255106233,16.062057437595204,5.200748746068312,100.20328816434842,21.59004287236467,21.59004287236467,21.59004287236467,1.7003835892856376,4.619870899765296,19.889659283079034,24.50953018284433,1.7003835892856376,0.07875776807567782,4.619870899765296,0.9212422319243223,0.8115071620997854,0.8628999344206123,-1.741801581198306
80,Deadline +50%,2.628662464810845,3.011426927701732,0.19186345063118387,0.16747683511888775,15.695677930292995,-1.9977374654703957,6.050101060600758,19.35677056739088,19.35677056739088,19.35677056739088,0.9406062950267837,8.939563718675373,18.416164272364096,27.355727991039466,0.9406062950267837,0.0485931416995438,8.939563718675373,0.9514068583004562,0.6732105348611604,0.7884897978355078,-0.2897986101169461
81,Deadline +50%,9.382537500908931,19.96643824744613,0.9236665415354882,0.43404516403420473,21.61650048972679,3.6900396889893097,81.63133759409965,40.39330651884949,40.39330651884949,40.39330651884949,14.25475815489353,16.273929091690956,26.138548363955962,42.41247745564692,14.25475815489353,0.3528990167774842,16.273929091690956,0.6471009832225157,0.6162938345511764,0.6313218016752657,-5.329070518200751e-15
82,Deadline +50%,3.2671836277606094,4.137345523624584,0.26733046547651895,0.21110582014946982,15.476520853131081,-1.8034858583736733,14.608866043868952,17.512292155740255,17.512292155740255,17.512292155740255,2.1557304488977933,12.877705204647667,15.356561706842465,28.23426691149013,2.1557304488977933,0.12309813185655304,12.877705204647667,0.8769018681434472,0.5438980142456968,0.6713755972017061,-1.509903313490213e-14
83,Deadline +50%,1.2922840863725544,1.4474427275252655,0.16547321345166477,0.14773531028071898,8.747293276854553,-0.8922659956395529,3.103559604179397,5.513319994747224,5.513319994747224,5.513319994747224,1.1407655942861976,5.700497446702647,4.372554400461027,10.073051847163672,1.1407655942861976,0.2069108260309675,5.700497446702647,0.7930891739690326,0.43408437351508644,0.5610740517178563,5.773159728050814e-15
84,Deadline +50%,2.834501774203482,2.8991414205260893,0.2845005062406065,0.27815724475919235,10.190285630192307,-2.834501774203482,4.098439827126837,2.703834686539519,2.703834686539519,2.703834686539519,0.0,19.972179507088335,2.703834686539519,22.676014193627857,0.0,0.0,19.972179507088335,1.0,0.11923765188413572,0.21306940788385714,0.0
85,Deadline +50%,3.6944538719251727,6.707044160089147,0.42190222933824784,0.23239720621309198,15.897152690112879,-1.0227001372167082,33.59463177051815,20.279718625003653,20.279718625003653,20.279718625003653,1.6952318774669464,7.611134509522869,18.584486747536708,26.195621257059578,1.6952318774669464,0.08359247526131004,7.611134509522869,0.91640752473869,0.709450123941164,0.7997568945034971,-2.4040812201367707
86,Deadline +50%,1.3788003201319439,1.5906833145571937,0.11989247481310367,0.10392249742038433,13.267582615479881,-0.7672144693394238,3.5953309105655293,17.23043848659271,17.23043848659271,17.23043848659271,2.44634340317008,4.079594249459634,14.78409508342263,18.863689332882263,2.44634340317008,0.14197801205544597,4.079594249459634,0.858021987944554,0.7837329603203185,0.8191966935655229,-1.480851274477844
87,Deadline +50%,2.163507923235728,2.3221789127317964,0.1127612924694939,0.1050564830963254,20.593759275684356,-1.8791744371209074,4.549335777837129,27.591417033617347,27.591417033617347,27.591417033617347,1.1373339444592823,12.484355308451926,26.45408308915807,38.93843839760999,1.1373339444592823,0.04122057026188818,12.484355308451926,0.9587794297381119,0.6793822294317226,0.7952544889114918,-0.3039233169881559
88,Deadline +50%,1.6608775354047616,2.007024591900985,0.13810808492126278,0.11428889144115419,14.532274435962353,-1.2935371884088716,5.762059576293419,17.177531334659115,17.177531334659115,17.177531334659115,0.028846493910204885,8.397369611489468,17.148684840748906,25.546054452238373,0.028846493910204885,0.0016793154585607595,8.397369611489468,0.9983206845414391,0.6712850656766027,0.8027736682162143,1.509903313490213e-14
89,Deadline +50%,2.2240468556819324,2.8013916813493247,0.26343778280817126,0.2091453245981398,10.6339783590922,-1.748816872539746,6.623376454128849,11.822813223924786,11.822813223924786,11.822813223924786,1.817377485946091,11.344091040467399,10.005435737978695,21.34952677844609,1.817377485946091,0.15371785475460478,11.344091040467399,0.8462821452453952,0.46864906383217425,0.6032396711997762,7.549516567451064e-15
90,Deadline +50%,8.271161533457416e-15,9.109242914091993e-15,1.2465607101676556e-15,1.1318728781628744e-15,7.307500420791258,2.609024107869118e-15,1.4210854715202004e-14,2.9725752552700344,2.9725752552700344,2.9725752552700344,1.0658141036401503e-14,1.4210854715202004e-14,2.9725752552700238,2.972575255270038,1.0658141036401503e-14,3.585490734845432e-15,1.4210854715202004e-14,0.9999999999999964,0.9999999999999952,0.9999999999999959,0.0
91,Deadline +50%,5.657687437439805,14.29591196834899,0.8575559277973338,0.33938257386746734,16.670530171797196,0.14786443586072684,77.96586855591292,19.56751162215823,19.56751162215823,19.56751162215823,1.5640138782702264,14.000671871337149,18.003497743888,32.00416961522515,1.5640138782702264,0.07992911456861683,14.000671871337149,0.9200708854313832,0.5625360057872992,0.6981931677200235,6.661338147750939e-15
92,Deadline +50%,1.266470887901157,1.5481473241314554,0.19550832606118573,0.1599367188375893,7.918574903285457,-0.5021589322865043,5.587375322989643,5.070531623618262,5.070531623618262,5.070531623618262,2.1869510736707767,6.114913160383519,2.8835805499474847,8.998493710331005,2.1869510736707767,0.43130607123798953,6.114913160383519,0.5686939287620104,0.3204514714098093,0.40991902160972865,-4.884981308350689e-15
93,Deadline +50%,1.34485358087906,1.4452598732869901,0.18336107521218045,0.17062246254170274,7.882042966941455,-0.8854078626193538,1.9733890572835904,3.035897162710499,3.035897162710499,3.035897162710499,0.6530233603053066,8.584668018389621,2.3828738024051925,10.967541820794814,0.6530233603053066,0.21510061945651562,8.584668018389621,0.7848993805434844,0.2172659873415925,0.3403269447186489,8.881784197001252e-15
94,Deadline +50%,1.737156788431987,1.836319231010461,0.23311417595661074,0.2205258575982577,7.877338319194509,-1.737156788431987,3.686404072334792,0.2380297825435902,0.2380297825435902,0.2380297825435902,0.0,13.659224524912304,0.2380297825435902,13.897254307455896,0.0,0.0,13.659224524912304,1.0,0.017127828078664926,0.03367881126803711,0.0
95,Deadline +50%,3.248078194928079,7.175836641819721,0.7663823098592615,0.3468960894574138,9.36325975887608,-0.6703779631221385,38.51442280307662,16.353493485768972,16.353493485768972,16.353493485768972,10.310800927223761,13.840911825994688,6.042692558545211,19.883604384539897,10.310800927223761,0.6304953089195503,13.840911825994688,0.3695046910804497,0.30390327838365094,0.33350863693178556,2.6645352591003757e-14
96,Deadline +50%,1.4170182570569176,1.480961121437337,0.18999209586394686,0.1817888833397793,7.794856489702876,-1.3561125638906872,2.235539205308066,0.7153982385845459,0.7153982385845459,0.7153982385845459,0.0,10.377125045205874,0.7153982385845459,11.09252328379042,0.0,0.0,10.377125045205874,1.0,0.06449373332665996,0.12117259370820334,0.0
97,Deadline +50%,0.5727686697242728,0.6363675697948825,0.09259680777672662,0.08334263549615661,6.872456892135194,-0.5313723623528086,1.0114641447386727,0.5952722259112364,0.5952722259112364,0.5952722259112364,0.0,3.968404196486641,0.5952722259112364,4.563676422397878,0.0,0.0,3.968404196486641,1.0,0.13043699219991248,0.23077268896884315,0.0
98,Deadline +50%,0.5795232536264011,0.5934571872340642,0.08571417874769917,0.08370167354665466,6.923675824753724,-0.5795232536264011,0.7374850505603083,0.6234402607119442,0.6234402607119442,0.6234402607119442,0.0,4.012745768299265,0.6234402607119442,4.636186029011209,0.0,0.0,4.012745768299265,1.0,0.1344726585194662,0.23706637178009837,0.0
99,Deadline +50%,0.5575802787742872,0.5954247985278293,0.08735684592490738,0.08180454462777258,6.816006143807677,-0.5575802787742872,0.8771215275244391,0.588641598816336,0.588641598816336,0.588641598816336,0.0,3.875173723516607,0.588641598816336,4.463815322332943,0.0,0.0,3.875173723516607,1.0,0.13186961294552207,0.23301202088525205,0.0031730921386454725
100,Deadline +50%,1.3041720571876916,1.318531601943054,0.17872640341352133,0.1767799731686949,7.377374449215274,-1.239787280795292,1.8839213013592575,0.022277327422625337,0.022277327422625337,0.022277327422625337,0.0,10.153560024509309,0.022277327422625337,10.175837351931932,0.0,0.0,10.153560024509309,1.0,0.0021892377651256266,0.0043689109454170755,-4.440892098500626e-16
101,Deadline +50%,4.916267330284348,6.780414803135166,0.5574078716768905,0.40415906529808787,12.164189182935562,-0.6113492692671174,21.67878150773216,24.779120002203953,24.779120002203953,24.779120002203953,6.648497021139409,19.891254353090652,18.13062298106454,38.02187733415519,6.648497021139409,0.26831045737492154,19.891254353090652,0.7316895426250783,0.47684712729262674,0.5773992054284676,-10.675656031425113
102,Deadline +50%,3.1202143762827235,5.696465120681936,0.7788339935325042,0.4266029848115508,7.314094104758921,1.018385754720053,21.690410140537338,7.482962970550991,7.482962970550991,7.482962970550991,6.344816218837311,8.082651384168845,1.1381467517136803,9.220798135882525,6.344816218837311,0.8479015924316574,8.082651384168845,0.1520984075683426,0.12343256353098202,0.13627430905669724,-1.6808604147864394
103,Deadline +50%,3.0061209176147097,3.318685122315657,0.3764374486242291,0.34098338552022894,8.816033405933705,-2.14849258090604,9.16797293328506,0.7323782138146653,0.7323782138146653,0.7323782138146653,0.2827850395833671,20.60177071971006,0.4495931742312982,21.05136389394136,0.2827850395833671,0.3861188580562124,20.60177071971006,0.6138811419437876,0.021356961786247602,0.04127786419866053,-10.35593320155149
104,Deadline +50%,0.9926730895988584,1.0495319918131087,0.14974243583767605,0.1416300671028179,7.008914914078354,-0.9926730895988584,1.7656687476565676,0.043368037531680725,0.043368037531680725,0.043368037531680725,0.0,7.898016679259186,0.043368037531680725,7.941384716790867,0.0,0.0,7.898016679259186,1.0,0.005461017074262315,0.010862712689056885,0.0
105,Deadline +50%,0.683455246876283,0.8523773216916187,0.1314809255751174,0.10542435393532788,6.482897180432765,0.09458254029182511,1.8510568216965613,3.016415464762132,3.016415464762132,3.016415464762132,2.0940046094213347,2.3473822746951005,0.922410855340797,3.2697931300358976,2.0940046094213347,0.6942029816129667,2.3473822746951005,0.3057970183870332,0.28210067691061247,0.29347128445725185,-1.5298094793299712
106,Deadline +50%,0.6096738554730325,0.6617043616489768,0.10059503948437507,0.09268514629564362,6.577902499374794,-0.39612613580665823,1.5817688862646104,0.3627154629004441,0.3627154629004441,0.3627154629004441,0.1678496252453856,3.9349947448100284,0.1948658376550585,4.129860582465087,0.1678496252453856,0.46275839442625566,3.9349947448100284,0.5372416055737443,0.0471846043622965,0.08675015656377323,1.1102230246251565e-15
107,Deadline +50%,0.9586871439564556,1.2280746350443545,0.165574532079053,0.12925450191800505,7.417050313377992,-0.3987383770906229,4.391486520987412,4.297990385615533,4.297990385615533,4.297990385615533,1.7043484560094142,5.389576949811508,2.593641929606118,7.983218879417626,1.7043484560094142,0.3965454324219777,5.389576949811508,0.6034545675780222,0.3248867366386582,0.4223756592098287,2.886579864025407e-15
108,Deadline +50%,1.3759563866028066,1.4743786392208242,0.1947279380044179,0.18172886042948433,7.571479749286793,-1.3331173122932265,2.2572090429862097,0.5563953928276553,0.5563953928276553,0.5563953928276553,0.0,10.62326873500506,0.5563953928276553,11.179664127832716,0.0,0.0,10.62326873500506,1.0,0.04976852492754787,0.09481809321913659,-1.9984014443252818e-15
109,Deadline +50%,2.440328033639271,5.46657102392241,0.6559376976100308,0.2928166751687075,8.333979040753967,0.4228904518242351,28.86500031088712,18.349927548688363,18.349927548688363,18.349927548688363,10.9595411117716,7.579194181282738,7.390386436916762,14.969580618199501,10.9595411117716,0.5972525549592689,7.579194181282738,0.40274744504073096,0.4936936194412677,0.4436071745057241,1.2434497875801753e-14
110,Deadline +50%,0.8345456506886981,0.8926998114116803,0.12060181946508353,0.11274531775756587,7.4020426505267904,-0.8345456506886981,1.3152640278058207,1.122885432372275,1.122885432372275,1.122885432372275,0.0,5.55347977313731,1.122885432372275,6.676365205509585,0.0,0.0,5.55347977313731,1.0,0.16818813797747734,0.2879470052977374,0.0
111,Deadline +50%,1.8160590846134887,2.112485661963151,0.2390704693590264,0.20552380807110254,8.836246767017908,-1.5920390680729648,3.5965194879789024,5.00927358701024,5.00927358701024,5.00927358701024,0.8362494802672829,12.624159008145138,4.1730241067429565,16.797183114888096,0.8362494802672829,0.1669402690313815,12.624159008145138,0.8330597309686184,0.2484359477538956,0.3827328908854485,2.6645352591003757e-15
112,Deadline +50%,2.238817444701472,2.359641611771016,0.2619088816980943,0.24849797966897766,9.009398980562274,-2.2290975005025335,3.695710546361706,1.9320335648491103,1.9320335648491103,1.9320335648491103,0.0,16.005129730957716,1.9320335648491103,17.937163295806826,0.0,0.0,16.005129730957716,1.0,0.10771121012767733,0.19447525518002529,0.0
113,Deadline +50%,1.3485159107118405,3.186703818495737,0.37726891871629303,0.1596487055223497,8.446770089990224,-0.18941727717778215,17.25138044539691,8.652564972807557,8.652564972807557,8.652564972807557,4.406706686930518,4.151703726118902,4.245858285877039,8.39756201199594,4.406706686930518,0.5092948392504983,4.151703726118902,0.49070516074950155,0.5056060651665112,0.49804418344347856,8.881784197001252e-16
114,Deadline +50%,6.404621166520956,8.16701628557023,0.6116119048131594,0.4796295751464956,13.353265725043666,-3.2278224739516763,28.157579329967383,11.064053200951097,11.064053200951097,11.064053200951097,0.7494628018140097,33.095869845360376,10.314590399137089,43.41046024449747,0.7494628018140097,0.06773853923167902,33.095869845360376,0.9322614607683211,0.2376061055571168,0.3786941726231752,-5.830210939208561
61,Waiting cost -50%,3.3031331842383294,3.6801841498060504,0.27808212007758265,0.249591390371055,13.234163162950962,-3.14486972039962,6.644682685257846,11.653323753617713,11.653323753617713,11.653323753617713,0.6330538553548393,21.09905676813555,11.020269898262875,32.11932666639842,0.6330538553548393,0.05432388808028362,21.09905676813555,0.9456761119197165,0.34310401375230914,0.5035230808515804,1.326341606827857
62,Waiting cost -50%,0.48409990516562906,0.9515325089639697,0.05379816707987119,0.027370255178991963,17.687080445534168,-0.13384103831431404,3.422482970347378,24.58510803435769,24.58510803435769,24.58510803435769,1.4010354674052392,8.304468224196171e-14,23.18407256695245,23.184072566952537,1.4010354674052392,0.05698715927736791,8.304468224196171e-14,0.943012840722632,0.9999999999999963,0.9706707243086582,-1.0707283065144324
63,Waiting cost -50%,8.501324246792361,11.51677351907989,0.5285281429714273,0.3901430474004935,21.790274883626203,-3.5308942052233805,49.205124707805766,24.68359385195228,24.68359385195228,24.68359385195228,3.72401424061421,36.670927358856105,20.95957961133807,57.630506970194176,3.72401424061421,0.1508700176704483,36.670927358856105,0.8491299823295517,0.3636889681046554,0.5092585450608222,2.7572476413105096
64,Waiting cost -50%,2.640467446008204,2.949434897610676,0.14351054551643683,0.1284771275684042,20.552042966576735,-1.8936063387456692,8.688757854081611,27.691882756864253,27.691882756864253,27.691882756864253,2.172189463520403,14.10518670837347,25.51969329334385,39.62488000171732,2.172189463520403,0.07844137874597788,14.10518670837347,0.9215586212540221,0.644032065011625,0.7581972824470258,-1.9539925233402755e-14
65,Waiting cost -50%,2.934256965652292,5.688031374276601,0.5335002386105033,0.27521416256588754,10.661722268561732,-0.9206920334840378,28.395812718447736,21.42613662033607,21.42613662033607,21.42613662033607,8.035558504959951,11.215137615761819,13.390578115376123,24.60571573113794,8.035558504959951,0.3750353433914543,11.215137615761819,0.6249646566085459,0.5442059991951653,0.5817961881322091,0.3398429921174948
66,Waiting cost -50%,4.329286915020911,6.6561058854030595,0.5014193538182788,0.3261348729719409,13.274529263214923,-1.3310349569528745,24.25059943934371,39.34785778724113,39.34785778724113,39.34785778724113,11.993007832272145,20.43609902721249,27.354849954968987,47.790948982181476,11.993007832272145,0.3047944286349682,20.43609902721249,0.6952055713650318,0.5723855779714283,0.6278454105379816,-4.171556221209997
67,Waiting cost -50%,4.79103221789359,4.887805847283954,0.42325895166321903,0.41487885102007027,11.548027107464723,-4.79103221789359,6.3960438621900515,1.8543014217812153,1.8543014217812153,1.8543014217812153,0.0,37.09214333907029,1.8543014217812153,38.946444760851506,0.0,0.0,37.09214333907029,1.0,0.04761157104756161,0.09089546615059305,0.5289844085366688
68,Waiting cost -50%,1.7503811944360355,2.4128206398877095,0.21613265845056553,0.1567934783884073,11.163609688535693,-0.662319819783059,7.3592830005090075,15.127851867254265,15.127851867254265,15.127851867254265,3.8194458719632953,3.06204661402255,11.308405995290968,14.37045260931352,3.8194458719632953,0.2524777414188504,3.06204661402255,0.7475222585811495,0.7869206560663209,0.7667156601677829,-2.5563907387936897
69,Waiting cost -50%,1.4256524644688358,1.6693259752014455,0.08518332111828412,0.07274900977280188,19.596864189921025,-1.1575053246193472,3.3754092601831935,25.576863070721302,25.576863070721302,25.576863070721302,0.49070097187670125,6.4067872177557685,25.0861620988446,31.49294931660037,0.49070097187670125,0.019185346166959123,6.4067872177557685,0.9808146538330409,0.7965643943554482,0.879139462684395,-3.903769534300908
70,Waiting cost -50%,1.1207346817786104,1.5523334391216033,0.10385513283048886,0.07498005667501145,14.947103689668413,-0.45495773655488575,5.166323157695539,20.47364900867122,20.47364900867122,20.47364900867122,2.6631077808948986,2.0099062300710835,17.81054122777632,19.820447457847408,2.6631077808948986,0.13007489674981682,2.0099062300710835,0.869925103250183,0.8985943059890247,0.884027328548019,-0.8669581169337244
71,Waiting cost -50%,6.829368852347644,7.101545680841562,0.28721415080583784,0.2762062603861788,24.725612094378803,-6.829368852347644,11.068236343701674,25.196582250335386,25.196582250335386,25.196582250335386,0.0,42.93772999804253,25.196582250335386,68.13431224837791,0.0,0.0,42.93772999804253,1.0,0.3698075377716203,0.5399408713624352,0.0
72,Waiting cost -50%,1.3605738449235054,1.5553884822386435,0.1041555269828449,0.0911098979035261,14.933326413823686,-1.3214072354333966,4.311514371677774,17.32058533023345,17.32058533023345,17.32058533023345,0.15666643796043633,6.708512796656475,17.163918892273013,23.87243168892949,0.15666643796043633,0.009045100669142615,6.708512796656475,0.9909548993308575,0.7189849411207047,0.8333411890800998,-1.0223379949821543
73,Waiting cost -50%,3.2940241779333888,4.865838934721383,0.29274199823420316,0.19817738174582925,16.62159500198722,-1.6329696281206156,13.218174983728597,20.612542292173508,20.612542292173508,20.612542292173508,0.18109775080520052,12.153260370239492,20.431444541368307,32.5847049116078,0.18109775080520052,0.008785803722715103,12.153260370239492,0.9912141962772849,0.6270256120714451,0.7681391656640466,-4.8447576732893705
74,Waiting cost -50%,2.4917215127320684,3.0277181324777858,0.21729995999558321,0.17883137113351655,13.933357983771955,-1.728586432116608,6.607216134529017,19.310852849361112,19.310852849361112,19.310852849361112,3.052540322461841,10.123562297979685,16.25831252689927,26.381874824878956,3.052540322461841,0.15807382233575626,10.123562297979685,0.8419261776642437,0.6162682764140462,0.7116367682319448,-0.0007007831598735415
75,Waiting cost -50%,3.394523628380553,4.341567194265146,0.22454735407694004,0.17556593391237899,19.33475106893279,-1.6408328221607735,15.306581653270175,26.099251590271997,26.099251590271997,26.099251590271997,0.6015092356226655,13.123783144919202,25.497742354649333,38.621525499568534,0.6015092356226655,0.02304699173239384,13.123783144919202,0.9769530082676062,0.6601951120479223,0.7879306615634506,-13.529111328899052
76,Waiting cost -50%,2.8554738241778637,3.6016903407901144,0.2458416204023791,0.19490690357307772,14.650449890848748,-1.8324993253837463,9.302448880385757,20.6306177469974,20.6306177469974,20.6306177469974,4.09189799517647,10.095638219945371,16.538719751820935,26.634357971766303,4.09189799517647,0.1983410310518699,10.095638219945371,0.8016589689481303,0.6209543240859333,0.6998298211440839,0.400134083634093
77,Waiting cost -50%,3.298194630015887,3.8179212029424106,0.3808134627338233,0.32897402829017913,10.02569913241491,-3.2205714284741815,7.913666540274296,1.5841415922291586,1.5841415922291586,1.5841415922291586,0.0,24.68067488265808,1.5841415922291586,26.26481647488724,0.0,0.0,24.68067488265808,1.0,0.060314207553813094,0.11376666864242133,-7.105427357601002e-15
78,Waiting cost -50%,1.2035663672119168,1.5188246732111828,0.16194968377819993,0.12833422844253783,9.378373812024892,-0.4395721204834404,4.864784850229,9.795137621907015,9.795137621907015,9.795137621907015,2.768268994724271,3.647029607104501,7.026868627182745,10.673898234287245,2.768268994724271,0.28261665140191433,3.647029607104501,0.7173833485980857,0.6583226177490316,0.6865852086585993,2.6645352591003757e-15
79,Waiting cost -50%,7.427400354699319,21.32209583080301,1.3274822303210077,0.4624189885733183,16.062057437595204,5.155269371079358,100.20328816434842,21.329306586846656,21.329306586846656,21.329306586846656,1.4396473037676256,4.619870899765297,19.889659283079034,24.50953018284433,1.4396473037676256,0.06749620752581927,4.619870899765297,0.9325037924741809,0.8115071620997854,0.8678082030314626,-2.1056365811099287
80,Waiting cost -50%,3.007248290823554,3.340275411932341,0.21281498172726504,0.1915972221256847,15.695677930292995,-2.2808102646594657,6.050101060600758,20.182389320494586,20.182389320494586,20.182389320494586,2.0630514843315058,9.236390154876386,18.119337836163083,27.355727991039466,2.0630514843315058,0.1022203789437627,9.236390154876386,0.8977796210562374,0.6623599211871891,0.7623077589472327,-2.5543810036295085
81,Waiting cost -50%,9.411220273990804,19.970430932781085,0.9238512469801485,0.43537205656685607,21.61650048972679,3.6613569159074375,81.63133759409965,40.163844334194515,40.163844334194515,40.163844334194515,14.25475815489353,16.503391276345933,25.909086179300985,42.41247745564692,14.25475815489353,0.35491518282669415,16.503391276345933,0.6450848171733059,0.6108835827002926,0.6275185335873928,-0.2294621846549827
82,Waiting cost -50%,3.6293553257604123,4.587388896983551,0.2964095703754677,0.23450718415348185,15.476520853131081,-2.103305448199004,16.724751051673927,17.05424095265944,17.05424095265944,17.05424095265944,1.9230117473271515,13.103037706157844,15.131229205332287,28.23426691149013,1.9230117473271515,0.11275856560636179,13.103037706157844,0.8872414343936381,0.5359171978067023,0.6682149586699094,-2.3985567186026584
83,Waiting cost -50%,1.2841260393102572,1.458737177259875,0.16676440712462584,0.1468026735433772,8.747293276854553,-0.902769461961715,3.0785064311951995,5.556577662083027,5.556577662083027,5.556577662083027,1.0661195407483604,5.582593725829006,4.490458121334667,10.073051847163672,1.0661195407483604,0.19186621794622732,5.582593725829006,0.8081337820537727,0.44578923939511655,0.5746083896202469,-0.08402773057729229
84,Waiting cost -50%,2.834501774203482,2.8991414205260893,0.2845005062406065,0.27815724475919235,10.190285630192307,-2.834501774203482,4.098439827126837,2.703834686539519,2.703834686539519,2.703834686539519,0.0,19.972179507088335,2.703834686539519,22.676014193627857,0.0,0.0,19.972179507088335,1.0,0.11923765188413572,0.21306940788385714,0.0
85,Waiting cost -50%,3.796353848541505,6.786646400974417,0.4269095562751513,0.23880715764292937,15.897152690112879,-1.2728813935173844,33.59463177051815,20.279718625003653,20.279718625003653,20.279718625003653,1.6952318774669464,7.61113450952287,18.584486747536708,26.195621257059578,1.6952318774669464,0.08359247526131004,7.61113450952287,0.91640752473869,0.709450123941164,0.7997568945034971,-4.405531270542182
86,Waiting cost -50%,1.7770747747134,2.425129439677702,0.1827860816821442,0.13394111242540954,13.267582615479881,-0.9379270762353276,7.70228555002168,18.30119774536335,18.30119774536335,18.30119774536335,3.3565907939122885,3.919082381431203,14.94460695145106,18.863689332882263,3.3565907939122885,0.1834082577880832,3.919082381431203,0.8165917422119168,0.7922419993103019,0.8042326037470382,-2.8465521296450698
87,Waiting cost -50%,2.233046390209381,2.405394198698513,0.11680209360991371,0.10843315978962632,20.593759275684356,-1.9487129040945605,4.549335777837129,27.210948467755493,27.210948467755493,27.210948467755493,1.1373339444592823,12.86482387431378,26.073614523296214,38.93843839760999,1.1373339444592823,0.041796923977383715,12.86482387431378,0.9582030760226165,0.6696112015857469,0.7883252062899422,-0.8602310527773813
88,Waiting cost -50%,1.6360948928782117,1.8679729138353052,0.128539611749467,0.11258353949258229,14.532274435962353,-1.4628157811980937,3.3770620868422814,17.177531334659086,17.177531334659086,17.177531334659086,0.028846493910204885,8.397369611489495,17.148684840748878,25.546054452238373,0.028846493910204885,0.001679315458560762,8.397369611489495,0.9983206845414391,0.6712850656766016,0.8027736682162134,-1.3542287423137647
89,Waiting cost -50%,2.087794546419819,2.566516208739911,0.24135052019788097,0.1963324050433792,10.6339783590922,-1.82162621941781,5.119546117391744,11.227004122081023,11.227004122081023,11.227004122081023,0.9811308613853793,11.10365351775045,10.245873260695642,21.34952677844609,0.9811308613853793,0.08739026464377196,11.10365351775045,0.9126097353562279,0.4799110241187922,0.6290340301723076,-0.5824747750245054
90,Waiting cost -50%,8.271161533457416e-15,9.109242914091993e-15,1.2465607101676556e-15,1.1318728781628744e-15,7.307500420791258,2.609024107869118e-15,1.4210854715202004e-14,2.9725752552700344,2.9725752552700344,2.9725752552700344,1.0658141036401503e-14,1.4210854715202004e-14,2.9725752552700238,2.972575255270038,1.0658141036401503e-14,3.585490734845432e-15,1.4210854715202004e-14,0.9999999999999964,0.9999999999999952,0.9999999999999959,0.0
91,Waiting cost -50%,5.780516466845458,13.87410774016669,0.8322535394608248,0.34675060764562826,16.670530171797196,-0.15790219240286074,75.18497876811554,19.56751162215823,19.56751162215823,19.56751162215823,1.5640138782702264,14.000671871337149,18.003497743888,32.00416961522515,1.5640138782702264,0.07992911456861683,14.000671871337149,0.9200708854313832,0.5625360057872992,0.6981931677200235,-2.446133026108692
92,Waiting cost -50%,1.2664685993677027,1.5481245634548637,0.19550545172118522,0.15993642982934195,7.918574903285457,-0.5022959199698922,5.587375322989643,5.069435722151159,5.069435722151159,5.069435722151159,2.186393968803408,6.115451956983254,2.8830417533477504,8.998493710331005,2.186393968803408,0.4312894153583697,6.115451956983254,0.5687105846416303,0.3203915950997202,0.40987435531073213,-0.0010959014671079181
93,Waiting cost -50%,1.3448694109715769,1.445186296398109,0.18335174046366542,0.17062447091600155,7.882042966941455,-0.8856494468419911,1.9733890572835904,3.0339644889294006,3.0339644889294006,3.0339644889294006,0.6521203437848246,8.585697675650238,2.381844145144576,10.967541820794814,0.6521203437848246,0.21494000544974712,8.585697675650238,0.7850599945502529,0.2171721051137022,0.34022684309192597,-0.0019326737810896333
94,Waiting cost -50%,1.737156788431987,1.836319231010461,0.23311417595661074,0.2205258575982577,7.877338319194509,-1.737156788431987,3.686404072334792,0.2380297825435902,0.2380297825435902,0.2380297825435902,0.0,13.659224524912304,0.2380297825435902,13.897254307455896,0.0,0.0,13.659224524912304,1.0,0.017127828078664926,0.03367881126803711,0.0
95,Waiting cost -50%,2.4512754094267155,4.894335618557299,0.5227170605747234,0.26179722367554553,9.36325975887608,-0.6704340481566968,25.346105838765084,15.902370375077778,15.902370375077778,15.902370375077778,7.123365445080075,11.104599454542196,8.779004929997704,19.883604384539897,7.123365445080075,0.4479436258285007,11.104599454542196,0.5520563741714993,0.44151979491322235,0.4906394188767094,-0.0004486802764418485
96,Waiting cost -50%,1.4170182570569176,1.480961121437337,0.18999209586394686,0.1817888833397793,7.794856489702876,-1.3561125638906872,2.235539205308066,0.7153982385845459,0.7153982385845459,0.7153982385845459,0.0,10.377125045205874,0.7153982385845459,11.09252328379042,0.0,0.0,10.377125045205874,1.0,0.06449373332665996,0.12117259370820334,0.0
97,Waiting cost -50%,0.5727686697242728,0.6363675697948825,0.09259680777672662,0.08334263549615661,6.872456892135194,-0.5313723623528086,1.0114641447386727,0.5952722259112364,0.5952722259112364,0.5952722259112364,0.0,3.968404196486641,0.5952722259112364,4.563676422397878,0.0,0.0,3.968404196486641,1.0,0.13043699219991248,0.23077268896884315,0.0
98,Waiting cost -50%,0.5795232536264011,0.5934571872340642,0.08571417874769917,0.08370167354665466,6.923675824753724,-0.5795232536264011,0.7374850505603083,0.6234402607119442,0.6234402607119442,0.6234402607119442,0.0,4.012745768299265,0.6234402607119442,4.636186029011209,0.0,0.0,4.012745768299265,1.0,0.1344726585194662,0.23706637178009837,0.0
99,Waiting cost -50%,0.5575917686092222,0.5954339521819042,0.08735818888937687,0.08180623034147246,6.816006143807677,-0.5575917686092222,0.8771215275244391,0.5885496801368557,0.5885496801368557,0.5885496801368557,0.0,3.875265642196087,0.5885496801368557,4.463815322332943,0.0,0.0,3.875265642196087,1.0,0.13184902099158965,0.23297987372216736,0.003081173459165143
100,Waiting cost -50%,1.3041720571876916,1.318531601943054,0.17872640341352133,0.1767799731686949,7.377374449215274,-1.239787280795292,1.8839213013592575,0.022277327422625337,0.022277327422625337,0.022277327422625337,0.0,10.153560024509309,0.022277327422625337,10.175837351931932,0.0,0.0,10.153560024509309,1.0,0.0021892377651256266,0.0043689109454170755,-4.440892098500626e-16
101,Waiting cost -50%,3.8254529029413358,4.788312206576848,0.39364006384363825,0.3144848247105399,12.164189182935562,-2.0002562789215244,10.957351309076277,22.62043377957761,22.62043377957761,22.62043377957761,3.9492163994561174,19.350659954033702,18.67121738012149,38.02187733415519,3.9492163994561174,0.17458623640637633,19.350659954033702,0.8254137635936236,0.4910651101214581,0.6157818538645137,-21.786912108660374
102,Waiting cost -50%,2.9893988526616404,5.672132503231234,0.7755071813391977,0.40871758140445386,7.314094104758921,1.1961012229994434,21.690410140537338,8.944145165636954,8.944145165636954,8.944145165636954,6.573809762654228,6.850462732899798,2.370335402982727,9.220798135882525,6.573809762654228,0.734984690086487,6.850462732899798,0.2650153099135131,0.25706401637387777,0.26097911384996736,-0.25913666855131323
103,Waiting cost -50%,2.4266181370531794,2.629731364247587,0.2982896324414588,0.27525056057749553,8.816033405933705,-2.1318368495124496,4.324026910527838,3.117012261635147,3.117012261635147,3.117012261635147,0.2827850395833671,18.217136671889577,2.83422722205178,21.05136389394136,0.2827850395833671,0.09072310785040719,18.217136671889577,0.9092768921495927,0.1346339000328372,0.23454014484111893,-10.22268735040277
104,Waiting cost -50%,0.9926730895988584,1.0495319918131087,0.14974243583767605,0.1416300671028179,7.008914914078354,-0.9926730895988584,1.7656687476565676,0.043368037531680725,0.043368037531680725,0.043368037531680725,0.0,7.898016679259186,0.043368037531680725,7.941384716790867,0.0,0.0,7.898016679259186,1.0,0.005461017074262315,0.010862712689056885,0.0
105,Waiting cost -50%,0.6491952396106332,0.8227418285928846,0.12690959083481293,0.10013967853293891,6.482897180432765,0.02721512115562766,1.8510568216965613,2.4774761116725523,2.4774761116725523,2.4774761116725523,1.6874949038139455,2.4798119221772907,0.7899812078586068,3.2697931300358976,1.6874949038139455,0.6811346821320962,2.4798119221772907,0.31886531786790384,0.2415997515567396,0.27490662943912286,-2.0687488324195504
106,Waiting cost -50%,0.6096738554730325,0.6617043616489768,0.10059503948437507,0.09268514629564362,6.577902499374794,-0.39612613580665823,1.5817688862646104,0.3627154629004441,0.3627154629004441,0.3627154629004441,0.1678496252453856,3.9349947448100284,0.1948658376550585,4.129860582465087,0.1678496252453856,0.46275839442625566,3.9349947448100284,0.5372416055737443,0.0471846043622965,0.08675015656377323,1.1102230246251565e-15
107,Waiting cost -50%,0.9183904701104193,1.1210991968349513,0.1511516235521345,0.12382152355821774,7.417050313377992,-0.3987383770906223,3.5473742668214268,4.297990385615536,4.297990385615536,4.297990385615536,1.543161760625271,5.228390254427361,2.7548286249902656,7.983218879417626,1.543161760625271,0.35904262740789433,5.228390254427361,0.6409573725921057,0.34507742636153677,0.4486249791107728,6.8833827526759706e-15
108,Waiting cost -50%,1.3759563866028066,1.4743786392208242,0.1947279380044179,0.18172886042948433,7.571479749286793,-1.3331173122932265,2.2572090429862097,0.5563953928276553,0.5563953928276553,0.5563953928276553,0.0,10.62326873500506,0.5563953928276553,11.179664127832716,0.0,0.0,10.62326873500506,1.0,0.04976852492754787,0.09481809321913659,-1.9984014443252818e-15
109,Waiting cost -50%,2.142620456300083,5.346893860303812,0.6415775506702118,0.2570945338142154,8.333979040753967,0.42277046975463556,28.86500031088712,18.377463874085514,18.377463874085514,18.377463874085514,9.902731536102687,6.494848280216674,8.474732337982827,14.969580618199501,9.902731536102687,0.5388519114471915,6.494848280216674,0.4611480885528086,0.5661302446696161,0.5082748691533064,-0.0009598565567845441
110,Waiting cost -50%,0.8175379765586285,0.8771869424528601,0.1185060643213711,0.11044761765868044,7.4020426505267904,-0.8175379765586285,1.3152640278058207,1.122885432372275,1.122885432372275,1.122885432372275,0.0,5.55347977313731,1.122885432372275,6.676365205509585,0.0,0.0,5.55347977313731,1.0,0.16818813797747734,0.2879470052977374,0.13606139304055764
111,Waiting cost -50%,1.8356849599128258,2.123229637085099,0.24028636739868406,0.20774487271730416,8.836246767017908,-1.6980547973821065,3.5965194879789024,4.262716544020098,4.262716544020098,4.262716544020098,0.4906900642280645,13.025156635096062,3.772026479792033,16.797183114888096,0.4906900642280645,0.11511205569519356,13.025156635096062,0.8848879443048064,0.2245630385757191,0.3582188463273605,-0.8481258344731306
112,Waiting cost -50%,2.208262954522938,2.331374344913275,0.2587713508906867,0.2451065780622273,9.009398980562274,-2.1985430103239993,3.695710546361706,2.1764694862773837,2.1764694862773837,2.1764694862773837,0.0,15.760693809529442,2.1764694862773837,17.937163295806826,0.0,0.0,15.760693809529442,1.0,0.12133855562245884,0.216417343386723,0.24443592142827342
113,Waiting cost -50%,1.4124580479998003,2.9403779851804894,0.34810678565348435,0.16721871590581378,8.446770089990224,-0.2929680127074329,15.43208187149066,8.652564972807557,8.652564972807557,8.652564972807557,4.248272293963754,3.9932693331521376,4.404292678843803,8.39756201199594,4.248272293963754,0.49098415409936963,3.9932693331521376,0.5090158459006303,0.5244727782363808,0.5166287245566298,-0.8284058842372046
114,Waiting cost -50%,5.741293911550192,6.91586796069255,0.5179158494331494,0.4299542920637429,13.353265725043666,-4.192023989289316,23.582454310423465,10.16847828204056,10.16847828204056,10.16847828204056,0.30146611143763735,33.54344807389454,9.867012170602923,43.41046024449747,0.30146611143763735,0.029647121533423842,33.54344807389454,0.9703528784665761,0.2272957281500747,0.36831682157031614,-13.54382306190968
61,No site capacity,3.1933024575210953,3.5823564200265485,0.27069005995447865,0.2412923596454323,13.234163162950962,-3.1933024575210953,6.644682685257846,10.079194044335487,10.079194044335487,10.079194044335487,0.0,22.040132622062934,10.079194044335487,32.11932666639842,0.0,0.0,22.040132622062934,1.0,0.31380464942560016,0.47770366707530926,0.938879709856054
62,No site capacity,0.350258866851328,0.7364061423528351,0.04163525713701218,0.019803091184546814,17.687080445534168,-1.021405182655144e-14,2.2150771159125036,24.58510803435769,24.58510803435769,24.58510803435769,1.4010354674052392,8.304468224196171e-14,23.18407256695245,23.184072566952537,1.4010354674052392,0.05698715927736791,8.304468224196171e-14,0.943012840722632,0.9999999999999963,0.9706707243086582,0.0
63,No site capacity,8.460051578068416,10.836077095188433,0.49728960066175903,0.3882489607520062,21.790274883626203,-3.8755501603871956,43.72457303392838,23.740728625431018,23.740728625431018,23.740728625431018,3.5504376635325112,37.44021600829568,20.190290961898505,57.630506970194176,3.5504376635325112,0.14955049272284296,37.44021600829568,0.850449507277157,0.35034033228860345,0.4962513058603231,-1.1102230246251565e-14
64,No site capacity,2.7644938822464056,3.2011793851255397,0.15575966780195702,0.13451187732247502,20.552042966576735,-1.8936063387456674,10.673180833892872,28.187988501817085,28.187988501817085,28.187988501817085,2.668295208473218,14.10518670837346,25.519693293343863,39.62488000171732,2.668295208473218,0.09466071721652687,14.10518670837346,0.905339282783473,0.6440320650116254,0.7526504587256555,-3.552713678800501e-15
65,No site capacity,3.1626996405874865,6.169202832329947,0.5786309825872226,0.2966405952923153,10.661722268561732,-0.9441553961521433,31.54088899958461,20.636464772399947,20.636464772399947,20.636464772399947,8.855475754028308,12.824726712766303,11.780989018371637,24.60571573113794,8.855475754028308,0.42911786741070035,12.824726712766303,0.5708821325892995,0.4787907471215348,0.5207966940254073,0.1521360907726539
66,No site capacity,6.405466132780773,9.435243005124635,0.7107779732175254,0.48253810027983246,13.274529263214923,-0.8095904293016285,32.0362526254719,31.132871462859924,31.132871462859924,31.132871462859924,11.327844070882652,27.9859215902042,19.805027391977276,47.790948982181476,11.327844070882652,0.36385477916472453,27.9859215902042,0.6361452208352756,0.4144095862034764,0.5018770576563385,-2.842170943040401e-14
67,No site capacity,4.857155268960674,4.9582483733121,0.4293589136197173,0.42060476856873463,11.548027107464723,-4.857155268960674,6.3960438621900515,1.3253170132445429,1.3253170132445429,1.3253170132445429,0.0,37.62112774760696,1.3253170132445429,38.946444760851506,0.0,0.0,37.62112774760696,1.0,0.034029216822808316,0.06581867566057291,-3.552713678800501e-15
68,No site capacity,1.4485859833179504,1.7426467760629005,0.1561006542402218,0.12975964080915106,11.163609688535693,-0.6376180976205834,3.5591436888846335,13.968241797008893,13.968241797008893,13.968241797008893,2.711071916140856,3.113282728445483,11.257169880868037,14.37045260931352,2.711071916140856,0.1940882722062697,3.113282728445483,0.8059117277937303,0.7833552767553223,0.7944734305301335,-2.3587769614938865
69,No site capacity,1.2178538407956925,1.4773563454850662,0.07538738500034581,0.062145342693248534,19.596864189921025,-0.8773128889925232,3.3450873667076344,26.031567529759425,26.031567529759425,26.031567529759425,0.679556990510445,6.14093877735139,25.35201053924898,31.49294931660037,0.679556990510445,0.026105112177112342,6.14093877735139,0.9738948878228877,0.8050059168604314,0.8814332367870474,-1.6622300492863165
70,No site capacity,0.9267173263257813,1.1484325941054332,0.07683311884022329,0.06199979243914241,14.947103689668413,-0.33273879675135715,2.1780779030162183,19.837381096495893,19.837381096495893,19.837381096495893,1.8921377366672276,1.8752040980187412,17.945243359828666,19.820447457847408,1.8921377366672276,0.09538243619272192,1.8752040980187412,0.9046175638072781,0.9053904256194629,0.9050038297098499,0.1107934014945049
71,No site capacity,6.829368852347644,7.1016531892394354,0.28721849886393497,0.2762062603861788,24.725612094378803,-6.829368852347644,11.068236343701674,25.313832145750553,25.313832145750553,25.313832145750553,0.0,42.82048010262736,25.313832145750553,68.13431224837791,0.0,0.0,42.82048010262736,1.0,0.3715284019228242,0.5417728154983262,3.552713678800501e-15
72,No site capacity,1.2327815955507364,1.3388583927733928,0.08965573748753125,0.08255237723924379,14.933326413823686,-1.1936149860606273,2.9298210698327125,17.320585330233452,17.320585330233452,17.320585330233452,0.15666643796043633,6.708512796656471,17.163918892273017,23.87243168892949,0.15666643796043633,0.009045100669142613,6.708512796656471,0.9909548993308575,0.7189849411207049,0.8333411890800998,-1.7763568394002505e-15
73,No site capacity,3.689627747839872,5.850461218372843,0.35197953130691617,0.22197795984072244,16.62159500198722,-1.0722207785499416,18.62385113963449,20.93705748827798,20.93705748827798,20.93705748827798,0.5056129469096624,12.153260370239485,20.431444541368315,32.5847049116078,0.5056129469096624,0.024149188451755444,12.153260370239485,0.9758508115482445,0.6270256120714454,0.7634817549061844,-0.35876687672397356
74,No site capacity,2.2300486437687628,2.6262979082501974,0.18848994702562158,0.16005105491196583,13.933357983771955,-1.7284988342216232,6.607216134529017,16.782842986557327,16.782842986557327,16.782842986557327,2.0061992381885574,11.605231076510186,14.776643748368768,26.381874824878956,2.0061992381885574,0.11953870031409321,11.605231076510186,0.8804612996859067,0.5601059002233578,0.6846630534187701,4.884981308350689e-15
75,No site capacity,4.824637531666022,7.230500014019566,0.37396395682784783,0.2495319186921565,19.33475106893279,-0.4564242978665394,23.64585262492378,31.42926141507154,31.42926141507154,31.42926141507154,5.911463156230945,13.103727240727938,25.517798258840596,38.621525499568534,5.911463156230945,0.18808788021331518,13.103727240727938,0.8119121197866849,0.6607144054712617,0.7285513663089935,-4.053843134545179
76,No site capacity,2.758514372252728,3.331185685356085,0.22737770581617944,0.18828871418998577,14.650449890848748,-1.8825160858380074,7.868039442247195,19.371666195072997,19.371666195072997,19.371666195072997,3.5039931456588835,10.766684922352187,15.867673049414115,26.634357971766303,3.5039931456588835,0.18088238308329366,10.766684922352187,0.8191176169167065,0.5957595473573875,0.6898084908128784,3.9968028886505635e-15
77,No site capacity,3.2981946300158853,3.8275027621465196,0.3817691625885228,0.32897402829017897,10.02569913241491,-3.2205714284741798,7.913666540274296,1.4658413209179029,1.4658413209179029,1.4658413209179029,0.0,24.798975153969337,1.4658413209179029,26.26481647488724,0.0,0.0,24.798975153969337,1.0,0.05581007285238211,0.10571990983492954,7.993605777301127e-15
78,No site capacity,1.2828335796972785,1.6911978767145197,0.18032954439777998,0.13678635607939166,9.378373812024892,-0.4395721204834408,5.136624344947318,9.905031934042693,9.905031934042693,9.905031934042693,3.0932633985628586,3.8621296988074114,6.8117685354798345,10.673898234287245,3.0932633985628586,0.3122921176994487,3.8621296988074114,0.6877078823005514,0.6381706463716059,0.6620138636713822,4.440892098500626e-16
79,No site capacity,7.683786685142152,30.450561814706074,1.8958070554169992,0.47838122326454346,16.062057437595204,5.229859907614937,171.1451420052751,39.32550633259634,39.32550633259634,39.32550633259634,19.43584704951731,4.619870899765296,19.889659283079034,24.50953018284433,19.43584704951731,0.4942300522500131,4.619870899765296,0.505769947749987,0.8115071620997854,0.6231580764669272,-1.5089122888252966
80,No site capacity,2.628662464810846,3.0114269277017325,0.1918634506311839,0.1674768351188878,15.695677930292995,-1.9977374654703965,6.050101060600758,19.35677056739087,19.35677056739087,19.35677056739087,0.9406062950267837,8.93956371867538,18.41616427236409,27.355727991039466,0.9406062950267837,0.04859314169954381,8.93956371867538,0.9514068583004562,0.6732105348611601,0.7884897978355075,-0.2897986101169532
81,No site capacity,9.382537500908931,19.96643824744613,0.9236665415354882,0.43404516403420473,21.61650048972679,3.6900396889893097,81.63133759409965,40.39330651884949,40.39330651884949,40.39330651884949,14.25475815489353,16.273929091690956,26.138548363955962,42.41247745564692,14.25475815489353,0.3528990167774842,16.273929091690956,0.6471009832225157,0.6162938345511764,0.6313218016752657,-5.329070518200751e-15
82,No site capacity,3.2671836277606134,4.137345523624585,0.267330465476519,0.2111058201494701,15.476520853131081,-1.8034858583736693,14.608866043868952,17.51229215574029,17.51229215574029,17.51229215574029,2.155730448897825,12.877705204647667,15.356561706842465,28.23426691149013,2.155730448897825,0.12309813185655459,12.877705204647667,0.8769018681434454,0.5438980142456968,0.6713755972017057,1.865174681370263e-14
83,No site capacity,1.2922840863725544,1.4474427275252655,0.16547321345166477,0.14773531028071898,8.747293276854553,-0.8922659956395529,3.103559604179397,5.513319994747224,5.513319994747224,5.513319994747224,1.1407655942861972,5.700497446702647,4.372554400461027,10.073051847163672,1.1407655942861972,0.20691082603096742,5.700497446702647,0.7930891739690326,0.43408437351508644,0.5610740517178563,5.329070518200751e-15
84,No site capacity,2.834501774203482,2.8991414205260893,0.2845005062406065,0.27815724475919235,10.190285630192307,-2.834501774203482,4.098439827126837,2.703834686539519,2.703834686539519,2.703834686539519,0.0,19.972179507088335,2.703834686539519,22.676014193627857,0.0,0.0,19.972179507088335,1.0,0.11923765188413572,0.21306940788385714,0.0
85,No site capacity,3.6944538719251714,6.707044160089146,0.4219022293382478,0.2323972062130919,15.897152690112879,-1.0227001372167064,33.59463177051815,20.279718625003667,20.279718625003667,20.279718625003667,1.6952318774669473,7.611134509522859,18.58448674753672,26.195621257059578,1.6952318774669473,0.08359247526131003,7.611134509522859,0.9164075247386899,0.7094501239411645,0.7997568945034974,-2.404081220136758
86,No site capacity,1.378800320131943,1.5906833145571935,0.11989247481310365,0.10392249742038426,13.267582615479881,-0.7672144693394229,3.5953309105655293,17.230438486592718,17.230438486592718,17.230438486592718,2.44634340317008,4.0795942494596265,14.784095083422637,18.863689332882263,2.44634340317008,0.1419780120554459,4.0795942494596265,0.8580219879445541,0.7837329603203188,0.8191966935655232,-1.4808512744778368
87,No site capacity,2.163507923235728,2.3221789127317964,0.1127612924694939,0.1050564830963254,20.593759275684356,-1.8791744371209074,4.549335777837129,27.591417033617347,27.591417033617347,27.591417033617347,1.1373339444592823,12.484355308451926,26.45408308915807,38.93843839760999,1.1373339444592823,0.04122057026188818,12.484355308451926,0.9587794297381119,0.6793822294317226,0.7952544889114918,-0.3039233169881559
88,No site capacity,1.6608775354047633,2.0070245919009855,0.1381080849212628,0.11428889144115431,14.532274435962353,-1.2935371884088733,5.762059576293419,17.177531334659093,17.177531334659093,17.177531334659093,0.028846493910204885,8.39736961148949,17.148684840748885,25.546054452238373,0.028846493910204885,0.0016793154585607614,8.39736961148949,0.9983206845414391,0.671285065676602,0.8027736682162138,0.0
89,No site capacity,2.224046855681933,2.801391681349325,0.2634377828081713,0.20914532459813986,10.6339783590922,-1.7488168725397466,6.623376454128849,11.822813223924783,11.822813223924783,11.822813223924783,1.8173774859460887,11.3440910404674,10.005435737978692,21.34952677844609,1.8173774859460887,0.15371785475460464,11.3440910404674,0.8462821452453951,0.4686490638321741,0.6032396711997761,4.440892098500626e-15
90,No site capacity,8.271161533457416e-15,9.109242914091993e-15,1.2465607101676556e-15,1.1318728781628744e-15,7.307500420791258,2.609024107869118e-15,1.4210854715202004e-14,2.9725752552700344,2.9725752552700344,2.9725752552700344,1.0658141036401503e-14,1.4210854715202004e-14,2.9725752552700238,2.972575255270038,1.0658141036401503e-14,3.585490734845432e-15,1.4210854715202004e-14,0.9999999999999964,0.9999999999999952,0.9999999999999959,0.0
91,No site capacity,5.657687437439806,14.29591196834899,0.8575559277973338,0.3393825738674674,16.670530171797196,0.1478644358607255,77.96586855591292,19.567511622158218,19.567511622158218,19.567511622158218,1.5640138782702246,14.000671871337154,18.003497743887994,32.00416961522515,1.5640138782702246,0.07992911456861679,14.000671871337154,0.9200708854313833,0.562536005787299,0.6981931677200234,-1.3322676295501878e-15
92,No site capacity,1.266470887901157,1.5481473241314554,0.19550832606118573,0.1599367188375893,7.918574903285457,-0.5021589322865043,5.587375322989643,5.070531623618262,5.070531623618262,5.070531623618262,2.1869510736707767,6.114913160383519,2.8835805499474847,8.998493710331005,2.1869510736707767,0.43130607123798953,6.114913160383519,0.5686939287620104,0.3204514714098093,0.40991902160972865,-4.884981308350689e-15
93,No site capacity,1.34485358087906,1.4452598732869901,0.18336107521218045,0.17062246254170274,7.882042966941455,-0.8854078626193538,1.9733890572835904,3.035897162710499,3.035897162710499,3.035897162710499,0.6530233603053066,8.584668018389621,2.3828738024051925,10.967541820794814,0.6530233603053066,0.21510061945651562,8.584668018389621,0.7848993805434844,0.2172659873415925,0.3403269447186489,8.881784197001252e-15
94,No site capacity,1.737156788431987,1.836319231010461,0.23311417595661074,0.2205258575982577,7.877338319194509,-1.737156788431987,3.686404072334792,0.2380297825435902,0.2380297825435902,0.2380297825435902,0.0,13.659224524912304,0.2380297825435902,13.897254307455896,0.0,0.0,13.659224524912304,1.0,0.017127828078664926,0.03367881126803711,0.0
95,No site capacity,3.248078194928079,7.175836641819726,0.7663823098592619,0.3468960894574138,9.36325975887608,-0.6703779631221376,38.51442280307664,16.35349348576898,16.35349348576898,16.35349348576898,10.310800927223768,13.840911825994688,6.042692558545211,19.883604384539897,10.310800927223768,0.6304953089195504,13.840911825994688,0.36950469108044953,0.30390327838365094,0.3335086369317855,3.197442310920451e-14
96,No site capacity,1.4170182570569176,1.480961121437337,0.18999209586394686,0.1817888833397793,7.794856489702876,-1.3561125638906872,2.235539205308066,0.7153982385845459,0.7153982385845459,0.7153982385845459,0.0,10.377125045205874,0.7153982385845459,11.09252328379042,0.0,0.0,10.377125045205874,1.0,0.06449373332665996,0.12117259370820334,0.0
97,No site capacity,0.5727686697242728,0.6363675697948825,0.09259680777672662,0.08334263549615661,6.872456892135194,-0.5313723623528086,1.0114641447386727,0.5952722259112364,0.5952722259112364,0.5952722259112364,0.0,3.968404196486641,0.5952722259112364,4.563676422397878,0.0,0.0,3.968404196486641,1.0,0.13043699219991248,0.23077268896884315,0.0
98,No site capacity,0.5795232536264011,0.5934571872340642,0.08571417874769917,0.08370167354665466,6.923675824753724,-0.5795232536264011,0.7374850505603083,0.6234402607119442,0.6234402607119442,0.6234402607119442,0.0,4.012745768299265,0.6234402607119442,4.636186029011209,0.0,0.0,4.012745768299265,1.0,0.1344726585194662,0.23706637178009837,0.0
99,No site capacity,0.5575802787742872,0.5954247985278293,0.08735684592490738,0.08180454462777258,6.816006143807677,-0.5575802787742872,0.8771215275244391,0.588641598816336,0.588641598816336,0.588641598816336,0.0,3.875173723516607,0.588641598816336,4.463815322332943,0.0,0.0,3.875173723516607,1.0,0.13186961294552207,0.23301202088525205,0.0031730921386454725
100,No site capacity,1.3041720571876916,1.318531601943054,0.17872640341352133,0.1767799731686949,7.377374449215274,-1.239787280795292,1.8839213013592575,0.022277327422625337,0.022277327422625337,0.022277327422625337,0.0,10.153560024509309,0.022277327422625337,10.175837351931932,0.0,0.0,10.153560024509309,1.0,0.0021892377651256266,0.0043689109454170755,-4.440892098500626e-16
101,No site capacity,4.916267330284348,6.780414803135166,0.5574078716768905,0.40415906529808787,12.164189182935562,-0.6113492692671174,21.67878150773216,24.779120002203946,24.779120002203946,24.779120002203946,6.648497021139409,19.891254353090652,18.13062298106454,38.02187733415519,6.648497021139409,0.2683104573749216,19.891254353090652,0.7316895426250786,0.47684712729262674,0.5773992054284677,-10.675656031425117
102,No site capacity,3.1202143762827235,5.696465120681936,0.7788339935325042,0.4266029848115508,7.314094104758921,1.018385754720053,21.690410140537338,7.482962970550991,7.482962970550991,7.482962970550991,6.344816218837311,8.082651384168845,1.1381467517136803,9.220798135882525,6.344816218837311,0.8479015924316574,8.082651384168845,0.1520984075683426,0.12343256353098202,0.13627430905669724,-1.6808604147864394
103,No site capacity,3.0061209176147097,3.318685122315657,0.3764374486242291,0.34098338552022894,8.816033405933705,-2.14849258090604,9.16797293328506,0.7323782138146653,0.7323782138146653,0.7323782138146653,0.2827850395833671,20.60177071971006,0.4495931742312982,21.05136389394136,0.2827850395833671,0.3861188580562124,20.60177071971006,0.6138811419437876,0.021356961786247602,0.04127786419866053,-10.35593320155149
104,No site capacity,0.9926730895988584,1.0495319918131087,0.14974243583767605,0.1416300671028179,7.008914914078354,-0.9926730895988584,1.7656687476565676,0.043368037531680725,0.043368037531680725,0.043368037531680725,0.0,7.898016679259186,0.043368037531680725,7.941384716790867,0.0,0.0,7.898016679259186,1.0,0.005461017074262315,0.010862712689056885,0.0
105,No site capacity,0.683455246876283,0.8523773216916187,0.1314809255751174,0.10542435393532788,6.482897180432765,0.09458254029182511,1.8510568216965613,3.016415464762132,3.016415464762132,3.016415464762132,2.0940046094213347,2.3473822746951005,0.922410855340797,3.2697931300358976,2.0940046094213347,0.6942029816129667,2.3473822746951005,0.3057970183870332,0.28210067691061247,0.29347128445725185,-1.5298094793299712
106,No site capacity,0.6096738554730325,0.6617043616489768,0.10059503948437507,0.09268514629564362,6.577902499374794,-0.39612613580665823,1.5817688862646104,0.3627154629004441,0.3627154629004441,0.3627154629004441,0.1678496252453856,3.9349947448100284,0.1948658376550585,4.129860582465087,0.1678496252453856,0.46275839442625566,3.9349947448100284,0.5372416055737443,0.0471846043622965,0.08675015656377323,1.1102230246251565e-15
107,No site capacity,0.9586871439564556,1.2280746350443548,0.16557453207905304,0.12925450191800505,7.417050313377992,-0.39873837709062276,4.391486520987414,4.297990385615533,4.297990385615533,4.297990385615533,1.7043484560094146,5.389576949811508,2.593641929606118,7.983218879417626,1.7043484560094146,0.3965454324219778,5.389576949811508,0.6034545675780222,0.3248867366386582,0.4223756592098287,3.3306690738754696e-15
108,No site capacity,1.3759563866028066,1.4743786392208242,0.1947279380044179,0.18172886042948433,7.571479749286793,-1.3331173122932265,2.2572090429862097,0.5563953928276553,0.5563953928276553,0.5563953928276553,0.0,10.62326873500506,0.5563953928276553,11.179664127832716,0.0,0.0,10.62326873500506,1.0,0.04976852492754787,0.09481809321913659,-1.9984014443252818e-15
109,No site capacity,2.44032803363927,5.466571023922411,0.655937697610031,0.2928166751687074,8.333979040753967,0.42289045182423424,28.86500031088712,18.34992754868835,18.34992754868835,18.34992754868835,10.959541111771586,7.579194181282738,7.390386436916762,14.969580618199501,10.959541111771586,0.5972525549592687,7.579194181282738,0.4027474450407313,0.4936936194412677,0.44360717450572423,5.329070518200751e-15
110,No site capacity,0.8345456506886981,0.8926998114116803,0.12060181946508353,0.11274531775756587,7.4020426505267904,-0.8345456506886981,1.3152640278058207,1.122885432372275,1.122885432372275,1.122885432372275,0.0,5.55347977313731,1.122885432372275,6.676365205509585,0.0,0.0,5.55347977313731,1.0,0.16818813797747734,0.2879470052977374,0.0
111,No site capacity,1.8160590846134883,2.112485661963151,0.2390704693590264,0.2055238080711025,8.836246767017908,-1.5920390680729652,3.5965194879789024,5.009273587010236,5.009273587010236,5.009273587010236,0.8362494802672802,12.624159008145138,4.1730241067429565,16.797183114888096,0.8362494802672802,0.1669402690313811,12.624159008145138,0.833059730968619,0.2484359477538956,0.3827328908854486,0.0
112,No site capacity,2.238817444701472,2.359641611771016,0.2619088816980943,0.24849797966897766,9.009398980562274,-2.2290975005025335,3.695710546361706,1.9320335648491103,1.9320335648491103,1.9320335648491103,0.0,16.005129730957716,1.9320335648491103,17.937163295806826,0.0,0.0,16.005129730957716,1.0,0.10771121012767733,0.19447525518002529,0.0
113,No site capacity,1.3485159107118405,3.186703818495737,0.37726891871629303,0.1596487055223497,8.446770089990224,-0.18941727717778215,17.25138044539691,8.652564972807557,8.652564972807557,8.652564972807557,4.406706686930518,4.151703726118902,4.245858285877039,8.39756201199594,4.406706686930518,0.5092948392504983,4.151703726118902,0.49070516074950155,0.5056060651665112,0.49804418344347856,8.881784197001252e-16
114,No site capacity,6.404621166520954,8.167016285570229,0.6116119048131593,0.4796295751464955,13.353265725043666,-3.2278224739516745,28.157579329967383,11.064053200951097,11.064053200951097,11.064053200951097,0.7494628018140097,33.095869845360376,10.314590399137089,43.41046024449747,0.7494628018140097,0.06773853923167902,33.095869845360376,0.9322614607683211,0.2376061055571168,0.3786941726231752,-5.830210939208547
