day,slot,absolute_slot,risk_profile_digest,is_event_slot,settlement_window,baseline_witness_profile_sha256,counterfactual_witness_profile_sha256,counterfactual_profile_role,baseline_total_flexible_mw,counterfactual_total_flexible_mw,baseline_secure_cost_usd_per_interval,counterfactual_secure_cost_usd_per_interval,network_value_usd,nodal_meter_credit_usd,gross_declared_reduction_mwh,frozen_contract_cap_mwh,payable_response_mwh,capacity_payment_usd,signed_contract_value_usd,signed_settlement_usd,cash_settlement_usd,settlement_floor_applied,baseline_max_loading_pu,counterfactual_max_loading_pu,baseline_max_postcontingency_loading_pu,counterfactual_max_postcontingency_loading_pu,finite_n1_contingencies,solver_success
61,0,5856,2be9ba53c0d1806a1502dff5b57ef3767bd09fabf655634cb844d9f2ac2087c0,0,full_declared_day,153f2686a97e34b41099eda91952d787a1cd6c17a5aa81869ab7d08d479584be,153f2686a97e34b41099eda91952d787a1cd6c17a5aa81869ab7d08d479584be,risk_aligned_declaration_witness,1.3829999999999985,1.3989999999999978,13394.712041768016,13394.780665336017,-0.0686235680004756,-0.0686235679999973,1.52655665885959e-16,0.2556582366626344,0.0,0.0,-0.0686235680004756,-0.0686235680004756,0.0,1,0.7505169329517826,0.7505130325544699,1.0000000000000002,1.0000000000000002,37,True
61,1,5857,2be9ba53c0d1806a1502dff5b57ef3767bd09fabf655634cb844d9f2ac2087c0,0,full_declared_day,153f2686a97e34b41099eda91952d787a1cd6c17a5aa81869ab7d08d479584be,153f2686a97e34b41099eda91952d787a1cd6c17a5aa81869ab7d08d479584be,risk_aligned_declaration_witness,1.3879999999999983,1.4029999999999978,13394.730497155702,13394.795429646168,-0.0649324904643435,-0.0649324904624973,0.0002500000000001,0.267788688248847,0.0,0.0,-0.0649324904643435,-0.0649324904643435,0.0,1,0.7505168843421767,0.7505130001480659,1.0000000000000004,1.0000000000000004,37,True
61,2,5858,2be9ba53c0d1806a1502dff5b57ef3767bd09fabf655634cb844d9f2ac2087c0,0,full_declared_day,153f2686a97e34b41099eda91952d787a1cd6c17a5aa81869ab7d08d479584be,153f2686a97e34b41099eda91952d787a1cd6c17a5aa81869ab7d08d479584be,risk_aligned_declaration_witness,1.3889999999999985,1.405999999999998,13394.750447428169,13394.822762073703,-0.0723146455366077,-0.0723146455374973,2.775557561562892e-17,0.3174411865319086,0.0,0.0,-0.0723146455366077,-0.0723146455366077,0.0,1,0.7505169005453787,0.7505129839448639,1.0000000000000004,1.0000000000000004,37,True
61,3,5859,2be9ba53c0d1806a1502dff5b57ef3767bd09fabf655634cb844d9f2ac2087c0,0,full_declared_day,153f2686a97e34b41099eda91952d787a1cd6c17a5aa81869ab7d08d479584be,153f2686a97e34b41099eda91952d787a1cd6c17a5aa81869ab7d08d479584be,risk_aligned_declaration_witness,1.4359999999999984,1.451999999999998,13395.02112628553,13395.08974985353,-0.0686235680004756,-0.0686235679999973,1.52655665885959e-16,0.2824547091494638,0.0,0.0,-0.0686235680004756,-0.0686235680004756,0.0,1,0.7505135532373398,0.750509652840027,1.0000000000000004,1.0000000000000004,37,True
61,4,5860,2be9ba53c0d1806a1502dff5b57ef3767bd09fabf655634cb844d9f2ac2087c0,0,full_declared_day,153f2686a97e34b41099eda91952d787a1cd6c17a5aa81869ab7d08d479584be,153f2686a97e34b41099eda91952d787a1cd6c17a5aa81869ab7d08d479584be,risk_aligned_declaration_witness,1.4399999999999984,1.4559999999999982,13395.037086386605,13395.105709954603,-0.0686235680004756,-0.0686235679999973,1.52655665885959e-16,0.342479453088315,0.0,0.0,-0.0686235680004756,-0.0686235680004756,0.0,1,0.7505130494844736,0.7505091490871609,1.0000000000000002,1.0000000000000002,37,True
61,5,5861,2be9ba53c0d1806a1502dff5b57ef3767bd09fabf655634cb844d9f2ac2087c0,0,full_declared_day,153f2686a97e34b41099eda91952d787a1cd6c17a5aa81869ab7d08d479584be,153f2686a97e34b41099eda91952d787a1cd6c17a5aa81869ab7d08d479584be,risk_aligned_declaration_witness,1.4479999999999984,1.463999999999998,13395.099731292215,13395.168354860216,-0.0686235679986566,-0.0686235679999973,1.52655665885959e-16,0.3188980820061661,0.0,0.0,-0.0686235679986566,-0.0686235679986566,0.0,1,0.7505127895064395,0.7505088891091268,1.0000000000000002,1.0000000000000002,37,True
61,6,5862,2be9ba53c0d1806a1502dff5b57ef3767bd09fabf655634cb844d9f2ac2087c0,0,full_declared_day,153f2686a97e34b41099eda91952d787a1cd6c17a5aa81869ab7d08d479584be,153f2686a97e34b41099eda91952d787a1cd6c17a5aa81869ab7d08d479584be,risk_aligned_declaration_witness,1.4559999999999984,1.471999999999998,13395.146117002903,13395.214740570904,-0.0686235680004756,-0.0686235679999973,1.52655665885959e-16,0.2838209463474518,0.0,0.0,-0.0686235680004756,-0.0686235680004756,0.0,1,0.7505125133252032,0.7505086129278905,1.0,1.0,37,True
61,7,5863,2be9ba53c0d1806a1502dff5b57ef3767bd09fabf655634cb844d9f2ac2087c0,0,full_declared_day,153f2686a97e34b41099eda91952d787a1cd6c17a5aa81869ab7d08d479584be,153f2686a97e34b41099eda91952d787a1cd6c17a5aa81869ab7d08d479584be,risk_aligned_declaration_witness,1.4689999999999983,1.484999999999998,13395.220881385128,13395.289504953127,-0.0686235680004756,-0.0686235679999973,1.52655665885959e-16,0.3176668740886046,0.0,0.0,-0.0686235680004756,-0.0686235680004756,0.0,1,0.7505114896162693,0.7505075892189566,1.0000000000000004,1.0000000000000004,37,True
61,8,5864,2be9ba53c0d1806a1502dff5b57ef3767bd09fabf655634cb844d9f2ac2087c0,0,full_declared_day,153f2686a97e34b41099eda91952d787a1cd6c17a5aa81869ab7d08d479584be,153f2686a97e34b41099eda91952d787a1cd6c17a5aa81869ab7d08d479584be,risk_aligned_declaration_witness,1.4659999999999984,1.481999999999998,13395.20048276413,13395.269106332127,-0.0686235679986566,-0.0686235679999973,1.52655665885959e-16,0.3585683134368864,0.0,0.0,-0.0686235679986566,-0.0686235679986566,0.0,1,0.7505119771659334,0.7505080767686206,1.0000000000000004,1.0000000000000004,37,True
61,9,5865,2be9ba53c0d1806a1502dff5b57ef3767bd09fabf655634cb844d9f2ac2087c0,0,full_declared_day,153f2686a97e34b41099eda91952d787a1cd6c17a5aa81869ab7d08d479584be,153f2686a97e34b41099eda91952d787a1cd6c17a5aa81869ab7d08d479584be,risk_aligned_declaration_witness,1.4849999999999983,1.500999999999998,13395.314848597429,13395.38347216543,-0.0686235680004756,-0.0686235679999973,1.52655665885959e-16,0.3442400690025262,0.0,0.0,-0.0686235680004756,-0.0686235680004756,0.0,1,0.7505104497041327,0.75050654930682,1.0,1.0,37,True
61,10,5866,2be9ba53c0d1806a1502dff5b57ef3767bd09fabf655634cb844d9f2ac2087c0,0,full_declared_day,153f2686a97e34b41099eda91952d787a1cd6c17a5aa81869ab7d08d479584be,153f2686a97e34b41099eda91952d787a1cd6c17a5aa81869ab7d08d479584be,risk_aligned_declaration_witness,1.4849999999999983,1.484999999999998,13395.314848597429,13395.314848597429,0.0,2.7466302988943256e-15,1.52655665885959e-16,0.3624380295040841,0.0,0.0,0.0,0.0,0.0,0,0.7505104497041327,0.7505104497041327,1.0,1.0,37,True
61,11,5867,2be9ba53c0d1806a1502dff5b57ef3767bd09fabf655634cb844d9f2ac2087c0,0,full_declared_day,153f2686a97e34b41099eda91952d787a1cd6c17a5aa81869ab7d08d479584be,153f2686a97e34b41099eda91952d787a1cd6c17a5aa81869ab7d08d479584be,risk_aligned_declaration_witness,1.4869999999999983,1.486999999999998,13395.33095824543,13395.33095824543,0.0,2.7466302988943256e-15,1.52655665885959e-16,0.3484816486581655,0.0,0.0,0.0,0.0,0.0,0,0.7505102059293007,0.7505102059293007,1.0,1.0,37,True
61,12,5868,2be9ba53c0d1806a1502dff5b57ef3767bd09fabf655634cb844d9f2ac2087c0,0,full_declared_day,153f2686a97e34b41099eda91952d787a1cd6c17a5aa81869ab7d08d479584be,153f2686a97e34b41099eda91952d787a1cd6c17a5aa81869ab7d08d479584be,risk_aligned_declaration_witness,1.4889999999999983,1.488999999999998,13395.345872102504,13395.345872102504,0.0,2.7466302988943256e-15,1.52655665885959e-16,0.3594848781576015,0.0,0.0,0.0,0.0,0.0,0,0.7505104335009307,0.7505104335009307,1.0,1.0,37,True
61,13,5869,2be9ba53c0d1806a1502dff5b57ef3767bd09fabf655634cb844d9f2ac2087c0,0,full_declared_day,153f2686a97e34b41099eda91952d787a1cd6c17a5aa81869ab7d08d479584be,153f2686a97e34b41099eda91952d787a1cd6c17a5aa81869ab7d08d479584be,risk_aligned_declaration_witness,1.4689999999999983,1.468999999999998,13395.220881385128,13395.220881385128,0.0,2.7466302988943256e-15,1.52655665885959e-16,0.3587743900456677,0.0,0.0,0.0,0.0,0.0,0,0.7505114734130672,0.7505114734130672,1.0000000000000002,1.0000000000000002,37,True
61,14,5870,2be9ba53c0d1806a1502dff5b57ef3767bd09fabf655634cb844d9f2ac2087c0,0,full_declared_day,153f2686a97e34b41099eda91952d787a1cd6c17a5aa81869ab7d08d479584be,153f2686a97e34b41099eda91952d787a1cd6c17a5aa81869ab7d08d479584be,risk_aligned_declaration_witness,1.4829999999999983,1.482999999999998,13395.298141053969,13395.298141053969,0.0,2.7466302988943256e-15,1.52655665885959e-16,0.3570203465235217,0.0,0.0,0.0,0.0,0.0,0,0.7505109372537969,0.7505109372537969,1.0,1.0,37,True
61,15,5871,2be9ba53c0d1806a1502dff5b57ef3767bd09fabf655634cb844d9f2ac2087c0,0,full_declared_day,153f2686a97e34b41099eda91952d787a1cd6c17a5aa81869ab7d08d479584be,153f2686a97e34b41099eda91952d787a1cd6c17a5aa81869ab7d08d479584be,risk_aligned_declaration_witness,1.4839999999999984,1.483999999999998,13395.301832131505,13395.301832131505,0.0,2.7466302988943256e-15,1.52655665885959e-16,0.3605681008442821,0.0,0.0,0.0,0.0,0.0,0,0.7505109210505948,0.7505109210505948,1.0,1.0,37,True
61,16,5872,2be9ba53c0d1806a1502dff5b57ef3767bd09fabf655634cb844d9f2ac2087c0,0,full_declared_day,153f2686a97e34b41099eda91952d787a1cd6c17a5aa81869ab7d08d479584be,153f2686a97e34b41099eda91952d787a1cd6c17a5aa81869ab7d08d479584be,risk_aligned_declaration_witness,1.4889999999999983,1.488999999999998,13395.329015012116,13395.329015012116,1.8189894035458565e-12,2.7466302988943256e-15,1.52655665885959e-16,0.3442879543903329,0.0,0.0,1.8189894035458565e-12,1.8189894035458565e-12,1.8189894035458565e-12,0,0.7505106610725607,0.7505106610725607,1.0,1.0,37,True
61,17,5873,2be9ba53c0d1806a1502dff5b57ef3767bd09fabf655634cb844d9f2ac2087c0,0,full_declared_day,153f2686a97e34b41099eda91952d787a1cd6c17a5aa81869ab7d08d479584be,153f2686a97e34b41099eda91952d787a1cd6c17a5aa81869ab7d08d479584be,risk_aligned_declaration_witness,1.4889999999999983,1.488999999999998,13395.329015012116,13395.329015012116,0.0,2.7466302988943256e-15,1.52655665885959e-16,0.3608752855410844,0.0,0.0,0.0,0.0,0.0,0,0.7505106772757631,0.7505106772757631,1.0000000000000004,1.0000000000000004,37,True
61,18,5874,2be9ba53c0d1806a1502dff5b57ef3767bd09fabf655634cb844d9f2ac2087c0,0,full_declared_day,153f2686a97e34b41099eda91952d787a1cd6c17a5aa81869ab7d08d479584be,153f2686a97e34b41099eda91952d787a1cd6c17a5aa81869ab7d08d479584be,risk_aligned_declaration_witness,1.4809999999999983,1.480999999999998,13395.282031405965,13395.282031405965,0.0,2.7466302988943256e-15,1.52655665885959e-16,0.1828129624100017,0.0,0.0,0.0,0.0,0.0,0,0.7505111810286289,0.7505111810286289,1.0,1.0,37,True
61,19,5875,2be9ba53c0d1806a1502dff5b57ef3767bd09fabf655634cb844d9f2ac2087c0,0,full_declared_day,153f2686a97e34b41099eda91952d787a1cd6c17a5aa81869ab7d08d479584be,153f2686a97e34b41099eda91952d787a1cd6c17a5aa81869ab7d08d479584be,risk_aligned_declaration_witness,1.4819999999999984,1.4799999999999982,13395.285722483504,13395.278340328428,0.0073821550759021,0.0073821550750027,0.0005000000000001,0.2912347797459409,0.0,0.0,0.0073821550759021,0.0073821550759021,0.0073821550759021,0,0.7505111810286289,0.7505111810286289,1.0,1.0,37,True
61,20,5876,2be9ba53c0d1806a1502dff5b57ef3767bd09fabf655634cb844d9f2ac2087c0,0,full_declared_day,153f2686a97e34b41099eda91952d787a1cd6c17a5aa81869ab7d08d479584be,153f2686a97e34b41099eda91952d787a1cd6c17a5aa81869ab7d08d479584be,risk_aligned_declaration_witness,1.5699999999999985,1.569999999999998,13395.811269644078,13395.811269644078,0.0,2.7466302988943256e-15,1.52655665885959e-16,0.317512922705125,0.0,0.0,0.0,0.0,0.0,0,0.7505052177370478,0.7505052177370478,1.0000000000000002,1.0000000000000002,37,True
61,21,5877,2be9ba53c0d1806a1502dff5b57ef3767bd09fabf655634cb844d9f2ac2087c0,0,full_declared_day,153f2686a97e34b41099eda91952d787a1cd6c17a5aa81869ab7d08d479584be,153f2686a97e34b41099eda91952d787a1cd6c17a5aa81869ab7d08d479584be,risk_aligned_declaration_witness,1.5719999999999985,1.573999999999998,13395.81984759008,13395.827229745151,-0.0073821550740831,-0.0073821550749972,1.52655665885959e-16,0.3536252819570194,0.0,0.0,-0.0073821550740831,-0.0073821550740831,0.0,1,0.7505047301873836,0.7505047301873836,1.0000000000000002,1.0000000000000002,37,True
61,22,5878,2be9ba53c0d1806a1502dff5b57ef3767bd09fabf655634cb844d9f2ac2087c0,0,full_declared_day,153f2686a97e34b41099eda91952d787a1cd6c17a5aa81869ab7d08d479584be,153f2686a97e34b41099eda91952d787a1cd6c17a5aa81869ab7d08d479584be,risk_aligned_declaration_witness,1.5839999999999983,1.5839999999999983,13395.92917730023,13395.92917730023,0.0,2.7466302988943256e-15,1.52655665885959e-16,0.3468055370488813,0.0,0.0,0.0,0.0,0.0,0,0.7505046653745755,0.7505046653745755,1.0000000000000002,1.0000000000000002,37,True
61,23,5879,2be9ba53c0d1806a1502dff5b57ef3767bd09fabf655634cb844d9f2ac2087c0,0,full_declared_day,153f2686a97e34b41099eda91952d787a1cd6c17a5aa81869ab7d08d479584be,153f2686a97e34b41099eda91952d787a1cd6c17a5aa81869ab7d08d479584be,risk_aligned_declaration_witness,1.5859999999999983,1.585999999999998,13395.94528694823,13395.94528694823,0.0,2.7466302988943256e-15,1.52655665885959e-16,0.3685263614075236,0.0,0.0,0.0,0.0,0.0,0,0.7505044215997436,0.7505044215997436,1.0000000000000002,1.0000000000000002,37,True
61,24,5880,2be9ba53c0d1806a1502dff5b57ef3767bd09fabf655634cb844d9f2ac2087c0,0,full_declared_day,153f2686a97e34b41099eda91952d787a1cd6c17a5aa81869ab7d08d479584be,153f2686a97e34b41099eda91952d787a1cd6c17a5aa81869ab7d08d479584be,risk_aligned_declaration_witness,1.5789999999999984,1.5789999999999982,13395.90319021054,13395.90319021054,0.0,2.7466302988943256e-15,1.52655665885959e-16,0.2370102097201868,0.0,0.0,0.0,0.0,0.0,0,0.7505044702093496,0.7505044702093496,1.0000000000000004,1.0000000000000004,37,True
61,25,5881,2be9ba53c0d1806a1502dff5b57ef3767bd09fabf655634cb844d9f2ac2087c0,0,full_declared_day,153f2686a97e34b41099eda91952d787a1cd6c17a5aa81869ab7d08d479584be,153f2686a97e34b41099eda91952d787a1cd6c17a5aa81869ab7d08d479584be,risk_aligned_declaration_witness,1.6119999999999983,1.6119999999999983,13396.078556517754,13396.078556517754,0.0,2.7466302988943256e-15,1.52655665885959e-16,0.2022024778489473,0.0,0.0,0.0,0.0,0.0,0,0.7505023741818753,0.7505023741818753,1.0000000000000002,1.0000000000000002,37,True
61,26,5882,2be9ba53c0d1806a1502dff5b57ef3767bd09fabf655634cb844d9f2ac2087c0,0,full_declared_day,153f2686a97e34b41099eda91952d787a1cd6c17a5aa81869ab7d08d479584be,153f2686a97e34b41099eda91952d787a1cd6c17a5aa81869ab7d08d479584be,risk_aligned_declaration_witness,1.6729999999999985,1.6729999999999985,13396.459611329265,13396.459611329265,0.0,2.7466302988943256e-15,1.52655665885959e-16,0.1540295489968886,0.0,0.0,0.0,0.0,0.0,0,0.7504982631429362,0.7504982631429362,1.0000000000000004,1.0000000000000004,37,True
61,27,5883,2be9ba53c0d1806a1502dff5b57ef3767bd09fabf655634cb844d9f2ac2087c0,0,full_declared_day,153f2686a97e34b41099eda91952d787a1cd6c17a5aa81869ab7d08d479584be,153f2686a97e34b41099eda91952d787a1cd6c17a5aa81869ab7d08d479584be,risk_aligned_declaration_witness,1.7049999999999987,1.7049999999999983,13396.63881826094,13396.63881826094,0.0,2.7466302988943256e-15,1.52655665885959e-16,0.315034046753904,0.0,0.0,0.0,0.0,0.0,0,0.7504964108902936,0.7504964108902936,1.0000000000000004,1.0000000000000004,37,True
61,28,5884,2be9ba53c0d1806a1502dff5b57ef3767bd09fabf655634cb844d9f2ac2087c0,0,full_declared_day,153f2686a97e34b41099eda91952d787a1cd6c17a5aa81869ab7d08d479584be,153f2686a97e34b41099eda91952d787a1cd6c17a5aa81869ab7d08d479584be,risk_aligned_declaration_witness,1.7399999999999989,1.7399999999999982,13396.845955515617,13396.845955515617,0.0,2.7466302988943256e-15,1.52655665885959e-16,0.3747485822145276,0.0,0.0,0.0,0.0,0.0,0,0.750494314862819,0.750494314862819,1.0000000000000002,1.0000000000000002,37,True
61,29,5885,2be9ba53c0d1806a1502dff5b57ef3767bd09fabf655634cb844d9f2ac2087c0,0,full_declared_day,153f2686a97e34b41099eda91952d787a1cd6c17a5aa81869ab7d08d479584be,153f2686a97e34b41099eda91952d787a1cd6c17a5aa81869ab7d08d479584be,risk_aligned_declaration_witness,1.7739999999999987,1.7739999999999982,13397.041869990751,13397.041869990751,0.0,2.7466302988943256e-15,1.52655665885959e-16,0.3828339029576165,0.0,0.0,0.0,0.0,0.0,0,0.7504919912637147,0.7504919912637147,1.0000000000000004,1.0000000000000004,37,True
61,30,5886,2be9ba53c0d1806a1502dff5b57ef3767bd09fabf655634cb844d9f2ac2087c0,0,full_declared_day,153f2686a97e34b41099eda91952d787a1cd6c17a5aa81869ab7d08d479584be,153f2686a97e34b41099eda91952d787a1cd6c17a5aa81869ab7d08d479584be,risk_aligned_declaration_witness,1.8349999999999984,1.8349999999999984,13397.405469816416,13397.405469816416,0.0,2.7466302988943256e-15,1.52655665885959e-16,0.3583166526109903,0.0,0.0,0.0,0.0,0.0,0,0.7504883191648337,0.7504883191648337,1.0000000000000002,1.0000000000000002,37,True
61,31,5887,2be9ba53c0d1806a1502dff5b57ef3767bd09fabf655634cb844d9f2ac2087c0,0,full_declared_day,153f2686a97e34b41099eda91952d787a1cd6c17a5aa81869ab7d08d479584be,153f2686a97e34b41099eda91952d787a1cd6c17a5aa81869ab7d08d479584be,risk_aligned_declaration_witness,1.896999999999999,1.8969999999999985,13397.76582691308,13397.76582691308,0.0,2.7466302988943256e-15,1.52655665885959e-16,0.3816236361348298,0.0,0.0,0.0,0.0,0.0,0,0.7504841757194907,0.7504841757194907,1.0000000000000004,1.0000000000000004,37,True
61,32,5888,2be9ba53c0d1806a1502dff5b57ef3767bd09fabf655634cb844d9f2ac2087c0,0,full_declared_day,153f2686a97e34b41099eda91952d787a1cd6c17a5aa81869ab7d08d479584be,153f2686a97e34b41099eda91952d787a1cd6c17a5aa81869ab7d08d479584be,risk_aligned_declaration_witness,1.8669999999999989,1.8669999999999984,13397.59400213648,13397.59400213648,0.0,2.7466302988943256e-15,1.52655665885959e-16,0.4398752005572827,0.0,0.0,0.0,0.0,0.0,0,0.7504860117689311,0.7504860117689311,1.0000000000000004,1.0000000000000004,37,True
61,33,5889,2be9ba53c0d1806a1502dff5b57ef3767bd09fabf655634cb844d9f2ac2087c0,0,full_declared_day,153f2686a97e34b41099eda91952d787a1cd6c17a5aa81869ab7d08d479584be,153f2686a97e34b41099eda91952d787a1cd6c17a5aa81869ab7d08d479584be,risk_aligned_declaration_witness,1.8679999999999988,1.8679999999999983,13397.60582281148,13397.60582281148,0.0,2.7466302988943256e-15,1.52655665885959e-16,0.4453235250540466,0.0,0.0,0.0,0.0,0.0,0,0.7504860117689311,0.7504860117689311,1.0000000000000004,1.0000000000000004,37,True
61,34,5890,2be9ba53c0d1806a1502dff5b57ef3767bd09fabf655634cb844d9f2ac2087c0,0,full_declared_day,153f2686a97e34b41099eda91952d787a1cd6c17a5aa81869ab7d08d479584be,153f2686a97e34b41099eda91952d787a1cd6c17a5aa81869ab7d08d479584be,risk_aligned_declaration_witness,1.8709999999999989,1.8699999999999983,13397.616896044092,13397.613204966554,0.003691077537951,0.0036910775375027,0.0002500000000001,0.4272292155643744,0.0,0.0,0.003691077537951,0.003691077537951,0.003691077537951,0,0.750485963159325,0.7504859793625271,1.0000000000000002,1.0000000000000002,37,True
61,35,5891,2be9ba53c0d1806a1502dff5b57ef3767bd09fabf655634cb844d9f2ac2087c0,0,full_declared_day,153f2686a97e34b41099eda91952d787a1cd6c17a5aa81869ab7d08d479584be,153f2686a97e34b41099eda91952d787a1cd6c17a5aa81869ab7d08d479584be,risk_aligned_declaration_witness,1.8739999999999988,1.8749999999999984,13397.621035470163,13397.624726547703,-0.003691077537951,-0.0036910775374972,2.775557561562892e-17,0.4290815664616527,0.0,0.0,-0.003691077537951,-0.003691077537951,0.0,1,0.7504854756096606,0.7504854594064586,1.0,1.0,37,True
61,36,5892,2be9ba53c0d1806a1502dff5b57ef3767bd09fabf655634cb844d9f2ac2087c0,0,full_declared_day,153f2686a97e34b41099eda91952d787a1cd6c17a5aa81869ab7d08d479584be,153f2686a97e34b41099eda91952d787a1cd6c17a5aa81869ab7d08d479584be,risk_aligned_declaration_witness,1.873999999999999,1.8739999999999983,13397.62976296309,13397.62976296309,0.0,2.7466302988943256e-15,1.52655665885959e-16,0.4359157394117188,0.0,0.0,0.0,0.0,0.0,0,0.750485248038031,0.750485248038031,1.0000000000000002,1.0000000000000002,37,True
61,37,5893,2be9ba53c0d1806a1502dff5b57ef3767bd09fabf655634cb844d9f2ac2087c0,0,full_declared_day,153f2686a97e34b41099eda91952d787a1cd6c17a5aa81869ab7d08d479584be,153f2686a97e34b41099eda91952d787a1cd6c17a5aa81869ab7d08d479584be,risk_aligned_declaration_witness,1.8729999999999989,1.8729999999999984,13397.62726767648,13397.62726767648,0.0,2.7466302988943256e-15,1.52655665885959e-16,0.4186445536885702,0.0,0.0,0.0,0.0,0.0,0,0.7504848090979729,0.7504848090979729,1.0000000000000004,1.0000000000000004,37,True
61,38,5894,2be9ba53c0d1806a1502dff5b57ef3767bd09fabf655634cb844d9f2ac2087c0,0,full_declared_day,153f2686a97e34b41099eda91952d787a1cd6c17a5aa81869ab7d08d479584be,153f2686a97e34b41099eda91952d787a1cd6c17a5aa81869ab7d08d479584be,risk_aligned_declaration_witness,1.881999999999999,1.8809999999999985,13397.694201555092,13397.689912582093,0.0042889729993476,0.0042889730000027,0.0002500000000001,0.2950697811751011,0.0,0.0,0.0042889729993476,0.0042889729993476,0.0042889729993476,0,0.7504842729387028,0.7504845167135348,1.0000000000000002,1.0000000000000002,37,True
61,39,5895,2be9ba53c0d1806a1502dff5b57ef3767bd09fabf655634cb844d9f2ac2087c0,0,full_declared_day,153f2686a97e34b41099eda91952d787a1cd6c17a5aa81869ab7d08d479584be,153f2686a97e34b41099eda91952d787a1cd6c17a5aa81869ab7d08d479584be,risk_aligned_declaration_witness,1.8539999999999988,1.8539999999999983,13397.529758933568,13397.529758933568,0.0,2.7466302988943256e-15,1.52655665885959e-16,0.3646567999163351,0.0,0.0,0.0,0.0,0.0,0,0.750486092784941,0.750486092784941,1.0000000000000002,1.0000000000000002,37,True
61,40,5896,2be9ba53c0d1806a1502dff5b57ef3767bd09fabf655634cb844d9f2ac2087c0,0,full_declared_day,153f2686a97e34b41099eda91952d787a1cd6c17a5aa81869ab7d08d479584be,153f2686a97e34b41099eda91952d787a1cd6c17a5aa81869ab7d08d479584be,risk_aligned_declaration_witness,1.8569999999999989,1.8579999999999983,13397.557689256566,13397.561978229567,-0.0042889730011665,-0.0042889729999972,1.52655665885959e-16,0.4082117964525312,0.0,0.0,-0.0042889730011665,-0.0042889730011665,0.0,1,0.7504858490101091,0.7504856052352771,1.0000000000000002,1.0000000000000002,37,True
61,41,5897,2be9ba53c0d1806a1502dff5b57ef3767bd09fabf655634cb844d9f2ac2087c0,0,full_declared_day,153f2686a97e34b41099eda91952d787a1cd6c17a5aa81869ab7d08d479584be,153f2686a97e34b41099eda91952d787a1cd6c17a5aa81869ab7d08d479584be,risk_aligned_declaration_witness,1.8269999999999988,1.8269999999999984,13397.35155240373,13397.35155240373,0.0,2.7466302988943256e-15,1.52655665885959e-16,0.3914610751211508,0.0,0.0,0.0,0.0,0.0,0,0.7504882867584293,0.7504882867584293,1.0,1.0,37,True
61,42,5898,2be9ba53c0d1806a1502dff5b57ef3767bd09fabf655634cb844d9f2ac2087c0,0,full_declared_day,153f2686a97e34b41099eda91952d787a1cd6c17a5aa81869ab7d08d479584be,153f2686a97e34b41099eda91952d787a1cd6c17a5aa81869ab7d08d479584be,risk_aligned_declaration_witness,1.8229999999999988,1.8229999999999984,13397.329256391578,13397.329256391578,0.0,2.7466302988943256e-15,1.52655665885959e-16,0.3935117791861069,0.0,0.0,0.0,0.0,0.0,0,0.7504880753900012,0.7504880753900012,1.0,1.0,37,True
61,43,5899,2be9ba53c0d1806a1502dff5b57ef3767bd09fabf655634cb844d9f2ac2087c0,0,full_declared_day,153f2686a97e34b41099eda91952d787a1cd6c17a5aa81869ab7d08d479584be,153f2686a97e34b41099eda91952d787a1cd6c17a5aa81869ab7d08d479584be,risk_aligned_declaration_witness,1.7999999999999987,1.7999999999999985,13397.191996650668,13397.191996650668,0.0,2.7466302988943256e-15,1.52655665885959e-16,0.3727932811769298,0.0,0.0,0.0,0.0,0.0,0,0.7504896352582061,0.7504896352582061,1.0000000000000004,1.0000000000000004,37,True
61,44,5900,2be9ba53c0d1806a1502dff5b57ef3767bd09fabf655634cb844d9f2ac2087c0,0,full_declared_day,153f2686a97e34b41099eda91952d787a1cd6c17a5aa81869ab7d08d479584be,153f2686a97e34b41099eda91952d787a1cd6c17a5aa81869ab7d08d479584be,risk_aligned_declaration_witness,1.7979999999999987,1.7979999999999985,13397.19154830213,13397.19154830213,0.0,2.7466302988943256e-15,1.52655665885959e-16,0.3029243564877261,0.0,0.0,0.0,0.0,0.0,0,0.75049012280787,0.75049012280787,1.0000000000000002,1.0000000000000002,37,True
61,45,5901,2be9ba53c0d1806a1502dff5b57ef3767bd09fabf655634cb844d9f2ac2087c0,0,full_declared_day,153f2686a97e34b41099eda91952d787a1cd6c17a5aa81869ab7d08d479584be,153f2686a97e34b41099eda91952d787a1cd6c17a5aa81869ab7d08d479584be,risk_aligned_declaration_witness,1.7999999999999987,1.7999999999999985,13397.198930457203,13397.198930457203,0.0,2.7466302988943256e-15,1.52655665885959e-16,0.3094523375474959,0.0,0.0,0.0,0.0,0.0,0,0.7504901228078702,0.7504901228078702,1.0000000000000004,1.0000000000000004,37,True
61,46,5902,2be9ba53c0d1806a1502dff5b57ef3767bd09fabf655634cb844d9f2ac2087c0,0,full_declared_day,153f2686a97e34b41099eda91952d787a1cd6c17a5aa81869ab7d08d479584be,153f2686a97e34b41099eda91952d787a1cd6c17a5aa81869ab7d08d479584be,risk_aligned_declaration_witness,1.8119999999999987,1.8099999999999985,13397.243223387652,13397.23584123258,0.0073821550722641,0.0073821550750027,0.0005000000000001,0.3135517888440001,0.0,0.0,0.0073821550722641,0.0073821550722641,0.0073821550722641,0,0.7504900579950615,0.7504900904014657,1.0,1.0,37,True
61,47,5903,2be9ba53c0d1806a1502dff5b57ef3767bd09fabf655634cb844d9f2ac2087c0,0,full_declared_day,153f2686a97e34b41099eda91952d787a1cd6c17a5aa81869ab7d08d479584be,153f2686a97e34b41099eda91952d787a1cd6c17a5aa81869ab7d08d479584be,risk_aligned_declaration_witness,1.8099999999999987,1.8119999999999985,13397.23584123258,13397.243223387652,-0.0073821550722641,-0.0073821550749972,2.775557561562892e-17,0.3757141460528723,0.0,0.0,-0.0073821550722641,-0.0073821550722641,0.0,1,0.7504900904014657,0.7504900579950615,1.0,1.0,37,True
61,48,5904,2be9ba53c0d1806a1502dff5b57ef3767bd09fabf655634cb844d9f2ac2087c0,0,full_declared_day,153f2686a97e34b41099eda91952d787a1cd6c17a5aa81869ab7d08d479584be,153f2686a97e34b41099eda91952d787a1cd6c17a5aa81869ab7d08d479584be,risk_aligned_declaration_witness,1.8089999999999988,1.8089999999999984,13397.23155225958,13397.23155225958,0.0,2.7466302988943256e-15,1.52655665885959e-16,0.3957217479079583,0.0,0.0,0.0,0.0,0.0,0,0.7504903341762976,0.7504903341762976,1.0,1.0,37,True
61,49,5905,2be9ba53c0d1806a1502dff5b57ef3767bd09fabf655634cb844d9f2ac2087c0,0,full_declared_day,153f2686a97e34b41099eda91952d787a1cd6c17a5aa81869ab7d08d479584be,153f2686a97e34b41099eda91952d787a1cd6c17a5aa81869ab7d08d479584be,risk_aligned_declaration_witness,1.8089999999999988,1.8089999999999984,13397.23155225958,13397.23155225958,0.0,2.7466302988943256e-15,1.52655665885959e-16,0.4087434639094806,0.0,0.0,0.0,0.0,0.0,0,0.7504903341762976,0.7504903341762976,1.0,1.0,37,True
61,50,5906,2be9ba53c0d1806a1502dff5b57ef3767bd09fabf655634cb844d9f2ac2087c0,0,full_declared_day,153f2686a97e34b41099eda91952d787a1cd6c17a5aa81869ab7d08d479584be,153f2686a97e34b41099eda91952d787a1cd6c17a5aa81869ab7d08d479584be,risk_aligned_declaration_witness,1.8089999999999988,1.8089999999999984,13397.23155225958,13397.23155225958,0.0,2.7466302988943256e-15,1.52655665885959e-16,0.2968093445274914,0.0,0.0,0.0,0.0,0.0,0,0.7504903341762976,0.7504903341762976,1.0,1.0,37,True
61,51,5907,2be9ba53c0d1806a1502dff5b57ef3767bd09fabf655634cb844d9f2ac2087c0,0,full_declared_day,153f2686a97e34b41099eda91952d787a1cd6c17a5aa81869ab7d08d479584be,153f2686a97e34b41099eda91952d787a1cd6c17a5aa81869ab7d08d479584be,risk_aligned_declaration_witness,1.8089999999999988,1.8089999999999984,13397.23155225958,13397.23155225958,0.0,2.7466302988943256e-15,1.52655665885959e-16,0.356949773416248,0.0,0.0,0.0,0.0,0.0,0,0.7504903341762976,0.7504903341762976,1.0,1.0,37,True
61,52,5908,2be9ba53c0d1806a1502dff5b57ef3767bd09fabf655634cb844d9f2ac2087c0,0,full_declared_day,153f2686a97e34b41099eda91952d787a1cd6c17a5aa81869ab7d08d479584be,153f2686a97e34b41099eda91952d787a1cd6c17a5aa81869ab7d08d479584be,risk_aligned_declaration_witness,1.8139999999999987,1.8139999999999985,13397.267462633115,13397.267462633115,0.0,2.7466302988943256e-15,1.52655665885959e-16,0.3897634247550668,0.0,0.0,0.0,0.0,0.0,0,0.7504898466266336,0.7504898466266336,1.0,1.0,37,True
61,53,5909,2be9ba53c0d1806a1502dff5b57ef3767bd09fabf655634cb844d9f2ac2087c0,0,full_declared_day,153f2686a97e34b41099eda91952d787a1cd6c17a5aa81869ab7d08d479584be,153f2686a97e34b41099eda91952d787a1cd6c17a5aa81869ab7d08d479584be,risk_aligned_declaration_witness,1.8029999999999988,1.8029999999999984,13397.20127619689,13397.20127619689,0.0,2.7466302988943256e-15,1.52655665885959e-16,0.3836966855630037,0.0,0.0,0.0,0.0,0.0,0,0.7504903827859039,0.7504903827859039,1.0,1.0,37,True
61,54,5910,2be9ba53c0d1806a1502dff5b57ef3767bd09fabf655634cb844d9f2ac2087c0,0,full_declared_day,153f2686a97e34b41099eda91952d787a1cd6c17a5aa81869ab7d08d479584be,153f2686a97e34b41099eda91952d787a1cd6c17a5aa81869ab7d08d479584be,risk_aligned_declaration_witness,1.7939999999999987,1.7939999999999985,13397.159329006128,13397.159329006128,0.0,2.7466302988943256e-15,1.52655665885959e-16,0.3878047035573451,0.0,0.0,0.0,0.0,0.0,0,0.7504906913735442,0.7504906913735442,1.0000000000000004,1.0000000000000004,37,True
61,55,5911,2be9ba53c0d1806a1502dff5b57ef3767bd09fabf655634cb844d9f2ac2087c0,0,full_declared_day,153f2686a97e34b41099eda91952d787a1cd6c17a5aa81869ab7d08d479584be,153f2686a97e34b41099eda91952d787a1cd6c17a5aa81869ab7d08d479584be,risk_aligned_declaration_witness,1.7829999999999986,1.7829999999999984,13397.083817181518,13397.083817181518,0.0,2.7466302988943256e-15,1.52655665885959e-16,0.2348418967985944,0.0,0.0,0.0,0.0,0.0,0,0.7504916826760746,0.7504916826760746,1.0000000000000004,1.0000000000000004,37,True
61,56,5912,2be9ba53c0d1806a1502dff5b57ef3767bd09fabf655634cb844d9f2ac2087c0,0,full_declared_day,153f2686a97e34b41099eda91952d787a1cd6c17a5aa81869ab7d08d479584be,153f2686a97e34b41099eda91952d787a1cd6c17a5aa81869ab7d08d479584be,risk_aligned_declaration_witness,1.7809999999999988,1.7809999999999984,13397.075837130978,13397.075837130978,0.0,2.7466302988943256e-15,1.52655665885959e-16,0.2922642953285299,0.0,0.0,0.0,0.0,0.0,0,0.7504919426541085,0.7504919426541085,1.0000000000000002,1.0000000000000002,37,True
61,57,5913,2be9ba53c0d1806a1502dff5b57ef3767bd09fabf655634cb844d9f2ac2087c0,0,full_declared_day,153f2686a97e34b41099eda91952d787a1cd6c17a5aa81869ab7d08d479584be,153f2686a97e34b41099eda91952d787a1cd6c17a5aa81869ab7d08d479584be,risk_aligned_declaration_witness,1.749999999999999,1.7499999999999982,13396.89219167938,13396.89219167938,0.0,2.7466302988943256e-15,1.52655665885959e-16,0.3373212066397554,0.0,0.0,0.0,0.0,0.0,0,0.7504937787035486,0.7504937787035486,1.0,1.0,37,True
61,58,5914,2be9ba53c0d1806a1502dff5b57ef3767bd09fabf655634cb844d9f2ac2087c0,0,full_declared_day,153f2686a97e34b41099eda91952d787a1cd6c17a5aa81869ab7d08d479584be,153f2686a97e34b41099eda91952d787a1cd6c17a5aa81869ab7d08d479584be,risk_aligned_declaration_witness,1.7669999999999986,1.7669999999999983,13396.989849969215,13396.989849969215,0.0,2.7466302988943256e-15,1.52655665885959e-16,0.3026144847269292,0.0,0.0,0.0,0.0,0.0,0,0.7504927225882106,0.7504927225882106,1.0000000000000004,1.0000000000000004,37,True
61,59,5915,2be9ba53c0d1806a1502dff5b57ef3767bd09fabf655634cb844d9f2ac2087c0,0,full_declared_day,153f2686a97e34b41099eda91952d787a1cd6c17a5aa81869ab7d08d479584be,153f2686a97e34b41099eda91952d787a1cd6c17a5aa81869ab7d08d479584be,risk_aligned_declaration_witness,1.765999999999999,1.7659999999999982,13396.985560996214,13396.985560996214,0.0,2.7466302988943256e-15,1.52655665885959e-16,0.1942615944184301,0.0,0.0,0.0,0.0,0.0,0,0.7504929663630427,0.7504929663630427,1.0000000000000004,1.0000000000000004,37,True
61,60,5916,2be9ba53c0d1806a1502dff5b57ef3767bd09fabf655634cb844d9f2ac2087c0,0,full_declared_day,153f2686a97e34b41099eda91952d787a1cd6c17a5aa81869ab7d08d479584be,153f2686a97e34b41099eda91952d787a1cd6c17a5aa81869ab7d08d479584be,risk_aligned_declaration_witness,1.7569999999999986,1.7569999999999983,13396.934288417066,13396.934288417066,0.0,2.7466302988943256e-15,1.52655665885959e-16,0.3558910478172947,0.0,0.0,0.0,0.0,0.0,0,0.7504937300939425,0.7504937300939425,1.0,1.0,37,True
61,61,5917,2be9ba53c0d1806a1502dff5b57ef3767bd09fabf655634cb844d9f2ac2087c0,0,full_declared_day,153f2686a97e34b41099eda91952d787a1cd6c17a5aa81869ab7d08d479584be,153f2686a97e34b41099eda91952d787a1cd6c17a5aa81869ab7d08d479584be,risk_aligned_declaration_witness,1.7569999999999986,1.7569999999999983,13396.934288417066,13396.934288417066,0.0,2.7466302988943256e-15,1.52655665885959e-16,0.3762536233721618,0.0,0.0,0.0,0.0,0.0,0,0.7504937300939425,0.7504937300939425,1.0,1.0,37,True
61,62,5918,2be9ba53c0d1806a1502dff5b57ef3767bd09fabf655634cb844d9f2ac2087c0,0,full_declared_day,153f2686a97e34b41099eda91952d787a1cd6c17a5aa81869ab7d08d479584be,153f2686a97e34b41099eda91952d787a1cd6c17a5aa81869ab7d08d479584be,risk_aligned_declaration_witness,1.757999999999999,1.7579999999999982,13396.938577390065,13396.938577390065,0.0,2.7466302988943256e-15,1.52655665885959e-16,0.3595719952802404,0.0,0.0,0.0,0.0,0.0,0,0.7504934863191105,0.7504934863191105,1.0,1.0,37,True
61,63,5919,2be9ba53c0d1806a1502dff5b57ef3767bd09fabf655634cb844d9f2ac2087c0,0,full_declared_day,153f2686a97e34b41099eda91952d787a1cd6c17a5aa81869ab7d08d479584be,153f2686a97e34b41099eda91952d787a1cd6c17a5aa81869ab7d08d479584be,risk_aligned_declaration_witness,1.757999999999999,1.7579999999999982,13396.938577390065,13396.938577390065,0.0,2.7466302988943256e-15,1.52655665885959e-16,0.3727535145831079,0.0,0.0,0.0,0.0,0.0,0,0.7504934863191105,0.7504934863191105,1.0,1.0,37,True
61,64,5920,2be9ba53c0d1806a1502dff5b57ef3767bd09fabf655634cb844d9f2ac2087c0,1,full_declared_day,153f2686a97e34b41099eda91952d787a1cd6c17a5aa81869ab7d08d479584be,153f2686a97e34b41099eda91952d787a1cd6c17a5aa81869ab7d08d479584be,risk_aligned_declaration_witness,1.757999999999999,1.7579999999999982,13396.938577390065,13396.938577390065,0.0,2.7466302988943256e-15,1.52655665885959e-16,0.3078699579079209,1.52655665885959e-16,2.289834988289385e-14,2.289834988289385e-14,2.289834988289385e-14,2.289834988289385e-14,0,0.7504934863191105,0.7504934863191105,1.0,1.0,37,True
61,65,5921,2be9ba53c0d1806a1502dff5b57ef3767bd09fabf655634cb844d9f2ac2087c0,1,full_declared_day,153f2686a97e34b41099eda91952d787a1cd6c17a5aa81869ab7d08d479584be,153f2686a97e34b41099eda91952d787a1cd6c17a5aa81869ab7d08d479584be,risk_aligned_declaration_witness,1.7569999999999988,1.756999999999998,13396.934886312529,13396.934886312529,0.0,2.7466302988943256e-15,1.52655665885959e-16,0.3097635512198972,1.52655665885959e-16,2.289834988289385e-14,2.289834988289385e-14,2.289834988289385e-14,2.289834988289385e-14,0,0.7504934863191105,0.7504934863191105,1.0,1.0,37,True
61,66,5922,2be9ba53c0d1806a1502dff5b57ef3767bd09fabf655634cb844d9f2ac2087c0,1,full_declared_day,153f2686a97e34b41099eda91952d787a1cd6c17a5aa81869ab7d08d479584be,153f2686a97e34b41099eda91952d787a1cd6c17a5aa81869ab7d08d479584be,risk_aligned_declaration_witness,1.757999999999999,1.7579999999999982,13396.938577390065,13396.938577390065,0.0,2.7466302988943256e-15,1.52655665885959e-16,0.2944883645715646,1.52655665885959e-16,2.289834988289385e-14,2.289834988289385e-14,2.289834988289385e-14,2.289834988289385e-14,0,0.7504934863191105,0.7504934863191105,1.0,1.0,37,True
61,67,5923,2be9ba53c0d1806a1502dff5b57ef3767bd09fabf655634cb844d9f2ac2087c0,1,full_declared_day,153f2686a97e34b41099eda91952d787a1cd6c17a5aa81869ab7d08d479584be,153f2686a97e34b41099eda91952d787a1cd6c17a5aa81869ab7d08d479584be,risk_aligned_declaration_witness,1.757999999999999,1.7579999999999982,13396.938577390065,13396.938577390065,0.0,2.7466302988943256e-15,1.52655665885959e-16,0.3028561647927703,1.52655665885959e-16,2.289834988289385e-14,2.289834988289385e-14,2.289834988289385e-14,2.289834988289385e-14,0,0.7504934863191105,0.7504934863191105,1.0,1.0,37,True
61,68,5924,2be9ba53c0d1806a1502dff5b57ef3767bd09fabf655634cb844d9f2ac2087c0,1,full_declared_day,153f2686a97e34b41099eda91952d787a1cd6c17a5aa81869ab7d08d479584be,153f2686a97e34b41099eda91952d787a1cd6c17a5aa81869ab7d08d479584be,risk_aligned_declaration_witness,1.7589999999999986,1.7579999999999982,13396.942866363066,13396.938577390065,0.0042889730011665,0.0042889730000027,0.0002500000000001,0.3095016766978162,1.52655665885959e-16,2.289834988289385e-14,0.0042889730011894,0.0042889730011894,0.0042889730011894,0,0.7504932425442785,0.7504934863191105,1.0,1.0,37,True
61,69,5925,2be9ba53c0d1806a1502dff5b57ef3767bd09fabf655634cb844d9f2ac2087c0,1,full_declared_day,153f2686a97e34b41099eda91952d787a1cd6c17a5aa81869ab7d08d479584be,153f2686a97e34b41099eda91952d787a1cd6c17a5aa81869ab7d08d479584be,risk_aligned_declaration_witness,1.7419999999999989,1.7419999999999982,13396.844610177766,13396.844610177766,0.0,2.7466302988943256e-15,1.52655665885959e-16,0.3594274646064571,1.52655665885959e-16,2.289834988289385e-14,2.289834988289385e-14,2.289834988289385e-14,2.289834988289385e-14,0,0.7504945262312467,0.7504945262312467,1.0,1.0,37,True
61,70,5926,2be9ba53c0d1806a1502dff5b57ef3767bd09fabf655634cb844d9f2ac2087c0,1,full_declared_day,153f2686a97e34b41099eda91952d787a1cd6c17a5aa81869ab7d08d479584be,153f2686a97e34b41099eda91952d787a1cd6c17a5aa81869ab7d08d479584be,risk_aligned_declaration_witness,1.7419999999999989,1.7419999999999982,13396.844610177766,13396.844610177766,0.0,2.7466302988943256e-15,1.52655665885959e-16,0.3737151439584668,1.52655665885959e-16,2.289834988289385e-14,2.289834988289385e-14,2.289834988289385e-14,2.289834988289385e-14,0,0.7504945262312467,0.7504945262312467,1.0,1.0,37,True
61,71,5927,2be9ba53c0d1806a1502dff5b57ef3767bd09fabf655634cb844d9f2ac2087c0,1,full_declared_day,153f2686a97e34b41099eda91952d787a1cd6c17a5aa81869ab7d08d479584be,153f2686a97e34b41099eda91952d787a1cd6c17a5aa81869ab7d08d479584be,risk_aligned_declaration_witness,1.7409999999999988,1.740999999999998,13396.840919100228,13396.840919100228,0.0,2.7466302988943256e-15,1.52655665885959e-16,0.2993016386225897,1.52655665885959e-16,2.289834988289385e-14,2.289834988289385e-14,2.289834988289385e-14,2.289834988289385e-14,0,0.7504945262312467,0.7504945262312467,1.0,1.0,37,True
61,72,5928,2be9ba53c0d1806a1502dff5b57ef3767bd09fabf655634cb844d9f2ac2087c0,0,full_declared_day,153f2686a97e34b41099eda91952d787a1cd6c17a5aa81869ab7d08d479584be,153f2686a97e34b41099eda91952d787a1cd6c17a5aa81869ab7d08d479584be,risk_aligned_declaration_witness,1.7309999999999983,1.7319999999999982,13396.778423741542,13396.78271271454,-0.0042889729993476,-0.0042889729999972,1.52655665885959e-16,0.2831683934867409,0.0,0.0,-0.0042889729993476,-0.0042889729993476,0.0,1,0.7504950461873152,0.7504948024124833,1.0000000000000004,1.0000000000000004,37,True
61,73,5929,2be9ba53c0d1806a1502dff5b57ef3767bd09fabf655634cb844d9f2ac2087c0,0,full_declared_day,153f2686a97e34b41099eda91952d787a1cd6c17a5aa81869ab7d08d479584be,153f2686a97e34b41099eda91952d787a1cd6c17a5aa81869ab7d08d479584be,risk_aligned_declaration_witness,1.7259999999999986,1.7259999999999982,13396.75124086093,13396.75124086093,0.0,2.7466302988943256e-15,1.52655665885959e-16,0.1954744853919153,0.0,0.0,0.0,0.0,0.0,0,0.7504953223685512,0.7504953223685512,1.0000000000000002,1.0000000000000002,37,True
61,74,5930,2be9ba53c0d1806a1502dff5b57ef3767bd09fabf655634cb844d9f2ac2087c0,0,full_declared_day,153f2686a97e34b41099eda91952d787a1cd6c17a5aa81869ab7d08d479584be,153f2686a97e34b41099eda91952d787a1cd6c17a5aa81869ab7d08d479584be,risk_aligned_declaration_witness,1.7139999999999986,1.7139999999999982,13396.680765451703,13396.680765451703,0.0,2.7466302988943256e-15,1.52655665885959e-16,0.2073946922676091,0.0,0.0,0.0,0.0,0.0,0,0.7504961023026535,0.7504961023026535,1.0000000000000002,1.0000000000000002,37,True
61,75,5931,2be9ba53c0d1806a1502dff5b57ef3767bd09fabf655634cb844d9f2ac2087c0,0,full_declared_day,153f2686a97e34b41099eda91952d787a1cd6c17a5aa81869ab7d08d479584be,153f2686a97e34b41099eda91952d787a1cd6c17a5aa81869ab7d08d479584be,risk_aligned_declaration_witness,1.7139999999999986,1.7139999999999982,13396.680765451703,13396.680765451703,0.0,2.7466302988943256e-15,1.52655665885959e-16,0.1832403263818607,0.0,0.0,0.0,0.0,0.0,0,0.7504961023026535,0.7504961023026535,1.0000000000000002,1.0000000000000002,37,True
61,76,5932,2be9ba53c0d1806a1502dff5b57ef3767bd09fabf655634cb844d9f2ac2087c0,0,full_declared_day,153f2686a97e34b41099eda91952d787a1cd6c17a5aa81869ab7d08d479584be,153f2686a97e34b41099eda91952d787a1cd6c17a5aa81869ab7d08d479584be,risk_aligned_declaration_witness,1.7139999999999986,1.7139999999999982,13396.680765451703,13396.680765451703,0.0,2.7466302988943256e-15,1.52655665885959e-16,0.0302343463472071,0.0,0.0,0.0,0.0,0.0,0,0.7504961023026535,0.7504961023026535,1.0000000000000002,1.0000000000000002,37,True
61,77,5933,2be9ba53c0d1806a1502dff5b57ef3767bd09fabf655634cb844d9f2ac2087c0,0,full_declared_day,153f2686a97e34b41099eda91952d787a1cd6c17a5aa81869ab7d08d479584be,153f2686a97e34b41099eda91952d787a1cd6c17a5aa81869ab7d08d479584be,risk_aligned_declaration_witness,1.7139999999999986,1.7139999999999982,13396.680765451703,13396.680765451703,0.0,2.7466302988943256e-15,1.52655665885959e-16,0.2266201248005395,0.0,0.0,0.0,0.0,0.0,0,0.7504961023026535,0.7504961023026535,1.0000000000000002,1.0000000000000002,37,True
61,78,5934,2be9ba53c0d1806a1502dff5b57ef3767bd09fabf655634cb844d9f2ac2087c0,0,full_declared_day,153f2686a97e34b41099eda91952d787a1cd6c17a5aa81869ab7d08d479584be,153f2686a97e34b41099eda91952d787a1cd6c17a5aa81869ab7d08d479584be,risk_aligned_declaration_witness,1.7119999999999986,1.7119999999999984,13396.672187505705,13396.672187505705,0.0,2.7466302988943256e-15,1.52655665885959e-16,0.3592851783965837,0.0,0.0,0.0,0.0,0.0,0,0.7504965898523176,0.7504965898523176,1.0000000000000002,1.0000000000000002,37,True
61,79,5935,2be9ba53c0d1806a1502dff5b57ef3767bd09fabf655634cb844d9f2ac2087c0,0,full_declared_day,153f2686a97e34b41099eda91952d787a1cd6c17a5aa81869ab7d08d479584be,153f2686a97e34b41099eda91952d787a1cd6c17a5aa81869ab7d08d479584be,risk_aligned_declaration_witness,1.7099999999999986,1.7099999999999982,13396.648546155704,13396.648546155704,0.0,2.7466302988943256e-15,1.52655665885959e-16,0.3652684783946603,0.0,0.0,0.0,0.0,0.0,0,0.7504965898523176,0.7504965898523176,1.0000000000000002,1.0000000000000002,37,True
61,80,5936,2be9ba53c0d1806a1502dff5b57ef3767bd09fabf655634cb844d9f2ac2087c0,0,full_declared_day,153f2686a97e34b41099eda91952d787a1cd6c17a5aa81869ab7d08d479584be,153f2686a97e34b41099eda91952d787a1cd6c17a5aa81869ab7d08d479584be,risk_aligned_declaration_witness,1.7099999999999986,1.7099999999999982,13396.648546155704,13396.648546155704,0.0,2.7466302988943256e-15,1.52655665885959e-16,0.3765796242851725,0.0,0.0,0.0,0.0,0.0,0,0.7504965898523176,0.7504965898523176,1.0000000000000002,1.0000000000000002,37,True
61,81,5937,2be9ba53c0d1806a1502dff5b57ef3767bd09fabf655634cb844d9f2ac2087c0,0,full_declared_day,153f2686a97e34b41099eda91952d787a1cd6c17a5aa81869ab7d08d479584be,153f2686a97e34b41099eda91952d787a1cd6c17a5aa81869ab7d08d479584be,risk_aligned_declaration_witness,1.7089999999999987,1.7089999999999983,13396.644257182705,13396.644257182705,0.0,2.7466302988943256e-15,1.52655665885959e-16,0.2498406635981622,0.0,0.0,0.0,0.0,0.0,0,0.7504968336271496,0.7504968336271496,1.0000000000000002,1.0000000000000002,37,True
61,82,5938,2be9ba53c0d1806a1502dff5b57ef3767bd09fabf655634cb844d9f2ac2087c0,0,full_declared_day,153f2686a97e34b41099eda91952d787a1cd6c17a5aa81869ab7d08d479584be,153f2686a97e34b41099eda91952d787a1cd6c17a5aa81869ab7d08d479584be,risk_aligned_declaration_witness,1.6889999999999987,1.688999999999998,13396.52679816733,13396.52679816733,0.0,2.7466302988943256e-15,1.52655665885959e-16,0.0321451135189315,0.0,0.0,0.0,0.0,0.0,0,0.7504981335173196,0.7504981335173196,1.0,1.0,37,True
61,83,5939,2be9ba53c0d1806a1502dff5b57ef3767bd09fabf655634cb844d9f2ac2087c0,0,full_declared_day,153f2686a97e34b41099eda91952d787a1cd6c17a5aa81869ab7d08d479584be,153f2686a97e34b41099eda91952d787a1cd6c17a5aa81869ab7d08d479584be,risk_aligned_declaration_witness,1.6869999999999987,1.686999999999998,13396.51822022133,13396.51822022133,0.0,2.7466302988943256e-15,1.52655665885959e-16,0.0,0.0,0.0,0.0,0.0,0.0,0,0.7504986210669838,0.7504986210669838,1.0,1.0,37,True
61,84,5940,2be9ba53c0d1806a1502dff5b57ef3767bd09fabf655634cb844d9f2ac2087c0,0,full_declared_day,153f2686a97e34b41099eda91952d787a1cd6c17a5aa81869ab7d08d479584be,153f2686a97e34b41099eda91952d787a1cd6c17a5aa81869ab7d08d479584be,risk_aligned_declaration_witness,1.5229999999999986,1.522999999999998,13395.555056295254,13395.555056295254,0.0,2.7466302988943256e-15,1.52655665885959e-16,0.0,0.0,0.0,0.0,0.0,0.0,0,0.7505092801663806,0.7505092801663806,1.0000000000000004,1.0000000000000004,37,True
61,85,5941,2be9ba53c0d1806a1502dff5b57ef3767bd09fabf655634cb844d9f2ac2087c0,0,full_declared_day,153f2686a97e34b41099eda91952d787a1cd6c17a5aa81869ab7d08d479584be,153f2686a97e34b41099eda91952d787a1cd6c17a5aa81869ab7d08d479584be,risk_aligned_declaration_witness,1.4789999999999983,1.478999999999998,13395.29664646143,13395.29664646143,0.0,2.7466302988943256e-15,1.52655665885959e-16,0.0,0.0,0.0,0.0,0.0,0.0,0,0.7505121399247551,0.7505121399247551,1.0,1.0,37,True
61,86,5942,2be9ba53c0d1806a1502dff5b57ef3767bd09fabf655634cb844d9f2ac2087c0,0,full_declared_day,153f2686a97e34b41099eda91952d787a1cd6c17a5aa81869ab7d08d479584be,153f2686a97e34b41099eda91952d787a1cd6c17a5aa81869ab7d08d479584be,risk_aligned_declaration_witness,1.4559999999999984,1.455999999999998,13395.15998461598,13395.15998461598,0.0,2.7466302988943256e-15,1.52655665885959e-16,0.0233408389103521,0.0,0.0,0.0,0.0,0.0,0,0.7505134560181277,0.7505134560181277,1.0000000000000004,1.0000000000000004,37,True
61,87,5943,2be9ba53c0d1806a1502dff5b57ef3767bd09fabf655634cb844d9f2ac2087c0,0,full_declared_day,153f2686a97e34b41099eda91952d787a1cd6c17a5aa81869ab7d08d479584be,153f2686a97e34b41099eda91952d787a1cd6c17a5aa81869ab7d08d479584be,risk_aligned_declaration_witness,1.4489999999999983,1.448999999999998,13395.124821684827,13395.124821684827,0.0,2.7466302988943256e-15,1.52655665885959e-16,0.0685800966044064,0.0,0.0,0.0,0.0,0.0,0,0.7505139597709938,0.7505139597709938,1.0000000000000002,1.0000000000000002,37,True
61,88,5944,2be9ba53c0d1806a1502dff5b57ef3767bd09fabf655634cb844d9f2ac2087c0,0,full_declared_day,153f2686a97e34b41099eda91952d787a1cd6c17a5aa81869ab7d08d479584be,153f2686a97e34b41099eda91952d787a1cd6c17a5aa81869ab7d08d479584be,risk_aligned_declaration_witness,1.4309999999999985,1.430999999999998,13395.022874421991,13395.022874421991,0.0,2.7466302988943256e-15,1.52655665885959e-16,0.0783162717059107,0.0,0.0,0.0,0.0,0.0,0,0.7505152596611643,0.7505152596611643,1.0000000000000004,1.0000000000000004,37,True
61,89,5945,2be9ba53c0d1806a1502dff5b57ef3767bd09fabf655634cb844d9f2ac2087c0,0,full_declared_day,153f2686a97e34b41099eda91952d787a1cd6c17a5aa81869ab7d08d479584be,153f2686a97e34b41099eda91952d787a1cd6c17a5aa81869ab7d08d479584be,risk_aligned_declaration_witness,1.4089999999999985,1.408999999999998,13394.88990365408,13394.88990365408,0.0,2.7466302988943256e-15,1.52655665885959e-16,0.1266712216433508,0.0,0.0,0.0,0.0,0.0,0,0.7505165595513341,0.7505165595513341,1.0,1.0,37,True
61,90,5946,2be9ba53c0d1806a1502dff5b57ef3767bd09fabf655634cb844d9f2ac2087c0,0,full_declared_day,153f2686a97e34b41099eda91952d787a1cd6c17a5aa81869ab7d08d479584be,153f2686a97e34b41099eda91952d787a1cd6c17a5aa81869ab7d08d479584be,risk_aligned_declaration_witness,1.4039999999999986,1.4039999999999977,13394.862720773466,13394.862720773466,0.0,2.7466302988943256e-15,1.52655665885959e-16,0.1822677738478096,0.0,0.0,0.0,0.0,0.0,0,0.7505168357325706,0.7505168357325706,1.0000000000000002,1.0000000000000002,37,True
61,91,5947,2be9ba53c0d1806a1502dff5b57ef3767bd09fabf655634cb844d9f2ac2087c0,0,full_declared_day,153f2686a97e34b41099eda91952d787a1cd6c17a5aa81869ab7d08d479584be,153f2686a97e34b41099eda91952d787a1cd6c17a5aa81869ab7d08d479584be,risk_aligned_declaration_witness,1.3989999999999982,1.398999999999998,13394.834939997392,13394.834939997392,0.0,2.7466302988943256e-15,1.52655665885959e-16,0.1988174956883582,0.0,0.0,0.0,0.0,0.0,0,0.7505173394854366,0.7505173394854366,1.0000000000000004,1.0000000000000004,37,True
61,92,5948,2be9ba53c0d1806a1502dff5b57ef3767bd09fabf655634cb844d9f2ac2087c0,0,full_declared_day,153f2686a97e34b41099eda91952d787a1cd6c17a5aa81869ab7d08d479584be,153f2686a97e34b41099eda91952d787a1cd6c17a5aa81869ab7d08d479584be,risk_aligned_declaration_witness,1.3759999999999983,1.375999999999998,13394.698278151942,13394.698278151942,0.0,2.7466302988943256e-15,1.52655665885959e-16,0.1143899152046185,0.0,0.0,0.0,0.0,0.0,0,0.750518655578809,0.750518655578809,1.0000000000000004,1.0000000000000004,37,True
61,93,5949,2be9ba53c0d1806a1502dff5b57ef3767bd09fabf655634cb844d9f2ac2087c0,0,full_declared_day,153f2686a97e34b41099eda91952d787a1cd6c17a5aa81869ab7d08d479584be,153f2686a97e34b41099eda91952d787a1cd6c17a5aa81869ab7d08d479584be,risk_aligned_declaration_witness,0.974999999999998,0.9729999999999976,13392.328549676517,13392.32116752144,0.0073821550759021,0.0073821550750027,0.0005000000000001,0.0,0.0,0.0,0.0073821550759021,0.0073821550759021,0.0073821550759021,0,0.7505448971570474,0.7505448971570474,1.0000000000000004,1.0000000000000002,37,True
61,94,5950,2be9ba53c0d1806a1502dff5b57ef3767bd09fabf655634cb844d9f2ac2087c0,0,full_declared_day,153f2686a97e34b41099eda91952d787a1cd6c17a5aa81869ab7d08d479584be,153f2686a97e34b41099eda91952d787a1cd6c17a5aa81869ab7d08d479584be,risk_aligned_declaration_witness,0.940999999999998,0.9379999999999976,13392.13323309684,13392.114030266766,0.0192028300734818,0.0192028300750027,0.0007500000000001,0.0,0.0,0.0,0.0192028300734818,0.0192028300734818,0.0192028300734818,0,0.750546993184522,0.750546993184522,1.0000000000000004,1.0000000000000004,37,True
61,95,5951,2be9ba53c0d1806a1502dff5b57ef3767bd09fabf655634cb844d9f2ac2087c0,0,full_declared_day,153f2686a97e34b41099eda91952d787a1cd6c17a5aa81869ab7d08d479584be,153f2686a97e34b41099eda91952d787a1cd6c17a5aa81869ab7d08d479584be,risk_aligned_declaration_witness,0.939999999999998,0.9389999999999976,13392.12141242184,13392.125850941768,-0.0044385199271346,-0.0044385199249972,0.0005,0.0180539509798084,0.0,0.0,-0.0044385199271346,-0.0044385199271346,0.0,1,0.750546993184522,0.7505469931845221,1.0000000000000004,1.0000000000000004,37,True
62,0,5952,2be9ba53c0d1806a1502dff5b57ef3767bd09fabf655634cb844d9f2ac2087c0,0,full_declared_day,153f2686a97e34b41099eda91952d787a1cd6c17a5aa81869ab7d08d479584be,153f2686a97e34b41099eda91952d787a1cd6c17a5aa81869ab7d08d479584be,risk_aligned_declaration_witness,0.945999999999998,0.9399999999999976,13392.152884275452,13392.122608212763,0.030276062687335,0.0302760626875027,0.0015000000000001,0.0,0.0,0.0,0.030276062687335,0.030276062687335,0.030276062687335,0,0.7505464732284538,0.7505465056348578,1.0000000000000002,1.0000000000000004,37,True
62,1,5953,2be9ba53c0d1806a1502dff5b57ef3767bd09fabf655634cb844d9f2ac2087c0,0,full_declared_day,153f2686a97e34b41099eda91952d787a1cd6c17a5aa81869ab7d08d479584be,153f2686a97e34b41099eda91952d787a1cd6c17a5aa81869ab7d08d479584be,risk_aligned_declaration_witness,0.932999999999998,0.9279999999999976,13392.07871778869,13392.05213280354,0.026584985149384,0.0265849851500027,0.0012500000000001,0.0,0.0,0.0,0.026584985149384,0.026584985149384,0.026584985149384,0,0.750547236959354,0.7505472855689598,1.0000000000000004,1.0,37,True
62,2,5954,2be9ba53c0d1806a1502dff5b57ef3767bd09fabf655634cb844d9f2ac2087c0,0,full_declared_day,153f2686a97e34b41099eda91952d787a1cd6c17a5aa81869ab7d08d479584be,153f2686a97e34b41099eda91952d787a1cd6c17a5aa81869ab7d08d479584be,risk_aligned_declaration_witness,0.931999999999998,0.9279999999999976,13392.066897113693,13392.05213280354,0.0147643101499852,0.0147643101500027,0.0010000000000001,0.0,0.0,0.0,0.0147643101499852,0.0147643101499852,0.0147643101499852,0,0.7505472369593541,0.7505472855689598,1.0000000000000004,1.0,37,True
62,3,5955,2be9ba53c0d1806a1502dff5b57ef3767bd09fabf655634cb844d9f2ac2087c0,0,full_declared_day,153f2686a97e34b41099eda91952d787a1cd6c17a5aa81869ab7d08d479584be,153f2686a97e34b41099eda91952d787a1cd6c17a5aa81869ab7d08d479584be,risk_aligned_declaration_witness,0.929999999999998,0.9319999999999976,13392.059514958615,13392.066897113693,-0.0073821550740831,-0.0073821550749972,1.52655665885959e-16,0.0,0.0,0.0,-0.0073821550740831,-0.0073821550740831,0.0,1,0.7505472531625561,0.7505472531625561,1.0000000000000004,1.0000000000000004,37,True
62,4,5956,2be9ba53c0d1806a1502dff5b57ef3767bd09fabf655634cb844d9f2ac2087c0,0,full_declared_day,153f2686a97e34b41099eda91952d787a1cd6c17a5aa81869ab7d08d479584be,153f2686a97e34b41099eda91952d787a1cd6c17a5aa81869ab7d08d479584be,risk_aligned_declaration_witness,0.926999999999998,0.9349999999999976,13392.048441726003,13392.086099943768,-0.0376582177632371,-0.0376582177624972,0.0,0.0829452469852845,0.0,0.0,-0.0376582177632371,-0.0376582177632371,0.0,1,0.75054728556896,0.750547236959354,1.0000000000000002,1.0000000000000004,37,True
62,5,5957,2be9ba53c0d1806a1502dff5b57ef3767bd09fabf655634cb844d9f2ac2087c0,0,full_declared_day,153f2686a97e34b41099eda91952d787a1cd6c17a5aa81869ab7d08d479584be,153f2686a97e34b41099eda91952d787a1cd6c17a5aa81869ab7d08d479584be,risk_aligned_declaration_witness,0.921999999999998,0.9289999999999976,13392.021258845392,13392.055225985616,-0.0339671402234671,-0.0339671402249972,0.0,0.0955606351404001,0.0,0.0,-0.0339671402234671,-0.0339671402234671,0.0,1,0.7505475617501961,0.75054751314059,1.0000000000000002,1.0000000000000002,37,True
62,6,5958,2be9ba53c0d1806a1502dff5b57ef3767bd09fabf655634cb844d9f2ac2087c0,0,full_declared_day,153f2686a97e34b41099eda91952d787a1cd6c17a5aa81869ab7d08d479584be,153f2686a97e34b41099eda91952d787a1cd6c17a5aa81869ab7d08d479584be,risk_aligned_declaration_witness,0.922999999999998,0.9269999999999976,13392.025547818392,13392.040312128542,-0.0147643101499852,-0.0147643101499972,2.775557561562892e-17,0.0,0.0,0.0,-0.0147643101499852,-0.0147643101499852,0.0,1,0.7505473179753641,0.7505472855689598,1.0000000000000002,1.0,37,True
62,7,5959,2be9ba53c0d1806a1502dff5b57ef3767bd09fabf655634cb844d9f2ac2087c0,0,full_declared_day,153f2686a97e34b41099eda91952d787a1cd6c17a5aa81869ab7d08d479584be,153f2686a97e34b41099eda91952d787a1cd6c17a5aa81869ab7d08d479584be,risk_aligned_declaration_witness,0.924999999999998,0.9249999999999976,13392.041059570927,13392.041059570927,0.0,2.7466302988943256e-15,1.52655665885959e-16,0.0001963798906001,0.0,0.0,0.0,0.0,0.0,0,0.7505473179753642,0.7505473179753642,1.0000000000000002,1.0000000000000002,37,True
62,8,5960,2be9ba53c0d1806a1502dff5b57ef3767bd09fabf655634cb844d9f2ac2087c0,0,full_declared_day,153f2686a97e34b41099eda91952d787a1cd6c17a5aa81869ab7d08d479584be,153f2686a97e34b41099eda91952d787a1cd6c17a5aa81869ab7d08d479584be,risk_aligned_declaration_witness,0.927999999999998,0.9279999999999976,13392.067794103004,13392.067794103004,0.0,2.7466302988943256e-15,1.52655665885959e-16,0.0041992572643287,0.0,0.0,0.0,0.0,0.0,0,0.7505475617501961,0.7505475617501961,1.0000000000000002,1.0000000000000002,37,True
62,9,5961,2be9ba53c0d1806a1502dff5b57ef3767bd09fabf655634cb844d9f2ac2087c0,0,full_declared_day,153f2686a97e34b41099eda91952d787a1cd6c17a5aa81869ab7d08d479584be,153f2686a97e34b41099eda91952d787a1cd6c17a5aa81869ab7d08d479584be,risk_aligned_declaration_witness,0.922999999999998,0.9209999999999976,13392.041807013316,13392.033229067316,0.0085779459986952,0.0085779460000027,0.0005000000000001,0.0,0.0,0.0,0.0085779459986952,0.0085779459986952,0.0085779459986952,0,0.7505473341785662,0.7505478217282302,1.0000000000000004,1.0000000000000004,37,True
62,10,5962,2be9ba53c0d1806a1502dff5b57ef3767bd09fabf655634cb844d9f2ac2087c0,0,full_declared_day,153f2686a97e34b41099eda91952d787a1cd6c17a5aa81869ab7d08d479584be,153f2686a97e34b41099eda91952d787a1cd6c17a5aa81869ab7d08d479584be,risk_aligned_declaration_witness,1.001999999999998,0.9969999999999976,13392.52361329674,13392.487702923205,0.0359103735354437,0.0359103735375027,0.0012500000000001,0.0,0.0,0.0,0.0359103735354437,0.0359103735354437,0.0359103735354437,0,0.750542394595919,0.750542898348785,1.0000000000000002,1.0000000000000002,37,True
62,11,5963,2be9ba53c0d1806a1502dff5b57ef3767bd09fabf655634cb844d9f2ac2087c0,0,full_declared_day,153f2686a97e34b41099eda91952d787a1cd6c17a5aa81869ab7d08d479584be,153f2686a97e34b41099eda91952d787a1cd6c17a5aa81869ab7d08d479584be,risk_aligned_declaration_witness,0.999999999999998,0.9949999999999976,13392.49997194674,13392.464061573206,0.0359103735354437,0.0359103735375027,0.0012500000000001,0.0,0.0,0.0,0.0359103735354437,0.0359103735354437,0.0359103735354437,0,0.7505423945959189,0.750542898348785,1.0000000000000002,1.0000000000000002,37,True
62,12,5964,2be9ba53c0d1806a1502dff5b57ef3767bd09fabf655634cb844d9f2ac2087c0,0,full_declared_day,153f2686a97e34b41099eda91952d787a1cd6c17a5aa81869ab7d08d479584be,153f2686a97e34b41099eda91952d787a1cd6c17a5aa81869ab7d08d479584be,risk_aligned_declaration_witness,1.000999999999998,0.9949999999999976,13392.50366302428,13392.464061573206,0.0396014510733948,0.0396014510750027,0.0015000000000001,0.0,0.0,0.0,0.0396014510733948,0.0396014510733948,0.0396014510733948,0,0.7505423783927169,0.750542898348785,1.0000000000000002,1.0000000000000002,37,True
62,13,5965,2be9ba53c0d1806a1502dff5b57ef3767bd09fabf655634cb844d9f2ac2087c0,0,full_declared_day,153f2686a97e34b41099eda91952d787a1cd6c17a5aa81869ab7d08d479584be,153f2686a97e34b41099eda91952d787a1cd6c17a5aa81869ab7d08d479584be,risk_aligned_declaration_witness,0.997999999999998,0.9999999999999976,13392.491991896204,13392.49997194674,-0.0079800505372986,-0.0079800505374972,2.775557561562892e-17,0.0,0.0,0.0,-0.0079800505372986,-0.0079800505372986,0.0,1,0.750542654573953,0.7505423945959189,1.0000000000000002,1.0000000000000002,37,True
62,14,5966,2be9ba53c0d1806a1502dff5b57ef3767bd09fabf655634cb844d9f2ac2087c0,0,full_declared_day,153f2686a97e34b41099eda91952d787a1cd6c17a5aa81869ab7d08d479584be,153f2686a97e34b41099eda91952d787a1cd6c17a5aa81869ab7d08d479584be,risk_aligned_declaration_witness,0.995999999999998,1.0029999999999977,13392.468350546204,13392.511643074817,-0.0432925286131649,-0.0432925286124972,0.0,0.0115524335879145,0.0,0.0,-0.0432925286131649,-0.0432925286131649,0.0,1,0.750542654573953,0.7505421184146828,1.0000000000000002,1.0000000000000002,37,True
62,15,5967,2be9ba53c0d1806a1502dff5b57ef3767bd09fabf655634cb844d9f2ac2087c0,0,full_declared_day,153f2686a97e34b41099eda91952d787a1cd6c17a5aa81869ab7d08d479584be,153f2686a97e34b41099eda91952d787a1cd6c17a5aa81869ab7d08d479584be,risk_aligned_declaration_witness,1.000999999999998,1.0039999999999978,13392.48620803843,13392.515334152353,-0.0291261139227572,-0.0291261139249972,0.0005,0.0,0.0,0.0,-0.0291261139227572,-0.0291261139227572,0.0,1,0.7505428659423811,0.7505421346178848,1.0000000000000004,1.0000000000000002,37,True
62,16,5968,2be9ba53c0d1806a1502dff5b57ef3767bd09fabf655634cb844d9f2ac2087c0,0,full_declared_day,153f2686a97e34b41099eda91952d787a1cd6c17a5aa81869ab7d08d479584be,153f2686a97e34b41099eda91952d787a1cd6c17a5aa81869ab7d08d479584be,risk_aligned_declaration_witness,1.000999999999998,1.0029999999999974,13392.48620803843,13392.511045179352,-0.0248371409234096,-0.0248371409249972,0.0005,0.0,0.0,0.0,-0.0248371409234096,-0.0248371409234096,0.0,1,0.7505428659423811,0.7505423783927169,1.0000000000000004,1.0000000000000002,37,True
62,17,5969,2be9ba53c0d1806a1502dff5b57ef3767bd09fabf655634cb844d9f2ac2087c0,0,full_declared_day,153f2686a97e34b41099eda91952d787a1cd6c17a5aa81869ab7d08d479584be,153f2686a97e34b41099eda91952d787a1cd6c17a5aa81869ab7d08d479584be,risk_aligned_declaration_witness,0.999999999999998,0.9989999999999976,13392.482516960892,13392.478825883354,0.003691077537951,0.0036910775375027,0.0002500000000001,0.0,0.0,0.0,0.003691077537951,0.003691077537951,0.003691077537951,0,0.7505428497391788,0.750542865942381,1.0000000000000002,1.0000000000000002,37,True
62,18,5970,2be9ba53c0d1806a1502dff5b57ef3767bd09fabf655634cb844d9f2ac2087c0,0,full_declared_day,153f2686a97e34b41099eda91952d787a1cd6c17a5aa81869ab7d08d479584be,153f2686a97e34b41099eda91952d787a1cd6c17a5aa81869ab7d08d479584be,risk_aligned_declaration_witness,1.000999999999998,1.0039999999999976,13392.502467233357,13392.513540465969,-0.0110732326120341,-0.0110732326124972,2.775557561562892e-17,0.0734841953652508,0.0,0.0,-0.0110732326120341,-0.0110732326120341,0.0,1,0.750542865942381,0.7505428497391791,1.0000000000000002,1.0000000000000004,37,True
62,19,5971,2be9ba53c0d1806a1502dff5b57ef3767bd09fabf655634cb844d9f2ac2087c0,0,full_declared_day,153f2686a97e34b41099eda91952d787a1cd6c17a5aa81869ab7d08d479584be,153f2686a97e34b41099eda91952d787a1cd6c17a5aa81869ab7d08d479584be,risk_aligned_declaration_witness,1.0039999999999982,1.0059999999999976,13392.514736256891,13392.522118411967,-0.0073821550740831,-0.0073821550749972,1.52655665885959e-16,0.0529931505774346,0.0,0.0,-0.0073821550740831,-0.0073821550740831,0.0,1,0.750542378392717,0.750542378392717,1.0000000000000004,1.0000000000000004,37,True
62,20,5972,2be9ba53c0d1806a1502dff5b57ef3767bd09fabf655634cb844d9f2ac2087c0,0,full_declared_day,153f2686a97e34b41099eda91952d787a1cd6c17a5aa81869ab7d08d479584be,153f2686a97e34b41099eda91952d787a1cd6c17a5aa81869ab7d08d479584be,risk_aligned_declaration_witness,0.993999999999998,0.9939999999999976,13392.451045107278,13392.451045107278,0.0,2.7466302988943256e-15,1.52655665885959e-16,0.0,0.0,0.0,0.0,0.0,0.0,0,0.7505433696952466,0.7505433696952466,1.0,1.0,37,True
62,21,5973,2be9ba53c0d1806a1502dff5b57ef3767bd09fabf655634cb844d9f2ac2087c0,0,full_declared_day,153f2686a97e34b41099eda91952d787a1cd6c17a5aa81869ab7d08d479584be,153f2686a97e34b41099eda91952d787a1cd6c17a5aa81869ab7d08d479584be,risk_aligned_declaration_witness,0.991999999999998,0.9919999999999976,13392.44246716128,13392.44246716128,0.0,2.7466302988943256e-15,1.52655665885959e-16,0.0,0.0,0.0,0.0,0.0,0.0,0,0.7505438572449108,0.7505438572449108,1.0,1.0,37,True
62,22,5974,2be9ba53c0d1806a1502dff5b57ef3767bd09fabf655634cb844d9f2ac2087c0,0,full_declared_day,153f2686a97e34b41099eda91952d787a1cd6c17a5aa81869ab7d08d479584be,153f2686a97e34b41099eda91952d787a1cd6c17a5aa81869ab7d08d479584be,risk_aligned_declaration_witness,0.992999999999998,0.9929999999999976,13392.43922443228,13392.43922443228,0.0,2.7466302988943256e-15,1.52655665885959e-16,0.0,0.0,0.0,0.0,0.0,0.0,0,0.7505433696952466,0.7505433696952466,1.0,1.0,37,True
62,23,5975,2be9ba53c0d1806a1502dff5b57ef3767bd09fabf655634cb844d9f2ac2087c0,0,full_declared_day,153f2686a97e34b41099eda91952d787a1cd6c17a5aa81869ab7d08d479584be,153f2686a97e34b41099eda91952d787a1cd6c17a5aa81869ab7d08d479584be,risk_aligned_declaration_witness,0.993999999999998,0.9919999999999976,13392.45917470474,13392.435533354745,0.0236413499969785,0.0236413500000027,0.0005000000000001,0.0,0.0,0.0,0.0236413499969785,0.0236413499969785,0.0236413499969785,0,0.750543369695247,0.750543369695247,1.0000000000000002,1.0000000000000002,37,True
62,24,5976,2be9ba53c0d1806a1502dff5b57ef3767bd09fabf655634cb844d9f2ac2087c0,0,full_declared_day,153f2686a97e34b41099eda91952d787a1cd6c17a5aa81869ab7d08d479584be,153f2686a97e34b41099eda91952d787a1cd6c17a5aa81869ab7d08d479584be,risk_aligned_declaration_witness,0.992999999999998,0.9899999999999975,13392.456081522663,13392.443214603663,0.0128669189998618,0.0128669190000027,0.0007500000000001,0.0,0.0,0.0,0.0128669189998618,0.0128669189998618,0.0128669189998618,0,0.7505431583268191,0.7505438896513151,1.0000000000000002,1.0000000000000002,37,True
62,25,5977,2be9ba53c0d1806a1502dff5b57ef3767bd09fabf655634cb844d9f2ac2087c0,0,full_declared_day,153f2686a97e34b41099eda91952d787a1cd6c17a5aa81869ab7d08d479584be,153f2686a97e34b41099eda91952d787a1cd6c17a5aa81869ab7d08d479584be,risk_aligned_declaration_witness,0.985999999999998,0.9909999999999975,13392.410995307666,13392.447503576666,-0.0365082690004783,-0.0365082689999972,1.249000902703301e-16,0.066320145565625,0.0,0.0,-0.0365082690004783,-0.0365082690004783,0.0,1,0.7505443772009792,0.7505436458764831,1.0000000000000002,1.0000000000000002,37,True
62,26,5978,2be9ba53c0d1806a1502dff5b57ef3767bd09fabf655634cb844d9f2ac2087c0,0,full_declared_day,153f2686a97e34b41099eda91952d787a1cd6c17a5aa81869ab7d08d479584be,153f2686a97e34b41099eda91952d787a1cd6c17a5aa81869ab7d08d479584be,risk_aligned_declaration_witness,0.976999999999998,0.9769999999999976,13392.36032062398,13392.36032062398,0.0,2.7466302988943256e-15,1.52655665885959e-16,0.0,0.0,0.0,0.0,0.0,0.0,0,0.7505448971570474,0.7505448971570474,1.0000000000000002,1.0000000000000002,37,True
62,27,5979,2be9ba53c0d1806a1502dff5b57ef3767bd09fabf655634cb844d9f2ac2087c0,0,full_declared_day,153f2686a97e34b41099eda91952d787a1cd6c17a5aa81869ab7d08d479584be,153f2686a97e34b41099eda91952d787a1cd6c17a5aa81869ab7d08d479584be,risk_aligned_declaration_witness,0.977999999999998,0.9769999999999976,13392.364011701517,13392.36032062398,0.003691077537951,0.0036910775375027,0.0002500000000001,0.0,0.0,0.0,0.003691077537951,0.003691077537951,0.003691077537951,0,0.7505448971570474,0.7505448971570474,1.0000000000000004,1.0000000000000002,37,True
62,28,5980,2be9ba53c0d1806a1502dff5b57ef3767bd09fabf655634cb844d9f2ac2087c0,0,full_declared_day,153f2686a97e34b41099eda91952d787a1cd6c17a5aa81869ab7d08d479584be,153f2686a97e34b41099eda91952d787a1cd6c17a5aa81869ab7d08d479584be,risk_aligned_declaration_witness,0.979999999999998,0.9769999999999976,13392.379523454054,13392.36032062398,0.0192028300753008,0.0192028300750027,0.0007500000000001,0.0,0.0,0.0,0.0192028300753008,0.0192028300753008,0.0192028300753008,0,0.7505448809538454,0.7505448971570474,1.0000000000000004,1.0000000000000002,37,True
62,29,5981,2be9ba53c0d1806a1502dff5b57ef3767bd09fabf655634cb844d9f2ac2087c0,0,full_declared_day,153f2686a97e34b41099eda91952d787a1cd6c17a5aa81869ab7d08d479584be,153f2686a97e34b41099eda91952d787a1cd6c17a5aa81869ab7d08d479584be,risk_aligned_declaration_witness,0.977999999999998,0.9769999999999976,13392.364011701517,13392.36032062398,0.003691077537951,0.0036910775375027,0.0002500000000001,0.0,0.0,0.0,0.003691077537951,0.003691077537951,0.003691077537951,0,0.7505448809538454,0.7505448971570474,1.0000000000000004,1.0000000000000002,37,True
62,30,5982,2be9ba53c0d1806a1502dff5b57ef3767bd09fabf655634cb844d9f2ac2087c0,0,full_declared_day,153f2686a97e34b41099eda91952d787a1cd6c17a5aa81869ab7d08d479584be,153f2686a97e34b41099eda91952d787a1cd6c17a5aa81869ab7d08d479584be,risk_aligned_declaration_witness,0.982999999999998,0.9809999999999977,13392.399922075054,13392.392539919978,0.0073821550759021,0.0073821550750027,0.0005000000000001,0.0,0.0,0.0,0.0073821550759021,0.0073821550759021,0.0073821550759021,0,0.7505443772009793,0.7505444096073833,1.0000000000000002,1.0000000000000002,37,True
62,31,5983,2be9ba53c0d1806a1502dff5b57ef3767bd09fabf655634cb844d9f2ac2087c0,0,full_declared_day,153f2686a97e34b41099eda91952d787a1cd6c17a5aa81869ab7d08d479584be,153f2686a97e34b41099eda91952d787a1cd6c17a5aa81869ab7d08d479584be,risk_aligned_declaration_witness,0.984999999999998,0.9869999999999975,13392.407902125591,13392.415284280663,-0.0073821550740831,-0.0073821550749972,2.775557561562892e-17,0.0390351342782509,0.0,0.0,-0.0073821550740831,-0.0073821550740831,0.0,1,0.7505441334261472,0.7505441172229452,1.0000000000000002,1.0000000000000002,37,True
62,32,5984,2be9ba53c0d1806a1502dff5b57ef3767bd09fabf655634cb844d9f2ac2087c0,0,full_declared_day,153f2686a97e34b41099eda91952d787a1cd6c17a5aa81869ab7d08d479584be,153f2686a97e34b41099eda91952d787a1cd6c17a5aa81869ab7d08d479584be,risk_aligned_declaration_witness,0.981999999999998,0.9869999999999975,13392.39682889298,13392.423413878128,-0.026584985149384,-0.0265849851499972,0.0,0.1263520461398938,0.0,0.0,-0.026584985149384,-0.026584985149384,0.0,1,0.7505441820357533,0.7505441334261472,1.0000000000000004,1.0000000000000002,37,True
62,33,5985,2be9ba53c0d1806a1502dff5b57ef3767bd09fabf655634cb844d9f2ac2087c0,0,full_declared_day,153f2686a97e34b41099eda91952d787a1cd6c17a5aa81869ab7d08d479584be,153f2686a97e34b41099eda91952d787a1cd6c17a5aa81869ab7d08d479584be,risk_aligned_declaration_witness,0.982999999999998,0.9829999999999977,13392.399922075054,13392.399922075054,0.0,2.7466302988943256e-15,1.52655665885959e-16,0.0599494608867686,0.0,0.0,0.0,0.0,0.0,0,0.7505444258105853,0.7505444258105853,1.0000000000000004,1.0000000000000004,37,True
62,34,5986,2be9ba53c0d1806a1502dff5b57ef3767bd09fabf655634cb844d9f2ac2087c0,0,full_declared_day,153f2686a97e34b41099eda91952d787a1cd6c17a5aa81869ab7d08d479584be,153f2686a97e34b41099eda91952d787a1cd6c17a5aa81869ab7d08d479584be,risk_aligned_declaration_witness,0.980999999999998,0.9809999999999977,13392.376280725051,13392.376280725051,0.0,2.7466302988943256e-15,1.52655665885959e-16,0.0733652972059193,0.0,0.0,0.0,0.0,0.0,0,0.7505444258105853,0.7505444258105853,1.0000000000000004,1.0000000000000004,37,True
62,35,5987,2be9ba53c0d1806a1502dff5b57ef3767bd09fabf655634cb844d9f2ac2087c0,0,full_declared_day,153f2686a97e34b41099eda91952d787a1cd6c17a5aa81869ab7d08d479584be,153f2686a97e34b41099eda91952d787a1cd6c17a5aa81869ab7d08d479584be,risk_aligned_declaration_witness,0.941999999999998,0.9419999999999976,13392.153183369304,13392.153183369304,0.0,2.7466302988943256e-15,1.52655665885959e-16,0.046762637254364,0.0,0.0,0.0,0.0,0.0,0,0.7505470255909261,0.7505470255909261,1.0000000000000004,1.0000000000000004,37,True
62,36,5988,2be9ba53c0d1806a1502dff5b57ef3767bd09fabf655634cb844d9f2ac2087c0,0,full_declared_day,153f2686a97e34b41099eda91952d787a1cd6c17a5aa81869ab7d08d479584be,153f2686a97e34b41099eda91952d787a1cd6c17a5aa81869ab7d08d479584be,risk_aligned_declaration_witness,0.941999999999998,0.9419999999999976,13392.153183369304,13392.153183369304,0.0,2.7466302988943256e-15,1.52655665885959e-16,0.018596601737633,0.0,0.0,0.0,0.0,0.0,0,0.7505470255909261,0.7505470255909261,1.0000000000000004,1.0000000000000004,37,True
62,37,5989,2be9ba53c0d1806a1502dff5b57ef3767bd09fabf655634cb844d9f2ac2087c0,0,full_declared_day,153f2686a97e34b41099eda91952d787a1cd6c17a5aa81869ab7d08d479584be,153f2686a97e34b41099eda91952d787a1cd6c17a5aa81869ab7d08d479584be,risk_aligned_declaration_witness,0.937999999999998,0.9379999999999976,13392.121561968766,13392.121561968766,0.0,2.7466302988943256e-15,1.52655665885959e-16,0.0937174067904058,0.0,0.0,0.0,0.0,0.0,0,0.7505472855689602,0.7505472855689602,1.0000000000000004,1.0000000000000004,37,True
62,38,5990,2be9ba53c0d1806a1502dff5b57ef3767bd09fabf655634cb844d9f2ac2087c0,0,full_declared_day,153f2686a97e34b41099eda91952d787a1cd6c17a5aa81869ab7d08d479584be,153f2686a97e34b41099eda91952d787a1cd6c17a5aa81869ab7d08d479584be,risk_aligned_declaration_witness,0.936999999999998,0.9369999999999976,13392.117870891228,13392.117870891228,0.0,2.7466302988943256e-15,1.52655665885959e-16,0.0,0.0,0.0,0.0,0.0,0.0,0,0.7505472855689602,0.7505472855689602,1.0000000000000004,1.0000000000000004,37,True
62,39,5991,2be9ba53c0d1806a1502dff5b57ef3767bd09fabf655634cb844d9f2ac2087c0,0,full_declared_day,153f2686a97e34b41099eda91952d787a1cd6c17a5aa81869ab7d08d479584be,153f2686a97e34b41099eda91952d787a1cd6c17a5aa81869ab7d08d479584be,risk_aligned_declaration_witness,0.935999999999998,0.9339999999999976,13392.105452320766,13392.098070165692,0.0073821550740831,0.0073821550750027,0.0005000000000001,0.0,0.0,0.0,0.0073821550740831,0.0073821550740831,0.0073821550740831,0,0.7505475293437921,0.7505475293437921,1.0000000000000004,1.0000000000000004,37,True
62,40,5992,2be9ba53c0d1806a1502dff5b57ef3767bd09fabf655634cb844d9f2ac2087c0,0,full_declared_day,153f2686a97e34b41099eda91952d787a1cd6c17a5aa81869ab7d08d479584be,153f2686a97e34b41099eda91952d787a1cd6c17a5aa81869ab7d08d479584be,risk_aligned_declaration_witness,0.937999999999998,0.9339999999999976,13392.112834475842,13392.098070165692,0.0147643101499852,0.0147643101500027,0.0010000000000001,0.0,0.0,0.0,0.0147643101499852,0.0147643101499852,0.0147643101499852,0,0.7505474969373881,0.7505475293437921,1.0000000000000002,1.0000000000000004,37,True
62,41,5993,2be9ba53c0d1806a1502dff5b57ef3767bd09fabf655634cb844d9f2ac2087c0,0,full_declared_day,153f2686a97e34b41099eda91952d787a1cd6c17a5aa81869ab7d08d479584be,153f2686a97e34b41099eda91952d787a1cd6c17a5aa81869ab7d08d479584be,risk_aligned_declaration_witness,0.933999999999998,0.9319999999999976,13392.097472270229,13392.090090115153,0.0073821550759021,0.0073821550750027,0.0005000000000001,0.0,0.0,0.0,0.0073821550759021,0.0073821550759021,0.0073821550759021,0,0.7505477569154223,0.7505477893218263,1.0000000000000004,1.0000000000000004,37,True
62,42,5994,2be9ba53c0d1806a1502dff5b57ef3767bd09fabf655634cb844d9f2ac2087c0,0,full_declared_day,153f2686a97e34b41099eda91952d787a1cd6c17a5aa81869ab7d08d479584be,153f2686a97e34b41099eda91952d787a1cd6c17a5aa81869ab7d08d479584be,risk_aligned_declaration_witness,0.931999999999998,0.9319999999999976,13392.090090115153,13392.090090115153,0.0,2.7466302988943256e-15,1.52655665885959e-16,0.0,0.0,0.0,0.0,0.0,0.0,0,0.7505477893218263,0.7505477893218263,1.0000000000000004,1.0000000000000004,37,True
62,43,5995,2be9ba53c0d1806a1502dff5b57ef3767bd09fabf655634cb844d9f2ac2087c0,0,full_declared_day,153f2686a97e34b41099eda91952d787a1cd6c17a5aa81869ab7d08d479584be,153f2686a97e34b41099eda91952d787a1cd6c17a5aa81869ab7d08d479584be,risk_aligned_declaration_witness,0.940999999999998,0.9409999999999976,13392.132635201378,13392.132635201378,0.0,2.7466302988943256e-15,1.52655665885959e-16,0.0827357087286233,0.0,0.0,0.0,0.0,0.0,0,0.750547253162556,0.750547253162556,1.0000000000000002,1.0000000000000002,37,True
62,44,5996,2be9ba53c0d1806a1502dff5b57ef3767bd09fabf655634cb844d9f2ac2087c0,0,full_declared_day,153f2686a97e34b41099eda91952d787a1cd6c17a5aa81869ab7d08d479584be,153f2686a97e34b41099eda91952d787a1cd6c17a5aa81869ab7d08d479584be,risk_aligned_declaration_witness,0.953999999999998,0.9579999999999976,13392.200465777065,13392.215230087217,-0.0147643101518042,-0.0147643101499972,2.775557561562892e-17,0.1736400252697196,0.0,0.0,-0.0147643101518042,-0.0147643101518042,0.0,1,0.7505457419039574,0.7505457094975532,1.0,1.0,37,True
62,45,5997,2be9ba53c0d1806a1502dff5b57ef3767bd09fabf655634cb844d9f2ac2087c0,0,full_declared_day,153f2686a97e34b41099eda91952d787a1cd6c17a5aa81869ab7d08d479584be,153f2686a97e34b41099eda91952d787a1cd6c17a5aa81869ab7d08d479584be,risk_aligned_declaration_witness,0.954999999999998,0.9589999999999976,13392.212286452066,13392.227050762216,-0.0147643101499852,-0.0147643101499972,2.775557561562892e-17,0.1812932691429666,0.0,0.0,-0.0147643101499852,-0.0147643101499852,0.0,1,0.7505457419039574,0.7505457094975533,1.0,1.0,37,True
62,46,5998,2be9ba53c0d1806a1502dff5b57ef3767bd09fabf655634cb844d9f2ac2087c0,0,full_declared_day,153f2686a97e34b41099eda91952d787a1cd6c17a5aa81869ab7d08d479584be,153f2686a97e34b41099eda91952d787a1cd6c17a5aa81869ab7d08d479584be,risk_aligned_declaration_witness,0.950999999999998,0.9509999999999976,13392.211987650457,13392.211987650457,0.0,2.7466302988943256e-15,1.52655665885959e-16,0.1548084194844519,0.0,0.0,0.0,0.0,0.0,0,0.7505464570252515,0.7505464570252515,1.0,1.0,37,True
62,47,5999,2be9ba53c0d1806a1502dff5b57ef3767bd09fabf655634cb844d9f2ac2087c0,0,full_declared_day,153f2686a97e34b41099eda91952d787a1cd6c17a5aa81869ab7d08d479584be,153f2686a97e34b41099eda91952d787a1cd6c17a5aa81869ab7d08d479584be,risk_aligned_declaration_witness,0.950999999999998,0.9509999999999976,13392.195130560069,13392.195130560069,0.0,2.7466302988943256e-15,1.52655665885959e-16,0.1558210845942223,0.0,0.0,0.0,0.0,0.0,0,0.7505466845968815,0.7505466845968815,1.0,1.0,37,True
62,48,6000,2be9ba53c0d1806a1502dff5b57ef3767bd09fabf655634cb844d9f2ac2087c0,0,full_declared_day,153f2686a97e34b41099eda91952d787a1cd6c17a5aa81869ab7d08d479584be,153f2686a97e34b41099eda91952d787a1cd6c17a5aa81869ab7d08d479584be,risk_aligned_declaration_witness,0.945999999999998,0.9459999999999976,13392.167947679452,13392.167947679452,0.0,2.7466302988943256e-15,1.52655665885959e-16,0.174821517318948,0.0,0.0,0.0,0.0,0.0,0,0.7505469445749157,0.7505469445749157,1.0,1.0,37,True
62,49,6001,2be9ba53c0d1806a1502dff5b57ef3767bd09fabf655634cb844d9f2ac2087c0,0,full_declared_day,153f2686a97e34b41099eda91952d787a1cd6c17a5aa81869ab7d08d479584be,153f2686a97e34b41099eda91952d787a1cd6c17a5aa81869ab7d08d479584be,risk_aligned_declaration_witness,0.947999999999998,0.9469999999999976,13392.17532983453,13392.171638756992,0.003691077537951,0.0036910775375027,0.0002500000000001,0.1350195808294783,0.0,0.0,0.003691077537951,0.003691077537951,0.003691077537951,0,0.7505469607781177,0.7505469607781177,1.0,1.0,37,True
62,50,6002,2be9ba53c0d1806a1502dff5b57ef3767bd09fabf655634cb844d9f2ac2087c0,0,full_declared_day,153f2686a97e34b41099eda91952d787a1cd6c17a5aa81869ab7d08d479584be,153f2686a97e34b41099eda91952d787a1cd6c17a5aa81869ab7d08d479584be,risk_aligned_declaration_witness,0.950999999999998,0.9419999999999976,13392.195728455528,13392.14505377184,0.050674683687248,0.0506746836875027,0.0022500000000001,0.0,0.0,0.0,0.050674683687248,0.050674683687248,0.050674683687248,0,0.7505464570252514,0.7505469931845219,1.0,1.0000000000000004,37,True
62,51,6003,2be9ba53c0d1806a1502dff5b57ef3767bd09fabf655634cb844d9f2ac2087c0,0,full_declared_day,153f2686a97e34b41099eda91952d787a1cd6c17a5aa81869ab7d08d479584be,153f2686a97e34b41099eda91952d787a1cd6c17a5aa81869ab7d08d479584be,risk_aligned_declaration_witness,0.960999999999998,0.9499999999999976,13392.267549202605,13392.200764870917,0.0667843316896323,0.0667843316875028,0.0027500000000001,0.0,0.0,0.0,0.0667843316896323,0.0667843316896323,0.0667843316896323,0,0.7505454495195193,0.7505462294536215,1.0,1.0,37,True
62,52,6004,2be9ba53c0d1806a1502dff5b57ef3767bd09fabf655634cb844d9f2ac2087c0,0,full_declared_day,153f2686a97e34b41099eda91952d787a1cd6c17a5aa81869ab7d08d479584be,153f2686a97e34b41099eda91952d787a1cd6c17a5aa81869ab7d08d479584be,risk_aligned_declaration_witness,0.8839999999999979,0.8719999999999974,13391.808786373716,13391.738310964492,0.0704754092239454,0.0704754092250028,0.0030000000000001,0.0,0.0,0.0,0.0704754092239454,0.0704754092239454,0.0704754092239454,0,0.7505506166737964,0.750551412811101,1.0,1.0000000000000004,37,True
62,53,6005,2be9ba53c0d1806a1502dff5b57ef3767bd09fabf655634cb844d9f2ac2087c0,0,full_declared_day,153f2686a97e34b41099eda91952d787a1cd6c17a5aa81869ab7d08d479584be,153f2686a97e34b41099eda91952d787a1cd6c17a5aa81869ab7d08d479584be,risk_aligned_declaration_witness,0.905999999999998,0.8969999999999975,13391.935421230552,13391.884746546866,0.050674683687248,0.0506746836875027,0.0022500000000001,0.0,0.0,0.0,0.050674683687248,0.050674683687248,0.050674683687248,0,0.75054858545913,0.7505491378216023,1.0,1.0,37,True
62,54,6006,2be9ba53c0d1806a1502dff5b57ef3767bd09fabf655634cb844d9f2ac2087c0,0,full_declared_day,153f2686a97e34b41099eda91952d787a1cd6c17a5aa81869ab7d08d479584be,153f2686a97e34b41099eda91952d787a1cd6c17a5aa81869ab7d08d479584be,risk_aligned_declaration_witness,0.898999999999998,0.8889999999999975,13391.853274401015,13391.790181146867,0.0630932541480433,0.0630932541500028,0.0025000000000001,0.0,0.0,0.0,0.0630932541480433,0.0630932541480433,0.0630932541480433,0,0.7505483578875001,0.7505491378216023,1.0,1.0,37,True
62,55,6007,2be9ba53c0d1806a1502dff5b57ef3767bd09fabf655634cb844d9f2ac2087c0,0,full_declared_day,153f2686a97e34b41099eda91952d787a1cd6c17a5aa81869ab7d08d479584be,153f2686a97e34b41099eda91952d787a1cd6c17a5aa81869ab7d08d479584be,risk_aligned_declaration_witness,0.900999999999998,0.8899999999999975,13391.876915751016,13391.793872224403,0.0830435266107088,0.0830435266125028,0.0027500000000001,0.0,0.0,0.0,0.0830435266107088,0.0830435266107088,0.0830435266107088,0,0.7505483578875001,0.7505491216184003,1.0,1.0,37,True
62,56,6008,2be9ba53c0d1806a1502dff5b57ef3767bd09fabf655634cb844d9f2ac2087c0,0,full_declared_day,153f2686a97e34b41099eda91952d787a1cd6c17a5aa81869ab7d08d479584be,153f2686a97e34b41099eda91952d787a1cd6c17a5aa81869ab7d08d479584be,risk_aligned_declaration_witness,0.896999999999998,0.8979999999999975,13391.852228157017,13391.855919234553,-0.003691077537951,-0.0036910775374972,1.52655665885959e-16,0.1088860996945194,0.0,0.0,-0.003691077537951,-0.003691077537951,0.0,1,0.750549089211996,0.7505490892119965,1.0,1.0000000000000004,37,True
62,57,6009,2be9ba53c0d1806a1502dff5b57ef3767bd09fabf655634cb844d9f2ac2087c0,0,full_declared_day,153f2686a97e34b41099eda91952d787a1cd6c17a5aa81869ab7d08d479584be,153f2686a97e34b41099eda91952d787a1cd6c17a5aa81869ab7d08d479584be,risk_aligned_declaration_witness,0.880999999999998,0.8839999999999975,13391.750729242718,13391.778061670257,-0.0273324275367485,-0.0273324275374972,1.249000902703301e-16,0.1509483053763752,0.0,0.0,-0.0273324275367485,-0.0273324275367485,0.0,1,0.7505498691460987,0.7505498691460983,1.0000000000000002,1.0,37,True
62,58,6010,2be9ba53c0d1806a1502dff5b57ef3767bd09fabf655634cb844d9f2ac2087c0,0,full_declared_day,153f2686a97e34b41099eda91952d787a1cd6c17a5aa81869ab7d08d479584be,153f2686a97e34b41099eda91952d787a1cd6c17a5aa81869ab7d08d479584be,risk_aligned_declaration_witness,0.8539999999999979,0.8469999999999974,13391.589379803268,13391.546087274655,0.0432925286113459,0.0432925286125027,0.0017500000000001,0.1226393499770112,0.0,0.0,0.0432925286113459,0.0432925286113459,0.0432925286113459,0,0.7505519327671691,0.7505524527232372,1.0000000000000002,1.0000000000000002,37,True
62,59,6011,2be9ba53c0d1806a1502dff5b57ef3767bd09fabf655634cb844d9f2ac2087c0,0,full_declared_day,153f2686a97e34b41099eda91952d787a1cd6c17a5aa81869ab7d08d479584be,153f2686a97e34b41099eda91952d787a1cd6c17a5aa81869ab7d08d479584be,risk_aligned_declaration_witness,0.8479999999999979,0.8409999999999974,13391.55910374058,13391.515811211968,0.0432925286113459,0.0432925286125027,0.0017500000000001,0.1205151633188307,0.0,0.0,0.0432925286113459,0.0432925286113459,0.0432925286113459,0,0.7505519651735733,0.7505524851296413,1.0000000000000002,1.0000000000000004,37,True
62,60,6012,2be9ba53c0d1806a1502dff5b57ef3767bd09fabf655634cb844d9f2ac2087c0,0,full_declared_day,153f2686a97e34b41099eda91952d787a1cd6c17a5aa81869ab7d08d479584be,153f2686a97e34b41099eda91952d787a1cd6c17a5aa81869ab7d08d479584be,risk_aligned_declaration_witness,0.844999999999998,0.8379999999999974,13391.531771313044,13391.48847878443,0.0432925286131649,0.0432925286125027,0.0017500000000001,0.1023146308010907,0.0,0.0,0.0432925286131649,0.0432925286131649,0.0432925286131649,0,0.7505519813767753,0.7505525013328433,1.0000000000000002,1.0000000000000002,37,True
62,61,6013,2be9ba53c0d1806a1502dff5b57ef3767bd09fabf655634cb844d9f2ac2087c0,0,full_declared_day,153f2686a97e34b41099eda91952d787a1cd6c17a5aa81869ab7d08d479584be,153f2686a97e34b41099eda91952d787a1cd6c17a5aa81869ab7d08d479584be,risk_aligned_declaration_witness,0.8089999999999979,0.8029999999999974,13391.328474682829,13391.288873231751,0.0396014510752138,0.0396014510750027,0.0015000000000001,0.0582412554865615,0.0,0.0,0.0396014510752138,0.0396014510752138,0.0396014510752138,0,0.7505543211790818,0.750554824931948,1.0000000000000004,1.0000000000000004,37,True
62,62,6014,2be9ba53c0d1806a1502dff5b57ef3767bd09fabf655634cb844d9f2ac2087c0,0,full_declared_day,153f2686a97e34b41099eda91952d787a1cd6c17a5aa81869ab7d08d479584be,153f2686a97e34b41099eda91952d787a1cd6c17a5aa81869ab7d08d479584be,risk_aligned_declaration_witness,0.7719999999999978,0.7659999999999973,13391.105227780154,13391.065626329078,0.0396014510752138,0.0396014510750027,0.0015000000000001,0.1041633352319538,0.0,0.0,0.0396014510752138,0.0396014510752138,0.0396014510752138,0,0.750556660981388,0.750557164734254,1.0,1.0,37,True
62,63,6015,2be9ba53c0d1806a1502dff5b57ef3767bd09fabf655634cb844d9f2ac2087c0,0,full_declared_day,153f2686a97e34b41099eda91952d787a1cd6c17a5aa81869ab7d08d479584be,153f2686a97e34b41099eda91952d787a1cd6c17a5aa81869ab7d08d479584be,risk_aligned_declaration_witness,0.7389999999999979,0.7329999999999973,13390.913602278017,13390.87400082694,0.0396014510733948,0.0396014510750027,0.0015000000000001,0.1163374239054619,0.0,0.0,0.0396014510733948,0.0396014510733948,0.0396014510733948,0,0.750558740805661,0.7505592445585269,1.0000000000000004,1.0000000000000002,37,True
62,64,6016,2be9ba53c0d1806a1502dff5b57ef3767bd09fabf655634cb844d9f2ac2087c0,1,full_declared_day,153f2686a97e34b41099eda91952d787a1cd6c17a5aa81869ab7d08d479584be,153f2686a97e34b41099eda91952d787a1cd6c17a5aa81869ab7d08d479584be,risk_aligned_declaration_witness,0.7389999999999979,0.7319999999999973,13390.913602278017,13390.870309749404,0.0432925286113459,0.0432925286125027,0.0017500000000001,0.1184487892112864,0.0012500000000001,0.1875000000000189,0.2307925286113648,0.2307925286113648,0.2307925286113648,0,0.750558740805661,0.7505592607617289,1.0000000000000004,1.0000000000000002,37,True
62,65,6017,2be9ba53c0d1806a1502dff5b57ef3767bd09fabf655634cb844d9f2ac2087c0,1,full_declared_day,153f2686a97e34b41099eda91952d787a1cd6c17a5aa81869ab7d08d479584be,153f2686a97e34b41099eda91952d787a1cd6c17a5aa81869ab7d08d479584be,risk_aligned_declaration_witness,0.7389999999999979,0.7319999999999973,13390.913602278017,13390.870309749404,0.0432925286113459,0.0432925286125027,0.0017500000000001,0.1093916803149666,0.0012500000000001,0.1875000000000189,0.2307925286113648,0.2307925286113648,0.2307925286113648,0,0.750558740805661,0.7505592607617289,1.0000000000000004,1.0000000000000002,37,True
62,66,6018,2be9ba53c0d1806a1502dff5b57ef3767bd09fabf655634cb844d9f2ac2087c0,1,full_declared_day,153f2686a97e34b41099eda91952d787a1cd6c17a5aa81869ab7d08d479584be,153f2686a97e34b41099eda91952d787a1cd6c17a5aa81869ab7d08d479584be,risk_aligned_declaration_witness,0.7369999999999979,0.7299999999999973,13390.90562222748,13390.862329698868,0.0432925286113459,0.0432925286125027,0.0017500000000001,0.0484305913564947,0.0012500000000001,0.1875000000000189,0.2307925286113648,0.2307925286113648,0.2307925286113648,0,0.7505590007836948,0.750559520739763,1.0000000000000002,1.0000000000000002,37,True
62,67,6019,2be9ba53c0d1806a1502dff5b57ef3767bd09fabf655634cb844d9f2ac2087c0,1,full_declared_day,153f2686a97e34b41099eda91952d787a1cd6c17a5aa81869ab7d08d479584be,153f2686a97e34b41099eda91952d787a1cd6c17a5aa81869ab7d08d479584be,risk_aligned_declaration_witness,0.7339999999999978,0.7269999999999973,13390.88522360648,13390.841931077866,0.0432925286131649,0.0432925286125027,0.0017500000000001,0.0297093833047674,0.0012500000000001,0.1875000000000189,0.2307925286131838,0.2307925286131838,0.2307925286131838,0,0.750559488333359,0.750560008289427,1.0000000000000002,1.0000000000000002,37,True
62,68,6020,2be9ba53c0d1806a1502dff5b57ef3767bd09fabf655634cb844d9f2ac2087c0,1,full_declared_day,153f2686a97e34b41099eda91952d787a1cd6c17a5aa81869ab7d08d479584be,153f2686a97e34b41099eda91952d787a1cd6c17a5aa81869ab7d08d479584be,risk_aligned_declaration_witness,0.7259999999999978,0.7189999999999973,13390.829512507404,13390.78621997879,0.0432925286131649,0.0432925286125027,0.0017500000000001,0.0498306758786705,0.0012500000000001,0.1875000000000189,0.2307925286131838,0.2307925286131838,0.2307925286131838,0,0.7505602358610572,0.7505607558171252,1.0000000000000002,1.0000000000000002,37,True
62,69,6021,2be9ba53c0d1806a1502dff5b57ef3767bd09fabf655634cb844d9f2ac2087c0,1,full_declared_day,153f2686a97e34b41099eda91952d787a1cd6c17a5aa81869ab7d08d479584be,153f2686a97e34b41099eda91952d787a1cd6c17a5aa81869ab7d08d479584be,risk_aligned_declaration_witness,0.7259999999999978,0.7189999999999973,13390.829512507404,13390.78621997879,0.0432925286131649,0.0432925286125027,0.0017500000000001,0.0050692339899802,0.00075,0.1125000000000001,0.155792528613165,0.155792528613165,0.155792528613165,0,0.7505602358610572,0.7505607558171252,1.0000000000000002,1.0000000000000002,37,True
62,70,6022,2be9ba53c0d1806a1502dff5b57ef3767bd09fabf655634cb844d9f2ac2087c0,1,full_declared_day,153f2686a97e34b41099eda91952d787a1cd6c17a5aa81869ab7d08d479584be,153f2686a97e34b41099eda91952d787a1cd6c17a5aa81869ab7d08d479584be,risk_aligned_declaration_witness,0.7219999999999978,0.7149999999999973,13390.81415030179,13390.77085777318,0.0432925286113459,0.0432925286125027,0.0017500000000001,0.0635866754478841,0.0012500000000001,0.1875000000000189,0.2307925286113648,0.2307925286113648,0.2307925286113648,0,0.7505605282454954,0.7505610482015634,1.0000000000000002,1.0000000000000002,37,True
62,71,6023,2be9ba53c0d1806a1502dff5b57ef3767bd09fabf655634cb844d9f2ac2087c0,1,full_declared_day,153f2686a97e34b41099eda91952d787a1cd6c17a5aa81869ab7d08d479584be,153f2686a97e34b41099eda91952d787a1cd6c17a5aa81869ab7d08d479584be,risk_aligned_declaration_witness,0.7219999999999978,0.7149999999999973,13390.81415030179,13390.77085777318,0.0432925286113459,0.0432925286125027,0.0017500000000001,0.0725524607311966,0.0012500000000001,0.1875000000000189,0.2307925286113648,0.2307925286113648,0.2307925286113648,0,0.7505605282454954,0.7505610482015634,1.0000000000000002,1.0000000000000002,37,True
62,72,6024,2be9ba53c0d1806a1502dff5b57ef3767bd09fabf655634cb844d9f2ac2087c0,0,full_declared_day,153f2686a97e34b41099eda91952d787a1cd6c17a5aa81869ab7d08d479584be,153f2686a97e34b41099eda91952d787a1cd6c17a5aa81869ab7d08d479584be,risk_aligned_declaration_witness,0.7179999999999978,0.7179999999999973,13390.78193100579,13390.78193100579,0.0,2.7466302988943256e-15,1.52655665885959e-16,0.0,0.0,0.0,0.0,0.0,0.0,0,0.7505610157951594,0.7505610157951594,1.0000000000000002,1.0000000000000002,37,True
62,73,6025,2be9ba53c0d1806a1502dff5b57ef3767bd09fabf655634cb844d9f2ac2087c0,0,full_declared_day,153f2686a97e34b41099eda91952d787a1cd6c17a5aa81869ab7d08d479584be,153f2686a97e34b41099eda91952d787a1cd6c17a5aa81869ab7d08d479584be,risk_aligned_declaration_witness,0.7139999999999977,0.7139999999999973,13390.76716669564,13390.76716669564,0.0,2.7466302988943256e-15,1.52655665885959e-16,0.0,0.0,0.0,0.0,0.0,0.0,0,0.7505610482015633,0.7505610482015633,1.0000000000000002,1.0000000000000002,37,True
62,74,6026,2be9ba53c0d1806a1502dff5b57ef3767bd09fabf655634cb844d9f2ac2087c0,0,full_declared_day,153f2686a97e34b41099eda91952d787a1cd6c17a5aa81869ab7d08d479584be,153f2686a97e34b41099eda91952d787a1cd6c17a5aa81869ab7d08d479584be,risk_aligned_declaration_witness,0.7069999999999979,0.7139999999999973,13390.723874167028,13390.76716669564,-0.0432925286131649,-0.0432925286124972,0.0,0.0261696702056257,0.0,0.0,-0.0432925286131649,-0.0432925286131649,0.0,1,0.7505615681576316,0.7505610482015633,1.0000000000000004,1.0000000000000002,37,True
62,75,6027,2be9ba53c0d1806a1502dff5b57ef3767bd09fabf655634cb844d9f2ac2087c0,0,full_declared_day,153f2686a97e34b41099eda91952d787a1cd6c17a5aa81869ab7d08d479584be,153f2686a97e34b41099eda91952d787a1cd6c17a5aa81869ab7d08d479584be,risk_aligned_declaration_witness,0.7069999999999979,0.7139999999999973,13390.723874167028,13390.76716669564,-0.0432925286131649,-0.0432925286124972,0.0,0.0,0.0,0.0,-0.0432925286131649,-0.0432925286131649,0.0,1,0.7505615681576316,0.7505610482015633,1.0000000000000004,1.0000000000000002,37,True
62,76,6028,2be9ba53c0d1806a1502dff5b57ef3767bd09fabf655634cb844d9f2ac2087c0,0,full_declared_day,153f2686a97e34b41099eda91952d787a1cd6c17a5aa81869ab7d08d479584be,153f2686a97e34b41099eda91952d787a1cd6c17a5aa81869ab7d08d479584be,risk_aligned_declaration_witness,0.7059999999999977,0.7129999999999973,13390.712053492029,13390.75534602064,-0.0432925286113459,-0.0432925286124972,0.0,0.0,0.0,0.0,-0.0432925286113459,-0.0432925286113459,0.0,1,0.7505615681576316,0.7505610482015633,1.0000000000000004,1.0000000000000002,37,True
62,77,6029,2be9ba53c0d1806a1502dff5b57ef3767bd09fabf655634cb844d9f2ac2087c0,0,full_declared_day,153f2686a97e34b41099eda91952d787a1cd6c17a5aa81869ab7d08d479584be,153f2686a97e34b41099eda91952d787a1cd6c17a5aa81869ab7d08d479584be,risk_aligned_declaration_witness,0.7059999999999977,0.7129999999999973,13390.712053492029,13390.75534602064,-0.0432925286113459,-0.0432925286124972,0.0,0.0,0.0,0.0,-0.0432925286113459,-0.0432925286113459,0.0,1,0.7505615681576316,0.7505610482015633,1.0000000000000004,1.0000000000000002,37,True
62,78,6030,2be9ba53c0d1806a1502dff5b57ef3767bd09fabf655634cb844d9f2ac2087c0,0,full_declared_day,153f2686a97e34b41099eda91952d787a1cd6c17a5aa81869ab7d08d479584be,153f2686a97e34b41099eda91952d787a1cd6c17a5aa81869ab7d08d479584be,risk_aligned_declaration_witness,0.6979999999999977,0.7049999999999973,13390.682524871729,13390.72581740034,-0.0432925286113459,-0.0432925286124972,0.0,0.0,0.0,0.0,-0.0432925286113459,-0.0432925286113459,0.0,1,0.7505615681576312,0.750561048201563,1.0,1.0,37,True
62,79,6031,2be9ba53c0d1806a1502dff5b57ef3767bd09fabf655634cb844d9f2ac2087c0,0,full_declared_day,153f2686a97e34b41099eda91952d787a1cd6c17a5aa81869ab7d08d479584be,153f2686a97e34b41099eda91952d787a1cd6c17a5aa81869ab7d08d479584be,risk_aligned_declaration_witness,0.6979999999999977,0.7049999999999973,13390.682524871729,13390.72581740034,-0.0432925286113459,-0.0432925286124972,0.0,0.0,0.0,0.0,-0.0432925286113459,-0.0432925286113459,0.0,1,0.7505615681576312,0.750561048201563,1.0,1.0,37,True
62,80,6032,2be9ba53c0d1806a1502dff5b57ef3767bd09fabf655634cb844d9f2ac2087c0,0,full_declared_day,153f2686a97e34b41099eda91952d787a1cd6c17a5aa81869ab7d08d479584be,153f2686a97e34b41099eda91952d787a1cd6c17a5aa81869ab7d08d479584be,risk_aligned_declaration_witness,0.6979999999999977,0.7049999999999973,13390.682524871729,13390.72581740034,-0.0432925286113459,-0.0432925286124972,0.0,0.0,0.0,0.0,-0.0432925286113459,-0.0432925286113459,0.0,1,0.7505615681576312,0.750561048201563,1.0,1.0,37,True
62,81,6033,2be9ba53c0d1806a1502dff5b57ef3767bd09fabf655634cb844d9f2ac2087c0,0,full_declared_day,153f2686a97e34b41099eda91952d787a1cd6c17a5aa81869ab7d08d479584be,153f2686a97e34b41099eda91952d787a1cd6c17a5aa81869ab7d08d479584be,risk_aligned_declaration_witness,0.6979999999999977,0.7049999999999973,13390.682524871729,13390.72581740034,-0.0432925286113459,-0.0432925286124972,0.0,0.0,0.0,0.0,-0.0432925286113459,-0.0432925286113459,0.0,1,0.7505615681576312,0.750561048201563,1.0,1.0,37,True
62,82,6034,2be9ba53c0d1806a1502dff5b57ef3767bd09fabf655634cb844d9f2ac2087c0,0,full_declared_day,153f2686a97e34b41099eda91952d787a1cd6c17a5aa81869ab7d08d479584be,153f2686a97e34b41099eda91952d787a1cd6c17a5aa81869ab7d08d479584be,risk_aligned_declaration_witness,0.6979999999999977,0.7049999999999973,13390.682524871729,13390.72581740034,-0.0432925286113459,-0.0432925286124972,0.0,0.0,0.0,0.0,-0.0432925286113459,-0.0432925286113459,0.0,1,0.7505615681576312,0.750561048201563,1.0,1.0,37,True
62,83,6035,2be9ba53c0d1806a1502dff5b57ef3767bd09fabf655634cb844d9f2ac2087c0,0,full_declared_day,153f2686a97e34b41099eda91952d787a1cd6c17a5aa81869ab7d08d479584be,153f2686a97e34b41099eda91952d787a1cd6c17a5aa81869ab7d08d479584be,risk_aligned_declaration_witness,0.6979999999999977,0.7049999999999973,13390.682524871729,13390.72581740034,-0.0432925286113459,-0.0432925286124972,0.0,0.0651077185175841,0.0,0.0,-0.0432925286113459,-0.0432925286113459,0.0,1,0.7505615681576312,0.750561048201563,1.0,1.0,37,True
62,84,6036,2be9ba53c0d1806a1502dff5b57ef3767bd09fabf655634cb844d9f2ac2087c0,0,full_declared_day,153f2686a97e34b41099eda91952d787a1cd6c17a5aa81869ab7d08d479584be,153f2686a97e34b41099eda91952d787a1cd6c17a5aa81869ab7d08d479584be,risk_aligned_declaration_witness,0.6969999999999978,0.7039999999999973,13390.67883379419,13390.722126322802,-0.0432925286113459,-0.0432925286124972,0.0,0.0,0.0,0.0,-0.0432925286113459,-0.0432925286113459,0.0,1,0.7505615681576312,0.7505610482015631,1.0,1.0,37,True
62,85,6037,2be9ba53c0d1806a1502dff5b57ef3767bd09fabf655634cb844d9f2ac2087c0,0,full_declared_day,153f2686a97e34b41099eda91952d787a1cd6c17a5aa81869ab7d08d479584be,153f2686a97e34b41099eda91952d787a1cd6c17a5aa81869ab7d08d479584be,risk_aligned_declaration_witness,0.6969999999999978,0.7039999999999973,13390.67883379419,13390.722126322802,-0.0432925286113459,-0.0432925286124972,0.0,0.0101635731251838,0.0,0.0,-0.0432925286113459,-0.0432925286113459,0.0,1,0.7505615681576312,0.7505610482015631,1.0,1.0,37,True
62,86,6038,2be9ba53c0d1806a1502dff5b57ef3767bd09fabf655634cb844d9f2ac2087c0,0,full_declared_day,153f2686a97e34b41099eda91952d787a1cd6c17a5aa81869ab7d08d479584be,153f2686a97e34b41099eda91952d787a1cd6c17a5aa81869ab7d08d479584be,risk_aligned_declaration_witness,0.6969999999999978,0.7039999999999973,13390.67883379419,13390.722126322802,-0.0432925286113459,-0.0432925286124972,0.0,0.0266048809185935,0.0,0.0,-0.0432925286113459,-0.0432925286113459,0.0,1,0.7505615681576312,0.7505610482015631,1.0,1.0,37,True
62,87,6039,2be9ba53c0d1806a1502dff5b57ef3767bd09fabf655634cb844d9f2ac2087c0,0,full_declared_day,153f2686a97e34b41099eda91952d787a1cd6c17a5aa81869ab7d08d479584be,153f2686a97e34b41099eda91952d787a1cd6c17a5aa81869ab7d08d479584be,risk_aligned_declaration_witness,0.6949999999999978,0.7019999999999973,13390.670853743652,13390.714146272268,-0.0432925286131649,-0.0432925286124972,0.0,0.0,0.0,0.0,-0.0432925286131649,-0.0432925286131649,0.0,1,0.7505618281356652,0.7505613081795971,1.0,1.0,37,True
62,88,6040,2be9ba53c0d1806a1502dff5b57ef3767bd09fabf655634cb844d9f2ac2087c0,0,full_declared_day,153f2686a97e34b41099eda91952d787a1cd6c17a5aa81869ab7d08d479584be,153f2686a97e34b41099eda91952d787a1cd6c17a5aa81869ab7d08d479584be,risk_aligned_declaration_witness,0.6929999999999978,0.6999999999999973,13390.655341991118,13390.698634519727,-0.0432925286095269,-0.0432925286124972,0.0,0.0,0.0,0.0,-0.0432925286095269,-0.0432925286095269,0.0,1,0.7505618281356655,0.7505613081795971,1.0000000000000002,1.0,37,True
62,89,6041,2be9ba53c0d1806a1502dff5b57ef3767bd09fabf655634cb844d9f2ac2087c0,0,full_declared_day,153f2686a97e34b41099eda91952d787a1cd6c17a5aa81869ab7d08d479584be,153f2686a97e34b41099eda91952d787a1cd6c17a5aa81869ab7d08d479584be,risk_aligned_declaration_witness,0.6929999999999978,0.6999999999999973,13390.655341991118,13390.698634519727,-0.0432925286095269,-0.0432925286124972,0.0,0.0,0.0,0.0,-0.0432925286095269,-0.0432925286095269,0.0,1,0.7505618281356655,0.7505613081795971,1.0000000000000002,1.0,37,True
62,90,6042,2be9ba53c0d1806a1502dff5b57ef3767bd09fabf655634cb844d9f2ac2087c0,0,full_declared_day,153f2686a97e34b41099eda91952d787a1cd6c17a5aa81869ab7d08d479584be,153f2686a97e34b41099eda91952d787a1cd6c17a5aa81869ab7d08d479584be,risk_aligned_declaration_witness,0.6899999999999977,0.6969999999999973,13390.628009563578,13390.671302092192,-0.0432925286149838,-0.0432925286124972,0.0,0.0220335743260226,0.0,0.0,-0.0432925286149838,-0.0432925286149838,0.0,1,0.7505618443388676,0.7505613243827991,1.0000000000000002,1.0,37,True
62,91,6043,2be9ba53c0d1806a1502dff5b57ef3767bd09fabf655634cb844d9f2ac2087c0,0,full_declared_day,153f2686a97e34b41099eda91952d787a1cd6c17a5aa81869ab7d08d479584be,153f2686a97e34b41099eda91952d787a1cd6c17a5aa81869ab7d08d479584be,risk_aligned_declaration_witness,0.6899999999999977,0.6969999999999973,13390.628009563578,13390.671302092192,-0.0432925286149838,-0.0432925286124972,0.0,0.0034163096713984,0.0,0.0,-0.0432925286149838,-0.0432925286149838,0.0,1,0.7505618443388676,0.7505613243827991,1.0000000000000002,1.0,37,True
62,92,6044,2be9ba53c0d1806a1502dff5b57ef3767bd09fabf655634cb844d9f2ac2087c0,0,full_declared_day,153f2686a97e34b41099eda91952d787a1cd6c17a5aa81869ab7d08d479584be,153f2686a97e34b41099eda91952d787a1cd6c17a5aa81869ab7d08d479584be,risk_aligned_declaration_witness,0.6899999999999977,0.6969999999999973,13390.628009563578,13390.671302092192,-0.0432925286149838,-0.0432925286124972,0.0,0.0790864848369255,0.0,0.0,-0.0432925286149838,-0.0432925286149838,0.0,1,0.7505618443388676,0.7505613243827991,1.0000000000000002,1.0,37,True
62,93,6045,2be9ba53c0d1806a1502dff5b57ef3767bd09fabf655634cb844d9f2ac2087c0,0,full_declared_day,153f2686a97e34b41099eda91952d787a1cd6c17a5aa81869ab7d08d479584be,153f2686a97e34b41099eda91952d787a1cd6c17a5aa81869ab7d08d479584be,risk_aligned_declaration_witness,0.6899999999999977,0.6969999999999973,13390.628009563578,13390.671302092192,-0.0432925286149838,-0.0432925286124972,0.0,0.0846418835471518,0.0,0.0,-0.0432925286149838,-0.0432925286149838,0.0,1,0.7505618443388676,0.7505613243827991,1.0000000000000002,1.0,37,True
62,94,6046,2be9ba53c0d1806a1502dff5b57ef3767bd09fabf655634cb844d9f2ac2087c0,0,full_declared_day,153f2686a97e34b41099eda91952d787a1cd6c17a5aa81869ab7d08d479584be,153f2686a97e34b41099eda91952d787a1cd6c17a5aa81869ab7d08d479584be,risk_aligned_declaration_witness,0.6889999999999978,0.6959999999999973,13390.62372059058,13390.667013119191,-0.0432925286113459,-0.0432925286124972,0.0,0.0,0.0,0.0,-0.0432925286113459,-0.0432925286113459,0.0,1,0.7505620881136997,0.7505615681576312,1.0000000000000002,1.0,37,True
62,95,6047,2be9ba53c0d1806a1502dff5b57ef3767bd09fabf655634cb844d9f2ac2087c0,0,full_declared_day,153f2686a97e34b41099eda91952d787a1cd6c17a5aa81869ab7d08d479584be,153f2686a97e34b41099eda91952d787a1cd6c17a5aa81869ab7d08d479584be,risk_aligned_declaration_witness,0.6879999999999977,0.6949999999999973,13390.61189991558,13390.65519244419,-0.0432925286113459,-0.0432925286124972,0.0,0.0130590168537852,0.0,0.0,-0.0432925286113459,-0.0432925286113459,0.0,1,0.7505620881136997,0.7505615681576312,1.0000000000000002,1.0,37,True
63,0,6048,2be9ba53c0d1806a1502dff5b57ef3767bd09fabf655634cb844d9f2ac2087c0,0,full_declared_day,153f2686a97e34b41099eda91952d787a1cd6c17a5aa81869ab7d08d479584be,153f2686a97e34b41099eda91952d787a1cd6c17a5aa81869ab7d08d479584be,risk_aligned_declaration_witness,0.6879999999999977,0.6879999999999973,13390.61189991558,13390.61189991558,0.0,2.7466302988943256e-15,1.52655665885959e-16,0.02361288748447,0.0,0.0,0.0,0.0,0.0,0,0.7505620881136997,0.7505620881136997,1.0000000000000002,1.0000000000000002,37,True
63,1,6049,2be9ba53c0d1806a1502dff5b57ef3767bd09fabf655634cb844d9f2ac2087c0,0,full_declared_day,153f2686a97e34b41099eda91952d787a1cd6c17a5aa81869ab7d08d479584be,153f2686a97e34b41099eda91952d787a1cd6c17a5aa81869ab7d08d479584be,risk_aligned_declaration_witness,0.6889999999999978,0.6889999999999973,13390.615590993117,13390.615590993117,0.0,2.7466302988943256e-15,1.52655665885959e-16,0.0215867112604457,0.0,0.0,0.0,0.0,0.0,0,0.7505620719104977,0.7505620719104977,1.0000000000000002,1.0000000000000002,37,True
63,2,6050,2be9ba53c0d1806a1502dff5b57ef3767bd09fabf655634cb844d9f2ac2087c0,0,full_declared_day,153f2686a97e34b41099eda91952d787a1cd6c17a5aa81869ab7d08d479584be,153f2686a97e34b41099eda91952d787a1cd6c17a5aa81869ab7d08d479584be,risk_aligned_declaration_witness,0.6959999999999977,0.6959999999999973,13390.642624326803,13390.642624326803,0.0,2.7466302988943256e-15,1.52655665885959e-16,0.0222854832309396,0.0,0.0,0.0,0.0,0.0,0,0.7505614871416211,0.7505614871416211,1.0,1.0,37,True
63,3,6051,2be9ba53c0d1806a1502dff5b57ef3767bd09fabf655634cb844d9f2ac2087c0,0,full_declared_day,153f2686a97e34b41099eda91952d787a1cd6c17a5aa81869ab7d08d479584be,153f2686a97e34b41099eda91952d787a1cd6c17a5aa81869ab7d08d479584be,risk_aligned_declaration_witness,0.6999999999999977,0.6999999999999973,13390.673647831878,13390.673647831878,0.0,2.7466302988943256e-15,1.52655665885959e-16,0.0608399037594871,0.0,0.0,0.0,0.0,0.0,0,0.750561487141621,0.750561487141621,1.0,1.0,37,True
63,4,6052,2be9ba53c0d1806a1502dff5b57ef3767bd09fabf655634cb844d9f2ac2087c0,0,full_declared_day,153f2686a97e34b41099eda91952d787a1cd6c17a5aa81869ab7d08d479584be,153f2686a97e34b41099eda91952d787a1cd6c17a5aa81869ab7d08d479584be,risk_aligned_declaration_witness,0.6999999999999977,0.6999999999999973,13390.673647831878,13390.673647831878,0.0,2.7466302988943256e-15,1.52655665885959e-16,0.0748929476315599,0.0,0.0,0.0,0.0,0.0,0,0.750561487141621,0.750561487141621,1.0,1.0,37,True
63,5,6053,2be9ba53c0d1806a1502dff5b57ef3767bd09fabf655634cb844d9f2ac2087c0,0,full_declared_day,153f2686a97e34b41099eda91952d787a1cd6c17a5aa81869ab7d08d479584be,153f2686a97e34b41099eda91952d787a1cd6c17a5aa81869ab7d08d479584be,risk_aligned_declaration_witness,0.6999999999999977,0.6999999999999973,13390.673647831878,13390.673647831878,0.0,2.7466302988943256e-15,1.52655665885959e-16,0.0511558511358896,0.0,0.0,0.0,0.0,0.0,0,0.750561487141621,0.750561487141621,1.0,1.0,37,True
63,6,6054,2be9ba53c0d1806a1502dff5b57ef3767bd09fabf655634cb844d9f2ac2087c0,0,full_declared_day,153f2686a97e34b41099eda91952d787a1cd6c17a5aa81869ab7d08d479584be,153f2686a97e34b41099eda91952d787a1cd6c17a5aa81869ab7d08d479584be,risk_aligned_declaration_witness,0.6979999999999977,0.6979999999999973,13390.666265676806,13390.666265676806,0.0,2.7466302988943256e-15,1.52655665885959e-16,0.0604836908593413,0.0,0.0,0.0,0.0,0.0,0,0.750561519548025,0.750561519548025,1.0,1.0,37,True
63,7,6055,2be9ba53c0d1806a1502dff5b57ef3767bd09fabf655634cb844d9f2ac2087c0,0,full_declared_day,153f2686a97e34b41099eda91952d787a1cd6c17a5aa81869ab7d08d479584be,153f2686a97e34b41099eda91952d787a1cd6c17a5aa81869ab7d08d479584be,risk_aligned_declaration_witness,0.6949999999999978,0.6949999999999973,13390.646464951264,13390.646464951264,0.0,2.7466302988943256e-15,1.52655665885959e-16,0.0417070329629234,0.0,0.0,0.0,0.0,0.0,0,0.7505617795260592,0.7505617795260592,1.0,1.0,37,True
63,8,6056,2be9ba53c0d1806a1502dff5b57ef3767bd09fabf655634cb844d9f2ac2087c0,0,full_declared_day,153f2686a97e34b41099eda91952d787a1cd6c17a5aa81869ab7d08d479584be,153f2686a97e34b41099eda91952d787a1cd6c17a5aa81869ab7d08d479584be,risk_aligned_declaration_witness,0.6949999999999978,0.6949999999999973,13390.646464951264,13390.646464951264,0.0,2.7466302988943256e-15,1.52655665885959e-16,0.0041675614571874,0.0,0.0,0.0,0.0,0.0,0,0.7505617795260592,0.7505617795260592,1.0,1.0,37,True
63,9,6057,2be9ba53c0d1806a1502dff5b57ef3767bd09fabf655634cb844d9f2ac2087c0,0,full_declared_day,153f2686a97e34b41099eda91952d787a1cd6c17a5aa81869ab7d08d479584be,153f2686a97e34b41099eda91952d787a1cd6c17a5aa81869ab7d08d479584be,risk_aligned_declaration_witness,0.6969999999999978,0.6969999999999973,13390.65384710634,13390.65384710634,0.0,2.7466302988943256e-15,1.52655665885959e-16,0.0047974295723149,0.0,0.0,0.0,0.0,0.0,0,0.7505617795260592,0.7505617795260592,1.0,1.0,37,True
63,10,6058,2be9ba53c0d1806a1502dff5b57ef3767bd09fabf655634cb844d9f2ac2087c0,0,full_declared_day,153f2686a97e34b41099eda91952d787a1cd6c17a5aa81869ab7d08d479584be,153f2686a97e34b41099eda91952d787a1cd6c17a5aa81869ab7d08d479584be,risk_aligned_declaration_witness,0.7009999999999978,0.7009999999999973,13390.669807207416,13390.669807207416,0.0,2.7466302988943256e-15,1.52655665885959e-16,0.0,0.0,0.0,0.0,0.0,0.0,0,0.7505612595699914,0.7505612595699914,1.0000000000000002,1.0000000000000002,37,True
63,11,6059,2be9ba53c0d1806a1502dff5b57ef3767bd09fabf655634cb844d9f2ac2087c0,0,full_declared_day,153f2686a97e34b41099eda91952d787a1cd6c17a5aa81869ab7d08d479584be,153f2686a97e34b41099eda91952d787a1cd6c17a5aa81869ab7d08d479584be,risk_aligned_declaration_witness,0.7029999999999978,0.7029999999999973,13390.693448557418,13390.693448557418,0.0,2.7466302988943256e-15,1.52655665885959e-16,0.0008717215392837,0.0,0.0,0.0,0.0,0.0,0,0.7505612595699915,0.7505612595699915,1.0000000000000002,1.0000000000000002,37,True
63,12,6060,2be9ba53c0d1806a1502dff5b57ef3767bd09fabf655634cb844d9f2ac2087c0,0,full_declared_day,153f2686a97e34b41099eda91952d787a1cd6c17a5aa81869ab7d08d479584be,153f2686a97e34b41099eda91952d787a1cd6c17a5aa81869ab7d08d479584be,risk_aligned_declaration_witness,0.6989999999999978,0.6989999999999973,13390.677488456342,13390.677488456342,0.0,2.7466302988943256e-15,1.52655665885959e-16,0.0,0.0,0.0,0.0,0.0,0.0,0,0.7505617795260592,0.7505617795260592,1.0,1.0,37,True
63,13,6061,2be9ba53c0d1806a1502dff5b57ef3767bd09fabf655634cb844d9f2ac2087c0,0,full_declared_day,153f2686a97e34b41099eda91952d787a1cd6c17a5aa81869ab7d08d479584be,153f2686a97e34b41099eda91952d787a1cd6c17a5aa81869ab7d08d479584be,risk_aligned_declaration_witness,0.6969999999999978,0.6949999999999973,13390.655042897266,13390.646464951264,0.0085779460005142,0.0085779460000027,0.0005000000000001,0.0,0.0,0.0,0.0085779460005142,0.0085779460005142,0.0085779460005142,0,0.7505612919763951,0.7505617795260592,1.0,1.0,37,True
63,14,6062,2be9ba53c0d1806a1502dff5b57ef3767bd09fabf655634cb844d9f2ac2087c0,0,full_declared_day,153f2686a97e34b41099eda91952d787a1cd6c17a5aa81869ab7d08d479584be,153f2686a97e34b41099eda91952d787a1cd6c17a5aa81869ab7d08d479584be,risk_aligned_declaration_witness,0.6989999999999978,0.6929999999999973,13390.677488456342,13390.637887005269,0.0396014510752138,0.0396014510750027,0.0015000000000001,0.0,0.0,0.0,0.0396014510752138,0.0396014510752138,0.0396014510752138,0,0.7505617795260592,0.7505622670757233,1.0,1.0,37,True
63,15,6063,2be9ba53c0d1806a1502dff5b57ef3767bd09fabf655634cb844d9f2ac2087c0,0,full_declared_day,153f2686a97e34b41099eda91952d787a1cd6c17a5aa81869ab7d08d479584be,153f2686a97e34b41099eda91952d787a1cd6c17a5aa81869ab7d08d479584be,risk_aligned_declaration_witness,0.7049999999999979,0.7009999999999973,13390.71589411649,13390.684870611416,0.0310235050746996,0.0310235050750027,0.0010000000000001,0.0,0.0,0.0,0.0310235050746996,0.0310235050746996,0.0310235050746996,0,0.7505617471196556,0.7505617471196556,1.0000000000000002,1.0000000000000002,37,True
63,16,6064,2be9ba53c0d1806a1502dff5b57ef3767bd09fabf655634cb844d9f2ac2087c0,0,full_declared_day,153f2686a97e34b41099eda91952d787a1cd6c17a5aa81869ab7d08d479584be,153f2686a97e34b41099eda91952d787a1cd6c17a5aa81869ab7d08d479584be,risk_aligned_declaration_witness,0.7089999999999979,0.7109999999999973,13390.731854217564,13390.740432163568,-0.0085779460023331,-0.0085779459999972,1.52655665885959e-16,0.0031317027732456,0.0,0.0,-0.0085779460023331,-0.0085779460023331,0.0,1,0.7505612271635873,0.7505607396139232,1.0000000000000002,1.0000000000000002,37,True
63,17,6065,2be9ba53c0d1806a1502dff5b57ef3767bd09fabf655634cb844d9f2ac2087c0,0,full_declared_day,153f2686a97e34b41099eda91952d787a1cd6c17a5aa81869ab7d08d479584be,153f2686a97e34b41099eda91952d787a1cd6c17a5aa81869ab7d08d479584be,risk_aligned_declaration_witness,0.7539999999999978,0.7539999999999973,13391.018700877765,13391.019896668691,-0.001195790926431,-0.0011957909249972,0.0005000000000001,0.0298100806260488,0.0,0.0,-0.001195790926431,-0.001195790926431,0.0,1,0.7505614392588172,0.7505609841155572,1.0000000000000004,1.0000000000000004,37,True
63,18,6066,2be9ba53c0d1806a1502dff5b57ef3767bd09fabf655634cb844d9f2ac2087c0,0,full_declared_day,153f2686a97e34b41099eda91952d787a1cd6c17a5aa81869ab7d08d479584be,153f2686a97e34b41099eda91952d787a1cd6c17a5aa81869ab7d08d479584be,risk_aligned_declaration_witness,0.7739999999999978,0.7759999999999974,13391.143691595142,13391.151073750216,-0.0073821550740831,-0.0073821550749972,1.52655665885959e-16,0.0753676036179303,0.0,0.0,-0.0073821550740831,-0.0073821550740831,0.0,1,0.7505603345338729,0.7505603345338728,1.0000000000000004,1.0000000000000002,37,True
63,19,6067,2be9ba53c0d1806a1502dff5b57ef3767bd09fabf655634cb844d9f2ac2087c0,0,full_declared_day,153f2686a97e34b41099eda91952d787a1cd6c17a5aa81869ab7d08d479584be,153f2686a97e34b41099eda91952d787a1cd6c17a5aa81869ab7d08d479584be,risk_aligned_declaration_witness,0.7739999999999978,0.7799999999999974,13391.144887386068,13391.183293046215,-0.0384056601487827,-0.0384056601499972,0.0,0.1312702904410999,0.0,0.0,-0.0384056601487827,-0.0384056601487827,0.0,1,0.7505598793906124,0.7505598469842087,1.0,1.0000000000000002,37,True
63,20,6068,2be9ba53c0d1806a1502dff5b57ef3767bd09fabf655634cb844d9f2ac2087c0,0,full_declared_day,153f2686a97e34b41099eda91952d787a1cd6c17a5aa81869ab7d08d479584be,153f2686a97e34b41099eda91952d787a1cd6c17a5aa81869ab7d08d479584be,risk_aligned_declaration_witness,0.7779999999999978,0.7799999999999974,13391.175910891145,13391.199552241142,-0.0236413499987975,-0.0236413499999972,1.249000902703301e-16,0.1276307857300447,0.0,0.0,-0.0236413499987975,-0.0236413499987975,0.0,1,0.7505598793906127,0.7505598793906127,1.0000000000000002,1.0000000000000002,37,True
63,21,6069,2be9ba53c0d1806a1502dff5b57ef3767bd09fabf655634cb844d9f2ac2087c0,0,full_declared_day,153f2686a97e34b41099eda91952d787a1cd6c17a5aa81869ab7d08d479584be,153f2686a97e34b41099eda91952d787a1cd6c17a5aa81869ab7d08d479584be,risk_aligned_declaration_witness,0.7929999999999979,0.7929999999999974,13391.258057428442,13391.258057428442,0.0,2.7466302988943256e-15,1.52655665885959e-16,0.0430736521439443,0.0,0.0,0.0,0.0,0.0,0,0.7505588394784766,0.7505588394784766,1.0000000000000002,1.0000000000000002,37,True
63,22,6070,2be9ba53c0d1806a1502dff5b57ef3767bd09fabf655634cb844d9f2ac2087c0,0,full_declared_day,153f2686a97e34b41099eda91952d787a1cd6c17a5aa81869ab7d08d479584be,153f2686a97e34b41099eda91952d787a1cd6c17a5aa81869ab7d08d479584be,risk_aligned_declaration_witness,0.7989999999999979,0.7989999999999974,13391.282595475515,13391.282595475515,0.0,2.7466302988943256e-15,1.52655665885959e-16,0.1339412832619766,0.0,0.0,0.0,0.0,0.0,0,0.7505578319727444,0.7505578319727444,1.0000000000000002,1.0000000000000002,37,True
63,23,6071,2be9ba53c0d1806a1502dff5b57ef3767bd09fabf655634cb844d9f2ac2087c0,0,full_declared_day,153f2686a97e34b41099eda91952d787a1cd6c17a5aa81869ab7d08d479584be,153f2686a97e34b41099eda91952d787a1cd6c17a5aa81869ab7d08d479584be,risk_aligned_declaration_witness,0.7969999999999979,0.7969999999999974,13391.274017529517,13391.274017529517,0.0,2.7466302988943256e-15,1.52655665885959e-16,0.1296031795305352,0.0,0.0,0.0,0.0,0.0,0,0.7505583195224084,0.7505583195224084,1.0000000000000002,1.0000000000000002,37,True
63,24,6072,2be9ba53c0d1806a1502dff5b57ef3767bd09fabf655634cb844d9f2ac2087c0,0,full_declared_day,153f2686a97e34b41099eda91952d787a1cd6c17a5aa81869ab7d08d479584be,153f2686a97e34b41099eda91952d787a1cd6c17a5aa81869ab7d08d479584be,risk_aligned_declaration_witness,0.7939999999999978,0.7939999999999974,13391.245489311052,13391.245489311052,0.0,2.7466302988943256e-15,1.52655665885959e-16,0.0660140960227775,0.0,0.0,0.0,0.0,0.0,0,0.7505587746656681,0.7505587746656681,1.0,1.0,37,True
63,25,6073,2be9ba53c0d1806a1502dff5b57ef3767bd09fabf655634cb844d9f2ac2087c0,0,full_declared_day,153f2686a97e34b41099eda91952d787a1cd6c17a5aa81869ab7d08d479584be,153f2686a97e34b41099eda91952d787a1cd6c17a5aa81869ab7d08d479584be,risk_aligned_declaration_witness,0.8799999999999979,0.8799999999999975,13391.753731032704,13391.753731032704,0.0,2.7466302988943256e-15,1.52655665885959e-16,0.0,0.0,0.0,0.0,0.0,0.0,0,0.7505535751049872,0.7505535751049872,1.0000000000000004,1.0000000000000004,37,True
63,26,6074,2be9ba53c0d1806a1502dff5b57ef3767bd09fabf655634cb844d9f2ac2087c0,0,full_declared_day,153f2686a97e34b41099eda91952d787a1cd6c17a5aa81869ab7d08d479584be,153f2686a97e34b41099eda91952d787a1cd6c17a5aa81869ab7d08d479584be,risk_aligned_declaration_witness,0.898999999999998,0.8989999999999975,13391.860565164005,13391.860565164005,0.0,2.7466302988943256e-15,1.52655665885959e-16,0.0022230236680483,0.0,0.0,0.0,0.0,0.0,0,0.7505517714619507,0.7505517714619508,1.0000000000000002,1.0000000000000002,37,True
63,27,6075,2be9ba53c0d1806a1502dff5b57ef3767bd09fabf655634cb844d9f2ac2087c0,0,full_declared_day,153f2686a97e34b41099eda91952d787a1cd6c17a5aa81869ab7d08d479584be,153f2686a97e34b41099eda91952d787a1cd6c17a5aa81869ab7d08d479584be,risk_aligned_declaration_witness,0.903999999999998,0.9039999999999976,13391.89587764208,13391.89587764208,0.0,2.7466302988943256e-15,1.52655665885959e-16,0.0066100581266205,0.0,0.0,0.0,0.0,0.0,0,0.7505515114839166,0.7505515114839166,1.0000000000000002,1.0000000000000002,37,True
63,28,6076,2be9ba53c0d1806a1502dff5b57ef3767bd09fabf655634cb844d9f2ac2087c0,0,full_declared_day,153f2686a97e34b41099eda91952d787a1cd6c17a5aa81869ab7d08d479584be,153f2686a97e34b41099eda91952d787a1cd6c17a5aa81869ab7d08d479584be,risk_aligned_declaration_witness,0.900999999999998,0.8999999999999975,13391.884206514003,13391.879917541006,0.0042889729993476,0.0042889730000027,0.0002500000000001,0.0044139451074552,0.0,0.0,0.0042889729993476,0.0042889729993476,0.0042889729993476,0,0.7505517876651527,0.7505520314399848,1.0000000000000002,1.0000000000000002,37,True
63,29,6077,2be9ba53c0d1806a1502dff5b57ef3767bd09fabf655634cb844d9f2ac2087c0,0,full_declared_day,153f2686a97e34b41099eda91952d787a1cd6c17a5aa81869ab7d08d479584be,153f2686a97e34b41099eda91952d787a1cd6c17a5aa81869ab7d08d479584be,risk_aligned_declaration_witness,0.934999999999998,0.9329999999999976,13392.088250586605,13392.072140938604,0.0161096479987463,0.0161096480000027,0.0005000000000001,0.0,0.0,0.0,0.0161096479987463,0.0161096479987463,0.0161096479987463,0,0.7505494640660479,0.75054970784088,1.0,1.0,37,True
63,30,6078,2be9ba53c0d1806a1502dff5b57ef3767bd09fabf655634cb844d9f2ac2087c0,0,full_declared_day,153f2686a97e34b41099eda91952d787a1cd6c17a5aa81869ab7d08d479584be,153f2686a97e34b41099eda91952d787a1cd6c17a5aa81869ab7d08d479584be,risk_aligned_declaration_witness,1.004999999999998,0.9979999999999976,13392.485311049117,13392.426955116503,0.0583559326132672,0.0583559326125028,0.0017500000000001,0.0,0.0,0.0,0.0583559326132672,0.0583559326132672,0.0583559326132672,0,0.7505424277291247,0.7505424439323268,1.0000000000000002,1.0000000000000004,37,True
63,31,6079,2be9ba53c0d1806a1502dff5b57ef3767bd09fabf655634cb844d9f2ac2087c0,0,full_declared_day,153f2686a97e34b41099eda91952d787a1cd6c17a5aa81869ab7d08d479584be,153f2686a97e34b41099eda91952d787a1cd6c17a5aa81869ab7d08d479584be,risk_aligned_declaration_witness,1.007999999999998,1.0069999999999977,13392.49698217719,13392.493291099654,0.003691077536132,0.0036910775375027,0.0002500000000001,0.0831648937448873,0.0,0.0,0.003691077536132,0.003691077536132,0.003691077536132,0,0.7505421677510907,0.7505421677510907,1.0000000000000004,1.0000000000000004,37,True
63,32,6080,2be9ba53c0d1806a1502dff5b57ef3767bd09fabf655634cb844d9f2ac2087c0,0,full_declared_day,153f2686a97e34b41099eda91952d787a1cd6c17a5aa81869ab7d08d479584be,153f2686a97e34b41099eda91952d787a1cd6c17a5aa81869ab7d08d479584be,risk_aligned_declaration_witness,1.009999999999998,1.0109999999999977,13392.511896034266,13392.515587111804,-0.003691077537951,-0.0036910775374972,1.52655665885959e-16,0.1436907823331739,0.0,0.0,-0.003691077537951,-0.003691077537951,0.0,1,0.7505423953227204,0.7505423953227204,1.0,1.0,37,True
63,33,6081,2be9ba53c0d1806a1502dff5b57ef3767bd09fabf655634cb844d9f2ac2087c0,0,full_declared_day,153f2686a97e34b41099eda91952d787a1cd6c17a5aa81869ab7d08d479584be,153f2686a97e34b41099eda91952d787a1cd6c17a5aa81869ab7d08d479584be,risk_aligned_declaration_witness,1.009999999999998,1.0149999999999977,13392.503766436805,13392.539676810342,-0.0359103735390817,-0.0359103735374972,1.249000902703301e-16,0.1969705341489371,0.0,0.0,-0.0359103735390817,-0.0359103735390817,0.0,1,0.7505423953227204,0.7505419077730562,1.0,1.0,37,True
63,34,6082,2be9ba53c0d1806a1502dff5b57ef3767bd09fabf655634cb844d9f2ac2087c0,0,full_declared_day,153f2686a97e34b41099eda91952d787a1cd6c17a5aa81869ab7d08d479584be,153f2686a97e34b41099eda91952d787a1cd6c17a5aa81869ab7d08d479584be,risk_aligned_declaration_witness,1.005999999999998,1.0079999999999976,13392.472742931728,13392.496384281729,-0.0236413499987975,-0.0236413499999972,1.249000902703301e-16,0.1896480439945341,0.0,0.0,-0.0236413499987975,-0.0236413499987975,0.0,1,0.7505424115259224,0.7505424115259224,1.0,1.0,37,True
63,35,6083,2be9ba53c0d1806a1502dff5b57ef3767bd09fabf655634cb844d9f2ac2087c0,0,full_declared_day,153f2686a97e34b41099eda91952d787a1cd6c17a5aa81869ab7d08d479584be,153f2686a97e34b41099eda91952d787a1cd6c17a5aa81869ab7d08d479584be,risk_aligned_declaration_witness,1.004999999999998,1.0049999999999977,13392.468453958729,13392.468453958729,0.0,2.7466302988943256e-15,1.52655665885959e-16,0.1898627571808115,0.0,0.0,0.0,0.0,0.0,0,0.7505426553007544,0.7505426553007544,1.0,1.0,37,True
63,36,6084,2be9ba53c0d1806a1502dff5b57ef3767bd09fabf655634cb844d9f2ac2087c0,0,full_declared_day,153f2686a97e34b41099eda91952d787a1cd6c17a5aa81869ab7d08d479584be,153f2686a97e34b41099eda91952d787a1cd6c17a5aa81869ab7d08d479584be,risk_aligned_declaration_witness,1.048999999999998,1.0479999999999976,13392.72626589709,13392.722574819552,0.003691077537951,0.0036910775375027,0.0002500000000001,0.1626589874520577,0.0,0.0,0.003691077537951,0.003691077537951,0.003691077537951,0,0.75054002311401,0.75054002311401,1.0000000000000002,1.0000000000000002,37,True
63,37,6085,2be9ba53c0d1806a1502dff5b57ef3767bd09fabf655634cb844d9f2ac2087c0,0,full_declared_day,153f2686a97e34b41099eda91952d787a1cd6c17a5aa81869ab7d08d479584be,153f2686a97e34b41099eda91952d787a1cd6c17a5aa81869ab7d08d479584be,risk_aligned_declaration_witness,1.057999999999998,1.0589999999999975,13392.77753847624,13392.78122955378,-0.003691077537951,-0.0036910775374972,1.52655665885959e-16,0.1681770397726487,0.0,0.0,-0.003691077537951,-0.003691077537951,0.0,1,0.75053925938311,0.75053925938311,1.0000000000000004,1.0000000000000004,37,True
63,38,6086,2be9ba53c0d1806a1502dff5b57ef3767bd09fabf655634cb844d9f2ac2087c0,0,full_declared_day,153f2686a97e34b41099eda91952d787a1cd6c17a5aa81869ab7d08d479584be,153f2686a97e34b41099eda91952d787a1cd6c17a5aa81869ab7d08d479584be,risk_aligned_declaration_witness,1.087999999999998,1.0879999999999974,13393.045124736003,13393.045124736003,0.0,2.7466302988943256e-15,1.52655665885959e-16,0.1824129222284609,0.0,0.0,0.0,0.0,0.0,0,0.7505382356741754,0.7505382356741754,1.0,1.0,37,True
63,39,6087,2be9ba53c0d1806a1502dff5b57ef3767bd09fabf655634cb844d9f2ac2087c0,0,full_declared_day,153f2686a97e34b41099eda91952d787a1cd6c17a5aa81869ab7d08d479584be,153f2686a97e34b41099eda91952d787a1cd6c17a5aa81869ab7d08d479584be,risk_aligned_declaration_witness,1.084999999999998,1.0879999999999974,13393.02592190593,13393.045124736003,-0.0192028300753008,-0.0192028300749972,0.0,0.2057577462710939,0.0,0.0,-0.0192028300753008,-0.0192028300753008,0.0,1,0.7505382518773773,0.7505382356741754,1.0,1.0,37,True
63,40,6088,2be9ba53c0d1806a1502dff5b57ef3767bd09fabf655634cb844d9f2ac2087c0,0,full_declared_day,153f2686a97e34b41099eda91952d787a1cd6c17a5aa81869ab7d08d479584be,153f2686a97e34b41099eda91952d787a1cd6c17a5aa81869ab7d08d479584be,risk_aligned_declaration_witness,1.084999999999998,1.0849999999999975,13393.02592190593,13393.02592190593,0.0,2.7466302988943256e-15,1.52655665885959e-16,0.1742446960761709,0.0,0.0,0.0,0.0,0.0,0,0.7505382518773773,0.7505382518773773,1.0,1.0,37,True
63,41,6089,2be9ba53c0d1806a1502dff5b57ef3767bd09fabf655634cb844d9f2ac2087c0,0,full_declared_day,153f2686a97e34b41099eda91952d787a1cd6c17a5aa81869ab7d08d479584be,153f2686a97e34b41099eda91952d787a1cd6c17a5aa81869ab7d08d479584be,risk_aligned_declaration_witness,1.0969999999999982,1.0969999999999978,13393.08252970208,13393.08252970208,0.0,2.7466302988943256e-15,1.52655665885959e-16,0.1871846913076126,0.0,0.0,0.0,0.0,0.0,0,0.7505364968439469,0.7505364968439469,1.0,1.0,37,True
63,42,6090,2be9ba53c0d1806a1502dff5b57ef3767bd09fabf655634cb844d9f2ac2087c0,0,full_declared_day,153f2686a97e34b41099eda91952d787a1cd6c17a5aa81869ab7d08d479584be,153f2686a97e34b41099eda91952d787a1cd6c17a5aa81869ab7d08d479584be,risk_aligned_declaration_witness,1.040999999999998,1.0409999999999977,13392.77623956503,13392.77623956503,0.0,2.7466302988943256e-15,1.52655665885959e-16,0.0790957238167509,0.0,0.0,0.0,0.0,0.0,0,0.7505408678609199,0.7505408678609199,1.0,1.0,37,True
63,43,6091,2be9ba53c0d1806a1502dff5b57ef3767bd09fabf655634cb844d9f2ac2087c0,0,full_declared_day,153f2686a97e34b41099eda91952d787a1cd6c17a5aa81869ab7d08d479584be,153f2686a97e34b41099eda91952d787a1cd6c17a5aa81869ab7d08d479584be,risk_aligned_declaration_witness,0.995999999999998,0.9959999999999974,13392.522268251128,13392.522268251128,0.0,2.7466302988943256e-15,1.52655665885959e-16,0.0635786301781425,0.0,0.0,0.0,0.0,0.0,0,0.750543743822497,0.750543743822497,1.0000000000000002,1.0000000000000002,37,True
63,44,6092,2be9ba53c0d1806a1502dff5b57ef3767bd09fabf655634cb844d9f2ac2087c0,0,full_declared_day,153f2686a97e34b41099eda91952d787a1cd6c17a5aa81869ab7d08d479584be,153f2686a97e34b41099eda91952d787a1cd6c17a5aa81869ab7d08d479584be,risk_aligned_declaration_witness,0.997999999999998,0.9979999999999974,13392.537780003666,13392.537780003666,0.0,2.7466302988943256e-15,1.52655665885959e-16,0.0431634357015521,0.0,0.0,0.0,0.0,0.0,0,0.7505437438224971,0.7505437438224971,1.0000000000000002,1.0000000000000002,37,True
63,45,6093,2be9ba53c0d1806a1502dff5b57ef3767bd09fabf655634cb844d9f2ac2087c0,0,full_declared_day,153f2686a97e34b41099eda91952d787a1cd6c17a5aa81869ab7d08d479584be,153f2686a97e34b41099eda91952d787a1cd6c17a5aa81869ab7d08d479584be,risk_aligned_declaration_witness,0.980999999999998,0.9809999999999977,13392.439523818368,13392.439523818368,0.0,2.7466302988943256e-15,1.52655665885959e-16,0.0154347003424004,0.0,0.0,0.0,0.0,0.0,0,0.7505450275094654,0.7505450275094654,1.0000000000000004,1.0000000000000004,37,True
63,46,6094,2be9ba53c0d1806a1502dff5b57ef3767bd09fabf655634cb844d9f2ac2087c0,0,full_declared_day,153f2686a97e34b41099eda91952d787a1cd6c17a5aa81869ab7d08d479584be,153f2686a97e34b41099eda91952d787a1cd6c17a5aa81869ab7d08d479584be,risk_aligned_declaration_witness,0.980999999999998,0.9809999999999977,13392.439523818368,13392.439523818368,0.0,2.7466302988943256e-15,1.52655665885959e-16,0.0082798136172221,0.0,0.0,0.0,0.0,0.0,0,0.7505450275094654,0.7505450275094654,1.0000000000000004,1.0000000000000004,37,True
63,47,6095,2be9ba53c0d1806a1502dff5b57ef3767bd09fabf655634cb844d9f2ac2087c0,0,full_declared_day,153f2686a97e34b41099eda91952d787a1cd6c17a5aa81869ab7d08d479584be,153f2686a97e34b41099eda91952d787a1cd6c17a5aa81869ab7d08d479584be,risk_aligned_declaration_witness,0.984999999999998,0.9849999999999974,13392.44735432198,13392.44735432198,0.0,2.7466302988943256e-15,1.52655665885959e-16,0.0184318462520378,0.0,0.0,0.0,0.0,0.0,0,0.7505445237565992,0.7505445237565992,1.0000000000000002,1.0000000000000002,37,True
63,48,6096,2be9ba53c0d1806a1502dff5b57ef3767bd09fabf655634cb844d9f2ac2087c0,0,full_declared_day,153f2686a97e34b41099eda91952d787a1cd6c17a5aa81869ab7d08d479584be,153f2686a97e34b41099eda91952d787a1cd6c17a5aa81869ab7d08d479584be,risk_aligned_declaration_witness,0.987999999999998,0.9879999999999975,13392.467155047518,13392.467155047518,0.0,2.7466302988943256e-15,1.52655665885959e-16,9.290292126169776e-05,0.0,0.0,0.0,0.0,0.0,0,0.7505442799817672,0.7505442799817672,1.0000000000000002,1.0000000000000002,37,True
63,49,6097,2be9ba53c0d1806a1502dff5b57ef3767bd09fabf655634cb844d9f2ac2087c0,0,full_declared_day,153f2686a97e34b41099eda91952d787a1cd6c17a5aa81869ab7d08d479584be,153f2686a97e34b41099eda91952d787a1cd6c17a5aa81869ab7d08d479584be,risk_aligned_declaration_witness,1.026999999999998,0.9909999999999974,13392.698382000728,13392.486955773053,0.2114262276754743,0.2114262276750029,0.0090000000000001,0.0,0.0,0.0,0.2114262276754743,0.2114262276754743,0.2114262276754743,0,0.7505416639982245,0.7505440038005311,1.0000000000000002,1.0000000000000002,37,True
63,50,6098,2be9ba53c0d1806a1502dff5b57ef3767bd09fabf655634cb844d9f2ac2087c0,0,full_declared_day,153f2686a97e34b41099eda91952d787a1cd6c17a5aa81869ab7d08d479584be,153f2686a97e34b41099eda91952d787a1cd6c17a5aa81869ab7d08d479584be,risk_aligned_declaration_witness,1.057999999999998,1.0039999999999971,13392.866366152866,13392.553590557814,0.3127755950517894,0.3127755950500029,0.0135000000000001,0.0,0.0,0.0,0.3127755950517894,0.3127755950517894,0.3127755950517894,0,0.7505395841739521,0.7505429800915967,1.0000000000000002,1.0000000000000002,37,True
63,51,6099,2be9ba53c0d1806a1502dff5b57ef3767bd09fabf655634cb844d9f2ac2087c0,0,full_declared_day,153f2686a97e34b41099eda91952d787a1cd6c17a5aa81869ab7d08d479584be,153f2686a97e34b41099eda91952d787a1cd6c17a5aa81869ab7d08d479584be,risk_aligned_declaration_witness,1.013999999999998,0.9579999999999976,13392.574483077278,13392.254325327154,0.3201577501240535,0.3201577501250029,0.0140000000000001,0.0,0.0,0.0,0.3201577501240535,0.3201577501240535,0.3201577501240535,0,0.7505395834471502,0.7505429793647951,1.0000000000000002,1.0000000000000004,37,True
63,52,6100,2be9ba53c0d1806a1502dff5b57ef3767bd09fabf655634cb844d9f2ac2087c0,0,full_declared_day,153f2686a97e34b41099eda91952d787a1cd6c17a5aa81869ab7d08d479584be,153f2686a97e34b41099eda91952d787a1cd6c17a5aa81869ab7d08d479584be,risk_aligned_declaration_witness,1.016999999999998,0.9599999999999974,13392.594283802817,13392.270434975157,0.3238488276601856,0.323848827662503,0.0142500000000001,0.011440599223741,0.0,0.0,0.3238488276601856,0.3238488276601856,0.3238488276601856,0,0.7505393072659141,0.7505427193867611,1.0000000000000002,1.0000000000000002,37,True
63,53,6101,2be9ba53c0d1806a1502dff5b57ef3767bd09fabf655634cb844d9f2ac2087c0,0,full_declared_day,153f2686a97e34b41099eda91952d787a1cd6c17a5aa81869ab7d08d479584be,153f2686a97e34b41099eda91952d787a1cd6c17a5aa81869ab7d08d479584be,risk_aligned_declaration_witness,1.019999999999998,0.9679999999999974,13392.62281202128,13392.317418581302,0.3053934399777063,0.305393439975003,0.0130000000000001,0.070564899744322,0.0,0.0,0.3053934399777063,0.3053934399777063,0.3053934399777063,0,0.7505388035130479,0.750542199430693,1.0000000000000002,1.0000000000000004,37,True
63,54,6102,2be9ba53c0d1806a1502dff5b57ef3767bd09fabf655634cb844d9f2ac2087c0,0,full_declared_day,153f2686a97e34b41099eda91952d787a1cd6c17a5aa81869ab7d08d479584be,153f2686a97e34b41099eda91952d787a1cd6c17a5aa81869ab7d08d479584be,risk_aligned_declaration_witness,1.038999999999998,0.9879999999999975,13392.727852466192,13392.426150103754,0.3017023624379362,0.301702362437503,0.0127500000000001,0.0936652838880101,0.0,0.0,0.3017023624379362,0.3017023624379362,0.3017023624379362,0,0.7505377311945074,0.7505411109089501,1.0,1.0,37,True
63,55,6103,2be9ba53c0d1806a1502dff5b57ef3767bd09fabf655634cb844d9f2ac2087c0,0,full_declared_day,153f2686a97e34b41099eda91952d787a1cd6c17a5aa81869ab7d08d479584be,153f2686a97e34b41099eda91952d787a1cd6c17a5aa81869ab7d08d479584be,risk_aligned_declaration_witness,1.055999999999998,1.0009999999999974,13392.842367846417,13392.517771576368,0.3245962700493692,0.324596270050003,0.0137500000000001,0.0666176916281466,0.0,0.0,0.3245962700493692,0.3245962700493692,0.3245962700493692,0,0.7505364637107411,0.7505398596283862,1.0,1.0000000000000004,37,True
63,56,6104,2be9ba53c0d1806a1502dff5b57ef3767bd09fabf655634cb844d9f2ac2087c0,0,full_declared_day,153f2686a97e34b41099eda91952d787a1cd6c17a5aa81869ab7d08d479584be,153f2686a97e34b41099eda91952d787a1cd6c17a5aa81869ab7d08d479584be,risk_aligned_declaration_witness,1.0549999999999982,0.9979999999999974,13392.821819678493,13392.489841253366,0.3319784251270903,0.331978425125003,0.0142500000000001,0.0,0.0,0.0,0.3319784251270903,0.3319784251270903,0.3319784251270903,0,0.7505366912823712,0.75054011960642,1.0,1.0,37,True
63,57,6105,2be9ba53c0d1806a1502dff5b57ef3767bd09fabf655634cb844d9f2ac2087c0,0,full_declared_day,153f2686a97e34b41099eda91952d787a1cd6c17a5aa81869ab7d08d479584be,153f2686a97e34b41099eda91952d787a1cd6c17a5aa81869ab7d08d479584be,risk_aligned_declaration_witness,1.0549999999999982,0.9979999999999974,13392.81369008103,13392.489841253366,0.3238488276638236,0.323848827662503,0.0142500000000001,0.02059615373095,0.0,0.0,0.3238488276638236,0.3238488276638236,0.3238488276638236,0,0.7505366912823711,0.75054011960642,1.0,1.0,37,True
63,58,6106,2be9ba53c0d1806a1502dff5b57ef3767bd09fabf655634cb844d9f2ac2087c0,0,full_declared_day,153f2686a97e34b41099eda91952d787a1cd6c17a5aa81869ab7d08d479584be,153f2686a97e34b41099eda91952d787a1cd6c17a5aa81869ab7d08d479584be,risk_aligned_declaration_witness,1.058999999999998,1.0019999999999976,13392.845909377029,13392.512735160975,0.3331742160517024,0.333174216050003,0.0142500000000001,0.1445695987422165,0.0,0.0,0.3331742160517024,0.3331742160517024,0.3331742160517024,0,0.750536219935909,0.7505400872000164,1.0,1.0000000000000002,37,True
63,59,6107,2be9ba53c0d1806a1502dff5b57ef3767bd09fabf655634cb844d9f2ac2087c0,0,full_declared_day,153f2686a97e34b41099eda91952d787a1cd6c17a5aa81869ab7d08d479584be,153f2686a97e34b41099eda91952d787a1cd6c17a5aa81869ab7d08d479584be,risk_aligned_declaration_witness,1.0569999999999982,1.0009999999999974,13392.838527221951,13392.509044083445,0.3294831385101133,0.329483138512503,0.0140000000000001,0.1142775181872036,0.0,0.0,0.3294831385101133,0.3294831385101133,0.3294831385101133,0,0.750536236139111,0.7505401034032184,1.0,1.0000000000000002,37,True
63,60,6108,2be9ba53c0d1806a1502dff5b57ef3767bd09fabf655634cb844d9f2ac2087c0,0,full_declared_day,153f2686a97e34b41099eda91952d787a1cd6c17a5aa81869ab7d08d479584be,153f2686a97e34b41099eda91952d787a1cd6c17a5aa81869ab7d08d479584be,risk_aligned_declaration_witness,1.0589999999999982,0.9989999999999974,13392.847105167955,13392.494728121828,0.3523770461270032,0.352377046125003,0.0150000000000001,0.1186249409536276,0.0,0.0,0.3523770461270032,0.3523770461270032,0.3523770461270032,0,0.7505357485894469,0.7505396482599579,1.0,1.0,37,True
63,61,6109,2be9ba53c0d1806a1502dff5b57ef3767bd09fabf655634cb844d9f2ac2087c0,0,full_declared_day,153f2686a97e34b41099eda91952d787a1cd6c17a5aa81869ab7d08d479584be,153f2686a97e34b41099eda91952d787a1cd6c17a5aa81869ab7d08d479584be,risk_aligned_declaration_witness,1.0589999999999982,0.9989999999999974,13392.863364362878,13392.510987316751,0.3523770461251843,0.352377046125003,0.0150000000000001,0.0252214211523293,0.0,0.0,0.3523770461251843,0.3523770461251843,0.3523770461251843,0,0.7505357485894469,0.7505396482599579,1.0,1.0,37,True
63,62,6110,2be9ba53c0d1806a1502dff5b57ef3767bd09fabf655634cb844d9f2ac2087c0,0,full_declared_day,153f2686a97e34b41099eda91952d787a1cd6c17a5aa81869ab7d08d479584be,153f2686a97e34b41099eda91952d787a1cd6c17a5aa81869ab7d08d479584be,risk_aligned_declaration_witness,1.061999999999998,1.0019999999999976,13392.873839700029,13392.521462653904,0.3523770461233653,0.352377046125003,0.0150000000000001,0.0546979102354715,0.0,0.0,0.3523770461233653,0.3523770461233653,0.3523770461233653,0,0.750535959957875,0.7505398596283862,1.0,1.0000000000000004,37,True
63,63,6111,2be9ba53c0d1806a1502dff5b57ef3767bd09fabf655634cb844d9f2ac2087c0,0,full_declared_day,153f2686a97e34b41099eda91952d787a1cd6c17a5aa81869ab7d08d479584be,153f2686a97e34b41099eda91952d787a1cd6c17a5aa81869ab7d08d479584be,risk_aligned_declaration_witness,1.058999999999998,0.9989999999999976,13392.862168571955,13392.50979152583,0.3523770461251843,0.352377046125003,0.0150000000000001,0.1831545418804531,0.0,0.0,0.3523770461251843,0.3523770461251843,0.3523770461251843,0,0.750536219935909,0.75054011960642,1.0,1.0,37,True
63,64,6112,2be9ba53c0d1806a1502dff5b57ef3767bd09fabf655634cb844d9f2ac2087c0,1,full_declared_day,153f2686a97e34b41099eda91952d787a1cd6c17a5aa81869ab7d08d479584be,153f2686a97e34b41099eda91952d787a1cd6c17a5aa81869ab7d08d479584be,risk_aligned_declaration_witness,1.054999999999998,0.9879999999999974,13392.855292920254,13392.46775294298,0.3875399772750825,0.3875399772750031,0.0167500000000001,0.177020095528684,0.0125000000000001,1.8750000000000204,2.262539977275103,2.262539977275103,2.262539977275103,0,0.7505395679707502,0.7505439875973291,1.0000000000000002,1.0000000000000002,37,True
63,65,6113,2be9ba53c0d1806a1502dff5b57ef3767bd09fabf655634cb844d9f2ac2087c0,1,full_declared_day,153f2686a97e34b41099eda91952d787a1cd6c17a5aa81869ab7d08d479584be,153f2686a97e34b41099eda91952d787a1cd6c17a5aa81869ab7d08d479584be,risk_aligned_declaration_witness,1.047999999999998,0.9809999999999974,13392.818336302716,13392.43079632544,0.3875399772750825,0.3875399772750031,0.0167500000000001,0.1779557752175777,0.0125000000000001,1.8750000000000204,2.262539977275103,2.262539977275103,2.262539977275103,0,0.7505408030481123,0.7505452226746914,1.0000000000000002,1.0000000000000002,37,True
63,66,6114,2be9ba53c0d1806a1502dff5b57ef3767bd09fabf655634cb844d9f2ac2087c0,1,full_declared_day,153f2686a97e34b41099eda91952d787a1cd6c17a5aa81869ab7d08d479584be,153f2686a97e34b41099eda91952d787a1cd6c17a5aa81869ab7d08d479584be,risk_aligned_declaration_witness,1.045999999999998,0.9769999999999974,13392.794694952718,13392.39857702944,0.3961179232774157,0.3961179232750031,0.0172500000000001,0.1763977401757238,0.0125000000000001,1.8750000000000204,2.271117923277436,2.271117923277436,2.271117923277436,0,0.7505408354545163,0.7505457426307596,1.0000000000000004,1.0000000000000002,37,True
63,67,6115,2be9ba53c0d1806a1502dff5b57ef3767bd09fabf655634cb844d9f2ac2087c0,1,full_declared_day,153f2686a97e34b41099eda91952d787a1cd6c17a5aa81869ab7d08d479584be,153f2686a97e34b41099eda91952d787a1cd6c17a5aa81869ab7d08d479584be,risk_aligned_declaration_witness,1.051999999999998,0.9789999999999974,13392.833100612865,13392.405959184514,0.4271414283502963,0.4271414283500031,0.0182500000000001,0.1742199778857632,0.0135000000000001,2.0250000000000203,2.4521414283503167,2.4521414283503167,2.4521414283503167,0,0.7505407706417084,0.7505457102243555,1.0000000000000002,1.0000000000000004,37,True
63,68,6116,2be9ba53c0d1806a1502dff5b57ef3767bd09fabf655634cb844d9f2ac2087c0,1,full_declared_day,153f2686a97e34b41099eda91952d787a1cd6c17a5aa81869ab7d08d479584be,153f2686a97e34b41099eda91952d787a1cd6c17a5aa81869ab7d08d479584be,risk_aligned_declaration_witness,1.051999999999998,0.9789999999999974,13392.833100612865,13392.405959184514,0.4271414283502963,0.4271414283500031,0.0182500000000001,0.1646862300117222,0.0135000000000001,2.0250000000000203,2.4521414283503167,2.4521414283503167,2.4521414283503167,0,0.7505407706417084,0.7505457102243555,1.0000000000000002,1.0000000000000004,37,True
63,69,6117,2be9ba53c0d1806a1502dff5b57ef3767bd09fabf655634cb844d9f2ac2087c0,1,full_declared_day,153f2686a97e34b41099eda91952d787a1cd6c17a5aa81869ab7d08d479584be,153f2686a97e34b41099eda91952d787a1cd6c17a5aa81869ab7d08d479584be,risk_aligned_declaration_witness,1.053999999999998,0.9809999999999974,13392.841678558869,13392.429600534517,0.412078024352013,0.4120780243500031,0.0182500000000001,0.0996755951566723,0.0130000000000001,1.9500000000000204,2.3620780243520336,2.3620780243520336,2.3620780243520336,0,0.7505402830920441,0.7505457102243555,1.0000000000000002,1.0000000000000004,37,True
63,70,6118,2be9ba53c0d1806a1502dff5b57ef3767bd09fabf655634cb844d9f2ac2087c0,1,full_declared_day,153f2686a97e34b41099eda91952d787a1cd6c17a5aa81869ab7d08d479584be,153f2686a97e34b41099eda91952d787a1cd6c17a5aa81869ab7d08d479584be,risk_aligned_declaration_witness,1.053999999999998,0.9809999999999974,13392.841678558869,13392.429600534517,0.412078024352013,0.4120780243500031,0.0182500000000001,0.0499903230774532,0.00825,1.2375000000000012,1.6495780243520142,1.6495780243520142,1.6495780243520142,0,0.7505402830920441,0.7505457102243555,1.0000000000000002,1.0000000000000004,37,True
63,71,6119,2be9ba53c0d1806a1502dff5b57ef3767bd09fabf655634cb844d9f2ac2087c0,1,full_declared_day,153f2686a97e34b41099eda91952d787a1cd6c17a5aa81869ab7d08d479584be,153f2686a97e34b41099eda91952d787a1cd6c17a5aa81869ab7d08d479584be,risk_aligned_declaration_witness,1.045999999999998,0.9809999999999974,13392.803422445642,13392.429600534517,0.3738219111273793,0.373821911125003,0.0162500000000001,0.0149093841339887,0.00375,0.5625000000000047,0.936321911127384,0.936321911127384,0.936321911127384,0,0.7505405916796843,0.7505457102243555,1.0000000000000004,1.0000000000000004,37,True
63,72,6120,2be9ba53c0d1806a1502dff5b57ef3767bd09fabf655634cb844d9f2ac2087c0,0,full_declared_day,153f2686a97e34b41099eda91952d787a1cd6c17a5aa81869ab7d08d479584be,153f2686a97e34b41099eda91952d787a1cd6c17a5aa81869ab7d08d479584be,risk_aligned_declaration_witness,1.029999999999998,1.0299999999999976,13392.61429164564,13392.61429164564,0.0,2.7466302988943256e-15,1.52655665885959e-16,0.0,0.0,0.0,0.0,0.0,0.0,0,0.7505405916796843,0.7505405916796843,1.0000000000000004,1.0000000000000004,37,True
63,73,6121,2be9ba53c0d1806a1502dff5b57ef3767bd09fabf655634cb844d9f2ac2087c0,0,full_declared_day,153f2686a97e34b41099eda91952d787a1cd6c17a5aa81869ab7d08d479584be,153f2686a97e34b41099eda91952d787a1cd6c17a5aa81869ab7d08d479584be,risk_aligned_declaration_witness,0.998999999999998,1.0349999999999977,13392.43004829858,13392.641474526252,-0.2114262276718364,-0.2114262276749974,0.0,0.0,0.0,0.0,-0.2114262276718364,-0.2114262276718364,0.0,1,0.7505426553007547,0.7505403154984481,1.0000000000000004,1.0000000000000002,37,True
63,74,6122,2be9ba53c0d1806a1502dff5b57ef3767bd09fabf655634cb844d9f2ac2087c0,0,full_declared_day,153f2686a97e34b41099eda91952d787a1cd6c17a5aa81869ab7d08d479584be,153f2686a97e34b41099eda91952d787a1cd6c17a5aa81869ab7d08d479584be,risk_aligned_declaration_witness,0.980999999999998,1.0349999999999977,13392.328698931202,13392.641474526252,-0.3127755950499704,-0.3127755950499975,0.0,0.0,0.0,0.0,-0.3127755950499704,-0.3127755950499704,0.0,1,0.7505437114160931,0.7505403154984481,1.0000000000000002,1.0000000000000002,37,True
63,75,6123,2be9ba53c0d1806a1502dff5b57ef3767bd09fabf655634cb844d9f2ac2087c0,0,full_declared_day,153f2686a97e34b41099eda91952d787a1cd6c17a5aa81869ab7d08d479584be,153f2686a97e34b41099eda91952d787a1cd6c17a5aa81869ab7d08d479584be,risk_aligned_declaration_witness,1.002999999999998,1.0569999999999975,13392.46226759458,13392.775043189627,-0.3127755950481514,-0.3127755950499975,0.0,0.0,0.0,0.0,-0.3127755950481514,-0.3127755950481514,0.0,1,0.7505421677510906,0.750538771833446,1.0000000000000004,1.0000000000000004,37,True
63,76,6124,2be9ba53c0d1806a1502dff5b57ef3767bd09fabf655634cb844d9f2ac2087c0,0,full_declared_day,153f2686a97e34b41099eda91952d787a1cd6c17a5aa81869ab7d08d479584be,153f2686a97e34b41099eda91952d787a1cd6c17a5aa81869ab7d08d479584be,risk_aligned_declaration_witness,1.044999999999998,1.0989999999999975,13392.705165675869,13393.017941270917,-0.3127755950499704,-0.3127755950499975,0.0,0.0,0.0,0.0,-0.3127755950499704,-0.3127755950499704,0.0,1,0.750539324195918,0.7505359282782731,1.0000000000000002,1.0000000000000004,37,True
63,77,6125,2be9ba53c0d1806a1502dff5b57ef3767bd09fabf655634cb844d9f2ac2087c0,0,full_declared_day,153f2686a97e34b41099eda91952d787a1cd6c17a5aa81869ab7d08d479584be,153f2686a97e34b41099eda91952d787a1cd6c17a5aa81869ab7d08d479584be,risk_aligned_declaration_witness,1.060999999999998,1.1229999999999976,13392.799132888167,13393.150164596442,-0.3510317082746041,-0.3510317082749976,0.0,0.0084171763036518,0.0,0.0,-0.3510317082746041,-0.3510317082746041,0.0,1,0.7505382842837819,0.7505345797784968,1.0000000000000004,1.0000000000000004,37,True
63,78,6126,2be9ba53c0d1806a1502dff5b57ef3767bd09fabf655634cb844d9f2ac2087c0,0,full_declared_day,153f2686a97e34b41099eda91952d787a1cd6c17a5aa81869ab7d08d479584be,153f2686a97e34b41099eda91952d787a1cd6c17a5aa81869ab7d08d479584be,risk_aligned_declaration_witness,1.060999999999998,1.1229999999999976,13392.799132888167,13393.150164596442,-0.3510317082746041,-0.3510317082749976,0.0,0.0542043324005805,0.0,0.0,-0.3510317082746041,-0.3510317082746041,0.0,1,0.7505382842837819,0.7505345797784968,1.0000000000000004,1.0000000000000004,37,True
63,79,6127,2be9ba53c0d1806a1502dff5b57ef3767bd09fabf655634cb844d9f2ac2087c0,0,full_declared_day,153f2686a97e34b41099eda91952d787a1cd6c17a5aa81869ab7d08d479584be,153f2686a97e34b41099eda91952d787a1cd6c17a5aa81869ab7d08d479584be,risk_aligned_declaration_witness,1.060999999999998,1.1249999999999976,13392.799132888167,13393.17380594644,-0.3746730582734017,-0.3746730582749976,0.0,0.0552328095354117,0.0,0.0,-0.3746730582734017,-0.3746730582734017,0.0,1,0.7505382842837819,0.7505345797784968,1.0000000000000004,1.0000000000000004,37,True
63,80,6128,2be9ba53c0d1806a1502dff5b57ef3767bd09fabf655634cb844d9f2ac2087c0,0,full_declared_day,153f2686a97e34b41099eda91952d787a1cd6c17a5aa81869ab7d08d479584be,153f2686a97e34b41099eda91952d787a1cd6c17a5aa81869ab7d08d479584be,risk_aligned_declaration_witness,1.068999999999998,1.1329999999999976,13392.846116494316,13393.22078955259,-0.3746730582734017,-0.3746730582749976,0.0,0.1102250384052096,0.0,0.0,-0.3746730582734017,-0.3746730582734017,0.0,1,0.7505377643277136,0.7505340598224286,1.0000000000000004,1.0000000000000004,37,True
63,81,6129,2be9ba53c0d1806a1502dff5b57ef3767bd09fabf655634cb844d9f2ac2087c0,0,full_declared_day,153f2686a97e34b41099eda91952d787a1cd6c17a5aa81869ab7d08d479584be,153f2686a97e34b41099eda91952d787a1cd6c17a5aa81869ab7d08d479584be,risk_aligned_declaration_witness,1.084999999999998,1.1449999999999976,13392.940083706617,13393.283733259816,-0.343649553198702,-0.3436495531999975,0.0,0.0534321907531189,0.0,0.0,-0.343649553198702,-0.343649553198702,0.0,1,0.750536724415577,0.7505330523166961,1.0,1.0,37,True
63,82,6130,2be9ba53c0d1806a1502dff5b57ef3767bd09fabf655634cb844d9f2ac2087c0,0,full_declared_day,153f2686a97e34b41099eda91952d787a1cd6c17a5aa81869ab7d08d479584be,153f2686a97e34b41099eda91952d787a1cd6c17a5aa81869ab7d08d479584be,risk_aligned_declaration_witness,1.098999999999998,1.1649999999999978,13393.017941270917,13393.40119227519,-0.3832510042739159,-0.3832510042749976,0.0,0.1483938173340625,0.0,0.0,-0.3832510042739159,-0.3832510042739159,0.0,1,0.7505359282782731,0.750531752426526,1.0000000000000004,1.0000000000000002,37,True
63,83,6131,2be9ba53c0d1806a1502dff5b57ef3767bd09fabf655634cb844d9f2ac2087c0,0,full_declared_day,153f2686a97e34b41099eda91952d787a1cd6c17a5aa81869ab7d08d479584be,153f2686a97e34b41099eda91952d787a1cd6c17a5aa81869ab7d08d479584be,risk_aligned_declaration_witness,1.087999999999998,1.1539999999999977,13392.951156939229,13393.334407943505,-0.3832510042757349,-0.3832510042749976,0.0,0.1649871762247878,0.0,0.0,-0.3832510042757349,-0.3832510042757349,0.0,1,0.7505367082123754,0.7505325323606283,1.0000000000000004,1.0000000000000004,37,True
63,84,6132,2be9ba53c0d1806a1502dff5b57ef3767bd09fabf655634cb844d9f2ac2087c0,0,full_declared_day,153f2686a97e34b41099eda91952d787a1cd6c17a5aa81869ab7d08d479584be,153f2686a97e34b41099eda91952d787a1cd6c17a5aa81869ab7d08d479584be,risk_aligned_declaration_witness,1.085999999999998,1.1459999999999977,13392.943774784157,13393.296151830278,-0.3523770461233653,-0.3523770461249975,0.0,0.06492942267387,0.0,0.0,-0.3523770461233653,-0.3523770461233653,0.0,1,0.750536724415577,0.750532824745066,1.0,1.0,37,True
63,85,6133,2be9ba53c0d1806a1502dff5b57ef3767bd09fabf655634cb844d9f2ac2087c0,0,full_declared_day,153f2686a97e34b41099eda91952d787a1cd6c17a5aa81869ab7d08d479584be,153f2686a97e34b41099eda91952d787a1cd6c17a5aa81869ab7d08d479584be,risk_aligned_declaration_witness,1.0649999999999982,1.1249999999999976,13392.82202679578,13393.174403841904,-0.3523770461251843,-0.3523770461249975,0.0,0.0,0.0,0.0,-0.3523770461251843,-0.3523770461251843,0.0,1,0.7505382680805798,0.7505343684100687,1.0000000000000004,1.0000000000000004,37,True
63,86,6134,2be9ba53c0d1806a1502dff5b57ef3767bd09fabf655634cb844d9f2ac2087c0,0,full_declared_day,153f2686a97e34b41099eda91952d787a1cd6c17a5aa81869ab7d08d479584be,153f2686a97e34b41099eda91952d787a1cd6c17a5aa81869ab7d08d479584be,risk_aligned_declaration_witness,1.0649999999999982,1.1249999999999976,13392.82202679578,13393.174403841904,-0.3523770461251843,-0.3523770461249975,0.0,0.0589840533564617,0.0,0.0,-0.3523770461251843,-0.3523770461251843,0.0,1,0.7505382680805798,0.7505343684100687,1.0000000000000004,1.0000000000000004,37,True
63,87,6135,2be9ba53c0d1806a1502dff5b57ef3767bd09fabf655634cb844d9f2ac2087c0,0,full_declared_day,153f2686a97e34b41099eda91952d787a1cd6c17a5aa81869ab7d08d479584be,153f2686a97e34b41099eda91952d787a1cd6c17a5aa81869ab7d08d479584be,risk_aligned_declaration_witness,1.067999999999998,1.1279999999999974,13392.841229625854,13393.193606671975,-0.3523770461233653,-0.3523770461249975,0.0,0.0,0.0,0.0,-0.3523770461233653,-0.3523770461233653,0.0,1,0.7505382518773774,0.7505343522068667,1.0,1.0000000000000002,37,True
63,88,6136,2be9ba53c0d1806a1502dff5b57ef3767bd09fabf655634cb844d9f2ac2087c0,0,full_declared_day,153f2686a97e34b41099eda91952d787a1cd6c17a5aa81869ab7d08d479584be,153f2686a97e34b41099eda91952d787a1cd6c17a5aa81869ab7d08d479584be,risk_aligned_declaration_witness,1.068999999999998,1.1289999999999978,13392.845518598857,13393.197895644978,-0.3523770461233653,-0.3523770461249975,0.0,0.0,0.0,0.0,-0.3523770461233653,-0.3523770461233653,0.0,1,0.7505380081025453,0.7505341084320347,1.0,1.0000000000000002,37,True
63,89,6137,2be9ba53c0d1806a1502dff5b57ef3767bd09fabf655634cb844d9f2ac2087c0,0,full_declared_day,153f2686a97e34b41099eda91952d787a1cd6c17a5aa81869ab7d08d479584be,153f2686a97e34b41099eda91952d787a1cd6c17a5aa81869ab7d08d479584be,risk_aligned_declaration_witness,1.068999999999998,1.1289999999999978,13392.845518598857,13393.197895644978,-0.3523770461233653,-0.3523770461249975,0.0,0.0,0.0,0.0,-0.3523770461233653,-0.3523770461233653,0.0,1,0.7505380081025453,0.7505341084320347,1.0,1.0000000000000002,37,True
63,90,6138,2be9ba53c0d1806a1502dff5b57ef3767bd09fabf655634cb844d9f2ac2087c0,0,full_declared_day,153f2686a97e34b41099eda91952d787a1cd6c17a5aa81869ab7d08d479584be,153f2686a97e34b41099eda91952d787a1cd6c17a5aa81869ab7d08d479584be,risk_aligned_declaration_witness,1.070999999999998,1.1289999999999978,13392.854096544856,13393.197895644978,-0.3437991001228511,-0.3437991001249975,0.0,0.0,0.0,0.0,-0.3437991001228511,-0.3437991001228511,0.0,1,0.7505375205528813,0.7505341084320347,1.0,1.0000000000000002,37,True
63,91,6139,2be9ba53c0d1806a1502dff5b57ef3767bd09fabf655634cb844d9f2ac2087c0,0,full_declared_day,153f2686a97e34b41099eda91952d787a1cd6c17a5aa81869ab7d08d479584be,153f2686a97e34b41099eda91952d787a1cd6c17a5aa81869ab7d08d479584be,risk_aligned_declaration_witness,1.070999999999998,1.1289999999999978,13392.854096544856,13393.197895644978,-0.3437991001228511,-0.3437991001249975,0.0,0.0,0.0,0.0,-0.3437991001228511,-0.3437991001228511,0.0,1,0.7505375205528813,0.7505341084320347,1.0,1.0000000000000002,37,True
63,92,6140,2be9ba53c0d1806a1502dff5b57ef3767bd09fabf655634cb844d9f2ac2087c0,0,full_declared_day,153f2686a97e34b41099eda91952d787a1cd6c17a5aa81869ab7d08d479584be,153f2686a97e34b41099eda91952d787a1cd6c17a5aa81869ab7d08d479584be,risk_aligned_declaration_witness,1.061999999999998,1.1239999999999974,13392.818485265165,13393.17944025729,-0.3609549921256985,-0.3609549921249975,0.0,0.0675424885261183,0.0,0.0,-0.3609549921256985,-0.3609549921256985,0.0,1,0.7505385280586138,0.7505341408384386,1.0000000000000004,1.0000000000000002,37,True
63,93,6141,2be9ba53c0d1806a1502dff5b57ef3767bd09fabf655634cb844d9f2ac2087c0,0,full_declared_day,153f2686a97e34b41099eda91952d787a1cd6c17a5aa81869ab7d08d479584be,153f2686a97e34b41099eda91952d787a1cd6c17a5aa81869ab7d08d479584be,risk_aligned_declaration_witness,1.076999999999998,1.1379999999999977,13392.900631802466,13393.257895717054,-0.3572639145877474,-0.3572639145874975,0.0,0.0,0.0,0.0,-0.3572639145877474,-0.3572639145877474,0.0,1,0.7505374881464775,0.7505331171295044,1.0000000000000002,1.0000000000000004,37,True
63,94,6142,2be9ba53c0d1806a1502dff5b57ef3767bd09fabf655634cb844d9f2ac2087c0,0,full_declared_day,153f2686a97e34b41099eda91952d787a1cd6c17a5aa81869ab7d08d479584be,153f2686a97e34b41099eda91952d787a1cd6c17a5aa81869ab7d08d479584be,risk_aligned_declaration_witness,1.0789999999999982,1.1379999999999977,13392.900482255542,13393.249168224129,-0.3486859685872332,-0.3486859685874975,0.0,1.233182112135578e-05,0.0,0.0,-0.3486859685872332,-0.3486859685872332,0.0,1,0.7505372281684431,0.7505333447011342,1.0,1.0,37,True
63,95,6143,2be9ba53c0d1806a1502dff5b57ef3767bd09fabf655634cb844d9f2ac2087c0,0,full_declared_day,153f2686a97e34b41099eda91952d787a1cd6c17a5aa81869ab7d08d479584be,153f2686a97e34b41099eda91952d787a1cd6c17a5aa81869ab7d08d479584be,risk_aligned_declaration_witness,1.085999999999998,1.1449999999999976,13392.943774784157,13393.292460752742,-0.3486859685872332,-0.3486859685874975,0.0,0.0126530031568129,0.0,0.0,-0.3486859685872332,-0.3486859685872332,0.0,1,0.750536740618779,0.7505328409482681,1.0,1.0,37,True
64,0,6144,2be9ba53c0d1806a1502dff5b57ef3767bd09fabf655634cb844d9f2ac2087c0,0,full_declared_day,153f2686a97e34b41099eda91952d787a1cd6c17a5aa81869ab7d08d479584be,153f2686a97e34b41099eda91952d787a1cd6c17a5aa81869ab7d08d479584be,risk_aligned_declaration_witness,1.084999999999998,1.0879999999999976,13392.939485811154,13392.950559043767,-0.0110732326138531,-0.0110732326124972,2.775557561562892e-17,0.053000460917907,0.0,0.0,-0.0110732326138531,-0.0110732326138531,0.0,1,0.7505370005968129,0.7505369681904089,1.0,1.0,37,True
64,1,6145,2be9ba53c0d1806a1502dff5b57ef3767bd09fabf655634cb844d9f2ac2087c0,0,full_declared_day,153f2686a97e34b41099eda91952d787a1cd6c17a5aa81869ab7d08d479584be,153f2686a97e34b41099eda91952d787a1cd6c17a5aa81869ab7d08d479584be,risk_aligned_declaration_witness,1.103999999999998,1.1039999999999976,13393.059589660068,13393.059589660068,0.0,2.7466302988943256e-15,1.52655665885959e-16,0.0,0.0,0.0,0.0,0.0,0.0,0,0.7505364158279372,0.7505364158279372,1.0000000000000002,1.0000000000000002,37,True
64,2,6146,2be9ba53c0d1806a1502dff5b57ef3767bd09fabf655634cb844d9f2ac2087c0,0,full_declared_day,153f2686a97e34b41099eda91952d787a1cd6c17a5aa81869ab7d08d479584be,153f2686a97e34b41099eda91952d787a1cd6c17a5aa81869ab7d08d479584be,risk_aligned_declaration_witness,1.109999999999998,1.1039999999999976,13393.114254515142,13393.059589660068,0.0546648550734971,0.0546648550750027,0.0015000000000001,0.0,0.0,0.0,0.0546648550734971,0.0546648550734971,0.0546648550734971,0,0.7505363834215332,0.7505363834215332,1.0000000000000002,1.0000000000000004,37,True
64,3,6147,2be9ba53c0d1806a1502dff5b57ef3767bd09fabf655634cb844d9f2ac2087c0,0,full_declared_day,153f2686a97e34b41099eda91952d787a1cd6c17a5aa81869ab7d08d479584be,153f2686a97e34b41099eda91952d787a1cd6c17a5aa81869ab7d08d479584be,risk_aligned_declaration_witness,1.107999999999998,1.1079999999999977,13393.090613165145,13393.090613165145,0.0,2.7466302988943256e-15,1.52655665885959e-16,0.0,0.0,0.0,0.0,0.0,0.0,0,0.7505363834215332,0.7505363834215332,1.0000000000000002,1.0000000000000002,37,True
64,4,6148,2be9ba53c0d1806a1502dff5b57ef3767bd09fabf655634cb844d9f2ac2087c0,0,full_declared_day,153f2686a97e34b41099eda91952d787a1cd6c17a5aa81869ab7d08d479584be,153f2686a97e34b41099eda91952d787a1cd6c17a5aa81869ab7d08d479584be,risk_aligned_declaration_witness,1.094999999999998,1.1009999999999975,13393.009512871842,13393.064177726914,-0.0546648550716781,-0.0546648550749973,1.249000902703301e-16,0.0215263228544193,0.0,0.0,-0.0546648550716781,-0.0546648550716781,0.0,1,0.7505366920091733,0.7505366920091734,1.0000000000000004,1.0000000000000004,37,True
64,5,6149,2be9ba53c0d1806a1502dff5b57ef3767bd09fabf655634cb844d9f2ac2087c0,0,full_declared_day,153f2686a97e34b41099eda91952d787a1cd6c17a5aa81869ab7d08d479584be,153f2686a97e34b41099eda91952d787a1cd6c17a5aa81869ab7d08d479584be,risk_aligned_declaration_witness,1.092999999999998,1.0929999999999975,13392.98587152184,13392.98587152184,0.0,2.7466302988943256e-15,1.52655665885959e-16,0.0,0.0,0.0,0.0,0.0,0.0,0,0.7505366920091733,0.7505366920091733,1.0000000000000004,1.0000000000000004,37,True
64,6,6150,2be9ba53c0d1806a1502dff5b57ef3767bd09fabf655634cb844d9f2ac2087c0,0,full_declared_day,153f2686a97e34b41099eda91952d787a1cd6c17a5aa81869ab7d08d479584be,153f2686a97e34b41099eda91952d787a1cd6c17a5aa81869ab7d08d479584be,risk_aligned_declaration_witness,1.098999999999998,1.0989999999999975,13393.033004674917,13393.033004674917,0.0,2.7466302988943256e-15,1.52655665885959e-16,0.0,0.0,0.0,0.0,0.0,0.0,0,0.7505364158279372,0.7505364158279372,1.0000000000000004,1.0000000000000004,37,True
64,7,6151,2be9ba53c0d1806a1502dff5b57ef3767bd09fabf655634cb844d9f2ac2087c0,0,full_declared_day,153f2686a97e34b41099eda91952d787a1cd6c17a5aa81869ab7d08d479584be,153f2686a97e34b41099eda91952d787a1cd6c17a5aa81869ab7d08d479584be,risk_aligned_declaration_witness,1.095999999999998,1.0959999999999974,13393.021333546843,13393.021333546843,0.0,2.7466302988943256e-15,1.52655665885959e-16,0.007339291609201,0.0,0.0,0.0,0.0,0.0,0,0.7505366758059708,0.7505366758059708,1.0,1.0,37,True
64,8,6152,2be9ba53c0d1806a1502dff5b57ef3767bd09fabf655634cb844d9f2ac2087c0,0,full_declared_day,153f2686a97e34b41099eda91952d787a1cd6c17a5aa81869ab7d08d479584be,153f2686a97e34b41099eda91952d787a1cd6c17a5aa81869ab7d08d479584be,risk_aligned_declaration_witness,1.0949999999999982,1.0949999999999975,13393.009512871842,13393.009512871842,0.0,2.7466302988943256e-15,1.52655665885959e-16,0.0043251247620815,0.0,0.0,0.0,0.0,0.0,0,0.7505366758059708,0.7505366758059708,1.0,1.0,37,True
64,9,6153,2be9ba53c0d1806a1502dff5b57ef3767bd09fabf655634cb844d9f2ac2087c0,0,full_declared_day,153f2686a97e34b41099eda91952d787a1cd6c17a5aa81869ab7d08d479584be,153f2686a97e34b41099eda91952d787a1cd6c17a5aa81869ab7d08d479584be,risk_aligned_declaration_witness,1.094999999999998,1.0919999999999974,13392.992655781454,13392.98098465338,0.0116711280734307,0.0116711280750027,0.0007500000000001,0.0026698891619991,0.0,0.0,0.0116711280734307,0.0116711280734307,0.0116711280734307,0,0.7505369033776014,0.7505371633556354,1.0000000000000004,1.0000000000000002,37,True
64,10,6154,2be9ba53c0d1806a1502dff5b57ef3767bd09fabf655634cb844d9f2ac2087c0,0,full_declared_day,153f2686a97e34b41099eda91952d787a1cd6c17a5aa81869ab7d08d479584be,153f2686a97e34b41099eda91952d787a1cd6c17a5aa81869ab7d08d479584be,risk_aligned_declaration_witness,1.093999999999998,1.0909999999999975,13392.988964703916,13392.977293575845,0.0116711280734307,0.0116711280750027,0.0007500000000001,0.0,0.0,0.0,0.0116711280734307,0.0116711280734307,0.0116711280734307,0,0.7505369033776014,0.750537163355635,1.0000000000000004,1.0,37,True
64,11,6155,2be9ba53c0d1806a1502dff5b57ef3767bd09fabf655634cb844d9f2ac2087c0,0,full_declared_day,153f2686a97e34b41099eda91952d787a1cd6c17a5aa81869ab7d08d479584be,153f2686a97e34b41099eda91952d787a1cd6c17a5aa81869ab7d08d479584be,risk_aligned_declaration_witness,1.093999999999998,1.0929999999999978,13392.98956259938,13392.98587152184,0.00369107753977,0.0036910775375027,0.0002500000000001,0.0,0.0,0.0,0.00369107753977,0.00369107753977,0.00369107753977,0,0.7505366596027688,0.7505366758059708,1.0,1.0,37,True
64,12,6156,2be9ba53c0d1806a1502dff5b57ef3767bd09fabf655634cb844d9f2ac2087c0,0,full_declared_day,153f2686a97e34b41099eda91952d787a1cd6c17a5aa81869ab7d08d479584be,153f2686a97e34b41099eda91952d787a1cd6c17a5aa81869ab7d08d479584be,risk_aligned_declaration_witness,1.093999999999998,1.0929999999999978,13392.99769219684,13392.98587152184,0.0118206750012177,0.0118206750000027,0.0002500000000001,0.0050938920091606,0.0,0.0,0.0118206750012177,0.0118206750012177,0.0118206750012177,0,0.7505366758059708,0.7505366758059708,1.0,1.0,37,True
64,13,6157,2be9ba53c0d1806a1502dff5b57ef3767bd09fabf655634cb844d9f2ac2087c0,0,full_declared_day,153f2686a97e34b41099eda91952d787a1cd6c17a5aa81869ab7d08d479584be,153f2686a97e34b41099eda91952d787a1cd6c17a5aa81869ab7d08d479584be,risk_aligned_declaration_witness,1.095999999999998,1.0989999999999975,13393.005074351917,13393.016745479992,-0.0116711280752497,-0.0116711280749972,2.775557561562892e-17,0.0692337797196062,0.0,0.0,-0.0116711280752497,-0.0116711280752497,0.0,1,0.7505366433995673,0.7505363834215332,1.0000000000000002,1.0000000000000002,37,True
64,14,6158,2be9ba53c0d1806a1502dff5b57ef3767bd09fabf655634cb844d9f2ac2087c0,0,full_declared_day,153f2686a97e34b41099eda91952d787a1cd6c17a5aa81869ab7d08d479584be,153f2686a97e34b41099eda91952d787a1cd6c17a5aa81869ab7d08d479584be,risk_aligned_declaration_witness,1.0969999999999982,1.1019999999999976,13393.001831622914,13393.029014503529,-0.0271828806144185,-0.0271828806124972,0.0,0.0891835895658873,0.0,0.0,-0.0271828806144185,-0.0271828806144185,0.0,1,0.7505361558499033,0.7505358796686671,1.0000000000000002,1.0000000000000002,37,True
64,15,6159,2be9ba53c0d1806a1502dff5b57ef3767bd09fabf655634cb844d9f2ac2087c0,0,full_declared_day,153f2686a97e34b41099eda91952d787a1cd6c17a5aa81869ab7d08d479584be,153f2686a97e34b41099eda91952d787a1cd6c17a5aa81869ab7d08d479584be,risk_aligned_declaration_witness,1.0949999999999982,1.0949999999999975,13392.994449467842,13392.994449467842,0.0,2.7466302988943256e-15,1.52655665885959e-16,0.0255112519304172,0.0,0.0,0.0,0.0,0.0,0,0.7505361882563067,0.7505361882563067,1.0,1.0,37,True
64,16,6160,2be9ba53c0d1806a1502dff5b57ef3767bd09fabf655634cb844d9f2ac2087c0,0,full_declared_day,153f2686a97e34b41099eda91952d787a1cd6c17a5aa81869ab7d08d479584be,153f2686a97e34b41099eda91952d787a1cd6c17a5aa81869ab7d08d479584be,risk_aligned_declaration_witness,1.1049999999999982,1.1049999999999978,13393.056944826529,13393.056944826529,0.0,2.7466302988943256e-15,1.52655665885959e-16,0.0,0.0,0.0,0.0,0.0,0.0,0,0.750535668300239,0.750535668300239,1.0000000000000002,1.0000000000000002,37,True
64,17,6161,2be9ba53c0d1806a1502dff5b57ef3767bd09fabf655634cb844d9f2ac2087c0,0,full_declared_day,153f2686a97e34b41099eda91952d787a1cd6c17a5aa81869ab7d08d479584be,153f2686a97e34b41099eda91952d787a1cd6c17a5aa81869ab7d08d479584be,risk_aligned_declaration_witness,1.137999999999998,1.1359999999999977,13393.205530759504,13393.198148604428,0.0073821550759021,0.0073821550750027,0.0005000000000001,0.0,0.0,0.0,0.0073821550759021,0.0073821550759021,0.0073821550759021,0,0.7505346283881024,0.7505346283881024,1.0,1.0,37,True
64,18,6162,2be9ba53c0d1806a1502dff5b57ef3767bd09fabf655634cb844d9f2ac2087c0,0,full_declared_day,153f2686a97e34b41099eda91952d787a1cd6c17a5aa81869ab7d08d479584be,153f2686a97e34b41099eda91952d787a1cd6c17a5aa81869ab7d08d479584be,risk_aligned_declaration_witness,1.139999999999998,1.1379999999999977,13393.229172109506,13393.221789954428,0.0073821550777211,0.0073821550750027,0.0005000000000001,0.0,0.0,0.0,0.0073821550777211,0.0073821550777211,0.0073821550777211,0,0.7505346283881024,0.7505346283881024,1.0,1.0,37,True
64,19,6163,2be9ba53c0d1806a1502dff5b57ef3767bd09fabf655634cb844d9f2ac2087c0,0,full_declared_day,153f2686a97e34b41099eda91952d787a1cd6c17a5aa81869ab7d08d479584be,153f2686a97e34b41099eda91952d787a1cd6c17a5aa81869ab7d08d479584be,risk_aligned_declaration_witness,1.1719999999999982,1.1699999999999977,13393.383392353328,13393.374814407329,0.0085779459986952,0.0085779460000027,0.0005000000000001,0.0,0.0,0.0,0.0085779459986952,0.0085779459986952,0.0085779459986952,0,0.7505331009263025,0.7505335884759665,1.0000000000000004,1.0000000000000004,37,True
64,20,6164,2be9ba53c0d1806a1502dff5b57ef3767bd09fabf655634cb844d9f2ac2087c0,0,full_declared_day,153f2686a97e34b41099eda91952d787a1cd6c17a5aa81869ab7d08d479584be,153f2686a97e34b41099eda91952d787a1cd6c17a5aa81869ab7d08d479584be,risk_aligned_declaration_witness,1.1909999999999985,1.1859999999999975,13393.462250319466,13393.433871647929,0.0283786715390306,0.0283786715375027,0.0012500000000001,0.0,0.0,0.0,0.0283786715390306,0.0283786715390306,0.0283786715390306,0,0.7505325979002381,0.7505333292247341,1.0000000000000002,1.0000000000000002,37,True
64,21,6165,2be9ba53c0d1806a1502dff5b57ef3767bd09fabf655634cb844d9f2ac2087c0,0,full_declared_day,153f2686a97e34b41099eda91952d787a1cd6c17a5aa81869ab7d08d479584be,153f2686a97e34b41099eda91952d787a1cd6c17a5aa81869ab7d08d479584be,risk_aligned_declaration_witness,1.1879999999999982,1.1939999999999975,13393.43312420554,13393.465193954617,-0.0320697490751626,-0.0320697490749972,1.249000902703301e-16,0.0668577653201084,0.0,0.0,-0.0320697490751626,-0.0320697490751626,0.0,1,0.7505333130215321,0.750532581697036,1.0000000000000002,1.0000000000000002,37,True
64,22,6166,2be9ba53c0d1806a1502dff5b57ef3767bd09fabf655634cb844d9f2ac2087c0,0,full_declared_day,153f2686a97e34b41099eda91952d787a1cd6c17a5aa81869ab7d08d479584be,153f2686a97e34b41099eda91952d787a1cd6c17a5aa81869ab7d08d479584be,risk_aligned_declaration_witness,1.1989999999999983,1.2039999999999975,13393.499908537227,13393.519559715842,-0.0196511786143673,-0.0196511786124972,1.52655665885959e-16,0.0555306694452873,0.0,0.0,-0.0196511786143673,-0.0196511786143673,0.0,1,0.7505325330874301,0.7505320455377661,1.0000000000000002,1.0000000000000004,37,True
64,23,6167,2be9ba53c0d1806a1502dff5b57ef3767bd09fabf655634cb844d9f2ac2087c0,0,full_declared_day,153f2686a97e34b41099eda91952d787a1cd6c17a5aa81869ab7d08d479584be,153f2686a97e34b41099eda91952d787a1cd6c17a5aa81869ab7d08d479584be,risk_aligned_declaration_witness,1.2049999999999983,1.204999999999998,13393.547041690304,13393.547041690304,0.0,2.7466302988943256e-15,1.52655665885959e-16,0.0,0.0,0.0,0.0,0.0,0.0,0,0.7505322893125982,0.7505322893125982,1.0000000000000004,1.0000000000000004,37,True
64,24,6168,2be9ba53c0d1806a1502dff5b57ef3767bd09fabf655634cb844d9f2ac2087c0,0,full_declared_day,153f2686a97e34b41099eda91952d787a1cd6c17a5aa81869ab7d08d479584be,153f2686a97e34b41099eda91952d787a1cd6c17a5aa81869ab7d08d479584be,risk_aligned_declaration_witness,1.2049999999999983,1.204999999999998,13393.547041690304,13393.547041690304,0.0,2.7466302988943256e-15,1.52655665885959e-16,0.0,0.0,0.0,0.0,0.0,0.0,0,0.7505322893125982,0.7505322893125982,1.0000000000000004,1.0000000000000004,37,True
64,25,6169,2be9ba53c0d1806a1502dff5b57ef3767bd09fabf655634cb844d9f2ac2087c0,0,full_declared_day,153f2686a97e34b41099eda91952d787a1cd6c17a5aa81869ab7d08d479584be,153f2686a97e34b41099eda91952d787a1cd6c17a5aa81869ab7d08d479584be,risk_aligned_declaration_witness,1.2209999999999983,1.220999999999998,13393.634075096066,13393.634075096066,0.0,2.7466302988943256e-15,1.52655665885959e-16,0.1443112692299717,0.0,0.0,0.0,0.0,0.0,0,0.7505307618507975,0.7505307618507975,1.0,1.0,37,True
64,26,6170,2be9ba53c0d1806a1502dff5b57ef3767bd09fabf655634cb844d9f2ac2087c0,0,full_declared_day,153f2686a97e34b41099eda91952d787a1cd6c17a5aa81869ab7d08d479584be,153f2686a97e34b41099eda91952d787a1cd6c17a5aa81869ab7d08d479584be,risk_aligned_declaration_witness,1.2209999999999983,1.220999999999998,13393.634075096066,13393.634075096066,0.0,2.7466302988943256e-15,1.52655665885959e-16,0.1289810906803756,0.0,0.0,0.0,0.0,0.0,0,0.7505307618507975,0.7505307618507975,1.0,1.0,37,True
64,27,6171,2be9ba53c0d1806a1502dff5b57ef3767bd09fabf655634cb844d9f2ac2087c0,0,full_declared_day,153f2686a97e34b41099eda91952d787a1cd6c17a5aa81869ab7d08d479584be,153f2686a97e34b41099eda91952d787a1cd6c17a5aa81869ab7d08d479584be,risk_aligned_declaration_witness,1.226999999999998,1.220999999999998,13393.672480756217,13393.634075096066,0.0384056601487827,0.0384056601500027,0.0015000000000001,0.0,0.0,0.0,0.0384056601487827,0.0384056601487827,0.0384056601487827,0,0.7505307456475955,0.7505307618507975,1.0,1.0,37,True
64,28,6172,2be9ba53c0d1806a1502dff5b57ef3767bd09fabf655634cb844d9f2ac2087c0,0,full_declared_day,153f2686a97e34b41099eda91952d787a1cd6c17a5aa81869ab7d08d479584be,153f2686a97e34b41099eda91952d787a1cd6c17a5aa81869ab7d08d479584be,risk_aligned_declaration_witness,1.2249999999999983,1.220999999999998,13393.665098601145,13393.634075096066,0.0310235050765186,0.0310235050750027,0.0010000000000001,0.0,0.0,0.0,0.0310235050765186,0.0310235050765186,0.0310235050765186,0,0.7505307618507974,0.7505307618507975,1.0,1.0,37,True
64,29,6173,2be9ba53c0d1806a1502dff5b57ef3767bd09fabf655634cb844d9f2ac2087c0,0,full_declared_day,153f2686a97e34b41099eda91952d787a1cd6c17a5aa81869ab7d08d479584be,153f2686a97e34b41099eda91952d787a1cd6c17a5aa81869ab7d08d479584be,risk_aligned_declaration_witness,1.2229999999999983,1.220999999999998,13393.64145725114,13393.634075096066,0.0073821550740831,0.0073821550750027,0.0005000000000001,0.0,0.0,0.0,0.0073821550740831,0.0073821550740831,0.0073821550740831,0,0.7505307618507974,0.7505307618507975,1.0,1.0,37,True
64,30,6174,2be9ba53c0d1806a1502dff5b57ef3767bd09fabf655634cb844d9f2ac2087c0,0,full_declared_day,153f2686a97e34b41099eda91952d787a1cd6c17a5aa81869ab7d08d479584be,153f2686a97e34b41099eda91952d787a1cd6c17a5aa81869ab7d08d479584be,risk_aligned_declaration_witness,1.2249999999999983,1.2229999999999976,13393.65756689914,13393.64145725114,0.0161096480005653,0.0161096480000027,0.0005000000000001,0.0348409042394175,0.0,0.0,0.0161096480005653,0.0161096480005653,0.0161096480005653,0,0.7505305180759654,0.7505307618507974,1.0,1.0,37,True
64,31,6175,2be9ba53c0d1806a1502dff5b57ef3767bd09fabf655634cb844d9f2ac2087c0,0,full_declared_day,153f2686a97e34b41099eda91952d787a1cd6c17a5aa81869ab7d08d479584be,153f2686a97e34b41099eda91952d787a1cd6c17a5aa81869ab7d08d479584be,risk_aligned_declaration_witness,1.2229999999999983,1.2289999999999976,13393.650184744069,13393.688590404216,-0.0384056601506017,-0.0384056601499972,0.0,0.1814817498192831,0.0,0.0,-0.0384056601506017,-0.0384056601506017,0.0,1,0.7505305180759654,0.7505305018727634,1.0,1.0,37,True
64,32,6176,2be9ba53c0d1806a1502dff5b57ef3767bd09fabf655634cb844d9f2ac2087c0,0,full_declared_day,153f2686a97e34b41099eda91952d787a1cd6c17a5aa81869ab7d08d479584be,153f2686a97e34b41099eda91952d787a1cd6c17a5aa81869ab7d08d479584be,risk_aligned_declaration_witness,1.2059999999999982,1.2119999999999975,13393.578708933004,13393.62584208608,-0.047133153075265,-0.0471331530749972,1.249000902703301e-16,0.1746051637935012,0.0,0.0,-0.047133153075265,-0.047133153075265,0.0,1,0.7505307618507977,0.7505305180759656,1.0000000000000002,1.0000000000000002,37,True
64,33,6177,2be9ba53c0d1806a1502dff5b57ef3767bd09fabf655634cb844d9f2ac2087c0,0,full_declared_day,153f2686a97e34b41099eda91952d787a1cd6c17a5aa81869ab7d08d479584be,153f2686a97e34b41099eda91952d787a1cd6c17a5aa81869ab7d08d479584be,risk_aligned_declaration_witness,1.2059999999999982,1.2079999999999975,13393.578708933004,13393.586091088077,-0.0073821550722641,-0.0073821550749972,1.52655665885959e-16,0.1593090866070267,0.0,0.0,-0.0073821550722641,-0.0073821550722641,0.0,1,0.7505307618507977,0.7505307618507977,1.0000000000000002,1.0000000000000002,37,True
64,34,6178,2be9ba53c0d1806a1502dff5b57ef3767bd09fabf655634cb844d9f2ac2087c0,0,full_declared_day,153f2686a97e34b41099eda91952d787a1cd6c17a5aa81869ab7d08d479584be,153f2686a97e34b41099eda91952d787a1cd6c17a5aa81869ab7d08d479584be,risk_aligned_declaration_witness,1.1949999999999985,1.1949999999999976,13393.536911289164,13393.536911289164,0.0,2.7466302988943256e-15,1.52655665885959e-16,0.1127473457214641,0.0,0.0,0.0,0.0,0.0,0,0.7505313790260775,0.7505313790260775,1.0,1.0,37,True
64,35,6179,2be9ba53c0d1806a1502dff5b57ef3767bd09fabf655634cb844d9f2ac2087c0,0,full_declared_day,153f2686a97e34b41099eda91952d787a1cd6c17a5aa81869ab7d08d479584be,153f2686a97e34b41099eda91952d787a1cd6c17a5aa81869ab7d08d479584be,risk_aligned_declaration_witness,1.1999999999999982,1.1999999999999975,13393.556562467778,13393.556562467778,0.0,2.7466302988943256e-15,1.52655665885959e-16,0.106764210343386,0.0,0.0,0.0,0.0,0.0,0,0.7505308428668074,0.7505308428668074,1.0,1.0,37,True
64,36,6180,2be9ba53c0d1806a1502dff5b57ef3767bd09fabf655634cb844d9f2ac2087c0,0,full_declared_day,153f2686a97e34b41099eda91952d787a1cd6c17a5aa81869ab7d08d479584be,153f2686a97e34b41099eda91952d787a1cd6c17a5aa81869ab7d08d479584be,risk_aligned_declaration_witness,1.2039999999999982,1.2039999999999975,13393.571326777928,13393.571326777928,0.0,2.7466302988943256e-15,1.52655665885959e-16,0.1021617200518164,0.0,0.0,0.0,0.0,0.0,0,0.7505308104604037,0.7505308104604037,1.0000000000000002,1.0000000000000002,37,True
64,37,6181,2be9ba53c0d1806a1502dff5b57ef3767bd09fabf655634cb844d9f2ac2087c0,0,full_declared_day,153f2686a97e34b41099eda91952d787a1cd6c17a5aa81869ab7d08d479584be,153f2686a97e34b41099eda91952d787a1cd6c17a5aa81869ab7d08d479584be,risk_aligned_declaration_witness,1.2059999999999982,1.2059999999999975,13393.578708933004,13393.578708933004,0.0,2.7466302988943256e-15,1.52655665885959e-16,0.1355124260966379,0.0,0.0,0.0,0.0,0.0,0,0.7505308104604037,0.7505308104604037,1.0000000000000002,1.0000000000000002,37,True
64,38,6182,2be9ba53c0d1806a1502dff5b57ef3767bd09fabf655634cb844d9f2ac2087c0,0,full_declared_day,153f2686a97e34b41099eda91952d787a1cd6c17a5aa81869ab7d08d479584be,153f2686a97e34b41099eda91952d787a1cd6c17a5aa81869ab7d08d479584be,risk_aligned_declaration_witness,1.2079999999999982,1.2039999999999975,13393.586091088078,13393.571326777928,0.0147643101518042,0.0147643101500027,0.0010000000000001,0.0954855705070225,0.0,0.0,0.0147643101518042,0.0147643101518042,0.0147643101518042,0,0.7505308104604037,0.7505308428668078,1.0000000000000002,1.0000000000000002,37,True
64,39,6183,2be9ba53c0d1806a1502dff5b57ef3767bd09fabf655634cb844d9f2ac2087c0,0,full_declared_day,153f2686a97e34b41099eda91952d787a1cd6c17a5aa81869ab7d08d479584be,153f2686a97e34b41099eda91952d787a1cd6c17a5aa81869ab7d08d479584be,risk_aligned_declaration_witness,1.2079999999999982,1.2039999999999975,13393.586091088078,13393.571326777928,0.0147643101518042,0.0147643101500027,0.0010000000000001,0.0439909163787701,0.0,0.0,0.0147643101518042,0.0147643101518042,0.0147643101518042,0,0.7505308104604037,0.7505308428668078,1.0000000000000002,1.0000000000000002,37,True
64,40,6184,2be9ba53c0d1806a1502dff5b57ef3767bd09fabf655634cb844d9f2ac2087c0,0,full_declared_day,153f2686a97e34b41099eda91952d787a1cd6c17a5aa81869ab7d08d479584be,153f2686a97e34b41099eda91952d787a1cd6c17a5aa81869ab7d08d479584be,risk_aligned_declaration_witness,1.2019999999999982,1.2059999999999975,13393.563944622854,13393.578708933004,-0.0147643101499852,-0.0147643101499972,2.775557561562892e-17,0.223559717277243,0.0,0.0,-0.0147643101499852,-0.0147643101499852,0.0,1,0.7505308428668078,0.7505308104604037,1.0000000000000004,1.0000000000000002,37,True
64,41,6185,2be9ba53c0d1806a1502dff5b57ef3767bd09fabf655634cb844d9f2ac2087c0,0,full_declared_day,153f2686a97e34b41099eda91952d787a1cd6c17a5aa81869ab7d08d479584be,153f2686a97e34b41099eda91952d787a1cd6c17a5aa81869ab7d08d479584be,risk_aligned_declaration_witness,1.2019999999999982,1.2059999999999975,13393.563944622854,13393.578708933004,-0.0147643101499852,-0.0147643101499972,2.775557561562892e-17,0.1265976340987034,0.0,0.0,-0.0147643101499852,-0.0147643101499852,0.0,1,0.7505308428668078,0.7505308104604037,1.0000000000000004,1.0000000000000002,37,True
64,42,6186,2be9ba53c0d1806a1502dff5b57ef3767bd09fabf655634cb844d9f2ac2087c0,0,full_declared_day,153f2686a97e34b41099eda91952d787a1cd6c17a5aa81869ab7d08d479584be,153f2686a97e34b41099eda91952d787a1cd6c17a5aa81869ab7d08d479584be,risk_aligned_declaration_witness,1.2019999999999982,1.2019999999999975,13393.563944622854,13393.563944622854,0.0,2.7466302988943256e-15,1.52655665885959e-16,0.0,0.0,0.0,0.0,0.0,0.0,0,0.7505308428668078,0.7505308428668078,1.0000000000000004,1.0000000000000004,37,True
64,43,6187,2be9ba53c0d1806a1502dff5b57ef3767bd09fabf655634cb844d9f2ac2087c0,0,full_declared_day,153f2686a97e34b41099eda91952d787a1cd6c17a5aa81869ab7d08d479584be,153f2686a97e34b41099eda91952d787a1cd6c17a5aa81869ab7d08d479584be,risk_aligned_declaration_witness,1.2019999999999982,1.2019999999999975,13393.563944622854,13393.563944622854,0.0,2.7466302988943256e-15,1.52655665885959e-16,0.0,0.0,0.0,0.0,0.0,0.0,0,0.7505308428668078,0.7505308428668078,1.0000000000000004,1.0000000000000004,37,True
64,44,6188,2be9ba53c0d1806a1502dff5b57ef3767bd09fabf655634cb844d9f2ac2087c0,0,full_declared_day,153f2686a97e34b41099eda91952d787a1cd6c17a5aa81869ab7d08d479584be,153f2686a97e34b41099eda91952d787a1cd6c17a5aa81869ab7d08d479584be,risk_aligned_declaration_witness,1.2019999999999982,1.2019999999999975,13393.563944622854,13393.563944622854,0.0,2.7466302988943256e-15,1.52655665885959e-16,0.0227145345366923,0.0,0.0,0.0,0.0,0.0,0,0.7505308428668078,0.7505308428668078,1.0000000000000004,1.0000000000000004,37,True
64,45,6189,2be9ba53c0d1806a1502dff5b57ef3767bd09fabf655634cb844d9f2ac2087c0,0,full_declared_day,153f2686a97e34b41099eda91952d787a1cd6c17a5aa81869ab7d08d479584be,153f2686a97e34b41099eda91952d787a1cd6c17a5aa81869ab7d08d479584be,risk_aligned_declaration_witness,1.2069999999999983,1.2069999999999976,13393.59172539893,13393.59172539893,0.0,2.7466302988943256e-15,1.52655665885959e-16,0.0,0.0,0.0,0.0,0.0,0.0,0,0.7505303391139416,0.7505303391139416,1.0000000000000004,1.0000000000000004,37,True
64,46,6190,2be9ba53c0d1806a1502dff5b57ef3767bd09fabf655634cb844d9f2ac2087c0,0,full_declared_day,153f2686a97e34b41099eda91952d787a1cd6c17a5aa81869ab7d08d479584be,153f2686a97e34b41099eda91952d787a1cd6c17a5aa81869ab7d08d479584be,risk_aligned_declaration_witness,1.2149999999999983,1.2149999999999976,13393.64683860254,13393.64683860254,0.0,2.7466302988943256e-15,1.52655665885959e-16,0.0,0.0,0.0,0.0,0.0,0.0,0,0.7505298191578735,0.7505298191578735,1.0000000000000002,1.0000000000000002,37,True
64,47,6191,2be9ba53c0d1806a1502dff5b57ef3767bd09fabf655634cb844d9f2ac2087c0,0,full_declared_day,153f2686a97e34b41099eda91952d787a1cd6c17a5aa81869ab7d08d479584be,153f2686a97e34b41099eda91952d787a1cd6c17a5aa81869ab7d08d479584be,risk_aligned_declaration_witness,1.224999999999998,1.2249999999999976,13393.701802259233,13393.701802259233,0.0,2.7466302988943256e-15,1.52655665885959e-16,0.0,0.0,0.0,0.0,0.0,0.0,0,0.7505290392237715,0.7505290392237715,1.0000000000000002,1.0000000000000002,37,True
64,48,6192,2be9ba53c0d1806a1502dff5b57ef3767bd09fabf655634cb844d9f2ac2087c0,0,full_declared_day,153f2686a97e34b41099eda91952d787a1cd6c17a5aa81869ab7d08d479584be,153f2686a97e34b41099eda91952d787a1cd6c17a5aa81869ab7d08d479584be,risk_aligned_declaration_witness,1.2219999999999982,1.2219999999999978,13393.690131131154,13393.690131131154,0.0,2.7466302988943256e-15,1.52655665885959e-16,0.0,0.0,0.0,0.0,0.0,0.0,0,0.7505292992018053,0.7505292992018053,1.0000000000000002,1.0000000000000002,37,True
64,49,6193,2be9ba53c0d1806a1502dff5b57ef3767bd09fabf655634cb844d9f2ac2087c0,0,full_declared_day,153f2686a97e34b41099eda91952d787a1cd6c17a5aa81869ab7d08d479584be,153f2686a97e34b41099eda91952d787a1cd6c17a5aa81869ab7d08d479584be,risk_aligned_declaration_witness,1.2219999999999982,1.2219999999999978,13393.690729026615,13393.690729026615,0.0,2.7466302988943256e-15,1.52655665885959e-16,0.0,0.0,0.0,0.0,0.0,0.0,0,0.7505290392237715,0.7505290392237715,1.0000000000000002,1.0000000000000002,37,True
64,50,6194,2be9ba53c0d1806a1502dff5b57ef3767bd09fabf655634cb844d9f2ac2087c0,0,full_declared_day,153f2686a97e34b41099eda91952d787a1cd6c17a5aa81869ab7d08d479584be,153f2686a97e34b41099eda91952d787a1cd6c17a5aa81869ab7d08d479584be,risk_aligned_declaration_witness,1.2099999999999982,1.2099999999999975,13393.611526124469,13393.611526124469,0.0,2.7466302988943256e-15,1.52655665885959e-16,0.0605890309815095,0.0,0.0,0.0,0.0,0.0,0,0.7505300629327056,0.7505300629327056,1.0000000000000002,1.0000000000000002,37,True
64,51,6195,2be9ba53c0d1806a1502dff5b57ef3767bd09fabf655634cb844d9f2ac2087c0,0,full_declared_day,153f2686a97e34b41099eda91952d787a1cd6c17a5aa81869ab7d08d479584be,153f2686a97e34b41099eda91952d787a1cd6c17a5aa81869ab7d08d479584be,risk_aligned_declaration_witness,1.1959999999999982,1.1959999999999975,13393.560448934404,13393.560448934404,0.0,2.7466302988943256e-15,1.52655665885959e-16,0.0,0.0,0.0,0.0,0.0,0.0,0,0.7505298029546711,0.7505298029546711,1.0,1.0,37,True
64,52,6196,2be9ba53c0d1806a1502dff5b57ef3767bd09fabf655634cb844d9f2ac2087c0,0,full_declared_day,153f2686a97e34b41099eda91952d787a1cd6c17a5aa81869ab7d08d479584be,153f2686a97e34b41099eda91952d787a1cd6c17a5aa81869ab7d08d479584be,risk_aligned_declaration_witness,1.2059999999999982,1.2039999999999975,13393.64733308548,13393.62369173548,0.0236413499987975,0.0236413500000027,0.0005000000000001,0.0,0.0,0.0,0.0236413499987975,0.0236413499987975,0.0236413499987975,0,0.7505292992018051,0.7505292992018051,1.0,1.0,37,True
64,53,6197,2be9ba53c0d1806a1502dff5b57ef3767bd09fabf655634cb844d9f2ac2087c0,0,full_declared_day,153f2686a97e34b41099eda91952d787a1cd6c17a5aa81869ab7d08d479584be,153f2686a97e34b41099eda91952d787a1cd6c17a5aa81869ab7d08d479584be,risk_aligned_declaration_witness,1.198999999999998,1.1949999999999976,13393.603442661404,13393.572419156328,0.0310235050765186,0.0310235050750027,0.0010000000000001,0.0,0.0,0.0,0.0310235050765186,0.0310235050765186,0.0310235050765186,0,0.7505300467295033,0.7505300467295033,1.0,1.0,37,True
64,54,6198,2be9ba53c0d1806a1502dff5b57ef3767bd09fabf655634cb844d9f2ac2087c0,0,full_declared_day,153f2686a97e34b41099eda91952d787a1cd6c17a5aa81869ab7d08d479584be,153f2686a97e34b41099eda91952d787a1cd6c17a5aa81869ab7d08d479584be,risk_aligned_declaration_witness,1.196999999999998,1.1929999999999976,13393.629774687104,13393.59875118203,0.0310235050746996,0.0310235050750027,0.0010000000000001,0.0,0.0,0.0,0.0310235050746996,0.0310235050746996,0.0310235050746996,0,0.7505297536182637,0.7505297536182636,1.0000000000000004,1.0000000000000002,37,True
64,55,6199,2be9ba53c0d1806a1502dff5b57ef3767bd09fabf655634cb844d9f2ac2087c0,0,full_declared_day,153f2686a97e34b41099eda91952d787a1cd6c17a5aa81869ab7d08d479584be,153f2686a97e34b41099eda91952d787a1cd6c17a5aa81869ab7d08d479584be,risk_aligned_declaration_witness,1.1999999999999982,1.1959999999999975,13393.640847919714,13393.60982441464,0.0310235050728806,0.0310235050750027,0.0010000000000001,0.0,0.0,0.0,0.0310235050728806,0.0310235050728806,0.0310235050728806,0,0.7505297212118596,0.7505297212118596,1.0000000000000004,1.0000000000000004,37,True
64,56,6200,2be9ba53c0d1806a1502dff5b57ef3767bd09fabf655634cb844d9f2ac2087c0,0,full_declared_day,153f2686a97e34b41099eda91952d787a1cd6c17a5aa81869ab7d08d479584be,153f2686a97e34b41099eda91952d787a1cd6c17a5aa81869ab7d08d479584be,risk_aligned_declaration_witness,1.1979999999999982,1.1939999999999975,13393.633465764642,13393.602442259567,0.0310235050746996,0.0310235050750027,0.0010000000000001,0.0,0.0,0.0,0.0310235050746996,0.0310235050746996,0.0310235050746996,0,0.7505297536182637,0.7505297536182636,1.0000000000000004,1.0000000000000004,37,True
64,57,6201,2be9ba53c0d1806a1502dff5b57ef3767bd09fabf655634cb844d9f2ac2087c0,0,full_declared_day,153f2686a97e34b41099eda91952d787a1cd6c17a5aa81869ab7d08d479584be,153f2686a97e34b41099eda91952d787a1cd6c17a5aa81869ab7d08d479584be,risk_aligned_declaration_witness,1.1189999999999982,1.1149999999999975,13393.167320780682,13393.136297275603,0.0310235050783376,0.0310235050750027,0.0010000000000001,0.0534116062477039,0.0,0.0,0.0310235050783376,0.0310235050783376,0.0310235050783376,0,0.750534936975743,0.7505349369757429,1.0000000000000002,1.0000000000000002,37,True
64,58,6202,2be9ba53c0d1806a1502dff5b57ef3767bd09fabf655634cb844d9f2ac2087c0,0,full_declared_day,153f2686a97e34b41099eda91952d787a1cd6c17a5aa81869ab7d08d479584be,153f2686a97e34b41099eda91952d787a1cd6c17a5aa81869ab7d08d479584be,risk_aligned_declaration_witness,1.112999999999998,1.1089999999999975,13393.144576419993,13393.113552914916,0.0310235050765186,0.0310235050750027,0.0010000000000001,0.0,0.0,0.0,0.0310235050765186,0.0310235050765186,0.0310235050765186,0,0.750535229360181,0.7505352293601811,1.0000000000000004,1.0000000000000004,37,True
64,59,6203,2be9ba53c0d1806a1502dff5b57ef3767bd09fabf655634cb844d9f2ac2087c0,0,full_declared_day,153f2686a97e34b41099eda91952d787a1cd6c17a5aa81869ab7d08d479584be,153f2686a97e34b41099eda91952d787a1cd6c17a5aa81869ab7d08d479584be,risk_aligned_declaration_witness,1.105999999999998,1.1019999999999976,13393.10188178684,13393.070858281764,0.0310235050746996,0.0310235050750027,0.0010000000000001,0.0,0.0,0.0,0.0310235050746996,0.0310235050746996,0.0310235050746996,0,0.7505355541510232,0.7505355541510232,1.0000000000000004,1.0000000000000004,37,True
64,60,6204,2be9ba53c0d1806a1502dff5b57ef3767bd09fabf655634cb844d9f2ac2087c0,0,full_declared_day,153f2686a97e34b41099eda91952d787a1cd6c17a5aa81869ab7d08d479584be,153f2686a97e34b41099eda91952d787a1cd6c17a5aa81869ab7d08d479584be,risk_aligned_declaration_witness,1.105999999999998,1.1019999999999976,13393.10188178684,13393.070858281764,0.0310235050746996,0.0310235050750027,0.0010000000000001,0.0,0.0,0.0,0.0310235050746996,0.0310235050746996,0.0310235050746996,0,0.7505355541510232,0.7505355541510232,1.0000000000000004,1.0000000000000004,37,True
64,61,6205,2be9ba53c0d1806a1502dff5b57ef3767bd09fabf655634cb844d9f2ac2087c0,0,full_declared_day,153f2686a97e34b41099eda91952d787a1cd6c17a5aa81869ab7d08d479584be,153f2686a97e34b41099eda91952d787a1cd6c17a5aa81869ab7d08d479584be,risk_aligned_declaration_witness,1.073999999999998,1.0679999999999974,13392.897688167315,13392.859282507166,0.0384056601487827,0.0384056601500027,0.0015000000000001,0.0,0.0,0.0,0.0384056601487827,0.0384056601487827,0.0384056601487827,0,0.7505376015688917,0.7505376339752956,1.0000000000000004,1.0000000000000004,37,True
64,62,6206,2be9ba53c0d1806a1502dff5b57ef3767bd09fabf655634cb844d9f2ac2087c0,0,full_declared_day,153f2686a97e34b41099eda91952d787a1cd6c17a5aa81869ab7d08d479584be,153f2686a97e34b41099eda91952d787a1cd6c17a5aa81869ab7d08d479584be,risk_aligned_declaration_witness,1.020999999999998,1.0149999999999977,13392.579278261415,13392.540872601268,0.0384056601469637,0.0384056601500027,0.0015000000000001,0.0,0.0,0.0,0.0384056601469637,0.0384056601469637,0.0384056601469637,0,0.7505414526297961,0.7505414850362001,1.0,1.0,37,True
64,63,6207,2be9ba53c0d1806a1502dff5b57ef3767bd09fabf655634cb844d9f2ac2087c0,0,full_declared_day,153f2686a97e34b41099eda91952d787a1cd6c17a5aa81869ab7d08d479584be,153f2686a97e34b41099eda91952d787a1cd6c17a5aa81869ab7d08d479584be,risk_aligned_declaration_witness,1.002999999999998,0.9969999999999976,13392.47792889404,13392.43952323389,0.0384056601487827,0.0384056601500027,0.0015000000000001,0.0,0.0,0.0,0.0384056601487827,0.0384056601487827,0.0384056601487827,0,0.7505424925419328,0.7505425249483367,1.0000000000000004,1.0000000000000002,37,True
64,64,6208,2be9ba53c0d1806a1502dff5b57ef3767bd09fabf655634cb844d9f2ac2087c0,1,full_declared_day,153f2686a97e34b41099eda91952d787a1cd6c17a5aa81869ab7d08d479584be,153f2686a97e34b41099eda91952d787a1cd6c17a5aa81869ab7d08d479584be,risk_aligned_declaration_witness,1.001999999999998,0.9949999999999976,13392.473042025578,13392.430945287892,0.0420967376867338,0.0420967376875027,0.0017500000000001,0.138856626131451,0.0017500000000001,0.2625000000000189,0.3045967376867527,0.3045967376867527,0.3045967376867527,0,0.7505429638883949,0.7505430124980008,1.0000000000000002,1.0000000000000002,37,True
64,65,6209,2be9ba53c0d1806a1502dff5b57ef3767bd09fabf655634cb844d9f2ac2087c0,1,full_declared_day,153f2686a97e34b41099eda91952d787a1cd6c17a5aa81869ab7d08d479584be,153f2686a97e34b41099eda91952d787a1cd6c17a5aa81869ab7d08d479584be,risk_aligned_declaration_witness,0.999999999999998,0.9949999999999976,13392.465659870504,13392.430945287892,0.0347145826126507,0.0347145826125027,0.0012500000000001,0.1442051687940896,0.0012500000000001,0.1875000000000189,0.2222145826126696,0.2222145826126696,0.2222145826126696,0,0.7505429962947989,0.7505430124980008,1.0000000000000004,1.0000000000000002,37,True
64,66,6210,2be9ba53c0d1806a1502dff5b57ef3767bd09fabf655634cb844d9f2ac2087c0,1,full_declared_day,153f2686a97e34b41099eda91952d787a1cd6c17a5aa81869ab7d08d479584be,153f2686a97e34b41099eda91952d787a1cd6c17a5aa81869ab7d08d479584be,risk_aligned_declaration_witness,1.008999999999998,1.0019999999999976,13392.516334554191,13392.473042025578,0.0432925286131649,0.0432925286125027,0.0017500000000001,0.1223910331486828,0.0012500000000001,0.1875000000000189,0.2307925286131838,0.2307925286131838,0.2307925286131838,0,0.7505424601355285,0.7505429638883949,1.0,1.0000000000000002,37,True
64,67,6211,2be9ba53c0d1806a1502dff5b57ef3767bd09fabf655634cb844d9f2ac2087c0,1,full_declared_day,153f2686a97e34b41099eda91952d787a1cd6c17a5aa81869ab7d08d479584be,153f2686a97e34b41099eda91952d787a1cd6c17a5aa81869ab7d08d479584be,risk_aligned_declaration_witness,1.006999999999998,1.0009999999999974,13392.500822801654,13392.46122135058,0.0396014510752138,0.0396014510750027,0.0015000000000001,0.1553016657722751,0.0010000000000001,0.1500000000000188,0.1896014510752327,0.1896014510752327,0.1896014510752327,0,0.7505424763387305,0.750542963888395,1.0,1.0000000000000002,37,True
64,68,6212,2be9ba53c0d1806a1502dff5b57ef3767bd09fabf655634cb844d9f2ac2087c0,1,full_declared_day,153f2686a97e34b41099eda91952d787a1cd6c17a5aa81869ab7d08d479584be,153f2686a97e34b41099eda91952d787a1cd6c17a5aa81869ab7d08d479584be,risk_aligned_declaration_witness,0.995999999999998,0.9899999999999974,13392.442765962893,13392.403164511816,0.0396014510752138,0.0396014510750027,0.0015000000000001,0.1367043535379471,0.0010000000000001,0.1500000000000188,0.1896014510752327,0.1896014510752327,0.1896014510752327,0,0.7505430124980008,0.750543500047665,1.0000000000000002,1.0000000000000002,37,True
64,69,6213,2be9ba53c0d1806a1502dff5b57ef3767bd09fabf655634cb844d9f2ac2087c0,1,full_declared_day,153f2686a97e34b41099eda91952d787a1cd6c17a5aa81869ab7d08d479584be,153f2686a97e34b41099eda91952d787a1cd6c17a5aa81869ab7d08d479584be,risk_aligned_declaration_witness,0.982999999999998,0.9769999999999974,13392.368001580668,13392.32840012959,0.0396014510770328,0.0396014510750027,0.0015000000000001,0.1436382657590306,0.0010000000000001,0.1500000000000188,0.1896014510770517,0.1896014510770517,0.1896014510770517,0,0.7505440362069352,0.7505445237565992,1.0000000000000002,1.0000000000000002,37,True
64,70,6214,2be9ba53c0d1806a1502dff5b57ef3767bd09fabf655634cb844d9f2ac2087c0,1,full_declared_day,153f2686a97e34b41099eda91952d787a1cd6c17a5aa81869ab7d08d479584be,153f2686a97e34b41099eda91952d787a1cd6c17a5aa81869ab7d08d479584be,risk_aligned_declaration_witness,0.978999999999998,0.9729999999999974,13392.336978075591,13392.297376624516,0.0396014510770328,0.0396014510750027,0.0015000000000001,0.0559372361086132,0.0005,0.0750000000000042,0.114601451077037,0.114601451077037,0.114601451077037,0,0.7505440362069352,0.7505445237565993,1.0000000000000002,1.0000000000000002,37,True
64,71,6215,2be9ba53c0d1806a1502dff5b57ef3767bd09fabf655634cb844d9f2ac2087c0,1,full_declared_day,153f2686a97e34b41099eda91952d787a1cd6c17a5aa81869ab7d08d479584be,153f2686a97e34b41099eda91952d787a1cd6c17a5aa81869ab7d08d479584be,risk_aligned_declaration_witness,0.975999999999998,0.9719999999999976,13392.325306947516,13392.29428344244,0.0310235050765186,0.0310235050750027,0.0010000000000001,0.0559372361085808,0.0005,0.0750000000000042,0.1060235050765228,0.1060235050765228,0.1060235050765228,0,0.7505443123881713,0.7505443123881713,1.0000000000000004,1.0000000000000004,37,True
64,72,6216,2be9ba53c0d1806a1502dff5b57ef3767bd09fabf655634cb844d9f2ac2087c0,0,full_declared_day,153f2686a97e34b41099eda91952d787a1cd6c17a5aa81869ab7d08d479584be,153f2686a97e34b41099eda91952d787a1cd6c17a5aa81869ab7d08d479584be,risk_aligned_declaration_witness,0.975999999999998,0.9799999999999977,13392.325306947516,13392.340071257666,-0.0147643101499852,-0.0147643101499972,2.775557561562892e-17,0.0,0.0,0.0,-0.0147643101499852,-0.0147643101499852,0.0,1,0.7505443123881713,0.7505442475753632,1.0000000000000004,1.0000000000000002,37,True
64,73,6217,2be9ba53c0d1806a1502dff5b57ef3767bd09fabf655634cb844d9f2ac2087c0,0,full_declared_day,153f2686a97e34b41099eda91952d787a1cd6c17a5aa81869ab7d08d479584be,153f2686a97e34b41099eda91952d787a1cd6c17a5aa81869ab7d08d479584be,risk_aligned_declaration_witness,0.962999999999998,0.9659999999999974,13392.25807426729,13392.269147499905,-0.0110732326138531,-0.0110732326124972,2.775557561562892e-17,0.0,0.0,0.0,-0.0110732326138531,-0.0110732326138531,0.0,1,0.7505455960751392,0.750545547465533,1.0,1.0,37,True
64,74,6218,2be9ba53c0d1806a1502dff5b57ef3767bd09fabf655634cb844d9f2ac2087c0,0,full_declared_day,153f2686a97e34b41099eda91952d787a1cd6c17a5aa81869ab7d08d479584be,153f2686a97e34b41099eda91952d787a1cd6c17a5aa81869ab7d08d479584be,risk_aligned_declaration_witness,0.9489999999999978,0.9509999999999974,13392.17268500099,13392.180067156069,-0.0073821550759021,-0.0073821550749972,2.775557561562892e-17,0.0,0.0,0.0,-0.0073821550759021,-0.0073821550759021,0.0,1,0.7505461484376114,0.7505461160312072,1.0,1.0,37,True
64,75,6219,2be9ba53c0d1806a1502dff5b57ef3767bd09fabf655634cb844d9f2ac2087c0,0,full_declared_day,153f2686a97e34b41099eda91952d787a1cd6c17a5aa81869ab7d08d479584be,153f2686a97e34b41099eda91952d787a1cd6c17a5aa81869ab7d08d479584be,risk_aligned_declaration_witness,0.947999999999998,0.9499999999999976,13392.160864325991,13392.168246481066,-0.0073821550722641,-0.0073821550749972,2.775557561562892e-17,0.0,0.0,0.0,-0.0073821550722641,-0.0073821550722641,0.0,1,0.7505461484376114,0.7505461160312072,1.0,1.0,37,True
64,76,6220,2be9ba53c0d1806a1502dff5b57ef3767bd09fabf655634cb844d9f2ac2087c0,0,full_declared_day,153f2686a97e34b41099eda91952d787a1cd6c17a5aa81869ab7d08d479584be,153f2686a97e34b41099eda91952d787a1cd6c17a5aa81869ab7d08d479584be,risk_aligned_declaration_witness,0.945999999999998,0.9459999999999976,13392.145352573452,13392.145352573452,0.0,2.7466302988943256e-15,1.52655665885959e-16,0.0,0.0,0.0,0.0,0.0,0.0,0,0.7505461484376117,0.7505461484376117,1.0000000000000002,1.0000000000000002,37,True
64,77,6221,2be9ba53c0d1806a1502dff5b57ef3767bd09fabf655634cb844d9f2ac2087c0,0,full_declared_day,153f2686a97e34b41099eda91952d787a1cd6c17a5aa81869ab7d08d479584be,153f2686a97e34b41099eda91952d787a1cd6c17a5aa81869ab7d08d479584be,risk_aligned_declaration_witness,0.943999999999998,0.9439999999999976,13392.136774627455,13392.136774627455,0.0,2.7466302988943256e-15,1.52655665885959e-16,0.0,0.0,0.0,0.0,0.0,0.0,0,0.7505466359872758,0.7505466359872758,1.0000000000000002,1.0000000000000002,37,True
64,78,6222,2be9ba53c0d1806a1502dff5b57ef3767bd09fabf655634cb844d9f2ac2087c0,0,full_declared_day,153f2686a97e34b41099eda91952d787a1cd6c17a5aa81869ab7d08d479584be,153f2686a97e34b41099eda91952d787a1cd6c17a5aa81869ab7d08d479584be,risk_aligned_declaration_witness,0.943999999999998,0.9439999999999976,13392.136774627455,13392.136774627455,0.0,2.7466302988943256e-15,1.52655665885959e-16,0.0,0.0,0.0,0.0,0.0,0.0,0,0.7505466359872758,0.7505466359872758,1.0000000000000002,1.0000000000000002,37,True
64,79,6223,2be9ba53c0d1806a1502dff5b57ef3767bd09fabf655634cb844d9f2ac2087c0,0,full_declared_day,153f2686a97e34b41099eda91952d787a1cd6c17a5aa81869ab7d08d479584be,153f2686a97e34b41099eda91952d787a1cd6c17a5aa81869ab7d08d479584be,risk_aligned_declaration_witness,0.9389999999999978,0.9389999999999974,13392.100864253918,13392.100864253918,0.0,2.7466302988943256e-15,1.52655665885959e-16,0.0,0.0,0.0,0.0,0.0,0.0,0,0.7505471235369395,0.7505471235369395,1.0,1.0,37,True
64,80,6224,2be9ba53c0d1806a1502dff5b57ef3767bd09fabf655634cb844d9f2ac2087c0,0,full_declared_day,153f2686a97e34b41099eda91952d787a1cd6c17a5aa81869ab7d08d479584be,153f2686a97e34b41099eda91952d787a1cd6c17a5aa81869ab7d08d479584be,risk_aligned_declaration_witness,0.921999999999998,0.9219999999999976,13391.995076366617,13391.995076366617,0.0,2.7466302988943256e-15,1.52655665885959e-16,0.0,0.0,0.0,0.0,0.0,0.0,0,0.7505481634490762,0.7505481634490762,1.0000000000000002,1.0000000000000002,37,True
64,81,6225,2be9ba53c0d1806a1502dff5b57ef3767bd09fabf655634cb844d9f2ac2087c0,0,full_declared_day,153f2686a97e34b41099eda91952d787a1cd6c17a5aa81869ab7d08d479584be,153f2686a97e34b41099eda91952d787a1cd6c17a5aa81869ab7d08d479584be,risk_aligned_declaration_witness,0.918999999999998,0.9209999999999976,13391.967743939078,13391.99138528908,-0.0236413500006165,-0.0236413499999972,1.249000902703301e-16,0.0,0.0,0.0,-0.0236413500006165,-0.0236413500006165,0.0,1,0.7505481796522782,0.7505481796522782,1.0000000000000002,1.0000000000000002,37,True
64,82,6226,2be9ba53c0d1806a1502dff5b57ef3767bd09fabf655634cb844d9f2ac2087c0,0,full_declared_day,153f2686a97e34b41099eda91952d787a1cd6c17a5aa81869ab7d08d479584be,153f2686a97e34b41099eda91952d787a1cd6c17a5aa81869ab7d08d479584be,risk_aligned_declaration_witness,0.901999999999998,0.9059999999999976,13391.87008564924,13391.901109154316,-0.0310235050746996,-0.0310235050749972,1.249000902703301e-16,0.0,0.0,0.0,-0.0310235050746996,-0.0310235050746996,0.0,1,0.7505492033612123,0.7505492033612124,1.0000000000000002,1.0000000000000002,37,True
64,83,6227,2be9ba53c0d1806a1502dff5b57ef3767bd09fabf655634cb844d9f2ac2087c0,0,full_declared_day,153f2686a97e34b41099eda91952d787a1cd6c17a5aa81869ab7d08d479584be,153f2686a97e34b41099eda91952d787a1cd6c17a5aa81869ab7d08d479584be,risk_aligned_declaration_witness,0.8999999999999979,0.9039999999999974,13391.862105598704,13391.89312910378,-0.0310235050765186,-0.0310235050749972,1.249000902703301e-16,0.0,0.0,0.0,-0.0310235050765186,-0.0310235050765186,0.0,1,0.7505494633392464,0.7505494633392465,1.0000000000000004,1.0000000000000004,37,True
64,84,6228,2be9ba53c0d1806a1502dff5b57ef3767bd09fabf655634cb844d9f2ac2087c0,0,full_declared_day,153f2686a97e34b41099eda91952d787a1cd6c17a5aa81869ab7d08d479584be,153f2686a97e34b41099eda91952d787a1cd6c17a5aa81869ab7d08d479584be,risk_aligned_declaration_witness,0.894999999999998,0.8989999999999975,13391.834922718092,13391.865946223166,-0.0310235050728806,-0.0310235050749972,1.249000902703301e-16,0.0,0.0,0.0,-0.0310235050728806,-0.0310235050728806,0.0,1,0.7505497395204821,0.7505497395204827,1.0,1.0000000000000004,37,True
64,85,6229,2be9ba53c0d1806a1502dff5b57ef3767bd09fabf655634cb844d9f2ac2087c0,0,full_declared_day,153f2686a97e34b41099eda91952d787a1cd6c17a5aa81869ab7d08d479584be,153f2686a97e34b41099eda91952d787a1cd6c17a5aa81869ab7d08d479584be,risk_aligned_declaration_witness,0.8919999999999979,0.8959999999999974,13391.80699239509,13391.838015900164,-0.0310235050746996,-0.0310235050749972,1.249000902703301e-16,0.0,0.0,0.0,-0.0310235050746996,-0.0310235050746996,0.0,1,0.7505499832953142,0.7505499832953146,1.0,1.0000000000000004,37,True
64,86,6230,2be9ba53c0d1806a1502dff5b57ef3767bd09fabf655634cb844d9f2ac2087c0,0,full_declared_day,153f2686a97e34b41099eda91952d787a1cd6c17a5aa81869ab7d08d479584be,153f2686a97e34b41099eda91952d787a1cd6c17a5aa81869ab7d08d479584be,risk_aligned_declaration_witness,0.8779999999999979,0.8819999999999973,13391.72913483079,13391.760158335865,-0.0310235050746996,-0.0310235050749972,1.249000902703301e-16,0.0610994126544165,0.0,0.0,-0.0310235050746996,-0.0310235050746996,0.0,1,0.7505507794326188,0.7505507794326185,1.0000000000000002,1.0,37,True
64,87,6231,2be9ba53c0d1806a1502dff5b57ef3767bd09fabf655634cb844d9f2ac2087c0,0,full_declared_day,153f2686a97e34b41099eda91952d787a1cd6c17a5aa81869ab7d08d479584be,153f2686a97e34b41099eda91952d787a1cd6c17a5aa81869ab7d08d479584be,risk_aligned_declaration_witness,0.8639999999999979,0.8679999999999974,13391.642549773564,13391.673573278644,-0.0310235050783376,-0.0310235050749972,1.249000902703301e-16,0.0155381907939346,0.0,0.0,-0.0310235050783376,-0.0310235050783376,0.0,1,0.7505518031415531,0.7505518031415531,1.0000000000000004,1.0000000000000004,37,True
64,88,6232,2be9ba53c0d1806a1502dff5b57ef3767bd09fabf655634cb844d9f2ac2087c0,0,full_declared_day,153f2686a97e34b41099eda91952d787a1cd6c17a5aa81869ab7d08d479584be,153f2686a97e34b41099eda91952d787a1cd6c17a5aa81869ab7d08d479584be,risk_aligned_declaration_witness,0.8619999999999979,0.8659999999999973,13391.635167618491,13391.666191123566,-0.0310235050746996,-0.0310235050749972,1.249000902703301e-16,0.0,0.0,0.0,-0.0310235050746996,-0.0310235050746996,0.0,1,0.7505518193447551,0.7505518193447551,1.0000000000000002,1.0000000000000002,37,True
64,89,6233,2be9ba53c0d1806a1502dff5b57ef3767bd09fabf655634cb844d9f2ac2087c0,0,full_declared_day,153f2686a97e34b41099eda91952d787a1cd6c17a5aa81869ab7d08d479584be,153f2686a97e34b41099eda91952d787a1cd6c17a5aa81869ab7d08d479584be,risk_aligned_declaration_witness,0.8619999999999979,0.8659999999999973,13391.635167618491,13391.666191123566,-0.0310235050746996,-0.0310235050749972,1.249000902703301e-16,0.0,0.0,0.0,-0.0310235050746996,-0.0310235050746996,0.0,1,0.7505518193447551,0.7505518193447551,1.0000000000000002,1.0000000000000002,37,True
64,90,6234,2be9ba53c0d1806a1502dff5b57ef3767bd09fabf655634cb844d9f2ac2087c0,0,full_declared_day,153f2686a97e34b41099eda91952d787a1cd6c17a5aa81869ab7d08d479584be,153f2686a97e34b41099eda91952d787a1cd6c17a5aa81869ab7d08d479584be,risk_aligned_declaration_witness,0.8839999999999979,0.8659999999999973,13391.768736281869,13391.666191123566,0.1025451583009271,0.1025451583000028,0.0045000000000001,0.0,0.0,0.0,0.1025451583009271,0.1025451583009271,0.1025451583009271,0,0.7505502594765503,0.7505518193447551,1.0,1.0000000000000002,37,True
64,91,6235,2be9ba53c0d1806a1502dff5b57ef3767bd09fabf655634cb844d9f2ac2087c0,0,full_declared_day,153f2686a97e34b41099eda91952d787a1cd6c17a5aa81869ab7d08d479584be,153f2686a97e34b41099eda91952d787a1cd6c17a5aa81869ab7d08d479584be,risk_aligned_declaration_witness,0.884999999999998,0.8669999999999974,13391.773025254864,13391.670480096567,0.1025451582972891,0.1025451583000028,0.0045000000000001,0.0,0.0,0.0,0.1025451582972891,0.1025451582972891,0.1025451582972891,0,0.7505500157017184,0.750551575569923,1.0,1.0000000000000002,37,True
64,92,6236,2be9ba53c0d1806a1502dff5b57ef3767bd09fabf655634cb844d9f2ac2087c0,0,full_declared_day,153f2686a97e34b41099eda91952d787a1cd6c17a5aa81869ab7d08d479584be,153f2686a97e34b41099eda91952d787a1cd6c17a5aa81869ab7d08d479584be,risk_aligned_declaration_witness,0.8859999999999979,0.8679999999999974,13391.776716332402,13391.674171174103,0.1025451582991081,0.1025451583000028,0.0045000000000001,0.0,0.0,0.0,0.1025451582991081,0.1025451582991081,0.1025451582991081,0,0.7505499994985163,0.750551559366721,1.0,1.0000000000000004,37,True
64,93,6237,2be9ba53c0d1806a1502dff5b57ef3767bd09fabf655634cb844d9f2ac2087c0,0,full_declared_day,153f2686a97e34b41099eda91952d787a1cd6c17a5aa81869ab7d08d479584be,153f2686a97e34b41099eda91952d787a1cd6c17a5aa81869ab7d08d479584be,risk_aligned_declaration_witness,0.8619999999999979,0.8659999999999974,13391.619506319028,13391.650529824105,-0.0310235050746996,-0.0310235050749972,1.249000902703301e-16,0.0,0.0,0.0,-0.0310235050746996,-0.0310235050746996,0.0,1,0.750551559366721,0.750551559366721,1.0000000000000004,1.0000000000000004,37,True
64,94,6238,2be9ba53c0d1806a1502dff5b57ef3767bd09fabf655634cb844d9f2ac2087c0,0,full_declared_day,153f2686a97e34b41099eda91952d787a1cd6c17a5aa81869ab7d08d479584be,153f2686a97e34b41099eda91952d787a1cd6c17a5aa81869ab7d08d479584be,risk_aligned_declaration_witness,0.8569999999999978,0.8609999999999973,13391.60045303588,13391.631476540952,-0.0310235050746996,-0.0310235050749972,1.249000902703301e-16,0.0664104622034787,0.0,0.0,-0.0310235050746996,-0.0310235050746996,0.0,1,0.7505518355479569,0.7505518355479571,1.0000000000000002,1.0000000000000004,37,True
64,95,6239,2be9ba53c0d1806a1502dff5b57ef3767bd09fabf655634cb844d9f2ac2087c0,0,full_declared_day,153f2686a97e34b41099eda91952d787a1cd6c17a5aa81869ab7d08d479584be,153f2686a97e34b41099eda91952d787a1cd6c17a5aa81869ab7d08d479584be,risk_aligned_declaration_witness,0.8549999999999978,0.8589999999999973,13391.584941283343,13391.615964788418,-0.0310235050746996,-0.0310235050749972,1.249000902703301e-16,0.0538675250776184,0.0,0.0,-0.0310235050746996,-0.0310235050746996,0.0,1,0.750551835547957,0.750551835547957,1.0000000000000002,1.0000000000000002,37,True
65,0,6240,2be9ba53c0d1806a1502dff5b57ef3767bd09fabf655634cb844d9f2ac2087c0,0,full_declared_day,153f2686a97e34b41099eda91952d787a1cd6c17a5aa81869ab7d08d479584be,153f2686a97e34b41099eda91952d787a1cd6c17a5aa81869ab7d08d479584be,risk_aligned_declaration_witness,0.8489999999999978,0.8759999999999974,13391.554067325193,13391.722948466642,-0.168881141449674,-0.1688811414499973,0.0,0.2076809700828968,0.0,0.0,-0.168881141449674,-0.168881141449674,0.0,1,0.750552111729193,0.7505503080861567,1.0000000000000002,1.0000000000000004,37,True
65,1,6241,2be9ba53c0d1806a1502dff5b57ef3767bd09fabf655634cb844d9f2ac2087c0,0,full_declared_day,153f2686a97e34b41099eda91952d787a1cd6c17a5aa81869ab7d08d479584be,153f2686a97e34b41099eda91952d787a1cd6c17a5aa81869ab7d08d479584be,risk_aligned_declaration_witness,0.8629999999999978,0.8899999999999975,13391.640652382415,13391.809533523869,-0.168881141451493,-0.1688811414499973,0.0,0.1919763601304649,0.0,0.0,-0.168881141451493,-0.168881141451493,0.0,1,0.7505511042234609,0.7505493005804242,1.0000000000000002,1.0,37,True
65,2,6242,2be9ba53c0d1806a1502dff5b57ef3767bd09fabf655634cb844d9f2ac2087c0,0,full_declared_day,153f2686a97e34b41099eda91952d787a1cd6c17a5aa81869ab7d08d479584be,153f2686a97e34b41099eda91952d787a1cd6c17a5aa81869ab7d08d479584be,risk_aligned_declaration_witness,0.858999999999998,0.8879999999999973,13391.60903098188,13391.786490069328,-0.1774590874483692,-0.1774590874499974,0.0,0.2114153467496337,0.0,0.0,-0.1774590874483692,-0.1774590874483692,0.0,1,0.750551331795091,0.7505490406023901,1.0000000000000004,1.0,37,True
65,3,6243,2be9ba53c0d1806a1502dff5b57ef3767bd09fabf655634cb844d9f2ac2087c0,0,full_declared_day,153f2686a97e34b41099eda91952d787a1cd6c17a5aa81869ab7d08d479584be,153f2686a97e34b41099eda91952d787a1cd6c17a5aa81869ab7d08d479584be,risk_aligned_declaration_witness,0.8689999999999978,0.8759999999999974,13391.679058042566,13391.722948466642,-0.0438904240763804,-0.0438904240749972,1.249000902703301e-16,0.1997786549856585,0.0,0.0,-0.0438904240763804,-0.0438904240763804,0.0,1,0.7505510718170569,0.7505503404925608,1.0000000000000004,1.0000000000000004,37,True
65,4,6244,2be9ba53c0d1806a1502dff5b57ef3767bd09fabf655634cb844d9f2ac2087c0,0,full_declared_day,153f2686a97e34b41099eda91952d787a1cd6c17a5aa81869ab7d08d479584be,153f2686a97e34b41099eda91952d787a1cd6c17a5aa81869ab7d08d479584be,risk_aligned_declaration_witness,0.870999999999998,0.8779999999999973,13391.687038093103,13391.730928517176,-0.0438904240727424,-0.0438904240749972,1.249000902703301e-16,0.2136091728662397,0.0,0.0,-0.0438904240727424,-0.0438904240727424,0.0,1,0.7505508118390228,0.7505500805145269,1.0000000000000004,1.0000000000000002,37,True
65,5,6245,2be9ba53c0d1806a1502dff5b57ef3767bd09fabf655634cb844d9f2ac2087c0,0,full_declared_day,153f2686a97e34b41099eda91952d787a1cd6c17a5aa81869ab7d08d479584be,153f2686a97e34b41099eda91952d787a1cd6c17a5aa81869ab7d08d479584be,risk_aligned_declaration_witness,0.8659999999999979,0.8709999999999974,13391.650529824105,13391.671974689105,-0.021444865000376,-0.0214448649999972,1.52655665885959e-16,0.213846475003832,0.0,0.0,-0.021444865000376,-0.021444865000376,0.0,1,0.750551543163519,0.7505503242893588,1.0000000000000004,1.0000000000000004,37,True
65,6,6246,2be9ba53c0d1806a1502dff5b57ef3767bd09fabf655634cb844d9f2ac2087c0,0,full_declared_day,153f2686a97e34b41099eda91952d787a1cd6c17a5aa81869ab7d08d479584be,153f2686a97e34b41099eda91952d787a1cd6c17a5aa81869ab7d08d479584be,risk_aligned_declaration_witness,0.8659999999999979,0.8709999999999974,13391.650529824105,13391.671974689105,-0.021444865000376,-0.0214448649999972,1.52655665885959e-16,0.2115211988779954,0.0,0.0,-0.021444865000376,-0.021444865000376,0.0,1,0.750551543163519,0.7505503242893588,1.0000000000000004,1.0000000000000004,37,True
65,7,6247,2be9ba53c0d1806a1502dff5b57ef3767bd09fabf655634cb844d9f2ac2087c0,0,full_declared_day,153f2686a97e34b41099eda91952d787a1cd6c17a5aa81869ab7d08d479584be,153f2686a97e34b41099eda91952d787a1cd6c17a5aa81869ab7d08d479584be,risk_aligned_declaration_witness,0.8699999999999979,0.8749999999999973,13391.674021627176,13391.69546649218,-0.021444865002195,-0.0214448649999972,1.52655665885959e-16,0.2056645529726549,0.0,0.0,-0.021444865002195,-0.021444865002195,0.0,1,0.7505512831854848,0.7505500643113246,1.0000000000000002,1.0000000000000002,37,True
65,8,6248,2be9ba53c0d1806a1502dff5b57ef3767bd09fabf655634cb844d9f2ac2087c0,0,full_declared_day,153f2686a97e34b41099eda91952d787a1cd6c17a5aa81869ab7d08d479584be,153f2686a97e34b41099eda91952d787a1cd6c17a5aa81869ab7d08d479584be,risk_aligned_declaration_witness,0.8699999999999979,0.8699999999999974,13391.674021627176,13391.674021627176,0.0,2.7466302988943256e-15,1.52655665885959e-16,0.211980775984575,0.0,0.0,0.0,0.0,0.0,0,0.7505512831854848,0.7505512831854848,1.0000000000000002,1.0000000000000002,37,True
65,9,6249,2be9ba53c0d1806a1502dff5b57ef3767bd09fabf655634cb844d9f2ac2087c0,0,full_declared_day,153f2686a97e34b41099eda91952d787a1cd6c17a5aa81869ab7d08d479584be,153f2686a97e34b41099eda91952d787a1cd6c17a5aa81869ab7d08d479584be,risk_aligned_declaration_witness,0.8689999999999978,0.8689999999999973,13391.67033054964,13391.67033054964,0.0,2.7466302988943256e-15,1.52655665885959e-16,0.1506001864582764,0.0,0.0,0.0,0.0,0.0,0,0.750551315591889,0.750551315591889,1.0000000000000004,1.0000000000000004,37,True
65,10,6250,2be9ba53c0d1806a1502dff5b57ef3767bd09fabf655634cb844d9f2ac2087c0,0,full_declared_day,153f2686a97e34b41099eda91952d787a1cd6c17a5aa81869ab7d08d479584be,153f2686a97e34b41099eda91952d787a1cd6c17a5aa81869ab7d08d479584be,risk_aligned_declaration_witness,0.8699999999999979,0.8699999999999974,13391.68215122464,13391.68215122464,0.0,2.7466302988943256e-15,1.52655665885959e-16,0.196164550524201,0.0,0.0,0.0,0.0,0.0,0,0.750551315591889,0.750551315591889,1.0000000000000004,1.0000000000000004,37,True
65,11,6251,2be9ba53c0d1806a1502dff5b57ef3767bd09fabf655634cb844d9f2ac2087c0,0,full_declared_day,153f2686a97e34b41099eda91952d787a1cd6c17a5aa81869ab7d08d479584be,153f2686a97e34b41099eda91952d787a1cd6c17a5aa81869ab7d08d479584be,risk_aligned_declaration_witness,0.8439999999999979,0.8439999999999974,13391.52509075819,13391.52509075819,0.0,2.7466302988943256e-15,1.52655665885959e-16,0.2016793181301093,0.0,0.0,0.0,0.0,0.0,0,0.7505531192349254,0.7505531192349254,1.0000000000000002,1.0000000000000002,37,True
65,12,6252,2be9ba53c0d1806a1502dff5b57ef3767bd09fabf655634cb844d9f2ac2087c0,0,full_declared_day,153f2686a97e34b41099eda91952d787a1cd6c17a5aa81869ab7d08d479584be,153f2686a97e34b41099eda91952d787a1cd6c17a5aa81869ab7d08d479584be,risk_aligned_declaration_witness,0.8049999999999977,0.8049999999999973,13391.30199340244,13391.30199340244,0.0,2.7466302988943256e-15,1.52655665885959e-16,0.1214988800070581,0.0,0.0,0.0,0.0,0.0,0,0.7505557190152661,0.7505557190152661,1.0000000000000002,1.0000000000000002,37,True
65,13,6253,2be9ba53c0d1806a1502dff5b57ef3767bd09fabf655634cb844d9f2ac2087c0,0,full_declared_day,153f2686a97e34b41099eda91952d787a1cd6c17a5aa81869ab7d08d479584be,153f2686a97e34b41099eda91952d787a1cd6c17a5aa81869ab7d08d479584be,risk_aligned_declaration_witness,0.7909999999999977,0.7909999999999973,13391.216604136142,13391.216604136142,0.0,2.7466302988943256e-15,1.52655665885959e-16,0.0926993600925476,0.0,0.0,0.0,0.0,0.0,0,0.7505562713777383,0.7505562713777383,1.0000000000000004,1.0000000000000004,37,True
65,14,6254,2be9ba53c0d1806a1502dff5b57ef3767bd09fabf655634cb844d9f2ac2087c0,0,full_declared_day,153f2686a97e34b41099eda91952d787a1cd6c17a5aa81869ab7d08d479584be,153f2686a97e34b41099eda91952d787a1cd6c17a5aa81869ab7d08d479584be,risk_aligned_declaration_witness,0.7909999999999977,0.7909999999999973,13391.216604136142,13391.216604136142,0.0,2.7466302988943256e-15,1.52655665885959e-16,0.1956271800030651,0.0,0.0,0.0,0.0,0.0,0,0.7505562713777383,0.7505562713777383,1.0000000000000004,1.0000000000000004,37,True
65,15,6255,2be9ba53c0d1806a1502dff5b57ef3767bd09fabf655634cb844d9f2ac2087c0,0,full_declared_day,153f2686a97e34b41099eda91952d787a1cd6c17a5aa81869ab7d08d479584be,153f2686a97e34b41099eda91952d787a1cd6c17a5aa81869ab7d08d479584be,risk_aligned_declaration_witness,0.8499999999999979,0.8499999999999973,13391.57282180673,13391.57282180673,0.0,2.7466302988943256e-15,1.52655665885959e-16,0.0514128623623355,0.0,0.0,0.0,0.0,0.0,0,0.7505526478884633,0.7505526478884633,1.0000000000000002,1.0000000000000002,37,True
65,16,6256,2be9ba53c0d1806a1502dff5b57ef3767bd09fabf655634cb844d9f2ac2087c0,0,full_declared_day,153f2686a97e34b41099eda91952d787a1cd6c17a5aa81869ab7d08d479584be,153f2686a97e34b41099eda91952d787a1cd6c17a5aa81869ab7d08d479584be,risk_aligned_declaration_witness,0.842999999999998,0.8429999999999974,13391.529529278116,13391.529529278116,0.0,2.7466302988943256e-15,1.52655665885959e-16,0.1787223096458467,0.0,0.0,0.0,0.0,0.0,0,0.7505531678445313,0.7505531678445313,1.0000000000000002,1.0000000000000002,37,True
65,17,6257,2be9ba53c0d1806a1502dff5b57ef3767bd09fabf655634cb844d9f2ac2087c0,0,full_declared_day,153f2686a97e34b41099eda91952d787a1cd6c17a5aa81869ab7d08d479584be,153f2686a97e34b41099eda91952d787a1cd6c17a5aa81869ab7d08d479584be,risk_aligned_declaration_witness,0.8279999999999978,0.8279999999999973,13391.439253143357,13391.439253143357,0.0,2.7466302988943256e-15,1.52655665885959e-16,0.1952447349339557,0.0,0.0,0.0,0.0,0.0,0,0.7505542077566673,0.7505542077566673,1.0,1.0,37,True
65,18,6258,2be9ba53c0d1806a1502dff5b57ef3767bd09fabf655634cb844d9f2ac2087c0,0,full_declared_day,153f2686a97e34b41099eda91952d787a1cd6c17a5aa81869ab7d08d479584be,153f2686a97e34b41099eda91952d787a1cd6c17a5aa81869ab7d08d479584be,risk_aligned_declaration_witness,0.8679999999999979,0.8679999999999973,13391.674171174103,13391.674171174103,0.0,2.7466302988943256e-15,1.52655665885959e-16,0.0185542172354947,0.0,0.0,0.0,0.0,0.0,0,0.7505516079763271,0.7505516079763271,1.0000000000000004,1.0000000000000004,37,True
65,19,6259,2be9ba53c0d1806a1502dff5b57ef3767bd09fabf655634cb844d9f2ac2087c0,0,full_declared_day,153f2686a97e34b41099eda91952d787a1cd6c17a5aa81869ab7d08d479584be,153f2686a97e34b41099eda91952d787a1cd6c17a5aa81869ab7d08d479584be,risk_aligned_declaration_witness,0.8879999999999979,0.8879999999999973,13391.800357682405,13391.800357682405,0.0,2.7466302988943256e-15,1.52655665885959e-16,0.097163690999592,0.0,0.0,0.0,0.0,0.0,0,0.7505500481081224,0.7505500481081224,1.0,1.0,37,True
65,20,6260,2be9ba53c0d1806a1502dff5b57ef3767bd09fabf655634cb844d9f2ac2087c0,0,full_declared_day,153f2686a97e34b41099eda91952d787a1cd6c17a5aa81869ab7d08d479584be,153f2686a97e34b41099eda91952d787a1cd6c17a5aa81869ab7d08d479584be,risk_aligned_declaration_witness,0.923999999999998,0.9239999999999976,13392.01178391008,13392.01178391008,0.0,2.7466302988943256e-15,1.52655665885959e-16,0.0576754829756452,0.0,0.0,0.0,0.0,0.0,0,0.7505477083058161,0.7505477083058161,1.0000000000000002,1.0000000000000002,37,True
65,21,6261,2be9ba53c0d1806a1502dff5b57ef3767bd09fabf655634cb844d9f2ac2087c0,0,full_declared_day,153f2686a97e34b41099eda91952d787a1cd6c17a5aa81869ab7d08d479584be,153f2686a97e34b41099eda91952d787a1cd6c17a5aa81869ab7d08d479584be,risk_aligned_declaration_witness,0.968999999999998,0.9689999999999974,13392.27388482144,13392.27388482144,0.0,2.7466302988943256e-15,1.52655665885959e-16,0.0621459914161929,0.0,0.0,0.0,0.0,0.0,0,0.7505448323442395,0.7505448323442395,1.0000000000000004,1.0000000000000004,37,True
65,22,6262,2be9ba53c0d1806a1502dff5b57ef3767bd09fabf655634cb844d9f2ac2087c0,0,full_declared_day,153f2686a97e34b41099eda91952d787a1cd6c17a5aa81869ab7d08d479584be,153f2686a97e34b41099eda91952d787a1cd6c17a5aa81869ab7d08d479584be,risk_aligned_declaration_witness,0.919999999999998,0.9199999999999976,13391.980162509542,13391.980162509542,0.0,2.7466302988943256e-15,1.52655665885959e-16,0.1502915515730613,0.0,0.0,0.0,0.0,0.0,0,0.750547952080648,0.750547952080648,1.0000000000000002,1.0000000000000002,37,True
65,23,6263,2be9ba53c0d1806a1502dff5b57ef3767bd09fabf655634cb844d9f2ac2087c0,0,full_declared_day,153f2686a97e34b41099eda91952d787a1cd6c17a5aa81869ab7d08d479584be,153f2686a97e34b41099eda91952d787a1cd6c17a5aa81869ab7d08d479584be,risk_aligned_declaration_witness,0.916999999999998,0.9169999999999976,13391.960959679463,13391.960959679463,0.0,2.7466302988943256e-15,1.52655665885959e-16,0.1964064364368525,0.0,0.0,0.0,0.0,0.0,0,0.7505479682838501,0.7505479682838501,1.0000000000000002,1.0000000000000002,37,True
65,24,6264,2be9ba53c0d1806a1502dff5b57ef3767bd09fabf655634cb844d9f2ac2087c0,0,full_declared_day,153f2686a97e34b41099eda91952d787a1cd6c17a5aa81869ab7d08d479584be,153f2686a97e34b41099eda91952d787a1cd6c17a5aa81869ab7d08d479584be,risk_aligned_declaration_witness,0.925999999999998,0.9259999999999976,13392.011036467691,13392.011036467691,0.0,2.7466302988943256e-15,1.52655665885959e-16,0.1714894345724252,0.0,0.0,0.0,0.0,0.0,0,0.7505476758994121,0.7505476758994121,1.0000000000000004,1.0000000000000004,37,True
65,25,6265,2be9ba53c0d1806a1502dff5b57ef3767bd09fabf655634cb844d9f2ac2087c0,0,full_declared_day,153f2686a97e34b41099eda91952d787a1cd6c17a5aa81869ab7d08d479584be,153f2686a97e34b41099eda91952d787a1cd6c17a5aa81869ab7d08d479584be,risk_aligned_declaration_witness,0.935999999999998,0.9359999999999976,13392.07412972184,13392.07412972184,0.0,2.7466302988943256e-15,1.52655665885959e-16,0.1147733085004493,0.0,0.0,0.0,0.0,0.0,0,0.7505469121685119,0.7505469121685119,1.0000000000000002,1.0000000000000002,37,True
65,26,6266,2be9ba53c0d1806a1502dff5b57ef3767bd09fabf655634cb844d9f2ac2087c0,0,full_declared_day,153f2686a97e34b41099eda91952d787a1cd6c17a5aa81869ab7d08d479584be,153f2686a97e34b41099eda91952d787a1cd6c17a5aa81869ab7d08d479584be,risk_aligned_declaration_witness,0.9369999999999978,0.9359999999999976,13392.08595039684,13392.07412972184,0.0118206749993987,0.0118206750000027,0.0002500000000001,0.1439540944160632,0.0,0.0,0.0118206749993987,0.0118206749993987,0.0118206749993987,0,0.7505469121685119,0.7505469121685119,1.0000000000000002,1.0000000000000002,37,True
65,27,6267,2be9ba53c0d1806a1502dff5b57ef3767bd09fabf655634cb844d9f2ac2087c0,0,full_declared_day,153f2686a97e34b41099eda91952d787a1cd6c17a5aa81869ab7d08d479584be,153f2686a97e34b41099eda91952d787a1cd6c17a5aa81869ab7d08d479584be,risk_aligned_declaration_witness,0.942999999999998,0.9439999999999974,13392.109292652993,13392.12111332799,-0.0118206749975797,-0.0118206749999972,1.249000902703301e-16,0.2150408362043639,0.0,0.0,-0.0118206749975797,-0.0118206749975797,0.0,1,0.7505463760092417,0.7505463760092417,1.0000000000000002,1.0000000000000002,37,True
65,28,6268,2be9ba53c0d1806a1502dff5b57ef3767bd09fabf655634cb844d9f2ac2087c0,0,full_declared_day,153f2686a97e34b41099eda91952d787a1cd6c17a5aa81869ab7d08d479584be,153f2686a97e34b41099eda91952d787a1cd6c17a5aa81869ab7d08d479584be,risk_aligned_declaration_witness,0.943999999999998,0.9439999999999974,13392.12111332799,13392.12111332799,0.0,2.7466302988943256e-15,1.52655665885959e-16,0.2250527214088277,0.0,0.0,0.0,0.0,0.0,0,0.7505463760092417,0.7505463760092417,1.0000000000000002,1.0000000000000002,37,True
65,29,6269,2be9ba53c0d1806a1502dff5b57ef3767bd09fabf655634cb844d9f2ac2087c0,0,full_declared_day,153f2686a97e34b41099eda91952d787a1cd6c17a5aa81869ab7d08d479584be,153f2686a97e34b41099eda91952d787a1cd6c17a5aa81869ab7d08d479584be,risk_aligned_declaration_witness,0.923999999999998,0.9239999999999976,13392.003654312615,13392.003654312615,0.0,2.7466302988943256e-15,1.52655665885959e-16,0.2284387949986122,0.0,0.0,0.0,0.0,0.0,0,0.750547675899412,0.750547675899412,1.0000000000000002,1.0000000000000002,37,True
65,30,6270,2be9ba53c0d1806a1502dff5b57ef3767bd09fabf655634cb844d9f2ac2087c0,0,full_declared_day,153f2686a97e34b41099eda91952d787a1cd6c17a5aa81869ab7d08d479584be,153f2686a97e34b41099eda91952d787a1cd6c17a5aa81869ab7d08d479584be,risk_aligned_declaration_witness,0.919999999999998,0.9199999999999974,13391.980162509542,13391.980162509542,0.0,2.7466302988943256e-15,1.52655665885959e-16,0.2299999999999977,0.0,0.0,0.0,0.0,0.0,0,0.750547935877446,0.750547935877446,1.0000000000000002,1.0000000000000002,37,True
65,31,6271,2be9ba53c0d1806a1502dff5b57ef3767bd09fabf655634cb844d9f2ac2087c0,0,full_declared_day,153f2686a97e34b41099eda91952d787a1cd6c17a5aa81869ab7d08d479584be,153f2686a97e34b41099eda91952d787a1cd6c17a5aa81869ab7d08d479584be,risk_aligned_declaration_witness,0.921999999999998,0.9219999999999974,13391.98874045554,13391.98874045554,0.0,2.7466302988943256e-15,1.52655665885959e-16,0.2188950109493819,0.0,0.0,0.0,0.0,0.0,0,0.750547448327782,0.750547448327782,1.0000000000000002,1.0000000000000002,37,True
65,32,6272,2be9ba53c0d1806a1502dff5b57ef3767bd09fabf655634cb844d9f2ac2087c0,0,full_declared_day,153f2686a97e34b41099eda91952d787a1cd6c17a5aa81869ab7d08d479584be,153f2686a97e34b41099eda91952d787a1cd6c17a5aa81869ab7d08d479584be,risk_aligned_declaration_witness,0.922999999999998,0.9229999999999976,13392.000561130542,13392.000561130542,0.0,2.7466302988943256e-15,1.52655665885959e-16,0.2304871748919723,0.0,0.0,0.0,0.0,0.0,0,0.750547448327782,0.750547448327782,1.0000000000000002,1.0000000000000002,37,True
65,33,6273,2be9ba53c0d1806a1502dff5b57ef3767bd09fabf655634cb844d9f2ac2087c0,0,full_declared_day,153f2686a97e34b41099eda91952d787a1cd6c17a5aa81869ab7d08d479584be,153f2686a97e34b41099eda91952d787a1cd6c17a5aa81869ab7d08d479584be,risk_aligned_declaration_witness,0.922999999999998,0.9229999999999976,13392.000561130542,13392.000561130542,0.0,2.7466302988943256e-15,1.52655665885959e-16,0.2303893581490438,0.0,0.0,0.0,0.0,0.0,0,0.750547448327782,0.750547448327782,1.0000000000000002,1.0000000000000002,37,True
65,34,6274,2be9ba53c0d1806a1502dff5b57ef3767bd09fabf655634cb844d9f2ac2087c0,0,full_declared_day,153f2686a97e34b41099eda91952d787a1cd6c17a5aa81869ab7d08d479584be,153f2686a97e34b41099eda91952d787a1cd6c17a5aa81869ab7d08d479584be,risk_aligned_declaration_witness,0.928999999999998,0.9289999999999976,13392.04076047708,13392.04076047708,0.0,2.7466302988943256e-15,1.52655665885959e-16,0.199298631868258,0.0,0.0,0.0,0.0,0.0,0,0.7505467170032858,0.7505467170032858,1.0000000000000002,1.0000000000000002,37,True
65,35,6275,2be9ba53c0d1806a1502dff5b57ef3767bd09fabf655634cb844d9f2ac2087c0,0,full_declared_day,153f2686a97e34b41099eda91952d787a1cd6c17a5aa81869ab7d08d479584be,153f2686a97e34b41099eda91952d787a1cd6c17a5aa81869ab7d08d479584be,risk_aligned_declaration_witness,0.944999999999998,0.9449999999999976,13392.117272703526,13392.117272703526,0.0,2.7466302988943256e-15,1.52655665885959e-16,0.2022924039938688,0.0,0.0,0.0,0.0,0.0,0,0.7505461322344094,0.7505461322344094,1.0,1.0,37,True
65,36,6276,2be9ba53c0d1806a1502dff5b57ef3767bd09fabf655634cb844d9f2ac2087c0,0,full_declared_day,153f2686a97e34b41099eda91952d787a1cd6c17a5aa81869ab7d08d479584be,153f2686a97e34b41099eda91952d787a1cd6c17a5aa81869ab7d08d479584be,risk_aligned_declaration_witness,0.9469999999999978,0.9469999999999974,13392.125252754067,13392.125252754067,0.0,2.7466302988943256e-15,1.52655665885959e-16,0.2235815719149164,0.0,0.0,0.0,0.0,0.0,0,0.7505458722563754,0.7505458722563754,1.0,1.0,37,True
65,37,6277,2be9ba53c0d1806a1502dff5b57ef3767bd09fabf655634cb844d9f2ac2087c0,0,full_declared_day,153f2686a97e34b41099eda91952d787a1cd6c17a5aa81869ab7d08d479584be,153f2686a97e34b41099eda91952d787a1cd6c17a5aa81869ab7d08d479584be,risk_aligned_declaration_witness,0.9469999999999978,0.9469999999999974,13392.125252754067,13392.125252754067,0.0,2.7466302988943256e-15,1.52655665885959e-16,0.2239229195556636,0.0,0.0,0.0,0.0,0.0,0,0.7505458722563754,0.7505458722563754,1.0,1.0,37,True
65,38,6278,2be9ba53c0d1806a1502dff5b57ef3767bd09fabf655634cb844d9f2ac2087c0,0,full_declared_day,153f2686a97e34b41099eda91952d787a1cd6c17a5aa81869ab7d08d479584be,153f2686a97e34b41099eda91952d787a1cd6c17a5aa81869ab7d08d479584be,risk_aligned_declaration_witness,0.9409999999999978,0.9409999999999974,13392.10310628884,13392.10310628884,0.0,2.7466302988943256e-15,1.52655665885959e-16,0.2299856007654887,0.0,0.0,0.0,0.0,0.0,0,0.7505459370691837,0.7505459370691837,1.0000000000000002,1.0000000000000002,37,True
65,39,6279,2be9ba53c0d1806a1502dff5b57ef3767bd09fabf655634cb844d9f2ac2087c0,0,full_declared_day,153f2686a97e34b41099eda91952d787a1cd6c17a5aa81869ab7d08d479584be,153f2686a97e34b41099eda91952d787a1cd6c17a5aa81869ab7d08d479584be,risk_aligned_declaration_witness,0.9409999999999978,0.9409999999999974,13392.10310628884,13392.10310628884,0.0,2.7466302988943256e-15,1.52655665885959e-16,0.2313515047818263,0.0,0.0,0.0,0.0,0.0,0,0.7505459370691837,0.7505459370691837,1.0000000000000002,1.0000000000000002,37,True
65,40,6280,2be9ba53c0d1806a1502dff5b57ef3767bd09fabf655634cb844d9f2ac2087c0,0,full_declared_day,153f2686a97e34b41099eda91952d787a1cd6c17a5aa81869ab7d08d479584be,153f2686a97e34b41099eda91952d787a1cd6c17a5aa81869ab7d08d479584be,risk_aligned_declaration_witness,0.9409999999999978,0.9409999999999974,13392.10310628884,13392.10310628884,0.0,2.7466302988943256e-15,1.52655665885959e-16,0.2000096763784879,0.0,0.0,0.0,0.0,0.0,0,0.7505459370691837,0.7505459370691837,1.0000000000000002,1.0000000000000002,37,True
65,41,6281,2be9ba53c0d1806a1502dff5b57ef3767bd09fabf655634cb844d9f2ac2087c0,0,full_declared_day,153f2686a97e34b41099eda91952d787a1cd6c17a5aa81869ab7d08d479584be,153f2686a97e34b41099eda91952d787a1cd6c17a5aa81869ab7d08d479584be,risk_aligned_declaration_witness,0.9389999999999978,0.9389999999999974,13392.086996640845,13392.086996640845,0.0,2.7466302988943256e-15,1.52655665885959e-16,0.2084868510755871,0.0,0.0,0.0,0.0,0.0,0,0.7505461808440157,0.7505461808440157,1.0000000000000002,1.0000000000000002,37,True
65,42,6282,2be9ba53c0d1806a1502dff5b57ef3767bd09fabf655634cb844d9f2ac2087c0,0,full_declared_day,153f2686a97e34b41099eda91952d787a1cd6c17a5aa81869ab7d08d479584be,153f2686a97e34b41099eda91952d787a1cd6c17a5aa81869ab7d08d479584be,risk_aligned_declaration_witness,0.9389999999999978,0.9389999999999974,13392.086996640845,13392.086996640845,0.0,2.7466302988943256e-15,1.52655665885959e-16,0.2141961139106741,0.0,0.0,0.0,0.0,0.0,0,0.7505461808440157,0.7505461808440157,1.0000000000000002,1.0000000000000002,37,True
65,43,6283,2be9ba53c0d1806a1502dff5b57ef3767bd09fabf655634cb844d9f2ac2087c0,0,full_declared_day,153f2686a97e34b41099eda91952d787a1cd6c17a5aa81869ab7d08d479584be,153f2686a97e34b41099eda91952d787a1cd6c17a5aa81869ab7d08d479584be,risk_aligned_declaration_witness,0.9389999999999978,0.9369999999999974,13392.094528342845,13392.07841869484,0.0161096480023843,0.0161096480000027,0.0005000000000001,0.1890459668237226,0.0,0.0,0.0161096480023843,0.0161096480023843,0.0161096480023843,0,0.7505464246188478,0.7505466683936798,1.0000000000000002,1.0000000000000002,37,True
65,44,6284,2be9ba53c0d1806a1502dff5b57ef3767bd09fabf655634cb844d9f2ac2087c0,0,full_declared_day,153f2686a97e34b41099eda91952d787a1cd6c17a5aa81869ab7d08d479584be,153f2686a97e34b41099eda91952d787a1cd6c17a5aa81869ab7d08d479584be,risk_aligned_declaration_witness,0.943999999999998,0.9419999999999974,13392.12984082092,13392.113731172916,0.0161096480023843,0.0161096480000027,0.0005000000000001,0.0758275616317293,0.0,0.0,0.0161096480023843,0.0161096480023843,0.0161096480023843,0,0.7505461646408137,0.7505464084156458,1.0000000000000002,1.0000000000000004,37,True
65,45,6285,2be9ba53c0d1806a1502dff5b57ef3767bd09fabf655634cb844d9f2ac2087c0,0,full_declared_day,153f2686a97e34b41099eda91952d787a1cd6c17a5aa81869ab7d08d479584be,153f2686a97e34b41099eda91952d787a1cd6c17a5aa81869ab7d08d479584be,risk_aligned_declaration_witness,0.935999999999998,0.9379999999999976,13392.07412972184,13392.090239369842,-0.0161096480005653,-0.0161096479999972,1.249000902703301e-16,0.1849135835122654,0.0,0.0,-0.0161096480005653,-0.0161096480005653,0.0,1,0.7505469121685119,0.7505466683936799,1.0000000000000002,1.0000000000000002,37,True
65,46,6286,2be9ba53c0d1806a1502dff5b57ef3767bd09fabf655634cb844d9f2ac2087c0,0,full_declared_day,153f2686a97e34b41099eda91952d787a1cd6c17a5aa81869ab7d08d479584be,153f2686a97e34b41099eda91952d787a1cd6c17a5aa81869ab7d08d479584be,risk_aligned_declaration_witness,0.921999999999998,0.9239999999999974,13391.995076366617,13392.011186014615,-0.0161096479987463,-0.0161096479999972,1.249000902703301e-16,0.2105945142504472,0.0,0.0,-0.0161096479987463,-0.0161096479987463,0.0,1,0.7505481796522782,0.750547935877446,1.0000000000000002,1.0000000000000002,37,True
65,47,6287,2be9ba53c0d1806a1502dff5b57ef3767bd09fabf655634cb844d9f2ac2087c0,0,full_declared_day,153f2686a97e34b41099eda91952d787a1cd6c17a5aa81869ab7d08d479584be,153f2686a97e34b41099eda91952d787a1cd6c17a5aa81869ab7d08d479584be,risk_aligned_declaration_witness,0.921999999999998,0.9219999999999974,13391.995076366617,13391.995076366617,0.0,2.7466302988943256e-15,1.52655665885959e-16,0.2251254646313651,0.0,0.0,0.0,0.0,0.0,0,0.7505481796522782,0.7505481796522782,1.0000000000000002,1.0000000000000002,37,True
65,48,6288,2be9ba53c0d1806a1502dff5b57ef3767bd09fabf655634cb844d9f2ac2087c0,0,full_declared_day,153f2686a97e34b41099eda91952d787a1cd6c17a5aa81869ab7d08d479584be,153f2686a97e34b41099eda91952d787a1cd6c17a5aa81869ab7d08d479584be,risk_aligned_declaration_witness,0.919999999999998,0.9199999999999974,13391.97956461408,13391.97956461408,0.0,2.7466302988943256e-15,1.52655665885959e-16,0.1842763384720948,0.0,0.0,0.0,0.0,0.0,0,0.7505481796522782,0.7505481796522782,1.0000000000000002,1.0000000000000002,37,True
65,49,6289,2be9ba53c0d1806a1502dff5b57ef3767bd09fabf655634cb844d9f2ac2087c0,0,full_declared_day,153f2686a97e34b41099eda91952d787a1cd6c17a5aa81869ab7d08d479584be,153f2686a97e34b41099eda91952d787a1cd6c17a5aa81869ab7d08d479584be,risk_aligned_declaration_witness,0.904999999999998,0.9049999999999976,13391.89741807678,13391.89741807678,0.0,2.7466302988943256e-15,1.52655665885959e-16,0.2096274558846834,0.0,0.0,0.0,0.0,0.0,0,0.7505492195644144,0.7505492195644144,1.0000000000000004,1.0000000000000004,37,True
65,50,6290,2be9ba53c0d1806a1502dff5b57ef3767bd09fabf655634cb844d9f2ac2087c0,0,full_declared_day,153f2686a97e34b41099eda91952d787a1cd6c17a5aa81869ab7d08d479584be,153f2686a97e34b41099eda91952d787a1cd6c17a5aa81869ab7d08d479584be,risk_aligned_declaration_witness,0.906999999999998,0.9069999999999976,13391.90599602278,13391.90599602278,0.0,2.7466302988943256e-15,1.52655665885959e-16,0.2043761673146739,0.0,0.0,0.0,0.0,0.0,0,0.7505487320147504,0.7505487320147504,1.0000000000000004,1.0000000000000004,37,True
65,51,6291,2be9ba53c0d1806a1502dff5b57ef3767bd09fabf655634cb844d9f2ac2087c0,0,full_declared_day,153f2686a97e34b41099eda91952d787a1cd6c17a5aa81869ab7d08d479584be,153f2686a97e34b41099eda91952d787a1cd6c17a5aa81869ab7d08d479584be,risk_aligned_declaration_witness,0.8959999999999979,0.8959999999999975,13391.847341288554,13391.847341288554,0.0,2.7466302988943256e-15,1.52655665885959e-16,0.1893084576741932,0.0,0.0,0.0,0.0,0.0,0,0.7505495119488521,0.7505495119488521,1.0,1.0,37,True
65,52,6292,2be9ba53c0d1806a1502dff5b57ef3767bd09fabf655634cb844d9f2ac2087c0,0,full_declared_day,153f2686a97e34b41099eda91952d787a1cd6c17a5aa81869ab7d08d479584be,153f2686a97e34b41099eda91952d787a1cd6c17a5aa81869ab7d08d479584be,risk_aligned_declaration_witness,0.8949999999999978,0.8939999999999975,13391.826195225169,13391.822504147627,0.003691077537951,0.0036910775375027,0.0002500000000001,0.2069893968772096,0.0,0.0,0.003691077537951,0.003691077537951,0.003691077537951,0,0.7505499994985166,0.7505499994985166,1.0000000000000004,1.0000000000000004,37,True
65,53,6293,2be9ba53c0d1806a1502dff5b57ef3767bd09fabf655634cb844d9f2ac2087c0,0,full_declared_day,153f2686a97e34b41099eda91952d787a1cd6c17a5aa81869ab7d08d479584be,153f2686a97e34b41099eda91952d787a1cd6c17a5aa81869ab7d08d479584be,risk_aligned_declaration_witness,0.892999999999998,0.8939999999999974,13391.810683472628,13391.814374550167,-0.00369107753977,-0.0036910775374972,1.52655665885959e-16,0.2068899627014047,0.0,0.0,-0.00369107753977,-0.00369107753977,0.0,1,0.7505499832953146,0.7505499832953146,1.0000000000000004,1.0000000000000004,37,True
65,54,6294,2be9ba53c0d1806a1502dff5b57ef3767bd09fabf655634cb844d9f2ac2087c0,0,full_declared_day,153f2686a97e34b41099eda91952d787a1cd6c17a5aa81869ab7d08d479584be,153f2686a97e34b41099eda91952d787a1cd6c17a5aa81869ab7d08d479584be,risk_aligned_declaration_witness,0.8839999999999979,0.8839999999999975,13391.76000878894,13391.76000878894,0.0,2.7466302988943256e-15,1.52655665885959e-16,0.2015669110402856,0.0,0.0,0.0,0.0,0.0,0,0.7505505194545843,0.7505505194545843,1.0,1.0,37,True
65,55,6295,2be9ba53c0d1806a1502dff5b57ef3767bd09fabf655634cb844d9f2ac2087c0,0,full_declared_day,153f2686a97e34b41099eda91952d787a1cd6c17a5aa81869ab7d08d479584be,153f2686a97e34b41099eda91952d787a1cd6c17a5aa81869ab7d08d479584be,risk_aligned_declaration_witness,0.874999999999998,0.8749999999999974,13391.693672805792,13391.693672805792,0.0,2.7466302988943256e-15,1.52655665885959e-16,0.2096173389959003,0.0,0.0,0.0,0.0,0.0,0,0.7505508118390226,0.7505508118390226,1.0,1.0,37,True
65,56,6296,2be9ba53c0d1806a1502dff5b57ef3767bd09fabf655634cb844d9f2ac2087c0,0,full_declared_day,153f2686a97e34b41099eda91952d787a1cd6c17a5aa81869ab7d08d479584be,153f2686a97e34b41099eda91952d787a1cd6c17a5aa81869ab7d08d479584be,risk_aligned_declaration_witness,0.8779999999999979,0.8779999999999974,13391.712875635863,13391.712875635863,0.0,2.7466302988943256e-15,1.52655665885959e-16,0.1857442592323196,0.0,0.0,0.0,0.0,0.0,0,0.7505507956358205,0.7505507956358205,1.0,1.0,37,True
65,57,6297,2be9ba53c0d1806a1502dff5b57ef3767bd09fabf655634cb844d9f2ac2087c0,0,full_declared_day,153f2686a97e34b41099eda91952d787a1cd6c17a5aa81869ab7d08d479584be,153f2686a97e34b41099eda91952d787a1cd6c17a5aa81869ab7d08d479584be,risk_aligned_declaration_witness,0.8669999999999978,0.8669999999999973,13391.65422090164,13391.65422090164,0.0,2.7466302988943256e-15,1.52655665885959e-16,0.1563744480779804,0.0,0.0,0.0,0.0,0.0,0,0.750551591773125,0.750551591773125,1.0000000000000002,1.0000000000000002,37,True
65,58,6298,2be9ba53c0d1806a1502dff5b57ef3767bd09fabf655634cb844d9f2ac2087c0,0,full_declared_day,153f2686a97e34b41099eda91952d787a1cd6c17a5aa81869ab7d08d479584be,153f2686a97e34b41099eda91952d787a1cd6c17a5aa81869ab7d08d479584be,risk_aligned_declaration_witness,0.8709999999999978,0.8709999999999973,13391.668985211792,13391.668985211792,0.0,2.7466302988943256e-15,1.52655665885959e-16,0.1236329472164752,0.0,0.0,0.0,0.0,0.0,0,0.7505515593667207,0.7505515593667207,1.0,1.0,37,True
65,59,6299,2be9ba53c0d1806a1502dff5b57ef3767bd09fabf655634cb844d9f2ac2087c0,0,full_declared_day,153f2686a97e34b41099eda91952d787a1cd6c17a5aa81869ab7d08d479584be,153f2686a97e34b41099eda91952d787a1cd6c17a5aa81869ab7d08d479584be,risk_aligned_declaration_witness,0.8869999999999978,0.8869999999999973,13391.762952424093,13391.762952424093,0.0,2.7466302988943256e-15,1.52655665885959e-16,0.1494680432405857,0.0,0.0,0.0,0.0,0.0,0,0.7505505194545844,0.7505505194545844,1.0,1.0,37,True
65,60,6300,2be9ba53c0d1806a1502dff5b57ef3767bd09fabf655634cb844d9f2ac2087c0,0,full_declared_day,153f2686a97e34b41099eda91952d787a1cd6c17a5aa81869ab7d08d479584be,153f2686a97e34b41099eda91952d787a1cd6c17a5aa81869ab7d08d479584be,risk_aligned_declaration_witness,0.8949999999999978,0.8949999999999974,13391.80993603024,13391.80993603024,0.0,2.7466302988943256e-15,1.52655665885959e-16,0.179437179577836,0.0,0.0,0.0,0.0,0.0,0,0.7505499994985166,0.7505499994985166,1.0000000000000004,1.0000000000000004,37,True
65,61,6301,2be9ba53c0d1806a1502dff5b57ef3767bd09fabf655634cb844d9f2ac2087c0,0,full_declared_day,153f2686a97e34b41099eda91952d787a1cd6c17a5aa81869ab7d08d479584be,153f2686a97e34b41099eda91952d787a1cd6c17a5aa81869ab7d08d479584be,risk_aligned_declaration_witness,0.9069999999999978,0.9069999999999974,13391.872879737466,13391.872879737466,0.0,2.7466302988943256e-15,1.52655665885959e-16,0.1705493846468172,0.0,0.0,0.0,0.0,0.0,0,0.7505489271799763,0.7505489271799763,1.0000000000000002,1.0000000000000002,37,True
65,62,6302,2be9ba53c0d1806a1502dff5b57ef3767bd09fabf655634cb844d9f2ac2087c0,0,full_declared_day,153f2686a97e34b41099eda91952d787a1cd6c17a5aa81869ab7d08d479584be,153f2686a97e34b41099eda91952d787a1cd6c17a5aa81869ab7d08d479584be,risk_aligned_declaration_witness,0.9069999999999978,0.9069999999999974,13391.88913893239,13391.88913893239,0.0,2.7466302988943256e-15,1.52655665885959e-16,0.1677418785997221,0.0,0.0,0.0,0.0,0.0,0,0.7505489595863803,0.7505489595863803,1.0000000000000002,1.0000000000000002,37,True
65,63,6303,2be9ba53c0d1806a1502dff5b57ef3767bd09fabf655634cb844d9f2ac2087c0,0,full_declared_day,153f2686a97e34b41099eda91952d787a1cd6c17a5aa81869ab7d08d479584be,153f2686a97e34b41099eda91952d787a1cd6c17a5aa81869ab7d08d479584be,risk_aligned_declaration_witness,0.9069999999999978,0.9049999999999974,13391.887943141466,13391.88056098639,0.0073821550759021,0.0073821550750027,0.0005000000000001,0.1694718445329802,0.0,0.0,0.0073821550759021,0.0073821550759021,0.0073821550759021,0,0.7505494471360443,0.7505494471360443,1.0000000000000002,1.0000000000000002,37,True
65,64,6304,2be9ba53c0d1806a1502dff5b57ef3767bd09fabf655634cb844d9f2ac2087c0,1,full_declared_day,153f2686a97e34b41099eda91952d787a1cd6c17a5aa81869ab7d08d479584be,153f2686a97e34b41099eda91952d787a1cd6c17a5aa81869ab7d08d479584be,risk_aligned_declaration_witness,0.9129999999999978,0.9109999999999974,13391.911285397617,13391.90390324254,0.0073821550740831,0.0073821550750027,0.0005000000000001,0.1421801219202276,0.0005000000000001,0.0750000000000188,0.0823821550741019,0.0823821550741019,0.0823821550741019,0,0.7505489271799763,0.7505489271799763,1.0000000000000004,1.0000000000000002,37,True
65,65,6305,2be9ba53c0d1806a1502dff5b57ef3767bd09fabf655634cb844d9f2ac2087c0,1,full_declared_day,153f2686a97e34b41099eda91952d787a1cd6c17a5aa81869ab7d08d479584be,153f2686a97e34b41099eda91952d787a1cd6c17a5aa81869ab7d08d479584be,risk_aligned_declaration_witness,0.9369999999999978,0.9169999999999974,13392.028088362693,13391.942308902691,0.085779459997866,0.0857794600000027,0.0050000000000001,0.1513980038728338,1.52655665885959e-16,2.289834988289385e-14,0.0857794599978889,0.0857794599978889,0.0857794599978889,0,0.7505440192769313,0.7505488947735723,1.0000000000000004,1.0000000000000004,37,True
65,66,6306,2be9ba53c0d1806a1502dff5b57ef3767bd09fabf655634cb844d9f2ac2087c0,1,full_declared_day,153f2686a97e34b41099eda91952d787a1cd6c17a5aa81869ab7d08d479584be,153f2686a97e34b41099eda91952d787a1cd6c17a5aa81869ab7d08d479584be,risk_aligned_declaration_witness,0.9369999999999978,0.9209999999999974,13392.028088362693,13391.959464794692,0.0686235679986566,0.0686235680000026,0.0040000000000001,0.1952175420815008,0.0040000000000001,0.6000000000000224,0.6686235679986791,0.6686235679986791,0.6686235679986791,0,0.7505440192769313,0.7505479196742441,1.0000000000000004,1.0000000000000004,37,True
65,67,6307,2be9ba53c0d1806a1502dff5b57ef3767bd09fabf655634cb844d9f2ac2087c0,1,full_declared_day,153f2686a97e34b41099eda91952d787a1cd6c17a5aa81869ab7d08d479584be,153f2686a97e34b41099eda91952d787a1cd6c17a5aa81869ab7d08d479584be,risk_aligned_declaration_witness,0.929999999999998,0.9139999999999976,13391.98539372954,13391.91677016154,0.0686235680004756,0.0686235680000026,0.0040000000000001,0.1923565226650974,0.0040000000000001,0.6000000000000224,0.668623568000498,0.668623568000498,0.668623568000498,0,0.7505442954581674,0.7505481958554802,1.0000000000000002,1.0000000000000002,37,True
65,68,6308,2be9ba53c0d1806a1502dff5b57ef3767bd09fabf655634cb844d9f2ac2087c0,1,full_declared_day,153f2686a97e34b41099eda91952d787a1cd6c17a5aa81869ab7d08d479584be,153f2686a97e34b41099eda91952d787a1cd6c17a5aa81869ab7d08d479584be,risk_aligned_declaration_witness,0.921999999999998,0.9059999999999976,13391.938410123392,13391.869786555391,0.0686235680004756,0.0686235680000026,0.0040000000000001,0.1812939826651991,0.0040000000000001,0.6000000000000224,0.668623568000498,0.668623568000498,0.668623568000498,0,0.7505447830078315,0.7505486834051442,1.0000000000000004,1.0000000000000004,37,True
65,69,6309,2be9ba53c0d1806a1502dff5b57ef3767bd09fabf655634cb844d9f2ac2087c0,1,full_declared_day,153f2686a97e34b41099eda91952d787a1cd6c17a5aa81869ab7d08d479584be,153f2686a97e34b41099eda91952d787a1cd6c17a5aa81869ab7d08d479584be,risk_aligned_declaration_witness,0.911999999999998,0.8959999999999975,13391.884044362168,13391.815420794166,0.0686235680004756,0.0686235680000026,0.0040000000000001,0.1821579937030645,0.0040000000000001,0.6000000000000224,0.668623568000498,0.668623568000498,0.668623568000498,0,0.7505453353703038,0.7505492357676165,1.0000000000000002,1.0000000000000002,37,True
65,70,6310,2be9ba53c0d1806a1502dff5b57ef3767bd09fabf655634cb844d9f2ac2087c0,1,full_declared_day,153f2686a97e34b41099eda91952d787a1cd6c17a5aa81869ab7d08d479584be,153f2686a97e34b41099eda91952d787a1cd6c17a5aa81869ab7d08d479584be,risk_aligned_declaration_witness,0.901999999999998,0.8859999999999975,13391.828482810017,13391.759859242016,0.0686235680004756,0.0686235680000026,0.0040000000000001,0.1924926325095445,0.0040000000000001,0.6000000000000224,0.668623568000498,0.668623568000498,0.668623568000498,0,0.7505463428760354,0.7505502432733483,1.0,1.0,37,True
65,71,6311,2be9ba53c0d1806a1502dff5b57ef3767bd09fabf655634cb844d9f2ac2087c0,1,full_declared_day,153f2686a97e34b41099eda91952d787a1cd6c17a5aa81869ab7d08d479584be,153f2686a97e34b41099eda91952d787a1cd6c17a5aa81869ab7d08d479584be,risk_aligned_declaration_witness,0.901999999999998,0.8859999999999975,13391.828482810017,13391.759859242016,0.0686235680004756,0.0686235680000026,0.0040000000000001,0.2014935620591017,0.0040000000000001,0.6000000000000224,0.668623568000498,0.668623568000498,0.668623568000498,0,0.7505463428760354,0.7505502432733483,1.0,1.0,37,True
65,72,6312,2be9ba53c0d1806a1502dff5b57ef3767bd09fabf655634cb844d9f2ac2087c0,0,full_declared_day,153f2686a97e34b41099eda91952d787a1cd6c17a5aa81869ab7d08d479584be,153f2686a97e34b41099eda91952d787a1cd6c17a5aa81869ab7d08d479584be,risk_aligned_declaration_witness,0.921999999999998,0.9219999999999974,13391.945941825394,13391.945941825394,0.0,2.7466302988943256e-15,1.52655665885959e-16,0.1476639918898867,0.0,0.0,0.0,0.0,0.0,0,0.7505450429858657,0.7505450429858657,1.0000000000000002,1.0000000000000002,37,True
65,73,6313,2be9ba53c0d1806a1502dff5b57ef3767bd09fabf655634cb844d9f2ac2087c0,0,full_declared_day,153f2686a97e34b41099eda91952d787a1cd6c17a5aa81869ab7d08d479584be,153f2686a97e34b41099eda91952d787a1cd6c17a5aa81869ab7d08d479584be,risk_aligned_declaration_witness,0.921999999999998,0.9239999999999974,13391.945941825394,13391.953323980466,-0.0073821550722641,-0.0073821550749972,1.52655665885959e-16,0.2175837925003458,0.0,0.0,-0.0073821550722641,-0.0073821550722641,0.0,1,0.7505450429858657,0.7505450429858656,1.0000000000000002,1.0000000000000002,37,True
65,74,6314,2be9ba53c0d1806a1502dff5b57ef3767bd09fabf655634cb844d9f2ac2087c0,0,full_declared_day,153f2686a97e34b41099eda91952d787a1cd6c17a5aa81869ab7d08d479584be,153f2686a97e34b41099eda91952d787a1cd6c17a5aa81869ab7d08d479584be,risk_aligned_declaration_witness,0.921999999999998,0.9239999999999974,13391.945941825394,13391.953323980466,-0.0073821550722641,-0.0073821550749972,1.52655665885959e-16,0.2238977706656921,0.0,0.0,-0.0073821550722641,-0.0073821550722641,0.0,1,0.7505450429858657,0.7505450429858656,1.0000000000000002,1.0000000000000002,37,True
65,75,6315,2be9ba53c0d1806a1502dff5b57ef3767bd09fabf655634cb844d9f2ac2087c0,0,full_declared_day,153f2686a97e34b41099eda91952d787a1cd6c17a5aa81869ab7d08d479584be,153f2686a97e34b41099eda91952d787a1cd6c17a5aa81869ab7d08d479584be,risk_aligned_declaration_witness,0.921999999999998,0.9219999999999974,13391.945941825394,13391.945941825394,0.0,2.7466302988943256e-15,1.52655665885959e-16,0.2117946733383187,0.0,0.0,0.0,0.0,0.0,0,0.7505450429858657,0.7505450429858657,1.0000000000000002,1.0000000000000002,37,True
65,76,6316,2be9ba53c0d1806a1502dff5b57ef3767bd09fabf655634cb844d9f2ac2087c0,0,full_declared_day,153f2686a97e34b41099eda91952d787a1cd6c17a5aa81869ab7d08d479584be,153f2686a97e34b41099eda91952d787a1cd6c17a5aa81869ab7d08d479584be,risk_aligned_declaration_witness,0.921999999999998,0.9219999999999974,13391.945941825394,13391.945941825394,0.0,2.7466302988943256e-15,1.52655665885959e-16,0.1914626791662739,0.0,0.0,0.0,0.0,0.0,0,0.7505450429858657,0.7505450429858657,1.0000000000000002,1.0000000000000002,37,True
65,77,6317,2be9ba53c0d1806a1502dff5b57ef3767bd09fabf655634cb844d9f2ac2087c0,0,full_declared_day,153f2686a97e34b41099eda91952d787a1cd6c17a5aa81869ab7d08d479584be,153f2686a97e34b41099eda91952d787a1cd6c17a5aa81869ab7d08d479584be,risk_aligned_declaration_witness,0.9169999999999978,0.9169999999999974,13391.918161049316,13391.918161049316,0.0,2.7466302988943256e-15,1.52655665885959e-16,0.1739276480402629,0.0,0.0,0.0,0.0,0.0,0,0.7505455467387316,0.7505455467387316,1.0000000000000002,1.0000000000000002,37,True
65,78,6318,2be9ba53c0d1806a1502dff5b57ef3767bd09fabf655634cb844d9f2ac2087c0,0,full_declared_day,153f2686a97e34b41099eda91952d787a1cd6c17a5aa81869ab7d08d479584be,153f2686a97e34b41099eda91952d787a1cd6c17a5aa81869ab7d08d479584be,risk_aligned_declaration_witness,0.906999999999998,0.9069999999999976,13391.84813398863,13391.84813398863,0.0,2.7466302988943256e-15,1.52655665885959e-16,0.1042230109044121,0.0,0.0,0.0,0.0,0.0,0,0.7505458067167654,0.7505458067167654,1.0,1.0,37,True
65,79,6319,2be9ba53c0d1806a1502dff5b57ef3767bd09fabf655634cb844d9f2ac2087c0,0,full_declared_day,153f2686a97e34b41099eda91952d787a1cd6c17a5aa81869ab7d08d479584be,153f2686a97e34b41099eda91952d787a1cd6c17a5aa81869ab7d08d479584be,risk_aligned_declaration_witness,0.8919999999999979,0.8919999999999974,13391.765987451328,13391.765987451328,0.0,2.7466302988943256e-15,1.52655665885959e-16,0.2151441623155202,0.0,0.0,0.0,0.0,0.0,0,0.7505468466289017,0.7505468466289017,1.0,1.0,37,True
65,80,6320,2be9ba53c0d1806a1502dff5b57ef3767bd09fabf655634cb844d9f2ac2087c0,0,full_declared_day,153f2686a97e34b41099eda91952d787a1cd6c17a5aa81869ab7d08d479584be,153f2686a97e34b41099eda91952d787a1cd6c17a5aa81869ab7d08d479584be,risk_aligned_declaration_witness,0.890999999999998,0.8909999999999975,13391.754166776327,13391.754166776327,0.0,2.7466302988943256e-15,1.52655665885959e-16,0.2108179139137917,0.0,0.0,0.0,0.0,0.0,0,0.7505468466289017,0.7505468466289017,1.0,1.0,37,True
65,81,6321,2be9ba53c0d1806a1502dff5b57ef3767bd09fabf655634cb844d9f2ac2087c0,0,full_declared_day,153f2686a97e34b41099eda91952d787a1cd6c17a5aa81869ab7d08d479584be,153f2686a97e34b41099eda91952d787a1cd6c17a5aa81869ab7d08d479584be,risk_aligned_declaration_witness,0.8789999999999978,0.8789999999999973,13391.683691367103,13391.683691367103,0.0,2.7466302988943256e-15,1.52655665885959e-16,0.2058166992673336,0.0,0.0,0.0,0.0,0.0,0,0.7505476265630042,0.7505476265630042,1.0000000000000004,1.0000000000000004,37,True
65,82,6322,2be9ba53c0d1806a1502dff5b57ef3767bd09fabf655634cb844d9f2ac2087c0,0,full_declared_day,153f2686a97e34b41099eda91952d787a1cd6c17a5aa81869ab7d08d479584be,153f2686a97e34b41099eda91952d787a1cd6c17a5aa81869ab7d08d479584be,risk_aligned_declaration_witness,0.876999999999998,0.8769999999999974,13391.676309212027,13391.676309212027,0.0,2.7466302988943256e-15,1.52655665885959e-16,0.204843221867204,0.0,0.0,0.0,0.0,0.0,0,0.7505476427662063,0.7505476427662063,1.0000000000000004,1.0000000000000004,37,True
65,83,6323,2be9ba53c0d1806a1502dff5b57ef3767bd09fabf655634cb844d9f2ac2087c0,0,full_declared_day,153f2686a97e34b41099eda91952d787a1cd6c17a5aa81869ab7d08d479584be,153f2686a97e34b41099eda91952d787a1cd6c17a5aa81869ab7d08d479584be,risk_aligned_declaration_witness,0.8749999999999978,0.8749999999999973,13391.66832916149,13391.66832916149,0.0,2.7466302988943256e-15,1.52655665885959e-16,0.211408670824441,0.0,0.0,0.0,0.0,0.0,0,0.7505479027442404,0.7505479027442404,1.0000000000000004,1.0000000000000004,37,True
65,84,6324,2be9ba53c0d1806a1502dff5b57ef3767bd09fabf655634cb844d9f2ac2087c0,0,full_declared_day,153f2686a97e34b41099eda91952d787a1cd6c17a5aa81869ab7d08d479584be,153f2686a97e34b41099eda91952d787a1cd6c17a5aa81869ab7d08d479584be,risk_aligned_declaration_witness,0.868999999999998,0.8689999999999974,13391.628727710417,13391.628727710417,0.0,2.7466302988943256e-15,1.52655665885959e-16,0.2060927777068624,0.0,0.0,0.0,0.0,0.0,0,0.7505484064971065,0.7505484064971065,1.0000000000000004,1.0000000000000004,37,True
65,85,6325,2be9ba53c0d1806a1502dff5b57ef3767bd09fabf655634cb844d9f2ac2087c0,0,full_declared_day,153f2686a97e34b41099eda91952d787a1cd6c17a5aa81869ab7d08d479584be,153f2686a97e34b41099eda91952d787a1cd6c17a5aa81869ab7d08d479584be,risk_aligned_declaration_witness,0.8629999999999978,0.8629999999999973,13391.597853752268,13391.597853752268,0.0,2.7466302988943256e-15,1.52655665885959e-16,0.2055516099333507,0.0,0.0,0.0,0.0,0.0,0,0.7505486988815444,0.7505486988815444,1.0000000000000002,1.0000000000000002,37,True
65,86,6326,2be9ba53c0d1806a1502dff5b57ef3767bd09fabf655634cb844d9f2ac2087c0,0,full_declared_day,153f2686a97e34b41099eda91952d787a1cd6c17a5aa81869ab7d08d479584be,153f2686a97e34b41099eda91952d787a1cd6c17a5aa81869ab7d08d479584be,risk_aligned_declaration_witness,0.8469999999999978,0.8469999999999973,13391.503886539966,13391.503886539966,0.0,2.7466302988943256e-15,1.52655665885959e-16,0.2068095305717348,0.0,0.0,0.0,0.0,0.0,0,0.7505497387936808,0.7505497387936808,1.0000000000000004,1.0000000000000004,37,True
65,87,6327,2be9ba53c0d1806a1502dff5b57ef3767bd09fabf655634cb844d9f2ac2087c0,0,full_declared_day,153f2686a97e34b41099eda91952d787a1cd6c17a5aa81869ab7d08d479584be,153f2686a97e34b41099eda91952d787a1cd6c17a5aa81869ab7d08d479584be,risk_aligned_declaration_witness,0.8459999999999979,0.8459999999999974,13391.50019546243,13391.50019546243,0.0,2.7466302988943256e-15,1.52655665885959e-16,0.1153954253168935,0.0,0.0,0.0,0.0,0.0,0,0.7505497387936804,0.7505497387936804,1.0,1.0,37,True
65,88,6328,2be9ba53c0d1806a1502dff5b57ef3767bd09fabf655634cb844d9f2ac2087c0,0,full_declared_day,153f2686a97e34b41099eda91952d787a1cd6c17a5aa81869ab7d08d479584be,153f2686a97e34b41099eda91952d787a1cd6c17a5aa81869ab7d08d479584be,risk_aligned_declaration_witness,0.8459999999999979,0.8459999999999974,13391.50019546243,13391.50019546243,0.0,2.7466302988943256e-15,1.52655665885959e-16,0.1399795380789282,0.0,0.0,0.0,0.0,0.0,0,0.7505497387936804,0.7505497387936804,1.0,1.0,37,True
65,89,6329,2be9ba53c0d1806a1502dff5b57ef3767bd09fabf655634cb844d9f2ac2087c0,0,full_declared_day,153f2686a97e34b41099eda91952d787a1cd6c17a5aa81869ab7d08d479584be,153f2686a97e34b41099eda91952d787a1cd6c17a5aa81869ab7d08d479584be,risk_aligned_declaration_witness,0.8459999999999979,0.8459999999999974,13391.50019546243,13391.50019546243,0.0,2.7466302988943256e-15,1.52655665885959e-16,0.1080584152054199,0.0,0.0,0.0,0.0,0.0,0,0.7505497387936804,0.7505497387936804,1.0,1.0,37,True
65,90,6330,2be9ba53c0d1806a1502dff5b57ef3767bd09fabf655634cb844d9f2ac2087c0,0,full_declared_day,153f2686a97e34b41099eda91952d787a1cd6c17a5aa81869ab7d08d479584be,153f2686a97e34b41099eda91952d787a1cd6c17a5aa81869ab7d08d479584be,risk_aligned_declaration_witness,0.8459999999999979,0.8459999999999974,13391.50019546243,13391.50019546243,0.0,2.7466302988943256e-15,1.52655665885959e-16,0.1391303021035533,0.0,0.0,0.0,0.0,0.0,0,0.7505497387936804,0.7505497387936804,1.0,1.0,37,True
65,91,6331,2be9ba53c0d1806a1502dff5b57ef3767bd09fabf655634cb844d9f2ac2087c0,0,full_declared_day,153f2686a97e34b41099eda91952d787a1cd6c17a5aa81869ab7d08d479584be,153f2686a97e34b41099eda91952d787a1cd6c17a5aa81869ab7d08d479584be,risk_aligned_declaration_witness,0.8459999999999979,0.8459999999999974,13391.50019546243,13391.50019546243,0.0,2.7466302988943256e-15,1.52655665885959e-16,0.2022059139757875,0.0,0.0,0.0,0.0,0.0,0,0.7505497387936804,0.7505497387936804,1.0,1.0,37,True
65,92,6332,2be9ba53c0d1806a1502dff5b57ef3767bd09fabf655634cb844d9f2ac2087c0,0,full_declared_day,153f2686a97e34b41099eda91952d787a1cd6c17a5aa81869ab7d08d479584be,153f2686a97e34b41099eda91952d787a1cd6c17a5aa81869ab7d08d479584be,risk_aligned_declaration_witness,0.8489999999999978,0.8489999999999973,13391.511268695042,13391.511268695042,0.0,2.7466302988943256e-15,1.52655665885959e-16,0.1868513195104009,0.0,0.0,0.0,0.0,0.0,0,0.7505497063872767,0.7505497063872767,1.0000000000000002,1.0000000000000002,37,True
65,93,6333,2be9ba53c0d1806a1502dff5b57ef3767bd09fabf655634cb844d9f2ac2087c0,0,full_declared_day,153f2686a97e34b41099eda91952d787a1cd6c17a5aa81869ab7d08d479584be,153f2686a97e34b41099eda91952d787a1cd6c17a5aa81869ab7d08d479584be,risk_aligned_declaration_witness,0.8489999999999978,0.8489999999999973,13391.511268695042,13391.511268695042,0.0,2.7466302988943256e-15,1.52655665885959e-16,0.1972007610848157,0.0,0.0,0.0,0.0,0.0,0,0.7505497063872767,0.7505497063872767,1.0000000000000002,1.0000000000000002,37,True
65,94,6334,2be9ba53c0d1806a1502dff5b57ef3767bd09fabf655634cb844d9f2ac2087c0,0,full_declared_day,153f2686a97e34b41099eda91952d787a1cd6c17a5aa81869ab7d08d479584be,153f2686a97e34b41099eda91952d787a1cd6c17a5aa81869ab7d08d479584be,risk_aligned_declaration_witness,0.8719999999999979,0.8719999999999974,13391.648528435957,13391.648528435957,0.0,2.7466302988943256e-15,1.52655665885959e-16,0.1754656067520645,0.0,0.0,0.0,0.0,0.0,0,0.7505481465190723,0.7505481465190723,1.0000000000000004,1.0000000000000004,37,True
65,95,6335,2be9ba53c0d1806a1502dff5b57ef3767bd09fabf655634cb844d9f2ac2087c0,0,full_declared_day,153f2686a97e34b41099eda91952d787a1cd6c17a5aa81869ab7d08d479584be,153f2686a97e34b41099eda91952d787a1cd6c17a5aa81869ab7d08d479584be,risk_aligned_declaration_witness,0.8799999999999979,0.8799999999999975,13391.71177123703,13391.71177123703,0.0,2.7466302988943256e-15,1.52655665885959e-16,0.1134919445203441,0.0,0.0,0.0,0.0,0.0,0,0.7505476589694083,0.7505476589694083,1.0000000000000004,1.0000000000000004,37,True
66,0,6336,2be9ba53c0d1806a1502dff5b57ef3767bd09fabf655634cb844d9f2ac2087c0,0,full_declared_day,153f2686a97e34b41099eda91952d787a1cd6c17a5aa81869ab7d08d479584be,153f2686a97e34b41099eda91952d787a1cd6c17a5aa81869ab7d08d479584be,risk_aligned_declaration_witness,0.884999999999998,0.8849999999999975,13391.730226624715,13391.730226624715,0.0,2.7466302988943256e-15,1.52655665885959e-16,0.1363689861631342,0.0,0.0,0.0,0.0,0.0,0,0.7505476103598021,0.7505476103598021,1.0000000000000002,1.0000000000000002,37,True
66,1,6337,2be9ba53c0d1806a1502dff5b57ef3767bd09fabf655634cb844d9f2ac2087c0,0,full_declared_day,153f2686a97e34b41099eda91952d787a1cd6c17a5aa81869ab7d08d479584be,153f2686a97e34b41099eda91952d787a1cd6c17a5aa81869ab7d08d479584be,risk_aligned_declaration_witness,0.8879999999999979,0.8879999999999973,13391.743093543717,13391.743093543717,0.0,2.7466302988943256e-15,1.52655665885959e-16,0.1671998089539578,0.0,0.0,0.0,0.0,0.0,0,0.7505468790353061,0.7505468790353061,1.0000000000000002,1.0000000000000002,37,True
66,2,6338,2be9ba53c0d1806a1502dff5b57ef3767bd09fabf655634cb844d9f2ac2087c0,0,full_declared_day,153f2686a97e34b41099eda91952d787a1cd6c17a5aa81869ab7d08d479584be,153f2686a97e34b41099eda91952d787a1cd6c17a5aa81869ab7d08d479584be,risk_aligned_declaration_witness,0.884999999999998,0.8869999999999975,13391.739552013103,13391.748129959102,-0.0085779459968762,-0.0085779459999972,1.52655665885959e-16,0.1733330076114114,0.0,0.0,-0.0085779459968762,-0.0085779459968762,0.0,1,0.7505471552165421,0.7505466676668779,1.0000000000000004,1.0000000000000004,37,True
66,3,6339,2be9ba53c0d1806a1502dff5b57ef3767bd09fabf655634cb844d9f2ac2087c0,0,full_declared_day,153f2686a97e34b41099eda91952d787a1cd6c17a5aa81869ab7d08d479584be,153f2686a97e34b41099eda91952d787a1cd6c17a5aa81869ab7d08d479584be,risk_aligned_declaration_witness,0.870999999999998,0.8889999999999975,13391.67831060018,13391.75551211418,-0.0772015140009898,-0.0772015139999972,1.52655665885959e-16,0.1742960594013079,0.0,0.0,-0.0772015140009898,-0.0772015140009898,0.0,1,0.7505510556138549,0.7505466676668779,1.0000000000000002,1.0000000000000002,37,True
66,4,6340,2be9ba53c0d1806a1502dff5b57ef3767bd09fabf655634cb844d9f2ac2087c0,0,full_declared_day,153f2686a97e34b41099eda91952d787a1cd6c17a5aa81869ab7d08d479584be,153f2686a97e34b41099eda91952d787a1cd6c17a5aa81869ab7d08d479584be,risk_aligned_declaration_witness,0.8739999999999979,0.8919999999999974,13391.697513430252,13391.774714944251,-0.0772015140009898,-0.0772015139999972,1.52655665885959e-16,0.1732539903105796,0.0,0.0,-0.0772015140009898,-0.0772015140009898,0.0,1,0.7505510232074508,0.7505466352604739,1.0000000000000002,1.0000000000000002,37,True
66,5,6341,2be9ba53c0d1806a1502dff5b57ef3767bd09fabf655634cb844d9f2ac2087c0,0,full_declared_day,153f2686a97e34b41099eda91952d787a1cd6c17a5aa81869ab7d08d479584be,153f2686a97e34b41099eda91952d787a1cd6c17a5aa81869ab7d08d479584be,risk_aligned_declaration_witness,0.8689999999999978,0.8869999999999973,13391.67033054964,13391.74753206364,-0.0772015140009898,-0.0772015139999972,1.52655665885959e-16,0.2095982909702855,0.0,0.0,-0.0772015140009898,-0.0772015140009898,0.0,1,0.750551315591889,0.7505469276449122,1.0000000000000004,1.0000000000000004,37,True
66,6,6342,2be9ba53c0d1806a1502dff5b57ef3767bd09fabf655634cb844d9f2ac2087c0,0,full_declared_day,153f2686a97e34b41099eda91952d787a1cd6c17a5aa81869ab7d08d479584be,153f2686a97e34b41099eda91952d787a1cd6c17a5aa81869ab7d08d479584be,risk_aligned_declaration_witness,0.8559999999999979,0.8739999999999973,13391.59616406288,13391.67336557688,-0.0772015140009898,-0.0772015139999972,1.52655665885959e-16,0.2056987588319318,0.0,0.0,-0.0772015140009898,-0.0772015140009898,0.0,1,0.750552095525991,0.7505477075790142,1.0000000000000002,1.0000000000000002,37,True
66,7,6343,2be9ba53c0d1806a1502dff5b57ef3767bd09fabf655634cb844d9f2ac2087c0,0,full_declared_day,153f2686a97e34b41099eda91952d787a1cd6c17a5aa81869ab7d08d479584be,153f2686a97e34b41099eda91952d787a1cd6c17a5aa81869ab7d08d479584be,risk_aligned_declaration_witness,0.8679999999999979,0.8839999999999973,13391.659107770103,13391.727731338104,-0.0686235680004756,-0.0686235679999971,1.52655665885959e-16,0.0458318056199385,0.0,0.0,-0.0686235680004756,-0.0686235680004756,0.0,1,0.7505510556138549,0.7505471552165421,1.0000000000000004,1.0000000000000004,37,True
66,8,6344,2be9ba53c0d1806a1502dff5b57ef3767bd09fabf655634cb844d9f2ac2087c0,0,full_declared_day,153f2686a97e34b41099eda91952d787a1cd6c17a5aa81869ab7d08d479584be,153f2686a97e34b41099eda91952d787a1cd6c17a5aa81869ab7d08d479584be,risk_aligned_declaration_witness,0.8719999999999979,0.8879999999999973,13391.690131275178,13391.758754843178,-0.0686235680004756,-0.0686235679999971,1.52655665885959e-16,0.1401827455268799,0.0,0.0,-0.0686235680004756,-0.0686235680004756,0.0,1,0.7505510556138549,0.750547155216542,1.0000000000000002,1.0000000000000002,37,True
66,9,6345,2be9ba53c0d1806a1502dff5b57ef3767bd09fabf655634cb844d9f2ac2087c0,0,full_declared_day,153f2686a97e34b41099eda91952d787a1cd6c17a5aa81869ab7d08d479584be,153f2686a97e34b41099eda91952d787a1cd6c17a5aa81869ab7d08d479584be,risk_aligned_declaration_witness,0.8739999999999979,0.8899999999999973,13391.697513430252,13391.766136998254,-0.0686235680022946,-0.0686235679999971,1.52655665885959e-16,0.1933304722244349,0.0,0.0,-0.0686235680022946,-0.0686235680022946,0.0,1,0.7505510232074508,0.750547122810138,1.0000000000000002,1.0000000000000002,37,True
66,10,6346,2be9ba53c0d1806a1502dff5b57ef3767bd09fabf655634cb844d9f2ac2087c0,0,full_declared_day,153f2686a97e34b41099eda91952d787a1cd6c17a5aa81869ab7d08d479584be,153f2686a97e34b41099eda91952d787a1cd6c17a5aa81869ab7d08d479584be,risk_aligned_declaration_witness,0.886999999999998,0.8869999999999975,13391.78040740994,13391.78040740994,0.0,2.8656732133092164e-15,1.5959455978986623e-16,0.1438791260767327,0.0,0.0,0.0,0.0,0.0,0,0.7505500157017183,0.7505500157017183,1.0,1.0,37,True
66,11,6347,2be9ba53c0d1806a1502dff5b57ef3767bd09fabf655634cb844d9f2ac2087c0,0,full_declared_day,153f2686a97e34b41099eda91952d787a1cd6c17a5aa81869ab7d08d479584be,153f2686a97e34b41099eda91952d787a1cd6c17a5aa81869ab7d08d479584be,risk_aligned_declaration_witness,0.894999999999998,0.8949999999999975,13391.827391016091,13391.827391016091,0.0,2.8656732133092164e-15,1.5959455978986623e-16,0.1657250547469187,0.0,0.0,0.0,0.0,0.0,0,0.7505494957456501,0.7505494957456501,1.0,1.0,37,True
66,12,6348,2be9ba53c0d1806a1502dff5b57ef3767bd09fabf655634cb844d9f2ac2087c0,0,full_declared_day,153f2686a97e34b41099eda91952d787a1cd6c17a5aa81869ab7d08d479584be,153f2686a97e34b41099eda91952d787a1cd6c17a5aa81869ab7d08d479584be,risk_aligned_declaration_witness,0.896999999999998,0.8969999999999975,13391.835968962092,13391.835968962092,0.0,2.8656732133092164e-15,1.5959455978986623e-16,0.2126450109493819,0.0,0.0,0.0,0.0,0.0,0,0.750549008195986,0.750549008195986,1.0,1.0,37,True
66,13,6349,2be9ba53c0d1806a1502dff5b57ef3767bd09fabf655634cb844d9f2ac2087c0,0,full_declared_day,153f2686a97e34b41099eda91952d787a1cd6c17a5aa81869ab7d08d479584be,153f2686a97e34b41099eda91952d787a1cd6c17a5aa81869ab7d08d479584be,risk_aligned_declaration_witness,0.912999999999998,0.9129999999999976,13391.929936174389,13391.929936174389,0.0,2.8656732133092164e-15,1.5959455978986623e-16,0.1526168984420509,0.0,0.0,0.0,0.0,0.0,0,0.7505479682838501,0.7505479682838501,1.0000000000000002,1.0000000000000002,37,True
66,14,6350,2be9ba53c0d1806a1502dff5b57ef3767bd09fabf655634cb844d9f2ac2087c0,0,full_declared_day,153f2686a97e34b41099eda91952d787a1cd6c17a5aa81869ab7d08d479584be,153f2686a97e34b41099eda91952d787a1cd6c17a5aa81869ab7d08d479584be,risk_aligned_declaration_witness,0.9509999999999978,0.9509999999999974,13392.158069945528,13392.158069945528,0.0,2.8656732133092164e-15,1.5959455978986623e-16,0.0742923403928903,0.0,0.0,0.0,0.0,0.0,0,0.7505451409318792,0.7505451409318792,1.0,1.0,37,True
66,15,6351,2be9ba53c0d1806a1502dff5b57ef3767bd09fabf655634cb844d9f2ac2087c0,0,full_declared_day,153f2686a97e34b41099eda91952d787a1cd6c17a5aa81869ab7d08d479584be,153f2686a97e34b41099eda91952d787a1cd6c17a5aa81869ab7d08d479584be,risk_aligned_declaration_witness,0.9429999999999978,0.9429999999999974,13392.11108633938,13392.11108633938,0.0,2.8656732133092164e-15,1.5959455978986623e-16,0.1910849613716616,0.0,0.0,0.0,0.0,0.0,0,0.7505456608879476,0.7505456608879476,1.0000000000000004,1.0000000000000004,37,True
66,16,6352,2be9ba53c0d1806a1502dff5b57ef3767bd09fabf655634cb844d9f2ac2087c0,0,full_declared_day,153f2686a97e34b41099eda91952d787a1cd6c17a5aa81869ab7d08d479584be,153f2686a97e34b41099eda91952d787a1cd6c17a5aa81869ab7d08d479584be,risk_aligned_declaration_witness,0.945999999999998,0.9459999999999974,13392.129093378528,13392.129093378528,0.0,2.8656732133092164e-15,1.5959455978986623e-16,0.0815073648837079,0.0,0.0,0.0,0.0,0.0,0,0.7505461322344094,0.7505461322344094,1.0,1.0,37,True
66,17,6353,2be9ba53c0d1806a1502dff5b57ef3767bd09fabf655634cb844d9f2ac2087c0,0,full_declared_day,153f2686a97e34b41099eda91952d787a1cd6c17a5aa81869ab7d08d479584be,153f2686a97e34b41099eda91952d787a1cd6c17a5aa81869ab7d08d479584be,risk_aligned_declaration_witness,0.974999999999998,0.9709999999999976,13392.408051964754,13392.377028459676,0.0310235050783376,0.0310235050750028,0.0010000000000001,0.1524773256381695,0.0,0.0,0.0310235050783376,0.0310235050783376,0.0310235050783376,0,0.7505456122783412,0.7505456122783412,1.0,1.0,37,True
66,18,6354,2be9ba53c0d1806a1502dff5b57ef3767bd09fabf655634cb844d9f2ac2087c0,0,full_declared_day,153f2686a97e34b41099eda91952d787a1cd6c17a5aa81869ab7d08d479584be,153f2686a97e34b41099eda91952d787a1cd6c17a5aa81869ab7d08d479584be,risk_aligned_declaration_witness,0.975999999999998,0.9709999999999976,13392.412340937752,13392.377028459676,0.0353124780758662,0.0353124780750028,0.0012500000000001,0.0927129198338054,0.0,0.0,0.0353124780758662,0.0353124780758662,0.0353124780758662,0,0.7505453685035091,0.7505456122783412,1.0,1.0,37,True
66,19,6355,2be9ba53c0d1806a1502dff5b57ef3767bd09fabf655634cb844d9f2ac2087c0,0,full_declared_day,153f2686a97e34b41099eda91952d787a1cd6c17a5aa81869ab7d08d479584be,153f2686a97e34b41099eda91952d787a1cd6c17a5aa81869ab7d08d479584be,risk_aligned_declaration_witness,0.970999999999998,0.9759999999999974,13392.377028459676,13392.412340937752,-0.0353124780758662,-0.0353124780749971,1.249000902703301e-16,0.2237297337292094,0.0,0.0,-0.0353124780758662,-0.0353124780758662,0.0,1,0.7505456122783412,0.7505453685035091,1.0,1.0,37,True
66,20,6356,2be9ba53c0d1806a1502dff5b57ef3767bd09fabf655634cb844d9f2ac2087c0,0,full_declared_day,153f2686a97e34b41099eda91952d787a1cd6c17a5aa81869ab7d08d479584be,153f2686a97e34b41099eda91952d787a1cd6c17a5aa81869ab7d08d479584be,risk_aligned_declaration_witness,0.970999999999998,0.9749999999999976,13392.377028459676,13392.408051964754,-0.0310235050783376,-0.0310235050749971,1.3183898417423734e-16,0.2427499999999977,0.0,0.0,-0.0310235050783376,-0.0310235050783376,0.0,1,0.7505456122783412,0.7505456122783412,1.0,1.0,37,True
66,21,6357,2be9ba53c0d1806a1502dff5b57ef3767bd09fabf655634cb844d9f2ac2087c0,0,full_declared_day,153f2686a97e34b41099eda91952d787a1cd6c17a5aa81869ab7d08d479584be,153f2686a97e34b41099eda91952d787a1cd6c17a5aa81869ab7d08d479584be,risk_aligned_declaration_witness,0.970999999999998,0.9709999999999976,13392.377028459676,13392.377028459676,0.0,2.8656732133092164e-15,1.5959455978986623e-16,0.2427499999999977,0.0,0.0,0.0,0.0,0.0,0,0.7505456122783412,0.7505456122783412,1.0,1.0,37,True
66,22,6358,2be9ba53c0d1806a1502dff5b57ef3767bd09fabf655634cb844d9f2ac2087c0,0,full_declared_day,153f2686a97e34b41099eda91952d787a1cd6c17a5aa81869ab7d08d479584be,153f2686a97e34b41099eda91952d787a1cd6c17a5aa81869ab7d08d479584be,risk_aligned_declaration_witness,0.970999999999998,0.9709999999999976,13392.377028459676,13392.377028459676,0.0,2.8656732133092164e-15,1.5959455978986623e-16,0.2425982928740725,0.0,0.0,0.0,0.0,0.0,0,0.7505456122783412,0.7505456122783412,1.0,1.0,37,True
66,23,6359,2be9ba53c0d1806a1502dff5b57ef3767bd09fabf655634cb844d9f2ac2087c0,0,full_declared_day,153f2686a97e34b41099eda91952d787a1cd6c17a5aa81869ab7d08d479584be,153f2686a97e34b41099eda91952d787a1cd6c17a5aa81869ab7d08d479584be,risk_aligned_declaration_witness,0.973999999999998,0.9739999999999974,13392.396231289757,13392.396231289757,0.0,2.8656732133092164e-15,1.5959455978986623e-16,0.2396058260314985,0.0,0.0,0.0,0.0,0.0,0,0.7505456122783412,0.7505456122783412,1.0,1.0,37,True
66,24,6360,2be9ba53c0d1806a1502dff5b57ef3767bd09fabf655634cb844d9f2ac2087c0,0,full_declared_day,153f2686a97e34b41099eda91952d787a1cd6c17a5aa81869ab7d08d479584be,153f2686a97e34b41099eda91952d787a1cd6c17a5aa81869ab7d08d479584be,risk_aligned_declaration_witness,0.991999999999998,0.9899999999999974,13392.49758065713,13392.490198502055,0.0073821550740831,0.0073821550750028,0.0005000000000001,0.1719944351147572,0.0,0.0,0.0073821550740831,0.0073821550740831,0.0073821550740831,0,0.7505445075533972,0.7505445399598013,1.0000000000000002,1.0000000000000002,37,True
66,25,6361,2be9ba53c0d1806a1502dff5b57ef3767bd09fabf655634cb844d9f2ac2087c0,0,full_declared_day,153f2686a97e34b41099eda91952d787a1cd6c17a5aa81869ab7d08d479584be,153f2686a97e34b41099eda91952d787a1cd6c17a5aa81869ab7d08d479584be,risk_aligned_declaration_witness,0.992999999999998,0.9949999999999974,13392.50186963013,13392.509251785204,-0.0073821550722641,-0.0073821550749971,3.4694469519536136e-17,0.169379539043852,0.0,0.0,-0.0073821550722641,-0.0073821550722641,0.0,1,0.7505443123881712,0.7505442799817672,1.0000000000000002,1.0000000000000002,37,True
66,26,6362,2be9ba53c0d1806a1502dff5b57ef3767bd09fabf655634cb844d9f2ac2087c0,0,full_declared_day,153f2686a97e34b41099eda91952d787a1cd6c17a5aa81869ab7d08d479584be,153f2686a97e34b41099eda91952d787a1cd6c17a5aa81869ab7d08d479584be,risk_aligned_declaration_witness,1.010999999999998,1.0069999999999977,13392.619478192428,13392.588454687351,0.0310235050746996,0.0310235050750028,0.0010000000000001,0.0657482851021466,0.0,0.0,0.0310235050746996,0.0310235050746996,0.0310235050746996,0,0.7505433048824389,0.750543304882439,1.0000000000000004,1.0000000000000004,37,True
66,27,6363,2be9ba53c0d1806a1502dff5b57ef3767bd09fabf655634cb844d9f2ac2087c0,0,full_declared_day,153f2686a97e34b41099eda91952d787a1cd6c17a5aa81869ab7d08d479584be,153f2686a97e34b41099eda91952d787a1cd6c17a5aa81869ab7d08d479584be,risk_aligned_declaration_witness,1.016999999999998,1.0169999999999977,13392.65848174804,13392.65848174804,0.0,2.8656732133092164e-15,1.5959455978986623e-16,0.1778185805816379,0.0,0.0,0.0,0.0,0.0,0,0.7505430287012029,0.7505430287012029,1.0000000000000004,1.0000000000000004,37,True
66,28,6364,2be9ba53c0d1806a1502dff5b57ef3767bd09fabf655634cb844d9f2ac2087c0,0,full_declared_day,153f2686a97e34b41099eda91952d787a1cd6c17a5aa81869ab7d08d479584be,153f2686a97e34b41099eda91952d787a1cd6c17a5aa81869ab7d08d479584be,risk_aligned_declaration_witness,1.034999999999998,1.0389999999999977,13392.752299413416,13392.783322918493,-0.0310235050765186,-0.0310235050749971,1.3183898417423734e-16,0.1882633531817993,0.0,0.0,-0.0310235050765186,-0.0310235050765186,0.0,1,0.7505417288110323,0.7505417288110323,1.0,1.0,37,True
66,29,6365,2be9ba53c0d1806a1502dff5b57ef3767bd09fabf655634cb844d9f2ac2087c0,0,full_declared_day,153f2686a97e34b41099eda91952d787a1cd6c17a5aa81869ab7d08d479584be,153f2686a97e34b41099eda91952d787a1cd6c17a5aa81869ab7d08d479584be,risk_aligned_declaration_witness,1.035999999999998,1.0359999999999976,13392.763522192954,13392.763522192954,0.0,2.8656732133092164e-15,1.5959455978986623e-16,0.2157903507988899,0.0,0.0,0.0,0.0,0.0,0,0.7505419563826623,0.7505419563826623,1.0,1.0,37,True
66,30,6366,2be9ba53c0d1806a1502dff5b57ef3767bd09fabf655634cb844d9f2ac2087c0,0,full_declared_day,153f2686a97e34b41099eda91952d787a1cd6c17a5aa81869ab7d08d479584be,153f2686a97e34b41099eda91952d787a1cd6c17a5aa81869ab7d08d479584be,risk_aligned_declaration_witness,1.039999999999998,1.0399999999999976,13392.778884398564,13392.778884398564,0.0,2.8656732133092164e-15,1.5959455978986623e-16,0.2321283383705414,0.0,0.0,0.0,0.0,0.0,0,0.7505416802014261,0.7505416802014261,1.0,1.0,37,True
66,31,6367,2be9ba53c0d1806a1502dff5b57ef3767bd09fabf655634cb844d9f2ac2087c0,0,full_declared_day,153f2686a97e34b41099eda91952d787a1cd6c17a5aa81869ab7d08d479584be,153f2686a97e34b41099eda91952d787a1cd6c17a5aa81869ab7d08d479584be,risk_aligned_declaration_witness,1.042999999999998,1.0429999999999977,13392.798685124102,13392.798685124102,0.0,2.984716127724107e-15,1.6653345369377348e-16,0.2456222656810541,0.0,0.0,0.0,0.0,0.0,0,0.7505414364265941,0.7505414364265941,1.0,1.0,37,True
66,32,6368,2be9ba53c0d1806a1502dff5b57ef3767bd09fabf655634cb844d9f2ac2087c0,0,full_declared_day,153f2686a97e34b41099eda91952d787a1cd6c17a5aa81869ab7d08d479584be,153f2686a97e34b41099eda91952d787a1cd6c17a5aa81869ab7d08d479584be,risk_aligned_declaration_witness,1.0489999999999982,1.0489999999999973,13392.822625275716,13392.822625275716,0.0,2.984716127724107e-15,1.6653345369377348e-16,0.2202342267176954,0.0,0.0,0.0,0.0,0.0,0,0.7505406564924925,0.7505406564924925,1.0000000000000004,1.0000000000000004,37,True
66,33,6369,2be9ba53c0d1806a1502dff5b57ef3767bd09fabf655634cb844d9f2ac2087c0,0,full_declared_day,153f2686a97e34b41099eda91952d787a1cd6c17a5aa81869ab7d08d479584be,153f2686a97e34b41099eda91952d787a1cd6c17a5aa81869ab7d08d479584be,risk_aligned_declaration_witness,1.033999999999998,1.0339999999999974,13392.724817438952,13392.724817438952,0.0,2.984716127724107e-15,1.6653345369377348e-16,0.2447136650290982,0.0,0.0,0.0,0.0,0.0,0,0.7505414364265941,0.7505414364265941,1.0,1.0,37,True
66,34,6370,2be9ba53c0d1806a1502dff5b57ef3767bd09fabf655634cb844d9f2ac2087c0,0,full_declared_day,153f2686a97e34b41099eda91952d787a1cd6c17a5aa81869ab7d08d479584be,153f2686a97e34b41099eda91952d787a1cd6c17a5aa81869ab7d08d479584be,risk_aligned_declaration_witness,1.034999999999998,1.0349999999999977,13392.729106411953,13392.729106411953,0.0,2.984716127724107e-15,1.6653345369377348e-16,0.2506161193906108,0.0,0.0,0.0,0.0,0.0,0,0.750541208854964,0.750541208854964,1.0,1.0,37,True
66,35,6371,2be9ba53c0d1806a1502dff5b57ef3767bd09fabf655634cb844d9f2ac2087c0,0,full_declared_day,153f2686a97e34b41099eda91952d787a1cd6c17a5aa81869ab7d08d479584be,153f2686a97e34b41099eda91952d787a1cd6c17a5aa81869ab7d08d479584be,risk_aligned_declaration_witness,1.000999999999998,1.0009999999999977,13392.53378983228,13392.53378983228,0.0,2.984716127724107e-15,1.6653345369377348e-16,0.2448489395747709,0.0,0.0,0.0,0.0,0.0,0,0.7505432886792369,0.7505432886792369,1.0000000000000002,1.0000000000000002,37,True
66,36,6372,2be9ba53c0d1806a1502dff5b57ef3767bd09fabf655634cb844d9f2ac2087c0,0,full_declared_day,153f2686a97e34b41099eda91952d787a1cd6c17a5aa81869ab7d08d479584be,153f2686a97e34b41099eda91952d787a1cd6c17a5aa81869ab7d08d479584be,risk_aligned_declaration_witness,0.988999999999998,0.9889999999999974,13392.463314423054,13392.463314423054,0.0,2.984716127724107e-15,1.6653345369377348e-16,0.2453015622154277,0.0,0.0,0.0,0.0,0.0,0,0.7505440686133393,0.7505440686133393,1.0000000000000004,1.0000000000000004,37,True
66,37,6373,2be9ba53c0d1806a1502dff5b57ef3767bd09fabf655634cb844d9f2ac2087c0,0,full_declared_day,153f2686a97e34b41099eda91952d787a1cd6c17a5aa81869ab7d08d479584be,153f2686a97e34b41099eda91952d787a1cd6c17a5aa81869ab7d08d479584be,risk_aligned_declaration_witness,0.986999999999998,0.9869999999999974,13392.454736477051,13392.454736477051,0.0,2.984716127724107e-15,1.6653345369377348e-16,0.2416275899972265,0.0,0.0,0.0,0.0,0.0,0,0.7505445561630033,0.7505445561630033,1.0000000000000004,1.0000000000000004,37,True
66,38,6374,2be9ba53c0d1806a1502dff5b57ef3767bd09fabf655634cb844d9f2ac2087c0,0,full_declared_day,153f2686a97e34b41099eda91952d787a1cd6c17a5aa81869ab7d08d479584be,153f2686a97e34b41099eda91952d787a1cd6c17a5aa81869ab7d08d479584be,risk_aligned_declaration_witness,0.986999999999998,0.9869999999999974,13392.454736477051,13392.454736477051,0.0,2.984716127724107e-15,1.6653345369377348e-16,0.2428623024420345,0.0,0.0,0.0,0.0,0.0,0,0.7505445561630033,0.7505445561630033,1.0000000000000004,1.0000000000000004,37,True
66,39,6375,2be9ba53c0d1806a1502dff5b57ef3767bd09fabf655634cb844d9f2ac2087c0,0,full_declared_day,153f2686a97e34b41099eda91952d787a1cd6c17a5aa81869ab7d08d479584be,153f2686a97e34b41099eda91952d787a1cd6c17a5aa81869ab7d08d479584be,risk_aligned_declaration_witness,0.985999999999998,0.9859999999999974,13392.44411159298,13392.44411159298,0.0,2.984716127724107e-15,1.6653345369377348e-16,0.215760144933627,0.0,0.0,0.0,0.0,0.0,0,0.7505440848165412,0.7505440848165412,1.0000000000000002,1.0000000000000002,37,True
66,40,6376,2be9ba53c0d1806a1502dff5b57ef3767bd09fabf655634cb844d9f2ac2087c0,0,full_declared_day,153f2686a97e34b41099eda91952d787a1cd6c17a5aa81869ab7d08d479584be,153f2686a97e34b41099eda91952d787a1cd6c17a5aa81869ab7d08d479584be,risk_aligned_declaration_witness,0.987999999999998,0.9879999999999974,13392.459623345518,13392.459623345518,0.0,2.984716127724107e-15,1.6653345369377348e-16,0.2304560936134104,0.0,0.0,0.0,0.0,0.0,0,0.7505440848165412,0.7505440848165412,1.0000000000000004,1.0000000000000004,37,True
66,41,6377,2be9ba53c0d1806a1502dff5b57ef3767bd09fabf655634cb844d9f2ac2087c0,0,full_declared_day,153f2686a97e34b41099eda91952d787a1cd6c17a5aa81869ab7d08d479584be,153f2686a97e34b41099eda91952d787a1cd6c17a5aa81869ab7d08d479584be,risk_aligned_declaration_witness,0.990999999999998,0.9869999999999974,13392.471294473591,13392.447802670516,0.0234918030746484,0.023491803075003,0.0010000000000001,0.2419898399510991,0.0,0.0,0.0234918030746484,0.0234918030746484,0.0234918030746484,0,0.7505438248385071,0.7505440848165412,1.0000000000000002,1.0000000000000004,37,True
66,42,6378,2be9ba53c0d1806a1502dff5b57ef3767bd09fabf655634cb844d9f2ac2087c0,0,full_declared_day,153f2686a97e34b41099eda91952d787a1cd6c17a5aa81869ab7d08d479584be,153f2686a97e34b41099eda91952d787a1cd6c17a5aa81869ab7d08d479584be,risk_aligned_declaration_witness,0.994999999999998,0.9869999999999974,13392.494786276666,13392.447802670516,0.0469836061492969,0.046983606150003,0.0020000000000001,0.0943126844159084,0.0,0.0,0.0469836061492969,0.0469836061492969,0.0469836061492969,0,0.750543564860473,0.7505440848165412,1.0000000000000002,1.0000000000000004,37,True
66,43,6379,2be9ba53c0d1806a1502dff5b57ef3767bd09fabf655634cb844d9f2ac2087c0,0,full_declared_day,153f2686a97e34b41099eda91952d787a1cd6c17a5aa81869ab7d08d479584be,153f2686a97e34b41099eda91952d787a1cd6c17a5aa81869ab7d08d479584be,risk_aligned_declaration_witness,0.990999999999998,0.9949999999999974,13392.471294473591,13392.494786276666,-0.0234918030746484,-0.023491803074997,0.0,0.2413337453182514,0.0,0.0,-0.0234918030746484,-0.0234918030746484,0.0,1,0.7505438086353051,0.750543548657271,1.0000000000000002,1.0000000000000002,37,True
66,44,6380,2be9ba53c0d1806a1502dff5b57ef3767bd09fabf655634cb844d9f2ac2087c0,0,full_declared_day,153f2686a97e34b41099eda91952d787a1cd6c17a5aa81869ab7d08d479584be,153f2686a97e34b41099eda91952d787a1cd6c17a5aa81869ab7d08d479584be,risk_aligned_declaration_witness,0.984999999999998,0.9929999999999974,13392.431693022516,13392.478676628669,-0.0469836061511159,-0.046983606149997,0.0,0.2391640354883646,0.0,0.0,-0.0469836061511159,-0.0469836061511159,0.0,1,0.7505443123881713,0.750543792432103,1.0000000000000004,1.0000000000000002,37,True
66,45,6381,2be9ba53c0d1806a1502dff5b57ef3767bd09fabf655634cb844d9f2ac2087c0,0,full_declared_day,153f2686a97e34b41099eda91952d787a1cd6c17a5aa81869ab7d08d479584be,153f2686a97e34b41099eda91952d787a1cd6c17a5aa81869ab7d08d479584be,risk_aligned_declaration_witness,0.980999999999998,0.9809999999999974,13392.41573292144,13392.41573292144,0.0,2.984716127724107e-15,1.6653345369377348e-16,0.2410122903622531,0.0,0.0,0.0,0.0,0.0,0,0.7505448161410374,0.7505448161410374,1.0000000000000002,1.0000000000000002,37,True
66,46,6382,2be9ba53c0d1806a1502dff5b57ef3767bd09fabf655634cb844d9f2ac2087c0,0,full_declared_day,153f2686a97e34b41099eda91952d787a1cd6c17a5aa81869ab7d08d479584be,153f2686a97e34b41099eda91952d787a1cd6c17a5aa81869ab7d08d479584be,risk_aligned_declaration_witness,0.987999999999998,0.9879999999999974,13392.450895852591,13392.450895852591,0.0,2.984716127724107e-15,1.6653345369377348e-16,0.2389831885886857,0.0,0.0,0.0,0.0,0.0,0,0.7505442799817672,0.7505442799817672,1.0000000000000002,1.0000000000000002,37,True
66,47,6383,2be9ba53c0d1806a1502dff5b57ef3767bd09fabf655634cb844d9f2ac2087c0,0,full_declared_day,153f2686a97e34b41099eda91952d787a1cd6c17a5aa81869ab7d08d479584be,153f2686a97e34b41099eda91952d787a1cd6c17a5aa81869ab7d08d479584be,risk_aligned_declaration_witness,1.041999999999998,1.0419999999999976,13392.78052853803,13392.78052853803,0.0,2.984716127724107e-15,1.6653345369377348e-16,0.1997164710222285,0.0,0.0,0.0,0.0,0.0,0,0.7505406564924919,0.7505406564924919,1.0,1.0,37,True
66,48,6384,2be9ba53c0d1806a1502dff5b57ef3767bd09fabf655634cb844d9f2ac2087c0,0,full_declared_day,153f2686a97e34b41099eda91952d787a1cd6c17a5aa81869ab7d08d479584be,153f2686a97e34b41099eda91952d787a1cd6c17a5aa81869ab7d08d479584be,risk_aligned_declaration_witness,1.0429999999999982,1.0429999999999977,13392.784817511028,13392.784817511028,0.0,2.984716127724107e-15,1.6653345369377348e-16,0.2444817659528899,0.0,0.0,0.0,0.0,0.0,0,0.7505404127176599,0.7505404127176599,1.0,1.0,37,True
66,49,6385,2be9ba53c0d1806a1502dff5b57ef3767bd09fabf655634cb844d9f2ac2087c0,0,full_declared_day,153f2686a97e34b41099eda91952d787a1cd6c17a5aa81869ab7d08d479584be,153f2686a97e34b41099eda91952d787a1cd6c17a5aa81869ab7d08d479584be,risk_aligned_declaration_witness,1.0749999999999982,1.0749999999999975,13392.972751935627,13392.972751935627,0.0,2.984716127724107e-15,1.6653345369377348e-16,0.1037896707257292,0.0,0.0,0.0,0.0,0.0,0,0.7505383328933874,0.7505383328933874,1.0,1.0,37,True
66,50,6386,2be9ba53c0d1806a1502dff5b57ef3767bd09fabf655634cb844d9f2ac2087c0,0,full_declared_day,153f2686a97e34b41099eda91952d787a1cd6c17a5aa81869ab7d08d479584be,153f2686a97e34b41099eda91952d787a1cd6c17a5aa81869ab7d08d479584be,risk_aligned_declaration_witness,1.023999999999998,1.0239999999999976,13392.669853782269,13392.669853782269,0.0,2.984716127724107e-15,1.6653345369377348e-16,0.1962028903373553,0.0,0.0,0.0,0.0,0.0,0,0.7505422001574943,0.7505422001574943,1.0,1.0,37,True
66,51,6387,2be9ba53c0d1806a1502dff5b57ef3767bd09fabf655634cb844d9f2ac2087c0,0,full_declared_day,153f2686a97e34b41099eda91952d787a1cd6c17a5aa81869ab7d08d479584be,153f2686a97e34b41099eda91952d787a1cd6c17a5aa81869ab7d08d479584be,risk_aligned_declaration_witness,0.982999999999998,0.9829999999999974,13392.319821891357,13392.319821891357,0.0,2.984716127724107e-15,1.6653345369377348e-16,0.203867012232412,0.0,0.0,0.0,0.0,0.0,0,0.750543760025699,0.750543760025699,1.0000000000000002,1.0000000000000002,37,True
66,52,6388,2be9ba53c0d1806a1502dff5b57ef3767bd09fabf655634cb844d9f2ac2087c0,0,full_declared_day,153f2686a97e34b41099eda91952d787a1cd6c17a5aa81869ab7d08d479584be,153f2686a97e34b41099eda91952d787a1cd6c17a5aa81869ab7d08d479584be,risk_aligned_declaration_witness,0.8969999999999978,0.8969999999999974,13391.810384378778,13391.810384378778,0.0,2.984716127724107e-15,1.6653345369377348e-16,0.1802263924845966,0.0,0.0,0.0,0.0,0.0,0,0.7505494471360444,0.7505494471360444,1.0000000000000002,1.0000000000000002,37,True
66,53,6389,2be9ba53c0d1806a1502dff5b57ef3767bd09fabf655634cb844d9f2ac2087c0,0,full_declared_day,153f2686a97e34b41099eda91952d787a1cd6c17a5aa81869ab7d08d479584be,153f2686a97e34b41099eda91952d787a1cd6c17a5aa81869ab7d08d479584be,risk_aligned_declaration_witness,0.852999999999998,0.8529999999999973,13391.551974544953,13391.551974544953,0.0,2.984716127724107e-15,1.6653345369377348e-16,0.2038832227018348,0.0,0.0,0.0,0.0,0.0,0,0.7505523068944192,0.7505523068944192,1.0000000000000004,1.0000000000000004,37,True
66,54,6390,2be9ba53c0d1806a1502dff5b57ef3767bd09fabf655634cb844d9f2ac2087c0,0,full_declared_day,153f2686a97e34b41099eda91952d787a1cd6c17a5aa81869ab7d08d479584be,153f2686a97e34b41099eda91952d787a1cd6c17a5aa81869ab7d08d479584be,risk_aligned_declaration_witness,0.838999999999998,0.8389999999999973,13391.474714876116,13391.474714876116,0.0,2.984716127724107e-15,1.6653345369377348e-16,0.203258598159328,0.0,0.0,0.0,0.0,0.0,0,0.7505528592568913,0.7505528592568913,1.0000000000000004,1.0000000000000004,37,True
66,55,6391,2be9ba53c0d1806a1502dff5b57ef3767bd09fabf655634cb844d9f2ac2087c0,0,full_declared_day,153f2686a97e34b41099eda91952d787a1cd6c17a5aa81869ab7d08d479584be,153f2686a97e34b41099eda91952d787a1cd6c17a5aa81869ab7d08d479584be,risk_aligned_declaration_witness,0.830999999999998,0.8309999999999973,13391.427731269969,13391.427731269969,0.0,2.984716127724107e-15,1.6653345369377348e-16,0.2026713205210698,0.0,0.0,0.0,0.0,0.0,0,0.7505533792129591,0.7505533792129591,1.0,1.0,37,True
66,56,6392,2be9ba53c0d1806a1502dff5b57ef3767bd09fabf655634cb844d9f2ac2087c0,0,full_declared_day,153f2686a97e34b41099eda91952d787a1cd6c17a5aa81869ab7d08d479584be,153f2686a97e34b41099eda91952d787a1cd6c17a5aa81869ab7d08d479584be,risk_aligned_declaration_witness,0.8239999999999978,0.8239999999999973,13391.392568338815,13391.392568338815,0.0,2.984716127724107e-15,1.6653345369377348e-16,0.1941013701227364,0.0,0.0,0.0,0.0,0.0,0,0.750553899169027,0.750553899169027,1.0,1.0,37,True
66,57,6393,2be9ba53c0d1806a1502dff5b57ef3767bd09fabf655634cb844d9f2ac2087c0,0,full_declared_day,153f2686a97e34b41099eda91952d787a1cd6c17a5aa81869ab7d08d479584be,153f2686a97e34b41099eda91952d787a1cd6c17a5aa81869ab7d08d479584be,risk_aligned_declaration_witness,0.8189999999999977,0.8189999999999973,13391.36478756274,13391.36478756274,0.0,2.984716127724107e-15,1.6653345369377348e-16,0.1832625079748423,0.0,0.0,0.0,0.0,0.0,0,0.7505544029218933,0.7505544029218933,1.0,1.0,37,True
66,58,6394,2be9ba53c0d1806a1502dff5b57ef3767bd09fabf655634cb844d9f2ac2087c0,0,full_declared_day,153f2686a97e34b41099eda91952d787a1cd6c17a5aa81869ab7d08d479584be,153f2686a97e34b41099eda91952d787a1cd6c17a5aa81869ab7d08d479584be,risk_aligned_declaration_witness,0.824999999999998,0.8249999999999973,13391.388129818894,13391.388129818894,0.0,2.984716127724107e-15,1.6653345369377348e-16,0.1402419788746172,0.0,0.0,0.0,0.0,0.0,0,0.7505538667626231,0.7505538667626231,1.0,1.0,37,True
66,59,6395,2be9ba53c0d1806a1502dff5b57ef3767bd09fabf655634cb844d9f2ac2087c0,0,full_declared_day,153f2686a97e34b41099eda91952d787a1cd6c17a5aa81869ab7d08d479584be,153f2686a97e34b41099eda91952d787a1cd6c17a5aa81869ab7d08d479584be,risk_aligned_declaration_witness,0.814999999999998,0.8149999999999973,13391.333764057666,13391.333764057666,0.0,2.984716127724107e-15,1.6653345369377348e-16,0.1065737706892027,0.0,0.0,0.0,0.0,0.0,0,0.7505544191250952,0.7505544191250952,1.0,1.0,37,True
66,60,6396,2be9ba53c0d1806a1502dff5b57ef3767bd09fabf655634cb844d9f2ac2087c0,0,full_declared_day,153f2686a97e34b41099eda91952d787a1cd6c17a5aa81869ab7d08d479584be,153f2686a97e34b41099eda91952d787a1cd6c17a5aa81869ab7d08d479584be,risk_aligned_declaration_witness,0.7929999999999979,0.7929999999999973,13391.201391185215,13391.201391185215,0.0,2.984716127724107e-15,1.6653345369377348e-16,0.0964926970547871,0.0,0.0,0.0,0.0,0.0,0,0.7505554914436361,0.7505554914436361,1.0000000000000004,1.0000000000000004,37,True
66,61,6397,2be9ba53c0d1806a1502dff5b57ef3767bd09fabf655634cb844d9f2ac2087c0,0,full_declared_day,153f2686a97e34b41099eda91952d787a1cd6c17a5aa81869ab7d08d479584be,153f2686a97e34b41099eda91952d787a1cd6c17a5aa81869ab7d08d479584be,risk_aligned_declaration_witness,0.7879999999999978,0.7879999999999973,13391.189271708605,13391.189271708605,0.0,2.984716127724107e-15,1.6653345369377348e-16,0.1420125446835365,0.0,0.0,0.0,0.0,0.0,0,0.7505562551745361,0.7505562551745361,1.0000000000000002,1.0000000000000002,37,True
66,62,6398,2be9ba53c0d1806a1502dff5b57ef3767bd09fabf655634cb844d9f2ac2087c0,0,full_declared_day,153f2686a97e34b41099eda91952d787a1cd6c17a5aa81869ab7d08d479584be,153f2686a97e34b41099eda91952d787a1cd6c17a5aa81869ab7d08d479584be,risk_aligned_declaration_witness,0.7919999999999978,0.7919999999999973,13391.204036018751,13391.204036018751,0.0,2.984716127724107e-15,1.6653345369377348e-16,0.1437068953459496,0.0,0.0,0.0,0.0,0.0,0,0.750556222768132,0.750556222768132,1.0000000000000004,1.0000000000000004,37,True
66,63,6399,2be9ba53c0d1806a1502dff5b57ef3767bd09fabf655634cb844d9f2ac2087c0,0,full_declared_day,153f2686a97e34b41099eda91952d787a1cd6c17a5aa81869ab7d08d479584be,153f2686a97e34b41099eda91952d787a1cd6c17a5aa81869ab7d08d479584be,risk_aligned_declaration_witness,0.8009999999999979,0.7999999999999973,13391.279099494828,13391.267278819829,0.0118206749993987,0.0118206750000029,0.0002500000000001,0.1306334442742279,0.0,0.0,0.0118206749993987,0.0118206749993987,0.0118206749993987,0,0.7505557352184681,0.7505557352184681,1.0000000000000004,1.0000000000000004,37,True
66,64,6400,2be9ba53c0d1806a1502dff5b57ef3767bd09fabf655634cb844d9f2ac2087c0,1,full_declared_day,153f2686a97e34b41099eda91952d787a1cd6c17a5aa81869ab7d08d479584be,153f2686a97e34b41099eda91952d787a1cd6c17a5aa81869ab7d08d479584be,risk_aligned_declaration_witness,0.8399999999999979,0.7989999999999973,13391.510326448042,13391.26358774229,0.2467387057513406,0.2467387057500031,0.0102500000000001,0.1270102952061671,0.0077500000000001,1.16250000000002,1.4092387057513605,1.4092387057513605,1.4092387057513605,0,0.7505531516413293,0.7505557514216701,1.0000000000000002,1.0000000000000004,37,True
66,65,6401,2be9ba53c0d1806a1502dff5b57ef3767bd09fabf655634cb844d9f2ac2087c0,1,full_declared_day,153f2686a97e34b41099eda91952d787a1cd6c17a5aa81869ab7d08d479584be,153f2686a97e34b41099eda91952d787a1cd6c17a5aa81869ab7d08d479584be,risk_aligned_declaration_witness,0.8389999999999977,0.7989999999999973,13391.49850577304,13391.26358774229,0.2349180307501228,0.2349180307500031,0.0100000000000001,0.1720638460198158,0.0100000000000001,1.5000000000000222,1.734918030750145,1.734918030750145,1.734918030750145,0,0.7505531516413293,0.7505557514216701,1.0000000000000002,1.0000000000000004,37,True
66,66,6402,2be9ba53c0d1806a1502dff5b57ef3767bd09fabf655634cb844d9f2ac2087c0,1,full_declared_day,153f2686a97e34b41099eda91952d787a1cd6c17a5aa81869ab7d08d479584be,153f2686a97e34b41099eda91952d787a1cd6c17a5aa81869ab7d08d479584be,risk_aligned_declaration_witness,0.8379999999999979,0.7979999999999973,13391.494814695505,13391.259896664753,0.2349180307501228,0.2349180307500031,0.0100000000000001,0.1288136917095374,0.0075000000000001,1.1250000000000198,1.3599180307501426,1.3599180307501426,1.3599180307501426,0,0.7505531516413293,0.7505557514216702,1.0000000000000004,1.0000000000000004,37,True
66,67,6403,2be9ba53c0d1806a1502dff5b57ef3767bd09fabf655634cb844d9f2ac2087c0,1,full_declared_day,153f2686a97e34b41099eda91952d787a1cd6c17a5aa81869ab7d08d479584be,153f2686a97e34b41099eda91952d787a1cd6c17a5aa81869ab7d08d479584be,risk_aligned_declaration_witness,0.8259999999999978,0.7859999999999973,13391.433066779204,13391.198148748454,0.2349180307501228,0.2349180307500031,0.0100000000000001,0.1402406980153752,0.0100000000000001,1.5000000000000222,1.734918030750145,1.734918030750145,1.734918030750145,0,0.7505537040038012,0.7505563037841422,1.0,1.0000000000000002,37,True
66,68,6404,2be9ba53c0d1806a1502dff5b57ef3767bd09fabf655634cb844d9f2ac2087c0,1,full_declared_day,153f2686a97e34b41099eda91952d787a1cd6c17a5aa81869ab7d08d479584be,153f2686a97e34b41099eda91952d787a1cd6c17a5aa81869ab7d08d479584be,risk_aligned_declaration_witness,0.8239999999999978,0.7839999999999973,13391.425086728666,13391.190168697916,0.2349180307501228,0.2349180307500031,0.0100000000000001,0.2001908588079849,0.0100000000000001,1.5000000000000222,1.734918030750145,1.734918030750145,1.734918030750145,0,0.7505539639818352,0.7505565637621762,1.0,1.0000000000000002,37,True
66,69,6405,2be9ba53c0d1806a1502dff5b57ef3767bd09fabf655634cb844d9f2ac2087c0,1,full_declared_day,153f2686a97e34b41099eda91952d787a1cd6c17a5aa81869ab7d08d479584be,153f2686a97e34b41099eda91952d787a1cd6c17a5aa81869ab7d08d479584be,risk_aligned_declaration_witness,0.8239999999999978,0.7839999999999973,13391.425086728666,13391.190168697916,0.2349180307501228,0.2349180307500031,0.0100000000000001,0.1992228485703195,0.0100000000000001,1.5000000000000222,1.734918030750145,1.734918030750145,1.734918030750145,0,0.7505539639818352,0.7505565637621762,1.0,1.0000000000000002,37,True
66,70,6406,2be9ba53c0d1806a1502dff5b57ef3767bd09fabf655634cb844d9f2ac2087c0,1,full_declared_day,153f2686a97e34b41099eda91952d787a1cd6c17a5aa81869ab7d08d479584be,153f2686a97e34b41099eda91952d787a1cd6c17a5aa81869ab7d08d479584be,risk_aligned_declaration_witness,0.8179999999999978,0.7779999999999972,13391.385485277591,13391.15056724684,0.2349180307501228,0.2349180307500031,0.0100000000000001,0.2019787463413827,0.0100000000000001,1.5000000000000222,1.734918030750145,1.734918030750145,1.734918030750145,0,0.7505544677347014,0.7505570675150425,1.0,1.0000000000000004,37,True
66,71,6407,2be9ba53c0d1806a1502dff5b57ef3767bd09fabf655634cb844d9f2ac2087c0,1,full_declared_day,153f2686a97e34b41099eda91952d787a1cd6c17a5aa81869ab7d08d479584be,153f2686a97e34b41099eda91952d787a1cd6c17a5aa81869ab7d08d479584be,risk_aligned_declaration_witness,0.7779999999999978,0.7779999999999972,13391.15056724684,13391.15056724684,0.0,2.984716127724107e-15,1.6653345369377348e-16,0.1937096112727572,1.6653345369377348e-16,2.4980018054066022e-14,2.4980018054066022e-14,2.4980018054066022e-14,2.4980018054066022e-14,0,0.7505570675150425,0.7505570675150425,1.0000000000000004,1.0000000000000004,37,True
66,72,6408,2be9ba53c0d1806a1502dff5b57ef3767bd09fabf655634cb844d9f2ac2087c0,0,full_declared_day,153f2686a97e34b41099eda91952d787a1cd6c17a5aa81869ab7d08d479584be,153f2686a97e34b41099eda91952d787a1cd6c17a5aa81869ab7d08d479584be,risk_aligned_declaration_witness,0.7779999999999978,0.8189999999999973,13391.15056724684,13391.397305952592,-0.2467387057513406,-0.2467387057499972,0.0,0.1920348941744651,0.0,0.0,-0.2467387057513406,-0.2467387057513406,0.0,1,0.7505570675150425,0.7505544677347014,1.0000000000000004,1.0,37,True
66,73,6409,2be9ba53c0d1806a1502dff5b57ef3767bd09fabf655634cb844d9f2ac2087c0,0,full_declared_day,153f2686a97e34b41099eda91952d787a1cd6c17a5aa81869ab7d08d479584be,153f2686a97e34b41099eda91952d787a1cd6c17a5aa81869ab7d08d479584be,risk_aligned_declaration_witness,0.7719999999999978,0.8129999999999973,13391.11156369123,13391.35830239698,-0.2467387057495216,-0.2467387057499972,0.0,0.1909981137973969,0.0,0.0,-0.2467387057495216,-0.2467387057495216,0.0,1,0.7505573274930765,0.7505547277127358,1.0000000000000004,1.0000000000000004,37,True
66,74,6410,2be9ba53c0d1806a1502dff5b57ef3767bd09fabf655634cb844d9f2ac2087c0,0,full_declared_day,153f2686a97e34b41099eda91952d787a1cd6c17a5aa81869ab7d08d479584be,153f2686a97e34b41099eda91952d787a1cd6c17a5aa81869ab7d08d479584be,risk_aligned_declaration_witness,0.7639999999999978,0.8039999999999973,13391.06458008508,13391.299498115828,-0.2349180307483038,-0.2349180307499972,0.0,0.1897593488420753,0.0,0.0,-0.2349180307483038,-0.2349180307483038,0.0,1,0.7505578474491442,0.750555247668804,1.0,1.0000000000000004,37,True
66,75,6411,2be9ba53c0d1806a1502dff5b57ef3767bd09fabf655634cb844d9f2ac2087c0,0,full_declared_day,153f2686a97e34b41099eda91952d787a1cd6c17a5aa81869ab7d08d479584be,153f2686a97e34b41099eda91952d787a1cd6c17a5aa81869ab7d08d479584be,risk_aligned_declaration_witness,0.7639999999999978,0.8039999999999973,13391.06458008508,13391.299498115828,-0.2349180307483038,-0.2349180307499972,0.0,0.1892642761215293,0.0,0.0,-0.2349180307483038,-0.2349180307483038,0.0,1,0.7505578474491442,0.750555247668804,1.0,1.0000000000000004,37,True
66,76,6412,2be9ba53c0d1806a1502dff5b57ef3767bd09fabf655634cb844d9f2ac2087c0,0,full_declared_day,153f2686a97e34b41099eda91952d787a1cd6c17a5aa81869ab7d08d479584be,153f2686a97e34b41099eda91952d787a1cd6c17a5aa81869ab7d08d479584be,risk_aligned_declaration_witness,0.7589999999999977,0.7989999999999973,13391.029267607004,13391.264185637752,-0.2349180307483038,-0.2349180307499972,0.0,0.1844850608824781,0.0,0.0,-0.2349180307483038,-0.2349180307483038,0.0,1,0.7505581074271781,0.7505555076468381,1.0,1.0000000000000004,37,True
66,77,6413,2be9ba53c0d1806a1502dff5b57ef3767bd09fabf655634cb844d9f2ac2087c0,0,full_declared_day,153f2686a97e34b41099eda91952d787a1cd6c17a5aa81869ab7d08d479584be,153f2686a97e34b41099eda91952d787a1cd6c17a5aa81869ab7d08d479584be,risk_aligned_declaration_witness,0.7449999999999977,0.7849999999999973,13390.951410042704,13391.186328073452,-0.2349180307483038,-0.2349180307499972,0.0,0.1807318557505962,0.0,0.0,-0.2349180307483038,-0.2349180307483038,0.0,1,0.7505589035644827,0.7505563037841423,1.0000000000000004,1.0000000000000002,37,True
66,78,6414,2be9ba53c0d1806a1502dff5b57ef3767bd09fabf655634cb844d9f2ac2087c0,0,full_declared_day,153f2686a97e34b41099eda91952d787a1cd6c17a5aa81869ab7d08d479584be,153f2686a97e34b41099eda91952d787a1cd6c17a5aa81869ab7d08d479584be,risk_aligned_declaration_witness,0.7449999999999977,0.7849999999999973,13390.951410042704,13391.186328073452,-0.2349180307483038,-0.2349180307499972,0.0,0.1774903981560938,0.0,0.0,-0.2349180307483038,-0.2349180307483038,0.0,1,0.7505589035644827,0.7505563037841423,1.0000000000000004,1.0000000000000002,37,True
66,79,6415,2be9ba53c0d1806a1502dff5b57ef3767bd09fabf655634cb844d9f2ac2087c0,0,full_declared_day,153f2686a97e34b41099eda91952d787a1cd6c17a5aa81869ab7d08d479584be,153f2686a97e34b41099eda91952d787a1cd6c17a5aa81869ab7d08d479584be,risk_aligned_declaration_witness,0.7449999999999977,0.7449999999999972,13390.951410042704,13390.951410042704,0.0,2.984716127724107e-15,1.6653345369377348e-16,0.1693198086765471,0.0,0.0,0.0,0.0,0.0,0,0.7505589035644827,0.7505589035644827,1.0000000000000004,1.0000000000000004,37,True
66,80,6416,2be9ba53c0d1806a1502dff5b57ef3767bd09fabf655634cb844d9f2ac2087c0,0,full_declared_day,153f2686a97e34b41099eda91952d787a1cd6c17a5aa81869ab7d08d479584be,153f2686a97e34b41099eda91952d787a1cd6c17a5aa81869ab7d08d479584be,risk_aligned_declaration_witness,0.7379999999999978,0.7379999999999972,13390.908117514093,13390.908117514093,0.0,2.984716127724107e-15,1.6653345369377348e-16,0.1747783266315428,0.0,0.0,0.0,0.0,0.0,0,0.750559423520551,0.750559423520551,1.0000000000000004,1.0000000000000004,37,True
66,81,6417,2be9ba53c0d1806a1502dff5b57ef3767bd09fabf655634cb844d9f2ac2087c0,0,full_declared_day,153f2686a97e34b41099eda91952d787a1cd6c17a5aa81869ab7d08d479584be,153f2686a97e34b41099eda91952d787a1cd6c17a5aa81869ab7d08d479584be,risk_aligned_declaration_witness,0.7429999999999979,0.7429999999999972,13390.935300394704,13390.935300394704,0.0,2.984716127724107e-15,1.6653345369377348e-16,0.1577662939098625,0.0,0.0,0.0,0.0,0.0,0,0.7505591635425166,0.7505591635425166,1.0,1.0,37,True
66,82,6418,2be9ba53c0d1806a1502dff5b57ef3767bd09fabf655634cb844d9f2ac2087c0,0,full_declared_day,153f2686a97e34b41099eda91952d787a1cd6c17a5aa81869ab7d08d479584be,153f2686a97e34b41099eda91952d787a1cd6c17a5aa81869ab7d08d479584be,risk_aligned_declaration_witness,0.7429999999999979,0.7429999999999972,13390.935300394704,13390.935300394704,0.0,2.984716127724107e-15,1.6653345369377348e-16,0.1811210430687416,0.0,0.0,0.0,0.0,0.0,0,0.7505591635425166,0.7505591635425166,1.0,1.0,37,True
66,83,6419,2be9ba53c0d1806a1502dff5b57ef3767bd09fabf655634cb844d9f2ac2087c0,0,full_declared_day,153f2686a97e34b41099eda91952d787a1cd6c17a5aa81869ab7d08d479584be,153f2686a97e34b41099eda91952d787a1cd6c17a5aa81869ab7d08d479584be,risk_aligned_declaration_witness,0.7389999999999977,0.7379999999999972,13390.911808591629,13390.89998791663,0.0118206749993987,0.0118206750000029,0.0002500000000001,0.0367081295782202,0.0,0.0,0.0118206749993987,0.0118206749993987,0.0118206749993987,0,0.750559423520551,0.750559423520551,1.0000000000000004,1.0000000000000004,37,True
66,84,6420,2be9ba53c0d1806a1502dff5b57ef3767bd09fabf655634cb844d9f2ac2087c0,0,full_declared_day,153f2686a97e34b41099eda91952d787a1cd6c17a5aa81869ab7d08d479584be,153f2686a97e34b41099eda91952d787a1cd6c17a5aa81869ab7d08d479584be,risk_aligned_declaration_witness,0.7379999999999978,0.7389999999999972,13390.89998791663,13390.911808591629,-0.0118206749993987,-0.011820674999997,1.3877787807814454e-16,0.1654417374166372,0.0,0.0,-0.0118206749993987,-0.0118206749993987,0.0,1,0.750559423520551,0.750559423520551,1.0000000000000004,1.0000000000000004,37,True
66,85,6421,2be9ba53c0d1806a1502dff5b57ef3767bd09fabf655634cb844d9f2ac2087c0,0,full_declared_day,153f2686a97e34b41099eda91952d787a1cd6c17a5aa81869ab7d08d479584be,153f2686a97e34b41099eda91952d787a1cd6c17a5aa81869ab7d08d479584be,risk_aligned_declaration_witness,0.7379999999999978,0.7379999999999972,13390.89998791663,13390.89998791663,0.0,2.984716127724107e-15,1.6653345369377348e-16,0.1706428227718013,0.0,0.0,0.0,0.0,0.0,0,0.750559423520551,0.750559423520551,1.0000000000000004,1.0000000000000004,37,True
66,86,6422,2be9ba53c0d1806a1502dff5b57ef3767bd09fabf655634cb844d9f2ac2087c0,0,full_declared_day,153f2686a97e34b41099eda91952d787a1cd6c17a5aa81869ab7d08d479584be,153f2686a97e34b41099eda91952d787a1cd6c17a5aa81869ab7d08d479584be,risk_aligned_declaration_witness,0.7419999999999978,0.7419999999999972,13390.923479719704,13390.923479719704,0.0,2.984716127724107e-15,1.6653345369377348e-16,0.1718850985703434,0.0,0.0,0.0,0.0,0.0,0,0.7505591635425166,0.7505591635425166,1.0,1.0,37,True
66,87,6423,2be9ba53c0d1806a1502dff5b57ef3767bd09fabf655634cb844d9f2ac2087c0,0,full_declared_day,153f2686a97e34b41099eda91952d787a1cd6c17a5aa81869ab7d08d479584be,153f2686a97e34b41099eda91952d787a1cd6c17a5aa81869ab7d08d479584be,risk_aligned_declaration_witness,0.7459999999999978,0.7459999999999972,13390.94697152278,13390.94697152278,0.0,2.984716127724107e-15,1.6653345369377348e-16,0.174177578497265,0.0,0.0,0.0,0.0,0.0,0,0.7505589035644825,0.7505589035644825,1.0,1.0,37,True
66,88,6424,2be9ba53c0d1806a1502dff5b57ef3767bd09fabf655634cb844d9f2ac2087c0,0,full_declared_day,153f2686a97e34b41099eda91952d787a1cd6c17a5aa81869ab7d08d479584be,153f2686a97e34b41099eda91952d787a1cd6c17a5aa81869ab7d08d479584be,risk_aligned_declaration_witness,0.7389999999999979,0.7389999999999972,13390.904276889629,13390.904276889629,0.0,2.984716127724107e-15,1.6653345369377348e-16,0.1222023937119446,0.0,0.0,0.0,0.0,0.0,0,0.750559163542517,0.750559163542517,1.0000000000000002,1.0000000000000002,37,True
66,89,6425,2be9ba53c0d1806a1502dff5b57ef3767bd09fabf655634cb844d9f2ac2087c0,0,full_declared_day,153f2686a97e34b41099eda91952d787a1cd6c17a5aa81869ab7d08d479584be,153f2686a97e34b41099eda91952d787a1cd6c17a5aa81869ab7d08d479584be,risk_aligned_declaration_witness,0.7389999999999979,0.7389999999999972,13390.904276889629,13390.904276889629,0.0,2.984716127724107e-15,1.6653345369377348e-16,0.1263573333600606,0.0,0.0,0.0,0.0,0.0,0,0.750559163542517,0.750559163542517,1.0000000000000002,1.0000000000000002,37,True
66,90,6426,2be9ba53c0d1806a1502dff5b57ef3767bd09fabf655634cb844d9f2ac2087c0,0,full_declared_day,153f2686a97e34b41099eda91952d787a1cd6c17a5aa81869ab7d08d479584be,153f2686a97e34b41099eda91952d787a1cd6c17a5aa81869ab7d08d479584be,risk_aligned_declaration_witness,0.7339999999999978,0.7339999999999972,13390.88582150194,13390.88582150194,0.0,2.984716127724107e-15,1.6653345369377348e-16,0.0957479553709484,0.0,0.0,0.0,0.0,0.0,0,0.7505592121521228,0.7505592121521228,1.0000000000000002,1.0000000000000002,37,True
66,91,6427,2be9ba53c0d1806a1502dff5b57ef3767bd09fabf655634cb844d9f2ac2087c0,0,full_declared_day,153f2686a97e34b41099eda91952d787a1cd6c17a5aa81869ab7d08d479584be,153f2686a97e34b41099eda91952d787a1cd6c17a5aa81869ab7d08d479584be,risk_aligned_declaration_witness,0.7179999999999978,0.7179999999999972,13390.791854289642,13390.791854289642,0.0,2.984716127724107e-15,1.6653345369377348e-16,0.1314045220176131,0.0,0.0,0.0,0.0,0.0,0,0.7505602520642592,0.7505602520642592,1.0000000000000002,1.0000000000000002,37,True
66,92,6428,2be9ba53c0d1806a1502dff5b57ef3767bd09fabf655634cb844d9f2ac2087c0,0,full_declared_day,153f2686a97e34b41099eda91952d787a1cd6c17a5aa81869ab7d08d479584be,153f2686a97e34b41099eda91952d787a1cd6c17a5aa81869ab7d08d479584be,risk_aligned_declaration_witness,0.7179999999999978,0.7179999999999972,13390.791854289642,13390.791854289642,0.0,2.984716127724107e-15,1.6653345369377348e-16,0.1433353966646658,0.0,0.0,0.0,0.0,0.0,0,0.7505602520642592,0.7505602520642592,1.0000000000000002,1.0000000000000002,37,True
66,93,6429,2be9ba53c0d1806a1502dff5b57ef3767bd09fabf655634cb844d9f2ac2087c0,0,full_declared_day,153f2686a97e34b41099eda91952d787a1cd6c17a5aa81869ab7d08d479584be,153f2686a97e34b41099eda91952d787a1cd6c17a5aa81869ab7d08d479584be,risk_aligned_declaration_witness,0.7099999999999977,0.7099999999999972,13390.744870683491,13390.744870683491,0.0,2.984716127724107e-15,1.6653345369377348e-16,0.1153384100643878,0.0,0.0,0.0,0.0,0.0,0,0.7505607720203272,0.7505607720203272,1.0000000000000002,1.0000000000000002,37,True
66,94,6430,2be9ba53c0d1806a1502dff5b57ef3767bd09fabf655634cb844d9f2ac2087c0,0,full_declared_day,153f2686a97e34b41099eda91952d787a1cd6c17a5aa81869ab7d08d479584be,153f2686a97e34b41099eda91952d787a1cd6c17a5aa81869ab7d08d479584be,risk_aligned_declaration_witness,0.7039999999999977,0.7039999999999972,13390.705269232418,13390.705269232418,0.0,2.984716127724107e-15,1.6653345369377348e-16,0.0797161841574373,0.0,0.0,0.0,0.0,0.0,0,0.7505612595699914,0.7505612595699914,1.0000000000000002,1.0000000000000002,37,True
66,95,6431,2be9ba53c0d1806a1502dff5b57ef3767bd09fabf655634cb844d9f2ac2087c0,0,full_declared_day,153f2686a97e34b41099eda91952d787a1cd6c17a5aa81869ab7d08d479584be,153f2686a97e34b41099eda91952d787a1cd6c17a5aa81869ab7d08d479584be,risk_aligned_declaration_witness,0.6979999999999977,0.6979999999999972,13390.680731185344,13390.680731185344,0.0,2.984716127724107e-15,1.6653345369377348e-16,0.1657019979188105,0.0,0.0,0.0,0.0,0.0,0,0.7505622670757233,0.7505622670757233,1.0,1.0,37,True
67,0,6432,2be9ba53c0d1806a1502dff5b57ef3767bd09fabf655634cb844d9f2ac2087c0,0,full_declared_day,153f2686a97e34b41099eda91952d787a1cd6c17a5aa81869ab7d08d479584be,153f2686a97e34b41099eda91952d787a1cd6c17a5aa81869ab7d08d479584be,risk_aligned_declaration_witness,0.7049999999999979,0.7049999999999972,13390.717089907415,13390.717089907415,0.0,2.984716127724107e-15,1.6653345369377348e-16,0.1395901199459154,0.0,0.0,0.0,0.0,0.0,0,0.750561275773193,0.750561275773193,1.0,1.0,37,True
67,1,6433,2be9ba53c0d1806a1502dff5b57ef3767bd09fabf655634cb844d9f2ac2087c0,0,full_declared_day,153f2686a97e34b41099eda91952d787a1cd6c17a5aa81869ab7d08d479584be,153f2686a97e34b41099eda91952d787a1cd6c17a5aa81869ab7d08d479584be,risk_aligned_declaration_witness,0.7099999999999977,0.7139999999999972,13390.751206594568,13390.768362486566,-0.0171558919992094,-0.017155891999997,1.52655665885959e-16,0.1547818594722468,0.0,0.0,-0.0171558919992094,-0.0171558919992094,0.0,1,0.7505614709384194,0.7505604958390913,1.0000000000000002,1.0000000000000002,37,True
67,2,6434,2be9ba53c0d1806a1502dff5b57ef3767bd09fabf655634cb844d9f2ac2087c0,0,full_declared_day,153f2686a97e34b41099eda91952d787a1cd6c17a5aa81869ab7d08d479584be,153f2686a97e34b41099eda91952d787a1cd6c17a5aa81869ab7d08d479584be,risk_aligned_declaration_witness,0.7459999999999978,0.7329999999999972,13390.96203492678,13390.87914094709,0.0828939796883787,0.082893979687503,0.0032500000000001,0.0410336407991968,0.0,0.0,0.0828939796883787,0.0828939796883787,0.0828939796883787,0,0.7505594073173486,0.7505603824166771,1.0,1.0000000000000004,37,True
67,3,6435,2be9ba53c0d1806a1502dff5b57ef3767bd09fabf655634cb844d9f2ac2087c0,0,full_declared_day,153f2686a97e34b41099eda91952d787a1cd6c17a5aa81869ab7d08d479584be,153f2686a97e34b41099eda91952d787a1cd6c17a5aa81869ab7d08d479584be,risk_aligned_declaration_witness,0.7609999999999979,0.7449999999999972,13391.045377255004,13390.950214251778,0.095163003225025,0.095163003225003,0.0040000000000001,0.0874429404821948,0.0,0.0,0.095163003225025,0.095163003225025,0.095163003225025,0,0.7505579122619522,0.7505593749109446,1.0,1.0,37,True
67,4,6436,2be9ba53c0d1806a1502dff5b57ef3767bd09fabf655634cb844d9f2ac2087c0,0,full_declared_day,153f2686a97e34b41099eda91952d787a1cd6c17a5aa81869ab7d08d479584be,153f2686a97e34b41099eda91952d787a1cd6c17a5aa81869ab7d08d479584be,risk_aligned_declaration_witness,0.7889999999999979,0.7889999999999973,13391.20049448814,13391.23540445984,-0.0349099716986529,-0.034909971699997,0.002,0.1373562536968042,0.0,0.0,-0.0349099716986529,-0.0349099716986529,0.0,1,0.7505565637621762,0.7505556534756562,1.0000000000000002,1.0000000000000004,37,True
67,5,6437,2be9ba53c0d1806a1502dff5b57ef3767bd09fabf655634cb844d9f2ac2087c0,0,full_declared_day,153f2686a97e34b41099eda91952d787a1cd6c17a5aa81869ab7d08d479584be,153f2686a97e34b41099eda91952d787a1cd6c17a5aa81869ab7d08d479584be,risk_aligned_declaration_witness,0.7879999999999978,0.8029999999999973,13391.19560761968,13391.287079545364,-0.0914719256852549,-0.091471925687497,1.249000902703301e-16,0.1826332647435787,0.0,0.0,-0.0914719256852549,-0.0914719256852549,0.0,1,0.7505570513118403,0.7505555886628481,1.0000000000000002,1.0000000000000004,37,True
67,6,6438,2be9ba53c0d1806a1502dff5b57ef3767bd09fabf655634cb844d9f2ac2087c0,0,full_declared_day,153f2686a97e34b41099eda91952d787a1cd6c17a5aa81869ab7d08d479584be,153f2686a97e34b41099eda91952d787a1cd6c17a5aa81869ab7d08d479584be,risk_aligned_declaration_witness,0.7639999999999978,0.7779999999999972,13391.055852592155,13391.107527677676,-0.0516750855222198,-0.051675085524997,4.163336342344337e-17,0.1885370212998428,0.0,0.0,-0.0516750855222198,-0.0516750855222198,0.0,1,0.7505581236303803,0.7505580588175722,1.0,1.0,37,True
67,7,6439,2be9ba53c0d1806a1502dff5b57ef3767bd09fabf655634cb844d9f2ac2087c0,0,full_declared_day,153f2686a97e34b41099eda91952d787a1cd6c17a5aa81869ab7d08d479584be,153f2686a97e34b41099eda91952d787a1cd6c17a5aa81869ab7d08d479584be,risk_aligned_declaration_witness,0.7619999999999978,0.7619999999999972,13391.048470437076,13391.048470437076,0.0,2.984716127724107e-15,1.6653345369377348e-16,0.1895422475395303,0.0,0.0,0.0,0.0,0.0,0,0.7505581236303803,0.7505581236303803,1.0,1.0,37,True
67,8,6440,2be9ba53c0d1806a1502dff5b57ef3767bd09fabf655634cb844d9f2ac2087c0,0,full_declared_day,153f2686a97e34b41099eda91952d787a1cd6c17a5aa81869ab7d08d479584be,153f2686a97e34b41099eda91952d787a1cd6c17a5aa81869ab7d08d479584be,risk_aligned_declaration_witness,0.7449999999999977,0.7449999999999972,13390.942084654316,13390.942084654316,0.0,2.984716127724107e-15,1.6653345369377348e-16,0.1472980250413403,0.0,0.0,0.0,0.0,0.0,0,0.7505593911141466,0.7505593911141466,1.0,1.0,37,True
67,9,6441,2be9ba53c0d1806a1502dff5b57ef3767bd09fabf655634cb844d9f2ac2087c0,0,full_declared_day,153f2686a97e34b41099eda91952d787a1cd6c17a5aa81869ab7d08d479584be,153f2686a97e34b41099eda91952d787a1cd6c17a5aa81869ab7d08d479584be,risk_aligned_declaration_witness,0.7499999999999978,0.7499999999999972,13390.978592923317,13390.978592923317,0.0,2.984716127724107e-15,1.6653345369377348e-16,0.1202946825658562,0.0,0.0,0.0,0.0,0.0,0,0.7505586435864484,0.7505586435864484,1.0,1.0,37,True
67,10,6442,2be9ba53c0d1806a1502dff5b57ef3767bd09fabf655634cb844d9f2ac2087c0,0,full_declared_day,153f2686a97e34b41099eda91952d787a1cd6c17a5aa81869ab7d08d479584be,153f2686a97e34b41099eda91952d787a1cd6c17a5aa81869ab7d08d479584be,risk_aligned_declaration_witness,0.7589999999999979,0.7569999999999972,13391.044928906467,13391.021287556465,0.0236413500024355,0.023641350000003,0.0005000000000001,0.1372233202811004,0.0,0.0,0.0236413500024355,0.0236413500024355,0.0236413500024355,0,0.7505583674052123,0.7505583674052123,1.0,1.0,37,True
67,11,6443,2be9ba53c0d1806a1502dff5b57ef3767bd09fabf655634cb844d9f2ac2087c0,0,full_declared_day,153f2686a97e34b41099eda91952d787a1cd6c17a5aa81869ab7d08d479584be,153f2686a97e34b41099eda91952d787a1cd6c17a5aa81869ab7d08d479584be,risk_aligned_declaration_witness,0.7659999999999978,0.7639999999999972,13391.088221435077,13391.06458008508,0.0236413499969785,0.023641350000003,0.0005000000000001,0.0960446848482894,0.0,0.0,0.0236413499969785,0.0236413499969785,0.0236413499969785,0,0.7505578474491442,0.7505578474491442,1.0,1.0,37,True
67,12,6444,2be9ba53c0d1806a1502dff5b57ef3767bd09fabf655634cb844d9f2ac2087c0,0,full_declared_day,153f2686a97e34b41099eda91952d787a1cd6c17a5aa81869ab7d08d479584be,153f2686a97e34b41099eda91952d787a1cd6c17a5aa81869ab7d08d479584be,risk_aligned_declaration_witness,0.7639999999999978,0.7659999999999972,13391.06458008508,13391.088221435077,-0.0236413499969785,-0.023641349999997,1.3877787807814454e-16,0.1885079455772365,0.0,0.0,-0.0236413499969785,-0.0236413499969785,0.0,1,0.7505578474491442,0.7505578474491442,1.0,1.0,37,True
67,13,6445,2be9ba53c0d1806a1502dff5b57ef3767bd09fabf655634cb844d9f2ac2087c0,0,full_declared_day,153f2686a97e34b41099eda91952d787a1cd6c17a5aa81869ab7d08d479584be,153f2686a97e34b41099eda91952d787a1cd6c17a5aa81869ab7d08d479584be,risk_aligned_declaration_witness,0.7619999999999978,0.7639999999999972,13391.040938735076,13391.06458008508,-0.0236413500024355,-0.023641349999997,1.3877787807814454e-16,0.189800311618506,0.0,0.0,-0.0236413500024355,-0.0236413500024355,0.0,1,0.7505578474491442,0.7505578474491442,1.0,1.0,37,True
67,14,6446,2be9ba53c0d1806a1502dff5b57ef3767bd09fabf655634cb844d9f2ac2087c0,0,full_declared_day,153f2686a97e34b41099eda91952d787a1cd6c17a5aa81869ab7d08d479584be,153f2686a97e34b41099eda91952d787a1cd6c17a5aa81869ab7d08d479584be,risk_aligned_declaration_witness,0.7619999999999978,0.7619999999999972,13391.049666228002,13391.049666228002,0.0,2.984716127724107e-15,1.6653345369377348e-16,0.1707038265009537,0.0,0.0,0.0,0.0,0.0,0,0.7505576198775141,0.7505576198775141,1.0,1.0,37,True
67,15,6447,2be9ba53c0d1806a1502dff5b57ef3767bd09fabf655634cb844d9f2ac2087c0,0,full_declared_day,153f2686a97e34b41099eda91952d787a1cd6c17a5aa81869ab7d08d479584be,153f2686a97e34b41099eda91952d787a1cd6c17a5aa81869ab7d08d479584be,risk_aligned_declaration_witness,0.7759999999999978,0.7759999999999972,13391.127523792304,13391.127523792304,0.0,2.984716127724107e-15,1.6653345369377348e-16,0.1308906520675947,0.0,0.0,0.0,0.0,0.0,0,0.7505568399434124,0.7505568399434124,1.0000000000000004,1.0000000000000004,37,True
67,16,6448,2be9ba53c0d1806a1502dff5b57ef3767bd09fabf655634cb844d9f2ac2087c0,0,full_declared_day,153f2686a97e34b41099eda91952d787a1cd6c17a5aa81869ab7d08d479584be,153f2686a97e34b41099eda91952d787a1cd6c17a5aa81869ab7d08d479584be,risk_aligned_declaration_witness,0.7739999999999978,0.7739999999999972,13391.11260993523,13391.11260993523,0.0,2.984716127724107e-15,1.6653345369377348e-16,0.1806712230003418,0.0,0.0,0.0,0.0,0.0,0,0.7505566123717822,0.7505566123717822,1.0000000000000002,1.0000000000000002,37,True
67,17,6449,2be9ba53c0d1806a1502dff5b57ef3767bd09fabf655634cb844d9f2ac2087c0,0,full_declared_day,153f2686a97e34b41099eda91952d787a1cd6c17a5aa81869ab7d08d479584be,153f2686a97e34b41099eda91952d787a1cd6c17a5aa81869ab7d08d479584be,risk_aligned_declaration_witness,0.7779999999999978,0.7769999999999972,13391.143633440304,13391.139942362766,0.003691077537951,0.0036910775375029,0.0002500000000001,0.1611319482915749,0.0,0.0,0.003691077537951,0.003691077537951,0.003691077537951,0,0.7505566123717823,0.7505566123717824,1.0000000000000004,1.0000000000000002,37,True
67,18,6450,2be9ba53c0d1806a1502dff5b57ef3767bd09fabf655634cb844d9f2ac2087c0,0,full_declared_day,153f2686a97e34b41099eda91952d787a1cd6c17a5aa81869ab7d08d479584be,153f2686a97e34b41099eda91952d787a1cd6c17a5aa81869ab7d08d479584be,risk_aligned_declaration_witness,0.7889999999999979,0.7889999999999973,13391.20288606999,13391.20288606999,0.0,2.984716127724107e-15,1.6653345369377348e-16,0.1442268883592989,0.0,0.0,0.0,0.0,0.0,0,0.7505555886628481,0.7505555886628481,1.0000000000000002,1.0000000000000002,37,True
67,19,6451,2be9ba53c0d1806a1502dff5b57ef3767bd09fabf655634cb844d9f2ac2087c0,0,full_declared_day,153f2686a97e34b41099eda91952d787a1cd6c17a5aa81869ab7d08d479584be,153f2686a97e34b41099eda91952d787a1cd6c17a5aa81869ab7d08d479584be,risk_aligned_declaration_witness,0.7929999999999977,0.7939999999999973,13391.211314469068,13391.215005546605,-0.003691077536132,-0.003691077537497,1.6653345369377348e-16,0.1650648637698573,0.0,0.0,-0.003691077536132,-0.003691077536132,0.0,1,0.7505548087287459,0.7505548087287459,1.0000000000000002,1.0000000000000002,37,True
67,20,6452,2be9ba53c0d1806a1502dff5b57ef3767bd09fabf655634cb844d9f2ac2087c0,0,full_declared_day,153f2686a97e34b41099eda91952d787a1cd6c17a5aa81869ab7d08d479584be,153f2686a97e34b41099eda91952d787a1cd6c17a5aa81869ab7d08d479584be,risk_aligned_declaration_witness,0.810999999999998,0.8089999999999973,13391.352116032827,13391.328474682829,0.0236413499987975,0.023641350000003,0.0005000000000001,0.0669058016573861,0.0,0.0,0.0236413499987975,0.0236413499987975,0.0236413499987975,0,0.7505542725694758,0.7505542725694757,1.0000000000000004,1.0000000000000004,37,True
67,21,6453,2be9ba53c0d1806a1502dff5b57ef3767bd09fabf655634cb844d9f2ac2087c0,0,full_declared_day,153f2686a97e34b41099eda91952d787a1cd6c17a5aa81869ab7d08d479584be,153f2686a97e34b41099eda91952d787a1cd6c17a5aa81869ab7d08d479584be,risk_aligned_declaration_witness,0.810999999999998,0.8129999999999973,13391.334661046978,13391.35830239698,-0.0236413500006165,-0.023641349999997,1.3877787807814454e-16,0.1183281704981037,0.0,0.0,-0.0236413500006165,-0.0236413500006165,0.0,1,0.7505547601191399,0.7505547601191399,1.0000000000000004,1.0000000000000004,37,True
67,22,6454,2be9ba53c0d1806a1502dff5b57ef3767bd09fabf655634cb844d9f2ac2087c0,0,full_declared_day,153f2686a97e34b41099eda91952d787a1cd6c17a5aa81869ab7d08d479584be,153f2686a97e34b41099eda91952d787a1cd6c17a5aa81869ab7d08d479584be,risk_aligned_declaration_witness,0.8639999999999979,0.8639999999999973,13391.644343459951,13391.644343459951,0.0,2.984716127724107e-15,1.6653345369377348e-16,0.0,0.0,0.0,0.0,0.0,0.0,0,0.750551120426663,0.750551120426663,1.0000000000000004,1.0000000000000004,37,True
67,23,6455,2be9ba53c0d1806a1502dff5b57ef3767bd09fabf655634cb844d9f2ac2087c0,0,full_declared_day,153f2686a97e34b41099eda91952d787a1cd6c17a5aa81869ab7d08d479584be,153f2686a97e34b41099eda91952d787a1cd6c17a5aa81869ab7d08d479584be,risk_aligned_declaration_witness,0.872999999999998,0.8699999999999973,13391.679356844175,13391.668283611563,0.0110732326120341,0.0110732326125029,0.0007500000000001,0.1453224343682958,0.0,0.0,0.0110732326120341,0.0110732326120341,0.0110732326120341,0,0.7505502918829547,0.7505503404925609,1.0000000000000002,1.0000000000000004,37,True
67,24,6456,2be9ba53c0d1806a1502dff5b57ef3767bd09fabf655634cb844d9f2ac2087c0,0,full_declared_day,153f2686a97e34b41099eda91952d787a1cd6c17a5aa81869ab7d08d479584be,153f2686a97e34b41099eda91952d787a1cd6c17a5aa81869ab7d08d479584be,risk_aligned_declaration_witness,0.894999999999998,0.8879999999999973,13391.804795910091,13391.777762576405,0.0270333336884505,0.027033333687503,0.0017500000000001,0.0956894517330295,0.0,0.0,0.0270333336884505,0.0270333336884505,0.0270333336884505,0,0.7505487320147499,0.7505493005804242,1.0,1.0,37,True
67,25,6457,2be9ba53c0d1806a1502dff5b57ef3767bd09fabf655634cb844d9f2ac2087c0,0,full_declared_day,153f2686a97e34b41099eda91952d787a1cd6c17a5aa81869ab7d08d479584be,153f2686a97e34b41099eda91952d787a1cd6c17a5aa81869ab7d08d479584be,risk_aligned_declaration_witness,0.9049999999999978,0.9089999999999974,13391.891680061164,13391.905846475853,-0.0141664146885887,-0.014166414687497,0.00025,0.0812992097910886,0.0,0.0,-0.0141664146885887,-0.0141664146885887,0.0,1,0.7505482930746923,0.7505484558335143,1.0000000000000004,1.0000000000000004,37,True
67,26,6458,2be9ba53c0d1806a1502dff5b57ef3767bd09fabf655634cb844d9f2ac2087c0,0,full_declared_day,153f2686a97e34b41099eda91952d787a1cd6c17a5aa81869ab7d08d479584be,153f2686a97e34b41099eda91952d787a1cd6c17a5aa81869ab7d08d479584be,risk_aligned_declaration_witness,0.907999999999998,0.9099999999999974,13391.911480786704,13391.918265046315,-0.0067842596108675,-0.006784259612497,0.00025,0.1700353936039285,0.0,0.0,-0.0067842596108675,-0.0067842596108675,0.0,1,0.7505480492998602,0.7505482444650862,1.0000000000000004,1.0000000000000002,37,True
67,27,6459,2be9ba53c0d1806a1502dff5b57ef3767bd09fabf655634cb844d9f2ac2087c0,0,full_declared_day,153f2686a97e34b41099eda91952d787a1cd6c17a5aa81869ab7d08d479584be,153f2686a97e34b41099eda91952d787a1cd6c17a5aa81869ab7d08d479584be,risk_aligned_declaration_witness,0.9129999999999978,0.9129999999999974,13391.961258773315,13391.931131965315,0.0301268079983856,0.030126808000003,0.0010000000000001,0.185466794192916,0.0,0.0,0.0301268079983856,0.0301268079983856,0.0301268079983856,0,0.7505485044431203,0.7505475293437921,1.0000000000000002,1.0000000000000002,37,True
67,28,6460,2be9ba53c0d1806a1502dff5b57ef3767bd09fabf655634cb844d9f2ac2087c0,0,full_declared_day,153f2686a97e34b41099eda91952d787a1cd6c17a5aa81869ab7d08d479584be,153f2686a97e34b41099eda91952d787a1cd6c17a5aa81869ab7d08d479584be,risk_aligned_declaration_witness,0.911999999999998,0.9149999999999974,13391.933178903391,13391.968640928391,-0.0354620249981962,-0.035462024999997,1.3877787807814454e-16,0.2275782020779546,0.0,0.0,-0.0354620249981962,-0.0354620249981962,0.0,1,0.7505485044431203,0.7505485044431203,1.0000000000000002,1.0000000000000002,37,True
67,29,6461,2be9ba53c0d1806a1502dff5b57ef3767bd09fabf655634cb844d9f2ac2087c0,0,full_declared_day,153f2686a97e34b41099eda91952d787a1cd6c17a5aa81869ab7d08d479584be,153f2686a97e34b41099eda91952d787a1cd6c17a5aa81869ab7d08d479584be,risk_aligned_declaration_witness,0.9069999999999978,0.9079999999999974,13391.905398127315,13391.91721880232,-0.0118206750012177,-0.011820674999997,1.3877787807814454e-16,0.2260936395722558,0.0,0.0,-0.0118206750012177,-0.0118206750012177,0.0,1,0.7505489919927844,0.7505489919927846,1.0000000000000002,1.0000000000000002,37,True
67,30,6462,2be9ba53c0d1806a1502dff5b57ef3767bd09fabf655634cb844d9f2ac2087c0,0,full_declared_day,153f2686a97e34b41099eda91952d787a1cd6c17a5aa81869ab7d08d479584be,153f2686a97e34b41099eda91952d787a1cd6c17a5aa81869ab7d08d479584be,risk_aligned_declaration_witness,0.8839999999999979,0.8839999999999973,13391.768736281869,13391.768736281869,0.0,2.984716127724107e-15,1.6653345369377348e-16,0.2102026000462345,0.0,0.0,0.0,0.0,0.0,0,0.7505503242893585,0.7505503242893585,1.0,1.0,37,True
67,31,6463,2be9ba53c0d1806a1502dff5b57ef3767bd09fabf655634cb844d9f2ac2087c0,0,full_declared_day,153f2686a97e34b41099eda91952d787a1cd6c17a5aa81869ab7d08d479584be,153f2686a97e34b41099eda91952d787a1cd6c17a5aa81869ab7d08d479584be,risk_aligned_declaration_witness,0.8899999999999979,0.8859999999999973,13391.802599717328,13391.785443825327,0.0171558919992094,0.017155892000003,0.0010000000000001,0.1211519635808968,0.0,0.0,0.0171558919992094,0.0171558919992094,0.0171558919992094,0,0.7505488616403662,0.7505498367396942,1.0,1.0,37,True
67,32,6464,2be9ba53c0d1806a1502dff5b57ef3767bd09fabf655634cb844d9f2ac2087c0,0,full_declared_day,153f2686a97e34b41099eda91952d787a1cd6c17a5aa81869ab7d08d479584be,153f2686a97e34b41099eda91952d787a1cd6c17a5aa81869ab7d08d479584be,risk_aligned_declaration_witness,0.8849999999999978,0.8829999999999973,13391.766689343793,13391.75811139779,0.0085779460023331,0.0085779460000029,0.0005000000000001,0.1700864499151619,0.0,0.0,0.0085779460023331,0.0085779460023331,0.0085779460023331,0,0.7505493329868281,0.7505498205364922,1.0,1.0,37,True
67,33,6465,2be9ba53c0d1806a1502dff5b57ef3767bd09fabf655634cb844d9f2ac2087c0,0,full_declared_day,153f2686a97e34b41099eda91952d787a1cd6c17a5aa81869ab7d08d479584be,153f2686a97e34b41099eda91952d787a1cd6c17a5aa81869ab7d08d479584be,risk_aligned_declaration_witness,0.8649999999999978,0.8669999999999973,13391.679955031876,13391.68853297788,-0.0085779460023331,-0.008577945999997,1.52655665885959e-16,0.2043427915928391,0.0,0.0,-0.0085779460023331,-0.0085779460023331,0.0,1,0.750551380404697,0.750550892855033,1.0000000000000004,1.0000000000000004,37,True
67,34,6466,2be9ba53c0d1806a1502dff5b57ef3767bd09fabf655634cb844d9f2ac2087c0,0,full_declared_day,153f2686a97e34b41099eda91952d787a1cd6c17a5aa81869ab7d08d479584be,153f2686a97e34b41099eda91952d787a1cd6c17a5aa81869ab7d08d479584be,risk_aligned_declaration_witness,0.8279999999999978,0.8299999999999973,13391.440448934278,13391.449026880278,-0.0085779460005142,-0.008577945999997,1.52655665885959e-16,0.1962431222664369,0.0,0.0,-0.0085779460005142,-0.0085779460005142,0.0,1,0.7505537040038012,0.7505532164541371,1.0,1.0,37,True
67,35,6467,2be9ba53c0d1806a1502dff5b57ef3767bd09fabf655634cb844d9f2ac2087c0,0,full_declared_day,153f2686a97e34b41099eda91952d787a1cd6c17a5aa81869ab7d08d479584be,153f2686a97e34b41099eda91952d787a1cd6c17a5aa81869ab7d08d479584be,risk_aligned_declaration_witness,0.7939999999999978,0.7959999999999973,13391.24453445914,13391.253112405142,-0.0085779460023331,-0.008577945999997,1.52655665885959e-16,0.1975924566594984,0.0,0.0,-0.0085779460023331,-0.0085779460023331,0.0,1,0.7505560438061081,0.750555556256444,1.0000000000000002,1.0000000000000002,37,True
67,36,6468,2be9ba53c0d1806a1502dff5b57ef3767bd09fabf655634cb844d9f2ac2087c0,0,full_declared_day,153f2686a97e34b41099eda91952d787a1cd6c17a5aa81869ab7d08d479584be,153f2686a97e34b41099eda91952d787a1cd6c17a5aa81869ab7d08d479584be,risk_aligned_declaration_witness,0.7939999999999978,0.7939999999999973,13391.236404861678,13391.236404861678,0.0,2.984716127724107e-15,1.6653345369377348e-16,0.1811322289071804,0.0,0.0,0.0,0.0,0.0,0,0.750556027602906,0.750556027602906,1.0000000000000002,1.0000000000000002,37,True
67,37,6469,2be9ba53c0d1806a1502dff5b57ef3767bd09fabf655634cb844d9f2ac2087c0,0,full_declared_day,153f2686a97e34b41099eda91952d787a1cd6c17a5aa81869ab7d08d479584be,153f2686a97e34b41099eda91952d787a1cd6c17a5aa81869ab7d08d479584be,risk_aligned_declaration_witness,0.7939999999999978,0.7939999999999973,13391.236404861678,13391.236404861678,0.0,2.984716127724107e-15,1.6653345369377348e-16,0.1983293969687081,0.0,0.0,0.0,0.0,0.0,0,0.750556027602906,0.750556027602906,1.0000000000000002,1.0000000000000002,37,True
67,38,6470,2be9ba53c0d1806a1502dff5b57ef3767bd09fabf655634cb844d9f2ac2087c0,0,full_declared_day,153f2686a97e34b41099eda91952d787a1cd6c17a5aa81869ab7d08d479584be,153f2686a97e34b41099eda91952d787a1cd6c17a5aa81869ab7d08d479584be,risk_aligned_declaration_witness,0.7849999999999979,0.7849999999999973,13391.18573017799,13391.18573017799,0.0,2.984716127724107e-15,1.6653345369377348e-16,0.1794618110987663,0.0,0.0,0.0,0.0,0.0,0,0.7505565637621763,0.7505565637621763,1.0000000000000002,1.0000000000000002,37,True
67,39,6471,2be9ba53c0d1806a1502dff5b57ef3767bd09fabf655634cb844d9f2ac2087c0,0,full_declared_day,153f2686a97e34b41099eda91952d787a1cd6c17a5aa81869ab7d08d479584be,153f2686a97e34b41099eda91952d787a1cd6c17a5aa81869ab7d08d479584be,risk_aligned_declaration_witness,0.7739999999999978,0.7739999999999972,13391.127075443768,13391.127075443768,0.0,2.984716127724107e-15,1.6653345369377348e-16,0.1727500178952451,0.0,0.0,0.0,0.0,0.0,0,0.7505573598994806,0.7505573598994806,1.0000000000000004,1.0000000000000004,37,True
67,40,6472,2be9ba53c0d1806a1502dff5b57ef3767bd09fabf655634cb844d9f2ac2087c0,0,full_declared_day,153f2686a97e34b41099eda91952d787a1cd6c17a5aa81869ab7d08d479584be,153f2686a97e34b41099eda91952d787a1cd6c17a5aa81869ab7d08d479584be,risk_aligned_declaration_witness,0.7739999999999978,0.7739999999999972,13391.127075443768,13391.127075443768,0.0,2.984716127724107e-15,1.6653345369377348e-16,0.1905662757214293,0.0,0.0,0.0,0.0,0.0,0,0.7505573598994806,0.7505573598994806,1.0000000000000004,1.0000000000000004,37,True
67,41,6473,2be9ba53c0d1806a1502dff5b57ef3767bd09fabf655634cb844d9f2ac2087c0,0,full_declared_day,153f2686a97e34b41099eda91952d787a1cd6c17a5aa81869ab7d08d479584be,153f2686a97e34b41099eda91952d787a1cd6c17a5aa81869ab7d08d479584be,risk_aligned_declaration_witness,0.7749999999999979,0.7749999999999972,13391.131364416766,13391.131364416766,0.0,2.984716127724107e-15,1.6653345369377348e-16,0.1888164782617858,0.0,0.0,0.0,0.0,0.0,0,0.7505571161246485,0.7505571161246485,1.0000000000000004,1.0000000000000004,37,True
67,42,6474,2be9ba53c0d1806a1502dff5b57ef3767bd09fabf655634cb844d9f2ac2087c0,0,full_declared_day,153f2686a97e34b41099eda91952d787a1cd6c17a5aa81869ab7d08d479584be,153f2686a97e34b41099eda91952d787a1cd6c17a5aa81869ab7d08d479584be,risk_aligned_declaration_witness,0.7619999999999978,0.7619999999999972,13391.049666228002,13391.049666228002,0.0,2.984716127724107e-15,1.6653345369377348e-16,0.1558687554965825,0.0,0.0,0.0,0.0,0.0,0,0.7505576360807162,0.7505576360807162,1.0,1.0,37,True
67,43,6475,2be9ba53c0d1806a1502dff5b57ef3767bd09fabf655634cb844d9f2ac2087c0,0,full_declared_day,153f2686a97e34b41099eda91952d787a1cd6c17a5aa81869ab7d08d479584be,153f2686a97e34b41099eda91952d787a1cd6c17a5aa81869ab7d08d479584be,risk_aligned_declaration_witness,0.7599999999999978,0.7599999999999972,13391.034154475465,13391.034154475465,0.0,2.984716127724107e-15,1.6653345369377348e-16,0.1305612669437656,0.0,0.0,0.0,0.0,0.0,0,0.7505576360807161,0.7505576360807161,1.0,1.0,37,True
67,44,6476,2be9ba53c0d1806a1502dff5b57ef3767bd09fabf655634cb844d9f2ac2087c0,0,full_declared_day,153f2686a97e34b41099eda91952d787a1cd6c17a5aa81869ab7d08d479584be,153f2686a97e34b41099eda91952d787a1cd6c17a5aa81869ab7d08d479584be,risk_aligned_declaration_witness,0.7579999999999978,0.7579999999999972,13391.025576529466,13391.025576529466,0.0,2.984716127724107e-15,1.6653345369377348e-16,0.1610577138691197,0.0,0.0,0.0,0.0,0.0,0,0.7505581236303803,0.7505581236303803,1.0,1.0,37,True
67,45,6477,2be9ba53c0d1806a1502dff5b57ef3767bd09fabf655634cb844d9f2ac2087c0,0,full_declared_day,153f2686a97e34b41099eda91952d787a1cd6c17a5aa81869ab7d08d479584be,153f2686a97e34b41099eda91952d787a1cd6c17a5aa81869ab7d08d479584be,risk_aligned_declaration_witness,0.7379999999999978,0.7379999999999972,13390.915649216093,13390.915649216093,0.0,2.984716127724107e-15,1.6653345369377348e-16,0.1663417263043654,0.0,0.0,0.0,0.0,0.0,0,0.7505596672953829,0.7505596672953829,1.0000000000000004,1.0000000000000004,37,True
67,46,6478,2be9ba53c0d1806a1502dff5b57ef3767bd09fabf655634cb844d9f2ac2087c0,0,full_declared_day,153f2686a97e34b41099eda91952d787a1cd6c17a5aa81869ab7d08d479584be,153f2686a97e34b41099eda91952d787a1cd6c17a5aa81869ab7d08d479584be,risk_aligned_declaration_witness,0.7179999999999978,0.7179999999999972,13390.76686760179,13390.76686760179,0.0,2.984716127724107e-15,1.6653345369377348e-16,0.1250303279178682,0.0,0.0,0.0,0.0,0.0,0,0.7505604634326872,0.7505604634326872,1.0000000000000002,1.0000000000000002,37,True
67,47,6479,2be9ba53c0d1806a1502dff5b57ef3767bd09fabf655634cb844d9f2ac2087c0,0,full_declared_day,153f2686a97e34b41099eda91952d787a1cd6c17a5aa81869ab7d08d479584be,153f2686a97e34b41099eda91952d787a1cd6c17a5aa81869ab7d08d479584be,risk_aligned_declaration_witness,0.7449999999999977,0.7449999999999972,13390.927619145776,13390.927619145776,0.0,2.984716127724107e-15,1.6653345369377348e-16,0.1408786952189969,0.0,0.0,0.0,0.0,0.0,0,0.7505586597896505,0.7505586597896505,1.0,1.0,37,True
67,48,6480,2be9ba53c0d1806a1502dff5b57ef3767bd09fabf655634cb844d9f2ac2087c0,0,full_declared_day,153f2686a97e34b41099eda91952d787a1cd6c17a5aa81869ab7d08d479584be,153f2686a97e34b41099eda91952d787a1cd6c17a5aa81869ab7d08d479584be,risk_aligned_declaration_witness,0.7369999999999979,0.7369999999999972,13390.896894734551,13390.896894734551,0.0,2.984716127724107e-15,1.6653345369377348e-16,0.160527003054239,0.0,0.0,0.0,0.0,0.0,0,0.7505591959489208,0.7505591959489208,1.0000000000000004,1.0000000000000004,37,True
67,49,6481,2be9ba53c0d1806a1502dff5b57ef3767bd09fabf655634cb844d9f2ac2087c0,0,full_declared_day,153f2686a97e34b41099eda91952d787a1cd6c17a5aa81869ab7d08d479584be,153f2686a97e34b41099eda91952d787a1cd6c17a5aa81869ab7d08d479584be,risk_aligned_declaration_witness,0.7179999999999978,0.7179999999999972,13390.800581782563,13390.800581782563,0.0,2.984716127724107e-15,1.6653345369377348e-16,0.1687161705935437,0.0,0.0,0.0,0.0,0.0,0,0.7505601055086393,0.7505601055086393,1.0000000000000004,1.0000000000000004,37,True
67,50,6482,2be9ba53c0d1806a1502dff5b57ef3767bd09fabf655634cb844d9f2ac2087c0,0,full_declared_day,153f2686a97e34b41099eda91952d787a1cd6c17a5aa81869ab7d08d479584be,153f2686a97e34b41099eda91952d787a1cd6c17a5aa81869ab7d08d479584be,risk_aligned_declaration_witness,0.7189999999999976,0.7189999999999972,13390.812402457566,13390.812402457566,0.0,2.984716127724107e-15,1.6653345369377348e-16,0.1695455033312005,0.0,0.0,0.0,0.0,0.0,0,0.7505601055086393,0.7505601055086393,1.0000000000000004,1.0000000000000004,37,True
67,51,6483,2be9ba53c0d1806a1502dff5b57ef3767bd09fabf655634cb844d9f2ac2087c0,0,full_declared_day,153f2686a97e34b41099eda91952d787a1cd6c17a5aa81869ab7d08d479584be,153f2686a97e34b41099eda91952d787a1cd6c17a5aa81869ab7d08d479584be,risk_aligned_declaration_witness,0.7409999999999979,0.7409999999999972,13390.92851613509,13390.92851613509,0.0,2.984716127724107e-15,1.6653345369377348e-16,0.1426525490100365,0.0,0.0,0.0,0.0,0.0,0,0.750559016986897,0.750559016986897,1.0000000000000004,1.0000000000000004,37,True
67,52,6484,2be9ba53c0d1806a1502dff5b57ef3767bd09fabf655634cb844d9f2ac2087c0,0,full_declared_day,153f2686a97e34b41099eda91952d787a1cd6c17a5aa81869ab7d08d479584be,153f2686a97e34b41099eda91952d787a1cd6c17a5aa81869ab7d08d479584be,risk_aligned_declaration_witness,0.7529999999999979,0.7529999999999972,13390.992655633245,13390.992655633245,0.0,2.984716127724107e-15,1.6653345369377348e-16,0.1236508136018324,0.0,0.0,0.0,0.0,0.0,0,0.7505575219315004,0.7505575219315004,1.0,1.0,37,True
67,53,6485,2be9ba53c0d1806a1502dff5b57ef3767bd09fabf655634cb844d9f2ac2087c0,0,full_declared_day,153f2686a97e34b41099eda91952d787a1cd6c17a5aa81869ab7d08d479584be,153f2686a97e34b41099eda91952d787a1cd6c17a5aa81869ab7d08d479584be,risk_aligned_declaration_witness,0.7509999999999977,0.7509999999999972,13391.001532673092,13391.001532673092,0.0,2.984716127724107e-15,1.6653345369377348e-16,0.1438312804658552,0.0,0.0,0.0,0.0,0.0,0,0.7505575381347026,0.7505575381347026,1.0000000000000002,1.0000000000000002,37,True
67,54,6486,2be9ba53c0d1806a1502dff5b57ef3767bd09fabf655634cb844d9f2ac2087c0,0,full_declared_day,153f2686a97e34b41099eda91952d787a1cd6c17a5aa81869ab7d08d479584be,153f2686a97e34b41099eda91952d787a1cd6c17a5aa81869ab7d08d479584be,risk_aligned_declaration_witness,0.7509999999999977,0.7509999999999972,13391.000336882167,13391.000336882167,0.0,2.984716127724107e-15,1.6653345369377348e-16,0.0227461882527338,0.0,0.0,0.0,0.0,0.0,0,0.7505580256843668,0.7505580256843668,1.0000000000000004,1.0000000000000004,37,True
67,55,6487,2be9ba53c0d1806a1502dff5b57ef3767bd09fabf655634cb844d9f2ac2087c0,0,full_declared_day,153f2686a97e34b41099eda91952d787a1cd6c17a5aa81869ab7d08d479584be,153f2686a97e34b41099eda91952d787a1cd6c17a5aa81869ab7d08d479584be,risk_aligned_declaration_witness,0.7549999999999977,0.7549999999999972,13391.032556178166,13391.032556178166,0.0,2.984716127724107e-15,1.6653345369377348e-16,0.1454478230116597,0.0,0.0,0.0,0.0,0.0,0,0.7505575381347027,0.7505575381347027,1.0000000000000004,1.0000000000000004,37,True
67,56,6488,2be9ba53c0d1806a1502dff5b57ef3767bd09fabf655634cb844d9f2ac2087c0,0,full_declared_day,153f2686a97e34b41099eda91952d787a1cd6c17a5aa81869ab7d08d479584be,153f2686a97e34b41099eda91952d787a1cd6c17a5aa81869ab7d08d479584be,risk_aligned_declaration_witness,0.7389999999999977,0.7389999999999972,13390.938588965866,13390.938588965866,0.0,2.984716127724107e-15,1.6653345369377348e-16,0.1702519339680689,0.0,0.0,0.0,0.0,0.0,0,0.750558578046839,0.750558578046839,1.0000000000000004,1.0000000000000004,37,True
67,57,6489,2be9ba53c0d1806a1502dff5b57ef3767bd09fabf655634cb844d9f2ac2087c0,0,full_declared_day,153f2686a97e34b41099eda91952d787a1cd6c17a5aa81869ab7d08d479584be,153f2686a97e34b41099eda91952d787a1cd6c17a5aa81869ab7d08d479584be,risk_aligned_declaration_witness,0.7819999999999978,0.7819999999999973,13391.185178124691,13391.185178124691,0.0,2.984716127724107e-15,1.6653345369377348e-16,0.1476951701251595,0.0,0.0,0.0,0.0,0.0,0,0.7505557020852621,0.7505557020852621,1.0000000000000002,1.0000000000000002,37,True
67,58,6490,2be9ba53c0d1806a1502dff5b57ef3767bd09fabf655634cb844d9f2ac2087c0,0,full_declared_day,153f2686a97e34b41099eda91952d787a1cd6c17a5aa81869ab7d08d479584be,153f2686a97e34b41099eda91952d787a1cd6c17a5aa81869ab7d08d479584be,risk_aligned_declaration_witness,0.7689999999999979,0.7689999999999972,13391.11101163793,13391.11101163793,0.0,2.984716127724107e-15,1.6653345369377348e-16,0.1841315330435834,0.0,0.0,0.0,0.0,0.0,0,0.750556482019364,0.750556482019364,1.0,1.0,37,True
67,59,6491,2be9ba53c0d1806a1502dff5b57ef3767bd09fabf655634cb844d9f2ac2087c0,0,full_declared_day,153f2686a97e34b41099eda91952d787a1cd6c17a5aa81869ab7d08d479584be,153f2686a97e34b41099eda91952d787a1cd6c17a5aa81869ab7d08d479584be,risk_aligned_declaration_witness,0.7709999999999979,0.7709999999999972,13391.117795897542,13391.117795897542,0.0,2.984716127724107e-15,1.6653345369377348e-16,0.1803535476943491,0.0,0.0,0.0,0.0,0.0,0,0.7505567257941961,0.7505567257941961,1.0,1.0,37,True
67,60,6492,2be9ba53c0d1806a1502dff5b57ef3767bd09fabf655634cb844d9f2ac2087c0,0,full_declared_day,153f2686a97e34b41099eda91952d787a1cd6c17a5aa81869ab7d08d479584be,153f2686a97e34b41099eda91952d787a1cd6c17a5aa81869ab7d08d479584be,risk_aligned_declaration_witness,0.7829999999999977,0.7829999999999973,13391.179543813843,13391.179543813843,0.0,2.984716127724107e-15,1.6653345369377348e-16,0.1834232878532031,0.0,0.0,0.0,0.0,0.0,0,0.7505561572285222,0.7505561572285222,1.0000000000000002,1.0000000000000002,37,True
67,61,6493,2be9ba53c0d1806a1502dff5b57ef3767bd09fabf655634cb844d9f2ac2087c0,0,full_declared_day,153f2686a97e34b41099eda91952d787a1cd6c17a5aa81869ab7d08d479584be,153f2686a97e34b41099eda91952d787a1cd6c17a5aa81869ab7d08d479584be,risk_aligned_declaration_witness,0.7929999999999979,0.7929999999999973,13391.227573663991,13391.227573663991,0.0,2.984716127724107e-15,1.6653345369377348e-16,0.1410775485350593,0.0,0.0,0.0,0.0,0.0,0,0.750554889744756,0.750554889744756,1.0000000000000002,1.0000000000000002,37,True
67,62,6494,2be9ba53c0d1806a1502dff5b57ef3767bd09fabf655634cb844d9f2ac2087c0,0,full_declared_day,153f2686a97e34b41099eda91952d787a1cd6c17a5aa81869ab7d08d479584be,153f2686a97e34b41099eda91952d787a1cd6c17a5aa81869ab7d08d479584be,risk_aligned_declaration_witness,0.7689999999999979,0.7689999999999972,13391.102882040468,13391.102882040468,0.0,2.984716127724107e-15,1.6653345369377348e-16,0.1369457321148438,0.0,0.0,0.0,0.0,0.0,0,0.750556482019364,0.750556482019364,1.0,1.0,37,True
67,63,6495,2be9ba53c0d1806a1502dff5b57ef3767bd09fabf655634cb844d9f2ac2087c0,0,full_declared_day,153f2686a97e34b41099eda91952d787a1cd6c17a5aa81869ab7d08d479584be,153f2686a97e34b41099eda91952d787a1cd6c17a5aa81869ab7d08d479584be,risk_aligned_declaration_witness,0.7659999999999978,0.7659999999999972,13391.08308131493,13391.08308131493,0.0,2.984716127724107e-15,1.6653345369377348e-16,0.1400971097386064,0.0,0.0,0.0,0.0,0.0,0,0.7505567257941962,0.7505567257941962,1.0,1.0,37,True
67,64,6496,2be9ba53c0d1806a1502dff5b57ef3767bd09fabf655634cb844d9f2ac2087c0,1,full_declared_day,153f2686a97e34b41099eda91952d787a1cd6c17a5aa81869ab7d08d479584be,153f2686a97e34b41099eda91952d787a1cd6c17a5aa81869ab7d08d479584be,risk_aligned_declaration_witness,0.7619999999999978,0.7619999999999972,13391.066523318392,13391.066523318392,0.0,2.984716127724107e-15,1.6653345369377348e-16,0.1183874728002565,1.52655665885959e-16,2.289834988289385e-14,2.289834988289385e-14,2.289834988289385e-14,2.289834988289385e-14,0,0.7505574733218943,0.7505574733218943,1.0,1.0,37,True
67,65,6497,2be9ba53c0d1806a1502dff5b57ef3767bd09fabf655634cb844d9f2ac2087c0,1,full_declared_day,153f2686a97e34b41099eda91952d787a1cd6c17a5aa81869ab7d08d479584be,153f2686a97e34b41099eda91952d787a1cd6c17a5aa81869ab7d08d479584be,risk_aligned_declaration_witness,0.7619999999999978,0.7619999999999972,13391.066523318392,13391.066523318392,0.0,2.984716127724107e-15,1.6653345369377348e-16,0.1640349925282171,1.6653345369377348e-16,2.4980018054066022e-14,2.4980018054066022e-14,2.4980018054066022e-14,2.4980018054066022e-14,0,0.7505574733218943,0.7505574733218943,1.0,1.0,37,True
67,66,6498,2be9ba53c0d1806a1502dff5b57ef3767bd09fabf655634cb844d9f2ac2087c0,1,full_declared_day,153f2686a97e34b41099eda91952d787a1cd6c17a5aa81869ab7d08d479584be,153f2686a97e34b41099eda91952d787a1cd6c17a5aa81869ab7d08d479584be,risk_aligned_declaration_witness,0.7479999999999978,0.7479999999999972,13390.99619745609,13390.99619745609,0.0,2.984716127724107e-15,1.6653345369377348e-16,0.1669115007559812,1.6653345369377348e-16,2.4980018054066022e-14,2.4980018054066022e-14,2.4980018054066022e-14,2.4980018054066022e-14,0,0.7505585132340309,0.7505585132340309,1.0000000000000002,1.0000000000000002,37,True
67,67,6499,2be9ba53c0d1806a1502dff5b57ef3767bd09fabf655634cb844d9f2ac2087c0,1,full_declared_day,153f2686a97e34b41099eda91952d787a1cd6c17a5aa81869ab7d08d479584be,153f2686a97e34b41099eda91952d787a1cd6c17a5aa81869ab7d08d479584be,risk_aligned_declaration_witness,0.7479999999999978,0.7479999999999972,13390.988067858629,13390.988067858629,0.0,2.984716127724107e-15,1.6653345369377348e-16,0.1599754481418736,1.6653345369377348e-16,2.4980018054066022e-14,2.4980018054066022e-14,2.4980018054066022e-14,2.4980018054066022e-14,0,0.7505585132340308,0.7505585132340308,1.0000000000000002,1.0000000000000002,37,True
67,68,6500,2be9ba53c0d1806a1502dff5b57ef3767bd09fabf655634cb844d9f2ac2087c0,1,full_declared_day,153f2686a97e34b41099eda91952d787a1cd6c17a5aa81869ab7d08d479584be,153f2686a97e34b41099eda91952d787a1cd6c17a5aa81869ab7d08d479584be,risk_aligned_declaration_witness,0.7479999999999978,0.7479999999999972,13390.988067858629,13390.988067858629,0.0,2.984716127724107e-15,1.6653345369377348e-16,0.1595383107924771,1.6653345369377348e-16,2.4980018054066022e-14,2.4980018054066022e-14,2.4980018054066022e-14,2.4980018054066022e-14,0,0.7505585132340308,0.7505585132340308,1.0000000000000002,1.0000000000000002,37,True
67,69,6501,2be9ba53c0d1806a1502dff5b57ef3767bd09fabf655634cb844d9f2ac2087c0,1,full_declared_day,153f2686a97e34b41099eda91952d787a1cd6c17a5aa81869ab7d08d479584be,153f2686a97e34b41099eda91952d787a1cd6c17a5aa81869ab7d08d479584be,risk_aligned_declaration_witness,0.7509999999999977,0.7479999999999972,13391.023529883629,13390.988067858629,0.0354620250018342,0.035462025000003,0.0007500000000001,0.1616846403658305,0.0007500000000001,0.112500000000025,0.1479620250018593,0.1479620250018593,0.1479620250018593,0,0.7505585132340309,0.7505585132340308,1.0000000000000002,1.0000000000000002,37,True
67,70,6502,2be9ba53c0d1806a1502dff5b57ef3767bd09fabf655634cb844d9f2ac2087c0,1,full_declared_day,153f2686a97e34b41099eda91952d787a1cd6c17a5aa81869ab7d08d479584be,153f2686a97e34b41099eda91952d787a1cd6c17a5aa81869ab7d08d479584be,risk_aligned_declaration_witness,0.7579999999999978,0.7529999999999972,13391.058094919315,13391.01525073924,0.0428441800759173,0.042844180075003,0.0012500000000001,0.1648481331643095,0.0012500000000001,0.1875000000000209,0.2303441800759383,0.2303441800759383,0.2303441800759383,0,0.7505582208495923,0.7505582370527948,1.0,1.0000000000000002,37,True
67,71,6503,2be9ba53c0d1806a1502dff5b57ef3767bd09fabf655634cb844d9f2ac2087c0,1,full_declared_day,153f2686a97e34b41099eda91952d787a1cd6c17a5aa81869ab7d08d479584be,153f2686a97e34b41099eda91952d787a1cd6c17a5aa81869ab7d08d479584be,risk_aligned_declaration_witness,0.7549999999999979,0.7529999999999972,13391.022632894315,13391.01525073924,0.0073821550777211,0.0073821550750029,0.0005000000000001,0.1808821170002554,0.0005000000000001,0.0750000000000208,0.0823821550777419,0.0823821550777419,0.0823821550777419,0,0.7505582208495925,0.7505582370527948,1.0,1.0000000000000002,37,True
67,72,6504,2be9ba53c0d1806a1502dff5b57ef3767bd09fabf655634cb844d9f2ac2087c0,0,full_declared_day,153f2686a97e34b41099eda91952d787a1cd6c17a5aa81869ab7d08d479584be,153f2686a97e34b41099eda91952d787a1cd6c17a5aa81869ab7d08d479584be,risk_aligned_declaration_witness,0.7509999999999977,0.7559999999999972,13390.999738986702,13391.042583166778,-0.0428441800759173,-0.042844180074997,1.3877787807814457e-17,0.1715276887090471,0.0,0.0,-0.0428441800759173,-0.0428441800759173,0.0,1,0.7505582370527948,0.7505582208495928,1.0000000000000002,1.0000000000000002,37,True
67,73,6505,2be9ba53c0d1806a1502dff5b57ef3767bd09fabf655634cb844d9f2ac2087c0,0,full_declared_day,153f2686a97e34b41099eda91952d787a1cd6c17a5aa81869ab7d08d479584be,153f2686a97e34b41099eda91952d787a1cd6c17a5aa81869ab7d08d479584be,risk_aligned_declaration_witness,0.7509999999999977,0.7559999999999972,13390.999738986702,13391.042583166778,-0.0428441800759173,-0.042844180074997,1.3877787807814457e-17,0.183048158862336,0.0,0.0,-0.0428441800759173,-0.0428441800759173,0.0,1,0.7505582370527948,0.7505582208495928,1.0000000000000002,1.0000000000000002,37,True
67,74,6506,2be9ba53c0d1806a1502dff5b57ef3767bd09fabf655634cb844d9f2ac2087c0,0,full_declared_day,153f2686a97e34b41099eda91952d787a1cd6c17a5aa81869ab7d08d479584be,153f2686a97e34b41099eda91952d787a1cd6c17a5aa81869ab7d08d479584be,risk_aligned_declaration_witness,0.7509999999999977,0.7509999999999972,13390.999738986702,13390.999738986702,0.0,2.984716127724107e-15,1.6653345369377348e-16,0.1816714571857902,0.0,0.0,0.0,0.0,0.0,0,0.7505582370527948,0.7505582370527948,1.0000000000000002,1.0000000000000002,37,True
67,75,6507,2be9ba53c0d1806a1502dff5b57ef3767bd09fabf655634cb844d9f2ac2087c0,0,full_declared_day,153f2686a97e34b41099eda91952d787a1cd6c17a5aa81869ab7d08d479584be,153f2686a97e34b41099eda91952d787a1cd6c17a5aa81869ab7d08d479584be,risk_aligned_declaration_witness,0.7509999999999977,0.7509999999999972,13390.999738986702,13390.999738986702,0.0,2.984716127724107e-15,1.6653345369377348e-16,0.1776725437276824,0.0,0.0,0.0,0.0,0.0,0,0.7505582370527948,0.7505582370527948,1.0000000000000002,1.0000000000000002,37,True
67,76,6508,2be9ba53c0d1806a1502dff5b57ef3767bd09fabf655634cb844d9f2ac2087c0,0,full_declared_day,153f2686a97e34b41099eda91952d787a1cd6c17a5aa81869ab7d08d479584be,153f2686a97e34b41099eda91952d787a1cd6c17a5aa81869ab7d08d479584be,risk_aligned_declaration_witness,0.7509999999999977,0.7509999999999972,13390.999738986702,13390.999738986702,0.0,2.984716127724107e-15,1.6653345369377348e-16,0.1800863606672262,0.0,0.0,0.0,0.0,0.0,0,0.7505582370527948,0.7505582370527948,1.0000000000000002,1.0000000000000002,37,True
67,77,6509,2be9ba53c0d1806a1502dff5b57ef3767bd09fabf655634cb844d9f2ac2087c0,0,full_declared_day,153f2686a97e34b41099eda91952d787a1cd6c17a5aa81869ab7d08d479584be,153f2686a97e34b41099eda91952d787a1cd6c17a5aa81869ab7d08d479584be,risk_aligned_declaration_witness,0.7499999999999978,0.7499999999999972,13390.996047909166,13390.996047909166,0.0,2.984716127724107e-15,1.6653345369377348e-16,0.1827695450627845,0.0,0.0,0.0,0.0,0.0,0,0.7505582532559968,0.7505582532559968,1.0000000000000004,1.0000000000000004,37,True
67,78,6510,2be9ba53c0d1806a1502dff5b57ef3767bd09fabf655634cb844d9f2ac2087c0,0,full_declared_day,153f2686a97e34b41099eda91952d787a1cd6c17a5aa81869ab7d08d479584be,153f2686a97e34b41099eda91952d787a1cd6c17a5aa81869ab7d08d479584be,risk_aligned_declaration_witness,0.7459999999999978,0.7459999999999972,13390.972556106091,13390.972556106091,0.0,2.984716127724107e-15,1.6653345369377348e-16,0.1745507693305907,0.0,0.0,0.0,0.0,0.0,0,0.7505585132340308,0.7505585132340308,1.0000000000000002,1.0000000000000002,37,True
67,79,6511,2be9ba53c0d1806a1502dff5b57ef3767bd09fabf655634cb844d9f2ac2087c0,0,full_declared_day,153f2686a97e34b41099eda91952d787a1cd6c17a5aa81869ab7d08d479584be,153f2686a97e34b41099eda91952d787a1cd6c17a5aa81869ab7d08d479584be,risk_aligned_declaration_witness,0.7459999999999978,0.7459999999999972,13390.972556106091,13390.972556106091,0.0,2.984716127724107e-15,1.6653345369377348e-16,0.1742981040817186,0.0,0.0,0.0,0.0,0.0,0,0.7505585132340308,0.7505585132340308,1.0000000000000002,1.0000000000000002,37,True
67,80,6512,2be9ba53c0d1806a1502dff5b57ef3767bd09fabf655634cb844d9f2ac2087c0,0,full_declared_day,153f2686a97e34b41099eda91952d787a1cd6c17a5aa81869ab7d08d479584be,153f2686a97e34b41099eda91952d787a1cd6c17a5aa81869ab7d08d479584be,risk_aligned_declaration_witness,0.7459999999999978,0.7459999999999972,13390.972556106091,13390.972556106091,0.0,2.984716127724107e-15,1.6653345369377348e-16,0.0,0.0,0.0,0.0,0.0,0.0,0,0.7505585132340308,0.7505585132340308,1.0000000000000002,1.0000000000000002,37,True
67,81,6513,2be9ba53c0d1806a1502dff5b57ef3767bd09fabf655634cb844d9f2ac2087c0,0,full_declared_day,153f2686a97e34b41099eda91952d787a1cd6c17a5aa81869ab7d08d479584be,153f2686a97e34b41099eda91952d787a1cd6c17a5aa81869ab7d08d479584be,risk_aligned_declaration_witness,0.7089999999999979,0.7089999999999972,13390.756840905417,13390.756840905417,0.0,2.984716127724107e-15,1.6653345369377348e-16,0.0958616416675335,0.0,0.0,0.0,0.0,0.0,0,0.7505610968111696,0.7505610968111696,1.0000000000000004,1.0000000000000004,37,True
67,82,6514,2be9ba53c0d1806a1502dff5b57ef3767bd09fabf655634cb844d9f2ac2087c0,0,full_declared_day,153f2686a97e34b41099eda91952d787a1cd6c17a5aa81869ab7d08d479584be,153f2686a97e34b41099eda91952d787a1cd6c17a5aa81869ab7d08d479584be,risk_aligned_declaration_witness,0.6919999999999977,0.6919999999999972,13390.659182615578,13390.659182615578,0.0,2.984716127724107e-15,1.6653345369377348e-16,0.1393017823777976,0.0,0.0,0.0,0.0,0.0,0,0.7505621367233053,0.7505621367233053,1.0,1.0,37,True
67,83,6515,2be9ba53c0d1806a1502dff5b57ef3767bd09fabf655634cb844d9f2ac2087c0,0,full_declared_day,153f2686a97e34b41099eda91952d787a1cd6c17a5aa81869ab7d08d479584be,153f2686a97e34b41099eda91952d787a1cd6c17a5aa81869ab7d08d479584be,risk_aligned_declaration_witness,0.6899999999999977,0.6899999999999972,13390.651202565045,13390.651202565045,0.0,2.984716127724107e-15,1.6653345369377348e-16,0.1620365273752391,0.0,0.0,0.0,0.0,0.0,0,0.7505623967013394,0.7505623967013394,1.0,1.0,37,True
67,84,6516,2be9ba53c0d1806a1502dff5b57ef3767bd09fabf655634cb844d9f2ac2087c0,0,full_declared_day,153f2686a97e34b41099eda91952d787a1cd6c17a5aa81869ab7d08d479584be,153f2686a97e34b41099eda91952d787a1cd6c17a5aa81869ab7d08d479584be,risk_aligned_declaration_witness,0.6829999999999976,0.6829999999999972,13390.608507931893,13390.608507931893,0.0,2.984716127724107e-15,1.6653345369377348e-16,0.148980837254241,0.0,0.0,0.0,0.0,0.0,0,0.7505626728825758,0.7505626728825758,1.0000000000000004,1.0000000000000004,37,True
67,85,6517,2be9ba53c0d1806a1502dff5b57ef3767bd09fabf655634cb844d9f2ac2087c0,0,full_declared_day,153f2686a97e34b41099eda91952d787a1cd6c17a5aa81869ab7d08d479584be,153f2686a97e34b41099eda91952d787a1cd6c17a5aa81869ab7d08d479584be,risk_aligned_declaration_witness,0.6829999999999976,0.6829999999999972,13390.608507931893,13390.608507931893,0.0,2.984716127724107e-15,1.6653345369377348e-16,0.1583353901756171,0.0,0.0,0.0,0.0,0.0,0,0.7505626728825758,0.7505626728825758,1.0000000000000004,1.0000000000000004,37,True
67,86,6518,2be9ba53c0d1806a1502dff5b57ef3767bd09fabf655634cb844d9f2ac2087c0,0,full_declared_day,153f2686a97e34b41099eda91952d787a1cd6c17a5aa81869ab7d08d479584be,153f2686a97e34b41099eda91952d787a1cd6c17a5aa81869ab7d08d479584be,risk_aligned_declaration_witness,0.6829999999999976,0.6829999999999972,13390.608507931893,13390.608507931893,0.0,2.984716127724107e-15,1.6653345369377348e-16,0.1527589385610911,0.0,0.0,0.0,0.0,0.0,0,0.7505626728825758,0.7505626728825758,1.0000000000000004,1.0000000000000004,37,True
67,87,6519,2be9ba53c0d1806a1502dff5b57ef3767bd09fabf655634cb844d9f2ac2087c0,0,full_declared_day,153f2686a97e34b41099eda91952d787a1cd6c17a5aa81869ab7d08d479584be,153f2686a97e34b41099eda91952d787a1cd6c17a5aa81869ab7d08d479584be,risk_aligned_declaration_witness,0.6829999999999976,0.6829999999999972,13390.608507931893,13390.608507931893,0.0,2.984716127724107e-15,1.6653345369377348e-16,0.023662113111825,0.0,0.0,0.0,0.0,0.0,0,0.7505626728825758,0.7505626728825758,1.0000000000000004,1.0000000000000004,37,True
67,88,6520,2be9ba53c0d1806a1502dff5b57ef3767bd09fabf655634cb844d9f2ac2087c0,0,full_declared_day,153f2686a97e34b41099eda91952d787a1cd6c17a5aa81869ab7d08d479584be,153f2686a97e34b41099eda91952d787a1cd6c17a5aa81869ab7d08d479584be,risk_aligned_declaration_witness,0.6839999999999977,0.6829999999999972,13390.612199009429,13390.608507931893,0.003691077537951,0.0036910775375029,0.0002500000000001,0.1190574529983468,0.0,0.0,0.003691077537951,0.003691077537951,0.003691077537951,0,0.7505626566793738,0.7505626728825758,1.0000000000000004,1.0000000000000004,37,True
67,89,6521,2be9ba53c0d1806a1502dff5b57ef3767bd09fabf655634cb844d9f2ac2087c0,0,full_declared_day,153f2686a97e34b41099eda91952d787a1cd6c17a5aa81869ab7d08d479584be,153f2686a97e34b41099eda91952d787a1cd6c17a5aa81869ab7d08d479584be,risk_aligned_declaration_witness,0.6829999999999976,0.6839999999999972,13390.608507931893,13390.612199009429,-0.003691077537951,-0.003691077537497,4.163336342344337e-17,0.1544649688739871,0.0,0.0,-0.003691077537951,-0.003691077537951,0.0,1,0.7505626728825758,0.7505626566793738,1.0000000000000004,1.0000000000000004,37,True
67,90,6522,2be9ba53c0d1806a1502dff5b57ef3767bd09fabf655634cb844d9f2ac2087c0,0,full_declared_day,153f2686a97e34b41099eda91952d787a1cd6c17a5aa81869ab7d08d479584be,153f2686a97e34b41099eda91952d787a1cd6c17a5aa81869ab7d08d479584be,risk_aligned_declaration_witness,0.6849999999999976,0.6849999999999972,13390.615890086969,13390.615890086969,0.0,2.984716127724107e-15,1.6653345369377348e-16,0.1582810987103897,0.0,0.0,0.0,0.0,0.0,0,0.7505626404761717,0.7505626404761717,1.0000000000000002,1.0000000000000002,37,True
67,91,6523,2be9ba53c0d1806a1502dff5b57ef3767bd09fabf655634cb844d9f2ac2087c0,0,full_declared_day,153f2686a97e34b41099eda91952d787a1cd6c17a5aa81869ab7d08d479584be,153f2686a97e34b41099eda91952d787a1cd6c17a5aa81869ab7d08d479584be,risk_aligned_declaration_witness,0.6849999999999976,0.6849999999999972,13390.615890086969,13390.615890086969,0.0,2.984716127724107e-15,1.6653345369377348e-16,0.1600447281189358,0.0,0.0,0.0,0.0,0.0,0,0.7505626404761717,0.7505626404761717,1.0000000000000002,1.0000000000000002,37,True
67,92,6524,2be9ba53c0d1806a1502dff5b57ef3767bd09fabf655634cb844d9f2ac2087c0,0,full_declared_day,153f2686a97e34b41099eda91952d787a1cd6c17a5aa81869ab7d08d479584be,153f2686a97e34b41099eda91952d787a1cd6c17a5aa81869ab7d08d479584be,risk_aligned_declaration_witness,0.6849999999999976,0.6849999999999972,13390.615890086969,13390.615890086969,0.0,2.984716127724107e-15,1.6653345369377348e-16,0.1650440447953336,0.0,0.0,0.0,0.0,0.0,0,0.7505626404761717,0.7505626404761717,1.0000000000000002,1.0000000000000002,37,True
67,93,6525,2be9ba53c0d1806a1502dff5b57ef3767bd09fabf655634cb844d9f2ac2087c0,0,full_declared_day,153f2686a97e34b41099eda91952d787a1cd6c17a5aa81869ab7d08d479584be,153f2686a97e34b41099eda91952d787a1cd6c17a5aa81869ab7d08d479584be,risk_aligned_declaration_witness,0.6769999999999976,0.6769999999999972,13390.57763397374,13390.57763397374,0.0,2.984716127724107e-15,1.6653345369377348e-16,0.160557715643359,0.0,0.0,0.0,0.0,0.0,0,0.7505629490638118,0.7505629490638118,1.0000000000000002,1.0000000000000002,37,True
67,94,6526,2be9ba53c0d1806a1502dff5b57ef3767bd09fabf655634cb844d9f2ac2087c0,0,full_declared_day,153f2686a97e34b41099eda91952d787a1cd6c17a5aa81869ab7d08d479584be,153f2686a97e34b41099eda91952d787a1cd6c17a5aa81869ab7d08d479584be,risk_aligned_declaration_witness,0.6769999999999976,0.6769999999999972,13390.57763397374,13390.57763397374,0.0,2.984716127724107e-15,1.6653345369377348e-16,0.1490626944747428,0.0,0.0,0.0,0.0,0.0,0,0.7505629490638118,0.7505629490638118,1.0000000000000002,1.0000000000000002,37,True
67,95,6527,2be9ba53c0d1806a1502dff5b57ef3767bd09fabf655634cb844d9f2ac2087c0,0,full_declared_day,153f2686a97e34b41099eda91952d787a1cd6c17a5aa81869ab7d08d479584be,153f2686a97e34b41099eda91952d787a1cd6c17a5aa81869ab7d08d479584be,risk_aligned_declaration_witness,0.6769999999999976,0.6769999999999972,13390.57763397374,13390.57763397374,0.0,2.984716127724107e-15,1.6653345369377348e-16,0.1488683365909952,0.0,0.0,0.0,0.0,0.0,0,0.7505629490638118,0.7505629490638118,1.0000000000000002,1.0000000000000002,37,True
68,0,6528,2be9ba53c0d1806a1502dff5b57ef3767bd09fabf655634cb844d9f2ac2087c0,0,full_declared_day,153f2686a97e34b41099eda91952d787a1cd6c17a5aa81869ab7d08d479584be,153f2686a97e34b41099eda91952d787a1cd6c17a5aa81869ab7d08d479584be,risk_aligned_declaration_witness,0.6799999999999977,0.6799999999999972,13390.59743469928,13390.59743469928,0.0,2.984716127724107e-15,1.6653345369377348e-16,0.1433451897641623,0.0,0.0,0.0,0.0,0.0,0,0.7505627052889797,0.7505627052889797,1.0000000000000002,1.0000000000000002,37,True
68,1,6529,2be9ba53c0d1806a1502dff5b57ef3767bd09fabf655634cb844d9f2ac2087c0,0,full_declared_day,153f2686a97e34b41099eda91952d787a1cd6c17a5aa81869ab7d08d479584be,153f2686a97e34b41099eda91952d787a1cd6c17a5aa81869ab7d08d479584be,risk_aligned_declaration_witness,0.6819999999999977,0.6819999999999972,13390.604816854351,13390.604816854351,0.0,2.984716127724107e-15,1.6653345369377348e-16,0.1571128571320181,0.0,0.0,0.0,0.0,0.0,0,0.75056270528898,0.75056270528898,1.0000000000000004,1.0000000000000004,37,True
68,2,6530,2be9ba53c0d1806a1502dff5b57ef3767bd09fabf655634cb844d9f2ac2087c0,0,full_declared_day,153f2686a97e34b41099eda91952d787a1cd6c17a5aa81869ab7d08d479584be,153f2686a97e34b41099eda91952d787a1cd6c17a5aa81869ab7d08d479584be,risk_aligned_declaration_witness,0.6869999999999976,0.6869999999999972,13390.631999734966,13390.631999734966,0.0,2.984716127724107e-15,1.6653345369377348e-16,0.1210930419318359,0.0,0.0,0.0,0.0,0.0,0,0.7505624291077438,0.7505624291077438,1.0000000000000002,1.0000000000000002,37,True
68,3,6531,2be9ba53c0d1806a1502dff5b57ef3767bd09fabf655634cb844d9f2ac2087c0,0,full_declared_day,153f2686a97e34b41099eda91952d787a1cd6c17a5aa81869ab7d08d479584be,153f2686a97e34b41099eda91952d787a1cd6c17a5aa81869ab7d08d479584be,risk_aligned_declaration_witness,0.6929999999999976,0.6929999999999972,13390.655341991118,13390.655341991118,0.0,2.984716127724107e-15,1.6653345369377348e-16,0.1426078543270574,0.0,0.0,0.0,0.0,0.0,0,0.7505618767452713,0.7505618767452713,1.0,1.0,37,True
68,4,6532,2be9ba53c0d1806a1502dff5b57ef3767bd09fabf655634cb844d9f2ac2087c0,0,full_declared_day,153f2686a97e34b41099eda91952d787a1cd6c17a5aa81869ab7d08d479584be,153f2686a97e34b41099eda91952d787a1cd6c17a5aa81869ab7d08d479584be,risk_aligned_declaration_witness,0.6949999999999976,0.6949999999999972,13390.678983341117,13390.678983341117,0.0,2.984716127724107e-15,1.6653345369377348e-16,0.1592982078354892,0.0,0.0,0.0,0.0,0.0,0,0.7505618767452713,0.7505618767452713,1.0,1.0,37,True
68,5,6533,2be9ba53c0d1806a1502dff5b57ef3767bd09fabf655634cb844d9f2ac2087c0,0,full_declared_day,153f2686a97e34b41099eda91952d787a1cd6c17a5aa81869ab7d08d479584be,153f2686a97e34b41099eda91952d787a1cd6c17a5aa81869ab7d08d479584be,risk_aligned_declaration_witness,0.6949999999999976,0.6949999999999972,13390.68711293858,13390.68711293858,0.0,2.984716127724107e-15,1.6653345369377348e-16,0.161987967157035,0.0,0.0,0.0,0.0,0.0,0,0.7505619091516753,0.7505619091516753,1.0,1.0,37,True
68,6,6534,2be9ba53c0d1806a1502dff5b57ef3767bd09fabf655634cb844d9f2ac2087c0,0,full_declared_day,153f2686a97e34b41099eda91952d787a1cd6c17a5aa81869ab7d08d479584be,153f2686a97e34b41099eda91952d787a1cd6c17a5aa81869ab7d08d479584be,risk_aligned_declaration_witness,0.6989999999999976,0.6989999999999972,13390.70426883058,13390.70426883058,0.0,2.984716127724107e-15,1.6653345369377348e-16,0.1653038206775478,0.0,0.0,0.0,0.0,0.0,0,0.7505609340523471,0.7505609340523471,1.0,1.0,37,True
68,7,6535,2be9ba53c0d1806a1502dff5b57ef3767bd09fabf655634cb844d9f2ac2087c0,0,full_declared_day,153f2686a97e34b41099eda91952d787a1cd6c17a5aa81869ab7d08d479584be,153f2686a97e34b41099eda91952d787a1cd6c17a5aa81869ab7d08d479584be,risk_aligned_declaration_witness,0.6989999999999976,0.6989999999999972,13390.70426883058,13390.70426883058,0.0,2.984716127724107e-15,1.6653345369377348e-16,0.1715868254420048,0.0,0.0,0.0,0.0,0.0,0,0.7505609340523471,0.7505609340523471,1.0,1.0,37,True
68,8,6536,2be9ba53c0d1806a1502dff5b57ef3767bd09fabf655634cb844d9f2ac2087c0,0,full_declared_day,153f2686a97e34b41099eda91952d787a1cd6c17a5aa81869ab7d08d479584be,153f2686a97e34b41099eda91952d787a1cd6c17a5aa81869ab7d08d479584be,risk_aligned_declaration_witness,0.7089999999999979,0.7059999999999972,13390.75803669634,13390.746365568266,0.0116711280752497,0.0116711280750029,0.0007500000000001,0.0719860123818403,0.0,0.0,0.0116711280752497,0.0116711280752497,0.0116711280752497,0,0.750560609261505,0.7505608854427411,1.0,1.0,37,True
68,9,6537,2be9ba53c0d1806a1502dff5b57ef3767bd09fabf655634cb844d9f2ac2087c0,0,full_declared_day,153f2686a97e34b41099eda91952d787a1cd6c17a5aa81869ab7d08d479584be,153f2686a97e34b41099eda91952d787a1cd6c17a5aa81869ab7d08d479584be,risk_aligned_declaration_witness,0.7129999999999976,0.7149999999999972,13390.79025599234,13390.797638147416,-0.0073821550759021,-0.007382155074997,4.163336342344337e-17,0.1135665059563651,0.0,0.0,-0.0073821550759021,-0.0073821550759021,0.0,1,0.7505601379150431,0.7505601055086388,1.0,1.0,37,True
68,10,6538,2be9ba53c0d1806a1502dff5b57ef3767bd09fabf655634cb844d9f2ac2087c0,0,full_declared_day,153f2686a97e34b41099eda91952d787a1cd6c17a5aa81869ab7d08d479584be,153f2686a97e34b41099eda91952d787a1cd6c17a5aa81869ab7d08d479584be,risk_aligned_declaration_witness,0.7179999999999978,0.7179999999999972,13390.816243082028,13390.81684097749,-0.0005978954613965,-0.000597895462497,0.0002500000000001,0.1401689251085275,0.0,0.0,-0.0005978954613965,-0.0005978954613965,0.0,1,0.7505603492834713,0.7505601055086393,1.0000000000000004,1.0000000000000004,37,True
68,11,6539,2be9ba53c0d1806a1502dff5b57ef3767bd09fabf655634cb844d9f2ac2087c0,0,full_declared_day,153f2686a97e34b41099eda91952d787a1cd6c17a5aa81869ab7d08d479584be,153f2686a97e34b41099eda91952d787a1cd6c17a5aa81869ab7d08d479584be,risk_aligned_declaration_witness,0.7179999999999978,0.7179999999999972,13390.808113484563,13390.808113484563,0.0,2.984716127724107e-15,1.6653345369377348e-16,0.1559591412118012,0.0,0.0,0.0,0.0,0.0,0,0.7505603492834713,0.7505603492834713,1.0000000000000004,1.0000000000000004,37,True
68,12,6540,2be9ba53c0d1806a1502dff5b57ef3767bd09fabf655634cb844d9f2ac2087c0,0,full_declared_day,153f2686a97e34b41099eda91952d787a1cd6c17a5aa81869ab7d08d479584be,153f2686a97e34b41099eda91952d787a1cd6c17a5aa81869ab7d08d479584be,risk_aligned_declaration_witness,0.7209999999999976,0.7219999999999972,13390.836641703028,13390.840332780564,-0.003691077536132,-0.003691077537497,1.6653345369377348e-16,0.1447830579134251,0.0,0.0,-0.003691077536132,-0.003691077536132,0.0,1,0.7505598617338072,0.7505598617338072,1.0000000000000004,1.0000000000000004,37,True
68,13,6541,2be9ba53c0d1806a1502dff5b57ef3767bd09fabf655634cb844d9f2ac2087c0,0,full_declared_day,153f2686a97e34b41099eda91952d787a1cd6c17a5aa81869ab7d08d479584be,153f2686a97e34b41099eda91952d787a1cd6c17a5aa81869ab7d08d479584be,risk_aligned_declaration_witness,0.7229999999999976,0.7229999999999972,13390.860283053027,13390.860283053027,0.0,2.984716127724107e-15,1.6653345369377348e-16,0.1683232641152382,0.0,0.0,0.0,0.0,0.0,0,0.7505598617338073,0.7505598617338073,1.0000000000000004,1.0000000000000004,37,True
68,14,6542,2be9ba53c0d1806a1502dff5b57ef3767bd09fabf655634cb844d9f2ac2087c0,0,full_declared_day,153f2686a97e34b41099eda91952d787a1cd6c17a5aa81869ab7d08d479584be,153f2686a97e34b41099eda91952d787a1cd6c17a5aa81869ab7d08d479584be,risk_aligned_declaration_witness,0.7269999999999979,0.7269999999999972,13390.87564525864,13390.87564525864,0.0,2.984716127724107e-15,1.6653345369377348e-16,0.1696193607333309,0.0,0.0,0.0,0.0,0.0,0,0.7505596017557732,0.7505596017557732,1.0000000000000002,1.0000000000000002,37,True
68,15,6543,2be9ba53c0d1806a1502dff5b57ef3767bd09fabf655634cb844d9f2ac2087c0,0,full_declared_day,153f2686a97e34b41099eda91952d787a1cd6c17a5aa81869ab7d08d479584be,153f2686a97e34b41099eda91952d787a1cd6c17a5aa81869ab7d08d479584be,risk_aligned_declaration_witness,0.7369999999999979,0.7369999999999972,13390.938140617329,13390.938140617329,0.0,2.984716127724107e-15,1.6653345369377348e-16,0.1699854594874295,0.0,0.0,0.0,0.0,0.0,0,0.7505590817997049,0.7505590817997049,1.0000000000000002,1.0000000000000002,37,True
68,16,6544,2be9ba53c0d1806a1502dff5b57ef3767bd09fabf655634cb844d9f2ac2087c0,0,full_declared_day,153f2686a97e34b41099eda91952d787a1cd6c17a5aa81869ab7d08d479584be,153f2686a97e34b41099eda91952d787a1cd6c17a5aa81869ab7d08d479584be,risk_aligned_declaration_witness,0.7389999999999977,0.7389999999999972,13390.937991070405,13390.937991070405,0.0,2.984716127724107e-15,1.6653345369377348e-16,0.1831730493518449,0.0,0.0,0.0,0.0,0.0,0,0.7505588218216706,0.7505588218216706,1.0,1.0,37,True
68,17,6545,2be9ba53c0d1806a1502dff5b57ef3767bd09fabf655634cb844d9f2ac2087c0,0,full_declared_day,153f2686a97e34b41099eda91952d787a1cd6c17a5aa81869ab7d08d479584be,153f2686a97e34b41099eda91952d787a1cd6c17a5aa81869ab7d08d479584be,risk_aligned_declaration_witness,0.7669999999999979,0.7669999999999972,13391.094304094468,13391.094304094468,0.0,2.984716127724107e-15,1.6653345369377348e-16,0.1670596122945947,0.0,0.0,0.0,0.0,0.0,0,0.7505569695690281,0.7505569695690281,1.0,1.0,37,True
68,18,6546,2be9ba53c0d1806a1502dff5b57ef3767bd09fabf655634cb844d9f2ac2087c0,0,full_declared_day,153f2686a97e34b41099eda91952d787a1cd6c17a5aa81869ab7d08d479584be,153f2686a97e34b41099eda91952d787a1cd6c17a5aa81869ab7d08d479584be,risk_aligned_declaration_witness,0.7689999999999977,0.7659999999999972,13391.10347993593,13391.09061301693,0.0128669189998618,0.0128669190000029,0.0007500000000001,0.0,0.0,0.0,0.0128669189998618,0.0128669189998618,0.0128669189998618,0,0.750556254447734,0.7505569857722301,1.0,1.0,37,True
68,19,6547,2be9ba53c0d1806a1502dff5b57ef3767bd09fabf655634cb844d9f2ac2087c0,0,full_declared_day,153f2686a97e34b41099eda91952d787a1cd6c17a5aa81869ab7d08d479584be,153f2686a97e34b41099eda91952d787a1cd6c17a5aa81869ab7d08d479584be,risk_aligned_declaration_witness,0.7529999999999977,0.7509999999999972,13390.993253528704,13390.984675582704,0.0085779460005142,0.0085779460000029,0.0005000000000001,0.0612870910182406,0.0,0.0,0.0085779460005142,0.0085779460005142,0.0085779460005142,0,0.7505572943598706,0.7505577819095347,1.0000000000000002,1.0000000000000002,37,True
68,20,6548,2be9ba53c0d1806a1502dff5b57ef3767bd09fabf655634cb844d9f2ac2087c0,0,full_declared_day,153f2686a97e34b41099eda91952d787a1cd6c17a5aa81869ab7d08d479584be,153f2686a97e34b41099eda91952d787a1cd6c17a5aa81869ab7d08d479584be,risk_aligned_declaration_witness,0.7569999999999977,0.7569999999999972,13391.02427703378,13391.02427703378,0.0,2.984716127724107e-15,1.6653345369377348e-16,0.1191452306038489,0.0,0.0,0.0,0.0,0.0,0,0.7505572619534662,0.7505572619534662,1.0,1.0,37,True
68,21,6549,2be9ba53c0d1806a1502dff5b57ef3767bd09fabf655634cb844d9f2ac2087c0,0,full_declared_day,153f2686a97e34b41099eda91952d787a1cd6c17a5aa81869ab7d08d479584be,153f2686a97e34b41099eda91952d787a1cd6c17a5aa81869ab7d08d479584be,risk_aligned_declaration_witness,0.7589999999999977,0.7609999999999972,13391.047918383778,13391.056496329778,-0.0085779460005142,-0.008577945999997,1.52655665885959e-16,0.1292107029638683,0.0,0.0,-0.0085779460005142,-0.0085779460005142,0.0,1,0.7505572619534662,0.7505567744038021,1.0,1.0,37,True
68,22,6550,2be9ba53c0d1806a1502dff5b57ef3767bd09fabf655634cb844d9f2ac2087c0,0,full_declared_day,153f2686a97e34b41099eda91952d787a1cd6c17a5aa81869ab7d08d479584be,153f2686a97e34b41099eda91952d787a1cd6c17a5aa81869ab7d08d479584be,risk_aligned_declaration_witness,0.7559999999999978,0.7589999999999972,13391.01998806078,13391.032854979778,-0.0128669189980428,-0.012866918999997,1.52655665885959e-16,0.16325864031591,0.0,0.0,-0.0128669189980428,-0.0128669189980428,0.0,1,0.7505575057282983,0.7505567744038021,1.0,1.0,37,True
68,23,6551,2be9ba53c0d1806a1502dff5b57ef3767bd09fabf655634cb844d9f2ac2087c0,0,full_declared_day,153f2686a97e34b41099eda91952d787a1cd6c17a5aa81869ab7d08d479584be,153f2686a97e34b41099eda91952d787a1cd6c17a5aa81869ab7d08d479584be,risk_aligned_declaration_witness,0.7519999999999978,0.7519999999999972,13390.996496257703,13390.996496257703,0.0,2.984716127724107e-15,1.6653345369377348e-16,0.1611377500127979,0.0,0.0,0.0,0.0,0.0,0,0.7505577819095347,0.7505577819095347,1.0000000000000002,1.0000000000000002,37,True
68,24,6552,2be9ba53c0d1806a1502dff5b57ef3767bd09fabf655634cb844d9f2ac2087c0,0,full_declared_day,153f2686a97e34b41099eda91952d787a1cd6c17a5aa81869ab7d08d479584be,153f2686a97e34b41099eda91952d787a1cd6c17a5aa81869ab7d08d479584be,risk_aligned_declaration_witness,0.7519999999999978,0.7519999999999972,13390.996496257703,13390.996496257703,0.0,2.984716127724107e-15,1.6653345369377348e-16,0.0336510720347402,0.0,0.0,0.0,0.0,0.0,0,0.7505577819095347,0.7505577819095347,1.0000000000000002,1.0000000000000002,37,True
68,25,6553,2be9ba53c0d1806a1502dff5b57ef3767bd09fabf655634cb844d9f2ac2087c0,0,full_declared_day,153f2686a97e34b41099eda91952d787a1cd6c17a5aa81869ab7d08d479584be,153f2686a97e34b41099eda91952d787a1cd6c17a5aa81869ab7d08d479584be,risk_aligned_declaration_witness,0.8979999999999979,0.8979999999999974,13391.858908711867,13391.858908711867,0.0,2.984716127724107e-15,1.6653345369377348e-16,0.1797840570408762,0.0,0.0,0.0,0.0,0.0,0,0.750547935150644,0.750547935150644,1.0,1.0,37,True
68,26,6554,2be9ba53c0d1806a1502dff5b57ef3767bd09fabf655634cb844d9f2ac2087c0,0,full_declared_day,153f2686a97e34b41099eda91952d787a1cd6c17a5aa81869ab7d08d479584be,153f2686a97e34b41099eda91952d787a1cd6c17a5aa81869ab7d08d479584be,risk_aligned_declaration_witness,0.922999999999998,0.9229999999999974,13392.00295271239,13392.00295271239,0.0,2.984716127724107e-15,1.6653345369377348e-16,0.138789602763682,0.0,0.0,0.0,0.0,0.0,0,0.7505466028540699,0.7505466028540699,1.0000000000000004,1.0000000000000004,37,True
68,27,6555,2be9ba53c0d1806a1502dff5b57ef3767bd09fabf655634cb844d9f2ac2087c0,0,full_declared_day,153f2686a97e34b41099eda91952d787a1cd6c17a5aa81869ab7d08d479584be,153f2686a97e34b41099eda91952d787a1cd6c17a5aa81869ab7d08d479584be,risk_aligned_declaration_witness,0.7859999999999978,0.7859999999999973,13391.208669927766,13391.208669927766,0.0,2.984716127724107e-15,1.6653345369377348e-16,0.144109108475124,0.0,0.0,0.0,0.0,0.0,0,0.7505554421072281,0.7505554421072281,1.0000000000000004,1.0000000000000004,37,True
68,28,6556,2be9ba53c0d1806a1502dff5b57ef3767bd09fabf655634cb844d9f2ac2087c0,0,full_declared_day,153f2686a97e34b41099eda91952d787a1cd6c17a5aa81869ab7d08d479584be,153f2686a97e34b41099eda91952d787a1cd6c17a5aa81869ab7d08d479584be,risk_aligned_declaration_witness,0.7929999999999979,0.7929999999999973,13391.243832858916,13391.243832858916,0.0,2.984716127724107e-15,1.6653345369377348e-16,0.0809827030928743,0.0,0.0,0.0,0.0,0.0,0,0.7505549221511602,0.7505549221511602,1.0000000000000002,1.0000000000000002,37,True
68,29,6557,2be9ba53c0d1806a1502dff5b57ef3767bd09fabf655634cb844d9f2ac2087c0,0,full_declared_day,153f2686a97e34b41099eda91952d787a1cd6c17a5aa81869ab7d08d479584be,153f2686a97e34b41099eda91952d787a1cd6c17a5aa81869ab7d08d479584be,risk_aligned_declaration_witness,0.943999999999998,0.8359999999999973,13392.131634507305,13391.440332624605,0.6913018826999178,0.6913018827000036,0.0270000000000001,0.1050823550576973,0.0,0.0,0.6913018826999178,0.6913018826999178,0.6913018826999178,0,0.7505455305355296,0.7505461138508022,1.0000000000000004,1.0000000000000002,37,True
68,30,6558,2be9ba53c0d1806a1502dff5b57ef3767bd09fabf655634cb844d9f2ac2087c0,0,full_declared_day,153f2686a97e34b41099eda91952d787a1cd6c17a5aa81869ab7d08d479584be,153f2686a97e34b41099eda91952d787a1cd6c17a5aa81869ab7d08d479584be,risk_aligned_declaration_witness,0.9449999999999978,0.9449999999999974,13392.13532558484,13392.13532558484,0.0,2.984716127724107e-15,1.6653345369377348e-16,0.2145629511470864,0.0,0.0,0.0,0.0,0.0,0,0.7505455143323276,0.7505455143323276,1.0000000000000004,1.0000000000000004,37,True
68,31,6559,2be9ba53c0d1806a1502dff5b57ef3767bd09fabf655634cb844d9f2ac2087c0,0,full_declared_day,153f2686a97e34b41099eda91952d787a1cd6c17a5aa81869ab7d08d479584be,153f2686a97e34b41099eda91952d787a1cd6c17a5aa81869ab7d08d479584be,risk_aligned_declaration_witness,0.8049999999999977,0.9129999999999974,13391.31430826814,13392.005610150842,-0.6913018827017368,-0.6913018826999976,1.3877787807814457e-17,0.1585848078975502,0.0,0.0,-0.6913018827017368,-0.6913018827017368,0.0,1,0.7505541422170577,0.7505535589017852,1.0000000000000002,1.0000000000000004,37,True
68,32,6560,2be9ba53c0d1806a1502dff5b57ef3767bd09fabf655634cb844d9f2ac2087c0,0,full_declared_day,153f2686a97e34b41099eda91952d787a1cd6c17a5aa81869ab7d08d479584be,153f2686a97e34b41099eda91952d787a1cd6c17a5aa81869ab7d08d479584be,risk_aligned_declaration_witness,0.7959999999999978,0.7959999999999973,13391.263035688991,13391.263035688991,0.0,2.984716127724107e-15,1.6653345369377348e-16,0.1373186289352082,0.0,0.0,0.0,0.0,0.0,0,0.7505549059479579,0.7505549059479579,1.0000000000000002,1.0000000000000002,37,True
68,33,6561,2be9ba53c0d1806a1502dff5b57ef3767bd09fabf655634cb844d9f2ac2087c0,0,full_declared_day,153f2686a97e34b41099eda91952d787a1cd6c17a5aa81869ab7d08d479584be,153f2686a97e34b41099eda91952d787a1cd6c17a5aa81869ab7d08d479584be,risk_aligned_declaration_witness,0.7779999999999978,0.7779999999999972,13391.152360933227,13391.152360933227,0.0,2.984716127724107e-15,1.6653345369377348e-16,0.1631919854583448,0.0,0.0,0.0,0.0,0.0,0,0.7505564334097583,0.7505564334097583,1.0000000000000002,1.0000000000000002,37,True
68,34,6562,2be9ba53c0d1806a1502dff5b57ef3767bd09fabf655634cb844d9f2ac2087c0,0,full_declared_day,153f2686a97e34b41099eda91952d787a1cd6c17a5aa81869ab7d08d479584be,153f2686a97e34b41099eda91952d787a1cd6c17a5aa81869ab7d08d479584be,risk_aligned_declaration_witness,0.7569999999999977,0.7569999999999972,13391.014951645391,13391.014951645391,0.0,2.984716127724107e-15,1.6653345369377348e-16,0.1460121144078536,0.0,0.0,0.0,0.0,0.0,0,0.7505577170967263,0.7505577170967263,1.0,1.0,37,True
68,35,6563,2be9ba53c0d1806a1502dff5b57ef3767bd09fabf655634cb844d9f2ac2087c0,0,full_declared_day,153f2686a97e34b41099eda91952d787a1cd6c17a5aa81869ab7d08d479584be,153f2686a97e34b41099eda91952d787a1cd6c17a5aa81869ab7d08d479584be,risk_aligned_declaration_witness,0.7439999999999978,0.7439999999999972,13390.940785158627,13390.940785158627,0.0,2.984716127724107e-15,1.6653345369377348e-16,0.1715827920514991,0.0,0.0,0.0,0.0,0.0,0,0.7505585132340309,0.7505585132340309,1.0000000000000002,1.0000000000000002,37,True
68,36,6564,2be9ba53c0d1806a1502dff5b57ef3767bd09fabf655634cb844d9f2ac2087c0,0,full_declared_day,153f2686a97e34b41099eda91952d787a1cd6c17a5aa81869ab7d08d479584be,153f2686a97e34b41099eda91952d787a1cd6c17a5aa81869ab7d08d479584be,risk_aligned_declaration_witness,0.7179999999999978,0.7179999999999972,13390.784920483104,13390.784920483104,0.0,2.984716127724107e-15,1.6653345369377348e-16,0.1553037273443763,0.0,0.0,0.0,0.0,0.0,0,0.7505598617338072,0.7505598617338072,1.0000000000000004,1.0000000000000004,37,True
68,37,6565,2be9ba53c0d1806a1502dff5b57ef3767bd09fabf655634cb844d9f2ac2087c0,0,full_declared_day,153f2686a97e34b41099eda91952d787a1cd6c17a5aa81869ab7d08d479584be,153f2686a97e34b41099eda91952d787a1cd6c17a5aa81869ab7d08d479584be,risk_aligned_declaration_witness,0.7789999999999977,0.7789999999999973,13391.164181608228,13391.164181608228,0.0,2.984716127724107e-15,1.6653345369377348e-16,0.1568834421803539,0.0,0.0,0.0,0.0,0.0,0,0.7505564334097584,0.7505564334097584,1.0000000000000002,1.0000000000000002,37,True
68,38,6566,2be9ba53c0d1806a1502dff5b57ef3767bd09fabf655634cb844d9f2ac2087c0,0,full_declared_day,153f2686a97e34b41099eda91952d787a1cd6c17a5aa81869ab7d08d479584be,153f2686a97e34b41099eda91952d787a1cd6c17a5aa81869ab7d08d479584be,risk_aligned_declaration_witness,0.7789999999999979,0.7769999999999972,13391.156052010769,13391.148669855693,0.0073821550759021,0.0073821550750029,0.0005000000000001,0.016323345097481,0.0,0.0,0.0073821550759021,0.0073821550759021,0.0073821550759021,0,0.7505564496129604,0.7505564496129604,1.0000000000000002,1.0000000000000004,37,True
68,39,6567,2be9ba53c0d1806a1502dff5b57ef3767bd09fabf655634cb844d9f2ac2087c0,0,full_declared_day,153f2686a97e34b41099eda91952d787a1cd6c17a5aa81869ab7d08d479584be,153f2686a97e34b41099eda91952d787a1cd6c17a5aa81869ab7d08d479584be,risk_aligned_declaration_witness,0.7129999999999979,0.7109999999999972,13390.764671409028,13390.757289253952,0.0073821550759021,0.0073821550750029,0.0005000000000001,0.0471896660342688,0.0,0.0,0.0073821550759021,0.0073821550759021,0.0073821550759021,0,0.7505606092615056,0.7505606092615056,1.0000000000000004,1.0000000000000004,37,True
68,40,6568,2be9ba53c0d1806a1502dff5b57ef3767bd09fabf655634cb844d9f2ac2087c0,0,full_declared_day,153f2686a97e34b41099eda91952d787a1cd6c17a5aa81869ab7d08d479584be,153f2686a97e34b41099eda91952d787a1cd6c17a5aa81869ab7d08d479584be,risk_aligned_declaration_witness,0.7049999999999979,0.7069999999999972,13390.71768780288,13390.725069957953,-0.0073821550740831,-0.007382155074997,1.6653345369377348e-16,0.1162749910275101,0.0,0.0,-0.0073821550740831,-0.0073821550740831,0.0,1,0.7505611292175731,0.7505611292175731,1.0,1.0,37,True
68,41,6569,2be9ba53c0d1806a1502dff5b57ef3767bd09fabf655634cb844d9f2ac2087c0,0,full_declared_day,153f2686a97e34b41099eda91952d787a1cd6c17a5aa81869ab7d08d479584be,153f2686a97e34b41099eda91952d787a1cd6c17a5aa81869ab7d08d479584be,risk_aligned_declaration_witness,0.6979999999999977,0.6999999999999972,13390.69005657373,13390.697438728805,-0.0073821550722641,-0.007382155074997,1.6653345369377348e-16,0.138671661903321,0.0,0.0,-0.0073821550722641,-0.0073821550722641,0.0,1,0.7505618767452713,0.7505618767452713,1.0,1.0,37,True
68,42,6570,2be9ba53c0d1806a1502dff5b57ef3767bd09fabf655634cb844d9f2ac2087c0,0,full_declared_day,153f2686a97e34b41099eda91952d787a1cd6c17a5aa81869ab7d08d479584be,153f2686a97e34b41099eda91952d787a1cd6c17a5aa81869ab7d08d479584be,risk_aligned_declaration_witness,0.6909999999999976,0.6909999999999972,13390.64736194058,13390.64736194058,0.0,2.984716127724107e-15,1.6653345369377348e-16,0.1461264709552376,0.0,0.0,0.0,0.0,0.0,0,0.7505621529265073,0.7505621529265073,1.0,1.0,37,True
68,43,6571,2be9ba53c0d1806a1502dff5b57ef3767bd09fabf655634cb844d9f2ac2087c0,0,full_declared_day,153f2686a97e34b41099eda91952d787a1cd6c17a5aa81869ab7d08d479584be,153f2686a97e34b41099eda91952d787a1cd6c17a5aa81869ab7d08d479584be,risk_aligned_declaration_witness,0.6829999999999978,0.6829999999999972,13390.584717034966,13390.584717034966,0.0,2.984716127724107e-15,1.6653345369377348e-16,0.1314744428257163,0.0,0.0,0.0,0.0,0.0,0,0.7505624129045418,0.7505624129045418,1.0000000000000004,1.0000000000000004,37,True
68,44,6572,2be9ba53c0d1806a1502dff5b57ef3767bd09fabf655634cb844d9f2ac2087c0,0,full_declared_day,153f2686a97e34b41099eda91952d787a1cd6c17a5aa81869ab7d08d479584be,153f2686a97e34b41099eda91952d787a1cd6c17a5aa81869ab7d08d479584be,risk_aligned_declaration_witness,0.6859999999999977,0.6859999999999972,13390.604517760505,13390.604517760505,0.0,2.984716127724107e-15,1.6653345369377348e-16,0.0134225927476328,0.0,0.0,0.0,0.0,0.0,0,0.7505621691297094,0.7505621691297094,1.0,1.0,37,True
68,45,6573,2be9ba53c0d1806a1502dff5b57ef3767bd09fabf655634cb844d9f2ac2087c0,0,full_declared_day,153f2686a97e34b41099eda91952d787a1cd6c17a5aa81869ab7d08d479584be,153f2686a97e34b41099eda91952d787a1cd6c17a5aa81869ab7d08d479584be,risk_aligned_declaration_witness,0.6899999999999977,0.6889999999999972,13390.62860745904,13390.624318486043,0.0042889729975286,0.0042889730000029,0.0002500000000001,0.0186471829650286,0.0,0.0,0.0042889729975286,0.0042889729975286,0.0042889729975286,0,0.7505616653768433,0.7505619091516753,1.0,1.0,37,True
68,46,6574,2be9ba53c0d1806a1502dff5b57ef3767bd09fabf655634cb844d9f2ac2087c0,0,full_declared_day,153f2686a97e34b41099eda91952d787a1cd6c17a5aa81869ab7d08d479584be,153f2686a97e34b41099eda91952d787a1cd6c17a5aa81869ab7d08d479584be,risk_aligned_declaration_witness,0.6859999999999977,0.6849999999999972,13390.605115655964,13390.600826682965,0.0042889729993476,0.0042889730000029,0.0002500000000001,0.0172471214800243,0.0,0.0,0.0042889729993476,0.0042889729993476,0.0042889729993476,0,0.7505619253548778,0.7505621691297099,1.0000000000000004,1.0000000000000004,37,True
68,47,6575,2be9ba53c0d1806a1502dff5b57ef3767bd09fabf655634cb844d9f2ac2087c0,0,full_declared_day,153f2686a97e34b41099eda91952d787a1cd6c17a5aa81869ab7d08d479584be,153f2686a97e34b41099eda91952d787a1cd6c17a5aa81869ab7d08d479584be,risk_aligned_declaration_witness,0.7279999999999978,0.7139999999999972,13390.855545439254,13390.795499817254,0.0600456219999614,0.060045622000003,0.0035000000000001,0.1295071481646878,0.0,0.0,0.0600456219999614,0.0600456219999614,0.0600456219999614,0,0.7505593093713351,0.7505627222189837,1.0000000000000002,1.0000000000000002,37,True
68,48,6576,2be9ba53c0d1806a1502dff5b57ef3767bd09fabf655634cb844d9f2ac2087c0,0,full_declared_day,153f2686a97e34b41099eda91952d787a1cd6c17a5aa81869ab7d08d479584be,153f2686a97e34b41099eda91952d787a1cd6c17a5aa81869ab7d08d479584be,risk_aligned_declaration_witness,0.7489999999999977,0.7499999999999972,13390.96796803924,13390.97225701224,-0.0042889730011665,-0.004288972999997,1.52655665885959e-16,0.138560111175777,0.0,0.0,-0.0042889730011665,-0.0042889730011665,0.0,1,0.7505582370527948,0.7505579932779626,1.0000000000000002,1.0000000000000002,37,True
68,49,6577,2be9ba53c0d1806a1502dff5b57ef3767bd09fabf655634cb844d9f2ac2087c0,0,full_declared_day,153f2686a97e34b41099eda91952d787a1cd6c17a5aa81869ab7d08d479584be,153f2686a97e34b41099eda91952d787a1cd6c17a5aa81869ab7d08d479584be,risk_aligned_declaration_witness,0.6929999999999978,0.7079999999999972,13390.639082796191,13390.703417391189,-0.06433459499749,-0.064334594999997,1.52655665885959e-16,0.1471223997505264,0.0,0.0,-0.06433459499749,-0.06433459499749,0.0,1,0.7505618605420693,0.7505582039195885,1.0,1.0,37,True
68,50,6578,2be9ba53c0d1806a1502dff5b57ef3767bd09fabf655634cb844d9f2ac2087c0,0,full_declared_day,153f2686a97e34b41099eda91952d787a1cd6c17a5aa81869ab7d08d479584be,153f2686a97e34b41099eda91952d787a1cd6c17a5aa81869ab7d08d479584be,risk_aligned_declaration_witness,0.6669999999999977,0.6669999999999972,13390.490749822666,13390.490749822666,0.0,2.984716127724107e-15,1.6653345369377348e-16,0.0013371360490364,0.0,0.0,0.0,0.0,0.0,0,0.7505634366134759,0.7505634366134759,1.0000000000000002,1.0000000000000002,37,True
68,51,6579,2be9ba53c0d1806a1502dff5b57ef3767bd09fabf655634cb844d9f2ac2087c0,0,full_declared_day,153f2686a97e34b41099eda91952d787a1cd6c17a5aa81869ab7d08d479584be,153f2686a97e34b41099eda91952d787a1cd6c17a5aa81869ab7d08d479584be,risk_aligned_declaration_witness,0.6889999999999978,0.6799999999999972,13390.623122695117,13390.58990299728,0.0332196978379215,0.033219697837503,0.0022500000000001,0.0472601893591625,0.0,0.0,0.0332196978379215,0.0332196978379215,0.0332196978379215,0,0.7505623804981375,0.7505624453109458,1.0,1.0000000000000002,37,True
68,52,6580,2be9ba53c0d1806a1502dff5b57ef3767bd09fabf655634cb844d9f2ac2087c0,0,full_declared_day,153f2686a97e34b41099eda91952d787a1cd6c17a5aa81869ab7d08d479584be,153f2686a97e34b41099eda91952d787a1cd6c17a5aa81869ab7d08d479584be,risk_aligned_declaration_witness,0.6739999999999977,0.6739999999999972,13390.517185260893,13390.517185260893,0.0,2.984716127724107e-15,1.6653345369377348e-16,0.1232440641613854,0.0,0.0,0.0,0.0,0.0,0,0.7505631604322399,0.7505631604322399,1.0000000000000004,1.0000000000000004,37,True
68,53,6581,2be9ba53c0d1806a1502dff5b57ef3767bd09fabf655634cb844d9f2ac2087c0,0,full_declared_day,153f2686a97e34b41099eda91952d787a1cd6c17a5aa81869ab7d08d479584be,153f2686a97e34b41099eda91952d787a1cd6c17a5aa81869ab7d08d479584be,risk_aligned_declaration_witness,0.6579999999999977,0.6669999999999972,13390.439477243515,13390.472696941357,-0.0332196978379215,-0.033219697837497,4.163336342344337e-17,0.1096147720258282,0.0,0.0,-0.0332196978379215,-0.0332196978379215,0.0,1,0.7505641841411741,0.7505641193283661,1.0000000000000002,1.0000000000000004,37,True
68,54,6582,2be9ba53c0d1806a1502dff5b57ef3767bd09fabf655634cb844d9f2ac2087c0,0,full_declared_day,153f2686a97e34b41099eda91952d787a1cd6c17a5aa81869ab7d08d479584be,153f2686a97e34b41099eda91952d787a1cd6c17a5aa81869ab7d08d479584be,risk_aligned_declaration_witness,0.6149999999999977,0.6149999999999971,13390.193485980151,13390.193485980151,0.0,2.984716127724107e-15,1.6653345369377348e-16,0.069582796135607,0.0,0.0,0.0,0.0,0.0,0,0.750566816327919,0.750566816327919,1.0000000000000004,1.0000000000000004,37,True
68,55,6583,2be9ba53c0d1806a1502dff5b57ef3767bd09fabf655634cb844d9f2ac2087c0,0,full_declared_day,153f2686a97e34b41099eda91952d787a1cd6c17a5aa81869ab7d08d479584be,153f2686a97e34b41099eda91952d787a1cd6c17a5aa81869ab7d08d479584be,risk_aligned_declaration_witness,0.6089999999999977,0.6069999999999971,13390.154482424545,13390.14590447854,0.0085779460023331,0.0085779460000029,0.0005000000000001,0.0,0.0,0.0,0.0085779460023331,0.0085779460023331,0.0085779460023331,0,0.7505671087123569,0.750567596262021,1.0000000000000002,1.0000000000000002,37,True
68,56,6584,2be9ba53c0d1806a1502dff5b57ef3767bd09fabf655634cb844d9f2ac2087c0,0,full_declared_day,153f2686a97e34b41099eda91952d787a1cd6c17a5aa81869ab7d08d479584be,153f2686a97e34b41099eda91952d787a1cd6c17a5aa81869ab7d08d479584be,risk_aligned_declaration_witness,0.5909999999999976,0.5909999999999971,13390.045003459703,13390.045003459703,0.0,2.984716127724107e-15,1.6653345369377348e-16,0.0,0.0,0.0,0.0,0.0,0.0,0,0.7505681486244933,0.7505681486244933,1.0000000000000002,1.0000000000000002,37,True
68,57,6585,2be9ba53c0d1806a1502dff5b57ef3767bd09fabf655634cb844d9f2ac2087c0,0,full_declared_day,153f2686a97e34b41099eda91952d787a1cd6c17a5aa81869ab7d08d479584be,153f2686a97e34b41099eda91952d787a1cd6c17a5aa81869ab7d08d479584be,risk_aligned_declaration_witness,0.5869999999999976,0.5889999999999971,13390.035977165166,13390.044555111166,-0.0085779460005142,-0.008577945999997,1.52655665885959e-16,0.0500836680455417,0.0,0.0,-0.0085779460005142,-0.0085779460005142,0.0,1,0.7505691561302253,0.7505686685805613,1.0000000000000002,1.0000000000000002,37,True
68,58,6586,2be9ba53c0d1806a1502dff5b57ef3767bd09fabf655634cb844d9f2ac2087c0,0,full_declared_day,153f2686a97e34b41099eda91952d787a1cd6c17a5aa81869ab7d08d479584be,153f2686a97e34b41099eda91952d787a1cd6c17a5aa81869ab7d08d479584be,risk_aligned_declaration_witness,0.5889999999999976,0.5849999999999971,13390.035229722778,13390.020465412628,0.0147643101499852,0.0147643101500029,0.0010000000000001,0.0204191861823075,0.0,0.0,0.0147643101499852,0.0147643101499852,0.0147643101499852,0,0.7505690913174173,0.7505691561302255,1.0000000000000002,1.0000000000000004,37,True
68,59,6587,2be9ba53c0d1806a1502dff5b57ef3767bd09fabf655634cb844d9f2ac2087c0,0,full_declared_day,153f2686a97e34b41099eda91952d787a1cd6c17a5aa81869ab7d08d479584be,153f2686a97e34b41099eda91952d787a1cd6c17a5aa81869ab7d08d479584be,risk_aligned_declaration_witness,0.5809999999999976,0.5769999999999971,13389.981312310092,13389.966547999942,0.0147643101499852,0.0147643101500029,0.0010000000000001,0.0,0.0,0.0,0.0147643101499852,0.0147643101499852,0.0147643101499852,0,0.7505691237238213,0.7505691885366291,1.0000000000000004,1.0,37,True
68,60,6588,2be9ba53c0d1806a1502dff5b57ef3767bd09fabf655634cb844d9f2ac2087c0,0,full_declared_day,153f2686a97e34b41099eda91952d787a1cd6c17a5aa81869ab7d08d479584be,153f2686a97e34b41099eda91952d787a1cd6c17a5aa81869ab7d08d479584be,risk_aligned_declaration_witness,0.5779999999999976,0.5819999999999971,13389.970239077478,13389.985003387628,-0.0147643101499852,-0.014764310149997,4.163336342344337e-17,0.0513826132793022,0.0,0.0,-0.0147643101499852,-0.0147643101499852,0.0,1,0.7505691723334271,0.7505691075206194,1.0,1.0000000000000004,37,True
68,61,6589,2be9ba53c0d1806a1502dff5b57ef3767bd09fabf655634cb844d9f2ac2087c0,0,full_declared_day,153f2686a97e34b41099eda91952d787a1cd6c17a5aa81869ab7d08d479584be,153f2686a97e34b41099eda91952d787a1cd6c17a5aa81869ab7d08d479584be,risk_aligned_declaration_witness,0.5749999999999976,0.5789999999999971,13389.94984045648,13389.964604766628,-0.0147643101481662,-0.014764310149997,4.163336342344337e-17,0.0820452974879866,0.0,0.0,-0.0147643101481662,-0.0147643101481662,0.0,1,0.7505696598830912,0.7505695950702835,1.0,1.0000000000000004,37,True
68,62,6590,2be9ba53c0d1806a1502dff5b57ef3767bd09fabf655634cb844d9f2ac2087c0,0,full_declared_day,153f2686a97e34b41099eda91952d787a1cd6c17a5aa81869ab7d08d479584be,153f2686a97e34b41099eda91952d787a1cd6c17a5aa81869ab7d08d479584be,risk_aligned_declaration_witness,0.5739999999999976,0.5739999999999971,13389.961810678406,13389.961810678406,0.0,2.984716127724107e-15,1.6653345369377348e-16,0.0625706840362206,0.0,0.0,0.0,0.0,0.0,0,0.7505699360643272,0.7505699360643272,1.0,1.0,37,True
68,63,6591,2be9ba53c0d1806a1502dff5b57ef3767bd09fabf655634cb844d9f2ac2087c0,0,full_declared_day,153f2686a97e34b41099eda91952d787a1cd6c17a5aa81869ab7d08d479584be,153f2686a97e34b41099eda91952d787a1cd6c17a5aa81869ab7d08d479584be,risk_aligned_declaration_witness,0.5699999999999976,0.5679999999999971,13389.92146178494,13389.914079629869,0.0073821550722641,0.0073821550750029,0.0005000000000001,0.0762575433668673,0.0,0.0,0.0073821550722641,0.0073821550722641,0.0073821550722641,0,0.7505704236139914,0.7505704236139914,1.0,1.0,37,True
68,64,6592,2be9ba53c0d1806a1502dff5b57ef3767bd09fabf655634cb844d9f2ac2087c0,1,full_declared_day,153f2686a97e34b41099eda91952d787a1cd6c17a5aa81869ab7d08d479584be,153f2686a97e34b41099eda91952d787a1cd6c17a5aa81869ab7d08d479584be,risk_aligned_declaration_witness,0.5739999999999976,0.5659999999999971,13389.937421886018,13389.890438279865,0.0469836061529349,0.046983606150003,0.0020000000000001,0.0831943969018635,0.0015000000000001,0.2250000000000189,0.2719836061529539,0.2719836061529539,0.2719836061529539,0,0.7505699036579232,0.7505704236139914,1.0,1.0,37,True
68,65,6593,2be9ba53c0d1806a1502dff5b57ef3767bd09fabf655634cb844d9f2ac2087c0,1,full_declared_day,153f2686a97e34b41099eda91952d787a1cd6c17a5aa81869ab7d08d479584be,153f2686a97e34b41099eda91952d787a1cd6c17a5aa81869ab7d08d479584be,risk_aligned_declaration_witness,0.5719999999999976,0.5659999999999971,13389.930039730942,13389.890438279865,0.0396014510770328,0.039601451075003,0.0015000000000001,0.0851170837369587,0.0010000000000001,0.150000000000023,0.1896014510770558,0.1896014510770558,0.1896014510770558,0,0.7505699036579238,0.7505704236139914,1.0000000000000004,1.0,37,True
68,66,6594,2be9ba53c0d1806a1502dff5b57ef3767bd09fabf655634cb844d9f2ac2087c0,1,full_declared_day,153f2686a97e34b41099eda91952d787a1cd6c17a5aa81869ab7d08d479584be,153f2686a97e34b41099eda91952d787a1cd6c17a5aa81869ab7d08d479584be,risk_aligned_declaration_witness,0.5679999999999976,0.5659999999999971,13389.897820434942,13389.890438279865,0.0073821550777211,0.0073821550750029,0.0005000000000001,0.0865656181013879,0.0005000000000001,0.0750000000000188,0.0823821550777399,0.0823821550777399,0.0823821550777399,0,0.7505704236139914,0.7505704236139914,1.0,1.0,37,True
68,67,6595,2be9ba53c0d1806a1502dff5b57ef3767bd09fabf655634cb844d9f2ac2087c0,1,full_declared_day,153f2686a97e34b41099eda91952d787a1cd6c17a5aa81869ab7d08d479584be,153f2686a97e34b41099eda91952d787a1cd6c17a5aa81869ab7d08d479584be,risk_aligned_declaration_witness,0.5679999999999976,0.5659999999999971,13389.897820434942,13389.890438279865,0.0073821550777211,0.0073821550750029,0.0005000000000001,0.0865656181015753,0.0005000000000001,0.0750000000000188,0.0823821550777399,0.0823821550777399,0.0823821550777399,0,0.7505704236139914,0.7505704236139914,1.0,1.0,37,True
68,68,6596,2be9ba53c0d1806a1502dff5b57ef3767bd09fabf655634cb844d9f2ac2087c0,1,full_declared_day,153f2686a97e34b41099eda91952d787a1cd6c17a5aa81869ab7d08d479584be,153f2686a97e34b41099eda91952d787a1cd6c17a5aa81869ab7d08d479584be,risk_aligned_declaration_witness,0.5649999999999976,0.5629999999999971,13389.886747202328,13389.879365047254,0.0073821550740831,0.0073821550750029,0.0005000000000001,0.0834977401654842,0.0005000000000001,0.0750000000000229,0.0823821550741061,0.0823821550741061,0.0823821550741061,0,0.7505704074107894,0.7505704398171933,1.0,1.0,37,True
68,69,6597,2be9ba53c0d1806a1502dff5b57ef3767bd09fabf655634cb844d9f2ac2087c0,1,full_declared_day,153f2686a97e34b41099eda91952d787a1cd6c17a5aa81869ab7d08d479584be,153f2686a97e34b41099eda91952d787a1cd6c17a5aa81869ab7d08d479584be,risk_aligned_declaration_witness,0.5649999999999976,0.5629999999999971,13389.886747202328,13389.879365047254,0.0073821550740831,0.0073821550750029,0.0005000000000001,0.0990981179458611,0.0005000000000001,0.075000000000025,0.0823821550741081,0.0823821550741081,0.0823821550741081,0,0.7505704074107894,0.7505704398171933,1.0,1.0,37,True
68,70,6598,2be9ba53c0d1806a1502dff5b57ef3767bd09fabf655634cb844d9f2ac2087c0,1,full_declared_day,153f2686a97e34b41099eda91952d787a1cd6c17a5aa81869ab7d08d479584be,153f2686a97e34b41099eda91952d787a1cd6c17a5aa81869ab7d08d479584be,risk_aligned_declaration_witness,0.5519999999999976,0.546999999999997,13389.813178611028,13389.785397834954,0.027780776073996,0.027780776075003,0.0012500000000001,0.1214401842577332,0.0012500000000001,0.1875000000000209,0.215280776074017,0.215280776074017,0.215280776074017,0,0.7505709759764636,0.7505714797293301,1.0,1.0000000000000004,37,True
68,71,6599,2be9ba53c0d1806a1502dff5b57ef3767bd09fabf655634cb844d9f2ac2087c0,1,full_declared_day,153f2686a97e34b41099eda91952d787a1cd6c17a5aa81869ab7d08d479584be,153f2686a97e34b41099eda91952d787a1cd6c17a5aa81869ab7d08d479584be,risk_aligned_declaration_witness,0.5359999999999976,0.526999999999997,13389.71921139873,13389.66793881958,0.0512725791504635,0.051272579150003,0.0022500000000001,0.0768566576243037,0.0015000000000001,0.2250000000000189,0.2762725791504825,0.2762725791504825,0.2762725791504825,0,0.7505720158886001,0.7505727796195003,1.0000000000000002,1.0000000000000002,37,True
68,72,6600,2be9ba53c0d1806a1502dff5b57ef3767bd09fabf655634cb844d9f2ac2087c0,0,full_declared_day,153f2686a97e34b41099eda91952d787a1cd6c17a5aa81869ab7d08d479584be,153f2686a97e34b41099eda91952d787a1cd6c17a5aa81869ab7d08d479584be,risk_aligned_declaration_witness,0.5329999999999976,0.549999999999997,13389.706942375193,13389.796471067566,-0.0895286923732783,-0.0895286923749971,0.0,0.0,0.0,0.0,-0.0895286923732783,-0.0895286923732783,0.0,1,0.7505725196414662,0.7505714635261279,1.0000000000000002,1.0000000000000002,37,True
68,73,6601,2be9ba53c0d1806a1502dff5b57ef3767bd09fabf655634cb844d9f2ac2087c0,0,full_declared_day,153f2686a97e34b41099eda91952d787a1cd6c17a5aa81869ab7d08d479584be,153f2686a97e34b41099eda91952d787a1cd6c17a5aa81869ab7d08d479584be,risk_aligned_declaration_witness,0.5279999999999976,0.548999999999997,13389.679161599115,13389.792182094568,-0.1130204954497458,-0.1130204954499971,0.0,0.0,0.0,0.0,-0.1130204954497458,-0.1130204954497458,0.0,1,0.7505730233943323,0.75057170730096,1.0000000000000002,1.0000000000000002,37,True
68,74,6602,2be9ba53c0d1806a1502dff5b57ef3767bd09fabf655634cb844d9f2ac2087c0,0,full_declared_day,153f2686a97e34b41099eda91952d787a1cd6c17a5aa81869ab7d08d479584be,153f2686a97e34b41099eda91952d787a1cd6c17a5aa81869ab7d08d479584be,risk_aligned_declaration_witness,0.5219999999999976,0.521999999999997,13389.647689745503,13389.647689745503,0.0,2.984716127724107e-15,1.6653345369377348e-16,0.0,0.0,0.0,0.0,0.0,0.0,0,0.7505735433504004,0.7505735433504004,1.0000000000000002,1.0000000000000002,37,True
68,75,6603,2be9ba53c0d1806a1502dff5b57ef3767bd09fabf655634cb844d9f2ac2087c0,0,full_declared_day,153f2686a97e34b41099eda91952d787a1cd6c17a5aa81869ab7d08d479584be,153f2686a97e34b41099eda91952d787a1cd6c17a5aa81869ab7d08d479584be,risk_aligned_declaration_witness,0.5149999999999976,0.513999999999997,13389.604995112351,13389.600706139354,0.0042889729993476,0.0042889730000029,0.0002500000000001,0.0,0.0,0.0,0.0042889729993476,0.0042889729993476,0.0042889729993476,0,0.7505738195316367,0.7505740633064686,1.0000000000000004,1.0000000000000004,37,True
68,76,6604,2be9ba53c0d1806a1502dff5b57ef3767bd09fabf655634cb844d9f2ac2087c0,0,full_declared_day,153f2686a97e34b41099eda91952d787a1cd6c17a5aa81869ab7d08d479584be,153f2686a97e34b41099eda91952d787a1cd6c17a5aa81869ab7d08d479584be,risk_aligned_declaration_witness,0.5189999999999976,0.513999999999997,13389.619759422503,13389.600706139354,0.0190532831511518,0.019053283150003,0.0012500000000001,0.0,0.0,0.0,0.0190532831511518,0.0190532831511518,0.0190532831511518,0,0.7505737871252325,0.7505740633064686,1.0000000000000002,1.0000000000000004,37,True
68,77,6605,2be9ba53c0d1806a1502dff5b57ef3767bd09fabf655634cb844d9f2ac2087c0,0,full_declared_day,153f2686a97e34b41099eda91952d787a1cd6c17a5aa81869ab7d08d479584be,153f2686a97e34b41099eda91952d787a1cd6c17a5aa81869ab7d08d479584be,risk_aligned_declaration_witness,0.5189999999999976,0.514999999999997,13389.627291124503,13389.612526814357,0.0147643101481662,0.0147643101500029,0.0010000000000001,0.0,0.0,0.0,0.0147643101481662,0.0147643101481662,0.0147643101481662,0,0.7505740309000645,0.7505740633064686,1.0000000000000002,1.0000000000000004,37,True
68,78,6606,2be9ba53c0d1806a1502dff5b57ef3767bd09fabf655634cb844d9f2ac2087c0,0,full_declared_day,153f2686a97e34b41099eda91952d787a1cd6c17a5aa81869ab7d08d479584be,153f2686a97e34b41099eda91952d787a1cd6c17a5aa81869ab7d08d479584be,risk_aligned_declaration_witness,0.5119999999999976,0.515999999999997,13389.592726088817,13389.607490398968,-0.0147643101499852,-0.014764310149997,4.163336342344337e-17,0.0356623791381324,0.0,0.0,-0.0147643101499852,-0.0147643101499852,0.0,1,0.7505743232845027,0.7505742908780987,1.0000000000000004,1.0000000000000004,37,True
68,79,6607,2be9ba53c0d1806a1502dff5b57ef3767bd09fabf655634cb844d9f2ac2087c0,0,full_declared_day,153f2686a97e34b41099eda91952d787a1cd6c17a5aa81869ab7d08d479584be,153f2686a97e34b41099eda91952d787a1cd6c17a5aa81869ab7d08d479584be,risk_aligned_declaration_witness,0.4839999999999975,0.488999999999997,13389.42828346729,13389.44733675044,-0.0190532831493328,-0.019053283149997,2.775557561562892e-17,0.0661821699883707,0.0,0.0,-0.0190532831493328,-0.0190532831493328,0.0,1,0.7505761431307413,0.7505758669495047,1.0000000000000002,1.0,37,True
68,80,6608,2be9ba53c0d1806a1502dff5b57ef3767bd09fabf655634cb844d9f2ac2087c0,0,full_declared_day,153f2686a97e34b41099eda91952d787a1cd6c17a5aa81869ab7d08d479584be,153f2686a97e34b41099eda91952d787a1cd6c17a5aa81869ab7d08d479584be,risk_aligned_declaration_witness,0.4819999999999975,0.482999999999997,13389.40464211729,13389.408931090293,-0.0042889730029855,-0.004288972999997,1.52655665885959e-16,0.0770430115828244,0.0,0.0,-0.0042889730029855,-0.0042889730029855,0.0,1,0.7505761431307412,0.7505758993559091,1.0000000000000002,1.0000000000000002,37,True
68,81,6609,2be9ba53c0d1806a1502dff5b57ef3767bd09fabf655634cb844d9f2ac2087c0,0,full_declared_day,153f2686a97e34b41099eda91952d787a1cd6c17a5aa81869ab7d08d479584be,153f2686a97e34b41099eda91952d787a1cd6c17a5aa81869ab7d08d479584be,risk_aligned_declaration_witness,0.4819999999999975,0.481999999999997,13389.40464211729,13389.40464211729,0.0,2.984716127724107e-15,1.6653345369377348e-16,0.0,0.0,0.0,0.0,0.0,0.0,0,0.7505761431307412,0.7505761431307412,1.0000000000000002,1.0000000000000002,37,True
68,82,6610,2be9ba53c0d1806a1502dff5b57ef3767bd09fabf655634cb844d9f2ac2087c0,0,full_declared_day,153f2686a97e34b41099eda91952d787a1cd6c17a5aa81869ab7d08d479584be,153f2686a97e34b41099eda91952d787a1cd6c17a5aa81869ab7d08d479584be,risk_aligned_declaration_witness,0.4809999999999975,0.480999999999997,13389.39282144229,13389.39282144229,0.0,2.984716127724107e-15,1.6653345369377348e-16,0.0,0.0,0.0,0.0,0.0,0.0,0,0.7505761431307413,0.7505761431307413,1.0000000000000002,1.0000000000000002,37,True
68,83,6611,2be9ba53c0d1806a1502dff5b57ef3767bd09fabf655634cb844d9f2ac2087c0,0,full_declared_day,153f2686a97e34b41099eda91952d787a1cd6c17a5aa81869ab7d08d479584be,153f2686a97e34b41099eda91952d787a1cd6c17a5aa81869ab7d08d479584be,risk_aligned_declaration_witness,0.4609999999999975,0.4609999999999969,13389.284089919842,13389.284089919842,0.0,2.984716127724107e-15,1.6653345369377348e-16,0.0,0.0,0.0,0.0,0.0,0.0,0,0.7505772154492814,0.7505772154492814,1.0000000000000002,1.0000000000000002,37,True
68,84,6612,2be9ba53c0d1806a1502dff5b57ef3767bd09fabf655634cb844d9f2ac2087c0,0,full_declared_day,153f2686a97e34b41099eda91952d787a1cd6c17a5aa81869ab7d08d479584be,153f2686a97e34b41099eda91952d787a1cd6c17a5aa81869ab7d08d479584be,risk_aligned_declaration_witness,0.4509999999999975,0.4509999999999969,13389.22852836769,13389.22852836769,0.0,2.984716127724107e-15,1.6653345369377348e-16,0.0,0.0,0.0,0.0,0.0,0.0,0,0.7505782229550136,0.7505782229550136,1.0000000000000004,1.0000000000000004,37,True
68,85,6613,2be9ba53c0d1806a1502dff5b57ef3767bd09fabf655634cb844d9f2ac2087c0,0,full_declared_day,153f2686a97e34b41099eda91952d787a1cd6c17a5aa81869ab7d08d479584be,153f2686a97e34b41099eda91952d787a1cd6c17a5aa81869ab7d08d479584be,risk_aligned_declaration_witness,0.4489999999999975,0.4489999999999969,13389.20488701769,13389.20488701769,0.0,2.984716127724107e-15,1.6653345369377348e-16,0.0,0.0,0.0,0.0,0.0,0.0,0,0.7505782229550136,0.7505782229550136,1.0000000000000004,1.0000000000000004,37,True
68,86,6614,2be9ba53c0d1806a1502dff5b57ef3767bd09fabf655634cb844d9f2ac2087c0,0,full_declared_day,153f2686a97e34b41099eda91952d787a1cd6c17a5aa81869ab7d08d479584be,153f2686a97e34b41099eda91952d787a1cd6c17a5aa81869ab7d08d479584be,risk_aligned_declaration_witness,0.4449999999999975,0.4449999999999969,13389.19012270754,13389.19012270754,0.0,2.984716127724107e-15,1.6653345369377348e-16,0.0,0.0,0.0,0.0,0.0,0.0,0,0.7505782553614178,0.7505782553614178,1.0000000000000004,1.0000000000000004,37,True
68,87,6615,2be9ba53c0d1806a1502dff5b57ef3767bd09fabf655634cb844d9f2ac2087c0,0,full_declared_day,153f2686a97e34b41099eda91952d787a1cd6c17a5aa81869ab7d08d479584be,153f2686a97e34b41099eda91952d787a1cd6c17a5aa81869ab7d08d479584be,risk_aligned_declaration_witness,0.4409999999999975,0.4409999999999969,13389.15790341154,13389.15790341154,0.0,2.984716127724107e-15,1.6653345369377348e-16,0.0,0.0,0.0,0.0,0.0,0.0,0,0.7505787429110818,0.7505787429110818,1.0000000000000004,1.0000000000000004,37,True
68,88,6616,2be9ba53c0d1806a1502dff5b57ef3767bd09fabf655634cb844d9f2ac2087c0,0,full_declared_day,153f2686a97e34b41099eda91952d787a1cd6c17a5aa81869ab7d08d479584be,153f2686a97e34b41099eda91952d787a1cd6c17a5aa81869ab7d08d479584be,risk_aligned_declaration_witness,0.4409999999999975,0.4409999999999969,13389.15790341154,13389.15790341154,0.0,2.984716127724107e-15,1.6653345369377348e-16,0.0,0.0,0.0,0.0,0.0,0.0,0,0.7505787429110818,0.7505787429110818,1.0000000000000004,1.0000000000000004,37,True
68,89,6617,2be9ba53c0d1806a1502dff5b57ef3767bd09fabf655634cb844d9f2ac2087c0,0,full_declared_day,153f2686a97e34b41099eda91952d787a1cd6c17a5aa81869ab7d08d479584be,153f2686a97e34b41099eda91952d787a1cd6c17a5aa81869ab7d08d479584be,risk_aligned_declaration_witness,0.3929999999999974,0.3929999999999969,13388.87600177464,13388.87600177464,0.0,2.984716127724107e-15,1.6653345369377348e-16,0.0,0.0,0.0,0.0,0.0,0.0,0,0.7505818626474905,0.7505818626474905,1.0000000000000002,1.0000000000000002,37,True
68,90,6618,2be9ba53c0d1806a1502dff5b57ef3767bd09fabf655634cb844d9f2ac2087c0,0,full_declared_day,153f2686a97e34b41099eda91952d787a1cd6c17a5aa81869ab7d08d479584be,153f2686a97e34b41099eda91952d787a1cd6c17a5aa81869ab7d08d479584be,risk_aligned_declaration_witness,0.3949999999999974,0.3949999999999969,13388.89964312464,13388.89964312464,0.0,2.984716127724107e-15,1.6653345369377348e-16,0.0,0.0,0.0,0.0,0.0,0.0,0,0.7505818626474906,0.7505818626474906,1.0000000000000002,1.0000000000000002,37,True
68,91,6619,2be9ba53c0d1806a1502dff5b57ef3767bd09fabf655634cb844d9f2ac2087c0,0,full_declared_day,153f2686a97e34b41099eda91952d787a1cd6c17a5aa81869ab7d08d479584be,153f2686a97e34b41099eda91952d787a1cd6c17a5aa81869ab7d08d479584be,risk_aligned_declaration_witness,0.3949999999999974,0.3949999999999969,13388.89964312464,13388.89964312464,0.0,2.984716127724107e-15,1.6653345369377348e-16,0.0,0.0,0.0,0.0,0.0,0.0,0,0.7505818626474906,0.7505818626474906,1.0000000000000002,1.0000000000000002,37,True
68,92,6620,2be9ba53c0d1806a1502dff5b57ef3767bd09fabf655634cb844d9f2ac2087c0,0,full_declared_day,153f2686a97e34b41099eda91952d787a1cd6c17a5aa81869ab7d08d479584be,153f2686a97e34b41099eda91952d787a1cd6c17a5aa81869ab7d08d479584be,risk_aligned_declaration_witness,0.3949999999999974,0.3949999999999969,13388.89964312464,13388.89964312464,0.0,2.984716127724107e-15,1.6653345369377348e-16,0.0,0.0,0.0,0.0,0.0,0.0,0,0.7505818626474906,0.7505818626474906,1.0000000000000002,1.0000000000000002,37,True
68,93,6621,2be9ba53c0d1806a1502dff5b57ef3767bd09fabf655634cb844d9f2ac2087c0,0,full_declared_day,153f2686a97e34b41099eda91952d787a1cd6c17a5aa81869ab7d08d479584be,153f2686a97e34b41099eda91952d787a1cd6c17a5aa81869ab7d08d479584be,risk_aligned_declaration_witness,0.3739999999999974,0.3739999999999969,13388.786024733728,13388.786024733728,0.0,2.984716127724107e-15,1.6653345369377348e-16,0.0,0.0,0.0,0.0,0.0,0.0,0,0.7505834225156945,0.7505834225156945,1.0,1.0,37,True
68,94,6622,2be9ba53c0d1806a1502dff5b57ef3767bd09fabf655634cb844d9f2ac2087c0,0,full_declared_day,153f2686a97e34b41099eda91952d787a1cd6c17a5aa81869ab7d08d479584be,153f2686a97e34b41099eda91952d787a1cd6c17a5aa81869ab7d08d479584be,risk_aligned_declaration_witness,0.3709999999999974,0.3709999999999969,13388.758692306192,13388.758692306192,0.0,2.984716127724107e-15,1.6653345369377348e-16,0.0,0.0,0.0,0.0,0.0,0.0,0,0.7505834225156945,0.7505834225156945,1.0,1.0,37,True
68,95,6623,2be9ba53c0d1806a1502dff5b57ef3767bd09fabf655634cb844d9f2ac2087c0,0,full_declared_day,153f2686a97e34b41099eda91952d787a1cd6c17a5aa81869ab7d08d479584be,153f2686a97e34b41099eda91952d787a1cd6c17a5aa81869ab7d08d479584be,risk_aligned_declaration_witness,0.3719999999999974,0.3719999999999969,13388.76238338373,13388.76238338373,0.0,2.984716127724107e-15,1.6653345369377348e-16,0.0,0.0,0.0,0.0,0.0,0.0,0,0.7505834063124925,0.7505834063124925,1.0,1.0,37,True
69,0,6624,2be9ba53c0d1806a1502dff5b57ef3767bd09fabf655634cb844d9f2ac2087c0,0,full_declared_day,153f2686a97e34b41099eda91952d787a1cd6c17a5aa81869ab7d08d479584be,153f2686a97e34b41099eda91952d787a1cd6c17a5aa81869ab7d08d479584be,risk_aligned_declaration_witness,0.3729999999999974,0.3709999999999969,13388.766074461266,13388.758692306192,0.0073821550740831,0.0073821550750029,0.0005000000000001,0.0,0.0,0.0,0.0073821550740831,0.0073821550740831,0.0073821550740831,0,0.7505833901092908,0.7505834225156945,1.0000000000000002,1.0,37,True
69,1,6625,2be9ba53c0d1806a1502dff5b57ef3767bd09fabf655634cb844d9f2ac2087c0,0,full_declared_day,153f2686a97e34b41099eda91952d787a1cd6c17a5aa81869ab7d08d479584be,153f2686a97e34b41099eda91952d787a1cd6c17a5aa81869ab7d08d479584be,risk_aligned_declaration_witness,0.3729999999999974,0.3709999999999969,13388.766074461266,13388.758692306192,0.0073821550740831,0.0073821550750029,0.0005000000000001,0.0,0.0,0.0,0.0073821550740831,0.0073821550740831,0.0073821550740831,0,0.7505833901092908,0.7505834225156945,1.0000000000000002,1.0,37,True
69,2,6626,2be9ba53c0d1806a1502dff5b57ef3767bd09fabf655634cb844d9f2ac2087c0,0,full_declared_day,153f2686a97e34b41099eda91952d787a1cd6c17a5aa81869ab7d08d479584be,153f2686a97e34b41099eda91952d787a1cd6c17a5aa81869ab7d08d479584be,risk_aligned_declaration_witness,0.3719999999999974,0.3709999999999969,13388.76238338373,13388.758692306192,0.003691077537951,0.0036910775375029,0.0002500000000001,0.0,0.0,0.0,0.003691077537951,0.003691077537951,0.003691077537951,0,0.7505834063124925,0.7505834225156945,1.0,1.0,37,True
69,3,6627,2be9ba53c0d1806a1502dff5b57ef3767bd09fabf655634cb844d9f2ac2087c0,0,full_declared_day,153f2686a97e34b41099eda91952d787a1cd6c17a5aa81869ab7d08d479584be,153f2686a97e34b41099eda91952d787a1cd6c17a5aa81869ab7d08d479584be,risk_aligned_declaration_witness,0.3709999999999974,0.3729999999999969,13388.758692306192,13388.766074461266,-0.0073821550740831,-0.007382155074997,4.163336342344337e-17,0.0,0.0,0.0,-0.0073821550740831,-0.0073821550740831,0.0,1,0.7505834063124925,0.7505833739060883,1.0,1.0,37,True
69,4,6628,2be9ba53c0d1806a1502dff5b57ef3767bd09fabf655634cb844d9f2ac2087c0,0,full_declared_day,153f2686a97e34b41099eda91952d787a1cd6c17a5aa81869ab7d08d479584be,153f2686a97e34b41099eda91952d787a1cd6c17a5aa81869ab7d08d479584be,risk_aligned_declaration_witness,0.3709999999999974,0.3729999999999969,13388.758692306192,13388.766074461266,-0.0073821550740831,-0.007382155074997,4.163336342344337e-17,0.0,0.0,0.0,-0.0073821550740831,-0.0073821550740831,0.0,1,0.7505834063124925,0.7505833739060883,1.0,1.0,37,True
69,5,6629,2be9ba53c0d1806a1502dff5b57ef3767bd09fabf655634cb844d9f2ac2087c0,0,full_declared_day,153f2686a97e34b41099eda91952d787a1cd6c17a5aa81869ab7d08d479584be,153f2686a97e34b41099eda91952d787a1cd6c17a5aa81869ab7d08d479584be,risk_aligned_declaration_witness,0.5719999999999976,0.3909999999999969,13389.945701030403,13388.884878814491,1.060822215911685,1.060822215912504,0.0452500000000001,0.0,0.0,0.0,1.060822215911685,1.060822215911685,1.060822215911685,0,0.7505701798391592,0.7505818788506925,1.0,1.0000000000000002,37,True
69,6,6630,2be9ba53c0d1806a1502dff5b57ef3767bd09fabf655634cb844d9f2ac2087c0,0,full_declared_day,153f2686a97e34b41099eda91952d787a1cd6c17a5aa81869ab7d08d479584be,153f2686a97e34b41099eda91952d787a1cd6c17a5aa81869ab7d08d479584be,risk_aligned_declaration_witness,0.5679999999999976,0.5679999999999971,13389.930338824792,13389.930338824792,0.0,2.984716127724107e-15,1.6653345369377348e-16,0.0,0.0,0.0,0.0,0.0,0.0,0,0.7505704560203953,0.7505704560203953,1.0,1.0,37,True
69,7,6631,2be9ba53c0d1806a1502dff5b57ef3767bd09fabf655634cb844d9f2ac2087c0,0,full_declared_day,153f2686a97e34b41099eda91952d787a1cd6c17a5aa81869ab7d08d479584be,153f2686a97e34b41099eda91952d787a1cd6c17a5aa81869ab7d08d479584be,risk_aligned_declaration_witness,0.3959999999999974,0.5769999999999971,13388.937048382955,13389.997870598869,-1.060822215911685,-1.0608222159124978,0.0,0.0,0.0,0.0,-1.060822215911685,-1.060822215911685,0.0,1,0.7505814237074325,0.7505697246958991,1.0000000000000004,1.0,37,True
69,8,6632,2be9ba53c0d1806a1502dff5b57ef3767bd09fabf655634cb844d9f2ac2087c0,0,full_declared_day,153f2686a97e34b41099eda91952d787a1cd6c17a5aa81869ab7d08d479584be,153f2686a97e34b41099eda91952d787a1cd6c17a5aa81869ab7d08d479584be,risk_aligned_declaration_witness,0.3949999999999974,0.3949999999999969,13388.925227707954,13388.925227707954,0.0,2.984716127724107e-15,1.6653345369377348e-16,0.0,0.0,0.0,0.0,0.0,0.0,0,0.7505814237074325,0.7505814237074325,1.0000000000000004,1.0000000000000004,37,True
69,9,6633,2be9ba53c0d1806a1502dff5b57ef3767bd09fabf655634cb844d9f2ac2087c0,0,full_declared_day,153f2686a97e34b41099eda91952d787a1cd6c17a5aa81869ab7d08d479584be,153f2686a97e34b41099eda91952d787a1cd6c17a5aa81869ab7d08d479584be,risk_aligned_declaration_witness,0.3889999999999974,0.3889999999999969,13388.88562625688,13388.88562625688,0.0,2.984716127724107e-15,1.6653345369377348e-16,0.0,0.0,0.0,0.0,0.0,0.0,0,0.7505819112570966,0.7505819112570966,1.0000000000000004,1.0000000000000004,37,True
69,10,6634,2be9ba53c0d1806a1502dff5b57ef3767bd09fabf655634cb844d9f2ac2087c0,0,full_declared_day,153f2686a97e34b41099eda91952d787a1cd6c17a5aa81869ab7d08d479584be,153f2686a97e34b41099eda91952d787a1cd6c17a5aa81869ab7d08d479584be,risk_aligned_declaration_witness,0.3879999999999974,0.3889999999999969,13388.88193517934,13388.88562625688,-0.003691077537951,-0.003691077537497,4.163336342344337e-17,0.0,0.0,0.0,-0.003691077537951,-0.003691077537951,0.0,1,0.7505819274602986,0.7505819112570966,1.0000000000000002,1.0000000000000004,37,True
69,11,6635,2be9ba53c0d1806a1502dff5b57ef3767bd09fabf655634cb844d9f2ac2087c0,0,full_declared_day,153f2686a97e34b41099eda91952d787a1cd6c17a5aa81869ab7d08d479584be,153f2686a97e34b41099eda91952d787a1cd6c17a5aa81869ab7d08d479584be,risk_aligned_declaration_witness,0.3859999999999974,0.3839999999999969,13388.857098038416,13388.849715883342,0.0073821550759021,0.0073821550750029,0.0005000000000001,0.0,0.0,0.0,0.0073821550759021,0.0073821550759021,0.0073821550759021,0,0.7505823826035587,0.7505824150099627,1.0000000000000002,1.0000000000000002,37,True
69,12,6636,2be9ba53c0d1806a1502dff5b57ef3767bd09fabf655634cb844d9f2ac2087c0,0,full_declared_day,153f2686a97e34b41099eda91952d787a1cd6c17a5aa81869ab7d08d479584be,153f2686a97e34b41099eda91952d787a1cd6c17a5aa81869ab7d08d479584be,risk_aligned_declaration_witness,0.3879999999999974,0.3859999999999969,13388.865078088951,13388.85769593388,0.0073821550722641,0.0073821550750029,0.0005000000000001,0.0,0.0,0.0,0.0073821550722641,0.0073821550722641,0.0073821550722641,0,0.7505821226255246,0.7505821550319286,1.0000000000000002,1.0000000000000004,37,True
69,13,6637,2be9ba53c0d1806a1502dff5b57ef3767bd09fabf655634cb844d9f2ac2087c0,0,full_declared_day,153f2686a97e34b41099eda91952d787a1cd6c17a5aa81869ab7d08d479584be,153f2686a97e34b41099eda91952d787a1cd6c17a5aa81869ab7d08d479584be,risk_aligned_declaration_witness,0.3859999999999974,0.3859999999999969,13388.85769593388,13388.85769593388,0.0,2.984716127724107e-15,1.6653345369377348e-16,0.0,0.0,0.0,0.0,0.0,0.0,0,0.7505821550319286,0.7505821550319286,1.0000000000000004,1.0000000000000004,37,True
69,14,6638,2be9ba53c0d1806a1502dff5b57ef3767bd09fabf655634cb844d9f2ac2087c0,0,full_declared_day,153f2686a97e34b41099eda91952d787a1cd6c17a5aa81869ab7d08d479584be,153f2686a97e34b41099eda91952d787a1cd6c17a5aa81869ab7d08d479584be,risk_aligned_declaration_witness,0.3889999999999974,0.3909999999999969,13388.87056285288,13388.877945007953,-0.0073821550740831,-0.007382155074997,4.163336342344337e-17,0.0,0.0,0.0,-0.0073821550740831,-0.0073821550740831,0.0,1,0.7505814237074325,0.7505813913010284,1.0000000000000004,1.0000000000000002,37,True
69,15,6639,2be9ba53c0d1806a1502dff5b57ef3767bd09fabf655634cb844d9f2ac2087c0,0,full_declared_day,153f2686a97e34b41099eda91952d787a1cd6c17a5aa81869ab7d08d479584be,153f2686a97e34b41099eda91952d787a1cd6c17a5aa81869ab7d08d479584be,risk_aligned_declaration_witness,0.3889999999999974,0.3899999999999969,13388.869964957416,13388.873656034955,-0.00369107753977,-0.003691077537497,0.00025,0.0,0.0,0.0,-0.00369107753977,-0.00369107753977,0.0,1,0.7505816674822645,0.7505816350758604,1.0000000000000004,1.0000000000000002,37,True
69,16,6640,2be9ba53c0d1806a1502dff5b57ef3767bd09fabf655634cb844d9f2ac2087c0,0,full_declared_day,153f2686a97e34b41099eda91952d787a1cd6c17a5aa81869ab7d08d479584be,153f2686a97e34b41099eda91952d787a1cd6c17a5aa81869ab7d08d479584be,risk_aligned_declaration_witness,0.3889999999999974,0.3859999999999969,13388.885028361416,13388.85769593388,0.0273324275349295,0.027332427537503,0.0007500000000001,0.0,0.0,0.0,0.0273324275349295,0.0273324275349295,0.0273324275349295,0,0.7505821550319286,0.7505821550319286,1.0000000000000004,1.0000000000000004,37,True
69,17,6641,2be9ba53c0d1806a1502dff5b57ef3767bd09fabf655634cb844d9f2ac2087c0,0,full_declared_day,153f2686a97e34b41099eda91952d787a1cd6c17a5aa81869ab7d08d479584be,153f2686a97e34b41099eda91952d787a1cd6c17a5aa81869ab7d08d479584be,risk_aligned_declaration_witness,0.3949999999999974,0.3929999999999969,13388.924031917028,13388.900390567029,0.0236413499987975,0.023641350000003,0.0005000000000001,0.0,0.0,0.0,0.0236413499987975,0.0236413499987975,0.0236413499987975,0,0.7505818950538945,0.7505818950538945,1.0000000000000002,1.0000000000000002,37,True
69,18,6642,2be9ba53c0d1806a1502dff5b57ef3767bd09fabf655634cb844d9f2ac2087c0,0,full_declared_day,153f2686a97e34b41099eda91952d787a1cd6c17a5aa81869ab7d08d479584be,153f2686a97e34b41099eda91952d787a1cd6c17a5aa81869ab7d08d479584be,risk_aligned_declaration_witness,0.3969999999999974,0.3999999999999969,13388.917546459028,13388.944878886568,-0.0273324275385675,-0.027332427537497,1.3877787807814454e-16,0.0,0.0,0.0,-0.0273324275385675,-0.0273324275385675,0.0,1,0.7505809199545663,0.7505809199545663,1.0000000000000002,1.0000000000000002,37,True
69,19,6643,2be9ba53c0d1806a1502dff5b57ef3767bd09fabf655634cb844d9f2ac2087c0,0,full_declared_day,153f2686a97e34b41099eda91952d787a1cd6c17a5aa81869ab7d08d479584be,153f2686a97e34b41099eda91952d787a1cd6c17a5aa81869ab7d08d479584be,risk_aligned_declaration_witness,0.3959999999999974,0.3989999999999969,13388.912659590567,13388.939992018102,-0.0273324275349295,-0.027332427537497,1.3877787807814454e-16,0.0,0.0,0.0,-0.0273324275349295,-0.0273324275349295,0.0,1,0.7505813913010284,0.7505813913010284,1.0000000000000002,1.0000000000000002,37,True
69,20,6644,2be9ba53c0d1806a1502dff5b57ef3767bd09fabf655634cb844d9f2ac2087c0,0,full_declared_day,153f2686a97e34b41099eda91952d787a1cd6c17a5aa81869ab7d08d479584be,153f2686a97e34b41099eda91952d787a1cd6c17a5aa81869ab7d08d479584be,risk_aligned_declaration_witness,0.4039999999999974,0.4039999999999969,13388.950317808329,13388.950317808329,0.0,2.984716127724107e-15,1.6653345369377348e-16,0.0,0.0,0.0,0.0,0.0,0.0,0,0.7505813264882204,0.7505813264882204,1.0000000000000004,1.0000000000000004,37,True
69,21,6645,2be9ba53c0d1806a1502dff5b57ef3767bd09fabf655634cb844d9f2ac2087c0,0,full_declared_day,153f2686a97e34b41099eda91952d787a1cd6c17a5aa81869ab7d08d479584be,153f2686a97e34b41099eda91952d787a1cd6c17a5aa81869ab7d08d479584be,risk_aligned_declaration_witness,0.4059999999999975,0.4059999999999969,13388.98208875579,13388.98208875579,0.0,2.984716127724107e-15,1.6653345369377348e-16,0.0,0.0,0.0,0.0,0.0,0.0,0,0.7505813426914221,0.7505813426914221,1.0,1.0,37,True
69,22,6646,2be9ba53c0d1806a1502dff5b57ef3767bd09fabf655634cb844d9f2ac2087c0,0,full_declared_day,153f2686a97e34b41099eda91952d787a1cd6c17a5aa81869ab7d08d479584be,153f2686a97e34b41099eda91952d787a1cd6c17a5aa81869ab7d08d479584be,risk_aligned_declaration_witness,0.4029999999999974,0.4029999999999969,13388.954158432793,13388.954158432793,0.0,2.984716127724107e-15,1.6653345369377348e-16,0.0,0.0,0.0,0.0,0.0,0.0,0,0.7505815864662541,0.7505815864662541,1.0,1.0,37,True
69,23,6647,2be9ba53c0d1806a1502dff5b57ef3767bd09fabf655634cb844d9f2ac2087c0,0,full_declared_day,153f2686a97e34b41099eda91952d787a1cd6c17a5aa81869ab7d08d479584be,153f2686a97e34b41099eda91952d787a1cd6c17a5aa81869ab7d08d479584be,risk_aligned_declaration_witness,0.3999999999999974,0.3989999999999969,13388.934357707254,13388.922537032253,0.0118206750012177,0.0118206750000029,0.0002500000000001,0.0,0.0,0.0,0.0118206750012177,0.0118206750012177,0.0118206750012177,0,0.7505818464442882,0.7505818464442882,1.0,1.0,37,True
69,24,6648,2be9ba53c0d1806a1502dff5b57ef3767bd09fabf655634cb844d9f2ac2087c0,0,full_declared_day,153f2686a97e34b41099eda91952d787a1cd6c17a5aa81869ab7d08d479584be,153f2686a97e34b41099eda91952d787a1cd6c17a5aa81869ab7d08d479584be,risk_aligned_declaration_witness,0.3979999999999974,0.3979999999999969,13388.918845954717,13388.918845954717,0.0,2.984716127724107e-15,1.6653345369377348e-16,0.0,0.0,0.0,0.0,0.0,0.0,0,0.7505818302410865,0.7505818302410865,1.0000000000000002,1.0000000000000002,37,True
69,25,6649,2be9ba53c0d1806a1502dff5b57ef3767bd09fabf655634cb844d9f2ac2087c0,0,full_declared_day,153f2686a97e34b41099eda91952d787a1cd6c17a5aa81869ab7d08d479584be,153f2686a97e34b41099eda91952d787a1cd6c17a5aa81869ab7d08d479584be,risk_aligned_declaration_witness,0.3999999999999974,0.4009999999999969,13388.934955602715,13388.946776277717,-0.0118206749993987,-0.011820674999997,1.3877787807814454e-16,0.0,0.0,0.0,-0.0118206749993987,-0.0118206749993987,0.0,1,0.7505815864662544,0.7505815864662544,1.0000000000000002,1.0000000000000002,37,True
69,26,6650,2be9ba53c0d1806a1502dff5b57ef3767bd09fabf655634cb844d9f2ac2087c0,0,full_declared_day,153f2686a97e34b41099eda91952d787a1cd6c17a5aa81869ab7d08d479584be,153f2686a97e34b41099eda91952d787a1cd6c17a5aa81869ab7d08d479584be,risk_aligned_declaration_witness,0.3939999999999974,0.3939999999999969,13388.896549942569,13388.896549942569,0.0,2.984716127724107e-15,1.6653345369377348e-16,0.0,0.0,0.0,0.0,0.0,0.0,0,0.7505816512790625,0.7505816512790625,1.0000000000000002,1.0000000000000002,37,True
69,27,6651,2be9ba53c0d1806a1502dff5b57ef3767bd09fabf655634cb844d9f2ac2087c0,0,full_declared_day,153f2686a97e34b41099eda91952d787a1cd6c17a5aa81869ab7d08d479584be,153f2686a97e34b41099eda91952d787a1cd6c17a5aa81869ab7d08d479584be,risk_aligned_declaration_witness,0.3929999999999974,0.3929999999999969,13388.892858865029,13388.892858865029,0.0,2.984716127724107e-15,1.6653345369377348e-16,0.0,0.0,0.0,0.0,0.0,0.0,0,0.7505816836854665,0.7505816836854665,1.0000000000000002,1.0000000000000002,37,True
69,28,6652,2be9ba53c0d1806a1502dff5b57ef3767bd09fabf655634cb844d9f2ac2087c0,0,full_declared_day,153f2686a97e34b41099eda91952d787a1cd6c17a5aa81869ab7d08d479584be,153f2686a97e34b41099eda91952d787a1cd6c17a5aa81869ab7d08d479584be,risk_aligned_declaration_witness,0.3939999999999974,0.3919999999999969,13388.896549942569,13388.88916778749,0.0073821550759021,0.0073821550750029,0.0005000000000001,0.0,0.0,0.0,0.0073821550759021,0.0073821550759021,0.0073821550759021,0,0.7505816836854665,0.7505816836854665,1.0000000000000002,1.0000000000000002,37,True
69,29,6653,2be9ba53c0d1806a1502dff5b57ef3767bd09fabf655634cb844d9f2ac2087c0,0,full_declared_day,153f2686a97e34b41099eda91952d787a1cd6c17a5aa81869ab7d08d479584be,153f2686a97e34b41099eda91952d787a1cd6c17a5aa81869ab7d08d479584be,risk_aligned_declaration_witness,0.3949999999999974,0.3909999999999969,13388.892111422643,13388.877347112491,0.0147643101518042,0.0147643101500029,0.0010000000000001,0.0,0.0,0.0,0.0147643101518042,0.0147643101518042,0.0147643101518042,0,0.7505816674822645,0.7505816836854665,1.0000000000000002,1.0000000000000002,37,True
69,30,6654,2be9ba53c0d1806a1502dff5b57ef3767bd09fabf655634cb844d9f2ac2087c0,0,full_declared_day,153f2686a97e34b41099eda91952d787a1cd6c17a5aa81869ab7d08d479584be,153f2686a97e34b41099eda91952d787a1cd6c17a5aa81869ab7d08d479584be,risk_aligned_declaration_witness,0.3969999999999974,0.3949999999999969,13388.899493577715,13388.892111422643,0.0073821550722641,0.0073821550750029,0.0005000000000001,0.0,0.0,0.0,0.0073821550722641,0.0073821550722641,0.0073821550722641,0,0.7505816350758604,0.7505816512790624,1.0000000000000002,1.0000000000000002,37,True
69,31,6655,2be9ba53c0d1806a1502dff5b57ef3767bd09fabf655634cb844d9f2ac2087c0,0,full_declared_day,153f2686a97e34b41099eda91952d787a1cd6c17a5aa81869ab7d08d479584be,153f2686a97e34b41099eda91952d787a1cd6c17a5aa81869ab7d08d479584be,risk_aligned_declaration_witness,0.3969999999999974,0.4009999999999969,13388.90068936864,13388.91545367879,-0.0147643101499852,-0.014764310149997,4.163336342344337e-17,0.0,0.0,0.0,-0.0147643101499852,-0.0147643101499852,0.0,1,0.7505811637293983,0.7505811475261962,1.0000000000000002,1.0000000000000002,37,True
69,32,6656,2be9ba53c0d1806a1502dff5b57ef3767bd09fabf655634cb844d9f2ac2087c0,0,full_declared_day,153f2686a97e34b41099eda91952d787a1cd6c17a5aa81869ab7d08d479584be,153f2686a97e34b41099eda91952d787a1cd6c17a5aa81869ab7d08d479584be,risk_aligned_declaration_witness,0.3989999999999974,0.4029999999999969,13388.924330718644,13388.939095028793,-0.0147643101499852,-0.014764310149997,4.163336342344337e-17,0.0,0.0,0.0,-0.0147643101499852,-0.0147643101499852,0.0,1,0.7505811637293983,0.7505811475261963,1.0000000000000002,1.0000000000000002,37,True
69,33,6657,2be9ba53c0d1806a1502dff5b57ef3767bd09fabf655634cb844d9f2ac2087c0,0,full_declared_day,153f2686a97e34b41099eda91952d787a1cd6c17a5aa81869ab7d08d479584be,153f2686a97e34b41099eda91952d787a1cd6c17a5aa81869ab7d08d479584be,risk_aligned_declaration_witness,0.4049999999999975,0.4049999999999969,13388.947672974791,13388.947672974791,0.0,2.984716127724107e-15,1.6653345369377348e-16,0.0,0.0,0.0,0.0,0.0,0.0,0,0.750580611366926,0.750580611366926,1.0,1.0,37,True
69,34,6658,2be9ba53c0d1806a1502dff5b57ef3767bd09fabf655634cb844d9f2ac2087c0,0,full_declared_day,153f2686a97e34b41099eda91952d787a1cd6c17a5aa81869ab7d08d479584be,153f2686a97e34b41099eda91952d787a1cd6c17a5aa81869ab7d08d479584be,risk_aligned_declaration_witness,0.4029999999999974,0.4029999999999969,13388.939692924252,13388.939692924252,0.0,2.984716127724107e-15,1.6653345369377348e-16,0.0,0.0,0.0,0.0,0.0,0.0,0,0.7505808713449599,0.7505808713449599,1.0,1.0,37,True
69,35,6659,2be9ba53c0d1806a1502dff5b57ef3767bd09fabf655634cb844d9f2ac2087c0,0,full_declared_day,153f2686a97e34b41099eda91952d787a1cd6c17a5aa81869ab7d08d479584be,153f2686a97e34b41099eda91952d787a1cd6c17a5aa81869ab7d08d479584be,risk_aligned_declaration_witness,0.4069999999999975,0.4039999999999969,13388.986975624255,13388.951513599251,0.0354620250018342,0.035462025000003,0.0007500000000001,0.0,0.0,0.0,0.0354620250018342,0.0354620250018342,0.0354620250018342,0,0.7505808875481623,0.7505808875481623,1.0000000000000002,1.0000000000000002,37,True
69,36,6660,2be9ba53c0d1806a1502dff5b57ef3767bd09fabf655634cb844d9f2ac2087c0,0,full_declared_day,153f2686a97e34b41099eda91952d787a1cd6c17a5aa81869ab7d08d479584be,153f2686a97e34b41099eda91952d787a1cd6c17a5aa81869ab7d08d479584be,risk_aligned_declaration_witness,0.4219999999999975,0.4219999999999969,13389.053460862093,13389.053460862093,0.0,2.984716127724107e-15,1.6653345369377348e-16,0.0,0.0,0.0,0.0,0.0,0.0,0,0.750579587657992,0.750579587657992,1.0000000000000004,1.0000000000000004,37,True
69,37,6661,2be9ba53c0d1806a1502dff5b57ef3767bd09fabf655634cb844d9f2ac2087c0,0,full_declared_day,153f2686a97e34b41099eda91952d787a1cd6c17a5aa81869ab7d08d479584be,153f2686a97e34b41099eda91952d787a1cd6c17a5aa81869ab7d08d479584be,risk_aligned_declaration_witness,0.4219999999999975,0.4249999999999969,13389.037799562631,13389.07326158763,-0.0354620249981962,-0.035462024999997,1.3877787807814454e-16,0.0,0.0,0.0,-0.0354620249981962,-0.0354620249981962,0.0,1,0.7505793276799577,0.7505793276799577,1.0,1.0,37,True
69,38,6662,2be9ba53c0d1806a1502dff5b57ef3767bd09fabf655634cb844d9f2ac2087c0,0,full_declared_day,153f2686a97e34b41099eda91952d787a1cd6c17a5aa81869ab7d08d479584be,153f2686a97e34b41099eda91952d787a1cd6c17a5aa81869ab7d08d479584be,risk_aligned_declaration_witness,0.4239999999999975,0.4219999999999969,13389.061440912628,13389.052862966631,0.0085779459968762,0.0085779460000029,0.0005000000000001,0.0,0.0,0.0,0.0085779459968762,0.0085779459968762,0.0085779459968762,0,0.7505793276799577,0.7505798152296218,1.0,1.0,37,True
69,39,6663,2be9ba53c0d1806a1502dff5b57ef3767bd09fabf655634cb844d9f2ac2087c0,0,full_declared_day,153f2686a97e34b41099eda91952d787a1cd6c17a5aa81869ab7d08d479584be,153f2686a97e34b41099eda91952d787a1cd6c17a5aa81869ab7d08d479584be,risk_aligned_declaration_witness,0.4229999999999975,0.4209999999999969,13389.057151939627,13389.04857399363,0.0085779459986952,0.0085779460000029,0.0005000000000001,0.0,0.0,0.0,0.0085779459986952,0.0085779459986952,0.0085779459986952,0,0.7505795714547896,0.7505800590044538,1.0,1.0,37,True
69,40,6664,2be9ba53c0d1806a1502dff5b57ef3767bd09fabf655634cb844d9f2ac2087c0,0,full_declared_day,153f2686a97e34b41099eda91952d787a1cd6c17a5aa81869ab7d08d479584be,153f2686a97e34b41099eda91952d787a1cd6c17a5aa81869ab7d08d479584be,risk_aligned_declaration_witness,0.4119999999999975,0.4119999999999969,13388.997899309945,13388.997899309945,0.0,2.984716127724107e-15,1.6653345369377348e-16,0.0,0.0,0.0,0.0,0.0,0.0,0,0.7505805951637242,0.7505805951637242,1.0000000000000004,1.0000000000000004,37,True
69,41,6665,2be9ba53c0d1806a1502dff5b57ef3767bd09fabf655634cb844d9f2ac2087c0,0,full_declared_day,153f2686a97e34b41099eda91952d787a1cd6c17a5aa81869ab7d08d479584be,153f2686a97e34b41099eda91952d787a1cd6c17a5aa81869ab7d08d479584be,risk_aligned_declaration_witness,0.4069999999999975,0.4069999999999969,13388.970118533867,13388.970118533867,0.0,2.984716127724107e-15,1.6653345369377348e-16,0.0,0.0,0.0,0.0,0.0,0.0,0,0.7505810989165904,0.7505810989165904,1.0000000000000004,1.0000000000000004,37,True
69,42,6666,2be9ba53c0d1806a1502dff5b57ef3767bd09fabf655634cb844d9f2ac2087c0,0,full_declared_day,153f2686a97e34b41099eda91952d787a1cd6c17a5aa81869ab7d08d479584be,153f2686a97e34b41099eda91952d787a1cd6c17a5aa81869ab7d08d479584be,risk_aligned_declaration_witness,0.4049999999999975,0.4039999999999969,13388.954606781328,13388.95091570379,0.003691077537951,0.0036910775375029,0.0002500000000001,0.0,0.0,0.0,0.003691077537951,0.003691077537951,0.003691077537951,0,0.7505811313229944,0.7505811313229944,1.0000000000000002,1.0000000000000002,37,True
69,43,6667,2be9ba53c0d1806a1502dff5b57ef3767bd09fabf655634cb844d9f2ac2087c0,0,full_declared_day,153f2686a97e34b41099eda91952d787a1cd6c17a5aa81869ab7d08d479584be,153f2686a97e34b41099eda91952d787a1cd6c17a5aa81869ab7d08d479584be,risk_aligned_declaration_witness,0.4069999999999975,0.4049999999999969,13388.962586831867,13388.954606781328,0.0079800505391176,0.0079800505375029,0.0005000000000001,0.0,0.0,0.0,0.0079800505391176,0.0079800505391176,0.0079800505391176,0,0.7505808389385562,0.7505810989165902,1.0000000000000002,1.0000000000000002,37,True
69,44,6668,2be9ba53c0d1806a1502dff5b57ef3767bd09fabf655634cb844d9f2ac2087c0,0,full_declared_day,153f2686a97e34b41099eda91952d787a1cd6c17a5aa81869ab7d08d479584be,153f2686a97e34b41099eda91952d787a1cd6c17a5aa81869ab7d08d479584be,risk_aligned_declaration_witness,0.4099999999999975,0.4129999999999969,13388.973660064476,13388.985929088016,-0.0122690235384652,-0.012269023537497,1.52655665885959e-16,0.0282467184200794,0.0,0.0,-0.0122690235384652,-0.0122690235384652,0.0,1,0.7505808065321523,0.7505803189824882,1.0000000000000004,1.0000000000000004,37,True
69,45,6669,2be9ba53c0d1806a1502dff5b57ef3767bd09fabf655634cb844d9f2ac2087c0,0,full_declared_day,153f2686a97e34b41099eda91952d787a1cd6c17a5aa81869ab7d08d479584be,153f2686a97e34b41099eda91952d787a1cd6c17a5aa81869ab7d08d479584be,risk_aligned_declaration_witness,0.4079999999999975,0.4119999999999969,13388.965680013942,13388.982238010478,-0.0165579965359938,-0.016557996537497,2.775557561562892e-17,0.028742545543896,0.0,0.0,-0.0165579965359938,-0.0165579965359938,0.0,1,0.7505810665101865,0.7505803189824882,1.0000000000000004,1.0000000000000004,37,True
69,46,6670,2be9ba53c0d1806a1502dff5b57ef3767bd09fabf655634cb844d9f2ac2087c0,0,full_declared_day,153f2686a97e34b41099eda91952d787a1cd6c17a5aa81869ab7d08d479584be,153f2686a97e34b41099eda91952d787a1cd6c17a5aa81869ab7d08d479584be,risk_aligned_declaration_witness,0.4019999999999974,0.4019999999999969,13388.934806055791,13388.934806055791,0.0,2.984716127724107e-15,1.6653345369377348e-16,0.013598819112261,0.0,0.0,0.0,0.0,0.0,0,0.7505813264882204,0.7505813264882204,1.0000000000000004,1.0000000000000004,37,True
69,47,6671,2be9ba53c0d1806a1502dff5b57ef3767bd09fabf655634cb844d9f2ac2087c0,0,full_declared_day,153f2686a97e34b41099eda91952d787a1cd6c17a5aa81869ab7d08d479584be,153f2686a97e34b41099eda91952d787a1cd6c17a5aa81869ab7d08d479584be,risk_aligned_declaration_witness,0.4049999999999975,0.4049999999999969,13388.954008885868,13388.954008885868,0.0,2.984716127724107e-15,1.6653345369377348e-16,0.0109308790161641,0.0,0.0,0.0,0.0,0.0,0,0.7505813102850185,0.7505813102850185,1.0000000000000004,1.0000000000000004,37,True
69,48,6672,2be9ba53c0d1806a1502dff5b57ef3767bd09fabf655634cb844d9f2ac2087c0,0,full_declared_day,153f2686a97e34b41099eda91952d787a1cd6c17a5aa81869ab7d08d479584be,153f2686a97e34b41099eda91952d787a1cd6c17a5aa81869ab7d08d479584be,risk_aligned_declaration_witness,0.4059999999999975,0.4059999999999969,13388.957699963405,13388.957699963405,0.0,2.984716127724107e-15,1.6653345369377348e-16,0.0169657856823014,0.0,0.0,0.0,0.0,0.0,0,0.7505812940818164,0.7505812940818164,1.0000000000000004,1.0000000000000004,37,True
69,49,6673,2be9ba53c0d1806a1502dff5b57ef3767bd09fabf655634cb844d9f2ac2087c0,0,full_declared_day,153f2686a97e34b41099eda91952d787a1cd6c17a5aa81869ab7d08d479584be,153f2686a97e34b41099eda91952d787a1cd6c17a5aa81869ab7d08d479584be,risk_aligned_declaration_witness,0.4009999999999974,0.4009999999999969,13388.931114978252,13388.931114978252,0.0,2.984716127724107e-15,1.6653345369377348e-16,0.0,0.0,0.0,0.0,0.0,0.0,0,0.7505813426914225,0.7505813426914225,1.0000000000000004,1.0000000000000004,37,True
69,50,6674,2be9ba53c0d1806a1502dff5b57ef3767bd09fabf655634cb844d9f2ac2087c0,0,full_declared_day,153f2686a97e34b41099eda91952d787a1cd6c17a5aa81869ab7d08d479584be,153f2686a97e34b41099eda91952d787a1cd6c17a5aa81869ab7d08d479584be,risk_aligned_declaration_witness,0.3979999999999974,0.3929999999999969,13388.902586759792,13388.884131372104,0.0184553876879363,0.018455387687503,0.0012500000000001,0.0,0.0,0.0,0.0184553876879363,0.0184553876879363,0.0184553876879363,0,0.7505818140378845,0.7505818626474905,1.0000000000000004,1.0000000000000002,37,True
69,51,6675,2be9ba53c0d1806a1502dff5b57ef3767bd09fabf655634cb844d9f2ac2087c0,0,full_declared_day,153f2686a97e34b41099eda91952d787a1cd6c17a5aa81869ab7d08d479584be,153f2686a97e34b41099eda91952d787a1cd6c17a5aa81869ab7d08d479584be,risk_aligned_declaration_witness,0.3819999999999974,0.3719999999999969,13388.816749144951,13388.76238338373,0.0543657612215611,0.054365761225003,0.0025000000000001,0.0,0.0,0.0,0.0543657612215611,0.0543657612215611,0.0543657612215611,0,0.7505828863564248,0.7505834063124925,1.0000000000000004,1.0,37,True
69,52,6676,2be9ba53c0d1806a1502dff5b57ef3767bd09fabf655634cb844d9f2ac2087c0,0,full_declared_day,153f2686a97e34b41099eda91952d787a1cd6c17a5aa81869ab7d08d479584be,153f2686a97e34b41099eda91952d787a1cd6c17a5aa81869ab7d08d479584be,risk_aligned_declaration_witness,0.3759999999999974,0.3699999999999969,13388.794602679727,13388.755001228654,0.0396014510752138,0.039601451075003,0.0015000000000001,0.0,0.0,0.0,0.0396014510752138,0.0396014510752138,0.0396014510752138,0,0.7505829511692329,0.7505834387188965,1.0000000000000004,1.0,37,True
69,53,6677,2be9ba53c0d1806a1502dff5b57ef3767bd09fabf655634cb844d9f2ac2087c0,0,full_declared_day,153f2686a97e34b41099eda91952d787a1cd6c17a5aa81869ab7d08d479584be,153f2686a97e34b41099eda91952d787a1cd6c17a5aa81869ab7d08d479584be,risk_aligned_declaration_witness,0.3639999999999974,0.3639999999999969,13388.71539977758,13388.71539977758,0.0,2.984716127724107e-15,1.6653345369377348e-16,0.0,0.0,0.0,0.0,0.0,0.0,0,0.7505839262685606,0.7505839262685606,1.0,1.0,37,True
69,54,6678,2be9ba53c0d1806a1502dff5b57ef3767bd09fabf655634cb844d9f2ac2087c0,0,full_declared_day,153f2686a97e34b41099eda91952d787a1cd6c17a5aa81869ab7d08d479584be,153f2686a97e34b41099eda91952d787a1cd6c17a5aa81869ab7d08d479584be,risk_aligned_declaration_witness,0.3619999999999974,0.3619999999999969,13388.69988802504,13388.69988802504,0.0,2.984716127724107e-15,1.6653345369377348e-16,0.0,0.0,0.0,0.0,0.0,0.0,0,0.7505839262685611,0.7505839262685611,1.0000000000000002,1.0000000000000002,37,True
69,55,6679,2be9ba53c0d1806a1502dff5b57ef3767bd09fabf655634cb844d9f2ac2087c0,0,full_declared_day,153f2686a97e34b41099eda91952d787a1cd6c17a5aa81869ab7d08d479584be,153f2686a97e34b41099eda91952d787a1cd6c17a5aa81869ab7d08d479584be,risk_aligned_declaration_witness,0.3609999999999974,0.3609999999999969,13388.696196947503,13388.696196947503,0.0,2.984716127724107e-15,1.6653345369377348e-16,0.0,0.0,0.0,0.0,0.0,0.0,0,0.7505839424717631,0.7505839424717631,1.0000000000000002,1.0000000000000002,37,True
69,56,6680,2be9ba53c0d1806a1502dff5b57ef3767bd09fabf655634cb844d9f2ac2087c0,0,full_declared_day,153f2686a97e34b41099eda91952d787a1cd6c17a5aa81869ab7d08d479584be,153f2686a97e34b41099eda91952d787a1cd6c17a5aa81869ab7d08d479584be,risk_aligned_declaration_witness,0.3749999999999974,0.3849999999999969,13388.774054511803,13388.828420273028,-0.054365761225199,-0.054365761224997,0.0,0.0,0.0,0.0,-0.054365761225199,-0.054365761225199,0.0,1,0.7505831301312569,0.7505826101751887,1.0000000000000004,1.0000000000000002,37,True
69,57,6681,2be9ba53c0d1806a1502dff5b57ef3767bd09fabf655634cb844d9f2ac2087c0,0,full_declared_day,153f2686a97e34b41099eda91952d787a1cd6c17a5aa81869ab7d08d479584be,153f2686a97e34b41099eda91952d787a1cd6c17a5aa81869ab7d08d479584be,risk_aligned_declaration_witness,0.3739999999999974,0.3849999999999969,13388.769765538802,13388.827822377569,-0.0580568387649691,-0.058056838762497,0.0,0.016444400134569,0.0,0.0,-0.0580568387649691,-0.0580568387649691,0.0,1,0.7505833739060888,0.7505828377468188,1.0000000000000004,1.0000000000000002,37,True
69,58,6682,2be9ba53c0d1806a1502dff5b57ef3767bd09fabf655634cb844d9f2ac2087c0,0,full_declared_day,153f2686a97e34b41099eda91952d787a1cd6c17a5aa81869ab7d08d479584be,153f2686a97e34b41099eda91952d787a1cd6c17a5aa81869ab7d08d479584be,risk_aligned_declaration_witness,0.3649999999999974,0.3649999999999969,13388.71968875058,13388.71968875058,0.0,2.984716127724107e-15,1.6653345369377348e-16,0.0019238722008403,0.0,0.0,0.0,0.0,0.0,0,0.7505836824937286,0.7505836824937286,1.0,1.0,37,True
69,59,6683,2be9ba53c0d1806a1502dff5b57ef3767bd09fabf655634cb844d9f2ac2087c0,0,full_declared_day,153f2686a97e34b41099eda91952d787a1cd6c17a5aa81869ab7d08d479584be,153f2686a97e34b41099eda91952d787a1cd6c17a5aa81869ab7d08d479584be,risk_aligned_declaration_witness,0.3609999999999974,0.3609999999999969,13388.696196947503,13388.696196947503,0.0,2.984716127724107e-15,1.6653345369377348e-16,0.0,0.0,0.0,0.0,0.0,0.0,0,0.7505839586749647,0.7505839586749647,1.0,1.0,37,True
69,60,6684,2be9ba53c0d1806a1502dff5b57ef3767bd09fabf655634cb844d9f2ac2087c0,0,full_declared_day,153f2686a97e34b41099eda91952d787a1cd6c17a5aa81869ab7d08d479584be,153f2686a97e34b41099eda91952d787a1cd6c17a5aa81869ab7d08d479584be,risk_aligned_declaration_witness,0.3359999999999974,0.3359999999999968,13388.551555051516,13388.551555051516,0.0,2.984716127724107e-15,1.6653345369377348e-16,0.0,0.0,0.0,0.0,0.0,0.0,0,0.7505855347463715,0.7505855347463715,1.0000000000000002,1.0000000000000002,37,True
69,61,6685,2be9ba53c0d1806a1502dff5b57ef3767bd09fabf655634cb844d9f2ac2087c0,0,full_declared_day,153f2686a97e34b41099eda91952d787a1cd6c17a5aa81869ab7d08d479584be,153f2686a97e34b41099eda91952d787a1cd6c17a5aa81869ab7d08d479584be,risk_aligned_declaration_witness,0.3339999999999974,0.3339999999999968,13388.543575000978,13388.543575000978,0.0,2.984716127724107e-15,1.6653345369377348e-16,0.0,0.0,0.0,0.0,0.0,0.0,0,0.7505857947244056,0.7505857947244056,1.0000000000000002,1.0000000000000002,37,True
69,62,6686,2be9ba53c0d1806a1502dff5b57ef3767bd09fabf655634cb844d9f2ac2087c0,0,full_declared_day,153f2686a97e34b41099eda91952d787a1cd6c17a5aa81869ab7d08d479584be,153f2686a97e34b41099eda91952d787a1cd6c17a5aa81869ab7d08d479584be,risk_aligned_declaration_witness,0.3319999999999974,0.3319999999999968,13388.52806324844,13388.52806324844,0.0,2.984716127724107e-15,1.6653345369377348e-16,0.0033442390616897,0.0,0.0,0.0,0.0,0.0,0,0.7505858109276076,0.7505858109276076,1.0000000000000002,1.0000000000000002,37,True
69,63,6687,2be9ba53c0d1806a1502dff5b57ef3767bd09fabf655634cb844d9f2ac2087c0,0,full_declared_day,153f2686a97e34b41099eda91952d787a1cd6c17a5aa81869ab7d08d479584be,153f2686a97e34b41099eda91952d787a1cd6c17a5aa81869ab7d08d479584be,risk_aligned_declaration_witness,0.3309999999999974,0.3299999999999968,13388.516242573442,13388.51195360044,0.0042889730011665,0.0042889730000029,0.0002500000000001,0.0122972993005214,0.0,0.0,0.0042889730011665,0.0042889730011665,0.0042889730011665,0,0.7505858109276076,0.7505860547024396,1.0000000000000002,1.0000000000000002,37,True
69,64,6688,2be9ba53c0d1806a1502dff5b57ef3767bd09fabf655634cb844d9f2ac2087c0,1,full_declared_day,153f2686a97e34b41099eda91952d787a1cd6c17a5aa81869ab7d08d479584be,153f2686a97e34b41099eda91952d787a1cd6c17a5aa81869ab7d08d479584be,risk_aligned_declaration_witness,0.3459999999999974,0.3299999999999968,13388.606518708204,13388.51195360044,0.0945651077636284,0.094565107762503,0.0040000000000001,0.0445289493643521,0.0027500000000001,0.4125000000000191,0.5070651077636475,0.5070651077636475,0.5070651077636475,0,0.7505847872186734,0.7505860547024396,1.0000000000000004,1.0000000000000002,37,True
69,65,6689,2be9ba53c0d1806a1502dff5b57ef3767bd09fabf655634cb844d9f2ac2087c0,1,full_declared_day,153f2686a97e34b41099eda91952d787a1cd6c17a5aa81869ab7d08d479584be,153f2686a97e34b41099eda91952d787a1cd6c17a5aa81869ab7d08d479584be,risk_aligned_declaration_witness,0.3489999999999974,0.3289999999999968,13388.62631943374,13388.508262522902,0.1180569108382769,0.118056910837503,0.0050000000000001,0.0254852743331131,0.0035000000000001,0.5250000000000192,0.6430569108382962,0.6430569108382962,0.6430569108382962,0,0.7505845272406393,0.7505860547024396,1.0000000000000004,1.0000000000000002,37,True
69,66,6690,2be9ba53c0d1806a1502dff5b57ef3767bd09fabf655634cb844d9f2ac2087c0,1,full_declared_day,153f2686a97e34b41099eda91952d787a1cd6c17a5aa81869ab7d08d479584be,153f2686a97e34b41099eda91952d787a1cd6c17a5aa81869ab7d08d479584be,risk_aligned_declaration_witness,0.3319999999999974,0.3269999999999968,13388.52806324844,13388.500282472369,0.027780776073996,0.027780776075003,0.0012500000000001,0.0149451578872598,0.0005,0.075,0.1027807760739961,0.1027807760739961,0.1027807760739961,0,0.7505858109276076,0.7505863146804737,1.0000000000000002,1.0000000000000002,37,True
69,67,6691,2be9ba53c0d1806a1502dff5b57ef3767bd09fabf655634cb844d9f2ac2087c0,1,full_declared_day,153f2686a97e34b41099eda91952d787a1cd6c17a5aa81869ab7d08d479584be,153f2686a97e34b41099eda91952d787a1cd6c17a5aa81869ab7d08d479584be,risk_aligned_declaration_witness,0.3279999999999974,0.3269999999999968,13388.504571445366,13388.500282472369,0.0042889729993476,0.0042889730000029,0.0002500000000001,0.0150119884421479,2.775557561562892e-17,4.163336342344337e-15,0.0042889729993517,0.0042889729993517,0.0042889729993517,0,0.7505860709056416,0.7505863146804737,1.0000000000000002,1.0000000000000002,37,True
69,68,6692,2be9ba53c0d1806a1502dff5b57ef3767bd09fabf655634cb844d9f2ac2087c0,1,full_declared_day,153f2686a97e34b41099eda91952d787a1cd6c17a5aa81869ab7d08d479584be,153f2686a97e34b41099eda91952d787a1cd6c17a5aa81869ab7d08d479584be,risk_aligned_declaration_witness,0.3279999999999974,0.3249999999999968,13388.505169340828,13388.492900317293,0.0122690235366462,0.0122690235375029,0.0007500000000001,0.0153842265073435,2.775557561562892e-17,4.163336342344337e-15,0.0122690235366504,0.0122690235366504,0.0122690235366504,0,0.7505858271308095,0.7505863308836755,1.0000000000000002,1.0000000000000002,37,True
69,69,6693,2be9ba53c0d1806a1502dff5b57ef3767bd09fabf655634cb844d9f2ac2087c0,1,full_declared_day,153f2686a97e34b41099eda91952d787a1cd6c17a5aa81869ab7d08d479584be,153f2686a97e34b41099eda91952d787a1cd6c17a5aa81869ab7d08d479584be,risk_aligned_declaration_witness,0.3269999999999974,0.3239999999999968,13388.49334866583,13388.481079642292,0.0122690235384652,0.0122690235375029,0.0007500000000001,0.0147619884422367,2.775557561562892e-17,4.163336342344337e-15,0.0122690235384694,0.0122690235384694,0.0122690235384694,0,0.7505858271308096,0.7505863308836755,1.0000000000000002,1.0000000000000002,37,True
69,70,6694,2be9ba53c0d1806a1502dff5b57ef3767bd09fabf655634cb844d9f2ac2087c0,1,full_declared_day,153f2686a97e34b41099eda91952d787a1cd6c17a5aa81869ab7d08d479584be,153f2686a97e34b41099eda91952d787a1cd6c17a5aa81869ab7d08d479584be,risk_aligned_declaration_witness,0.3209999999999974,0.3199999999999968,13388.453149319292,13388.448860346292,0.0042889729993476,0.0042889730000029,0.0002500000000001,0.0268888399688826,1.52655665885959e-16,2.289834988289385e-14,0.0042889729993705,0.0042889729993705,0.0042889729993705,0,0.7505865746585078,0.7505868184333396,1.0000000000000002,1.0000000000000002,37,True
69,71,6695,2be9ba53c0d1806a1502dff5b57ef3767bd09fabf655634cb844d9f2ac2087c0,1,full_declared_day,153f2686a97e34b41099eda91952d787a1cd6c17a5aa81869ab7d08d479584be,153f2686a97e34b41099eda91952d787a1cd6c17a5aa81869ab7d08d479584be,risk_aligned_declaration_witness,0.3239999999999974,0.3199999999999968,13388.472352149363,13388.448860346292,0.0234918030728294,0.023491803075003,0.0010000000000001,0.0269272622908967,0.0005,0.075,0.0984918030728295,0.0984918030728295,0.0984918030728295,0,0.7505865584553056,0.7505868184333396,1.0000000000000002,1.0000000000000002,37,True
69,72,6696,2be9ba53c0d1806a1502dff5b57ef3767bd09fabf655634cb844d9f2ac2087c0,0,full_declared_day,153f2686a97e34b41099eda91952d787a1cd6c17a5aa81869ab7d08d479584be,153f2686a97e34b41099eda91952d787a1cd6c17a5aa81869ab7d08d479584be,risk_aligned_declaration_witness,0.3229999999999974,0.3229999999999968,13388.46866107183,13388.46866107183,0.0,2.984716127724107e-15,1.6653345369377348e-16,0.0,0.0,0.0,0.0,0.0,0.0,0,0.7505865584553056,0.7505865584553056,1.0000000000000002,1.0000000000000002,37,True
69,73,6697,2be9ba53c0d1806a1502dff5b57ef3767bd09fabf655634cb844d9f2ac2087c0,0,full_declared_day,153f2686a97e34b41099eda91952d787a1cd6c17a5aa81869ab7d08d479584be,153f2686a97e34b41099eda91952d787a1cd6c17a5aa81869ab7d08d479584be,risk_aligned_declaration_witness,0.3229999999999974,0.3279999999999968,13388.46866107183,13388.527764446828,-0.0591033749969938,-0.059103374999997,1.3877787807814454e-16,0.0,0.0,0.0,-0.0591033749969938,-0.0591033749969938,0.0,1,0.7505865584553056,0.7505865584553058,1.0000000000000002,1.0000000000000002,37,True
69,74,6698,2be9ba53c0d1806a1502dff5b57ef3767bd09fabf655634cb844d9f2ac2087c0,0,full_declared_day,153f2686a97e34b41099eda91952d787a1cd6c17a5aa81869ab7d08d479584be,153f2686a97e34b41099eda91952d787a1cd6c17a5aa81869ab7d08d479584be,risk_aligned_declaration_witness,0.3229999999999974,0.3439999999999968,13388.46866107183,13388.590409060203,-0.12174798837259,-0.1217479883749971,0.0,0.0,0.0,0.0,-0.12174798837259,-0.12174798837259,0.0,1,0.7505865584553056,0.7505850147903034,1.0000000000000002,1.0000000000000004,37,True
69,75,6699,2be9ba53c0d1806a1502dff5b57ef3767bd09fabf655634cb844d9f2ac2087c0,0,full_declared_day,153f2686a97e34b41099eda91952d787a1cd6c17a5aa81869ab7d08d479584be,153f2686a97e34b41099eda91952d787a1cd6c17a5aa81869ab7d08d479584be,risk_aligned_declaration_witness,0.3209999999999974,0.3379999999999968,13388.46068102129,13388.527614607669,-0.0669335863767628,-0.066933586374997,2.775557561562892e-17,0.0,0.0,0.0,-0.0669335863767628,-0.0669335863767628,0.0,1,0.7505868184333396,0.7505850309935054,1.0000000000000002,1.0000000000000004,37,True
69,76,6700,2be9ba53c0d1806a1502dff5b57ef3767bd09fabf655634cb844d9f2ac2087c0,0,full_declared_day,153f2686a97e34b41099eda91952d787a1cd6c17a5aa81869ab7d08d479584be,153f2686a97e34b41099eda91952d787a1cd6c17a5aa81869ab7d08d479584be,risk_aligned_declaration_witness,0.3179999999999974,0.3189999999999968,13388.440880295757,13388.445169268754,-0.0042889729993476,-0.004288972999997,1.52655665885959e-16,0.0,0.0,0.0,-0.0042889729993476,-0.0042889729993476,0.0,1,0.7505870622081718,0.7505868184333397,1.0000000000000004,1.0000000000000004,37,True
69,77,6701,2be9ba53c0d1806a1502dff5b57ef3767bd09fabf655634cb844d9f2ac2087c0,0,full_declared_day,153f2686a97e34b41099eda91952d787a1cd6c17a5aa81869ab7d08d479584be,153f2686a97e34b41099eda91952d787a1cd6c17a5aa81869ab7d08d479584be,risk_aligned_declaration_witness,0.3149999999999974,0.3159999999999968,13388.421079570218,13388.425368543216,-0.0042889729975286,-0.004288972999997,1.52655665885959e-16,0.0,0.0,0.0,-0.0042889729975286,-0.0042889729975286,0.0,1,0.7505873221862058,0.7505870784113738,1.0000000000000002,1.0000000000000002,37,True
69,78,6702,2be9ba53c0d1806a1502dff5b57ef3767bd09fabf655634cb844d9f2ac2087c0,0,full_declared_day,153f2686a97e34b41099eda91952d787a1cd6c17a5aa81869ab7d08d479584be,153f2686a97e34b41099eda91952d787a1cd6c17a5aa81869ab7d08d479584be,risk_aligned_declaration_witness,0.3149999999999974,0.3159999999999968,13388.421079570218,13388.425368543216,-0.0042889729975286,-0.004288972999997,1.52655665885959e-16,0.0,0.0,0.0,-0.0042889729975286,-0.0042889729975286,0.0,1,0.7505873221862058,0.7505870784113738,1.0000000000000002,1.0000000000000002,37,True
69,79,6703,2be9ba53c0d1806a1502dff5b57ef3767bd09fabf655634cb844d9f2ac2087c0,0,full_declared_day,153f2686a97e34b41099eda91952d787a1cd6c17a5aa81869ab7d08d479584be,153f2686a97e34b41099eda91952d787a1cd6c17a5aa81869ab7d08d479584be,risk_aligned_declaration_witness,0.3149999999999974,0.3159999999999968,13388.421079570218,13388.425368543216,-0.0042889729975286,-0.004288972999997,1.52655665885959e-16,0.0,0.0,0.0,-0.0042889729975286,-0.0042889729975286,0.0,1,0.7505873221862058,0.7505870784113738,1.0000000000000002,1.0000000000000002,37,True
69,80,6704,2be9ba53c0d1806a1502dff5b57ef3767bd09fabf655634cb844d9f2ac2087c0,0,full_declared_day,153f2686a97e34b41099eda91952d787a1cd6c17a5aa81869ab7d08d479584be,153f2686a97e34b41099eda91952d787a1cd6c17a5aa81869ab7d08d479584be,risk_aligned_declaration_witness,0.3099999999999974,0.3109999999999968,13388.402026287067,13388.406315260068,-0.0042889729975286,-0.004288972999997,1.52655665885959e-16,0.0,0.0,0.0,-0.0042889729975286,-0.0042889729975286,0.0,1,0.7505875983674416,0.7505873545926095,1.0,1.0,37,True
69,81,6705,2be9ba53c0d1806a1502dff5b57ef3767bd09fabf655634cb844d9f2ac2087c0,0,full_declared_day,153f2686a97e34b41099eda91952d787a1cd6c17a5aa81869ab7d08d479584be,153f2686a97e34b41099eda91952d787a1cd6c17a5aa81869ab7d08d479584be,risk_aligned_declaration_witness,0.3089999999999974,0.3099999999999968,13388.39833520953,13388.40262418253,-0.0042889730011665,-0.004288972999997,1.52655665885959e-16,0.0,0.0,0.0,-0.0042889730011665,-0.0042889730011665,0.0,1,0.7505875983674415,0.7505873545926095,1.0,1.0,37,True
69,82,6706,2be9ba53c0d1806a1502dff5b57ef3767bd09fabf655634cb844d9f2ac2087c0,0,full_declared_day,153f2686a97e34b41099eda91952d787a1cd6c17a5aa81869ab7d08d479584be,153f2686a97e34b41099eda91952d787a1cd6c17a5aa81869ab7d08d479584be,risk_aligned_declaration_witness,0.3089999999999974,0.3099999999999968,13388.39833520953,13388.40262418253,-0.0042889730011665,-0.004288972999997,1.52655665885959e-16,0.0,0.0,0.0,-0.0042889730011665,-0.0042889730011665,0.0,1,0.7505875983674415,0.7505873545926095,1.0,1.0,37,True
69,83,6707,2be9ba53c0d1806a1502dff5b57ef3767bd09fabf655634cb844d9f2ac2087c0,0,full_declared_day,153f2686a97e34b41099eda91952d787a1cd6c17a5aa81869ab7d08d479584be,153f2686a97e34b41099eda91952d787a1cd6c17a5aa81869ab7d08d479584be,risk_aligned_declaration_witness,0.2939999999999974,0.2979999999999968,13388.308656970228,13388.332148773305,-0.0234918030746484,-0.023491803074997,0.0,0.0,0.0,0.0,-0.0234918030746484,-0.0234918030746484,0.0,1,0.7505883945047458,0.7505881345267117,1.0,1.0,37,True
69,84,6708,2be9ba53c0d1806a1502dff5b57ef3767bd09fabf655634cb844d9f2ac2087c0,0,full_declared_day,153f2686a97e34b41099eda91952d787a1cd6c17a5aa81869ab7d08d479584be,153f2686a97e34b41099eda91952d787a1cd6c17a5aa81869ab7d08d479584be,risk_aligned_declaration_witness,0.2869999999999973,0.2869999999999968,13388.265364441617,13388.265364441617,0.0,2.984716127724107e-15,1.6653345369377348e-16,0.0,0.0,0.0,0.0,0.0,0.0,0,0.7505888982576123,0.7505888982576123,1.0000000000000002,1.0000000000000002,37,True
69,85,6709,2be9ba53c0d1806a1502dff5b57ef3767bd09fabf655634cb844d9f2ac2087c0,0,full_declared_day,153f2686a97e34b41099eda91952d787a1cd6c17a5aa81869ab7d08d479584be,153f2686a97e34b41099eda91952d787a1cd6c17a5aa81869ab7d08d479584be,risk_aligned_declaration_witness,0.2839999999999973,0.2839999999999968,13388.245563716077,13388.245563716077,0.0,2.984716127724107e-15,1.6653345369377348e-16,0.0,0.0,0.0,0.0,0.0,0.0,0,0.7505891582356463,0.7505891582356463,1.0000000000000004,1.0000000000000004,37,True
69,86,6710,2be9ba53c0d1806a1502dff5b57ef3767bd09fabf655634cb844d9f2ac2087c0,0,full_declared_day,153f2686a97e34b41099eda91952d787a1cd6c17a5aa81869ab7d08d479584be,153f2686a97e34b41099eda91952d787a1cd6c17a5aa81869ab7d08d479584be,risk_aligned_declaration_witness,0.2689999999999973,0.2689999999999968,13388.16341717878,13388.16341717878,0.0,2.984716127724107e-15,1.6653345369377348e-16,0.0,0.0,0.0,0.0,0.0,0.0,0,0.7505901981477825,0.7505901981477825,1.0000000000000002,1.0000000000000002,37,True
69,87,6711,2be9ba53c0d1806a1502dff5b57ef3767bd09fabf655634cb844d9f2ac2087c0,0,full_declared_day,153f2686a97e34b41099eda91952d787a1cd6c17a5aa81869ab7d08d479584be,153f2686a97e34b41099eda91952d787a1cd6c17a5aa81869ab7d08d479584be,risk_aligned_declaration_witness,0.2689999999999973,0.2689999999999968,13388.16341717878,13388.16341717878,0.0,2.984716127724107e-15,1.6653345369377348e-16,0.0,0.0,0.0,0.0,0.0,0.0,0,0.7505901981477825,0.7505901981477825,1.0000000000000002,1.0000000000000002,37,True
69,88,6712,2be9ba53c0d1806a1502dff5b57ef3767bd09fabf655634cb844d9f2ac2087c0,0,full_declared_day,153f2686a97e34b41099eda91952d787a1cd6c17a5aa81869ab7d08d479584be,153f2686a97e34b41099eda91952d787a1cd6c17a5aa81869ab7d08d479584be,risk_aligned_declaration_witness,0.2729999999999973,0.2729999999999968,13388.195636474778,13388.195636474778,0.0,2.984716127724107e-15,1.6653345369377348e-16,0.0,0.0,0.0,0.0,0.0,0.0,0,0.7505897105981184,0.7505897105981184,1.0000000000000002,1.0000000000000002,37,True
69,89,6713,2be9ba53c0d1806a1502dff5b57ef3767bd09fabf655634cb844d9f2ac2087c0,0,full_declared_day,153f2686a97e34b41099eda91952d787a1cd6c17a5aa81869ab7d08d479584be,153f2686a97e34b41099eda91952d787a1cd6c17a5aa81869ab7d08d479584be,risk_aligned_declaration_witness,0.2769999999999973,0.2769999999999968,13388.210400784928,13388.210400784928,0.0,2.984716127724107e-15,1.6653345369377348e-16,0.0,0.0,0.0,0.0,0.0,0.0,0,0.7505896781917145,0.7505896781917145,1.0000000000000004,1.0000000000000004,37,True
69,90,6714,2be9ba53c0d1806a1502dff5b57ef3767bd09fabf655634cb844d9f2ac2087c0,0,full_declared_day,153f2686a97e34b41099eda91952d787a1cd6c17a5aa81869ab7d08d479584be,153f2686a97e34b41099eda91952d787a1cd6c17a5aa81869ab7d08d479584be,risk_aligned_declaration_witness,0.2789999999999973,0.2789999999999968,13388.217782940006,13388.217782940006,0.0,2.984716127724107e-15,1.6653345369377348e-16,0.0,0.0,0.0,0.0,0.0,0.0,0,0.7505896457853104,0.7505896457853104,1.0000000000000004,1.0000000000000004,37,True
69,91,6715,2be9ba53c0d1806a1502dff5b57ef3767bd09fabf655634cb844d9f2ac2087c0,0,full_declared_day,153f2686a97e34b41099eda91952d787a1cd6c17a5aa81869ab7d08d479584be,153f2686a97e34b41099eda91952d787a1cd6c17a5aa81869ab7d08d479584be,risk_aligned_declaration_witness,0.2759999999999973,0.2759999999999968,13388.198580109927,13388.198580109927,0.0,2.984716127724107e-15,1.6653345369377348e-16,0.0,0.0,0.0,0.0,0.0,0.0,0,0.7505896619885125,0.7505896619885125,1.0000000000000004,1.0000000000000004,37,True
69,92,6716,2be9ba53c0d1806a1502dff5b57ef3767bd09fabf655634cb844d9f2ac2087c0,0,full_declared_day,153f2686a97e34b41099eda91952d787a1cd6c17a5aa81869ab7d08d479584be,153f2686a97e34b41099eda91952d787a1cd6c17a5aa81869ab7d08d479584be,risk_aligned_declaration_witness,0.2799999999999973,0.2799999999999968,13388.230799405928,13388.230799405928,0.0,2.984716127724107e-15,1.6653345369377348e-16,0.0,0.0,0.0,0.0,0.0,0.0,0,0.7505891744388484,0.7505891744388484,1.0000000000000004,1.0000000000000004,37,True
69,93,6717,2be9ba53c0d1806a1502dff5b57ef3767bd09fabf655634cb844d9f2ac2087c0,0,full_declared_day,153f2686a97e34b41099eda91952d787a1cd6c17a5aa81869ab7d08d479584be,153f2686a97e34b41099eda91952d787a1cd6c17a5aa81869ab7d08d479584be,risk_aligned_declaration_witness,0.2809999999999973,0.2809999999999968,13388.233892588005,13388.233892588005,0.0,2.984716127724107e-15,1.6653345369377348e-16,0.0,0.0,0.0,0.0,0.0,0.0,0,0.7505894182136803,0.7505894182136803,1.0000000000000004,1.0000000000000004,37,True
69,94,6718,2be9ba53c0d1806a1502dff5b57ef3767bd09fabf655634cb844d9f2ac2087c0,0,full_declared_day,153f2686a97e34b41099eda91952d787a1cd6c17a5aa81869ab7d08d479584be,153f2686a97e34b41099eda91952d787a1cd6c17a5aa81869ab7d08d479584be,risk_aligned_declaration_witness,0.2789999999999973,0.2789999999999968,13388.226510432927,13388.226510432927,0.0,2.984716127724107e-15,1.6653345369377348e-16,0.0,0.0,0.0,0.0,0.0,0.0,0,0.7505894506200845,0.7505894506200845,1.0000000000000004,1.0000000000000004,37,True
69,95,6719,2be9ba53c0d1806a1502dff5b57ef3767bd09fabf655634cb844d9f2ac2087c0,0,full_declared_day,153f2686a97e34b41099eda91952d787a1cd6c17a5aa81869ab7d08d479584be,153f2686a97e34b41099eda91952d787a1cd6c17a5aa81869ab7d08d479584be,risk_aligned_declaration_witness,0.2789999999999973,0.2789999999999968,13388.226510432927,13388.226510432927,0.0,2.984716127724107e-15,1.6653345369377348e-16,0.0,0.0,0.0,0.0,0.0,0.0,0,0.7505894506200845,0.7505894506200845,1.0000000000000004,1.0000000000000004,37,True
70,0,6720,2be9ba53c0d1806a1502dff5b57ef3767bd09fabf655634cb844d9f2ac2087c0,0,full_declared_day,153f2686a97e34b41099eda91952d787a1cd6c17a5aa81869ab7d08d479584be,153f2686a97e34b41099eda91952d787a1cd6c17a5aa81869ab7d08d479584be,risk_aligned_declaration_witness,0.2789999999999973,0.2789999999999968,13388.226510432927,13388.226510432927,0.0,2.984716127724107e-15,1.6653345369377348e-16,0.0,0.0,0.0,0.0,0.0,0.0,0,0.7505894506200845,0.7505894506200845,1.0000000000000004,1.0000000000000004,37,True
70,1,6721,2be9ba53c0d1806a1502dff5b57ef3767bd09fabf655634cb844d9f2ac2087c0,0,full_declared_day,153f2686a97e34b41099eda91952d787a1cd6c17a5aa81869ab7d08d479584be,153f2686a97e34b41099eda91952d787a1cd6c17a5aa81869ab7d08d479584be,risk_aligned_declaration_witness,0.2789999999999973,0.2789999999999968,13388.226510432927,13388.226510432927,0.0,2.984716127724107e-15,1.6653345369377348e-16,0.0,0.0,0.0,0.0,0.0,0.0,0,0.7505894506200845,0.7505894506200845,1.0000000000000004,1.0000000000000004,37,True
70,2,6722,2be9ba53c0d1806a1502dff5b57ef3767bd09fabf655634cb844d9f2ac2087c0,0,full_declared_day,153f2686a97e34b41099eda91952d787a1cd6c17a5aa81869ab7d08d479584be,153f2686a97e34b41099eda91952d787a1cd6c17a5aa81869ab7d08d479584be,risk_aligned_declaration_witness,0.2789999999999973,0.2789999999999968,13388.226510432927,13388.226510432927,0.0,2.984716127724107e-15,1.6653345369377348e-16,0.0,0.0,0.0,0.0,0.0,0.0,0,0.7505894506200845,0.7505894506200845,1.0000000000000004,1.0000000000000004,37,True
70,3,6723,2be9ba53c0d1806a1502dff5b57ef3767bd09fabf655634cb844d9f2ac2087c0,0,full_declared_day,153f2686a97e34b41099eda91952d787a1cd6c17a5aa81869ab7d08d479584be,153f2686a97e34b41099eda91952d787a1cd6c17a5aa81869ab7d08d479584be,risk_aligned_declaration_witness,0.2789999999999973,0.2789999999999968,13388.226510432927,13388.226510432927,0.0,2.984716127724107e-15,1.6653345369377348e-16,0.0,0.0,0.0,0.0,0.0,0.0,0,0.7505894506200845,0.7505894506200845,1.0000000000000004,1.0000000000000004,37,True
70,4,6724,2be9ba53c0d1806a1502dff5b57ef3767bd09fabf655634cb844d9f2ac2087c0,0,full_declared_day,153f2686a97e34b41099eda91952d787a1cd6c17a5aa81869ab7d08d479584be,153f2686a97e34b41099eda91952d787a1cd6c17a5aa81869ab7d08d479584be,risk_aligned_declaration_witness,0.2789999999999973,0.2789999999999968,13388.226510432927,13388.226510432927,0.0,2.984716127724107e-15,1.6653345369377348e-16,0.0,0.0,0.0,0.0,0.0,0.0,0,0.7505894506200845,0.7505894506200845,1.0000000000000004,1.0000000000000004,37,True
70,5,6725,2be9ba53c0d1806a1502dff5b57ef3767bd09fabf655634cb844d9f2ac2087c0,0,full_declared_day,153f2686a97e34b41099eda91952d787a1cd6c17a5aa81869ab7d08d479584be,153f2686a97e34b41099eda91952d787a1cd6c17a5aa81869ab7d08d479584be,risk_aligned_declaration_witness,0.2789999999999973,0.2789999999999968,13388.226510432927,13388.226510432927,0.0,2.984716127724107e-15,1.6653345369377348e-16,0.0,0.0,0.0,0.0,0.0,0.0,0,0.7505894506200845,0.7505894506200845,1.0000000000000004,1.0000000000000004,37,True
70,6,6726,2be9ba53c0d1806a1502dff5b57ef3767bd09fabf655634cb844d9f2ac2087c0,0,full_declared_day,153f2686a97e34b41099eda91952d787a1cd6c17a5aa81869ab7d08d479584be,153f2686a97e34b41099eda91952d787a1cd6c17a5aa81869ab7d08d479584be,risk_aligned_declaration_witness,0.3429999999999973,0.3429999999999968,13388.602379282129,13388.602379282129,0.0,2.984716127724107e-15,1.6653345369377348e-16,0.0,0.0,0.0,0.0,0.0,0.0,0,0.7505852909715394,0.7505852909715394,1.0000000000000002,1.0000000000000002,37,True
70,7,6727,2be9ba53c0d1806a1502dff5b57ef3767bd09fabf655634cb844d9f2ac2087c0,0,full_declared_day,153f2686a97e34b41099eda91952d787a1cd6c17a5aa81869ab7d08d479584be,153f2686a97e34b41099eda91952d787a1cd6c17a5aa81869ab7d08d479584be,risk_aligned_declaration_witness,0.3429999999999973,0.3429999999999968,13388.602379282129,13388.602379282129,0.0,2.984716127724107e-15,1.6653345369377348e-16,0.0,0.0,0.0,0.0,0.0,0.0,0,0.7505852909715394,0.7505852909715394,1.0000000000000002,1.0000000000000002,37,True
70,8,6728,2be9ba53c0d1806a1502dff5b57ef3767bd09fabf655634cb844d9f2ac2087c0,0,full_declared_day,153f2686a97e34b41099eda91952d787a1cd6c17a5aa81869ab7d08d479584be,153f2686a97e34b41099eda91952d787a1cd6c17a5aa81869ab7d08d479584be,risk_aligned_declaration_witness,0.2809999999999973,0.2809999999999968,13388.235088378928,13388.235088378928,0.0,2.984716127724107e-15,1.6653345369377348e-16,0.0,0.0,0.0,0.0,0.0,0.0,0,0.7505889630704204,0.7505889630704204,1.0000000000000004,1.0000000000000004,37,True
70,9,6729,2be9ba53c0d1806a1502dff5b57ef3767bd09fabf655634cb844d9f2ac2087c0,0,full_declared_day,153f2686a97e34b41099eda91952d787a1cd6c17a5aa81869ab7d08d479584be,153f2686a97e34b41099eda91952d787a1cd6c17a5aa81869ab7d08d479584be,risk_aligned_declaration_witness,0.2809999999999973,0.2809999999999968,13388.235088378928,13388.235088378928,0.0,2.984716127724107e-15,1.6653345369377348e-16,0.0,0.0,0.0,0.0,0.0,0.0,0,0.7505889630704204,0.7505889630704204,1.0000000000000004,1.0000000000000004,37,True
70,10,6730,2be9ba53c0d1806a1502dff5b57ef3767bd09fabf655634cb844d9f2ac2087c0,0,full_declared_day,153f2686a97e34b41099eda91952d787a1cd6c17a5aa81869ab7d08d479584be,153f2686a97e34b41099eda91952d787a1cd6c17a5aa81869ab7d08d479584be,risk_aligned_declaration_witness,0.2789999999999973,0.2789999999999968,13388.226510432927,13388.226510432927,0.0,2.984716127724107e-15,1.6653345369377348e-16,0.0,0.0,0.0,0.0,0.0,0.0,0,0.7505894506200845,0.7505894506200845,1.0000000000000004,1.0000000000000004,37,True
70,11,6731,2be9ba53c0d1806a1502dff5b57ef3767bd09fabf655634cb844d9f2ac2087c0,0,full_declared_day,153f2686a97e34b41099eda91952d787a1cd6c17a5aa81869ab7d08d479584be,153f2686a97e34b41099eda91952d787a1cd6c17a5aa81869ab7d08d479584be,risk_aligned_declaration_witness,0.2789999999999973,0.2789999999999968,13388.226510432927,13388.226510432927,0.0,2.984716127724107e-15,1.6653345369377348e-16,0.0,0.0,0.0,0.0,0.0,0.0,0,0.7505894506200845,0.7505894506200845,1.0000000000000004,1.0000000000000004,37,True
70,12,6732,2be9ba53c0d1806a1502dff5b57ef3767bd09fabf655634cb844d9f2ac2087c0,0,full_declared_day,153f2686a97e34b41099eda91952d787a1cd6c17a5aa81869ab7d08d479584be,153f2686a97e34b41099eda91952d787a1cd6c17a5aa81869ab7d08d479584be,risk_aligned_declaration_witness,0.2789999999999973,0.2789999999999968,13388.226510432927,13388.226510432927,0.0,2.984716127724107e-15,1.6653345369377348e-16,0.0,0.0,0.0,0.0,0.0,0.0,0,0.7505894506200845,0.7505894506200845,1.0000000000000004,1.0000000000000004,37,True
70,13,6733,2be9ba53c0d1806a1502dff5b57ef3767bd09fabf655634cb844d9f2ac2087c0,0,full_declared_day,153f2686a97e34b41099eda91952d787a1cd6c17a5aa81869ab7d08d479584be,153f2686a97e34b41099eda91952d787a1cd6c17a5aa81869ab7d08d479584be,risk_aligned_declaration_witness,0.2779999999999973,0.2779999999999968,13388.21468975793,13388.21468975793,0.0,2.984716127724107e-15,1.6653345369377348e-16,0.0,0.0,0.0,0.0,0.0,0.0,0,0.7505894506200845,0.7505894506200845,1.0000000000000004,1.0000000000000004,37,True
70,14,6734,2be9ba53c0d1806a1502dff5b57ef3767bd09fabf655634cb844d9f2ac2087c0,0,full_declared_day,153f2686a97e34b41099eda91952d787a1cd6c17a5aa81869ab7d08d479584be,153f2686a97e34b41099eda91952d787a1cd6c17a5aa81869ab7d08d479584be,risk_aligned_declaration_witness,0.2779999999999973,0.2779999999999968,13388.21468975793,13388.21468975793,0.0,2.984716127724107e-15,1.6653345369377348e-16,0.0,0.0,0.0,0.0,0.0,0.0,0,0.7505894344168824,0.7505894344168824,1.0000000000000004,1.0000000000000004,37,True
70,15,6735,2be9ba53c0d1806a1502dff5b57ef3767bd09fabf655634cb844d9f2ac2087c0,0,full_declared_day,153f2686a97e34b41099eda91952d787a1cd6c17a5aa81869ab7d08d479584be,153f2686a97e34b41099eda91952d787a1cd6c17a5aa81869ab7d08d479584be,risk_aligned_declaration_witness,0.2779999999999973,0.2779999999999968,13388.21468975793,13388.21468975793,0.0,2.984716127724107e-15,1.6653345369377348e-16,0.0,0.0,0.0,0.0,0.0,0.0,0,0.7505894344168824,0.7505894344168824,1.0000000000000004,1.0000000000000004,37,True
70,16,6736,2be9ba53c0d1806a1502dff5b57ef3767bd09fabf655634cb844d9f2ac2087c0,0,full_declared_day,153f2686a97e34b41099eda91952d787a1cd6c17a5aa81869ab7d08d479584be,153f2686a97e34b41099eda91952d787a1cd6c17a5aa81869ab7d08d479584be,risk_aligned_declaration_witness,0.2779999999999973,0.2779999999999968,13388.21468975793,13388.21468975793,0.0,2.984716127724107e-15,1.6653345369377348e-16,0.0,0.0,0.0,0.0,0.0,0.0,0,0.7505894344168824,0.7505894344168824,1.0000000000000004,1.0000000000000004,37,True
70,17,6737,2be9ba53c0d1806a1502dff5b57ef3767bd09fabf655634cb844d9f2ac2087c0,0,full_declared_day,153f2686a97e34b41099eda91952d787a1cd6c17a5aa81869ab7d08d479584be,153f2686a97e34b41099eda91952d787a1cd6c17a5aa81869ab7d08d479584be,risk_aligned_declaration_witness,0.2779999999999973,0.2779999999999968,13388.21468975793,13388.21468975793,0.0,2.984716127724107e-15,1.6653345369377348e-16,0.0,0.0,0.0,0.0,0.0,0.0,0,0.7505894344168824,0.7505894344168824,1.0000000000000004,1.0000000000000004,37,True
70,18,6738,2be9ba53c0d1806a1502dff5b57ef3767bd09fabf655634cb844d9f2ac2087c0,0,full_declared_day,153f2686a97e34b41099eda91952d787a1cd6c17a5aa81869ab7d08d479584be,153f2686a97e34b41099eda91952d787a1cd6c17a5aa81869ab7d08d479584be,risk_aligned_declaration_witness,0.2899999999999973,0.2899999999999968,13388.285165167154,13388.285165167154,0.0,2.984716127724107e-15,1.6653345369377348e-16,0.0,0.0,0.0,0.0,0.0,0.0,0,0.7505886544827801,0.7505886544827801,1.0000000000000002,1.0000000000000002,37,True
70,19,6739,2be9ba53c0d1806a1502dff5b57ef3767bd09fabf655634cb844d9f2ac2087c0,0,full_declared_day,153f2686a97e34b41099eda91952d787a1cd6c17a5aa81869ab7d08d479584be,153f2686a97e34b41099eda91952d787a1cd6c17a5aa81869ab7d08d479584be,risk_aligned_declaration_witness,0.3029999999999974,0.3029999999999968,13388.36746125138,13388.36746125138,0.0,2.984716127724107e-15,1.6653345369377348e-16,0.0437899408019893,0.0,0.0,0.0,0.0,0.0,0,0.7505878745486776,0.7505878745486776,1.0,1.0,37,True
70,20,6740,2be9ba53c0d1806a1502dff5b57ef3767bd09fabf655634cb844d9f2ac2087c0,0,full_declared_day,153f2686a97e34b41099eda91952d787a1cd6c17a5aa81869ab7d08d479584be,153f2686a97e34b41099eda91952d787a1cd6c17a5aa81869ab7d08d479584be,risk_aligned_declaration_witness,0.3039999999999974,0.3039999999999968,13388.371152328917,13388.371152328917,0.0,2.984716127724107e-15,1.6653345369377348e-16,0.0616777613507399,0.0,0.0,0.0,0.0,0.0,0,0.7505878745486776,0.7505878745486776,1.0,1.0,37,True
70,21,6741,2be9ba53c0d1806a1502dff5b57ef3767bd09fabf655634cb844d9f2ac2087c0,0,full_declared_day,153f2686a97e34b41099eda91952d787a1cd6c17a5aa81869ab7d08d479584be,153f2686a97e34b41099eda91952d787a1cd6c17a5aa81869ab7d08d479584be,risk_aligned_declaration_witness,0.3719999999999974,0.3559999999999969,13388.737039739428,13388.668416171427,0.0686235680004756,0.0686235680000029,0.0040000000000001,0.0290595043201732,0.0,0.0,0.0686235680004756,0.0686235680004756,0.0686235680004756,0,0.7505805944369224,0.7505844948342351,1.0000000000000004,1.0000000000000004,37,True
70,22,6742,2be9ba53c0d1806a1502dff5b57ef3767bd09fabf655634cb844d9f2ac2087c0,0,full_declared_day,153f2686a97e34b41099eda91952d787a1cd6c17a5aa81869ab7d08d479584be,153f2686a97e34b41099eda91952d787a1cd6c17a5aa81869ab7d08d479584be,risk_aligned_declaration_witness,0.3709999999999974,0.3709999999999969,13388.733348661892,13388.733348661892,0.0,2.984716127724107e-15,1.6653345369377348e-16,0.085172047061972,0.0,0.0,0.0,0.0,0.0,0,0.7505805944369224,0.7505805944369224,1.0000000000000002,1.0000000000000002,37,True
70,23,6743,2be9ba53c0d1806a1502dff5b57ef3767bd09fabf655634cb844d9f2ac2087c0,0,full_declared_day,153f2686a97e34b41099eda91952d787a1cd6c17a5aa81869ab7d08d479584be,153f2686a97e34b41099eda91952d787a1cd6c17a5aa81869ab7d08d479584be,risk_aligned_declaration_witness,0.3549999999999974,0.3709999999999969,13388.664725093891,13388.733348661892,-0.0686235679986566,-0.068623567999997,1.52655665885959e-16,0.088073851784379,0.0,0.0,-0.0686235679986566,-0.0686235679986566,0.0,1,0.7505844948342351,0.7505805944369224,1.0000000000000002,1.0000000000000002,37,True
70,24,6744,2be9ba53c0d1806a1502dff5b57ef3767bd09fabf655634cb844d9f2ac2087c0,0,full_declared_day,153f2686a97e34b41099eda91952d787a1cd6c17a5aa81869ab7d08d479584be,153f2686a97e34b41099eda91952d787a1cd6c17a5aa81869ab7d08d479584be,risk_aligned_declaration_witness,0.3549999999999974,0.3549999999999969,13388.664725093891,13388.664725093891,0.0,2.984716127724107e-15,1.6653345369377348e-16,0.0,0.0,0.0,0.0,0.0,0.0,0,0.7505844948342351,0.7505844948342351,1.0000000000000002,1.0000000000000002,37,True
70,25,6745,2be9ba53c0d1806a1502dff5b57ef3767bd09fabf655634cb844d9f2ac2087c0,0,full_declared_day,153f2686a97e34b41099eda91952d787a1cd6c17a5aa81869ab7d08d479584be,153f2686a97e34b41099eda91952d787a1cd6c17a5aa81869ab7d08d479584be,risk_aligned_declaration_witness,0.3549999999999974,0.3549999999999969,13388.664725093891,13388.664725093891,0.0,2.984716127724107e-15,1.6653345369377348e-16,0.0,0.0,0.0,0.0,0.0,0.0,0,0.7505844948342351,0.7505844948342351,1.0000000000000002,1.0000000000000002,37,True
70,26,6746,2be9ba53c0d1806a1502dff5b57ef3767bd09fabf655634cb844d9f2ac2087c0,0,full_declared_day,153f2686a97e34b41099eda91952d787a1cd6c17a5aa81869ab7d08d479584be,153f2686a97e34b41099eda91952d787a1cd6c17a5aa81869ab7d08d479584be,risk_aligned_declaration_witness,0.3529999999999974,0.3529999999999968,13388.64108374389,13388.64108374389,0.0,2.984716127724107e-15,1.6653345369377348e-16,0.0,0.0,0.0,0.0,0.0,0.0,0,0.7505844948342351,0.7505844948342351,1.0000000000000002,1.0000000000000002,37,True
70,27,6747,2be9ba53c0d1806a1502dff5b57ef3767bd09fabf655634cb844d9f2ac2087c0,0,full_declared_day,153f2686a97e34b41099eda91952d787a1cd6c17a5aa81869ab7d08d479584be,153f2686a97e34b41099eda91952d787a1cd6c17a5aa81869ab7d08d479584be,risk_aligned_declaration_witness,0.3529999999999974,0.3529999999999968,13388.64108374389,13388.64108374389,0.0,2.984716127724107e-15,1.6653345369377348e-16,0.0,0.0,0.0,0.0,0.0,0.0,0,0.7505844948342351,0.7505844948342351,1.0000000000000002,1.0000000000000002,37,True
70,28,6748,2be9ba53c0d1806a1502dff5b57ef3767bd09fabf655634cb844d9f2ac2087c0,0,full_declared_day,153f2686a97e34b41099eda91952d787a1cd6c17a5aa81869ab7d08d479584be,153f2686a97e34b41099eda91952d787a1cd6c17a5aa81869ab7d08d479584be,risk_aligned_declaration_witness,0.3529999999999974,0.3529999999999968,13388.64108374389,13388.64108374389,0.0,2.984716127724107e-15,1.6653345369377348e-16,0.0,0.0,0.0,0.0,0.0,0.0,0,0.7505844948342351,0.7505844948342351,1.0000000000000002,1.0000000000000002,37,True
70,29,6749,2be9ba53c0d1806a1502dff5b57ef3767bd09fabf655634cb844d9f2ac2087c0,0,full_declared_day,153f2686a97e34b41099eda91952d787a1cd6c17a5aa81869ab7d08d479584be,153f2686a97e34b41099eda91952d787a1cd6c17a5aa81869ab7d08d479584be,risk_aligned_declaration_witness,0.3529999999999974,0.3529999999999968,13388.64108374389,13388.64108374389,0.0,2.984716127724107e-15,1.6653345369377348e-16,0.0,0.0,0.0,0.0,0.0,0.0,0,0.7505844948342351,0.7505844948342351,1.0000000000000002,1.0000000000000002,37,True
70,30,6750,2be9ba53c0d1806a1502dff5b57ef3767bd09fabf655634cb844d9f2ac2087c0,0,full_declared_day,153f2686a97e34b41099eda91952d787a1cd6c17a5aa81869ab7d08d479584be,153f2686a97e34b41099eda91952d787a1cd6c17a5aa81869ab7d08d479584be,risk_aligned_declaration_witness,0.3499999999999974,0.3499999999999968,13388.621880913815,13388.621880913815,0.0,2.984716127724107e-15,1.6653345369377348e-16,0.0,0.0,0.0,0.0,0.0,0.0,0,0.7505845110374372,0.7505845110374372,1.0000000000000004,1.0000000000000004,37,True
70,31,6751,2be9ba53c0d1806a1502dff5b57ef3767bd09fabf655634cb844d9f2ac2087c0,0,full_declared_day,153f2686a97e34b41099eda91952d787a1cd6c17a5aa81869ab7d08d479584be,153f2686a97e34b41099eda91952d787a1cd6c17a5aa81869ab7d08d479584be,risk_aligned_declaration_witness,0.3539999999999974,0.3539999999999969,13388.653502314355,13388.653502314355,0.0,2.984716127724107e-15,1.6653345369377348e-16,0.0,0.0,0.0,0.0,0.0,0.0,0,0.7505842510594032,0.7505842510594032,1.0000000000000004,1.0000000000000004,37,True
70,32,6752,2be9ba53c0d1806a1502dff5b57ef3767bd09fabf655634cb844d9f2ac2087c0,0,full_declared_day,153f2686a97e34b41099eda91952d787a1cd6c17a5aa81869ab7d08d479584be,153f2686a97e34b41099eda91952d787a1cd6c17a5aa81869ab7d08d479584be,risk_aligned_declaration_witness,0.3559999999999974,0.3559999999999969,13388.662080260352,13388.662080260352,0.0,2.984716127724107e-15,1.6653345369377348e-16,0.0,0.0,0.0,0.0,0.0,0.0,0,0.7505837635097391,0.7505837635097391,1.0000000000000004,1.0000000000000004,37,True
70,33,6753,2be9ba53c0d1806a1502dff5b57ef3767bd09fabf655634cb844d9f2ac2087c0,0,full_declared_day,153f2686a97e34b41099eda91952d787a1cd6c17a5aa81869ab7d08d479584be,153f2686a97e34b41099eda91952d787a1cd6c17a5aa81869ab7d08d479584be,risk_aligned_declaration_witness,0.3579999999999974,0.3579999999999969,13388.685721610354,13388.685721610354,0.0,2.984716127724107e-15,1.6653345369377348e-16,0.059337973232716,0.0,0.0,0.0,0.0,0.0,0,0.7505837635097391,0.7505837635097391,1.0000000000000004,1.0000000000000004,37,True
70,34,6754,2be9ba53c0d1806a1502dff5b57ef3767bd09fabf655634cb844d9f2ac2087c0,0,full_declared_day,153f2686a97e34b41099eda91952d787a1cd6c17a5aa81869ab7d08d479584be,153f2686a97e34b41099eda91952d787a1cd6c17a5aa81869ab7d08d479584be,risk_aligned_declaration_witness,0.3599999999999974,0.3599999999999969,13388.69370166089,13388.69370166089,0.0,2.984716127724107e-15,1.6653345369377348e-16,0.0779321111610875,0.0,0.0,0.0,0.0,0.0,0,0.750583503531705,0.750583503531705,1.0000000000000002,1.0000000000000002,37,True
70,35,6755,2be9ba53c0d1806a1502dff5b57ef3767bd09fabf655634cb844d9f2ac2087c0,0,full_declared_day,153f2686a97e34b41099eda91952d787a1cd6c17a5aa81869ab7d08d479584be,153f2686a97e34b41099eda91952d787a1cd6c17a5aa81869ab7d08d479584be,risk_aligned_declaration_witness,0.3609999999999974,0.3609999999999969,13388.697392738428,13388.697392738428,0.0,2.984716127724107e-15,1.6653345369377348e-16,0.0752584811120327,0.0,0.0,0.0,0.0,0.0,0,0.750583487328503,0.750583487328503,1.0000000000000002,1.0000000000000002,37,True
70,36,6756,2be9ba53c0d1806a1502dff5b57ef3767bd09fabf655634cb844d9f2ac2087c0,0,full_declared_day,153f2686a97e34b41099eda91952d787a1cd6c17a5aa81869ab7d08d479584be,153f2686a97e34b41099eda91952d787a1cd6c17a5aa81869ab7d08d479584be,risk_aligned_declaration_witness,0.3609999999999974,0.3609999999999969,13388.69799063389,13388.69799063389,0.0,2.984716127724107e-15,1.6653345369377348e-16,0.0839934472688566,0.0,0.0,0.0,0.0,0.0,0,0.7505832597568731,0.7505832597568731,1.0000000000000002,1.0000000000000002,37,True
70,37,6757,2be9ba53c0d1806a1502dff5b57ef3767bd09fabf655634cb844d9f2ac2087c0,0,full_declared_day,153f2686a97e34b41099eda91952d787a1cd6c17a5aa81869ab7d08d479584be,153f2686a97e34b41099eda91952d787a1cd6c17a5aa81869ab7d08d479584be,risk_aligned_declaration_witness,0.3489999999999974,0.3489999999999968,13388.618787731742,13388.618787731742,0.0,2.984716127724107e-15,1.6653345369377348e-16,0.0532065970125674,0.0,0.0,0.0,0.0,0.0,0,0.7505842672626052,0.7505842672626052,1.0000000000000004,1.0000000000000004,37,True
70,38,6758,2be9ba53c0d1806a1502dff5b57ef3767bd09fabf655634cb844d9f2ac2087c0,0,full_declared_day,153f2686a97e34b41099eda91952d787a1cd6c17a5aa81869ab7d08d479584be,153f2686a97e34b41099eda91952d787a1cd6c17a5aa81869ab7d08d479584be,risk_aligned_declaration_witness,0.3479999999999974,0.3479999999999968,13388.61449875874,13388.61449875874,0.0,2.984716127724107e-15,1.6653345369377348e-16,0.0658133710224735,0.0,0.0,0.0,0.0,0.0,0,0.7505845110374372,0.7505845110374372,1.0000000000000004,1.0000000000000004,37,True
70,39,6759,2be9ba53c0d1806a1502dff5b57ef3767bd09fabf655634cb844d9f2ac2087c0,0,full_declared_day,153f2686a97e34b41099eda91952d787a1cd6c17a5aa81869ab7d08d479584be,153f2686a97e34b41099eda91952d787a1cd6c17a5aa81869ab7d08d479584be,risk_aligned_declaration_witness,0.3499999999999974,0.3499999999999968,13388.63001051128,13388.63001051128,0.0,2.984716127724107e-15,1.6653345369377348e-16,0.0601261701450056,0.0,0.0,0.0,0.0,0.0,0,0.7505845110374373,0.7505845110374373,1.0000000000000004,1.0000000000000004,37,True
70,40,6760,2be9ba53c0d1806a1502dff5b57ef3767bd09fabf655634cb844d9f2ac2087c0,0,full_declared_day,153f2686a97e34b41099eda91952d787a1cd6c17a5aa81869ab7d08d479584be,153f2686a97e34b41099eda91952d787a1cd6c17a5aa81869ab7d08d479584be,risk_aligned_declaration_witness,0.3499999999999974,0.3499999999999968,13388.63001051128,13388.63001051128,0.0,2.984716127724107e-15,1.6653345369377348e-16,0.0388408841547444,0.0,0.0,0.0,0.0,0.0,0,0.7505845110374373,0.7505845110374373,1.0000000000000004,1.0000000000000004,37,True
70,41,6761,2be9ba53c0d1806a1502dff5b57ef3767bd09fabf655634cb844d9f2ac2087c0,0,full_declared_day,153f2686a97e34b41099eda91952d787a1cd6c17a5aa81869ab7d08d479584be,153f2686a97e34b41099eda91952d787a1cd6c17a5aa81869ab7d08d479584be,risk_aligned_declaration_witness,0.3499999999999974,0.3499999999999968,13388.63001051128,13388.63001051128,0.0,2.984716127724107e-15,1.6653345369377348e-16,0.0769706616479694,0.0,0.0,0.0,0.0,0.0,0,0.7505845110374373,0.7505845110374373,1.0000000000000004,1.0000000000000004,37,True
70,42,6762,2be9ba53c0d1806a1502dff5b57ef3767bd09fabf655634cb844d9f2ac2087c0,0,full_declared_day,153f2686a97e34b41099eda91952d787a1cd6c17a5aa81869ab7d08d479584be,153f2686a97e34b41099eda91952d787a1cd6c17a5aa81869ab7d08d479584be,risk_aligned_declaration_witness,0.3379999999999974,0.3379999999999968,13388.559535102057,13388.559535102057,0.0,2.984716127724107e-15,1.6653345369377348e-16,0.0,0.0,0.0,0.0,0.0,0.0,0,0.7505852909715393,0.7505852909715393,1.0000000000000002,1.0000000000000002,37,True
70,43,6763,2be9ba53c0d1806a1502dff5b57ef3767bd09fabf655634cb844d9f2ac2087c0,0,full_declared_day,153f2686a97e34b41099eda91952d787a1cd6c17a5aa81869ab7d08d479584be,153f2686a97e34b41099eda91952d787a1cd6c17a5aa81869ab7d08d479584be,risk_aligned_declaration_witness,0.3239999999999974,0.3239999999999968,13388.481079642292,13388.481079642292,0.0,2.984716127724107e-15,1.6653345369377348e-16,0.0,0.0,0.0,0.0,0.0,0.0,0,0.7505863308836755,0.7505863308836755,1.0000000000000002,1.0000000000000002,37,True
70,44,6764,2be9ba53c0d1806a1502dff5b57ef3767bd09fabf655634cb844d9f2ac2087c0,0,full_declared_day,153f2686a97e34b41099eda91952d787a1cd6c17a5aa81869ab7d08d479584be,153f2686a97e34b41099eda91952d787a1cd6c17a5aa81869ab7d08d479584be,risk_aligned_declaration_witness,0.3219999999999974,0.3219999999999968,13388.473099591754,13388.473099591754,0.0,2.984716127724107e-15,1.6653345369377348e-16,0.0,0.0,0.0,0.0,0.0,0.0,0,0.7505865908617098,0.7505865908617098,1.0000000000000002,1.0000000000000002,37,True
70,45,6765,2be9ba53c0d1806a1502dff5b57ef3767bd09fabf655634cb844d9f2ac2087c0,0,full_declared_day,153f2686a97e34b41099eda91952d787a1cd6c17a5aa81869ab7d08d479584be,153f2686a97e34b41099eda91952d787a1cd6c17a5aa81869ab7d08d479584be,risk_aligned_declaration_witness,0.2679999999999973,0.2679999999999968,13388.160323996704,13388.160323996704,0.0,2.984716127724107e-15,1.6653345369377348e-16,0.0,0.0,0.0,0.0,0.0,0.0,0,0.7505899867793546,0.7505899867793546,1.0000000000000002,1.0000000000000002,37,True
70,46,6766,2be9ba53c0d1806a1502dff5b57ef3767bd09fabf655634cb844d9f2ac2087c0,0,full_declared_day,153f2686a97e34b41099eda91952d787a1cd6c17a5aa81869ab7d08d479584be,153f2686a97e34b41099eda91952d787a1cd6c17a5aa81869ab7d08d479584be,risk_aligned_declaration_witness,0.2839999999999973,0.2839999999999968,13388.284418017003,13388.284418017003,0.0,2.984716127724107e-15,1.6653345369377348e-16,0.0,0.0,0.0,0.0,0.0,0.0,0,0.7505899867793546,0.7505899867793546,1.0000000000000004,1.0000000000000004,37,True
70,47,6767,2be9ba53c0d1806a1502dff5b57ef3767bd09fabf655634cb844d9f2ac2087c0,0,full_declared_day,153f2686a97e34b41099eda91952d787a1cd6c17a5aa81869ab7d08d479584be,153f2686a97e34b41099eda91952d787a1cd6c17a5aa81869ab7d08d479584be,risk_aligned_declaration_witness,0.2999999999999974,0.2919999999999968,13388.348258421302,13388.313946637303,0.0343117839984188,0.034311784000003,0.0020000000000001,0.0,0.0,0.0,0.0343117839984188,0.0343117839984188,0.0343117839984188,0,0.7505879069550817,0.7505898571537382,1.0,1.0,37,True
70,48,6768,2be9ba53c0d1806a1502dff5b57ef3767bd09fabf655634cb844d9f2ac2087c0,0,full_declared_day,153f2686a97e34b41099eda91952d787a1cd6c17a5aa81869ab7d08d479584be,153f2686a97e34b41099eda91952d787a1cd6c17a5aa81869ab7d08d479584be,risk_aligned_declaration_witness,0.3079999999999974,0.2999999999999968,13388.442823821304,13388.408512037304,0.0343117840002378,0.034311784000003,0.0020000000000001,0.0,0.0,0.0,0.0343117840002378,0.0343117840002378,0.0343117840002378,0,0.7505879069550817,0.750589857153738,1.0,1.0,37,True
70,49,6769,2be9ba53c0d1806a1502dff5b57ef3767bd09fabf655634cb844d9f2ac2087c0,0,full_declared_day,153f2686a97e34b41099eda91952d787a1cd6c17a5aa81869ab7d08d479584be,153f2686a97e34b41099eda91952d787a1cd6c17a5aa81869ab7d08d479584be,risk_aligned_declaration_witness,0.3019999999999974,0.2939999999999968,13388.403820265688,13388.36950848169,0.0343117839984188,0.034311784000003,0.0020000000000001,0.0,0.0,0.0,0.0343117839984188,0.0343117839984188,0.0343117839984188,0,0.7505881669331161,0.7505901171317725,1.0000000000000002,1.0000000000000002,37,True
70,50,6770,2be9ba53c0d1806a1502dff5b57ef3767bd09fabf655634cb844d9f2ac2087c0,0,full_declared_day,153f2686a97e34b41099eda91952d787a1cd6c17a5aa81869ab7d08d479584be,153f2686a97e34b41099eda91952d787a1cd6c17a5aa81869ab7d08d479584be,risk_aligned_declaration_witness,0.3019999999999974,0.2939999999999968,13388.403820265688,13388.36950848169,0.0343117839984188,0.034311784000003,0.0020000000000001,0.0,0.0,0.0,0.0343117839984188,0.0343117839984188,0.0343117839984188,0,0.7505881669331161,0.7505901171317725,1.0000000000000002,1.0000000000000002,37,True
70,51,6771,2be9ba53c0d1806a1502dff5b57ef3767bd09fabf655634cb844d9f2ac2087c0,0,full_declared_day,153f2686a97e34b41099eda91952d787a1cd6c17a5aa81869ab7d08d479584be,153f2686a97e34b41099eda91952d787a1cd6c17a5aa81869ab7d08d479584be,risk_aligned_declaration_witness,0.3019999999999974,0.2939999999999968,13388.403820265688,13388.36950848169,0.0343117839984188,0.034311784000003,0.0020000000000001,0.0,0.0,0.0,0.0343117839984188,0.0343117839984188,0.0343117839984188,0,0.7505881669331161,0.7505901171317725,1.0000000000000002,1.0000000000000002,37,True
70,52,6772,2be9ba53c0d1806a1502dff5b57ef3767bd09fabf655634cb844d9f2ac2087c0,0,full_declared_day,153f2686a97e34b41099eda91952d787a1cd6c17a5aa81869ab7d08d479584be,153f2686a97e34b41099eda91952d787a1cd6c17a5aa81869ab7d08d479584be,risk_aligned_declaration_witness,0.2999999999999974,0.2909999999999968,13388.396438110616,13388.350305651617,0.0461324589996365,0.046132459000003,0.0022500000000001,0.0,0.0,0.0,0.0461324589996365,0.0461324589996365,0.0461324589996365,0,0.7505881831363181,0.7505901333349746,1.0000000000000002,1.0000000000000002,37,True
70,53,6773,2be9ba53c0d1806a1502dff5b57ef3767bd09fabf655634cb844d9f2ac2087c0,0,full_declared_day,153f2686a97e34b41099eda91952d787a1cd6c17a5aa81869ab7d08d479584be,153f2686a97e34b41099eda91952d787a1cd6c17a5aa81869ab7d08d479584be,risk_aligned_declaration_witness,0.2999999999999974,0.2919999999999968,13388.396438110616,13388.362126326616,0.0343117840002378,0.034311784000003,0.0020000000000001,0.0,0.0,0.0,0.0343117840002378,0.0343117840002378,0.0343117840002378,0,0.7505881831363181,0.7505901333349745,1.0000000000000002,1.0000000000000002,37,True
70,54,6774,2be9ba53c0d1806a1502dff5b57ef3767bd09fabf655634cb844d9f2ac2087c0,0,full_declared_day,153f2686a97e34b41099eda91952d787a1cd6c17a5aa81869ab7d08d479584be,153f2686a97e34b41099eda91952d787a1cd6c17a5aa81869ab7d08d479584be,risk_aligned_declaration_witness,0.3009999999999974,0.2939999999999968,13388.408258785616,13388.385767676617,0.022491109000839,0.022491109000003,0.0020000000000001,0.0,0.0,0.0,0.022491109000839,0.022491109000839,0.022491109000839,0,0.7505881831363181,0.7505901333349746,1.0000000000000002,1.0000000000000002,37,True
70,55,6775,2be9ba53c0d1806a1502dff5b57ef3767bd09fabf655634cb844d9f2ac2087c0,0,full_declared_day,153f2686a97e34b41099eda91952d787a1cd6c17a5aa81869ab7d08d479584be,153f2686a97e34b41099eda91952d787a1cd6c17a5aa81869ab7d08d479584be,risk_aligned_declaration_witness,0.3039999999999974,0.2949999999999968,13388.41933201823,13388.381329156691,0.0380028615381888,0.038002861537503,0.0022500000000001,0.0,0.0,0.0,0.0380028615381888,0.0380028615381888,0.0380028615381888,0,0.7505881507299139,0.7505901009285701,1.0,1.0,37,True
70,56,6776,2be9ba53c0d1806a1502dff5b57ef3767bd09fabf655634cb844d9f2ac2087c0,0,full_declared_day,153f2686a97e34b41099eda91952d787a1cd6c17a5aa81869ab7d08d479584be,153f2686a97e34b41099eda91952d787a1cd6c17a5aa81869ab7d08d479584be,risk_aligned_declaration_witness,0.3009999999999974,0.2919999999999968,13388.39199959069,13388.353996729153,0.0380028615381888,0.038002861537503,0.0022500000000001,0.0,0.0,0.0,0.0380028615381888,0.0380028615381888,0.0380028615381888,0,0.7505881669331161,0.7505901171317725,1.0000000000000002,1.0000000000000002,37,True
70,57,6777,2be9ba53c0d1806a1502dff5b57ef3767bd09fabf655634cb844d9f2ac2087c0,0,full_declared_day,153f2686a97e34b41099eda91952d787a1cd6c17a5aa81869ab7d08d479584be,153f2686a97e34b41099eda91952d787a1cd6c17a5aa81869ab7d08d479584be,risk_aligned_declaration_witness,0.2979999999999974,0.2899999999999968,13388.372198865152,13388.337887081154,0.0343117839984188,0.034311784000003,0.0020000000000001,0.0,0.0,0.0,0.0343117839984188,0.0343117839984188,0.0343117839984188,0,0.7505884107079482,0.7505903609066045,1.0000000000000002,1.0000000000000002,37,True
70,58,6778,2be9ba53c0d1806a1502dff5b57ef3767bd09fabf655634cb844d9f2ac2087c0,0,full_declared_day,153f2686a97e34b41099eda91952d787a1cd6c17a5aa81869ab7d08d479584be,153f2686a97e34b41099eda91952d787a1cd6c17a5aa81869ab7d08d479584be,risk_aligned_declaration_witness,0.3019999999999974,0.2949999999999968,13388.389354757152,13388.358734050693,0.0306207064622867,0.030620706462503,0.0020000000000001,0.0,0.0,0.0,0.0306207064622867,0.0306207064622867,0.0306207064622867,0,0.7505874356086198,0.7505893858072764,1.0000000000000002,1.0000000000000002,37,True
70,59,6779,2be9ba53c0d1806a1502dff5b57ef3767bd09fabf655634cb844d9f2ac2087c0,0,full_declared_day,153f2686a97e34b41099eda91952d787a1cd6c17a5aa81869ab7d08d479584be,153f2686a97e34b41099eda91952d787a1cd6c17a5aa81869ab7d08d479584be,risk_aligned_declaration_witness,0.3019999999999974,0.2949999999999968,13388.389354757152,13388.358734050693,0.0306207064622867,0.030620706462503,0.0020000000000001,0.0,0.0,0.0,0.0306207064622867,0.0306207064622867,0.0306207064622867,0,0.7505874356086198,0.7505893858072764,1.0000000000000002,1.0000000000000002,37,True
70,60,6780,2be9ba53c0d1806a1502dff5b57ef3767bd09fabf655634cb844d9f2ac2087c0,0,full_declared_day,153f2686a97e34b41099eda91952d787a1cd6c17a5aa81869ab7d08d479584be,153f2686a97e34b41099eda91952d787a1cd6c17a5aa81869ab7d08d479584be,risk_aligned_declaration_witness,0.3019999999999974,0.2939999999999968,13388.389354757152,13388.355042973151,0.0343117840002378,0.034311784000003,0.0020000000000001,0.0,0.0,0.0,0.0343117840002378,0.0343117840002378,0.0343117840002378,0,0.7505874356086198,0.7505893858072764,1.0000000000000002,1.0000000000000002,37,True
70,61,6781,2be9ba53c0d1806a1502dff5b57ef3767bd09fabf655634cb844d9f2ac2087c0,0,full_declared_day,153f2686a97e34b41099eda91952d787a1cd6c17a5aa81869ab7d08d479584be,153f2686a97e34b41099eda91952d787a1cd6c17a5aa81869ab7d08d479584be,risk_aligned_declaration_witness,0.3019999999999974,0.2939999999999968,13388.389354757152,13388.355042973151,0.0343117840002378,0.034311784000003,0.0020000000000001,0.0,0.0,0.0,0.0343117840002378,0.0343117840002378,0.0343117840002378,0,0.7505874356086198,0.7505893858072764,1.0000000000000002,1.0000000000000002,37,True
70,62,6782,2be9ba53c0d1806a1502dff5b57ef3767bd09fabf655634cb844d9f2ac2087c0,0,full_declared_day,153f2686a97e34b41099eda91952d787a1cd6c17a5aa81869ab7d08d479584be,153f2686a97e34b41099eda91952d787a1cd6c17a5aa81869ab7d08d479584be,risk_aligned_declaration_witness,0.2979999999999974,0.2899999999999968,13388.374590447002,13388.340278663003,0.0343117839984188,0.034311784000003,0.0020000000000001,0.0,0.0,0.0,0.0343117839984188,0.0343117839984188,0.0343117839984188,0,0.750587468015024,0.7505894182136803,1.0000000000000004,1.0000000000000004,37,True
70,63,6783,2be9ba53c0d1806a1502dff5b57ef3767bd09fabf655634cb844d9f2ac2087c0,0,full_declared_day,153f2686a97e34b41099eda91952d787a1cd6c17a5aa81869ab7d08d479584be,153f2686a97e34b41099eda91952d787a1cd6c17a5aa81869ab7d08d479584be,risk_aligned_declaration_witness,0.2959999999999974,0.2879999999999968,13388.366012501005,13388.331700717004,0.0343117839984188,0.034311784000003,0.0020000000000001,0.0054614699712769,0.0,0.0,0.0343117839984188,0.0343117839984188,0.0343117839984188,0,0.7505879555646882,0.7505899057633445,1.0000000000000004,1.0000000000000004,37,True
70,64,6784,2be9ba53c0d1806a1502dff5b57ef3767bd09fabf655634cb844d9f2ac2087c0,1,full_declared_day,153f2686a97e34b41099eda91952d787a1cd6c17a5aa81869ab7d08d479584be,153f2686a97e34b41099eda91952d787a1cd6c17a5aa81869ab7d08d479584be,risk_aligned_declaration_witness,0.2939999999999974,0.2859999999999968,13388.342371151002,13388.308059367004,0.0343117839984188,0.034311784000003,0.0020000000000001,0.0309476113572208,1.52655665885959e-16,2.289834988289385e-14,0.0343117839984417,0.0343117839984417,0.0343117839984417,0,0.7505879555646882,0.7505899057633445,1.0000000000000004,1.0000000000000004,37,True
70,65,6785,2be9ba53c0d1806a1502dff5b57ef3767bd09fabf655634cb844d9f2ac2087c0,1,full_declared_day,153f2686a97e34b41099eda91952d787a1cd6c17a5aa81869ab7d08d479584be,153f2686a97e34b41099eda91952d787a1cd6c17a5aa81869ab7d08d479584be,risk_aligned_declaration_witness,0.2859999999999973,0.2779999999999968,13388.311646739778,13388.27733495578,0.0343117839984188,0.034311784000003,0.0020000000000001,0.0330715236204933,1.52655665885959e-16,2.289834988289385e-14,0.0343117839984417,0.0343117839984417,0.0343117839984417,0,0.7505884917239583,0.7505904419226147,1.0000000000000002,1.0000000000000002,37,True
70,66,6786,2be9ba53c0d1806a1502dff5b57ef3767bd09fabf655634cb844d9f2ac2087c0,1,full_declared_day,153f2686a97e34b41099eda91952d787a1cd6c17a5aa81869ab7d08d479584be,153f2686a97e34b41099eda91952d787a1cd6c17a5aa81869ab7d08d479584be,risk_aligned_declaration_witness,0.2819999999999973,0.2739999999999968,13388.280623234705,13388.246311450705,0.0343117839984188,0.034311784000003,0.0020000000000001,0.0291980444916008,1.52655665885959e-16,2.289834988289385e-14,0.0343117839984417,0.0343117839984417,0.0343117839984417,0,0.7505884917239583,0.7505904419226147,1.0000000000000002,1.0000000000000002,37,True
70,67,6787,2be9ba53c0d1806a1502dff5b57ef3767bd09fabf655634cb844d9f2ac2087c0,1,full_declared_day,153f2686a97e34b41099eda91952d787a1cd6c17a5aa81869ab7d08d479584be,153f2686a97e34b41099eda91952d787a1cd6c17a5aa81869ab7d08d479584be,risk_aligned_declaration_witness,0.2809999999999973,0.2729999999999968,13388.26820466424,13388.233892880242,0.0343117839984188,0.034311784000003,0.0020000000000001,0.0316787517132341,1.52655665885959e-16,2.289834988289385e-14,0.0343117839984417,0.0343117839984417,0.0343117839984417,0,0.7505887354987902,0.7505906856974466,1.0000000000000002,1.0000000000000002,37,True
70,68,6788,2be9ba53c0d1806a1502dff5b57ef3767bd09fabf655634cb844d9f2ac2087c0,1,full_declared_day,153f2686a97e34b41099eda91952d787a1cd6c17a5aa81869ab7d08d479584be,153f2686a97e34b41099eda91952d787a1cd6c17a5aa81869ab7d08d479584be,risk_aligned_declaration_witness,0.2659999999999973,0.2579999999999968,13388.17792852948,13388.143616745478,0.0343117840020568,0.034311784000003,0.0020000000000001,0.0293215236204857,1.52655665885959e-16,2.289834988289385e-14,0.0343117840020797,0.0343117840020797,0.0343117840020797,0,0.7505897592077244,0.7505917094063809,1.0000000000000004,1.0000000000000004,37,True
70,69,6789,2be9ba53c0d1806a1502dff5b57ef3767bd09fabf655634cb844d9f2ac2087c0,1,full_declared_day,153f2686a97e34b41099eda91952d787a1cd6c17a5aa81869ab7d08d479584be,153f2686a97e34b41099eda91952d787a1cd6c17a5aa81869ab7d08d479584be,risk_aligned_declaration_witness,0.2629999999999973,0.2529999999999968,13388.17498489433,13388.132095164328,0.042889730000752,0.042889730000003,0.0025000000000001,0.023728230697793,1.52655665885959e-16,2.289834988289385e-14,0.0428897300007749,0.0428897300007749,0.0428897300007749,0,0.7505898078173302,0.7505922455656507,1.0,1.0,37,True
70,70,6790,2be9ba53c0d1806a1502dff5b57ef3767bd09fabf655634cb844d9f2ac2087c0,1,full_declared_day,153f2686a97e34b41099eda91952d787a1cd6c17a5aa81869ab7d08d479584be,153f2686a97e34b41099eda91952d787a1cd6c17a5aa81869ab7d08d479584be,risk_aligned_declaration_witness,0.2639999999999973,0.2539999999999968,13388.18680556933,13388.143915839328,0.042889730002571,0.042889730000003,0.0025000000000001,0.0062570716718943,2.775557561562892e-17,4.163336342344337e-15,0.0428897300025751,0.0428897300025751,0.0428897300025751,0,0.7505898078173302,0.7505922455656507,1.0,1.0,37,True
70,71,6791,2be9ba53c0d1806a1502dff5b57ef3767bd09fabf655634cb844d9f2ac2087c0,1,full_declared_day,153f2686a97e34b41099eda91952d787a1cd6c17a5aa81869ab7d08d479584be,153f2686a97e34b41099eda91952d787a1cd6c17a5aa81869ab7d08d479584be,risk_aligned_declaration_witness,0.2679999999999973,0.2579999999999968,13388.201569879478,13388.158680149478,0.042889730000752,0.042889730000003,0.0025000000000001,0.0030869276830019,2.775557561562892e-17,4.163336342344337e-15,0.0428897300007561,0.0428897300007561,0.0428897300007561,0,0.7505897754109265,0.750592213159247,1.0000000000000004,1.0000000000000004,37,True
70,72,6792,2be9ba53c0d1806a1502dff5b57ef3767bd09fabf655634cb844d9f2ac2087c0,0,full_declared_day,153f2686a97e34b41099eda91952d787a1cd6c17a5aa81869ab7d08d479584be,153f2686a97e34b41099eda91952d787a1cd6c17a5aa81869ab7d08d479584be,risk_aligned_declaration_witness,0.2819999999999973,0.2819999999999968,13388.271895741778,13388.271895741778,0.0,3.0442375849315525e-15,1.700029006457271e-16,0.0,0.0,0.0,0.0,0.0,0.0,0,0.7505887354987901,0.7505887354987901,1.0000000000000002,1.0000000000000002,37,True
70,73,6793,2be9ba53c0d1806a1502dff5b57ef3767bd09fabf655634cb844d9f2ac2087c0,0,full_declared_day,153f2686a97e34b41099eda91952d787a1cd6c17a5aa81869ab7d08d479584be,153f2686a97e34b41099eda91952d787a1cd6c17a5aa81869ab7d08d479584be,risk_aligned_declaration_witness,0.2879999999999973,0.2879999999999968,13388.310301401929,13388.310301401929,0.0,3.0442375849315525e-15,1.700029006457271e-16,0.0,0.0,0.0,0.0,0.0,0.0,0,0.7505887030923863,0.7505887030923863,1.0000000000000004,1.0000000000000004,37,True
70,74,6794,2be9ba53c0d1806a1502dff5b57ef3767bd09fabf655634cb844d9f2ac2087c0,0,full_declared_day,153f2686a97e34b41099eda91952d787a1cd6c17a5aa81869ab7d08d479584be,153f2686a97e34b41099eda91952d787a1cd6c17a5aa81869ab7d08d479584be,risk_aligned_declaration_witness,0.2939999999999974,0.2939999999999968,13388.351098643929,13388.351098643929,0.0,3.0442375849315525e-15,1.700029006457271e-16,0.0,0.0,0.0,0.0,0.0,0.0,0,0.7505877279930582,0.7505877279930582,1.0000000000000004,1.0000000000000004,37,True
70,75,6795,2be9ba53c0d1806a1502dff5b57ef3767bd09fabf655634cb844d9f2ac2087c0,0,full_declared_day,153f2686a97e34b41099eda91952d787a1cd6c17a5aa81869ab7d08d479584be,153f2686a97e34b41099eda91952d787a1cd6c17a5aa81869ab7d08d479584be,risk_aligned_declaration_witness,0.2959999999999974,0.2959999999999968,13388.35967658993,13388.35967658993,0.0,3.0442375849315525e-15,1.700029006457271e-16,0.0,0.0,0.0,0.0,0.0,0.0,0,0.750587240443394,0.750587240443394,1.0000000000000004,1.0000000000000004,37,True
70,76,6796,2be9ba53c0d1806a1502dff5b57ef3767bd09fabf655634cb844d9f2ac2087c0,0,full_declared_day,153f2686a97e34b41099eda91952d787a1cd6c17a5aa81869ab7d08d479584be,153f2686a97e34b41099eda91952d787a1cd6c17a5aa81869ab7d08d479584be,risk_aligned_declaration_witness,0.2959999999999974,0.2959999999999968,13388.36720829193,13388.36720829193,0.0,3.0442375849315525e-15,1.700029006457271e-16,0.0,0.0,0.0,0.0,0.0,0.0,0,0.7505875004214281,0.7505875004214281,1.0000000000000004,1.0000000000000004,37,True
70,77,6797,2be9ba53c0d1806a1502dff5b57ef3767bd09fabf655634cb844d9f2ac2087c0,0,full_declared_day,153f2686a97e34b41099eda91952d787a1cd6c17a5aa81869ab7d08d479584be,153f2686a97e34b41099eda91952d787a1cd6c17a5aa81869ab7d08d479584be,risk_aligned_declaration_witness,0.2999999999999974,0.2999999999999968,13388.383168393004,13388.383168393004,0.0,3.0442375849315525e-15,1.700029006457271e-16,0.0,0.0,0.0,0.0,0.0,0.0,0,0.7505869804653599,0.7505869804653599,1.0000000000000004,1.0000000000000004,37,True
70,78,6798,2be9ba53c0d1806a1502dff5b57ef3767bd09fabf655634cb844d9f2ac2087c0,0,full_declared_day,153f2686a97e34b41099eda91952d787a1cd6c17a5aa81869ab7d08d479584be,153f2686a97e34b41099eda91952d787a1cd6c17a5aa81869ab7d08d479584be,risk_aligned_declaration_witness,0.2999999999999974,0.2999999999999968,13388.383168393004,13388.383168393004,0.0,3.0442375849315525e-15,1.700029006457271e-16,0.0,0.0,0.0,0.0,0.0,0.0,0,0.7505869804653599,0.7505869804653599,1.0000000000000004,1.0000000000000004,37,True
70,79,6799,2be9ba53c0d1806a1502dff5b57ef3767bd09fabf655634cb844d9f2ac2087c0,0,full_declared_day,153f2686a97e34b41099eda91952d787a1cd6c17a5aa81869ab7d08d479584be,153f2686a97e34b41099eda91952d787a1cd6c17a5aa81869ab7d08d479584be,risk_aligned_declaration_witness,0.2999999999999974,0.2999999999999968,13388.383168393004,13388.383168393004,0.0,3.0442375849315525e-15,1.700029006457271e-16,0.0,0.0,0.0,0.0,0.0,0.0,0,0.7505869804653599,0.7505869804653599,1.0000000000000004,1.0000000000000004,37,True
70,80,6800,2be9ba53c0d1806a1502dff5b57ef3767bd09fabf655634cb844d9f2ac2087c0,0,full_declared_day,153f2686a97e34b41099eda91952d787a1cd6c17a5aa81869ab7d08d479584be,153f2686a97e34b41099eda91952d787a1cd6c17a5aa81869ab7d08d479584be,risk_aligned_declaration_witness,0.2839999999999973,0.2839999999999968,13388.259074372703,13388.259074372703,0.0,3.0442375849315525e-15,1.700029006457271e-16,0.0,0.0,0.0,0.0,0.0,0.0,0,0.7505869804653599,0.7505869804653599,1.0000000000000002,1.0000000000000002,37,True
70,81,6801,2be9ba53c0d1806a1502dff5b57ef3767bd09fabf655634cb844d9f2ac2087c0,0,full_declared_day,153f2686a97e34b41099eda91952d787a1cd6c17a5aa81869ab7d08d479584be,153f2686a97e34b41099eda91952d787a1cd6c17a5aa81869ab7d08d479584be,risk_aligned_declaration_witness,0.2679999999999973,0.2759999999999968,13388.195233968405,13388.229545752403,-0.0343117840002378,-0.0343117839999969,1.52655665885959e-16,0.0,0.0,0.0,-0.0343117840002378,-0.0343117840002378,0.0,1,0.7505890602896325,0.750587110090976,1.0000000000000002,1.0000000000000002,37,True
70,82,6802,2be9ba53c0d1806a1502dff5b57ef3767bd09fabf655634cb844d9f2ac2087c0,0,full_declared_day,153f2686a97e34b41099eda91952d787a1cd6c17a5aa81869ab7d08d479584be,153f2686a97e34b41099eda91952d787a1cd6c17a5aa81869ab7d08d479584be,risk_aligned_declaration_witness,0.2599999999999973,0.2679999999999968,13388.100668568404,13388.134980352404,-0.0343117839984188,-0.0343117839999969,1.52655665885959e-16,0.0,0.0,0.0,-0.0343117839984188,-0.0343117839984188,0.0,1,0.7505890602896325,0.750587110090976,1.0000000000000002,1.0000000000000002,37,True
70,83,6803,2be9ba53c0d1806a1502dff5b57ef3767bd09fabf655634cb844d9f2ac2087c0,0,full_declared_day,153f2686a97e34b41099eda91952d787a1cd6c17a5aa81869ab7d08d479584be,153f2686a97e34b41099eda91952d787a1cd6c17a5aa81869ab7d08d479584be,risk_aligned_declaration_witness,0.2599999999999973,0.2679999999999968,13388.100668568404,13388.134980352404,-0.0343117839984188,-0.0343117839999969,1.52655665885959e-16,0.0,0.0,0.0,-0.0343117839984188,-0.0343117839984188,0.0,1,0.7505890602896325,0.750587110090976,1.0000000000000002,1.0000000000000002,37,True
70,84,6804,2be9ba53c0d1806a1502dff5b57ef3767bd09fabf655634cb844d9f2ac2087c0,0,full_declared_day,153f2686a97e34b41099eda91952d787a1cd6c17a5aa81869ab7d08d479584be,153f2686a97e34b41099eda91952d787a1cd6c17a5aa81869ab7d08d479584be,risk_aligned_declaration_witness,0.2599999999999973,0.2679999999999968,13388.100668568404,13388.134980352404,-0.0343117839984188,-0.0343117839999969,1.52655665885959e-16,0.0,0.0,0.0,-0.0343117839984188,-0.0343117839984188,0.0,1,0.7505890602896325,0.750587110090976,1.0000000000000002,1.0000000000000002,37,True
70,85,6805,2be9ba53c0d1806a1502dff5b57ef3767bd09fabf655634cb844d9f2ac2087c0,0,full_declared_day,153f2686a97e34b41099eda91952d787a1cd6c17a5aa81869ab7d08d479584be,153f2686a97e34b41099eda91952d787a1cd6c17a5aa81869ab7d08d479584be,risk_aligned_declaration_witness,0.2599999999999973,0.2679999999999968,13388.100668568404,13388.134980352404,-0.0343117839984188,-0.0343117839999969,1.52655665885959e-16,0.0,0.0,0.0,-0.0343117839984188,-0.0343117839984188,0.0,1,0.7505890602896325,0.750587110090976,1.0000000000000002,1.0000000000000002,37,True
70,86,6806,2be9ba53c0d1806a1502dff5b57ef3767bd09fabf655634cb844d9f2ac2087c0,0,full_declared_day,153f2686a97e34b41099eda91952d787a1cd6c17a5aa81869ab7d08d479584be,153f2686a97e34b41099eda91952d787a1cd6c17a5aa81869ab7d08d479584be,risk_aligned_declaration_witness,0.2599999999999973,0.2679999999999968,13388.100668568404,13388.134980352404,-0.0343117839984188,-0.0343117839999969,1.52655665885959e-16,0.0,0.0,0.0,-0.0343117839984188,-0.0343117839984188,0.0,1,0.7505890602896325,0.750587110090976,1.0000000000000002,1.0000000000000002,37,True
70,87,6807,2be9ba53c0d1806a1502dff5b57ef3767bd09fabf655634cb844d9f2ac2087c0,0,full_declared_day,153f2686a97e34b41099eda91952d787a1cd6c17a5aa81869ab7d08d479584be,153f2686a97e34b41099eda91952d787a1cd6c17a5aa81869ab7d08d479584be,risk_aligned_declaration_witness,0.2599999999999973,0.2679999999999968,13388.100668568404,13388.134980352404,-0.0343117839984188,-0.0343117839999969,1.52655665885959e-16,0.0,0.0,0.0,-0.0343117839984188,-0.0343117839984188,0.0,1,0.7505890602896325,0.750587110090976,1.0000000000000002,1.0000000000000002,37,True
70,88,6808,2be9ba53c0d1806a1502dff5b57ef3767bd09fabf655634cb844d9f2ac2087c0,0,full_declared_day,153f2686a97e34b41099eda91952d787a1cd6c17a5aa81869ab7d08d479584be,153f2686a97e34b41099eda91952d787a1cd6c17a5aa81869ab7d08d479584be,risk_aligned_declaration_witness,0.2599999999999973,0.2679999999999968,13388.100668568404,13388.134980352404,-0.0343117839984188,-0.0343117839999969,1.52655665885959e-16,0.0,0.0,0.0,-0.0343117839984188,-0.0343117839984188,0.0,1,0.7505890602896325,0.750587110090976,1.0000000000000002,1.0000000000000002,37,True
70,89,6809,2be9ba53c0d1806a1502dff5b57ef3767bd09fabf655634cb844d9f2ac2087c0,0,full_declared_day,153f2686a97e34b41099eda91952d787a1cd6c17a5aa81869ab7d08d479584be,153f2686a97e34b41099eda91952d787a1cd6c17a5aa81869ab7d08d479584be,risk_aligned_declaration_witness,0.2619999999999973,0.2679999999999968,13388.109246514405,13388.134980352404,-0.0257338379997236,-0.0257338379999969,1.52655665885959e-16,0.0,0.0,0.0,-0.0257338379997236,-0.0257338379997236,0.0,1,0.7505885727399683,0.750587110090976,1.0000000000000002,1.0000000000000002,37,True
70,90,6810,2be9ba53c0d1806a1502dff5b57ef3767bd09fabf655634cb844d9f2ac2087c0,0,full_declared_day,153f2686a97e34b41099eda91952d787a1cd6c17a5aa81869ab7d08d479584be,153f2686a97e34b41099eda91952d787a1cd6c17a5aa81869ab7d08d479584be,risk_aligned_declaration_witness,0.2739999999999973,0.2679999999999968,13388.187253625629,13388.134980352404,0.052273273224273,0.052273273225003,0.0025000000000001,0.0,0.0,0.0,0.052273273224273,0.052273273224273,0.052273273224273,0,0.7505880527839002,0.750587110090976,1.0000000000000002,1.0000000000000002,37,True
70,91,6811,2be9ba53c0d1806a1502dff5b57ef3767bd09fabf655634cb844d9f2ac2087c0,0,full_declared_day,153f2686a97e34b41099eda91952d787a1cd6c17a5aa81869ab7d08d479584be,153f2686a97e34b41099eda91952d787a1cd6c17a5aa81869ab7d08d479584be,risk_aligned_declaration_witness,0.2739999999999973,0.2719999999999968,13388.187253625629,13388.149744662553,0.0375089630742877,0.037508963075003,0.0015000000000001,0.0,0.0,0.0,0.0375089630742877,0.0375089630742877,0.0375089630742877,0,0.7505880527839002,0.750587110090976,1.0000000000000002,1.0000000000000002,37,True
70,92,6812,2be9ba53c0d1806a1502dff5b57ef3767bd09fabf655634cb844d9f2ac2087c0,0,full_declared_day,153f2686a97e34b41099eda91952d787a1cd6c17a5aa81869ab7d08d479584be,153f2686a97e34b41099eda91952d787a1cd6c17a5aa81869ab7d08d479584be,risk_aligned_declaration_witness,0.2739999999999973,0.2819999999999968,13388.187253625629,13388.221565409627,-0.0343117840020568,-0.0343117839999969,1.52655665885959e-16,0.0,0.0,0.0,-0.0343117840020568,-0.0343117840020568,0.0,1,0.7505880527839002,0.7505861025852438,1.0000000000000002,1.0000000000000002,37,True
70,93,6813,2be9ba53c0d1806a1502dff5b57ef3767bd09fabf655634cb844d9f2ac2087c0,0,full_declared_day,153f2686a97e34b41099eda91952d787a1cd6c17a5aa81869ab7d08d479584be,153f2686a97e34b41099eda91952d787a1cd6c17a5aa81869ab7d08d479584be,risk_aligned_declaration_witness,0.2759999999999973,0.2859999999999968,13388.202167482705,13388.245057212704,-0.042889730000752,-0.0428897299999969,1.52655665885959e-16,0.0,0.0,0.0,-0.042889730000752,-0.042889730000752,0.0,1,0.7505882803555303,0.7505858426072097,1.0000000000000002,1.0000000000000002,37,True
70,94,6814,2be9ba53c0d1806a1502dff5b57ef3767bd09fabf655634cb844d9f2ac2087c0,0,full_declared_day,153f2686a97e34b41099eda91952d787a1cd6c17a5aa81869ab7d08d479584be,153f2686a97e34b41099eda91952d787a1cd6c17a5aa81869ab7d08d479584be,risk_aligned_declaration_witness,0.2659999999999973,0.2879999999999968,13388.140270019478,13388.261166860702,-0.1208968412247486,-0.120896841224997,0.0,0.0,0.0,0.0,-0.1208968412247486,-0.1208968412247486,0.0,1,0.7505885403335643,0.7505855826291756,1.0000000000000004,1.0000000000000002,37,True
70,95,6815,2be9ba53c0d1806a1502dff5b57ef3767bd09fabf655634cb844d9f2ac2087c0,0,full_declared_day,153f2686a97e34b41099eda91952d787a1cd6c17a5aa81869ab7d08d479584be,153f2686a97e34b41099eda91952d787a1cd6c17a5aa81869ab7d08d479584be,risk_aligned_declaration_witness,0.2679999999999973,0.2859999999999968,13388.147652174554,13388.253784705628,-0.1061325310747633,-0.106132531074997,0.0,0.0,0.0,0.0,-0.1061325310747633,-0.1061325310747633,0.0,1,0.7505885403335643,0.7505855826291756,1.0000000000000004,1.0000000000000002,37,True
71,0,6816,2be9ba53c0d1806a1502dff5b57ef3767bd09fabf655634cb844d9f2ac2087c0,0,full_declared_day,153f2686a97e34b41099eda91952d787a1cd6c17a5aa81869ab7d08d479584be,153f2686a97e34b41099eda91952d787a1cd6c17a5aa81869ab7d08d479584be,risk_aligned_declaration_witness,0.2689999999999973,0.2769999999999968,13388.151343252091,13388.185655036092,-0.0343117840002378,-0.0343117839999969,1.52655665885959e-16,0.0,0.0,0.0,-0.0343117840002378,-0.0343117840002378,0.0,1,0.7505885241303623,0.7505865739317058,1.0000000000000002,1.0000000000000002,37,True
71,1,6817,2be9ba53c0d1806a1502dff5b57ef3767bd09fabf655634cb844d9f2ac2087c0,0,full_declared_day,153f2686a97e34b41099eda91952d787a1cd6c17a5aa81869ab7d08d479584be,153f2686a97e34b41099eda91952d787a1cd6c17a5aa81869ab7d08d479584be,risk_aligned_declaration_witness,0.2729999999999973,0.2809999999999968,13388.174835055166,13388.209146839166,-0.0343117840002378,-0.0343117839999969,1.52655665885959e-16,0.0,0.0,0.0,-0.0343117840002378,-0.0343117840002378,0.0,1,0.7505882803555303,0.7505863301568738,1.0000000000000002,1.0000000000000002,37,True
71,2,6818,2be9ba53c0d1806a1502dff5b57ef3767bd09fabf655634cb844d9f2ac2087c0,0,full_declared_day,153f2686a97e34b41099eda91952d787a1cd6c17a5aa81869ab7d08d479584be,153f2686a97e34b41099eda91952d787a1cd6c17a5aa81869ab7d08d479584be,risk_aligned_declaration_witness,0.2739999999999973,0.2799999999999968,13388.178526132706,13388.205455761628,-0.0269296289225167,-0.0269296289249969,0.0005000000000001,0.0,0.0,0.0,-0.0269296289225167,-0.0269296289225167,0.0,1,0.7505882317459242,0.7505863139536718,1.0000000000000002,1.0000000000000002,37,True
71,3,6819,2be9ba53c0d1806a1502dff5b57ef3767bd09fabf655634cb844d9f2ac2087c0,0,full_declared_day,153f2686a97e34b41099eda91952d787a1cd6c17a5aa81869ab7d08d479584be,153f2686a97e34b41099eda91952d787a1cd6c17a5aa81869ab7d08d479584be,risk_aligned_declaration_witness,0.2719999999999973,0.2799999999999968,13388.162416484703,13388.196728268702,-0.0343117839984188,-0.0343117839999969,1.52655665885959e-16,0.0,0.0,0.0,-0.0343117839984188,-0.0343117839984188,0.0,1,0.7505884917239583,0.7505865415253018,1.0000000000000002,1.0000000000000002,37,True
71,4,6820,2be9ba53c0d1806a1502dff5b57ef3767bd09fabf655634cb844d9f2ac2087c0,0,full_declared_day,153f2686a97e34b41099eda91952d787a1cd6c17a5aa81869ab7d08d479584be,153f2686a97e34b41099eda91952d787a1cd6c17a5aa81869ab7d08d479584be,risk_aligned_declaration_witness,0.2709999999999973,0.2809999999999968,13388.158725407164,13388.200419346242,-0.0416939390779589,-0.0416939390749969,2.775557561562892e-17,0.0,0.0,0.0,-0.0416939390779589,-0.0416939390779589,0.0,1,0.7505885079271603,0.7505865253220998,1.0000000000000002,1.0000000000000002,37,True
71,5,6821,2be9ba53c0d1806a1502dff5b57ef3767bd09fabf655634cb844d9f2ac2087c0,0,full_declared_day,153f2686a97e34b41099eda91952d787a1cd6c17a5aa81869ab7d08d479584be,153f2686a97e34b41099eda91952d787a1cd6c17a5aa81869ab7d08d479584be,risk_aligned_declaration_witness,0.2699999999999973,0.2779999999999968,13388.15503432963,13388.18934611363,-0.0343117840002378,-0.0343117839999969,1.52655665885959e-16,0.0,0.0,0.0,-0.0343117840002378,-0.0343117840002378,0.0,1,0.7505885079271603,0.7505865577285039,1.0000000000000002,1.0000000000000002,37,True
71,6,6822,2be9ba53c0d1806a1502dff5b57ef3767bd09fabf655634cb844d9f2ac2087c0,0,full_declared_day,153f2686a97e34b41099eda91952d787a1cd6c17a5aa81869ab7d08d479584be,153f2686a97e34b41099eda91952d787a1cd6c17a5aa81869ab7d08d479584be,risk_aligned_declaration_witness,0.2719999999999973,0.2799999999999968,13388.171143977628,13388.205455761628,-0.0343117840002378,-0.0343117839999969,1.52655665885959e-16,0.0,0.0,0.0,-0.0343117840002378,-0.0343117840002378,0.0,1,0.7505882641523283,0.7505863139536718,1.0000000000000002,1.0000000000000002,37,True
71,7,6823,2be9ba53c0d1806a1502dff5b57ef3767bd09fabf655634cb844d9f2ac2087c0,0,full_declared_day,153f2686a97e34b41099eda91952d787a1cd6c17a5aa81869ab7d08d479584be,153f2686a97e34b41099eda91952d787a1cd6c17a5aa81869ab7d08d479584be,risk_aligned_declaration_witness,0.2739999999999973,0.2819999999999968,13388.178526132706,13388.212837916704,-0.0343117839984188,-0.0343117839999969,1.52655665885959e-16,0.0,0.0,0.0,-0.0343117839984188,-0.0343117839984188,0.0,1,0.7505882479491262,0.7505862977504698,1.0000000000000002,1.0000000000000002,37,True
71,8,6824,2be9ba53c0d1806a1502dff5b57ef3767bd09fabf655634cb844d9f2ac2087c0,0,full_declared_day,153f2686a97e34b41099eda91952d787a1cd6c17a5aa81869ab7d08d479584be,153f2686a97e34b41099eda91952d787a1cd6c17a5aa81869ab7d08d479584be,risk_aligned_declaration_witness,0.2759999999999973,0.2839999999999968,13388.185908287778,13388.220220071778,-0.0343117840002378,-0.0343117839999969,1.52655665885959e-16,0.0,0.0,0.0,-0.0343117840002378,-0.0343117840002378,0.0,1,0.750588247949126,0.7505862977504698,1.0000000000000002,1.0000000000000002,37,True
71,9,6825,2be9ba53c0d1806a1502dff5b57ef3767bd09fabf655634cb844d9f2ac2087c0,0,full_declared_day,153f2686a97e34b41099eda91952d787a1cd6c17a5aa81869ab7d08d479584be,153f2686a97e34b41099eda91952d787a1cd6c17a5aa81869ab7d08d479584be,risk_aligned_declaration_witness,0.2779999999999973,0.2859999999999968,13388.193888338315,13388.228200122316,-0.0343117839984188,-0.0343117839999969,1.52655665885959e-16,0.0,0.0,0.0,-0.0343117839984188,-0.0343117839984188,0.0,1,0.750587987971092,0.7505860377724357,1.0000000000000002,1.0000000000000002,37,True
71,10,6826,2be9ba53c0d1806a1502dff5b57ef3767bd09fabf655634cb844d9f2ac2087c0,0,full_declared_day,153f2686a97e34b41099eda91952d787a1cd6c17a5aa81869ab7d08d479584be,153f2686a97e34b41099eda91952d787a1cd6c17a5aa81869ab7d08d479584be,risk_aligned_declaration_witness,0.2759999999999973,0.2759999999999968,13388.18650618324,13388.18650618324,0.0,2.984716127724107e-15,1.6653345369377348e-16,0.0,0.0,0.0,0.0,0.0,0.0,0,0.7505879879710922,0.7505879879710922,1.0000000000000002,1.0000000000000002,37,True
71,11,6827,2be9ba53c0d1806a1502dff5b57ef3767bd09fabf655634cb844d9f2ac2087c0,0,full_declared_day,153f2686a97e34b41099eda91952d787a1cd6c17a5aa81869ab7d08d479584be,153f2686a97e34b41099eda91952d787a1cd6c17a5aa81869ab7d08d479584be,risk_aligned_declaration_witness,0.2769999999999973,0.2759999999999968,13388.19079515624,13388.18650618324,0.0042889730011665,0.0042889730000029,0.0002500000000001,0.0,0.0,0.0,0.0042889730011665,0.0042889730011665,0.0042889730011665,0,0.7505877441962601,0.7505879879710922,1.0000000000000002,1.0000000000000002,37,True
71,12,6828,2be9ba53c0d1806a1502dff5b57ef3767bd09fabf655634cb844d9f2ac2087c0,0,full_declared_day,153f2686a97e34b41099eda91952d787a1cd6c17a5aa81869ab7d08d479584be,153f2686a97e34b41099eda91952d787a1cd6c17a5aa81869ab7d08d479584be,risk_aligned_declaration_witness,0.2769999999999973,0.2759999999999968,13388.191393051704,13388.187104078705,0.0042889729993476,0.0042889730000029,0.0002500000000001,0.0,0.0,0.0,0.0042889729993476,0.0042889729993476,0.0042889729993476,0,0.7505875166246301,0.7505877603994621,1.0000000000000002,1.0000000000000002,37,True
71,13,6829,2be9ba53c0d1806a1502dff5b57ef3767bd09fabf655634cb844d9f2ac2087c0,0,full_declared_day,153f2686a97e34b41099eda91952d787a1cd6c17a5aa81869ab7d08d479584be,153f2686a97e34b41099eda91952d787a1cd6c17a5aa81869ab7d08d479584be,risk_aligned_declaration_witness,0.2779999999999973,0.2789999999999968,13388.203213726703,13388.207502699704,-0.0042889729993476,-0.004288972999997,1.52655665885959e-16,0.0,0.0,0.0,-0.0042889729993476,-0.0042889729993476,0.0,1,0.75058751662463,0.750587272849798,1.0000000000000002,1.0000000000000002,37,True
71,14,6830,2be9ba53c0d1806a1502dff5b57ef3767bd09fabf655634cb844d9f2ac2087c0,0,full_declared_day,153f2686a97e34b41099eda91952d787a1cd6c17a5aa81869ab7d08d479584be,153f2686a97e34b41099eda91952d787a1cd6c17a5aa81869ab7d08d479584be,risk_aligned_declaration_witness,0.2779999999999973,0.2789999999999968,13388.203213726703,13388.207502699704,-0.0042889729993476,-0.004288972999997,1.52655665885959e-16,0.0,0.0,0.0,-0.0042889729993476,-0.0042889729993476,0.0,1,0.75058751662463,0.750587272849798,1.0000000000000002,1.0000000000000002,37,True
71,15,6831,2be9ba53c0d1806a1502dff5b57ef3767bd09fabf655634cb844d9f2ac2087c0,0,full_declared_day,153f2686a97e34b41099eda91952d787a1cd6c17a5aa81869ab7d08d479584be,153f2686a97e34b41099eda91952d787a1cd6c17a5aa81869ab7d08d479584be,risk_aligned_declaration_witness,0.2829999999999973,0.2829999999999968,13388.23852620478,13388.23852620478,0.0,2.984716127724107e-15,1.6653345369377348e-16,0.0,0.0,0.0,0.0,0.0,0.0,0,0.750587256646596,0.750587256646596,1.0000000000000002,1.0000000000000002,37,True
71,16,6832,2be9ba53c0d1806a1502dff5b57ef3767bd09fabf655634cb844d9f2ac2087c0,0,full_declared_day,153f2686a97e34b41099eda91952d787a1cd6c17a5aa81869ab7d08d479584be,153f2686a97e34b41099eda91952d787a1cd6c17a5aa81869ab7d08d479584be,risk_aligned_declaration_witness,0.2809999999999973,0.2809999999999968,13388.231144049703,13388.231144049703,0.0,2.984716127724107e-15,1.6653345369377348e-16,0.0,0.0,0.0,0.0,0.0,0.0,0,0.750587289053,0.750587289053,1.0000000000000002,1.0000000000000002,37,True
71,17,6833,2be9ba53c0d1806a1502dff5b57ef3767bd09fabf655634cb844d9f2ac2087c0,0,full_declared_day,153f2686a97e34b41099eda91952d787a1cd6c17a5aa81869ab7d08d479584be,153f2686a97e34b41099eda91952d787a1cd6c17a5aa81869ab7d08d479584be,risk_aligned_declaration_witness,0.2799999999999973,0.2779999999999968,13388.243114271629,13388.21947292163,0.0236413499969785,0.023641350000003,0.0005000000000001,0.0,0.0,0.0,0.0236413499969785,0.0236413499969785,0.0236413499969785,0,0.7505875328278321,0.7505875328278321,1.0000000000000002,1.0000000000000002,37,True
71,18,6834,2be9ba53c0d1806a1502dff5b57ef3767bd09fabf655634cb844d9f2ac2087c0,0,full_declared_day,153f2686a97e34b41099eda91952d787a1cd6c17a5aa81869ab7d08d479584be,153f2686a97e34b41099eda91952d787a1cd6c17a5aa81869ab7d08d479584be,risk_aligned_declaration_witness,0.2779999999999973,0.2769999999999968,13388.21947292163,13388.207652246629,0.0118206750012177,0.0118206750000029,0.0002500000000001,0.0,0.0,0.0,0.0118206750012177,0.0118206750012177,0.0118206750012177,0,0.7505875328278321,0.7505875328278321,1.0000000000000002,1.0000000000000002,37,True
71,19,6835,2be9ba53c0d1806a1502dff5b57ef3767bd09fabf655634cb844d9f2ac2087c0,0,full_declared_day,153f2686a97e34b41099eda91952d787a1cd6c17a5aa81869ab7d08d479584be,153f2686a97e34b41099eda91952d787a1cd6c17a5aa81869ab7d08d479584be,risk_aligned_declaration_witness,0.2769999999999973,0.2769999999999968,13388.207652246629,13388.207652246629,0.0,2.984716127724107e-15,1.6653345369377348e-16,0.0,0.0,0.0,0.0,0.0,0.0,0,0.7505875328278321,0.7505875328278321,1.0000000000000002,1.0000000000000002,37,True
71,20,6836,2be9ba53c0d1806a1502dff5b57ef3767bd09fabf655634cb844d9f2ac2087c0,0,full_declared_day,153f2686a97e34b41099eda91952d787a1cd6c17a5aa81869ab7d08d479584be,153f2686a97e34b41099eda91952d787a1cd6c17a5aa81869ab7d08d479584be,risk_aligned_declaration_witness,0.2779999999999973,0.2759999999999968,13388.22700462363,13388.20336327363,0.0236413500006165,0.023641350000003,0.0005000000000001,0.0,0.0,0.0,0.0236413500006165,0.0236413500006165,0.0236413500006165,0,0.7505877766026641,0.7505877766026641,1.0000000000000002,1.0000000000000002,37,True
71,21,6837,2be9ba53c0d1806a1502dff5b57ef3767bd09fabf655634cb844d9f2ac2087c0,0,full_declared_day,153f2686a97e34b41099eda91952d787a1cd6c17a5aa81869ab7d08d479584be,153f2686a97e34b41099eda91952d787a1cd6c17a5aa81869ab7d08d479584be,risk_aligned_declaration_witness,0.2799999999999973,0.2819999999999968,13388.234386778704,13388.258028128705,-0.0236413500006165,-0.023641349999997,1.3877787807814454e-16,0.0,0.0,0.0,-0.0236413500006165,-0.0236413500006165,0.0,1,0.750587776602664,0.750587776602664,1.0000000000000002,1.0000000000000002,37,True
71,22,6838,2be9ba53c0d1806a1502dff5b57ef3767bd09fabf655634cb844d9f2ac2087c0,0,full_declared_day,153f2686a97e34b41099eda91952d787a1cd6c17a5aa81869ab7d08d479584be,153f2686a97e34b41099eda91952d787a1cd6c17a5aa81869ab7d08d479584be,risk_aligned_declaration_witness,0.2899999999999973,0.2869999999999968,13388.28122083793,13388.294536397703,-0.0133155597759468,-0.013315559774997,0.0015000000000001,0.0,0.0,0.0,-0.0133155597759468,-0.0133155597759468,0.0,1,0.750586996668562,0.7505870452781679,1.0000000000000004,1.0000000000000002,37,True
71,23,6839,2be9ba53c0d1806a1502dff5b57ef3767bd09fabf655634cb844d9f2ac2087c0,0,full_declared_day,153f2686a97e34b41099eda91952d787a1cd6c17a5aa81869ab7d08d479584be,153f2686a97e34b41099eda91952d787a1cd6c17a5aa81869ab7d08d479584be,risk_aligned_declaration_witness,0.2879999999999973,0.2819999999999968,13388.273838682857,13388.25169221763,0.0221464652258873,0.022146465225003,0.0015000000000001,0.0,0.0,0.0,0.0221464652258873,0.0221464652258873,0.0221464652258873,0,0.750586996668562,0.750587045278168,1.0000000000000004,1.0000000000000002,37,True
71,24,6840,2be9ba53c0d1806a1502dff5b57ef3767bd09fabf655634cb844d9f2ac2087c0,0,full_declared_day,153f2686a97e34b41099eda91952d787a1cd6c17a5aa81869ab7d08d479584be,153f2686a97e34b41099eda91952d787a1cd6c17a5aa81869ab7d08d479584be,risk_aligned_declaration_witness,0.2709999999999973,0.2709999999999968,13388.16745290009,13388.16745290009,0.0,2.984716127724107e-15,1.6653345369377348e-16,0.0,0.0,0.0,0.0,0.0,0.0,0,0.7505882641523282,0.7505882641523282,1.0000000000000002,1.0000000000000002,37,True
71,25,6841,2be9ba53c0d1806a1502dff5b57ef3767bd09fabf655634cb844d9f2ac2087c0,0,full_declared_day,153f2686a97e34b41099eda91952d787a1cd6c17a5aa81869ab7d08d479584be,153f2686a97e34b41099eda91952d787a1cd6c17a5aa81869ab7d08d479584be,risk_aligned_declaration_witness,0.2669999999999973,0.2729999999999968,13388.15268858994,13388.174835055166,-0.0221464652258873,-0.022146465224997,4.163336342344337e-17,0.0,0.0,0.0,-0.0221464652258873,-0.0221464652258873,0.0,1,0.7505882965587323,0.7505882479491262,1.0000000000000004,1.0000000000000002,37,True
71,26,6842,2be9ba53c0d1806a1502dff5b57ef3767bd09fabf655634cb844d9f2ac2087c0,0,full_declared_day,153f2686a97e34b41099eda91952d787a1cd6c17a5aa81869ab7d08d479584be,153f2686a97e34b41099eda91952d787a1cd6c17a5aa81869ab7d08d479584be,risk_aligned_declaration_witness,0.2669999999999973,0.2729999999999968,13388.15268858994,13388.174835055166,-0.0221464652258873,-0.022146465224997,4.163336342344337e-17,0.0,0.0,0.0,-0.0221464652258873,-0.0221464652258873,0.0,1,0.7505882965587323,0.7505882479491262,1.0000000000000004,1.0000000000000002,37,True
71,27,6843,2be9ba53c0d1806a1502dff5b57ef3767bd09fabf655634cb844d9f2ac2087c0,0,full_declared_day,153f2686a97e34b41099eda91952d787a1cd6c17a5aa81869ab7d08d479584be,153f2686a97e34b41099eda91952d787a1cd6c17a5aa81869ab7d08d479584be,risk_aligned_declaration_witness,0.2709999999999973,0.2709999999999968,13388.176180393017,13388.176180393017,0.0,2.984716127724107e-15,1.6653345369377348e-16,0.0,0.0,0.0,0.0,0.0,0.0,0,0.7505880365806982,0.7505880365806982,1.0000000000000002,1.0000000000000002,37,True
71,28,6844,2be9ba53c0d1806a1502dff5b57ef3767bd09fabf655634cb844d9f2ac2087c0,0,full_declared_day,153f2686a97e34b41099eda91952d787a1cd6c17a5aa81869ab7d08d479584be,153f2686a97e34b41099eda91952d787a1cd6c17a5aa81869ab7d08d479584be,risk_aligned_declaration_witness,0.2669999999999973,0.2669999999999968,13388.143961097016,13388.143961097016,0.0,2.984716127724107e-15,1.6653345369377348e-16,0.0,0.0,0.0,0.0,0.0,0.0,0,0.7505885241303623,0.7505885241303623,1.0000000000000002,1.0000000000000002,37,True
71,29,6845,2be9ba53c0d1806a1502dff5b57ef3767bd09fabf655634cb844d9f2ac2087c0,0,full_declared_day,153f2686a97e34b41099eda91952d787a1cd6c17a5aa81869ab7d08d479584be,153f2686a97e34b41099eda91952d787a1cd6c17a5aa81869ab7d08d479584be,risk_aligned_declaration_witness,0.2709999999999973,0.2659999999999968,13388.175582497552,13388.14839961694,0.0271828806125995,0.027182880612503,0.0012500000000001,0.0,0.0,0.0,0.0271828806125995,0.0271828806125995,0.0271828806125995,0,0.7505882803555303,0.7505885403335644,1.0000000000000002,1.0000000000000004,37,True
71,30,6846,2be9ba53c0d1806a1502dff5b57ef3767bd09fabf655634cb844d9f2ac2087c0,0,full_declared_day,153f2686a97e34b41099eda91952d787a1cd6c17a5aa81869ab7d08d479584be,153f2686a97e34b41099eda91952d787a1cd6c17a5aa81869ab7d08d479584be,risk_aligned_declaration_witness,0.2719999999999973,0.2669999999999968,13388.17927357509,13388.152090694475,0.0271828806125995,0.027182880612503,0.0012500000000001,0.0,0.0,0.0,0.0271828806125995,0.0271828806125995,0.0271828806125995,0,0.7505882641523282,0.7505885241303625,1.0000000000000002,1.0000000000000004,37,True
71,31,6847,2be9ba53c0d1806a1502dff5b57ef3767bd09fabf655634cb844d9f2ac2087c0,0,full_declared_day,153f2686a97e34b41099eda91952d787a1cd6c17a5aa81869ab7d08d479584be,153f2686a97e34b41099eda91952d787a1cd6c17a5aa81869ab7d08d479584be,risk_aligned_declaration_witness,0.2699999999999973,0.2749999999999968,13388.171293524552,13388.198476405169,-0.0271828806144185,-0.027182880612497,0.0,0.0,0.0,0.0,-0.0271828806144185,-0.0271828806144185,0.0,1,0.7505885079271603,0.7505882479491263,1.0000000000000002,1.0000000000000002,37,True
71,32,6848,2be9ba53c0d1806a1502dff5b57ef3767bd09fabf655634cb844d9f2ac2087c0,0,full_declared_day,153f2686a97e34b41099eda91952d787a1cd6c17a5aa81869ab7d08d479584be,153f2686a97e34b41099eda91952d787a1cd6c17a5aa81869ab7d08d479584be,risk_aligned_declaration_witness,0.2729999999999973,0.2779999999999968,13388.19049635463,13388.217679235242,-0.0271828806125995,-0.027182880612497,0.0,0.0,0.0,0.0,-0.0271828806125995,-0.0271828806125995,0.0,1,0.7505885079271604,0.750588247949126,1.0000000000000002,1.0000000000000002,37,True
71,33,6849,2be9ba53c0d1806a1502dff5b57ef3767bd09fabf655634cb844d9f2ac2087c0,0,full_declared_day,153f2686a97e34b41099eda91952d787a1cd6c17a5aa81869ab7d08d479584be,153f2686a97e34b41099eda91952d787a1cd6c17a5aa81869ab7d08d479584be,risk_aligned_declaration_witness,0.3009999999999974,0.3009999999999968,13388.34680937869,13388.34680937869,0.0,2.984716127724107e-15,1.6653345369377348e-16,0.0,0.0,0.0,0.0,0.0,0.0,0,0.7505866880809214,0.7505866880809214,1.0,1.0,37,True
71,34,6850,2be9ba53c0d1806a1502dff5b57ef3767bd09fabf655634cb844d9f2ac2087c0,0,full_declared_day,153f2686a97e34b41099eda91952d787a1cd6c17a5aa81869ab7d08d479584be,153f2686a97e34b41099eda91952d787a1cd6c17a5aa81869ab7d08d479584be,risk_aligned_declaration_witness,0.3049999999999974,0.3049999999999968,13388.362769479769,13388.362769479769,0.0,2.984716127724107e-15,1.6653345369377348e-16,0.0,0.0,0.0,0.0,0.0,0.0,0,0.7505861681248535,0.7505861681248535,1.0,1.0,37,True
71,35,6851,2be9ba53c0d1806a1502dff5b57ef3767bd09fabf655634cb844d9f2ac2087c0,0,full_declared_day,153f2686a97e34b41099eda91952d787a1cd6c17a5aa81869ab7d08d479584be,153f2686a97e34b41099eda91952d787a1cd6c17a5aa81869ab7d08d479584be,risk_aligned_declaration_witness,0.3729999999999974,0.3729999999999969,13388.762728027505,13388.762728027505,0.0,2.984716127724107e-15,1.6653345369377348e-16,0.0,0.0,0.0,0.0,0.0,0.0,0,0.7505815047234425,0.7505815047234425,1.0000000000000002,1.0000000000000002,37,True
71,36,6852,2be9ba53c0d1806a1502dff5b57ef3767bd09fabf655634cb844d9f2ac2087c0,0,full_declared_day,153f2686a97e34b41099eda91952d787a1cd6c17a5aa81869ab7d08d479584be,153f2686a97e34b41099eda91952d787a1cd6c17a5aa81869ab7d08d479584be,risk_aligned_declaration_witness,0.3719999999999974,0.3719999999999969,13388.758439054503,13388.758439054503,0.0,2.984716127724107e-15,1.6653345369377348e-16,0.0,0.0,0.0,0.0,0.0,0.0,0,0.7505817484982745,0.7505817484982745,1.0000000000000002,1.0000000000000002,37,True
71,37,6853,2be9ba53c0d1806a1502dff5b57ef3767bd09fabf655634cb844d9f2ac2087c0,0,full_declared_day,153f2686a97e34b41099eda91952d787a1cd6c17a5aa81869ab7d08d479584be,153f2686a97e34b41099eda91952d787a1cd6c17a5aa81869ab7d08d479584be,risk_aligned_declaration_witness,0.3799999999999974,0.3799999999999969,13388.805422660656,13388.805422660656,0.0,2.984716127724107e-15,1.6653345369377348e-16,0.0,0.0,0.0,0.0,0.0,0.0,0,0.7505812285422061,0.7505812285422061,1.0,1.0,37,True
71,38,6854,2be9ba53c0d1806a1502dff5b57ef3767bd09fabf655634cb844d9f2ac2087c0,0,full_declared_day,153f2686a97e34b41099eda91952d787a1cd6c17a5aa81869ab7d08d479584be,153f2686a97e34b41099eda91952d787a1cd6c17a5aa81869ab7d08d479584be,risk_aligned_declaration_witness,0.3849999999999974,0.3839999999999969,13388.832605541267,13388.82891446373,0.003691077537951,0.0036910775375029,0.0002500000000001,0.0,0.0,0.0,0.003691077537951,0.003691077537951,0.003691077537951,0,0.7505809523609706,0.750580968564172,1.0000000000000002,1.0,37,True
71,39,6855,2be9ba53c0d1806a1502dff5b57ef3767bd09fabf655634cb844d9f2ac2087c0,0,full_declared_day,153f2686a97e34b41099eda91952d787a1cd6c17a5aa81869ab7d08d479584be,153f2686a97e34b41099eda91952d787a1cd6c17a5aa81869ab7d08d479584be,risk_aligned_declaration_witness,0.3889999999999974,0.3849999999999969,13388.849163537803,13388.832605541267,0.0165579965378128,0.016557996537503,0.0010000000000001,0.0,0.0,0.0,0.0165579965378128,0.0165579965378128,0.0165579965378128,0,0.7505802210364743,0.750580968564172,1.0000000000000002,1.0,37,True
71,40,6856,2be9ba53c0d1806a1502dff5b57ef3767bd09fabf655634cb844d9f2ac2087c0,0,full_declared_day,153f2686a97e34b41099eda91952d787a1cd6c17a5aa81869ab7d08d479584be,153f2686a97e34b41099eda91952d787a1cd6c17a5aa81869ab7d08d479584be,risk_aligned_declaration_witness,0.3889999999999974,0.3919999999999969,13388.849761433266,13388.862030456805,-0.0122690235366462,-0.012269023537497,2.775557561562892e-17,0.0087790157700255,0.0,0.0,-0.0122690235366462,-0.0122690235366462,0.0,1,0.7505799934648438,0.7505794897119781,1.0,1.0000000000000002,37,True
71,41,6857,2be9ba53c0d1806a1502dff5b57ef3767bd09fabf655634cb844d9f2ac2087c0,0,full_declared_day,153f2686a97e34b41099eda91952d787a1cd6c17a5aa81869ab7d08d479584be,153f2686a97e34b41099eda91952d787a1cd6c17a5aa81869ab7d08d479584be,risk_aligned_declaration_witness,0.3879999999999974,0.3899999999999969,13388.845472460263,13388.853452510804,-0.0079800505391176,-0.007980050537497,2.775557561562892e-17,0.0,0.0,0.0,-0.0079800505391176,-0.0079800505391176,0.0,1,0.7505802372396758,0.7505799772616422,1.0,1.0000000000000002,37,True
71,42,6858,2be9ba53c0d1806a1502dff5b57ef3767bd09fabf655634cb844d9f2ac2087c0,0,full_declared_day,153f2686a97e34b41099eda91952d787a1cd6c17a5aa81869ab7d08d479584be,153f2686a97e34b41099eda91952d787a1cd6c17a5aa81869ab7d08d479584be,risk_aligned_declaration_witness,0.3779999999999974,0.3779999999999969,13388.782379206115,13388.782379206115,0.0,2.984716127724107e-15,1.6653345369377348e-16,0.0,0.0,0.0,0.0,0.0,0.0,0,0.7505810009705761,0.7505810009705761,1.0,1.0,37,True
71,43,6859,2be9ba53c0d1806a1502dff5b57ef3767bd09fabf655634cb844d9f2ac2087c0,0,full_declared_day,153f2686a97e34b41099eda91952d787a1cd6c17a5aa81869ab7d08d479584be,153f2686a97e34b41099eda91952d787a1cd6c17a5aa81869ab7d08d479584be,risk_aligned_declaration_witness,0.3899999999999974,0.3899999999999969,13388.852854615345,13388.852854615345,0.0,2.984716127724107e-15,1.6653345369377348e-16,0.0,0.0,0.0,0.0,0.0,0.0,0,0.7505802210364743,0.7505802210364743,1.0000000000000002,1.0000000000000002,37,True
71,44,6860,2be9ba53c0d1806a1502dff5b57ef3767bd09fabf655634cb844d9f2ac2087c0,0,full_declared_day,153f2686a97e34b41099eda91952d787a1cd6c17a5aa81869ab7d08d479584be,153f2686a97e34b41099eda91952d787a1cd6c17a5aa81869ab7d08d479584be,risk_aligned_declaration_witness,0.3899999999999974,0.3899999999999969,13388.852854615345,13388.852854615345,0.0,2.984716127724107e-15,1.6653345369377348e-16,0.0,0.0,0.0,0.0,0.0,0.0,0,0.7505802210364743,0.7505802210364743,1.0000000000000002,1.0000000000000002,37,True
71,45,6861,2be9ba53c0d1806a1502dff5b57ef3767bd09fabf655634cb844d9f2ac2087c0,0,full_declared_day,153f2686a97e34b41099eda91952d787a1cd6c17a5aa81869ab7d08d479584be,153f2686a97e34b41099eda91952d787a1cd6c17a5aa81869ab7d08d479584be,risk_aligned_declaration_witness,0.3899999999999974,0.3899999999999969,13388.852854615345,13388.852854615345,0.0,2.984716127724107e-15,1.6653345369377348e-16,0.0,0.0,0.0,0.0,0.0,0.0,0,0.7505802210364743,0.7505802210364743,1.0000000000000002,1.0000000000000002,37,True
71,46,6862,2be9ba53c0d1806a1502dff5b57ef3767bd09fabf655634cb844d9f2ac2087c0,0,full_declared_day,153f2686a97e34b41099eda91952d787a1cd6c17a5aa81869ab7d08d479584be,153f2686a97e34b41099eda91952d787a1cd6c17a5aa81869ab7d08d479584be,risk_aligned_declaration_witness,0.3939999999999974,0.3929999999999969,13388.900137315342,13388.88831664034,0.0118206750012177,0.0118206750000029,0.0002500000000001,0.0,0.0,0.0,0.0118206750012177,0.0118206750012177,0.0118206750012177,0,0.7505802210364743,0.7505802210364743,1.0000000000000002,1.0000000000000002,37,True
71,47,6863,2be9ba53c0d1806a1502dff5b57ef3767bd09fabf655634cb844d9f2ac2087c0,0,full_declared_day,153f2686a97e34b41099eda91952d787a1cd6c17a5aa81869ab7d08d479584be,153f2686a97e34b41099eda91952d787a1cd6c17a5aa81869ab7d08d479584be,risk_aligned_declaration_witness,0.4079999999999975,0.4069999999999969,13388.986124477104,13388.974303802104,0.0118206750012177,0.0118206750000029,0.0002500000000001,0.0,0.0,0.0,0.0118206750012177,0.0118206750012177,0.0118206750012177,0,0.7505794411023722,0.7505794411023721,1.0000000000000002,1.0000000000000002,37,True
71,48,6864,2be9ba53c0d1806a1502dff5b57ef3767bd09fabf655634cb844d9f2ac2087c0,0,full_declared_day,153f2686a97e34b41099eda91952d787a1cd6c17a5aa81869ab7d08d479584be,153f2686a97e34b41099eda91952d787a1cd6c17a5aa81869ab7d08d479584be,risk_aligned_declaration_witness,0.4329999999999975,0.4289999999999969,13389.138298075091,13389.114806272017,0.0234918030746484,0.023491803075003,0.0010000000000001,0.0,0.0,0.0,0.0234918030746484,0.0234918030746484,0.0234918030746484,0,0.7505781412122015,0.7505784011902358,1.0,1.0000000000000004,37,True
71,49,6865,2be9ba53c0d1806a1502dff5b57ef3767bd09fabf655634cb844d9f2ac2087c0,0,full_declared_day,153f2686a97e34b41099eda91952d787a1cd6c17a5aa81869ab7d08d479584be,153f2686a97e34b41099eda91952d787a1cd6c17a5aa81869ab7d08d479584be,risk_aligned_declaration_witness,0.4429999999999975,0.4359999999999969,13389.176404641392,13389.158696696091,0.0177079453005717,0.017707945300003,0.0020000000000001,0.0,0.0,0.0,0.0177079453005717,0.0177079453005717,0.0177079453005717,0,0.7505776536625373,0.7505776536625374,1.0,1.0,37,True
71,50,6866,2be9ba53c0d1806a1502dff5b57ef3767bd09fabf655634cb844d9f2ac2087c0,0,full_declared_day,153f2686a97e34b41099eda91952d787a1cd6c17a5aa81869ab7d08d479584be,153f2686a97e34b41099eda91952d787a1cd6c17a5aa81869ab7d08d479584be,risk_aligned_declaration_witness,0.4469999999999975,0.4359999999999969,13389.182441458615,13389.158696696091,0.0237447625258937,0.023744762525003,0.0035000000000001,0.0,0.0,0.0,0.0237447625258937,0.0237447625258937,0.0237447625258937,0,0.7505777840149551,0.7505776536625374,1.0,1.0,37,True
71,51,6867,2be9ba53c0d1806a1502dff5b57ef3767bd09fabf655634cb844d9f2ac2087c0,0,full_declared_day,153f2686a97e34b41099eda91952d787a1cd6c17a5aa81869ab7d08d479584be,153f2686a97e34b41099eda91952d787a1cd6c17a5aa81869ab7d08d479584be,risk_aligned_declaration_witness,0.4479999999999975,0.4319999999999969,13389.186132536155,13389.127075295555,0.059057240599941,0.059057240600003,0.0040000000000001,0.0,0.0,0.0,0.059057240599941,0.059057240599941,0.059057240599941,0,0.7505777840149556,0.7505779136405712,1.0000000000000002,1.0,37,True
71,52,6868,2be9ba53c0d1806a1502dff5b57ef3767bd09fabf655634cb844d9f2ac2087c0,0,full_declared_day,153f2686a97e34b41099eda91952d787a1cd6c17a5aa81869ab7d08d479584be,153f2686a97e34b41099eda91952d787a1cd6c17a5aa81869ab7d08d479584be,risk_aligned_declaration_witness,0.4539999999999975,0.4339999999999969,13389.240797391229,13389.13445745063,0.106339940599355,0.106339940600003,0.0050000000000001,0.0,0.0,0.0,0.106339940599355,0.106339940599355,0.106339940599355,0,0.7505777516085516,0.7505778812341674,1.0000000000000002,1.0,37,True
71,53,6869,2be9ba53c0d1806a1502dff5b57ef3767bd09fabf655634cb844d9f2ac2087c0,0,full_declared_day,153f2686a97e34b41099eda91952d787a1cd6c17a5aa81869ab7d08d479584be,153f2686a97e34b41099eda91952d787a1cd6c17a5aa81869ab7d08d479584be,risk_aligned_declaration_witness,0.4549999999999975,0.4349999999999969,13389.260747663691,13389.154407723094,0.106339940597536,0.106339940600003,0.0050000000000001,0.0,0.0,0.0,0.106339940597536,0.106339940597536,0.106339940597536,0,0.7505777516085516,0.7505778812341678,1.0000000000000002,1.0000000000000004,37,True
71,54,6870,2be9ba53c0d1806a1502dff5b57ef3767bd09fabf655634cb844d9f2ac2087c0,0,full_declared_day,153f2686a97e34b41099eda91952d787a1cd6c17a5aa81869ab7d08d479584be,153f2686a97e34b41099eda91952d787a1cd6c17a5aa81869ab7d08d479584be,risk_aligned_declaration_witness,0.4529999999999975,0.4309999999999969,13389.245235911154,13389.123384218015,0.1218516931385238,0.1218516931375031,0.0055000000000001,0.0,0.0,0.0,0.1218516931385238,0.1218516931385238,0.1218516931385238,0,0.7505777678117536,0.7505779136405718,1.0000000000000004,1.0000000000000004,37,True
71,55,6871,2be9ba53c0d1806a1502dff5b57ef3767bd09fabf655634cb844d9f2ac2087c0,0,full_declared_day,153f2686a97e34b41099eda91952d787a1cd6c17a5aa81869ab7d08d479584be,153f2686a97e34b41099eda91952d787a1cd6c17a5aa81869ab7d08d479584be,risk_aligned_declaration_witness,0.4609999999999975,0.4309999999999969,13389.274764531454,13389.123384218015,0.1513803134384943,0.1513803134375031,0.0075000000000001,0.0,0.0,0.0,0.1513803134384943,0.1513803134384943,0.1513803134384943,0,0.7505777029989453,0.7505779136405718,1.0000000000000002,1.0000000000000004,37,True
71,56,6872,2be9ba53c0d1806a1502dff5b57ef3767bd09fabf655634cb844d9f2ac2087c0,0,full_declared_day,153f2686a97e34b41099eda91952d787a1cd6c17a5aa81869ab7d08d479584be,153f2686a97e34b41099eda91952d787a1cd6c17a5aa81869ab7d08d479584be,risk_aligned_declaration_witness,0.4579999999999975,0.4319999999999969,13389.25556170138,13389.135204893017,0.1203568083637947,0.120356808362503,0.0065000000000001,0.0,0.0,0.0,0.1203568083637947,0.1203568083637947,0.1203568083637947,0,0.7505777192021474,0.7505778974373698,1.0000000000000002,1.0000000000000002,37,True
71,57,6873,2be9ba53c0d1806a1502dff5b57ef3767bd09fabf655634cb844d9f2ac2087c0,0,full_declared_day,153f2686a97e34b41099eda91952d787a1cd6c17a5aa81869ab7d08d479584be,153f2686a97e34b41099eda91952d787a1cd6c17a5aa81869ab7d08d479584be,risk_aligned_declaration_witness,0.4309999999999975,0.4049999999999969,13389.094810157392,13388.97445334903,0.1203568083619757,0.120356808362503,0.0065000000000001,0.0,0.0,0.0,0.1203568083619757,0.1203568083619757,0.1203568083619757,0,0.7505795228451837,0.7505797010804061,1.0,1.0000000000000002,37,True
71,58,6874,2be9ba53c0d1806a1502dff5b57ef3767bd09fabf655634cb844d9f2ac2087c0,0,full_declared_day,153f2686a97e34b41099eda91952d787a1cd6c17a5aa81869ab7d08d479584be,153f2686a97e34b41099eda91952d787a1cd6c17a5aa81869ab7d08d479584be,risk_aligned_declaration_witness,0.4309999999999975,0.4029999999999969,13389.094810157392,13388.958941596493,0.1358685609011445,0.1358685609000031,0.0070000000000001,0.0,0.0,0.0,0.1358685609011445,0.1358685609011445,0.1358685609011445,0,0.7505795228451837,0.7505797172836082,1.0,1.0000000000000002,37,True
71,59,6875,2be9ba53c0d1806a1502dff5b57ef3767bd09fabf655634cb844d9f2ac2087c0,0,full_declared_day,153f2686a97e34b41099eda91952d787a1cd6c17a5aa81869ab7d08d479584be,153f2686a97e34b41099eda91952d787a1cd6c17a5aa81869ab7d08d479584be,risk_aligned_declaration_witness,0.3769999999999974,0.3369999999999968,13388.78143666688,13388.575092696754,0.2063439701250899,0.2063439701250031,0.0100000000000001,0.0,0.0,0.0,0.2063439701250899,0.2063439701250899,0.2063439701250899,0,0.7505831625376604,0.7505841369101872,1.0,1.0000000000000004,37,True
71,60,6876,2be9ba53c0d1806a1502dff5b57ef3767bd09fabf655634cb844d9f2ac2087c0,0,full_declared_day,153f2686a97e34b41099eda91952d787a1cd6c17a5aa81869ab7d08d479584be,153f2686a97e34b41099eda91952d787a1cd6c17a5aa81869ab7d08d479584be,risk_aligned_declaration_witness,0.5049999999999976,0.4569999999999969,13389.53317436528,13389.279846789002,0.2533275762762059,0.2533275762750032,0.0120000000000001,0.0,0.0,0.0,0.2533275762762059,0.2533275762762059,0.2533275762762059,0,0.7505748432405708,0.7505763375691653,1.0000000000000004,1.0000000000000004,37,True
71,61,6877,2be9ba53c0d1806a1502dff5b57ef3767bd09fabf655634cb844d9f2ac2087c0,0,full_declared_day,153f2686a97e34b41099eda91952d787a1cd6c17a5aa81869ab7d08d479584be,153f2686a97e34b41099eda91952d787a1cd6c17a5aa81869ab7d08d479584be,risk_aligned_declaration_witness,0.5219999999999976,0.472999999999997,13389.631430550578,13389.373814001305,0.2576165492755535,0.2576165492750032,0.0122500000000001,0.0,0.0,0.0,0.2576165492755535,0.2576165492755535,0.2576165492755535,0,0.7505735595536025,0.750575297657029,1.0000000000000002,1.0000000000000002,37,True
71,62,6878,2be9ba53c0d1806a1502dff5b57ef3767bd09fabf655634cb844d9f2ac2087c0,0,full_declared_day,153f2686a97e34b41099eda91952d787a1cd6c17a5aa81869ab7d08d479584be,153f2686a97e34b41099eda91952d787a1cd6c17a5aa81869ab7d08d479584be,risk_aligned_declaration_witness,0.4189999999999975,0.3689999999999969,13389.023736852703,13388.762429225892,0.2613076268116856,0.2613076268125032,0.0125000000000001,0.0,0.0,0.0,0.2613076268116856,0.2613076268116856,0.2613076268116856,0,0.750580546554118,0.7505823008607467,1.0,1.0000000000000002,37,True
71,63,6879,2be9ba53c0d1806a1502dff5b57ef3767bd09fabf655634cb844d9f2ac2087c0,0,full_declared_day,153f2686a97e34b41099eda91952d787a1cd6c17a5aa81869ab7d08d479584be,153f2686a97e34b41099eda91952d787a1cd6c17a5aa81869ab7d08d479584be,risk_aligned_declaration_witness,0.4149999999999975,0.3649999999999969,13388.992115452163,13388.730807825355,0.2613076268098666,0.2613076268125032,0.0125000000000001,0.0,0.0,0.0,0.2613076268098666,0.2613076268098666,0.2613076268098666,0,0.75058079032895,0.7505825446355788,1.0,1.0000000000000004,37,True
71,64,6880,2be9ba53c0d1806a1502dff5b57ef3767bd09fabf655634cb844d9f2ac2087c0,1,full_declared_day,153f2686a97e34b41099eda91952d787a1cd6c17a5aa81869ab7d08d479584be,153f2686a97e34b41099eda91952d787a1cd6c17a5aa81869ab7d08d479584be,risk_aligned_declaration_witness,0.4099999999999975,0.3599999999999969,13388.972464273553,13388.71115664674,0.2613076268135046,0.2613076268125032,0.0125000000000001,0.0184112726363903,0.0065,0.9750000000000008,1.2363076268135056,1.2363076268135056,1.2363076268135056,0,0.7505813102850184,0.7505830645916469,1.0000000000000004,1.0000000000000004,37,True
71,65,6881,2be9ba53c0d1806a1502dff5b57ef3767bd09fabf655634cb844d9f2ac2087c0,1,full_declared_day,153f2686a97e34b41099eda91952d787a1cd6c17a5aa81869ab7d08d479584be,153f2686a97e34b41099eda91952d787a1cd6c17a5aa81869ab7d08d479584be,risk_aligned_declaration_witness,0.4049999999999975,0.3549999999999969,13388.929022198015,13388.667714571204,0.2613076268116856,0.2613076268125032,0.0125000000000001,0.0347367366137934,0.0110000000000001,1.65000000000002,1.9113076268117053,1.9113076268117053,1.9113076268117053,0,0.7505815540598504,0.7505833083664789,1.0000000000000002,1.0000000000000004,37,True
71,66,6882,2be9ba53c0d1806a1502dff5b57ef3767bd09fabf655634cb844d9f2ac2087c0,1,full_declared_day,153f2686a97e34b41099eda91952d787a1cd6c17a5aa81869ab7d08d479584be,153f2686a97e34b41099eda91952d787a1cd6c17a5aa81869ab7d08d479584be,risk_aligned_declaration_witness,0.4099999999999975,0.3549999999999969,13388.957998765016,13388.667714571204,0.2902841938121128,0.2902841938125032,0.0137500000000001,0.050660733717408,0.0112500000000001,1.6875000000000202,1.977784193812133,1.977784193812133,1.977784193812133,0,0.7505805789605222,0.7505833083664789,1.0000000000000002,1.0000000000000004,37,True
71,67,6883,2be9ba53c0d1806a1502dff5b57ef3767bd09fabf655634cb844d9f2ac2087c0,1,full_declared_day,153f2686a97e34b41099eda91952d787a1cd6c17a5aa81869ab7d08d479584be,153f2686a97e34b41099eda91952d787a1cd6c17a5aa81869ab7d08d479584be,risk_aligned_declaration_witness,0.4089999999999975,0.3529999999999968,13388.96243728494,13388.659734520666,0.3027027642729081,0.3027027642750032,0.0140000000000001,0.0502551228512904,0.0112500000000001,1.6875000000000202,1.9902027642729283,1.9902027642729283,1.9902027642729283,0,0.7505806113669263,0.750583568344513,1.0000000000000004,1.0000000000000004,37,True
71,68,6884,2be9ba53c0d1806a1502dff5b57ef3767bd09fabf655634cb844d9f2ac2087c0,1,full_declared_day,153f2686a97e34b41099eda91952d787a1cd6c17a5aa81869ab7d08d479584be,153f2686a97e34b41099eda91952d787a1cd6c17a5aa81869ab7d08d479584be,risk_aligned_declaration_witness,0.4129999999999975,0.3529999999999968,13389.00971998494,13388.659734520666,0.3499854642723221,0.3499854642750033,0.0150000000000001,0.0568377838695883,0.0122500000000001,1.8375000000000203,2.1874854642723425,2.1874854642723425,2.1874854642723425,0,0.7505806113669263,0.750583568344513,1.0000000000000004,1.0000000000000004,37,True
71,69,6885,2be9ba53c0d1806a1502dff5b57ef3767bd09fabf655634cb844d9f2ac2087c0,1,full_declared_day,153f2686a97e34b41099eda91952d787a1cd6c17a5aa81869ab7d08d479584be,153f2686a97e34b41099eda91952d787a1cd6c17a5aa81869ab7d08d479584be,risk_aligned_declaration_witness,0.4109999999999975,0.3509999999999968,13389.002337829868,13388.652352365589,0.3499854642777791,0.3499854642750033,0.0150000000000001,0.0561609971925557,0.0122500000000001,1.8375000000000203,2.1874854642777994,2.1874854642777994,2.1874854642777994,0,0.7505806437733304,0.7505836007509172,1.0000000000000004,1.0000000000000004,37,True
71,70,6886,2be9ba53c0d1806a1502dff5b57ef3767bd09fabf655634cb844d9f2ac2087c0,1,full_declared_day,153f2686a97e34b41099eda91952d787a1cd6c17a5aa81869ab7d08d479584be,153f2686a97e34b41099eda91952d787a1cd6c17a5aa81869ab7d08d479584be,risk_aligned_declaration_witness,0.4109999999999975,0.3509999999999968,13389.002337829868,13388.652352365589,0.3499854642777791,0.3499854642750033,0.0150000000000001,0.0527468057299548,0.0122500000000001,1.8375000000000203,2.1874854642777994,2.1874854642777994,2.1874854642777994,0,0.7505806437733304,0.7505836007509172,1.0000000000000004,1.0000000000000004,37,True
71,71,6887,2be9ba53c0d1806a1502dff5b57ef3767bd09fabf655634cb844d9f2ac2087c0,1,full_declared_day,153f2686a97e34b41099eda91952d787a1cd6c17a5aa81869ab7d08d479584be,153f2686a97e34b41099eda91952d787a1cd6c17a5aa81869ab7d08d479584be,risk_aligned_declaration_witness,0.4089999999999975,0.3489999999999968,13388.986826077327,13388.636840613051,0.3499854642741411,0.3499854642750033,0.0150000000000001,0.0535012646173696,0.0122500000000001,1.8375000000000203,2.187485464274161,2.187485464274161,2.187485464274161,0,0.7505806437733302,0.750583600750917,1.0000000000000002,1.0000000000000002,37,True
71,72,6888,2be9ba53c0d1806a1502dff5b57ef3767bd09fabf655634cb844d9f2ac2087c0,0,full_declared_day,153f2686a97e34b41099eda91952d787a1cd6c17a5aa81869ab7d08d479584be,153f2686a97e34b41099eda91952d787a1cd6c17a5aa81869ab7d08d479584be,risk_aligned_declaration_witness,0.4069999999999975,0.4099999999999969,13388.970716429329,13388.990517154863,-0.0198007255366974,-0.0198007255374967,0.0,0.0,0.0,0.0,-0.0198007255366974,-0.0198007255366974,0.0,1,0.7505808875481623,0.7505806275701284,1.0000000000000002,1.0000000000000004,37,True
71,73,6889,2be9ba53c0d1806a1502dff5b57ef3767bd09fabf655634cb844d9f2ac2087c0,0,full_declared_day,153f2686a97e34b41099eda91952d787a1cd6c17a5aa81869ab7d08d479584be,153f2686a97e34b41099eda91952d787a1cd6c17a5aa81869ab7d08d479584be,risk_aligned_declaration_witness,0.4069999999999975,0.4099999999999969,13388.970716429329,13388.990517154863,-0.0198007255366974,-0.0198007255374967,0.0,0.0,0.0,0.0,-0.0198007255366974,-0.0198007255366974,0.0,1,0.7505808875481623,0.7505806275701284,1.0000000000000002,1.0000000000000004,37,True
71,74,6890,2be9ba53c0d1806a1502dff5b57ef3767bd09fabf655634cb844d9f2ac2087c0,0,full_declared_day,153f2686a97e34b41099eda91952d787a1cd6c17a5aa81869ab7d08d479584be,153f2686a97e34b41099eda91952d787a1cd6c17a5aa81869ab7d08d479584be,risk_aligned_declaration_witness,0.4069999999999975,0.4099999999999969,13388.970716429329,13388.990517154863,-0.0198007255366974,-0.0198007255374967,0.0,0.0,0.0,0.0,-0.0198007255366974,-0.0198007255366974,0.0,1,0.7505808875481623,0.7505806275701284,1.0000000000000002,1.0000000000000004,37,True
71,75,6891,2be9ba53c0d1806a1502dff5b57ef3767bd09fabf655634cb844d9f2ac2087c0,0,full_declared_day,153f2686a97e34b41099eda91952d787a1cd6c17a5aa81869ab7d08d479584be,153f2686a97e34b41099eda91952d787a1cd6c17a5aa81869ab7d08d479584be,risk_aligned_declaration_witness,0.4069999999999975,0.4099999999999969,13388.970716429329,13388.990517154863,-0.0198007255366974,-0.0198007255374967,0.0,0.0,0.0,0.0,-0.0198007255366974,-0.0198007255366974,0.0,1,0.7505808875481623,0.7505806275701284,1.0000000000000002,1.0000000000000004,37,True
71,76,6892,2be9ba53c0d1806a1502dff5b57ef3767bd09fabf655634cb844d9f2ac2087c0,0,full_declared_day,153f2686a97e34b41099eda91952d787a1cd6c17a5aa81869ab7d08d479584be,153f2686a97e34b41099eda91952d787a1cd6c17a5aa81869ab7d08d479584be,risk_aligned_declaration_witness,0.4089999999999975,0.4119999999999969,13388.978696479864,13388.998497205404,-0.0198007255385164,-0.0198007255374967,0.0,0.0,0.0,0.0,-0.0198007255385164,-0.0198007255385164,0.0,1,0.7505806275701283,0.7505803675920943,1.0000000000000004,1.0000000000000004,37,True
71,77,6893,2be9ba53c0d1806a1502dff5b57ef3767bd09fabf655634cb844d9f2ac2087c0,0,full_declared_day,153f2686a97e34b41099eda91952d787a1cd6c17a5aa81869ab7d08d479584be,153f2686a97e34b41099eda91952d787a1cd6c17a5aa81869ab7d08d479584be,risk_aligned_declaration_witness,0.4089999999999975,0.4089999999999969,13388.978696479864,13388.978696479864,0.0,3.251208928814476e-15,1.734723475976807e-16,0.0,0.0,0.0,0.0,0.0,0.0,0,0.7505806275701283,0.7505806275701283,1.0000000000000004,1.0000000000000004,37,True
71,78,6894,2be9ba53c0d1806a1502dff5b57ef3767bd09fabf655634cb844d9f2ac2087c0,0,full_declared_day,153f2686a97e34b41099eda91952d787a1cd6c17a5aa81869ab7d08d479584be,153f2686a97e34b41099eda91952d787a1cd6c17a5aa81869ab7d08d479584be,risk_aligned_declaration_witness,0.4069999999999975,0.4069999999999969,13388.970716429329,13388.970716429329,0.0,3.251208928814476e-15,1.734723475976807e-16,0.0,0.0,0.0,0.0,0.0,0.0,0,0.7505808875481623,0.7505808875481623,1.0000000000000002,1.0000000000000002,37,True
71,79,6895,2be9ba53c0d1806a1502dff5b57ef3767bd09fabf655634cb844d9f2ac2087c0,0,full_declared_day,153f2686a97e34b41099eda91952d787a1cd6c17a5aa81869ab7d08d479584be,153f2686a97e34b41099eda91952d787a1cd6c17a5aa81869ab7d08d479584be,risk_aligned_declaration_witness,0.4069999999999975,0.4069999999999969,13388.970716429329,13388.970716429329,0.0,3.251208928814476e-15,1.734723475976807e-16,0.0,0.0,0.0,0.0,0.0,0.0,0,0.7505808875481623,0.7505808875481623,1.0000000000000002,1.0000000000000002,37,True
71,80,6896,2be9ba53c0d1806a1502dff5b57ef3767bd09fabf655634cb844d9f2ac2087c0,0,full_declared_day,153f2686a97e34b41099eda91952d787a1cd6c17a5aa81869ab7d08d479584be,153f2686a97e34b41099eda91952d787a1cd6c17a5aa81869ab7d08d479584be,risk_aligned_declaration_witness,0.4069999999999975,0.4069999999999969,13388.970716429329,13388.970716429329,0.0,3.251208928814476e-15,1.734723475976807e-16,0.0,0.0,0.0,0.0,0.0,0.0,0,0.7505808875481623,0.7505808875481623,1.0000000000000002,1.0000000000000002,37,True
71,81,6897,2be9ba53c0d1806a1502dff5b57ef3767bd09fabf655634cb844d9f2ac2087c0,0,full_declared_day,153f2686a97e34b41099eda91952d787a1cd6c17a5aa81869ab7d08d479584be,153f2686a97e34b41099eda91952d787a1cd6c17a5aa81869ab7d08d479584be,risk_aligned_declaration_witness,0.3949999999999974,0.4069999999999969,13388.900241020106,13388.970716429329,-0.0704754092221264,-0.0704754092249968,0.0,0.0,0.0,0.0,-0.0704754092221264,-0.0704754092221264,0.0,1,0.7505816674822645,0.7505808875481623,1.0000000000000002,1.0000000000000002,37,True
71,82,6898,2be9ba53c0d1806a1502dff5b57ef3767bd09fabf655634cb844d9f2ac2087c0,0,full_declared_day,153f2686a97e34b41099eda91952d787a1cd6c17a5aa81869ab7d08d479584be,153f2686a97e34b41099eda91952d787a1cd6c17a5aa81869ab7d08d479584be,risk_aligned_declaration_witness,0.3869999999999974,0.4069999999999969,13388.853257413952,13388.970716429329,-0.1174590153768804,-0.1174590153749968,0.0,0.0,0.0,0.0,-0.1174590153768804,-0.1174590153768804,0.0,1,0.7505821874383326,0.7505808875481623,1.0000000000000004,1.0000000000000002,37,True
71,83,6899,2be9ba53c0d1806a1502dff5b57ef3767bd09fabf655634cb844d9f2ac2087c0,0,full_declared_day,153f2686a97e34b41099eda91952d787a1cd6c17a5aa81869ab7d08d479584be,153f2686a97e34b41099eda91952d787a1cd6c17a5aa81869ab7d08d479584be,risk_aligned_declaration_witness,0.3789999999999974,0.4069999999999969,13388.823728793654,13388.970716429329,-0.1469876356750319,-0.1469876356749969,0.0,0.0,0.0,0.0,-0.1469876356750319,-0.1469876356750319,0.0,1,0.7505821874383323,0.7505808875481623,1.0,1.0000000000000002,37,True
71,84,6900,2be9ba53c0d1806a1502dff5b57ef3767bd09fabf655634cb844d9f2ac2087c0,0,full_declared_day,153f2686a97e34b41099eda91952d787a1cd6c17a5aa81869ab7d08d479584be,153f2686a97e34b41099eda91952d787a1cd6c17a5aa81869ab7d08d479584be,risk_aligned_declaration_witness,0.3709999999999974,0.4069999999999969,13388.794200173354,13388.970716429329,-0.1765162559750024,-0.1765162559749969,0.0,0.0,0.0,0.0,-0.1765162559750024,-0.1765162559750024,0.0,1,0.7505823170639487,0.7505808875481623,1.0000000000000002,1.0000000000000002,37,True
71,85,6901,2be9ba53c0d1806a1502dff5b57ef3767bd09fabf655634cb844d9f2ac2087c0,0,full_declared_day,153f2686a97e34b41099eda91952d787a1cd6c17a5aa81869ab7d08d479584be,153f2686a97e34b41099eda91952d787a1cd6c17a5aa81869ab7d08d479584be,risk_aligned_declaration_witness,0.3709999999999974,0.4069999999999969,13388.794200173354,13388.970716429329,-0.1765162559750024,-0.1765162559749969,0.0,0.0,0.0,0.0,-0.1765162559750024,-0.1765162559750024,0.0,1,0.7505823170639487,0.7505808875481623,1.0000000000000002,1.0000000000000002,37,True
71,86,6902,2be9ba53c0d1806a1502dff5b57ef3767bd09fabf655634cb844d9f2ac2087c0,0,full_declared_day,153f2686a97e34b41099eda91952d787a1cd6c17a5aa81869ab7d08d479584be,153f2686a97e34b41099eda91952d787a1cd6c17a5aa81869ab7d08d479584be,risk_aligned_declaration_witness,0.3669999999999974,0.4069999999999969,13388.746917473354,13388.970716429329,-0.2237989559744164,-0.2237989559749969,0.0,0.0,0.0,0.0,-0.2237989559744164,-0.2237989559744164,0.0,1,0.7505823170639487,0.7505808875481623,1.0000000000000002,1.0000000000000002,37,True
71,87,6903,2be9ba53c0d1806a1502dff5b57ef3767bd09fabf655634cb844d9f2ac2087c0,0,full_declared_day,153f2686a97e34b41099eda91952d787a1cd6c17a5aa81869ab7d08d479584be,153f2686a97e34b41099eda91952d787a1cd6c17a5aa81869ab7d08d479584be,risk_aligned_declaration_witness,0.3649999999999974,0.4049999999999969,13388.739535318276,13388.963334274253,-0.2237989559762354,-0.2237989559749969,0.0,0.0,0.0,0.0,-0.2237989559762354,-0.2237989559762354,0.0,1,0.7505823494703528,0.7505809199545663,1.0000000000000004,1.0000000000000002,37,True
71,88,6904,2be9ba53c0d1806a1502dff5b57ef3767bd09fabf655634cb844d9f2ac2087c0,0,full_declared_day,153f2686a97e34b41099eda91952d787a1cd6c17a5aa81869ab7d08d479584be,153f2686a97e34b41099eda91952d787a1cd6c17a5aa81869ab7d08d479584be,risk_aligned_declaration_witness,0.3649999999999974,0.4049999999999969,13388.739535318276,13388.963334274253,-0.2237989559762354,-0.2237989559749969,0.0,0.0,0.0,0.0,-0.2237989559762354,-0.2237989559762354,0.0,1,0.7505823494703528,0.7505809199545663,1.0000000000000004,1.0000000000000002,37,True
71,89,6905,2be9ba53c0d1806a1502dff5b57ef3767bd09fabf655634cb844d9f2ac2087c0,0,full_declared_day,153f2686a97e34b41099eda91952d787a1cd6c17a5aa81869ab7d08d479584be,153f2686a97e34b41099eda91952d787a1cd6c17a5aa81869ab7d08d479584be,risk_aligned_declaration_witness,0.3569999999999974,0.4049999999999969,13388.710006697978,13388.963334274253,-0.2533275762743869,-0.2533275762749969,0.0,0.0,0.0,0.0,-0.2533275762743869,-0.2533275762743869,0.0,1,0.7505824142831606,0.7505809199545663,1.0000000000000002,1.0000000000000002,37,True
71,90,6906,2be9ba53c0d1806a1502dff5b57ef3767bd09fabf655634cb844d9f2ac2087c0,0,full_declared_day,153f2686a97e34b41099eda91952d787a1cd6c17a5aa81869ab7d08d479584be,153f2686a97e34b41099eda91952d787a1cd6c17a5aa81869ab7d08d479584be,risk_aligned_declaration_witness,0.3549999999999974,0.4029999999999969,13388.701428751978,13388.954756328254,-0.2533275762762059,-0.2533275762749969,0.0,0.0,0.0,0.0,-0.2533275762762059,-0.2533275762762059,0.0,1,0.750582901832825,0.7505814075042303,1.0000000000000002,1.0000000000000002,37,True
71,91,6907,2be9ba53c0d1806a1502dff5b57ef3767bd09fabf655634cb844d9f2ac2087c0,0,full_declared_day,153f2686a97e34b41099eda91952d787a1cd6c17a5aa81869ab7d08d479584be,153f2686a97e34b41099eda91952d787a1cd6c17a5aa81869ab7d08d479584be,risk_aligned_declaration_witness,0.3549999999999974,0.4029999999999969,13388.701428751978,13388.954756328254,-0.2533275762762059,-0.2533275762749969,0.0,0.0,0.0,0.0,-0.2533275762762059,-0.2533275762762059,0.0,1,0.750582901832825,0.7505814075042303,1.0000000000000002,1.0000000000000002,37,True
71,92,6908,2be9ba53c0d1806a1502dff5b57ef3767bd09fabf655634cb844d9f2ac2087c0,0,full_declared_day,153f2686a97e34b41099eda91952d787a1cd6c17a5aa81869ab7d08d479584be,153f2686a97e34b41099eda91952d787a1cd6c17a5aa81869ab7d08d479584be,risk_aligned_declaration_witness,0.3549999999999974,0.4029999999999969,13388.701428751978,13388.954756328254,-0.2533275762762059,-0.2533275762749969,0.0,0.0,0.0,0.0,-0.2533275762762059,-0.2533275762762059,0.0,1,0.750582901832825,0.7505814075042303,1.0000000000000002,1.0000000000000002,37,True
71,93,6909,2be9ba53c0d1806a1502dff5b57ef3767bd09fabf655634cb844d9f2ac2087c0,0,full_declared_day,153f2686a97e34b41099eda91952d787a1cd6c17a5aa81869ab7d08d479584be,153f2686a97e34b41099eda91952d787a1cd6c17a5aa81869ab7d08d479584be,risk_aligned_declaration_witness,0.3549999999999974,0.4029999999999969,13388.701428751978,13388.954756328254,-0.2533275762762059,-0.2533275762749969,0.0,0.0,0.0,0.0,-0.2533275762762059,-0.2533275762762059,0.0,1,0.750582901832825,0.7505814075042303,1.0000000000000002,1.0000000000000002,37,True
71,94,6910,2be9ba53c0d1806a1502dff5b57ef3767bd09fabf655634cb844d9f2ac2087c0,0,full_declared_day,153f2686a97e34b41099eda91952d787a1cd6c17a5aa81869ab7d08d479584be,153f2686a97e34b41099eda91952d787a1cd6c17a5aa81869ab7d08d479584be,risk_aligned_declaration_witness,0.3549999999999974,0.3829999999999969,13388.701428751978,13388.837297312875,-0.1358685608993255,-0.1358685608999968,1.3877787807814457e-17,0.0,0.0,0.0,-0.1358685608993255,-0.1358685608993255,0.0,1,0.750582901832825,0.7505827073944008,1.0000000000000002,1.0000000000000004,37,True
71,95,6911,2be9ba53c0d1806a1502dff5b57ef3767bd09fabf655634cb844d9f2ac2087c0,0,full_declared_day,153f2686a97e34b41099eda91952d787a1cd6c17a5aa81869ab7d08d479584be,153f2686a97e34b41099eda91952d787a1cd6c17a5aa81869ab7d08d479584be,risk_aligned_declaration_witness,0.3579999999999974,0.3869999999999969,13388.720631582057,13388.860789115954,-0.1401575338986731,-0.1401575338999968,0.0,0.0,0.0,0.0,-0.1401575338986731,-0.1401575338986731,0.0,1,0.750582885629623,0.7505824474163667,1.0000000000000004,1.0000000000000002,37,True
72,0,6912,2be9ba53c0d1806a1502dff5b57ef3767bd09fabf655634cb844d9f2ac2087c0,0,full_declared_day,153f2686a97e34b41099eda91952d787a1cd6c17a5aa81869ab7d08d479584be,153f2686a97e34b41099eda91952d787a1cd6c17a5aa81869ab7d08d479584be,risk_aligned_declaration_witness,0.3579999999999974,0.3869999999999969,13388.720631582057,13388.860789115954,-0.1401575338986731,-0.1401575338999968,0.0,0.0108098917006819,0.0,0.0,-0.1401575338986731,-0.1401575338986731,0.0,1,0.750582885629623,0.7505824474163667,1.0000000000000004,1.0000000000000002,37,True
72,1,6913,2be9ba53c0d1806a1502dff5b57ef3767bd09fabf655634cb844d9f2ac2087c0,0,full_declared_day,153f2686a97e34b41099eda91952d787a1cd6c17a5aa81869ab7d08d479584be,153f2686a97e34b41099eda91952d787a1cd6c17a5aa81869ab7d08d479584be,risk_aligned_declaration_witness,0.3579999999999974,0.3869999999999969,13388.720631582057,13388.860789115954,-0.1401575338986731,-0.1401575338999968,0.0,0.0,0.0,0.0,-0.1401575338986731,-0.1401575338986731,0.0,1,0.750582885629623,0.7505824474163667,1.0000000000000004,1.0000000000000002,37,True
72,2,6914,2be9ba53c0d1806a1502dff5b57ef3767bd09fabf655634cb844d9f2ac2087c0,0,full_declared_day,153f2686a97e34b41099eda91952d787a1cd6c17a5aa81869ab7d08d479584be,153f2686a97e34b41099eda91952d787a1cd6c17a5aa81869ab7d08d479584be,risk_aligned_declaration_witness,0.3579999999999974,0.3869999999999969,13388.720631582057,13388.860789115954,-0.1401575338986731,-0.1401575338999968,0.0,0.0,0.0,0.0,-0.1401575338986731,-0.1401575338986731,0.0,1,0.750582885629623,0.7505824474163667,1.0000000000000004,1.0000000000000002,37,True
72,3,6915,2be9ba53c0d1806a1502dff5b57ef3767bd09fabf655634cb844d9f2ac2087c0,0,full_declared_day,153f2686a97e34b41099eda91952d787a1cd6c17a5aa81869ab7d08d479584be,153f2686a97e34b41099eda91952d787a1cd6c17a5aa81869ab7d08d479584be,risk_aligned_declaration_witness,0.3609999999999974,0.3899999999999969,13388.731704814663,13388.871862348567,-0.1401575339023111,-0.1401575338999968,0.0,0.0,0.0,0.0,-0.1401575339023111,-0.1401575339023111,0.0,1,0.750582885629623,0.7505824474163667,1.0000000000000004,1.0000000000000002,37,True
72,4,6916,2be9ba53c0d1806a1502dff5b57ef3767bd09fabf655634cb844d9f2ac2087c0,0,full_declared_day,153f2686a97e34b41099eda91952d787a1cd6c17a5aa81869ab7d08d479584be,153f2686a97e34b41099eda91952d787a1cd6c17a5aa81869ab7d08d479584be,risk_aligned_declaration_witness,0.3529999999999974,0.3869999999999969,13388.691655015054,13388.860789115954,-0.1691341008991003,-0.1691341008999969,0.0,0.0,0.0,0.0,-0.1691341008991003,-0.1691341008991003,0.0,1,0.7505838931353551,0.7505824798227707,1.0000000000000002,1.0000000000000004,37,True
72,5,6917,2be9ba53c0d1806a1502dff5b57ef3767bd09fabf655634cb844d9f2ac2087c0,0,full_declared_day,153f2686a97e34b41099eda91952d787a1cd6c17a5aa81869ab7d08d479584be,153f2686a97e34b41099eda91952d787a1cd6c17a5aa81869ab7d08d479584be,risk_aligned_declaration_witness,0.3509999999999974,0.3869999999999969,13388.668013665054,13388.845725711952,-0.1777120468977955,-0.1777120468999969,0.0,0.0,0.0,0.0,-0.1777120468977955,-0.1777120468977955,0.0,1,0.7505838931353551,0.7505819922731066,1.0000000000000002,1.0000000000000004,37,True
72,6,6918,2be9ba53c0d1806a1502dff5b57ef3767bd09fabf655634cb844d9f2ac2087c0,0,full_declared_day,153f2686a97e34b41099eda91952d787a1cd6c17a5aa81869ab7d08d479584be,153f2686a97e34b41099eda91952d787a1cd6c17a5aa81869ab7d08d479584be,risk_aligned_declaration_witness,0.3479999999999974,0.3879999999999969,13388.616292445127,13388.841287192028,-0.2249947469008475,-0.2249947468999969,0.0,0.0,0.0,0.0,-0.2249947469008475,-0.2249947469008475,0.0,1,0.7505838931353551,0.7505819922731066,1.0000000000000002,1.0000000000000004,37,True
72,7,6919,2be9ba53c0d1806a1502dff5b57ef3767bd09fabf655634cb844d9f2ac2087c0,0,full_declared_day,153f2686a97e34b41099eda91952d787a1cd6c17a5aa81869ab7d08d479584be,153f2686a97e34b41099eda91952d787a1cd6c17a5aa81869ab7d08d479584be,risk_aligned_declaration_witness,0.3379999999999974,0.3779999999999969,13388.56073089298,13388.785725639877,-0.2249947468972095,-0.2249947468999969,0.0,0.0,0.0,0.0,-0.2249947468972095,-0.2249947468972095,0.0,1,0.7505848682346834,0.7505829673724348,1.0000000000000002,1.0000000000000004,37,True
72,8,6920,2be9ba53c0d1806a1502dff5b57ef3767bd09fabf655634cb844d9f2ac2087c0,0,full_declared_day,153f2686a97e34b41099eda91952d787a1cd6c17a5aa81869ab7d08d479584be,153f2686a97e34b41099eda91952d787a1cd6c17a5aa81869ab7d08d479584be,risk_aligned_declaration_witness,0.3109999999999974,0.3489999999999968,13388.433095634302,13388.649512435204,-0.2164168009021523,-0.216416800899997,0.0,0.0,0.0,0.0,-0.2164168009021523,-0.2164168009021523,0.0,1,0.7505864929156956,0.7505850796031114,1.0,1.0000000000000004,37,True
72,9,6921,2be9ba53c0d1806a1502dff5b57ef3767bd09fabf655634cb844d9f2ac2087c0,0,full_declared_day,153f2686a97e34b41099eda91952d787a1cd6c17a5aa81869ab7d08d479584be,153f2686a97e34b41099eda91952d787a1cd6c17a5aa81869ab7d08d479584be,risk_aligned_declaration_witness,0.3109999999999974,0.3489999999999968,13388.425563932306,13388.641980733204,-0.2164168008985143,-0.216416800899997,0.0,0.0,0.0,0.0,-0.2164168008985143,-0.2164168008985143,0.0,1,0.7505862329376614,0.7505848196250774,1.0,1.0000000000000004,37,True
72,10,6922,2be9ba53c0d1806a1502dff5b57ef3767bd09fabf655634cb844d9f2ac2087c0,0,full_declared_day,153f2686a97e34b41099eda91952d787a1cd6c17a5aa81869ab7d08d479584be,153f2686a97e34b41099eda91952d787a1cd6c17a5aa81869ab7d08d479584be,risk_aligned_declaration_witness,0.3179999999999974,0.3159999999999968,13388.451401475068,13388.427760125063,0.0236413500024355,0.023641350000003,0.0005000000000001,0.0,0.0,0.0,0.0236413500024355,0.0236413500024355,0.0236413500024355,0,0.7505861681248532,0.7505861681248533,1.0,1.0,37,True
72,11,6923,2be9ba53c0d1806a1502dff5b57ef3767bd09fabf655634cb844d9f2ac2087c0,0,full_declared_day,153f2686a97e34b41099eda91952d787a1cd6c17a5aa81869ab7d08d479584be,153f2686a97e34b41099eda91952d787a1cd6c17a5aa81869ab7d08d479584be,risk_aligned_declaration_witness,0.3119999999999974,0.3099999999999968,13388.428059218915,13388.404417868916,0.0236413499987975,0.023641350000003,0.0005000000000001,0.0,0.0,0.0,0.0236413499987975,0.0236413499987975,0.0236413499987975,0,0.7505866880809214,0.7505866880809214,1.0,1.0,37,True
72,12,6924,2be9ba53c0d1806a1502dff5b57ef3767bd09fabf655634cb844d9f2ac2087c0,0,full_declared_day,153f2686a97e34b41099eda91952d787a1cd6c17a5aa81869ab7d08d479584be,153f2686a97e34b41099eda91952d787a1cd6c17a5aa81869ab7d08d479584be,risk_aligned_declaration_witness,0.3089999999999974,0.3059999999999968,13388.416985986303,13388.389653558766,0.0273324275385675,0.027332427537503,0.0007500000000001,0.0,0.0,0.0,0.0273324275385675,0.0273324275385675,0.0273324275385675,0,0.7505867204873254,0.7505867204873256,1.0,1.0,37,True
72,13,6925,2be9ba53c0d1806a1502dff5b57ef3767bd09fabf655634cb844d9f2ac2087c0,0,full_declared_day,153f2686a97e34b41099eda91952d787a1cd6c17a5aa81869ab7d08d479584be,153f2686a97e34b41099eda91952d787a1cd6c17a5aa81869ab7d08d479584be,risk_aligned_declaration_witness,0.5329999999999976,0.2899999999999968,13389.747590362504,13388.310749750466,1.436840612039305,1.4368406120375043,0.0607500000000001,0.0,0.0,0.0,1.436840612039305,1.436840612039305,1.436840612039305,0,0.7505726816734863,0.7505882803555303,1.0000000000000002,1.0000000000000004,37,True
72,14,6926,2be9ba53c0d1806a1502dff5b57ef3767bd09fabf655634cb844d9f2ac2087c0,0,full_declared_day,153f2686a97e34b41099eda91952d787a1cd6c17a5aa81869ab7d08d479584be,153f2686a97e34b41099eda91952d787a1cd6c17a5aa81869ab7d08d479584be,risk_aligned_declaration_witness,0.5269999999999976,0.2889999999999968,13389.708586806892,13388.32271997239,1.3858668345019396,1.3858668345000045,0.0595000000000001,0.0,0.0,0.0,1.3858668345019396,1.3858668345019396,1.3858668345019396,0,0.7505729416515206,0.7505885403335644,1.0000000000000004,1.0000000000000004,37,True
72,15,6927,2be9ba53c0d1806a1502dff5b57ef3767bd09fabf655634cb844d9f2ac2087c0,0,full_declared_day,153f2686a97e34b41099eda91952d787a1cd6c17a5aa81869ab7d08d479584be,153f2686a97e34b41099eda91952d787a1cd6c17a5aa81869ab7d08d479584be,risk_aligned_declaration_witness,0.2829999999999973,0.525999999999997,13388.274391028392,13389.711231640427,-1.4368406120338475,-1.436840612037498,0.0,0.0139551789177634,0.0,0.0,-1.4368406120338475,-1.4368406120338475,0.0,1,0.7505892716580604,0.7505736729760166,1.0000000000000004,1.0000000000000002,37,True
72,16,6928,2be9ba53c0d1806a1502dff5b57ef3767bd09fabf655634cb844d9f2ac2087c0,0,full_declared_day,153f2686a97e34b41099eda91952d787a1cd6c17a5aa81869ab7d08d479584be,153f2686a97e34b41099eda91952d787a1cd6c17a5aa81869ab7d08d479584be,risk_aligned_declaration_witness,0.2829999999999973,0.525999999999997,13388.258131833469,13389.694972445504,-1.4368406120356667,-1.436840612037498,0.0,0.0260317641656754,0.0,0.0,-1.4368406120356667,-1.4368406120356667,0.0,1,0.7505892716580606,0.7505736729760167,1.0000000000000004,1.0000000000000004,37,True
72,17,6929,2be9ba53c0d1806a1502dff5b57ef3767bd09fabf655634cb844d9f2ac2087c0,0,full_declared_day,153f2686a97e34b41099eda91952d787a1cd6c17a5aa81869ab7d08d479584be,153f2686a97e34b41099eda91952d787a1cd6c17a5aa81869ab7d08d479584be,risk_aligned_declaration_witness,0.2829999999999973,0.2849999999999968,13388.258131833469,13388.281773183466,-0.0236413499987975,-0.0236413499999969,1.4224732503009818e-16,0.0404125911493122,0.0,0.0,-0.0236413499987975,-0.0236413499987975,0.0,1,0.7505892716580606,0.7505892716580604,1.0000000000000004,1.0000000000000004,37,True
72,18,6930,2be9ba53c0d1806a1502dff5b57ef3767bd09fabf655634cb844d9f2ac2087c0,0,full_declared_day,153f2686a97e34b41099eda91952d787a1cd6c17a5aa81869ab7d08d479584be,153f2686a97e34b41099eda91952d787a1cd6c17a5aa81869ab7d08d479584be,risk_aligned_declaration_witness,0.2829999999999973,0.2829999999999968,13388.258131833469,13388.258131833469,0.0,3.0442375849315525e-15,1.700029006457271e-16,0.0476524046255279,0.0,0.0,0.0,0.0,0.0,0,0.7505892716580606,0.7505892716580606,1.0000000000000004,1.0000000000000004,37,True
72,19,6931,2be9ba53c0d1806a1502dff5b57ef3767bd09fabf655634cb844d9f2ac2087c0,0,full_declared_day,153f2686a97e34b41099eda91952d787a1cd6c17a5aa81869ab7d08d479584be,153f2686a97e34b41099eda91952d787a1cd6c17a5aa81869ab7d08d479584be,risk_aligned_declaration_witness,0.3009999999999974,0.3009999999999968,13388.35948120084,13388.35948120084,0.0,3.0442375849315525e-15,1.700029006457271e-16,0.0434470189215931,0.0,0.0,0.0,0.0,0.0,0,0.7505881993395197,0.7505881993395197,1.0,1.0,37,True
72,20,6932,2be9ba53c0d1806a1502dff5b57ef3767bd09fabf655634cb844d9f2ac2087c0,0,full_declared_day,153f2686a97e34b41099eda91952d787a1cd6c17a5aa81869ab7d08d479584be,153f2686a97e34b41099eda91952d787a1cd6c17a5aa81869ab7d08d479584be,risk_aligned_declaration_witness,0.3029999999999974,0.3029999999999968,13388.36805914684,13388.36805914684,0.0,3.0442375849315525e-15,1.700029006457271e-16,0.0256191704555337,0.0,0.0,0.0,0.0,0.0,0,0.7505877117898556,0.7505877117898556,1.0,1.0,37,True
72,21,6933,2be9ba53c0d1806a1502dff5b57ef3767bd09fabf655634cb844d9f2ac2087c0,0,full_declared_day,153f2686a97e34b41099eda91952d787a1cd6c17a5aa81869ab7d08d479584be,153f2686a97e34b41099eda91952d787a1cd6c17a5aa81869ab7d08d479584be,risk_aligned_declaration_witness,0.2989999999999974,0.2989999999999968,13388.344567343764,13388.344567343764,0.0,3.0442375849315525e-15,1.700029006457271e-16,0.0,0.0,0.0,0.0,0.0,0.0,0,0.7505879717678898,0.7505879717678898,1.0,1.0,37,True
72,22,6934,2be9ba53c0d1806a1502dff5b57ef3767bd09fabf655634cb844d9f2ac2087c0,0,full_declared_day,153f2686a97e34b41099eda91952d787a1cd6c17a5aa81869ab7d08d479584be,153f2686a97e34b41099eda91952d787a1cd6c17a5aa81869ab7d08d479584be,risk_aligned_declaration_witness,0.2989999999999974,0.2989999999999968,13388.344567343764,13388.344567343764,0.0,3.0442375849315525e-15,1.700029006457271e-16,0.0736767125753023,0.0,0.0,0.0,0.0,0.0,0,0.7505879717678898,0.7505879717678898,1.0,1.0,37,True
72,23,6935,2be9ba53c0d1806a1502dff5b57ef3767bd09fabf655634cb844d9f2ac2087c0,0,full_declared_day,153f2686a97e34b41099eda91952d787a1cd6c17a5aa81869ab7d08d479584be,153f2686a97e34b41099eda91952d787a1cd6c17a5aa81869ab7d08d479584be,risk_aligned_declaration_witness,0.2989999999999974,0.2989999999999968,13388.344567343764,13388.344567343764,0.0,3.0442375849315525e-15,1.700029006457271e-16,0.0730520679322578,0.0,0.0,0.0,0.0,0.0,0,0.7505879717678898,0.7505879717678898,1.0,1.0,37,True
72,24,6936,2be9ba53c0d1806a1502dff5b57ef3767bd09fabf655634cb844d9f2ac2087c0,0,full_declared_day,153f2686a97e34b41099eda91952d787a1cd6c17a5aa81869ab7d08d479584be,153f2686a97e34b41099eda91952d787a1cd6c17a5aa81869ab7d08d479584be,risk_aligned_declaration_witness,0.2979999999999974,0.2979999999999968,13388.340876266227,13388.340876266227,0.0,3.0442375849315525e-15,1.700029006457271e-16,0.0670825473199732,0.0,0.0,0.0,0.0,0.0,0,0.7505879879710922,0.7505879879710922,1.0000000000000002,1.0000000000000002,37,True
72,25,6937,2be9ba53c0d1806a1502dff5b57ef3767bd09fabf655634cb844d9f2ac2087c0,0,full_declared_day,153f2686a97e34b41099eda91952d787a1cd6c17a5aa81869ab7d08d479584be,153f2686a97e34b41099eda91952d787a1cd6c17a5aa81869ab7d08d479584be,risk_aligned_declaration_witness,0.2979999999999974,0.2979999999999968,13388.340876266227,13388.340876266227,0.0,3.0442375849315525e-15,1.700029006457271e-16,0.0724770583599907,0.0,0.0,0.0,0.0,0.0,0,0.7505879879710922,0.7505879879710922,1.0000000000000002,1.0000000000000002,37,True
72,26,6938,2be9ba53c0d1806a1502dff5b57ef3767bd09fabf655634cb844d9f2ac2087c0,0,full_declared_day,153f2686a97e34b41099eda91952d787a1cd6c17a5aa81869ab7d08d479584be,153f2686a97e34b41099eda91952d787a1cd6c17a5aa81869ab7d08d479584be,risk_aligned_declaration_witness,0.2989999999999974,0.2989999999999968,13388.345165239229,13388.345165239229,0.0,3.0442375849315525e-15,1.700029006457271e-16,0.0174719345378124,0.0,0.0,0.0,0.0,0.0,0,0.7505877441962601,0.7505877441962601,1.0000000000000002,1.0000000000000002,37,True
72,27,6939,2be9ba53c0d1806a1502dff5b57ef3767bd09fabf655634cb844d9f2ac2087c0,0,full_declared_day,153f2686a97e34b41099eda91952d787a1cd6c17a5aa81869ab7d08d479584be,153f2686a97e34b41099eda91952d787a1cd6c17a5aa81869ab7d08d479584be,risk_aligned_declaration_witness,0.3309999999999974,0.3299999999999968,13388.532501768366,13388.528810690828,0.003691077537951,0.003691077537503,0.0002500000000001,0.0,0.0,0.0,0.003691077537951,0.003691077537951,0.003691077537951,0,0.7505858919436176,0.7505859081468196,1.0000000000000002,1.0000000000000002,37,True
72,28,6940,2be9ba53c0d1806a1502dff5b57ef3767bd09fabf655634cb844d9f2ac2087c0,0,full_declared_day,153f2686a97e34b41099eda91952d787a1cd6c17a5aa81869ab7d08d479584be,153f2686a97e34b41099eda91952d787a1cd6c17a5aa81869ab7d08d479584be,risk_aligned_declaration_witness,0.3309999999999974,0.3309999999999968,13388.532501768366,13388.532501768366,0.0,3.0442375849315525e-15,1.700029006457271e-16,0.074112848522721,0.0,0.0,0.0,0.0,0.0,0,0.7505858919436176,0.7505858919436176,1.0000000000000002,1.0000000000000002,37,True
72,29,6941,2be9ba53c0d1806a1502dff5b57ef3767bd09fabf655634cb844d9f2ac2087c0,0,full_declared_day,153f2686a97e34b41099eda91952d787a1cd6c17a5aa81869ab7d08d479584be,153f2686a97e34b41099eda91952d787a1cd6c17a5aa81869ab7d08d479584be,risk_aligned_declaration_witness,0.3289999999999974,0.3299999999999968,13388.533249210752,13388.53694028829,-0.003691077537951,-0.0036910775374969,4.510281037539698e-17,0.0714630402943555,0.0,0.0,-0.003691077537951,-0.003691077537951,0.0,1,0.7505859243500216,0.7505859081468198,1.0000000000000002,1.0000000000000004,37,True
72,30,6942,2be9ba53c0d1806a1502dff5b57ef3767bd09fabf655634cb844d9f2ac2087c0,0,full_declared_day,153f2686a97e34b41099eda91952d787a1cd6c17a5aa81869ab7d08d479584be,153f2686a97e34b41099eda91952d787a1cd6c17a5aa81869ab7d08d479584be,risk_aligned_declaration_witness,0.3259999999999974,0.3259999999999968,13388.513448485215,13388.513448485215,0.0,3.0442375849315525e-15,1.700029006457271e-16,0.0,0.0,0.0,0.0,0.0,0.0,0,0.7505861843280557,0.7505861843280557,1.0000000000000002,1.0000000000000002,37,True
72,31,6943,2be9ba53c0d1806a1502dff5b57ef3767bd09fabf655634cb844d9f2ac2087c0,0,full_declared_day,153f2686a97e34b41099eda91952d787a1cd6c17a5aa81869ab7d08d479584be,153f2686a97e34b41099eda91952d787a1cd6c17a5aa81869ab7d08d479584be,risk_aligned_declaration_witness,0.3219999999999974,0.3219999999999968,13388.48182708468,13388.48182708468,0.0,3.0442375849315525e-15,1.700029006457271e-16,0.0,0.0,0.0,0.0,0.0,0.0,0,0.7505864281028878,0.7505864281028878,1.0000000000000002,1.0000000000000002,37,True
72,32,6944,2be9ba53c0d1806a1502dff5b57ef3767bd09fabf655634cb844d9f2ac2087c0,0,full_declared_day,153f2686a97e34b41099eda91952d787a1cd6c17a5aa81869ab7d08d479584be,153f2686a97e34b41099eda91952d787a1cd6c17a5aa81869ab7d08d479584be,risk_aligned_declaration_witness,0.3219999999999974,0.3219999999999968,13388.48182708468,13388.48182708468,0.0,3.0442375849315525e-15,1.700029006457271e-16,0.0,0.0,0.0,0.0,0.0,0.0,0,0.7505864281028878,0.7505864281028878,1.0000000000000002,1.0000000000000002,37,True
72,33,6945,2be9ba53c0d1806a1502dff5b57ef3767bd09fabf655634cb844d9f2ac2087c0,0,full_declared_day,153f2686a97e34b41099eda91952d787a1cd6c17a5aa81869ab7d08d479584be,153f2686a97e34b41099eda91952d787a1cd6c17a5aa81869ab7d08d479584be,risk_aligned_declaration_witness,0.3219999999999974,0.3199999999999968,13388.48182708468,13388.4744449296,0.0073821550777211,0.007382155075003,0.0005000000000001,0.0,0.0,0.0,0.0073821550777211,0.0073821550777211,0.0073821550777211,0,0.7505864281028878,0.7505864281028873,1.0000000000000002,1.0,37,True
72,34,6946,2be9ba53c0d1806a1502dff5b57ef3767bd09fabf655634cb844d9f2ac2087c0,0,full_declared_day,153f2686a97e34b41099eda91952d787a1cd6c17a5aa81869ab7d08d479584be,153f2686a97e34b41099eda91952d787a1cd6c17a5aa81869ab7d08d479584be,risk_aligned_declaration_witness,0.3239999999999974,0.3219999999999968,13388.50546843468,13388.498086279604,0.0073821550759021,0.007382155075003,0.0005000000000001,0.0,0.0,0.0,0.0073821550759021,0.0073821550759021,0.0073821550759021,0,0.7505864281028877,0.7505864281028873,1.0000000000000002,1.0,37,True
72,35,6947,2be9ba53c0d1806a1502dff5b57ef3767bd09fabf655634cb844d9f2ac2087c0,0,full_declared_day,153f2686a97e34b41099eda91952d787a1cd6c17a5aa81869ab7d08d479584be,153f2686a97e34b41099eda91952d787a1cd6c17a5aa81869ab7d08d479584be,risk_aligned_declaration_witness,0.3219999999999974,0.3219999999999968,13388.498086279604,13388.498086279604,0.0,3.0442375849315525e-15,1.700029006457271e-16,0.0,0.0,0.0,0.0,0.0,0.0,0,0.7505864281028873,0.7505864281028873,1.0,1.0,37,True
72,36,6948,2be9ba53c0d1806a1502dff5b57ef3767bd09fabf655634cb844d9f2ac2087c0,0,full_declared_day,153f2686a97e34b41099eda91952d787a1cd6c17a5aa81869ab7d08d479584be,153f2686a97e34b41099eda91952d787a1cd6c17a5aa81869ab7d08d479584be,risk_aligned_declaration_witness,0.3219999999999974,0.3239999999999968,13388.498086279604,13388.50546843468,-0.0073821550759021,-0.0073821550749969,1.700029006457271e-16,0.046214707819103,0.0,0.0,-0.0073821550759021,-0.0073821550759021,0.0,1,0.7505864281028873,0.7505864281028877,1.0,1.0000000000000002,37,True
72,37,6949,2be9ba53c0d1806a1502dff5b57ef3767bd09fabf655634cb844d9f2ac2087c0,0,full_declared_day,153f2686a97e34b41099eda91952d787a1cd6c17a5aa81869ab7d08d479584be,153f2686a97e34b41099eda91952d787a1cd6c17a5aa81869ab7d08d479584be,risk_aligned_declaration_witness,0.3219999999999974,0.3239999999999968,13388.498086279604,13388.50546843468,-0.0073821550759021,-0.0073821550749969,1.700029006457271e-16,0.0649486503581098,0.0,0.0,-0.0073821550759021,-0.0073821550759021,0.0,1,0.7505864281028873,0.7505864281028877,1.0,1.0000000000000002,37,True
72,38,6950,2be9ba53c0d1806a1502dff5b57ef3767bd09fabf655634cb844d9f2ac2087c0,0,full_declared_day,153f2686a97e34b41099eda91952d787a1cd6c17a5aa81869ab7d08d479584be,153f2686a97e34b41099eda91952d787a1cd6c17a5aa81869ab7d08d479584be,risk_aligned_declaration_witness,0.3099999999999974,0.3099999999999968,13388.419481272917,13388.419481272917,0.0,3.0442375849315525e-15,1.700029006457271e-16,0.067606103951222,0.0,0.0,0.0,0.0,0.0,0,0.7505872080369895,0.7505872080369895,1.0,1.0,37,True
72,39,6951,2be9ba53c0d1806a1502dff5b57ef3767bd09fabf655634cb844d9f2ac2087c0,0,full_declared_day,153f2686a97e34b41099eda91952d787a1cd6c17a5aa81869ab7d08d479584be,153f2686a97e34b41099eda91952d787a1cd6c17a5aa81869ab7d08d479584be,risk_aligned_declaration_witness,0.3029999999999974,0.3029999999999968,13388.393045834691,13388.393045834691,0.0,3.0442375849315525e-15,1.700029006457271e-16,0.0573838713453576,0.0,0.0,0.0,0.0,0.0,0,0.750587500421428,0.750587500421428,1.0000000000000002,1.0000000000000002,37,True
72,40,6952,2be9ba53c0d1806a1502dff5b57ef3767bd09fabf655634cb844d9f2ac2087c0,0,full_declared_day,153f2686a97e34b41099eda91952d787a1cd6c17a5aa81869ab7d08d479584be,153f2686a97e34b41099eda91952d787a1cd6c17a5aa81869ab7d08d479584be,risk_aligned_declaration_witness,0.3009999999999974,0.3009999999999968,13388.385663679615,13388.385663679615,0.0,3.0442375849315525e-15,1.700029006457271e-16,0.056129503303313,0.0,0.0,0.0,0.0,0.0,0,0.7505875328278321,0.7505875328278321,1.0000000000000002,1.0000000000000002,37,True
72,41,6953,2be9ba53c0d1806a1502dff5b57ef3767bd09fabf655634cb844d9f2ac2087c0,0,full_declared_day,153f2686a97e34b41099eda91952d787a1cd6c17a5aa81869ab7d08d479584be,153f2686a97e34b41099eda91952d787a1cd6c17a5aa81869ab7d08d479584be,risk_aligned_declaration_witness,0.2959999999999974,0.2959999999999968,13388.35035120154,13388.35035120154,0.0,3.0442375849315525e-15,1.700029006457271e-16,0.0476661264012234,0.0,0.0,0.0,0.0,0.0,0,0.7505877928058662,0.7505877928058662,1.0000000000000004,1.0000000000000004,37,True
72,42,6954,2be9ba53c0d1806a1502dff5b57ef3767bd09fabf655634cb844d9f2ac2087c0,0,full_declared_day,153f2686a97e34b41099eda91952d787a1cd6c17a5aa81869ab7d08d479584be,153f2686a97e34b41099eda91952d787a1cd6c17a5aa81869ab7d08d479584be,risk_aligned_declaration_witness,0.2959999999999974,0.2959999999999968,13388.35035120154,13388.35035120154,0.0,3.0442375849315525e-15,1.700029006457271e-16,0.0,0.0,0.0,0.0,0.0,0.0,0,0.7505877928058662,0.7505877928058662,1.0000000000000004,1.0000000000000004,37,True
72,43,6955,2be9ba53c0d1806a1502dff5b57ef3767bd09fabf655634cb844d9f2ac2087c0,0,full_declared_day,153f2686a97e34b41099eda91952d787a1cd6c17a5aa81869ab7d08d479584be,153f2686a97e34b41099eda91952d787a1cd6c17a5aa81869ab7d08d479584be,risk_aligned_declaration_witness,0.3159999999999974,0.3159999999999968,13388.424172752291,13388.424172752291,0.0,3.0442375849315525e-15,1.700029006457271e-16,0.0063541042278937,0.0,0.0,0.0,0.0,0.0,0,0.7505877928058662,0.7505877928058662,1.0000000000000002,1.0000000000000002,37,True
72,44,6956,2be9ba53c0d1806a1502dff5b57ef3767bd09fabf655634cb844d9f2ac2087c0,0,full_declared_day,153f2686a97e34b41099eda91952d787a1cd6c17a5aa81869ab7d08d479584be,153f2686a97e34b41099eda91952d787a1cd6c17a5aa81869ab7d08d479584be,risk_aligned_declaration_witness,0.3209999999999974,0.3209999999999968,13388.44262813998,13388.44262813998,0.0,3.0442375849315525e-15,1.700029006457271e-16,0.0110255930480497,0.0,0.0,0.0,0.0,0.0,0,0.7505877279930581,0.7505877279930581,1.0000000000000002,1.0000000000000002,37,True
72,45,6957,2be9ba53c0d1806a1502dff5b57ef3767bd09fabf655634cb844d9f2ac2087c0,0,full_declared_day,153f2686a97e34b41099eda91952d787a1cd6c17a5aa81869ab7d08d479584be,153f2686a97e34b41099eda91952d787a1cd6c17a5aa81869ab7d08d479584be,risk_aligned_declaration_witness,0.3219999999999974,0.3219999999999968,13388.446319217515,13388.446319217515,0.0,3.0442375849315525e-15,1.700029006457271e-16,0.0,0.0,0.0,0.0,0.0,0.0,0,0.7505877117898561,0.7505877117898561,1.0000000000000002,1.0000000000000002,37,True
72,46,6958,2be9ba53c0d1806a1502dff5b57ef3767bd09fabf655634cb844d9f2ac2087c0,0,full_declared_day,153f2686a97e34b41099eda91952d787a1cd6c17a5aa81869ab7d08d479584be,153f2686a97e34b41099eda91952d787a1cd6c17a5aa81869ab7d08d479584be,risk_aligned_declaration_witness,0.3259999999999974,0.3219999999999968,13388.463475109516,13388.446319217515,0.0171558919992094,0.017155892000003,0.0010000000000001,0.0,0.0,0.0,0.0171558919992094,0.0171558919992094,0.0171558919992094,0,0.7505867366905279,0.7505877117898561,1.0000000000000002,1.0000000000000002,37,True
72,47,6959,2be9ba53c0d1806a1502dff5b57ef3767bd09fabf655634cb844d9f2ac2087c0,0,full_declared_day,153f2686a97e34b41099eda91952d787a1cd6c17a5aa81869ab7d08d479584be,153f2686a97e34b41099eda91952d787a1cd6c17a5aa81869ab7d08d479584be,risk_aligned_declaration_witness,0.3209999999999974,0.3149999999999968,13388.426966840516,13388.40242879344,0.0245380470751115,0.024538047075003,0.0015000000000001,0.0,0.0,0.0,0.0245380470751115,0.0245380470751115,0.0245380470751115,0,0.7505874518118218,0.7505884593175542,1.0000000000000002,1.0000000000000002,37,True
72,48,6960,2be9ba53c0d1806a1502dff5b57ef3767bd09fabf655634cb844d9f2ac2087c0,0,full_declared_day,153f2686a97e34b41099eda91952d787a1cd6c17a5aa81869ab7d08d479584be,153f2686a97e34b41099eda91952d787a1cd6c17a5aa81869ab7d08d479584be,risk_aligned_declaration_witness,0.3329999999999974,0.3269999999999968,13388.503778160815,13388.47924011374,0.0245380470751115,0.024538047075003,0.0015000000000001,0.0,0.0,0.0,0.0245380470751115,0.0245380470751115,0.0245380470751115,0,0.750587386999014,0.7505883945047462,1.0000000000000004,1.0000000000000004,37,True
72,49,6961,2be9ba53c0d1806a1502dff5b57ef3767bd09fabf655634cb844d9f2ac2087c0,0,full_declared_day,153f2686a97e34b41099eda91952d787a1cd6c17a5aa81869ab7d08d479584be,153f2686a97e34b41099eda91952d787a1cd6c17a5aa81869ab7d08d479584be,risk_aligned_declaration_witness,0.3369999999999974,0.3329999999999968,13388.518542470969,13388.501386578966,0.0171558920010284,0.017155892000003,0.0010000000000001,0.0,0.0,0.0,0.0171558920010284,0.0171558920010284,0.0171558920010284,0,0.7505873707958116,0.7505883458951398,1.0,1.0,37,True
72,50,6962,2be9ba53c0d1806a1502dff5b57ef3767bd09fabf655634cb844d9f2ac2087c0,0,full_declared_day,153f2686a97e34b41099eda91952d787a1cd6c17a5aa81869ab7d08d479584be,153f2686a97e34b41099eda91952d787a1cd6c17a5aa81869ab7d08d479584be,risk_aligned_declaration_witness,0.3369999999999974,0.3349999999999968,13388.518542470969,13388.508768734042,0.0097737369251262,0.009773736925003,0.001,0.0170261508200865,0.0,0.0,0.0097737369251262,0.0097737369251262,0.0097737369251262,0,0.7505873707958116,0.7505883134887358,1.0,1.0,37,True
72,51,6963,2be9ba53c0d1806a1502dff5b57ef3767bd09fabf655634cb844d9f2ac2087c0,0,full_declared_day,153f2686a97e34b41099eda91952d787a1cd6c17a5aa81869ab7d08d479584be,153f2686a97e34b41099eda91952d787a1cd6c17a5aa81869ab7d08d479584be,risk_aligned_declaration_witness,0.3519999999999974,0.3499999999999968,13388.600689008266,13388.590915271345,0.0097737369233072,0.009773736925003,0.001,0.0241470670721907,0.0,0.0,0.0097737369233072,0.0097737369233072,0.0097737369233072,0,0.7505863308836752,0.7505872735765994,1.0,1.0,37,True
72,52,6964,2be9ba53c0d1806a1502dff5b57ef3767bd09fabf655634cb844d9f2ac2087c0,0,full_declared_day,153f2686a97e34b41099eda91952d787a1cd6c17a5aa81869ab7d08d479584be,153f2686a97e34b41099eda91952d787a1cd6c17a5aa81869ab7d08d479584be,risk_aligned_declaration_witness,0.3539999999999974,0.3499999999999968,13388.608669058804,13388.591513166804,0.0171558919992094,0.017155892000003,0.0010000000000001,0.0,0.0,0.0,0.0171558919992094,0.0171558919992094,0.0171558919992094,0,0.7505860709056412,0.7505870460049694,1.0,1.0,37,True
72,53,6965,2be9ba53c0d1806a1502dff5b57ef3767bd09fabf655634cb844d9f2ac2087c0,0,full_declared_day,153f2686a97e34b41099eda91952d787a1cd6c17a5aa81869ab7d08d479584be,153f2686a97e34b41099eda91952d787a1cd6c17a5aa81869ab7d08d479584be,risk_aligned_declaration_witness,0.3709999999999974,0.3649999999999969,13388.714456946103,13388.681789301563,0.0326676445383782,0.032667644537503,0.0015000000000001,0.0,0.0,0.0,0.0326676445383782,0.0326676445383782,0.0326676445383782,0,0.7505850309935054,0.7505860060928334,1.0000000000000002,1.0000000000000002,37,True
72,54,6966,2be9ba53c0d1806a1502dff5b57ef3767bd09fabf655634cb844d9f2ac2087c0,0,full_declared_day,153f2686a97e34b41099eda91952d787a1cd6c17a5aa81869ab7d08d479584be,153f2686a97e34b41099eda91952d787a1cd6c17a5aa81869ab7d08d479584be,risk_aligned_declaration_witness,0.3719999999999974,0.3629999999999969,13388.719343814568,13388.67380925103,0.04553456353824,0.045534563537503,0.0022500000000001,0.0,0.0,0.0,0.04553456353824,0.04553456353824,0.04553456353824,0,0.7505845596470432,0.7505862660708675,1.0000000000000002,1.0000000000000002,37,True
72,55,6967,2be9ba53c0d1806a1502dff5b57ef3767bd09fabf655634cb844d9f2ac2087c0,0,full_declared_day,153f2686a97e34b41099eda91952d787a1cd6c17a5aa81869ab7d08d479584be,153f2686a97e34b41099eda91952d787a1cd6c17a5aa81869ab7d08d479584be,risk_aligned_declaration_witness,0.3659999999999974,0.3609999999999969,13388.67161276603,13388.650167901029,0.021444865000376,0.021444865000003,0.0012500000000001,0.0,0.0,0.0,0.021444865000376,0.021444865000376,0.021444865000376,0,0.7505850471967074,0.7505862660708676,1.0000000000000002,1.0000000000000002,37,True
72,56,6968,2be9ba53c0d1806a1502dff5b57ef3767bd09fabf655634cb844d9f2ac2087c0,0,full_declared_day,153f2686a97e34b41099eda91952d787a1cd6c17a5aa81869ab7d08d479584be,153f2686a97e34b41099eda91952d787a1cd6c17a5aa81869ab7d08d479584be,risk_aligned_declaration_witness,0.4139999999999974,0.4089999999999969,13388.952916507467,13388.923939940469,0.0289765670004271,0.028976567000003,0.0012500000000001,0.0,0.0,0.0,0.0289765670004271,0.0289765670004271,0.0289765670004271,0,0.7505821550319286,0.7505831301312569,1.0000000000000004,1.0000000000000004,37,True
72,57,6969,2be9ba53c0d1806a1502dff5b57ef3767bd09fabf655634cb844d9f2ac2087c0,0,full_declared_day,153f2686a97e34b41099eda91952d787a1cd6c17a5aa81869ab7d08d479584be,153f2686a97e34b41099eda91952d787a1cd6c17a5aa81869ab7d08d479584be,risk_aligned_declaration_witness,0.4299999999999974,0.4249999999999969,13389.046883719768,13389.017907152767,0.0289765670004271,0.028976567000003,0.0012500000000001,0.0,0.0,0.0,0.0289765670004271,0.0289765670004271,0.0289765670004271,0,0.7505811151197923,0.7505820902191205,1.0000000000000002,1.0000000000000002,37,True
72,58,6970,2be9ba53c0d1806a1502dff5b57ef3767bd09fabf655634cb844d9f2ac2087c0,0,full_declared_day,153f2686a97e34b41099eda91952d787a1cd6c17a5aa81869ab7d08d479584be,153f2686a97e34b41099eda91952d787a1cd6c17a5aa81869ab7d08d479584be,risk_aligned_declaration_witness,0.4269999999999974,0.4229999999999969,13389.027680889689,13389.01052499769,0.0171558919992094,0.017155892000003,0.0010000000000001,0.0,0.0,0.0,0.0171558919992094,0.0171558919992094,0.0171558919992094,0,0.7505811151197923,0.7505820902191206,1.0000000000000004,1.0000000000000004,37,True
72,59,6971,2be9ba53c0d1806a1502dff5b57ef3767bd09fabf655634cb844d9f2ac2087c0,0,full_declared_day,153f2686a97e34b41099eda91952d787a1cd6c17a5aa81869ab7d08d479584be,153f2686a97e34b41099eda91952d787a1cd6c17a5aa81869ab7d08d479584be,risk_aligned_declaration_witness,0.4229999999999974,0.4249999999999969,13389.004189086616,13389.027232541152,-0.0230434545374009,-0.023043454537497,0.0002500000000001,0.0,0.0,0.0,-0.0230434545374009,-0.0230434545374009,0.0,1,0.7505813750978265,0.7505816188726585,1.0000000000000004,1.0000000000000004,37,True
72,60,6972,2be9ba53c0d1806a1502dff5b57ef3767bd09fabf655634cb844d9f2ac2087c0,0,full_declared_day,153f2686a97e34b41099eda91952d787a1cd6c17a5aa81869ab7d08d479584be,153f2686a97e34b41099eda91952d787a1cd6c17a5aa81869ab7d08d479584be,risk_aligned_declaration_witness,0.4229999999999974,0.4229999999999969,13389.004189086616,13389.018654595153,-0.0144655085368867,-0.014465508537497,0.0007500000000001,0.0,0.0,0.0,-0.0144655085368867,-0.0144655085368867,0.0,1,0.7505813750978265,0.7505821064223226,1.0000000000000004,1.0000000000000004,37,True
72,61,6973,2be9ba53c0d1806a1502dff5b57ef3767bd09fabf655634cb844d9f2ac2087c0,0,full_declared_day,153f2686a97e34b41099eda91952d787a1cd6c17a5aa81869ab7d08d479584be,153f2686a97e34b41099eda91952d787a1cd6c17a5aa81869ab7d08d479584be,risk_aligned_declaration_witness,0.4209999999999974,0.4169999999999969,13388.98867733408,13388.97152144208,0.0171558920010284,0.017155892000003,0.0010000000000001,0.0,0.0,0.0,0.0171558920010284,0.0171558920010284,0.0171558920010284,0,0.7505813750978265,0.7505823501971547,1.0000000000000004,1.0000000000000004,37,True
72,62,6974,2be9ba53c0d1806a1502dff5b57ef3767bd09fabf655634cb844d9f2ac2087c0,0,full_declared_day,153f2686a97e34b41099eda91952d787a1cd6c17a5aa81869ab7d08d479584be,153f2686a97e34b41099eda91952d787a1cd6c17a5aa81869ab7d08d479584be,risk_aligned_declaration_witness,0.4189999999999974,0.4149999999999969,13388.98069728354,13388.96354139154,0.0171558919992094,0.017155892000003,0.0010000000000001,0.018498639336677,0.0,0.0,0.0171558919992094,0.0171558919992094,0.0171558919992094,0,0.7505816350758605,0.7505826101751886,1.0000000000000004,1.0000000000000004,37,True
72,63,6975,2be9ba53c0d1806a1502dff5b57ef3767bd09fabf655634cb844d9f2ac2087c0,0,full_declared_day,153f2686a97e34b41099eda91952d787a1cd6c17a5aa81869ab7d08d479584be,153f2686a97e34b41099eda91952d787a1cd6c17a5aa81869ab7d08d479584be,risk_aligned_declaration_witness,0.4159999999999974,0.4119999999999969,13388.961494453466,13388.944338561463,0.0171558920010284,0.017155892000003,0.0010000000000001,0.02097876816911,0.0,0.0,0.0171558920010284,0.0171558920010284,0.0171558920010284,0,0.7505816512790621,0.7505826263783902,1.0,1.0,37,True
72,64,6976,2be9ba53c0d1806a1502dff5b57ef3767bd09fabf655634cb844d9f2ac2087c0,1,full_declared_day,153f2686a97e34b41099eda91952d787a1cd6c17a5aa81869ab7d08d479584be,153f2686a97e34b41099eda91952d787a1cd6c17a5aa81869ab7d08d479584be,risk_aligned_declaration_witness,0.4139999999999974,0.4099999999999969,13388.95411229839,13388.93695640639,0.0171558919992094,0.017155892000003,0.0010000000000001,0.0546195837052698,1.52655665885959e-16,2.289834988289385e-14,0.0171558919992323,0.0171558919992323,0.0171558919992323,0,0.7505816512790622,0.7505826263783902,1.0,1.0,37,True
72,65,6977,2be9ba53c0d1806a1502dff5b57ef3767bd09fabf655634cb844d9f2ac2087c0,1,full_declared_day,153f2686a97e34b41099eda91952d787a1cd6c17a5aa81869ab7d08d479584be,153f2686a97e34b41099eda91952d787a1cd6c17a5aa81869ab7d08d479584be,risk_aligned_declaration_witness,0.4139999999999974,0.4099999999999969,13388.95411229839,13388.93695640639,0.0171558919992094,0.017155892000003,0.0010000000000001,0.0546195837052762,1.52655665885959e-16,2.289834988289385e-14,0.0171558919992323,0.0171558919992323,0.0171558919992323,0,0.7505816512790622,0.7505826263783902,1.0,1.0,37,True
72,66,6978,2be9ba53c0d1806a1502dff5b57ef3767bd09fabf655634cb844d9f2ac2087c0,1,full_declared_day,153f2686a97e34b41099eda91952d787a1cd6c17a5aa81869ab7d08d479584be,153f2686a97e34b41099eda91952d787a1cd6c17a5aa81869ab7d08d479584be,risk_aligned_declaration_witness,0.4059999999999974,0.4019999999999969,13388.91466039424,13388.897504502242,0.0171558919992094,0.017155892000003,0.0010000000000001,0.0564662334365706,1.52655665885959e-16,2.289834988289385e-14,0.0171558919992323,0.0171558919992323,0.0171558919992323,0,0.7505824474163664,0.7505834225156945,1.0,1.0,37,True
72,67,6979,2be9ba53c0d1806a1502dff5b57ef3767bd09fabf655634cb844d9f2ac2087c0,1,full_declared_day,153f2686a97e34b41099eda91952d787a1cd6c17a5aa81869ab7d08d479584be,153f2686a97e34b41099eda91952d787a1cd6c17a5aa81869ab7d08d479584be,risk_aligned_declaration_witness,0.4019999999999974,0.3979999999999969,13388.891168591166,13388.874012699169,0.0171558919992094,0.017155892000003,0.0010000000000001,0.0511013930224699,1.52655665885959e-16,2.289834988289385e-14,0.0171558919992323,0.0171558919992323,0.0171558919992323,0,0.7505827073944008,0.750583682493729,1.0000000000000002,1.0000000000000002,37,True
72,68,6980,2be9ba53c0d1806a1502dff5b57ef3767bd09fabf655634cb844d9f2ac2087c0,1,full_declared_day,153f2686a97e34b41099eda91952d787a1cd6c17a5aa81869ab7d08d479584be,153f2686a97e34b41099eda91952d787a1cd6c17a5aa81869ab7d08d479584be,risk_aligned_declaration_witness,0.4009999999999974,0.3969999999999969,13388.886879618163,13388.869723726166,0.0171558919992094,0.017155892000003,0.0010000000000001,0.0580603229504168,1.52655665885959e-16,2.289834988289385e-14,0.0171558919992323,0.0171558919992323,0.0171558919992323,0,0.7505829511692327,0.750583926268561,1.0000000000000002,1.0000000000000002,37,True
72,69,6981,2be9ba53c0d1806a1502dff5b57ef3767bd09fabf655634cb844d9f2ac2087c0,1,full_declared_day,153f2686a97e34b41099eda91952d787a1cd6c17a5aa81869ab7d08d479584be,153f2686a97e34b41099eda91952d787a1cd6c17a5aa81869ab7d08d479584be,risk_aligned_declaration_witness,0.3969999999999974,0.3929999999999969,13388.847726515629,13388.830570623628,0.0171558920010284,0.017155892000003,0.0010000000000001,0.054716233436682,1.52655665885959e-16,2.289834988289385e-14,0.0171558920010513,0.0171558920010513,0.0171558920010513,0,0.7505829511692328,0.7505839262685611,1.0000000000000002,1.0000000000000002,37,True
72,70,6982,2be9ba53c0d1806a1502dff5b57ef3767bd09fabf655634cb844d9f2ac2087c0,1,full_declared_day,153f2686a97e34b41099eda91952d787a1cd6c17a5aa81869ab7d08d479584be,153f2686a97e34b41099eda91952d787a1cd6c17a5aa81869ab7d08d479584be,risk_aligned_declaration_witness,0.3929999999999974,0.3889999999999969,13388.83296220548,13388.81580631348,0.0171558919992094,0.017155892000003,0.0010000000000001,0.0521236040154833,1.52655665885959e-16,2.289834988289385e-14,0.0171558919992323,0.0171558919992323,0.0171558919992323,0,0.7505829835756369,0.7505839586749651,1.0000000000000002,1.0000000000000002,37,True
72,71,6983,2be9ba53c0d1806a1502dff5b57ef3767bd09fabf655634cb844d9f2ac2087c0,1,full_declared_day,153f2686a97e34b41099eda91952d787a1cd6c17a5aa81869ab7d08d479584be,153f2686a97e34b41099eda91952d787a1cd6c17a5aa81869ab7d08d479584be,risk_aligned_declaration_witness,0.3799999999999974,0.3759999999999969,13388.750068225792,13388.732912333791,0.0171558920010284,0.017155892000003,0.0010000000000001,0.0514662334365721,1.52655665885959e-16,2.289834988289385e-14,0.0171558920010513,0.0171558920010513,0.0171558920010513,0,0.7505839910813691,0.7505849661806971,1.0000000000000002,1.0000000000000002,37,True
72,72,6984,2be9ba53c0d1806a1502dff5b57ef3767bd09fabf655634cb844d9f2ac2087c0,0,full_declared_day,153f2686a97e34b41099eda91952d787a1cd6c17a5aa81869ab7d08d479584be,153f2686a97e34b41099eda91952d787a1cd6c17a5aa81869ab7d08d479584be,risk_aligned_declaration_witness,0.3769999999999974,0.3769999999999969,13388.73720130679,13388.73720130679,0.0,2.984716127724107e-15,1.6653345369377348e-16,0.0015553092799972,0.0,0.0,0.0,0.0,0.0,0,0.7505847224058653,0.7505847224058653,1.0000000000000002,1.0000000000000002,37,True
72,73,6985,2be9ba53c0d1806a1502dff5b57ef3767bd09fabf655634cb844d9f2ac2087c0,0,full_declared_day,153f2686a97e34b41099eda91952d787a1cd6c17a5aa81869ab7d08d479584be,153f2686a97e34b41099eda91952d787a1cd6c17a5aa81869ab7d08d479584be,risk_aligned_declaration_witness,0.3769999999999974,0.3769999999999969,13388.73720130679,13388.73720130679,0.0,2.984716127724107e-15,1.6653345369377348e-16,0.0019138237180108,0.0,0.0,0.0,0.0,0.0,0,0.7505847224058653,0.7505847224058653,1.0000000000000002,1.0000000000000002,37,True
72,74,6986,2be9ba53c0d1806a1502dff5b57ef3767bd09fabf655634cb844d9f2ac2087c0,0,full_declared_day,153f2686a97e34b41099eda91952d787a1cd6c17a5aa81869ab7d08d479584be,153f2686a97e34b41099eda91952d787a1cd6c17a5aa81869ab7d08d479584be,risk_aligned_declaration_witness,0.3769999999999974,0.3769999999999969,13388.73720130679,13388.73720130679,0.0,2.984716127724107e-15,1.6653345369377348e-16,0.002028996116581,0.0,0.0,0.0,0.0,0.0,0,0.7505847224058653,0.7505847224058653,1.0000000000000002,1.0000000000000002,37,True
72,75,6987,2be9ba53c0d1806a1502dff5b57ef3767bd09fabf655634cb844d9f2ac2087c0,0,full_declared_day,153f2686a97e34b41099eda91952d787a1cd6c17a5aa81869ab7d08d479584be,153f2686a97e34b41099eda91952d787a1cd6c17a5aa81869ab7d08d479584be,risk_aligned_declaration_witness,0.3769999999999974,0.3769999999999969,13388.73720130679,13388.73720130679,0.0,2.984716127724107e-15,1.6653345369377348e-16,0.0,0.0,0.0,0.0,0.0,0.0,0,0.7505847224058653,0.7505847224058653,1.0000000000000002,1.0000000000000002,37,True
72,76,6988,2be9ba53c0d1806a1502dff5b57ef3767bd09fabf655634cb844d9f2ac2087c0,0,full_declared_day,153f2686a97e34b41099eda91952d787a1cd6c17a5aa81869ab7d08d479584be,153f2686a97e34b41099eda91952d787a1cd6c17a5aa81869ab7d08d479584be,risk_aligned_declaration_witness,0.3769999999999974,0.3769999999999969,13388.73720130679,13388.73720130679,0.0,2.984716127724107e-15,1.6653345369377348e-16,0.0,0.0,0.0,0.0,0.0,0.0,0,0.7505847224058653,0.7505847224058653,1.0000000000000002,1.0000000000000002,37,True
72,77,6989,2be9ba53c0d1806a1502dff5b57ef3767bd09fabf655634cb844d9f2ac2087c0,0,full_declared_day,153f2686a97e34b41099eda91952d787a1cd6c17a5aa81869ab7d08d479584be,153f2686a97e34b41099eda91952d787a1cd6c17a5aa81869ab7d08d479584be,risk_aligned_declaration_witness,0.3479999999999974,0.3479999999999968,13388.612705072352,13388.612705072352,0.0,2.984716127724107e-15,1.6653345369377348e-16,0.0,0.0,0.0,0.0,0.0,0.0,0,0.7505852423619332,0.7505852423619332,1.0000000000000002,1.0000000000000002,37,True
72,78,6990,2be9ba53c0d1806a1502dff5b57ef3767bd09fabf655634cb844d9f2ac2087c0,0,full_declared_day,153f2686a97e34b41099eda91952d787a1cd6c17a5aa81869ab7d08d479584be,153f2686a97e34b41099eda91952d787a1cd6c17a5aa81869ab7d08d479584be,risk_aligned_declaration_witness,0.3409999999999974,0.3409999999999968,13388.562478737203,13388.562478737203,0.0,2.984716127724107e-15,1.6653345369377348e-16,0.0,0.0,0.0,0.0,0.0,0.0,0,0.7505853071747415,0.7505853071747415,1.0000000000000004,1.0000000000000004,37,True
72,79,6991,2be9ba53c0d1806a1502dff5b57ef3767bd09fabf655634cb844d9f2ac2087c0,0,full_declared_day,153f2686a97e34b41099eda91952d787a1cd6c17a5aa81869ab7d08d479584be,153f2686a97e34b41099eda91952d787a1cd6c17a5aa81869ab7d08d479584be,risk_aligned_declaration_witness,0.3409999999999974,0.3409999999999968,13388.562478737203,13388.562478737203,0.0,2.984716127724107e-15,1.6653345369377348e-16,0.0,0.0,0.0,0.0,0.0,0.0,0,0.7505853071747415,0.7505853071747415,1.0000000000000004,1.0000000000000004,37,True
72,80,6992,2be9ba53c0d1806a1502dff5b57ef3767bd09fabf655634cb844d9f2ac2087c0,0,full_declared_day,153f2686a97e34b41099eda91952d787a1cd6c17a5aa81869ab7d08d479584be,153f2686a97e34b41099eda91952d787a1cd6c17a5aa81869ab7d08d479584be,risk_aligned_declaration_witness,0.3149999999999974,0.3189999999999968,13388.404820375294,13388.421976267293,-0.0171558919992094,-0.017155891999997,1.52655665885959e-16,0.0,0.0,0.0,-0.0171558919992094,-0.0171558919992094,0.0,1,0.7505873221862059,0.7505863470868775,1.0000000000000002,1.0000000000000002,37,True
72,81,6993,2be9ba53c0d1806a1502dff5b57ef3767bd09fabf655634cb844d9f2ac2087c0,0,full_declared_day,153f2686a97e34b41099eda91952d787a1cd6c17a5aa81869ab7d08d479584be,153f2686a97e34b41099eda91952d787a1cd6c17a5aa81869ab7d08d479584be,risk_aligned_declaration_witness,0.3129999999999974,0.3169999999999968,13388.396242429291,13388.41339832129,-0.0171558919992094,-0.017155891999997,1.52655665885959e-16,0.0,0.0,0.0,-0.0171558919992094,-0.0171558919992094,0.0,1,0.75058780973587,0.7505868346365417,1.0000000000000002,1.0000000000000002,37,True
72,82,6994,2be9ba53c0d1806a1502dff5b57ef3767bd09fabf655634cb844d9f2ac2087c0,0,full_declared_day,153f2686a97e34b41099eda91952d787a1cd6c17a5aa81869ab7d08d479584be,153f2686a97e34b41099eda91952d787a1cd6c17a5aa81869ab7d08d479584be,risk_aligned_declaration_witness,0.3009999999999974,0.3049999999999968,13388.31943110899,13388.336587000991,-0.0171558920028473,-0.017155891999997,1.52655665885959e-16,0.0,0.0,0.0,-0.0171558920028473,-0.0171558920028473,0.0,1,0.7505878745486776,0.7505868994493494,1.0,1.0,37,True
72,83,6995,2be9ba53c0d1806a1502dff5b57ef3767bd09fabf655634cb844d9f2ac2087c0,0,full_declared_day,153f2686a97e34b41099eda91952d787a1cd6c17a5aa81869ab7d08d479584be,153f2686a97e34b41099eda91952d787a1cd6c17a5aa81869ab7d08d479584be,risk_aligned_declaration_witness,0.3009999999999974,0.3049999999999968,13388.31943110899,13388.336587000991,-0.0171558920028473,-0.017155891999997,1.52655665885959e-16,0.0,0.0,0.0,-0.0171558920028473,-0.0171558920028473,0.0,1,0.7505878745486776,0.7505868994493494,1.0,1.0,37,True
72,84,6996,2be9ba53c0d1806a1502dff5b57ef3767bd09fabf655634cb844d9f2ac2087c0,0,full_declared_day,153f2686a97e34b41099eda91952d787a1cd6c17a5aa81869ab7d08d479584be,153f2686a97e34b41099eda91952d787a1cd6c17a5aa81869ab7d08d479584be,risk_aligned_declaration_witness,0.3009999999999974,0.3049999999999968,13388.31943110899,13388.336587000991,-0.0171558920028473,-0.017155891999997,1.52655665885959e-16,0.0,0.0,0.0,-0.0171558920028473,-0.0171558920028473,0.0,1,0.7505878745486776,0.7505868994493494,1.0,1.0,37,True
72,85,6997,2be9ba53c0d1806a1502dff5b57ef3767bd09fabf655634cb844d9f2ac2087c0,0,full_declared_day,153f2686a97e34b41099eda91952d787a1cd6c17a5aa81869ab7d08d479584be,153f2686a97e34b41099eda91952d787a1cd6c17a5aa81869ab7d08d479584be,risk_aligned_declaration_witness,0.3009999999999974,0.3049999999999968,13388.31943110899,13388.336587000991,-0.0171558920028473,-0.017155891999997,1.52655665885959e-16,0.0,0.0,0.0,-0.0171558920028473,-0.0171558920028473,0.0,1,0.7505878745486776,0.7505868994493494,1.0,1.0,37,True
72,86,6998,2be9ba53c0d1806a1502dff5b57ef3767bd09fabf655634cb844d9f2ac2087c0,0,full_declared_day,153f2686a97e34b41099eda91952d787a1cd6c17a5aa81869ab7d08d479584be,153f2686a97e34b41099eda91952d787a1cd6c17a5aa81869ab7d08d479584be,risk_aligned_declaration_witness,0.3009999999999974,0.3049999999999968,13388.31943110899,13388.336587000991,-0.0171558920028473,-0.017155891999997,1.52655665885959e-16,0.0,0.0,0.0,-0.0171558920028473,-0.0171558920028473,0.0,1,0.7505878745486776,0.7505868994493494,1.0,1.0,37,True
72,87,6999,2be9ba53c0d1806a1502dff5b57ef3767bd09fabf655634cb844d9f2ac2087c0,0,full_declared_day,153f2686a97e34b41099eda91952d787a1cd6c17a5aa81869ab7d08d479584be,153f2686a97e34b41099eda91952d787a1cd6c17a5aa81869ab7d08d479584be,risk_aligned_declaration_witness,0.3019999999999974,0.3059999999999968,13388.33125178399,13388.348407675992,-0.0171558920028473,-0.017155891999997,1.52655665885959e-16,0.0,0.0,0.0,-0.0171558920028473,-0.0171558920028473,0.0,1,0.7505878745486776,0.7505868994493494,1.0,1.0,37,True
72,88,7000,2be9ba53c0d1806a1502dff5b57ef3767bd09fabf655634cb844d9f2ac2087c0,0,full_declared_day,153f2686a97e34b41099eda91952d787a1cd6c17a5aa81869ab7d08d479584be,153f2686a97e34b41099eda91952d787a1cd6c17a5aa81869ab7d08d479584be,risk_aligned_declaration_witness,0.3079999999999974,0.3119999999999968,13388.36212574214,13388.37928163414,-0.0171558920010284,-0.017155891999997,1.52655665885959e-16,0.0,0.0,0.0,-0.0171558920010284,-0.0171558920010284,0.0,1,0.7505875983674419,0.7505866232681138,1.0000000000000004,1.0000000000000004,37,True
72,89,7001,2be9ba53c0d1806a1502dff5b57ef3767bd09fabf655634cb844d9f2ac2087c0,0,full_declared_day,153f2686a97e34b41099eda91952d787a1cd6c17a5aa81869ab7d08d479584be,153f2686a97e34b41099eda91952d787a1cd6c17a5aa81869ab7d08d479584be,risk_aligned_declaration_witness,0.3109999999999974,0.3149999999999968,13388.38192646768,13388.39908235968,-0.0171558920010284,-0.017155891999997,1.52655665885959e-16,0.0,0.0,0.0,-0.0171558920010284,-0.0171558920010284,0.0,1,0.7505873383894079,0.7505863632900797,1.0000000000000002,1.0000000000000002,37,True
72,90,7002,2be9ba53c0d1806a1502dff5b57ef3767bd09fabf655634cb844d9f2ac2087c0,0,full_declared_day,153f2686a97e34b41099eda91952d787a1cd6c17a5aa81869ab7d08d479584be,153f2686a97e34b41099eda91952d787a1cd6c17a5aa81869ab7d08d479584be,risk_aligned_declaration_witness,0.3109999999999974,0.3149999999999968,13388.38192646768,13388.39908235968,-0.0171558920010284,-0.017155891999997,1.52655665885959e-16,0.0,0.0,0.0,-0.0171558920010284,-0.0171558920010284,0.0,1,0.7505873383894079,0.7505863632900797,1.0000000000000002,1.0000000000000002,37,True
72,91,7003,2be9ba53c0d1806a1502dff5b57ef3767bd09fabf655634cb844d9f2ac2087c0,0,full_declared_day,153f2686a97e34b41099eda91952d787a1cd6c17a5aa81869ab7d08d479584be,153f2686a97e34b41099eda91952d787a1cd6c17a5aa81869ab7d08d479584be,risk_aligned_declaration_witness,0.3109999999999974,0.3149999999999968,13388.38192646768,13388.39908235968,-0.0171558920010284,-0.017155891999997,1.52655665885959e-16,0.0,0.0,0.0,-0.0171558920010284,-0.0171558920010284,0.0,1,0.7505873383894079,0.7505863632900797,1.0000000000000002,1.0000000000000002,37,True
72,92,7004,2be9ba53c0d1806a1502dff5b57ef3767bd09fabf655634cb844d9f2ac2087c0,0,full_declared_day,153f2686a97e34b41099eda91952d787a1cd6c17a5aa81869ab7d08d479584be,153f2686a97e34b41099eda91952d787a1cd6c17a5aa81869ab7d08d479584be,risk_aligned_declaration_witness,0.3109999999999974,0.3149999999999968,13388.38192646768,13388.39908235968,-0.0171558920010284,-0.017155891999997,1.52655665885959e-16,0.0,0.0,0.0,-0.0171558920010284,-0.0171558920010284,0.0,1,0.7505873383894079,0.7505863632900797,1.0000000000000002,1.0000000000000002,37,True
72,93,7005,2be9ba53c0d1806a1502dff5b57ef3767bd09fabf655634cb844d9f2ac2087c0,0,full_declared_day,153f2686a97e34b41099eda91952d787a1cd6c17a5aa81869ab7d08d479584be,153f2686a97e34b41099eda91952d787a1cd6c17a5aa81869ab7d08d479584be,risk_aligned_declaration_witness,0.3109999999999974,0.3149999999999968,13388.38192646768,13388.39908235968,-0.0171558920010284,-0.017155891999997,1.52655665885959e-16,0.0,0.0,0.0,-0.0171558920010284,-0.0171558920010284,0.0,1,0.7505873383894079,0.7505863632900797,1.0000000000000002,1.0000000000000002,37,True
72,94,7006,2be9ba53c0d1806a1502dff5b57ef3767bd09fabf655634cb844d9f2ac2087c0,0,full_declared_day,153f2686a97e34b41099eda91952d787a1cd6c17a5aa81869ab7d08d479584be,153f2686a97e34b41099eda91952d787a1cd6c17a5aa81869ab7d08d479584be,risk_aligned_declaration_witness,0.3109999999999974,0.3149999999999968,13388.38192646768,13388.39908235968,-0.0171558920010284,-0.017155891999997,1.52655665885959e-16,0.0,0.0,0.0,-0.0171558920010284,-0.0171558920010284,0.0,1,0.7505873383894079,0.7505863632900797,1.0000000000000002,1.0000000000000002,37,True
72,95,7007,2be9ba53c0d1806a1502dff5b57ef3767bd09fabf655634cb844d9f2ac2087c0,0,full_declared_day,153f2686a97e34b41099eda91952d787a1cd6c17a5aa81869ab7d08d479584be,153f2686a97e34b41099eda91952d787a1cd6c17a5aa81869ab7d08d479584be,risk_aligned_declaration_witness,0.3109999999999974,0.3149999999999968,13388.38192646768,13388.39908235968,-0.0171558920010284,-0.017155891999997,1.52655665885959e-16,0.0,0.0,0.0,-0.0171558920010284,-0.0171558920010284,0.0,1,0.7505873383894079,0.7505863632900797,1.0000000000000002,1.0000000000000002,37,True
73,0,7008,2be9ba53c0d1806a1502dff5b57ef3767bd09fabf655634cb844d9f2ac2087c0,0,full_declared_day,153f2686a97e34b41099eda91952d787a1cd6c17a5aa81869ab7d08d479584be,153f2686a97e34b41099eda91952d787a1cd6c17a5aa81869ab7d08d479584be,risk_aligned_declaration_witness,0.3109999999999974,0.3149999999999968,13388.38192646768,13388.39908235968,-0.0171558920010284,-0.017155891999997,1.52655665885959e-16,0.0,0.0,0.0,-0.0171558920010284,-0.0171558920010284,0.0,1,0.7505873383894079,0.7505863632900797,1.0000000000000002,1.0000000000000002,37,True
73,1,7009,2be9ba53c0d1806a1502dff5b57ef3767bd09fabf655634cb844d9f2ac2087c0,0,full_declared_day,153f2686a97e34b41099eda91952d787a1cd6c17a5aa81869ab7d08d479584be,153f2686a97e34b41099eda91952d787a1cd6c17a5aa81869ab7d08d479584be,risk_aligned_declaration_witness,0.3109999999999974,0.3149999999999968,13388.38192646768,13388.39908235968,-0.0171558920010284,-0.017155891999997,1.52655665885959e-16,0.0249618588911278,0.0,0.0,-0.0171558920010284,-0.0171558920010284,0.0,1,0.7505873383894079,0.7505863632900797,1.0000000000000002,1.0000000000000002,37,True
73,2,7010,2be9ba53c0d1806a1502dff5b57ef3767bd09fabf655634cb844d9f2ac2087c0,0,full_declared_day,153f2686a97e34b41099eda91952d787a1cd6c17a5aa81869ab7d08d479584be,153f2686a97e34b41099eda91952d787a1cd6c17a5aa81869ab7d08d479584be,risk_aligned_declaration_witness,0.3119999999999974,0.3159999999999968,13388.385617545217,13388.402773437216,-0.0171558919992094,-0.017155891999997,1.52655665885959e-16,2.9319646143402545e-05,0.0,0.0,-0.0171558919992094,-0.0171558919992094,0.0,1,0.7505873221862058,0.7505863470868775,1.0000000000000002,1.0000000000000002,37,True
73,3,7011,2be9ba53c0d1806a1502dff5b57ef3767bd09fabf655634cb844d9f2ac2087c0,0,full_declared_day,153f2686a97e34b41099eda91952d787a1cd6c17a5aa81869ab7d08d479584be,153f2686a97e34b41099eda91952d787a1cd6c17a5aa81869ab7d08d479584be,risk_aligned_declaration_witness,0.3129999999999974,0.3169999999999968,13388.389308622754,13388.406464514754,-0.0171558919992094,-0.017155891999997,1.52655665885959e-16,0.0037253051566661,0.0,0.0,-0.0171558919992094,-0.0171558919992094,0.0,1,0.7505873221862058,0.7505863470868775,1.0000000000000002,1.0000000000000002,37,True
73,4,7012,2be9ba53c0d1806a1502dff5b57ef3767bd09fabf655634cb844d9f2ac2087c0,0,full_declared_day,153f2686a97e34b41099eda91952d787a1cd6c17a5aa81869ab7d08d479584be,153f2686a97e34b41099eda91952d787a1cd6c17a5aa81869ab7d08d479584be,risk_aligned_declaration_witness,0.3149999999999974,0.3189999999999968,13388.397886568757,13388.415042460754,-0.0171558919973904,-0.017155891999997,1.52655665885959e-16,0.0182415296723631,0.0,0.0,-0.0171558919973904,-0.0171558919973904,0.0,1,0.7505868508397439,0.7505858757404156,1.0000000000000002,1.0000000000000002,37,True
73,5,7013,2be9ba53c0d1806a1502dff5b57ef3767bd09fabf655634cb844d9f2ac2087c0,0,full_declared_day,153f2686a97e34b41099eda91952d787a1cd6c17a5aa81869ab7d08d479584be,153f2686a97e34b41099eda91952d787a1cd6c17a5aa81869ab7d08d479584be,risk_aligned_declaration_witness,0.3379999999999974,0.3419999999999968,13388.535146309669,13388.552302201666,-0.0171558919992094,-0.017155891999997,1.52655665885959e-16,0.0,0.0,0.0,-0.0171558919992094,-0.0171558919992094,0.0,1,0.7505852909715394,0.7505843158722112,1.0000000000000002,1.0000000000000002,37,True
73,6,7014,2be9ba53c0d1806a1502dff5b57ef3767bd09fabf655634cb844d9f2ac2087c0,0,full_declared_day,153f2686a97e34b41099eda91952d787a1cd6c17a5aa81869ab7d08d479584be,153f2686a97e34b41099eda91952d787a1cd6c17a5aa81869ab7d08d479584be,risk_aligned_declaration_witness,0.3449999999999974,0.3489999999999968,13388.58597054028,13388.60312643228,-0.0171558919992094,-0.017155891999997,1.52655665885959e-16,0.0086137039166983,0.0,0.0,-0.0171558919992094,-0.0171558919992094,0.0,1,0.7505850147903033,0.7505840396909751,1.0000000000000004,1.0000000000000004,37,True
73,7,7015,2be9ba53c0d1806a1502dff5b57ef3767bd09fabf655634cb844d9f2ac2087c0,0,full_declared_day,153f2686a97e34b41099eda91952d787a1cd6c17a5aa81869ab7d08d479584be,153f2686a97e34b41099eda91952d787a1cd6c17a5aa81869ab7d08d479584be,risk_aligned_declaration_witness,0.3429999999999974,0.3469999999999968,13388.56986089228,13388.58701678428,-0.0171558919992094,-0.017155891999997,1.52655665885959e-16,0.0,0.0,0.0,-0.0171558919992094,-0.0171558919992094,0.0,1,0.7505852423619334,0.7505842672626052,1.0000000000000004,1.0000000000000004,37,True
73,8,7016,2be9ba53c0d1806a1502dff5b57ef3767bd09fabf655634cb844d9f2ac2087c0,0,full_declared_day,153f2686a97e34b41099eda91952d787a1cd6c17a5aa81869ab7d08d479584be,153f2686a97e34b41099eda91952d787a1cd6c17a5aa81869ab7d08d479584be,risk_aligned_declaration_witness,0.3719999999999974,0.3759999999999969,13388.716595276266,13388.733751168267,-0.0171558920010284,-0.017155891999997,1.52655665885959e-16,0.0,0.0,0.0,-0.0171558920010284,-0.0171558920010284,0.0,1,0.7505822036415347,0.7505812285422065,1.0000000000000004,1.0000000000000004,37,True
73,9,7017,2be9ba53c0d1806a1502dff5b57ef3767bd09fabf655634cb844d9f2ac2087c0,0,full_declared_day,153f2686a97e34b41099eda91952d787a1cd6c17a5aa81869ab7d08d479584be,153f2686a97e34b41099eda91952d787a1cd6c17a5aa81869ab7d08d479584be,risk_aligned_declaration_witness,0.3749999999999974,0.3789999999999969,13388.73759179273,13388.754747684728,-0.0171558919992094,-0.017155891999997,1.52655665885959e-16,0.0,0.0,0.0,-0.0171558919992094,-0.0171558919992094,0.0,1,0.7505815047234422,0.7505805296241139,1.0,1.0,37,True
73,10,7018,2be9ba53c0d1806a1502dff5b57ef3767bd09fabf655634cb844d9f2ac2087c0,0,full_declared_day,153f2686a97e34b41099eda91952d787a1cd6c17a5aa81869ab7d08d479584be,153f2686a97e34b41099eda91952d787a1cd6c17a5aa81869ab7d08d479584be,risk_aligned_declaration_witness,0.3729999999999974,0.3729999999999969,13388.729611742192,13388.729611742192,0.0,2.984716127724107e-15,1.6653345369377348e-16,0.0,0.0,0.0,0.0,0.0,0.0,0,0.7505817322950722,0.7505817322950722,1.0,1.0,37,True
73,11,7019,2be9ba53c0d1806a1502dff5b57ef3767bd09fabf655634cb844d9f2ac2087c0,0,full_declared_day,153f2686a97e34b41099eda91952d787a1cd6c17a5aa81869ab7d08d479584be,153f2686a97e34b41099eda91952d787a1cd6c17a5aa81869ab7d08d479584be,risk_aligned_declaration_witness,0.3729999999999974,0.3729999999999969,13388.729611742192,13388.729611742192,0.0,2.984716127724107e-15,1.6653345369377348e-16,0.0,0.0,0.0,0.0,0.0,0.0,0,0.7505817322950722,0.7505817322950722,1.0,1.0,37,True
73,12,7020,2be9ba53c0d1806a1502dff5b57ef3767bd09fabf655634cb844d9f2ac2087c0,0,full_declared_day,153f2686a97e34b41099eda91952d787a1cd6c17a5aa81869ab7d08d479584be,153f2686a97e34b41099eda91952d787a1cd6c17a5aa81869ab7d08d479584be,risk_aligned_declaration_witness,0.3779999999999974,0.3779999999999969,13388.748067129876,13388.748067129876,0.0,2.984716127724107e-15,1.6653345369377348e-16,0.0,0.0,0.0,0.0,0.0,0.0,0,0.7505817322950726,0.7505817322950726,1.0000000000000004,1.0000000000000004,37,True
73,13,7021,2be9ba53c0d1806a1502dff5b57ef3767bd09fabf655634cb844d9f2ac2087c0,0,full_declared_day,153f2686a97e34b41099eda91952d787a1cd6c17a5aa81869ab7d08d479584be,153f2686a97e34b41099eda91952d787a1cd6c17a5aa81869ab7d08d479584be,risk_aligned_declaration_witness,0.3999999999999974,0.3839999999999969,13388.865376598327,13388.771409386029,0.0939672123004129,0.093967212300003,0.0040000000000001,0.0,0.0,0.0,0.0939672123004129,0.0939672123004129,0.0939672123004129,0,0.7505801724268684,0.7505812123390044,1.0000000000000004,1.0000000000000002,37,True
73,14,7022,2be9ba53c0d1806a1502dff5b57ef3767bd09fabf655634cb844d9f2ac2087c0,0,full_declared_day,153f2686a97e34b41099eda91952d787a1cd6c17a5aa81869ab7d08d479584be,153f2686a97e34b41099eda91952d787a1cd6c17a5aa81869ab7d08d479584be,risk_aligned_declaration_witness,0.4089999999999975,0.3849999999999969,13388.92418087948,13388.78323006103,0.1409508184497099,0.1409508184500031,0.0060000000000001,0.0,0.0,0.0,0.1409508184497099,0.1409508184497099,0.1409508184497099,0,0.7505796524708,0.7505812123390044,1.0000000000000002,1.0000000000000002,37,True
73,15,7023,2be9ba53c0d1806a1502dff5b57ef3767bd09fabf655634cb844d9f2ac2087c0,0,full_declared_day,153f2686a97e34b41099eda91952d787a1cd6c17a5aa81869ab7d08d479584be,153f2686a97e34b41099eda91952d787a1cd6c17a5aa81869ab7d08d479584be,risk_aligned_declaration_witness,0.3979999999999974,0.3899999999999969,13388.873057847251,13388.826074241104,0.0469836061492969,0.046983606150003,0.0020000000000001,0.0,0.0,0.0,0.0469836061492969,0.0469836061492969,0.0469836061492969,0,0.7505806761797342,0.7505811961358024,1.0000000000000002,1.0000000000000002,37,True
73,16,7024,2be9ba53c0d1806a1502dff5b57ef3767bd09fabf655634cb844d9f2ac2087c0,0,full_declared_day,153f2686a97e34b41099eda91952d787a1cd6c17a5aa81869ab7d08d479584be,153f2686a97e34b41099eda91952d787a1cd6c17a5aa81869ab7d08d479584be,risk_aligned_declaration_witness,0.3909999999999974,0.4149999999999969,13388.830363214103,13388.971314032551,-0.1409508184497099,-0.1409508184499971,0.0,0.0,0.0,0.0,-0.1409508184497099,-0.1409508184497099,0.0,1,0.7505809523609704,0.7505793924927661,1.0000000000000002,1.0000000000000004,37,True
73,17,7025,2be9ba53c0d1806a1502dff5b57ef3767bd09fabf655634cb844d9f2ac2087c0,0,full_declared_day,153f2686a97e34b41099eda91952d787a1cd6c17a5aa81869ab7d08d479584be,153f2686a97e34b41099eda91952d787a1cd6c17a5aa81869ab7d08d479584be,risk_aligned_declaration_witness,0.3949999999999974,0.4189999999999969,13388.86951631664,13389.010467135093,-0.1409508184497099,-0.1409508184499971,0.0,0.0,0.0,0.0,-0.1409508184497099,-0.1409508184497099,0.0,1,0.7505809847673743,0.7505794248991702,1.0000000000000002,1.0000000000000004,37,True
73,18,7026,2be9ba53c0d1806a1502dff5b57ef3767bd09fabf655634cb844d9f2ac2087c0,0,full_declared_day,153f2686a97e34b41099eda91952d787a1cd6c17a5aa81869ab7d08d479584be,153f2686a97e34b41099eda91952d787a1cd6c17a5aa81869ab7d08d479584be,risk_aligned_declaration_witness,0.3969999999999974,0.3969999999999969,13388.89315766664,13388.89315766664,0.0,2.984716127724107e-15,1.6653345369377348e-16,0.0,0.0,0.0,0.0,0.0,0.0,0,0.7505809847673743,0.7505809847673743,1.0000000000000002,1.0000000000000002,37,True
73,19,7027,2be9ba53c0d1806a1502dff5b57ef3767bd09fabf655634cb844d9f2ac2087c0,0,full_declared_day,153f2686a97e34b41099eda91952d787a1cd6c17a5aa81869ab7d08d479584be,153f2686a97e34b41099eda91952d787a1cd6c17a5aa81869ab7d08d479584be,risk_aligned_declaration_witness,0.3969999999999974,0.3969999999999969,13388.90068936864,13388.90068936864,0.0,2.984716127724107e-15,1.6653345369377348e-16,0.0,0.0,0.0,0.0,0.0,0.0,0,0.7505812123390044,0.7505812123390044,1.0000000000000002,1.0000000000000002,37,True
73,20,7028,2be9ba53c0d1806a1502dff5b57ef3767bd09fabf655634cb844d9f2ac2087c0,0,full_declared_day,153f2686a97e34b41099eda91952d787a1cd6c17a5aa81869ab7d08d479584be,153f2686a97e34b41099eda91952d787a1cd6c17a5aa81869ab7d08d479584be,risk_aligned_declaration_witness,0.4009999999999974,0.4009999999999969,13388.90039027479,13388.90039027479,0.0,2.984716127724107e-15,1.6653345369377348e-16,0.0,0.0,0.0,0.0,0.0,0.0,0,0.7505806923829363,0.7505806923829363,1.0000000000000004,1.0000000000000004,37,True
73,21,7029,2be9ba53c0d1806a1502dff5b57ef3767bd09fabf655634cb844d9f2ac2087c0,0,full_declared_day,153f2686a97e34b41099eda91952d787a1cd6c17a5aa81869ab7d08d479584be,153f2686a97e34b41099eda91952d787a1cd6c17a5aa81869ab7d08d479584be,risk_aligned_declaration_witness,0.4029999999999974,0.4029999999999969,13388.924031624792,13388.924031624792,0.0,2.984716127724107e-15,1.6653345369377348e-16,0.0,0.0,0.0,0.0,0.0,0.0,0,0.7505806923829363,0.7505806923829363,1.0000000000000004,1.0000000000000004,37,True
73,22,7030,2be9ba53c0d1806a1502dff5b57ef3767bd09fabf655634cb844d9f2ac2087c0,0,full_declared_day,153f2686a97e34b41099eda91952d787a1cd6c17a5aa81869ab7d08d479584be,153f2686a97e34b41099eda91952d787a1cd6c17a5aa81869ab7d08d479584be,risk_aligned_declaration_witness,0.4059999999999975,0.4059999999999969,13388.935104857404,13388.935104857404,0.0,2.984716127724107e-15,1.6653345369377348e-16,0.0,0.0,0.0,0.0,0.0,0.0,0,0.7505806761797343,0.7505806761797343,1.0000000000000004,1.0000000000000004,37,True
73,23,7031,2be9ba53c0d1806a1502dff5b57ef3767bd09fabf655634cb844d9f2ac2087c0,0,full_declared_day,153f2686a97e34b41099eda91952d787a1cd6c17a5aa81869ab7d08d479584be,153f2686a97e34b41099eda91952d787a1cd6c17a5aa81869ab7d08d479584be,risk_aligned_declaration_witness,0.4079999999999975,0.4079999999999969,13388.94248701248,13388.94248701248,0.0,2.984716127724107e-15,1.6653345369377348e-16,0.0,0.0,0.0,0.0,0.0,0.0,0,0.7505806437733302,0.7505806437733302,1.0000000000000004,1.0000000000000004,37,True
73,24,7032,2be9ba53c0d1806a1502dff5b57ef3767bd09fabf655634cb844d9f2ac2087c0,0,full_declared_day,153f2686a97e34b41099eda91952d787a1cd6c17a5aa81869ab7d08d479584be,153f2686a97e34b41099eda91952d787a1cd6c17a5aa81869ab7d08d479584be,risk_aligned_declaration_witness,0.4109999999999975,0.4109999999999969,13388.953560245092,13388.953560245092,0.0,2.984716127724107e-15,1.6653345369377348e-16,0.0,0.0,0.0,0.0,0.0,0.0,0,0.7505806599765319,0.7505806599765319,1.0,1.0,37,True
73,25,7033,2be9ba53c0d1806a1502dff5b57ef3767bd09fabf655634cb844d9f2ac2087c0,0,full_declared_day,153f2686a97e34b41099eda91952d787a1cd6c17a5aa81869ab7d08d479584be,153f2686a97e34b41099eda91952d787a1cd6c17a5aa81869ab7d08d479584be,risk_aligned_declaration_witness,0.4139999999999975,0.4139999999999969,13388.973958866092,13388.973958866092,0.0,2.984716127724107e-15,1.6653345369377348e-16,0.0013643131293284,0.0,0.0,0.0,0.0,0.0,0,0.7505801724268679,0.7505801724268679,1.0,1.0,37,True
73,26,7034,2be9ba53c0d1806a1502dff5b57ef3767bd09fabf655634cb844d9f2ac2087c0,0,full_declared_day,153f2686a97e34b41099eda91952d787a1cd6c17a5aa81869ab7d08d479584be,153f2686a97e34b41099eda91952d787a1cd6c17a5aa81869ab7d08d479584be,risk_aligned_declaration_witness,0.4269999999999975,0.4269999999999969,13389.063786652318,13389.063786652318,0.0,2.984716127724107e-15,1.6653345369377348e-16,0.0,0.0,0.0,0.0,0.0,0.0,0,0.7505796200643956,0.7505796200643956,1.0,1.0,37,True
73,27,7035,2be9ba53c0d1806a1502dff5b57ef3767bd09fabf655634cb844d9f2ac2087c0,0,full_declared_day,153f2686a97e34b41099eda91952d787a1cd6c17a5aa81869ab7d08d479584be,153f2686a97e34b41099eda91952d787a1cd6c17a5aa81869ab7d08d479584be,risk_aligned_declaration_witness,0.4389999999999975,0.4389999999999969,13389.127926150466,13389.127926150466,0.0,2.984716127724107e-15,1.6653345369377348e-16,0.0,0.0,0.0,0.0,0.0,0.0,0,0.7505780926025954,0.7505780926025954,1.0,1.0,37,True
73,28,7036,2be9ba53c0d1806a1502dff5b57ef3767bd09fabf655634cb844d9f2ac2087c0,0,full_declared_day,153f2686a97e34b41099eda91952d787a1cd6c17a5aa81869ab7d08d479584be,153f2686a97e34b41099eda91952d787a1cd6c17a5aa81869ab7d08d479584be,risk_aligned_declaration_witness,0.4449999999999975,0.4449999999999969,13389.191318498466,13389.191318498466,0.0,2.984716127724107e-15,1.6653345369377348e-16,0.0,0.0,0.0,0.0,0.0,0.0,0,0.7505778326245611,0.7505778326245611,1.0,1.0,37,True
73,29,7037,2be9ba53c0d1806a1502dff5b57ef3767bd09fabf655634cb844d9f2ac2087c0,0,full_declared_day,153f2686a97e34b41099eda91952d787a1cd6c17a5aa81869ab7d08d479584be,153f2686a97e34b41099eda91952d787a1cd6c17a5aa81869ab7d08d479584be,risk_aligned_declaration_witness,0.4719999999999975,0.471999999999997,13389.352070042452,13389.352070042452,0.0,2.984716127724107e-15,1.6653345369377348e-16,0.0039757664030764,0.0,0.0,0.0,0.0,0.0,0,0.7505760289815251,0.7505760289815251,1.0000000000000002,1.0000000000000002,37,True
73,30,7038,2be9ba53c0d1806a1502dff5b57ef3767bd09fabf655634cb844d9f2ac2087c0,0,full_declared_day,153f2686a97e34b41099eda91952d787a1cd6c17a5aa81869ab7d08d479584be,153f2686a97e34b41099eda91952d787a1cd6c17a5aa81869ab7d08d479584be,risk_aligned_declaration_witness,0.4739999999999975,0.473999999999997,13389.367581794992,13389.367581794992,0.0,2.984716127724107e-15,1.6653345369377348e-16,0.0051232180100035,0.0,0.0,0.0,0.0,0.0,0,0.7505760289815252,0.7505760289815252,1.0000000000000002,1.0000000000000002,37,True
73,31,7039,2be9ba53c0d1806a1502dff5b57ef3767bd09fabf655634cb844d9f2ac2087c0,0,full_declared_day,153f2686a97e34b41099eda91952d787a1cd6c17a5aa81869ab7d08d479584be,153f2686a97e34b41099eda91952d787a1cd6c17a5aa81869ab7d08d479584be,risk_aligned_declaration_witness,0.4539999999999975,0.4539999999999969,13389.241993182151,13389.241993182151,0.0,2.984716127724107e-15,1.6653345369377348e-16,0.0,0.0,0.0,0.0,0.0,0.0,0,0.7505773288716955,0.7505773288716955,1.0000000000000004,1.0000000000000004,37,True
73,32,7040,2be9ba53c0d1806a1502dff5b57ef3767bd09fabf655634cb844d9f2ac2087c0,0,full_declared_day,153f2686a97e34b41099eda91952d787a1cd6c17a5aa81869ab7d08d479584be,153f2686a97e34b41099eda91952d787a1cd6c17a5aa81869ab7d08d479584be,risk_aligned_declaration_witness,0.4589999999999975,0.4589999999999969,13389.269176062766,13389.269176062766,0.0,2.984716127724107e-15,1.6653345369377348e-16,0.0,0.0,0.0,0.0,0.0,0.0,0,0.7505770688936614,0.7505770688936614,1.0000000000000002,1.0000000000000002,37,True
73,33,7041,2be9ba53c0d1806a1502dff5b57ef3767bd09fabf655634cb844d9f2ac2087c0,0,full_declared_day,153f2686a97e34b41099eda91952d787a1cd6c17a5aa81869ab7d08d479584be,153f2686a97e34b41099eda91952d787a1cd6c17a5aa81869ab7d08d479584be,risk_aligned_declaration_witness,0.4569999999999975,0.4569999999999969,13389.245534712769,13389.245534712769,0.0,2.984716127724107e-15,1.6653345369377348e-16,0.0,0.0,0.0,0.0,0.0,0.0,0,0.7505770526904594,0.7505770526904594,1.0000000000000002,1.0000000000000002,37,True
73,34,7042,2be9ba53c0d1806a1502dff5b57ef3767bd09fabf655634cb844d9f2ac2087c0,0,full_declared_day,153f2686a97e34b41099eda91952d787a1cd6c17a5aa81869ab7d08d479584be,153f2686a97e34b41099eda91952d787a1cd6c17a5aa81869ab7d08d479584be,risk_aligned_declaration_witness,0.4579999999999975,0.4579999999999969,13389.257355387766,13389.257355387766,0.0,2.984716127724107e-15,1.6653345369377348e-16,0.0,0.0,0.0,0.0,0.0,0.0,0,0.7505770526904594,0.7505770526904594,1.0000000000000002,1.0000000000000002,37,True
73,35,7043,2be9ba53c0d1806a1502dff5b57ef3767bd09fabf655634cb844d9f2ac2087c0,0,full_declared_day,153f2686a97e34b41099eda91952d787a1cd6c17a5aa81869ab7d08d479584be,153f2686a97e34b41099eda91952d787a1cd6c17a5aa81869ab7d08d479584be,risk_aligned_declaration_witness,0.4549999999999975,0.4549999999999969,13389.246282155153,13389.246282155153,0.0,2.984716127724107e-15,1.6653345369377348e-16,0.0,0.0,0.0,0.0,0.0,0.0,0,0.7505770526904594,0.7505770526904594,1.0000000000000002,1.0000000000000002,37,True
73,36,7044,2be9ba53c0d1806a1502dff5b57ef3767bd09fabf655634cb844d9f2ac2087c0,0,full_declared_day,153f2686a97e34b41099eda91952d787a1cd6c17a5aa81869ab7d08d479584be,153f2686a97e34b41099eda91952d787a1cd6c17a5aa81869ab7d08d479584be,risk_aligned_declaration_witness,0.4589999999999975,0.4589999999999969,13389.269773958227,13389.269773958227,0.0,2.984716127724107e-15,1.6653345369377348e-16,0.0,0.0,0.0,0.0,0.0,0.0,0,0.7505767927124254,0.7505767927124254,1.0000000000000004,1.0000000000000004,37,True
73,37,7045,2be9ba53c0d1806a1502dff5b57ef3767bd09fabf655634cb844d9f2ac2087c0,0,full_declared_day,153f2686a97e34b41099eda91952d787a1cd6c17a5aa81869ab7d08d479584be,153f2686a97e34b41099eda91952d787a1cd6c17a5aa81869ab7d08d479584be,risk_aligned_declaration_witness,0.4589999999999975,0.4589999999999969,13389.269773958227,13389.269773958227,0.0,2.984716127724107e-15,1.6653345369377348e-16,0.0,0.0,0.0,0.0,0.0,0.0,0,0.7505767927124254,0.7505767927124254,1.0000000000000004,1.0000000000000004,37,True
73,38,7046,2be9ba53c0d1806a1502dff5b57ef3767bd09fabf655634cb844d9f2ac2087c0,0,full_declared_day,153f2686a97e34b41099eda91952d787a1cd6c17a5aa81869ab7d08d479584be,153f2686a97e34b41099eda91952d787a1cd6c17a5aa81869ab7d08d479584be,risk_aligned_declaration_witness,0.4589999999999975,0.4589999999999969,13389.269773958227,13389.269773958227,0.0,2.984716127724107e-15,1.6653345369377348e-16,0.0,0.0,0.0,0.0,0.0,0.0,0,0.7505767927124254,0.7505767927124254,1.0000000000000004,1.0000000000000004,37,True
73,39,7047,2be9ba53c0d1806a1502dff5b57ef3767bd09fabf655634cb844d9f2ac2087c0,0,full_declared_day,153f2686a97e34b41099eda91952d787a1cd6c17a5aa81869ab7d08d479584be,153f2686a97e34b41099eda91952d787a1cd6c17a5aa81869ab7d08d479584be,risk_aligned_declaration_witness,0.4609999999999975,0.4609999999999969,13389.28588360623,13389.28588360623,0.0,2.984716127724107e-15,1.6653345369377348e-16,0.0,0.0,0.0,0.0,0.0,0.0,0,0.7505765327343913,0.7505765327343913,1.0000000000000002,1.0000000000000002,37,True
73,40,7048,2be9ba53c0d1806a1502dff5b57ef3767bd09fabf655634cb844d9f2ac2087c0,0,full_declared_day,153f2686a97e34b41099eda91952d787a1cd6c17a5aa81869ab7d08d479584be,153f2686a97e34b41099eda91952d787a1cd6c17a5aa81869ab7d08d479584be,risk_aligned_declaration_witness,0.4639999999999975,0.4589999999999969,13389.281295539378,13389.262242256227,0.0190532831511518,0.019053283150003,0.0012500000000001,0.0,0.0,0.0,0.0190532831511518,0.0190532831511518,0.0190532831511518,0,0.7505762565531552,0.7505765327343913,1.0000000000000002,1.0000000000000002,37,True
73,41,7049,2be9ba53c0d1806a1502dff5b57ef3767bd09fabf655634cb844d9f2ac2087c0,0,full_declared_day,153f2686a97e34b41099eda91952d787a1cd6c17a5aa81869ab7d08d479584be,153f2686a97e34b41099eda91952d787a1cd6c17a5aa81869ab7d08d479584be,risk_aligned_declaration_witness,0.4469999999999975,0.4409999999999969,13389.18303935408,13389.15216539593,0.0308739581505506,0.030873958150003,0.0015000000000001,0.0,0.0,0.0,0.0308739581505506,0.0308739581505506,0.0308739581505506,0,0.7505775564433251,0.7505778326245617,1.0,1.0000000000000004,37,True
73,42,7050,2be9ba53c0d1806a1502dff5b57ef3767bd09fabf655634cb844d9f2ac2087c0,0,full_declared_day,153f2686a97e34b41099eda91952d787a1cd6c17a5aa81869ab7d08d479584be,153f2686a97e34b41099eda91952d787a1cd6c17a5aa81869ab7d08d479584be,risk_aligned_declaration_witness,0.4119999999999975,0.4109999999999969,13388.997301414478,13388.98548073948,0.0118206749993987,0.0118206750000029,0.0002500000000001,0.0,0.0,0.0,0.0118206749993987,0.0118206749993987,0.0118206749993987,0,0.7505808551417583,0.7505808551417583,1.0000000000000004,1.0000000000000004,37,True
73,43,7051,2be9ba53c0d1806a1502dff5b57ef3767bd09fabf655634cb844d9f2ac2087c0,0,full_declared_day,153f2686a97e34b41099eda91952d787a1cd6c17a5aa81869ab7d08d479584be,153f2686a97e34b41099eda91952d787a1cd6c17a5aa81869ab7d08d479584be,risk_aligned_declaration_witness,0.4559999999999975,0.4539999999999969,13389.239452053378,13389.232069898302,0.0073821550759021,0.0073821550750029,0.0005000000000001,0.0,0.0,0.0,0.0073821550759021,0.0073821550759021,0.0073821550759021,0,0.7505779629769797,0.7505779953833837,1.0000000000000002,1.0000000000000002,37,True
73,44,7052,2be9ba53c0d1806a1502dff5b57ef3767bd09fabf655634cb844d9f2ac2087c0,0,full_declared_day,153f2686a97e34b41099eda91952d787a1cd6c17a5aa81869ab7d08d479584be,153f2686a97e34b41099eda91952d787a1cd6c17a5aa81869ab7d08d479584be,risk_aligned_declaration_witness,0.4579999999999975,0.4639999999999969,13389.23990040192,13389.270774360066,-0.0308739581469126,-0.030873958149997,0.0,0.0083184809249246,0.0,0.0,-0.0308739581469126,-0.0308739581469126,0.0,1,0.7505774592241135,0.7505771830428771,1.0000000000000002,1.0,37,True
73,45,7053,2be9ba53c0d1806a1502dff5b57ef3767bd09fabf655634cb844d9f2ac2087c0,0,full_declared_day,153f2686a97e34b41099eda91952d787a1cd6c17a5aa81869ab7d08d479584be,153f2686a97e34b41099eda91952d787a1cd6c17a5aa81869ab7d08d479584be,risk_aligned_declaration_witness,0.4559999999999975,0.4639999999999969,13389.23251824684,13389.270774360066,-0.0382561132246337,-0.038256113224997,0.0,0.0789258746320293,0.0,0.0,-0.0382561132246337,-0.0382561132246337,0.0,1,0.7505774916305175,0.7505771830428771,1.0000000000000002,1.0,37,True
73,46,7054,2be9ba53c0d1806a1502dff5b57ef3767bd09fabf655634cb844d9f2ac2087c0,0,full_declared_day,153f2686a97e34b41099eda91952d787a1cd6c17a5aa81869ab7d08d479584be,153f2686a97e34b41099eda91952d787a1cd6c17a5aa81869ab7d08d479584be,risk_aligned_declaration_witness,0.4519999999999975,0.4519999999999969,13389.225883534154,13389.225883534154,0.0,2.984716127724107e-15,1.6653345369377348e-16,0.0,0.0,0.0,0.0,0.0,0.0,0,0.7505774916305175,0.7505774916305175,1.0000000000000004,1.0000000000000004,37,True
73,47,7055,2be9ba53c0d1806a1502dff5b57ef3767bd09fabf655634cb844d9f2ac2087c0,0,full_declared_day,153f2686a97e34b41099eda91952d787a1cd6c17a5aa81869ab7d08d479584be,153f2686a97e34b41099eda91952d787a1cd6c17a5aa81869ab7d08d479584be,risk_aligned_declaration_witness,0.4639999999999975,0.4619999999999969,13389.305086436303,13389.296508490304,0.0085779459986952,0.0085779460000029,0.0005000000000001,0.0,0.0,0.0,0.0085779459986952,0.0085779459986952,0.0085779459986952,0,0.7505764841247852,0.7505769716744493,1.0000000000000002,1.0000000000000002,37,True
73,48,7056,2be9ba53c0d1806a1502dff5b57ef3767bd09fabf655634cb844d9f2ac2087c0,0,full_declared_day,153f2686a97e34b41099eda91952d787a1cd6c17a5aa81869ab7d08d479584be,153f2686a97e34b41099eda91952d787a1cd6c17a5aa81869ab7d08d479584be,risk_aligned_declaration_witness,0.4199999999999975,0.4179999999999969,13389.054806199942,13389.04622825394,0.0085779460023331,0.0085779460000029,0.0005000000000001,0.0,0.0,0.0,0.0085779460023331,0.0085779460023331,0.0085779460023331,0,0.75057934388316,0.7505798314328243,1.0000000000000004,1.0000000000000004,37,True
73,49,7057,2be9ba53c0d1806a1502dff5b57ef3767bd09fabf655634cb844d9f2ac2087c0,0,full_declared_day,153f2686a97e34b41099eda91952d787a1cd6c17a5aa81869ab7d08d479584be,153f2686a97e34b41099eda91952d787a1cd6c17a5aa81869ab7d08d479584be,risk_aligned_declaration_witness,0.4239999999999975,0.4159999999999969,13389.069570510092,13389.022586903942,0.0469836061492969,0.046983606150003,0.0020000000000001,0.0,0.0,0.0,0.0469836061492969,0.0469836061492969,0.0469836061492969,0,0.7505793114767559,0.7505798314328241,1.0000000000000002,1.0000000000000004,37,True
73,50,7058,2be9ba53c0d1806a1502dff5b57ef3767bd09fabf655634cb844d9f2ac2087c0,0,full_declared_day,153f2686a97e34b41099eda91952d787a1cd6c17a5aa81869ab7d08d479584be,153f2686a97e34b41099eda91952d787a1cd6c17a5aa81869ab7d08d479584be,risk_aligned_declaration_witness,0.4249999999999975,0.4169999999999969,13389.07326158763,13389.02627798148,0.0469836061492969,0.046983606150003,0.0020000000000001,0.0,0.0,0.0,0.0469836061492969,0.0469836061492969,0.0469836061492969,0,0.7505792952735538,0.7505798152296221,1.0000000000000002,1.0000000000000004,37,True
73,51,7059,2be9ba53c0d1806a1502dff5b57ef3767bd09fabf655634cb844d9f2ac2087c0,0,full_declared_day,153f2686a97e34b41099eda91952d787a1cd6c17a5aa81869ab7d08d479584be,153f2686a97e34b41099eda91952d787a1cd6c17a5aa81869ab7d08d479584be,risk_aligned_declaration_witness,0.4189999999999975,0.4249999999999969,13389.042387629475,13389.08079328963,-0.0384056601524207,-0.038405660149997,1.3877787807814457e-17,0.0209141222743986,0.0,0.0,-0.0384056601524207,-0.0384056601524207,0.0,1,0.750579587657992,0.7505795552515876,1.0000000000000004,1.0,37,True
73,52,7060,2be9ba53c0d1806a1502dff5b57ef3767bd09fabf655634cb844d9f2ac2087c0,0,full_declared_day,153f2686a97e34b41099eda91952d787a1cd6c17a5aa81869ab7d08d479584be,153f2686a97e34b41099eda91952d787a1cd6c17a5aa81869ab7d08d479584be,risk_aligned_declaration_witness,0.4169999999999975,0.4269999999999969,13389.03380968348,13389.08937123563,-0.0555615521498111,-0.055561552149997,0.0,0.0593432615592345,0.0,0.0,-0.0555615521498111,-0.0555615521498111,0.0,1,0.7505800752076561,0.7505790677019236,1.0000000000000004,1.0,37,True
73,53,7061,2be9ba53c0d1806a1502dff5b57ef3767bd09fabf655634cb844d9f2ac2087c0,0,full_declared_day,153f2686a97e34b41099eda91952d787a1cd6c17a5aa81869ab7d08d479584be,153f2686a97e34b41099eda91952d787a1cd6c17a5aa81869ab7d08d479584be,risk_aligned_declaration_witness,0.4199999999999975,0.4239999999999969,13389.061142111015,13389.078298003016,-0.0171558920010284,-0.017155891999997,1.52655665885959e-16,0.0697722130411274,0.0,0.0,-0.0171558920010284,-0.0171558920010284,0.0,1,0.7505800752076561,0.7505791001083281,1.0000000000000004,1.0000000000000004,37,True
73,54,7062,2be9ba53c0d1806a1502dff5b57ef3767bd09fabf655634cb844d9f2ac2087c0,0,full_declared_day,153f2686a97e34b41099eda91952d787a1cd6c17a5aa81869ab7d08d479584be,153f2686a97e34b41099eda91952d787a1cd6c17a5aa81869ab7d08d479584be,risk_aligned_declaration_witness,0.4299999999999975,0.4299999999999969,13389.115507872242,13389.115507872242,0.0,2.984716127724107e-15,1.6653345369377348e-16,0.0470723939009479,0.0,0.0,0.0,0.0,0.0,0,0.7505795552515876,0.7505795552515876,1.0,1.0,37,True
73,55,7063,2be9ba53c0d1806a1502dff5b57ef3767bd09fabf655634cb844d9f2ac2087c0,0,full_declared_day,153f2686a97e34b41099eda91952d787a1cd6c17a5aa81869ab7d08d479584be,153f2686a97e34b41099eda91952d787a1cd6c17a5aa81869ab7d08d479584be,risk_aligned_declaration_witness,0.4289999999999975,0.4289999999999969,13389.09555759978,13389.09555759978,0.0,2.984716127724107e-15,1.6653345369377348e-16,0.0726468820358756,0.0,0.0,0.0,0.0,0.0,0,0.7505795228451837,0.7505795228451837,1.0,1.0,37,True
73,56,7064,2be9ba53c0d1806a1502dff5b57ef3767bd09fabf655634cb844d9f2ac2087c0,0,full_declared_day,153f2686a97e34b41099eda91952d787a1cd6c17a5aa81869ab7d08d479584be,153f2686a97e34b41099eda91952d787a1cd6c17a5aa81869ab7d08d479584be,risk_aligned_declaration_witness,0.4289999999999975,0.4289999999999969,13389.111816794704,13389.111816794704,0.0,2.984716127724107e-15,1.6653345369377348e-16,0.0906819361138559,0.0,0.0,0.0,0.0,0.0,0,0.7505795228451837,0.7505795228451837,1.0,1.0,37,True
73,57,7065,2be9ba53c0d1806a1502dff5b57ef3767bd09fabf655634cb844d9f2ac2087c0,0,full_declared_day,153f2686a97e34b41099eda91952d787a1cd6c17a5aa81869ab7d08d479584be,153f2686a97e34b41099eda91952d787a1cd6c17a5aa81869ab7d08d479584be,risk_aligned_declaration_witness,0.4299999999999975,0.4299999999999969,13389.116703663169,13389.116703663169,0.0,2.984716127724107e-15,1.6653345369377348e-16,0.0908815513604198,0.0,0.0,0.0,0.0,0.0,0,0.7505790677019236,0.7505790677019236,1.0,1.0,37,True
73,58,7066,2be9ba53c0d1806a1502dff5b57ef3767bd09fabf655634cb844d9f2ac2087c0,0,full_declared_day,153f2686a97e34b41099eda91952d787a1cd6c17a5aa81869ab7d08d479584be,153f2686a97e34b41099eda91952d787a1cd6c17a5aa81869ab7d08d479584be,risk_aligned_declaration_witness,0.4289999999999975,0.4289999999999969,13389.113012585629,13389.113012585629,0.0,2.984716127724107e-15,1.6653345369377348e-16,0.021824327182504,0.0,0.0,0.0,0.0,0.0,0,0.7505790677019236,0.7505790677019236,1.0,1.0,37,True
73,59,7067,2be9ba53c0d1806a1502dff5b57ef3767bd09fabf655634cb844d9f2ac2087c0,0,full_declared_day,153f2686a97e34b41099eda91952d787a1cd6c17a5aa81869ab7d08d479584be,153f2686a97e34b41099eda91952d787a1cd6c17a5aa81869ab7d08d479584be,risk_aligned_declaration_witness,0.3949999999999974,0.3949999999999969,13388.91650021503,13388.91650021503,0.0,2.984716127724107e-15,1.6653345369377348e-16,0.0,0.0,0.0,0.0,0.0,0.0,0,0.7505816350758605,0.7505816350758605,1.0000000000000002,1.0000000000000002,37,True
73,60,7068,2be9ba53c0d1806a1502dff5b57ef3767bd09fabf655634cb844d9f2ac2087c0,0,full_declared_day,153f2686a97e34b41099eda91952d787a1cd6c17a5aa81869ab7d08d479584be,153f2686a97e34b41099eda91952d787a1cd6c17a5aa81869ab7d08d479584be,risk_aligned_declaration_witness,0.3949999999999974,0.3949999999999969,13388.91650021503,13388.91650021503,0.0,2.984716127724107e-15,1.6653345369377348e-16,0.0,0.0,0.0,0.0,0.0,0.0,0,0.7505816350758605,0.7505816350758605,1.0000000000000002,1.0000000000000002,37,True
73,61,7069,2be9ba53c0d1806a1502dff5b57ef3767bd09fabf655634cb844d9f2ac2087c0,0,full_declared_day,153f2686a97e34b41099eda91952d787a1cd6c17a5aa81869ab7d08d479584be,153f2686a97e34b41099eda91952d787a1cd6c17a5aa81869ab7d08d479584be,risk_aligned_declaration_witness,0.3949999999999974,0.3949999999999969,13388.91650021503,13388.91650021503,0.0,2.984716127724107e-15,1.6653345369377348e-16,0.0,0.0,0.0,0.0,0.0,0.0,0,0.7505816350758605,0.7505816350758605,1.0000000000000002,1.0000000000000002,37,True
73,62,7070,2be9ba53c0d1806a1502dff5b57ef3767bd09fabf655634cb844d9f2ac2087c0,0,full_declared_day,153f2686a97e34b41099eda91952d787a1cd6c17a5aa81869ab7d08d479584be,153f2686a97e34b41099eda91952d787a1cd6c17a5aa81869ab7d08d479584be,risk_aligned_declaration_witness,0.3949999999999974,0.3949999999999969,13388.91650021503,13388.91650021503,0.0,2.984716127724107e-15,1.6653345369377348e-16,0.0,0.0,0.0,0.0,0.0,0.0,0,0.7505816350758605,0.7505816350758605,1.0000000000000002,1.0000000000000002,37,True
73,63,7071,2be9ba53c0d1806a1502dff5b57ef3767bd09fabf655634cb844d9f2ac2087c0,0,full_declared_day,153f2686a97e34b41099eda91952d787a1cd6c17a5aa81869ab7d08d479584be,153f2686a97e34b41099eda91952d787a1cd6c17a5aa81869ab7d08d479584be,risk_aligned_declaration_witness,0.3949999999999974,0.3949999999999969,13388.91650021503,13388.91650021503,0.0,2.984716127724107e-15,1.6653345369377348e-16,0.0,0.0,0.0,0.0,0.0,0.0,0,0.7505816350758605,0.7505816350758605,1.0000000000000002,1.0000000000000002,37,True
73,64,7072,2be9ba53c0d1806a1502dff5b57ef3767bd09fabf655634cb844d9f2ac2087c0,1,full_declared_day,153f2686a97e34b41099eda91952d787a1cd6c17a5aa81869ab7d08d479584be,153f2686a97e34b41099eda91952d787a1cd6c17a5aa81869ab7d08d479584be,risk_aligned_declaration_witness,0.3949999999999974,0.3949999999999969,13388.91650021503,13388.91650021503,0.0,2.984716127724107e-15,1.6653345369377348e-16,0.0019677236961674,0.0,0.0,0.0,0.0,0.0,0,0.7505816350758605,0.7505816350758605,1.0000000000000002,1.0000000000000002,37,True
73,65,7073,2be9ba53c0d1806a1502dff5b57ef3767bd09fabf655634cb844d9f2ac2087c0,1,full_declared_day,153f2686a97e34b41099eda91952d787a1cd6c17a5aa81869ab7d08d479584be,153f2686a97e34b41099eda91952d787a1cd6c17a5aa81869ab7d08d479584be,risk_aligned_declaration_witness,0.3949999999999974,0.3949999999999969,13388.91650021503,13388.91650021503,0.0,2.984716127724107e-15,1.6653345369377348e-16,0.0529301279175542,1.52655665885959e-16,2.289834988289385e-14,2.289834988289385e-14,2.289834988289385e-14,2.289834988289385e-14,0,0.7505816350758605,0.7505816350758605,1.0000000000000002,1.0000000000000002,37,True
73,66,7074,2be9ba53c0d1806a1502dff5b57ef3767bd09fabf655634cb844d9f2ac2087c0,1,full_declared_day,153f2686a97e34b41099eda91952d787a1cd6c17a5aa81869ab7d08d479584be,153f2686a97e34b41099eda91952d787a1cd6c17a5aa81869ab7d08d479584be,risk_aligned_declaration_witness,0.3929999999999974,0.3929999999999969,13388.892858865029,13388.892858865029,0.0,2.984716127724107e-15,1.6653345369377348e-16,0.0373536027666325,1.52655665885959e-16,2.289834988289385e-14,2.289834988289385e-14,2.289834988289385e-14,2.289834988289385e-14,0,0.7505816350758605,0.7505816350758605,1.0000000000000002,1.0000000000000002,37,True
73,67,7075,2be9ba53c0d1806a1502dff5b57ef3767bd09fabf655634cb844d9f2ac2087c0,1,full_declared_day,153f2686a97e34b41099eda91952d787a1cd6c17a5aa81869ab7d08d479584be,153f2686a97e34b41099eda91952d787a1cd6c17a5aa81869ab7d08d479584be,risk_aligned_declaration_witness,0.4099999999999975,0.4059999999999969,13388.990517154863,13388.973361262866,0.0171558919992094,0.017155892000003,0.0010000000000001,0.0556801279178207,1.52655665885959e-16,2.289834988289385e-14,0.0171558919992323,0.0171558919992323,0.0171558919992323,0,0.7505805789605224,0.7505815540598505,1.0000000000000004,1.0000000000000004,37,True
73,68,7076,2be9ba53c0d1806a1502dff5b57ef3767bd09fabf655634cb844d9f2ac2087c0,1,full_declared_day,153f2686a97e34b41099eda91952d787a1cd6c17a5aa81869ab7d08d479584be,153f2686a97e34b41099eda91952d787a1cd6c17a5aa81869ab7d08d479584be,risk_aligned_declaration_witness,0.4099999999999975,0.4099999999999969,13388.990517154863,13388.990517154863,0.0,2.984716127724107e-15,1.6653345369377348e-16,0.0541661764680383,1.52655665885959e-16,2.289834988289385e-14,2.289834988289385e-14,2.289834988289385e-14,2.289834988289385e-14,0,0.7505805789605224,0.7505805789605224,1.0000000000000004,1.0000000000000004,37,True
73,69,7077,2be9ba53c0d1806a1502dff5b57ef3767bd09fabf655634cb844d9f2ac2087c0,1,full_declared_day,153f2686a97e34b41099eda91952d787a1cd6c17a5aa81869ab7d08d479584be,153f2686a97e34b41099eda91952d787a1cd6c17a5aa81869ab7d08d479584be,risk_aligned_declaration_witness,0.4059999999999975,0.4059999999999969,13388.97455705379,13388.97455705379,0.0,2.984716127724107e-15,1.6653345369377348e-16,0.0537211859098677,1.52655665885959e-16,2.289834988289385e-14,2.289834988289385e-14,2.289834988289385e-14,2.289834988289385e-14,0,0.75058109891659,0.75058109891659,1.0,1.0,37,True
73,70,7078,2be9ba53c0d1806a1502dff5b57ef3767bd09fabf655634cb844d9f2ac2087c0,1,full_declared_day,153f2686a97e34b41099eda91952d787a1cd6c17a5aa81869ab7d08d479584be,153f2686a97e34b41099eda91952d787a1cd6c17a5aa81869ab7d08d479584be,risk_aligned_declaration_witness,0.4059999999999975,0.4059999999999969,13388.97455705379,13388.97455705379,0.0,2.984716127724107e-15,1.6653345369377348e-16,0.0356621254663636,2.775557561562892e-17,4.163336342344337e-15,4.163336342344337e-15,4.163336342344337e-15,4.163336342344337e-15,0,0.75058109891659,0.75058109891659,1.0,1.0,37,True
73,71,7079,2be9ba53c0d1806a1502dff5b57ef3767bd09fabf655634cb844d9f2ac2087c0,1,full_declared_day,153f2686a97e34b41099eda91952d787a1cd6c17a5aa81869ab7d08d479584be,153f2686a97e34b41099eda91952d787a1cd6c17a5aa81869ab7d08d479584be,risk_aligned_declaration_witness,0.4059999999999975,0.4059999999999969,13388.97455705379,13388.97455705379,0.0,2.984716127724107e-15,1.6653345369377348e-16,0.0319978857579246,2.775557561562892e-17,4.163336342344337e-15,4.163336342344337e-15,4.163336342344337e-15,4.163336342344337e-15,0,0.75058109891659,0.75058109891659,1.0,1.0,37,True
73,72,7080,2be9ba53c0d1806a1502dff5b57ef3767bd09fabf655634cb844d9f2ac2087c0,0,full_declared_day,153f2686a97e34b41099eda91952d787a1cd6c17a5aa81869ab7d08d479584be,153f2686a97e34b41099eda91952d787a1cd6c17a5aa81869ab7d08d479584be,risk_aligned_declaration_witness,0.4059999999999975,0.4059999999999969,13388.97455705379,13388.97455705379,0.0,2.984716127724107e-15,1.6653345369377348e-16,0.0,0.0,0.0,0.0,0.0,0.0,0,0.75058109891659,0.75058109891659,1.0,1.0,37,True
73,73,7081,2be9ba53c0d1806a1502dff5b57ef3767bd09fabf655634cb844d9f2ac2087c0,0,full_declared_day,153f2686a97e34b41099eda91952d787a1cd6c17a5aa81869ab7d08d479584be,153f2686a97e34b41099eda91952d787a1cd6c17a5aa81869ab7d08d479584be,risk_aligned_declaration_witness,0.3999999999999974,0.3999999999999969,13388.94308520018,13388.94308520018,0.0,2.984716127724107e-15,1.6653345369377348e-16,0.0,0.0,0.0,0.0,0.0,0.0,0,0.7505816188726584,0.7505816188726584,1.0000000000000002,1.0000000000000002,37,True
73,74,7082,2be9ba53c0d1806a1502dff5b57ef3767bd09fabf655634cb844d9f2ac2087c0,0,full_declared_day,153f2686a97e34b41099eda91952d787a1cd6c17a5aa81869ab7d08d479584be,153f2686a97e34b41099eda91952d787a1cd6c17a5aa81869ab7d08d479584be,risk_aligned_declaration_witness,0.3999999999999974,0.3999999999999969,13388.94308520018,13388.94308520018,0.0,2.984716127724107e-15,1.6653345369377348e-16,0.0,0.0,0.0,0.0,0.0,0.0,0,0.7505816188726584,0.7505816188726584,1.0000000000000002,1.0000000000000002,37,True
73,75,7083,2be9ba53c0d1806a1502dff5b57ef3767bd09fabf655634cb844d9f2ac2087c0,0,full_declared_day,153f2686a97e34b41099eda91952d787a1cd6c17a5aa81869ab7d08d479584be,153f2686a97e34b41099eda91952d787a1cd6c17a5aa81869ab7d08d479584be,risk_aligned_declaration_witness,0.3999999999999974,0.3999999999999969,13388.94308520018,13388.94308520018,0.0,2.984716127724107e-15,1.6653345369377348e-16,0.0074093079892175,0.0,0.0,0.0,0.0,0.0,0,0.7505816188726584,0.7505816188726584,1.0000000000000002,1.0000000000000002,37,True
73,76,7084,2be9ba53c0d1806a1502dff5b57ef3767bd09fabf655634cb844d9f2ac2087c0,0,full_declared_day,153f2686a97e34b41099eda91952d787a1cd6c17a5aa81869ab7d08d479584be,153f2686a97e34b41099eda91952d787a1cd6c17a5aa81869ab7d08d479584be,risk_aligned_declaration_witness,0.3989999999999974,0.3989999999999969,13388.939394122644,13388.939394122644,0.0,2.984716127724107e-15,1.6653345369377348e-16,0.0003446768381217,0.0,0.0,0.0,0.0,0.0,0,0.7505816188726585,0.7505816188726585,1.0000000000000002,1.0000000000000002,37,True
73,77,7085,2be9ba53c0d1806a1502dff5b57ef3767bd09fabf655634cb844d9f2ac2087c0,0,full_declared_day,153f2686a97e34b41099eda91952d787a1cd6c17a5aa81869ab7d08d479584be,153f2686a97e34b41099eda91952d787a1cd6c17a5aa81869ab7d08d479584be,risk_aligned_declaration_witness,0.3959999999999974,0.3959999999999969,13388.919593397104,13388.919593397104,0.0,2.984716127724107e-15,1.6653345369377348e-16,0.0,0.0,0.0,0.0,0.0,0.0,0,0.7505818788506925,0.7505818788506925,1.0000000000000002,1.0000000000000002,37,True
73,78,7086,2be9ba53c0d1806a1502dff5b57ef3767bd09fabf655634cb844d9f2ac2087c0,0,full_declared_day,153f2686a97e34b41099eda91952d787a1cd6c17a5aa81869ab7d08d479584be,153f2686a97e34b41099eda91952d787a1cd6c17a5aa81869ab7d08d479584be,risk_aligned_declaration_witness,0.3959999999999974,0.3959999999999969,13388.919593397104,13388.919593397104,0.0,2.984716127724107e-15,1.6653345369377348e-16,0.0,0.0,0.0,0.0,0.0,0.0,0,0.7505818788506925,0.7505818788506925,1.0000000000000002,1.0000000000000002,37,True
73,79,7087,2be9ba53c0d1806a1502dff5b57ef3767bd09fabf655634cb844d9f2ac2087c0,0,full_declared_day,153f2686a97e34b41099eda91952d787a1cd6c17a5aa81869ab7d08d479584be,153f2686a97e34b41099eda91952d787a1cd6c17a5aa81869ab7d08d479584be,risk_aligned_declaration_witness,0.3959999999999974,0.3959999999999969,13388.919593397104,13388.919593397104,0.0,2.984716127724107e-15,1.6653345369377348e-16,0.0,0.0,0.0,0.0,0.0,0.0,0,0.7505818788506925,0.7505818788506925,1.0000000000000002,1.0000000000000002,37,True
73,80,7088,2be9ba53c0d1806a1502dff5b57ef3767bd09fabf655634cb844d9f2ac2087c0,0,full_declared_day,153f2686a97e34b41099eda91952d787a1cd6c17a5aa81869ab7d08d479584be,153f2686a97e34b41099eda91952d787a1cd6c17a5aa81869ab7d08d479584be,risk_aligned_declaration_witness,0.3959999999999974,0.3959999999999969,13388.919593397104,13388.919593397104,0.0,2.984716127724107e-15,1.6653345369377348e-16,0.0,0.0,0.0,0.0,0.0,0.0,0,0.7505818788506925,0.7505818788506925,1.0000000000000002,1.0000000000000002,37,True
73,81,7089,2be9ba53c0d1806a1502dff5b57ef3767bd09fabf655634cb844d9f2ac2087c0,0,full_declared_day,153f2686a97e34b41099eda91952d787a1cd6c17a5aa81869ab7d08d479584be,153f2686a97e34b41099eda91952d787a1cd6c17a5aa81869ab7d08d479584be,risk_aligned_declaration_witness,0.3899999999999974,0.3899999999999969,13388.89744693188,13388.89744693188,0.0,2.984716127724107e-15,1.6653345369377348e-16,0.0,0.0,0.0,0.0,0.0,0.0,0,0.7505819274602986,0.7505819274602986,1.0000000000000002,1.0000000000000002,37,True
73,82,7090,2be9ba53c0d1806a1502dff5b57ef3767bd09fabf655634cb844d9f2ac2087c0,0,full_declared_day,153f2686a97e34b41099eda91952d787a1cd6c17a5aa81869ab7d08d479584be,153f2686a97e34b41099eda91952d787a1cd6c17a5aa81869ab7d08d479584be,risk_aligned_declaration_witness,0.3899999999999974,0.3899999999999969,13388.89744693188,13388.89744693188,0.0,2.984716127724107e-15,1.6653345369377348e-16,0.0,0.0,0.0,0.0,0.0,0.0,0,0.7505819274602986,0.7505819274602986,1.0000000000000002,1.0000000000000002,37,True
73,83,7091,2be9ba53c0d1806a1502dff5b57ef3767bd09fabf655634cb844d9f2ac2087c0,0,full_declared_day,153f2686a97e34b41099eda91952d787a1cd6c17a5aa81869ab7d08d479584be,153f2686a97e34b41099eda91952d787a1cd6c17a5aa81869ab7d08d479584be,risk_aligned_declaration_witness,0.3769999999999974,0.3769999999999969,13388.823280445116,13388.823280445116,0.0,2.984716127724107e-15,1.6653345369377348e-16,0.0,0.0,0.0,0.0,0.0,0.0,0,0.7505827235976024,0.7505827235976024,1.0,1.0,37,True
73,84,7092,2be9ba53c0d1806a1502dff5b57ef3767bd09fabf655634cb844d9f2ac2087c0,0,full_declared_day,153f2686a97e34b41099eda91952d787a1cd6c17a5aa81869ab7d08d479584be,153f2686a97e34b41099eda91952d787a1cd6c17a5aa81869ab7d08d479584be,risk_aligned_declaration_witness,0.3769999999999974,0.3769999999999969,13388.823280445116,13388.823280445116,0.0,2.984716127724107e-15,1.6653345369377348e-16,0.0,0.0,0.0,0.0,0.0,0.0,0,0.7505827235976024,0.7505827235976024,1.0,1.0,37,True
73,85,7093,2be9ba53c0d1806a1502dff5b57ef3767bd09fabf655634cb844d9f2ac2087c0,0,full_declared_day,153f2686a97e34b41099eda91952d787a1cd6c17a5aa81869ab7d08d479584be,153f2686a97e34b41099eda91952d787a1cd6c17a5aa81869ab7d08d479584be,risk_aligned_declaration_witness,0.3609999999999974,0.3609999999999969,13388.729313232816,13388.729313232816,0.0,2.984716127724107e-15,1.6653345369377348e-16,0.0,0.0,0.0,0.0,0.0,0.0,0,0.7505837635097391,0.7505837635097391,1.0000000000000004,1.0000000000000004,37,True
73,86,7094,2be9ba53c0d1806a1502dff5b57ef3767bd09fabf655634cb844d9f2ac2087c0,0,full_declared_day,153f2686a97e34b41099eda91952d787a1cd6c17a5aa81869ab7d08d479584be,153f2686a97e34b41099eda91952d787a1cd6c17a5aa81869ab7d08d479584be,risk_aligned_declaration_witness,0.3609999999999974,0.3609999999999969,13388.729313232816,13388.729313232816,0.0,2.984716127724107e-15,1.6653345369377348e-16,0.0,0.0,0.0,0.0,0.0,0.0,0,0.7505837635097391,0.7505837635097391,1.0000000000000004,1.0000000000000004,37,True
73,87,7095,2be9ba53c0d1806a1502dff5b57ef3767bd09fabf655634cb844d9f2ac2087c0,0,full_declared_day,153f2686a97e34b41099eda91952d787a1cd6c17a5aa81869ab7d08d479584be,153f2686a97e34b41099eda91952d787a1cd6c17a5aa81869ab7d08d479584be,risk_aligned_declaration_witness,0.3609999999999974,0.3609999999999969,13388.729313232816,13388.729313232816,0.0,2.984716127724107e-15,1.6653345369377348e-16,0.0,0.0,0.0,0.0,0.0,0.0,0,0.7505837635097391,0.7505837635097391,1.0000000000000004,1.0000000000000004,37,True
73,88,7096,2be9ba53c0d1806a1502dff5b57ef3767bd09fabf655634cb844d9f2ac2087c0,0,full_declared_day,153f2686a97e34b41099eda91952d787a1cd6c17a5aa81869ab7d08d479584be,153f2686a97e34b41099eda91952d787a1cd6c17a5aa81869ab7d08d479584be,risk_aligned_declaration_witness,0.3219999999999974,0.3219999999999968,13388.506215877069,13388.506215877069,0.0,2.984716127724107e-15,1.6653345369377348e-16,0.0,0.0,0.0,0.0,0.0,0.0,0,0.7505863632900793,0.7505863632900793,1.0,1.0,37,True
73,89,7097,2be9ba53c0d1806a1502dff5b57ef3767bd09fabf655634cb844d9f2ac2087c0,0,full_declared_day,153f2686a97e34b41099eda91952d787a1cd6c17a5aa81869ab7d08d479584be,153f2686a97e34b41099eda91952d787a1cd6c17a5aa81869ab7d08d479584be,risk_aligned_declaration_witness,0.3059999999999974,0.3059999999999968,13388.412248664768,13388.412248664768,0.0,2.984716127724107e-15,1.6653345369377348e-16,0.0,0.0,0.0,0.0,0.0,0.0,0,0.7505874032022157,0.7505874032022157,1.0,1.0,37,True
73,90,7098,2be9ba53c0d1806a1502dff5b57ef3767bd09fabf655634cb844d9f2ac2087c0,0,full_declared_day,153f2686a97e34b41099eda91952d787a1cd6c17a5aa81869ab7d08d479584be,153f2686a97e34b41099eda91952d787a1cd6c17a5aa81869ab7d08d479584be,risk_aligned_declaration_witness,0.3079999999999974,0.3079999999999968,13388.420826610767,13388.420826610767,0.0,2.984716127724107e-15,1.6653345369377348e-16,0.0,0.0,0.0,0.0,0.0,0.0,0,0.7505869156525515,0.7505869156525515,1.0,1.0,37,True
73,91,7099,2be9ba53c0d1806a1502dff5b57ef3767bd09fabf655634cb844d9f2ac2087c0,0,full_declared_day,153f2686a97e34b41099eda91952d787a1cd6c17a5aa81869ab7d08d479584be,153f2686a97e34b41099eda91952d787a1cd6c17a5aa81869ab7d08d479584be,risk_aligned_declaration_witness,0.3119999999999974,0.3079999999999968,13388.451850115842,13388.420826610767,0.0310235050746996,0.031023505075003,0.0010000000000001,0.0,0.0,0.0,0.0310235050746996,0.0310235050746996,0.0310235050746996,0,0.7505869156525514,0.7505869156525515,1.0,1.0,37,True
73,92,7100,2be9ba53c0d1806a1502dff5b57ef3767bd09fabf655634cb844d9f2ac2087c0,0,full_declared_day,153f2686a97e34b41099eda91952d787a1cd6c17a5aa81869ab7d08d479584be,153f2686a97e34b41099eda91952d787a1cd6c17a5aa81869ab7d08d479584be,risk_aligned_declaration_witness,0.3099999999999974,0.3099999999999968,13388.443272169843,13388.443272169843,0.0,2.984716127724107e-15,1.6653345369377348e-16,0.0,0.0,0.0,0.0,0.0,0.0,0,0.7505874032022156,0.7505874032022156,1.0,1.0,37,True
73,93,7101,2be9ba53c0d1806a1502dff5b57ef3767bd09fabf655634cb844d9f2ac2087c0,0,full_declared_day,153f2686a97e34b41099eda91952d787a1cd6c17a5aa81869ab7d08d479584be,153f2686a97e34b41099eda91952d787a1cd6c17a5aa81869ab7d08d479584be,risk_aligned_declaration_witness,0.3059999999999974,0.3099999999999968,13388.412248664768,13388.443272169843,-0.0310235050746996,-0.031023505074997,1.3877787807814454e-16,0.0,0.0,0.0,-0.0310235050746996,-0.0310235050746996,0.0,1,0.7505874032022157,0.7505874032022156,1.0,1.0,37,True
73,94,7102,2be9ba53c0d1806a1502dff5b57ef3767bd09fabf655634cb844d9f2ac2087c0,0,full_declared_day,153f2686a97e34b41099eda91952d787a1cd6c17a5aa81869ab7d08d479584be,153f2686a97e34b41099eda91952d787a1cd6c17a5aa81869ab7d08d479584be,risk_aligned_declaration_witness,0.3059999999999974,0.3059999999999968,13388.412248664768,13388.412248664768,0.0,2.984716127724107e-15,1.6653345369377348e-16,0.0,0.0,0.0,0.0,0.0,0.0,0,0.7505874032022157,0.7505874032022157,1.0,1.0,37,True
73,95,7103,2be9ba53c0d1806a1502dff5b57ef3767bd09fabf655634cb844d9f2ac2087c0,0,full_declared_day,153f2686a97e34b41099eda91952d787a1cd6c17a5aa81869ab7d08d479584be,153f2686a97e34b41099eda91952d787a1cd6c17a5aa81869ab7d08d479584be,risk_aligned_declaration_witness,0.3079999999999974,0.3059999999999968,13388.435890014767,13388.412248664768,0.0236413499987975,0.023641350000003,0.0005000000000001,0.0,0.0,0.0,0.0236413499987975,0.0236413499987975,0.0236413499987975,0,0.7505874032022156,0.7505874032022157,1.0,1.0,37,True
74,0,7104,2be9ba53c0d1806a1502dff5b57ef3767bd09fabf655634cb844d9f2ac2087c0,0,full_declared_day,153f2686a97e34b41099eda91952d787a1cd6c17a5aa81869ab7d08d479584be,153f2686a97e34b41099eda91952d787a1cd6c17a5aa81869ab7d08d479584be,risk_aligned_declaration_witness,0.3119999999999974,0.3119999999999968,13388.450654324915,13388.450654324915,0.0,2.984716127724107e-15,1.6653345369377348e-16,0.0,0.0,0.0,0.0,0.0,0.0,0,0.7505873707958116,0.7505873707958116,1.0,1.0,37,True
74,1,7105,2be9ba53c0d1806a1502dff5b57ef3767bd09fabf655634cb844d9f2ac2087c0,0,full_declared_day,153f2686a97e34b41099eda91952d787a1cd6c17a5aa81869ab7d08d479584be,153f2686a97e34b41099eda91952d787a1cd6c17a5aa81869ab7d08d479584be,risk_aligned_declaration_witness,0.3199999999999974,0.3219999999999968,13388.475042825065,13388.498684175069,-0.0236413500024355,-0.023641349999997,1.3877787807814454e-16,0.0,0.0,0.0,-0.0236413500024355,-0.0236413500024355,0.0,1,0.7505861033120452,0.7505861033120452,1.0,1.0,37,True
74,2,7106,2be9ba53c0d1806a1502dff5b57ef3767bd09fabf655634cb844d9f2ac2087c0,0,full_declared_day,153f2686a97e34b41099eda91952d787a1cd6c17a5aa81869ab7d08d479584be,153f2686a97e34b41099eda91952d787a1cd6c17a5aa81869ab7d08d479584be,risk_aligned_declaration_witness,0.3199999999999974,0.3199999999999968,13388.491302019993,13388.491302019993,0.0,2.984716127724107e-15,1.6653345369377348e-16,0.0,0.0,0.0,0.0,0.0,0.0,0,0.7505861357184492,0.7505861357184492,1.0,1.0,37,True
74,3,7107,2be9ba53c0d1806a1502dff5b57ef3767bd09fabf655634cb844d9f2ac2087c0,0,full_declared_day,153f2686a97e34b41099eda91952d787a1cd6c17a5aa81869ab7d08d479584be,153f2686a97e34b41099eda91952d787a1cd6c17a5aa81869ab7d08d479584be,risk_aligned_declaration_witness,0.3159999999999974,0.3159999999999968,13388.45908272399,13388.45908272399,0.0,2.984716127724107e-15,1.6653345369377348e-16,0.0,0.0,0.0,0.0,0.0,0.0,0,0.7505866232681133,0.7505866232681133,1.0,1.0,37,True
74,4,7108,2be9ba53c0d1806a1502dff5b57ef3767bd09fabf655634cb844d9f2ac2087c0,0,full_declared_day,153f2686a97e34b41099eda91952d787a1cd6c17a5aa81869ab7d08d479584be,153f2686a97e34b41099eda91952d787a1cd6c17a5aa81869ab7d08d479584be,risk_aligned_declaration_witness,0.3239999999999974,0.3239999999999968,13388.514195927604,13388.514195927604,0.0,2.984716127724107e-15,1.6653345369377348e-16,0.0,0.0,0.0,0.0,0.0,0.0,0,0.7505861033120457,0.7505861033120457,1.0000000000000004,1.0000000000000004,37,True
74,5,7109,2be9ba53c0d1806a1502dff5b57ef3767bd09fabf655634cb844d9f2ac2087c0,0,full_declared_day,153f2686a97e34b41099eda91952d787a1cd6c17a5aa81869ab7d08d479584be,153f2686a97e34b41099eda91952d787a1cd6c17a5aa81869ab7d08d479584be,risk_aligned_declaration_witness,0.3249999999999974,0.3249999999999968,13388.518484900604,13388.518484900604,0.0,2.984716127724107e-15,1.6653345369377348e-16,0.0,0.0,0.0,0.0,0.0,0.0,0,0.7505858595372137,0.7505858595372137,1.0000000000000004,1.0000000000000004,37,True
74,6,7110,2be9ba53c0d1806a1502dff5b57ef3767bd09fabf655634cb844d9f2ac2087c0,0,full_declared_day,153f2686a97e34b41099eda91952d787a1cd6c17a5aa81869ab7d08d479584be,153f2686a97e34b41099eda91952d787a1cd6c17a5aa81869ab7d08d479584be,risk_aligned_declaration_witness,0.3269999999999974,0.3269999999999968,13388.518933249145,13388.518933249145,0.0,2.984716127724107e-15,1.6653345369377348e-16,0.0,0.0,0.0,0.0,0.0,0.0,0,0.7505853719875495,0.7505853719875495,1.0000000000000004,1.0000000000000004,37,True
74,7,7111,2be9ba53c0d1806a1502dff5b57ef3767bd09fabf655634cb844d9f2ac2087c0,0,full_declared_day,153f2686a97e34b41099eda91952d787a1cd6c17a5aa81869ab7d08d479584be,153f2686a97e34b41099eda91952d787a1cd6c17a5aa81869ab7d08d479584be,risk_aligned_declaration_witness,0.3309999999999974,0.3269999999999968,13388.53369755929,13388.518933249145,0.0147643101481662,0.0147643101500029,0.0010000000000001,0.0,0.0,0.0,0.0147643101481662,0.0147643101481662,0.0147643101481662,0,0.7505853719875495,0.7505853719875495,1.0000000000000002,1.0000000000000004,37,True
74,8,7112,2be9ba53c0d1806a1502dff5b57ef3767bd09fabf655634cb844d9f2ac2087c0,0,full_declared_day,153f2686a97e34b41099eda91952d787a1cd6c17a5aa81869ab7d08d479584be,153f2686a97e34b41099eda91952d787a1cd6c17a5aa81869ab7d08d479584be,risk_aligned_declaration_witness,0.3339999999999974,0.3359999999999968,13388.54656447829,13388.553946633368,-0.0073821550759021,-0.007382155074997,1.6653345369377348e-16,0.0622503499333885,0.0,0.0,-0.0073821550759021,-0.0073821550759021,0.0,1,0.7505846082566493,0.7505846082566493,1.0000000000000002,1.0000000000000002,37,True
74,9,7113,2be9ba53c0d1806a1502dff5b57ef3767bd09fabf655634cb844d9f2ac2087c0,0,full_declared_day,153f2686a97e34b41099eda91952d787a1cd6c17a5aa81869ab7d08d479584be,153f2686a97e34b41099eda91952d787a1cd6c17a5aa81869ab7d08d479584be,risk_aligned_declaration_witness,0.3329999999999974,0.3349999999999968,13388.542275505291,13388.549657660364,-0.0073821550740831,-0.007382155074997,1.6653345369377348e-16,0.0733613647309227,0.0,0.0,-0.0073821550740831,-0.0073821550740831,0.0,1,0.7505848520314813,0.7505848520314812,1.0000000000000002,1.0000000000000002,37,True
74,10,7114,2be9ba53c0d1806a1502dff5b57ef3767bd09fabf655634cb844d9f2ac2087c0,0,full_declared_day,153f2686a97e34b41099eda91952d787a1cd6c17a5aa81869ab7d08d479584be,153f2686a97e34b41099eda91952d787a1cd6c17a5aa81869ab7d08d479584be,risk_aligned_declaration_witness,0.3299999999999974,0.3299999999999968,13388.538136079216,13388.538136079216,0.0,2.984716127724107e-15,1.6653345369377348e-16,0.0473958642100282,0.0,0.0,0.0,0.0,0.0,0,0.7505853719875495,0.7505853719875495,1.0000000000000002,1.0000000000000002,37,True
74,11,7115,2be9ba53c0d1806a1502dff5b57ef3767bd09fabf655634cb844d9f2ac2087c0,0,full_declared_day,153f2686a97e34b41099eda91952d787a1cd6c17a5aa81869ab7d08d479584be,153f2686a97e34b41099eda91952d787a1cd6c17a5aa81869ab7d08d479584be,risk_aligned_declaration_witness,0.3269999999999974,0.3269999999999968,13388.533996653145,13388.533996653145,0.0,2.984716127724107e-15,1.6653345369377348e-16,0.0,0.0,0.0,0.0,0.0,0.0,0,0.7505858595372136,0.7505858595372136,1.0000000000000004,1.0000000000000004,37,True
74,12,7116,2be9ba53c0d1806a1502dff5b57ef3767bd09fabf655634cb844d9f2ac2087c0,0,full_declared_day,153f2686a97e34b41099eda91952d787a1cd6c17a5aa81869ab7d08d479584be,153f2686a97e34b41099eda91952d787a1cd6c17a5aa81869ab7d08d479584be,risk_aligned_declaration_witness,0.3349999999999974,0.3269999999999968,13388.56352527344,13388.533996653145,0.0295286202981515,0.029528620300003,0.0020000000000001,0.0,0.0,0.0,0.0295286202981515,0.0295286202981515,0.0295286202981515,0,0.7505858595372136,0.7505858595372136,1.0000000000000002,1.0000000000000004,37,True
74,13,7117,2be9ba53c0d1806a1502dff5b57ef3767bd09fabf655634cb844d9f2ac2087c0,0,full_declared_day,153f2686a97e34b41099eda91952d787a1cd6c17a5aa81869ab7d08d479584be,153f2686a97e34b41099eda91952d787a1cd6c17a5aa81869ab7d08d479584be,risk_aligned_declaration_witness,0.3749999999999974,0.3249999999999968,13388.824982739416,13388.51035530314,0.3146274362752592,0.3146274362750029,0.0125000000000001,0.0,0.0,0.0,0.3146274362752592,0.3146274362752592,0.3146274362752592,0,0.7505856975051934,0.7505858595372136,1.0000000000000004,1.0000000000000004,37,True
74,14,7118,2be9ba53c0d1806a1502dff5b57ef3767bd09fabf655634cb844d9f2ac2087c0,0,full_declared_day,153f2686a97e34b41099eda91952d787a1cd6c17a5aa81869ab7d08d479584be,153f2686a97e34b41099eda91952d787a1cd6c17a5aa81869ab7d08d479584be,risk_aligned_declaration_witness,0.3829999999999974,0.3249999999999968,13388.859294523416,13388.51035530314,0.348939220275497,0.348939220275003,0.0145000000000001,0.0,0.0,0.0,0.348939220275497,0.348939220275497,0.348939220275497,0,0.7505837473065371,0.7505858595372136,1.0000000000000004,1.0000000000000004,37,True
74,15,7119,2be9ba53c0d1806a1502dff5b57ef3767bd09fabf655634cb844d9f2ac2087c0,0,full_declared_day,153f2686a97e34b41099eda91952d787a1cd6c17a5aa81869ab7d08d479584be,153f2686a97e34b41099eda91952d787a1cd6c17a5aa81869ab7d08d479584be,risk_aligned_declaration_witness,0.3529999999999974,0.3489999999999968,13388.61848863789,13388.603724327742,0.0147643101481662,0.0147643101500029,0.0010000000000001,0.0,0.0,0.0,0.0147643101481662,0.0147643101481662,0.0147643101481662,0,0.7505837473065371,0.7505837797129411,1.0000000000000002,1.0000000000000004,37,True
74,16,7120,2be9ba53c0d1806a1502dff5b57ef3767bd09fabf655634cb844d9f2ac2087c0,0,full_declared_day,153f2686a97e34b41099eda91952d787a1cd6c17a5aa81869ab7d08d479584be,153f2686a97e34b41099eda91952d787a1cd6c17a5aa81869ab7d08d479584be,risk_aligned_declaration_witness,0.3569999999999974,0.3529999999999968,13388.649512142963,13388.634747832815,0.0147643101481662,0.0147643101500029,0.0010000000000001,0.0,0.0,0.0,0.0147643101481662,0.0147643101481662,0.0147643101481662,0,0.750583747306537,0.7505837797129411,1.0000000000000002,1.0000000000000004,37,True
74,17,7121,2be9ba53c0d1806a1502dff5b57ef3767bd09fabf655634cb844d9f2ac2087c0,0,full_declared_day,153f2686a97e34b41099eda91952d787a1cd6c17a5aa81869ab7d08d479584be,153f2686a97e34b41099eda91952d787a1cd6c17a5aa81869ab7d08d479584be,risk_aligned_declaration_witness,0.3609999999999974,0.3589999999999969,13388.681731438966,13388.67434928389,0.0073821550759021,0.0073821550750029,0.0005000000000001,0.0,0.0,0.0,0.0073821550759021,0.0073821550759021,0.0073821550759021,0,0.750583227350469,0.750583259756873,1.0000000000000002,1.0000000000000002,37,True
74,18,7122,2be9ba53c0d1806a1502dff5b57ef3767bd09fabf655634cb844d9f2ac2087c0,0,full_declared_day,153f2686a97e34b41099eda91952d787a1cd6c17a5aa81869ab7d08d479584be,153f2686a97e34b41099eda91952d787a1cd6c17a5aa81869ab7d08d479584be,risk_aligned_declaration_witness,0.3629999999999974,0.3609999999999969,13388.690309384963,13388.681731438966,0.0085779459986952,0.0085779460000029,0.0005000000000001,0.0,0.0,0.0,0.0085779459986952,0.0085779459986952,0.0085779459986952,0,0.7505827398008048,0.750583227350469,1.0000000000000002,1.0000000000000002,37,True
74,19,7123,2be9ba53c0d1806a1502dff5b57ef3767bd09fabf655634cb844d9f2ac2087c0,0,full_declared_day,153f2686a97e34b41099eda91952d787a1cd6c17a5aa81869ab7d08d479584be,153f2686a97e34b41099eda91952d787a1cd6c17a5aa81869ab7d08d479584be,risk_aligned_declaration_witness,0.3579999999999974,0.4019999999999969,13388.688711087669,13388.981192058716,-0.2924809710493719,-0.2924809710499971,1.3877787807814457e-17,0.0024025040893672,0.0,0.0,-0.2924809710493719,-0.2924809710493719,0.0,1,0.7505824960259729,0.7505824636195687,1.0000000000000004,1.0000000000000002,37,True
74,20,7124,2be9ba53c0d1806a1502dff5b57ef3767bd09fabf655634cb844d9f2ac2087c0,0,full_declared_day,153f2686a97e34b41099eda91952d787a1cd6c17a5aa81869ab7d08d479584be,153f2686a97e34b41099eda91952d787a1cd6c17a5aa81869ab7d08d479584be,risk_aligned_declaration_witness,0.3539999999999974,0.4119999999999969,13388.69773767444,13389.043089521942,-0.3453518475016608,-0.3453518474999971,0.0,0.0271350295634131,0.0,0.0,-0.3453518475016608,-0.3453518475016608,0.0,1,0.7505828856296229,0.7505821712351307,1.0000000000000002,1.0000000000000002,37,True
74,21,7125,2be9ba53c0d1806a1502dff5b57ef3767bd09fabf655634cb844d9f2ac2087c0,0,full_declared_day,153f2686a97e34b41099eda91952d787a1cd6c17a5aa81869ab7d08d479584be,153f2686a97e34b41099eda91952d787a1cd6c17a5aa81869ab7d08d479584be,risk_aligned_declaration_witness,0.3499999999999974,0.3759999999999969,13388.686319798057,13388.787070977727,-0.1007511796724429,-0.1007511796749971,2.775557561562892e-17,0.0332840249533362,0.0,0.0,-0.1007511796724429,-0.1007511796724429,0.0,1,0.7505848034218752,0.7505826911911984,1.0000000000000002,1.0,37,True
74,22,7126,2be9ba53c0d1806a1502dff5b57ef3767bd09fabf655634cb844d9f2ac2087c0,0,full_declared_day,153f2686a97e34b41099eda91952d787a1cd6c17a5aa81869ab7d08d479584be,153f2686a97e34b41099eda91952d787a1cd6c17a5aa81869ab7d08d479584be,risk_aligned_declaration_witness,0.3499999999999974,0.3499999999999968,13388.694449395518,13388.694449395518,0.0,2.933492136876492e-15,1.6306400674181987e-16,0.0,0.0,0.0,0.0,0.0,0.0,0,0.7505848034218752,0.7505848034218752,1.0000000000000002,1.0000000000000002,37,True
74,23,7127,2be9ba53c0d1806a1502dff5b57ef3767bd09fabf655634cb844d9f2ac2087c0,0,full_declared_day,153f2686a97e34b41099eda91952d787a1cd6c17a5aa81869ab7d08d479584be,153f2686a97e34b41099eda91952d787a1cd6c17a5aa81869ab7d08d479584be,risk_aligned_declaration_witness,0.3449999999999974,0.3449999999999968,13388.652203110903,13388.652203110903,0.0,2.933492136876492e-15,1.6306400674181987e-16,0.0,0.0,0.0,0.0,0.0,0.0,0,0.7505845758502453,0.7505845758502453,1.0000000000000002,1.0000000000000002,37,True
74,24,7128,2be9ba53c0d1806a1502dff5b57ef3767bd09fabf655634cb844d9f2ac2087c0,0,full_declared_day,153f2686a97e34b41099eda91952d787a1cd6c17a5aa81869ab7d08d479584be,153f2686a97e34b41099eda91952d787a1cd6c17a5aa81869ab7d08d479584be,risk_aligned_declaration_witness,0.3359999999999974,0.3339999999999968,13388.592800934292,13388.569159584293,0.0236413499987975,0.0236413500000029,0.0005000000000001,0.0,0.0,0.0,0.0236413499987975,0.0236413499987975,0.0236413499987975,0,0.7505853233779434,0.7505853233779435,1.0000000000000002,1.0000000000000002,37,True
74,25,7129,2be9ba53c0d1806a1502dff5b57ef3767bd09fabf655634cb844d9f2ac2087c0,0,full_declared_day,153f2686a97e34b41099eda91952d787a1cd6c17a5aa81869ab7d08d479584be,153f2686a97e34b41099eda91952d787a1cd6c17a5aa81869ab7d08d479584be,risk_aligned_declaration_witness,0.3359999999999974,0.3299999999999968,13388.583475545904,13388.545069885751,0.0384056601506017,0.0384056601500029,0.0015000000000001,0.0,0.0,0.0,0.0384056601506017,0.0384056601506017,0.0384056601506017,0,0.7505857947244056,0.7505858271308096,1.0000000000000002,1.0000000000000002,37,True
74,26,7130,2be9ba53c0d1806a1502dff5b57ef3767bd09fabf655634cb844d9f2ac2087c0,0,full_declared_day,153f2686a97e34b41099eda91952d787a1cd6c17a5aa81869ab7d08d479584be,153f2686a97e34b41099eda91952d787a1cd6c17a5aa81869ab7d08d479584be,risk_aligned_declaration_witness,0.3339999999999974,0.3299999999999968,13388.559834195905,13388.545069885751,0.0147643101499852,0.0147643101500029,0.0010000000000001,0.0,0.0,0.0,0.0147643101499852,0.0147643101499852,0.0147643101499852,0,0.7505857947244055,0.7505858271308096,1.0000000000000002,1.0000000000000002,37,True
74,27,7131,2be9ba53c0d1806a1502dff5b57ef3767bd09fabf655634cb844d9f2ac2087c0,0,full_declared_day,153f2686a97e34b41099eda91952d787a1cd6c17a5aa81869ab7d08d479584be,153f2686a97e34b41099eda91952d787a1cd6c17a5aa81869ab7d08d479584be,risk_aligned_declaration_witness,0.3339999999999974,0.3339999999999968,13388.577289181754,13388.577289181754,0.0,2.933492136876492e-15,1.6306400674181987e-16,0.0,0.0,0.0,0.0,0.0,0.0,0,0.7505853395811454,0.7505853395811454,1.0000000000000002,1.0000000000000002,37,True
74,28,7132,2be9ba53c0d1806a1502dff5b57ef3767bd09fabf655634cb844d9f2ac2087c0,0,full_declared_day,153f2686a97e34b41099eda91952d787a1cd6c17a5aa81869ab7d08d479584be,153f2686a97e34b41099eda91952d787a1cd6c17a5aa81869ab7d08d479584be,risk_aligned_declaration_witness,0.3339999999999974,0.3399999999999968,13388.577289181754,13388.615694841905,-0.0384056601506017,-0.0384056601499971,1.3877787807814457e-17,0.0538575844384968,0.0,0.0,-0.0384056601506017,-0.0384056601506017,0.0,1,0.7505853395811454,0.7505853071747414,1.0000000000000002,1.0000000000000002,37,True
74,29,7133,2be9ba53c0d1806a1502dff5b57ef3767bd09fabf655634cb844d9f2ac2087c0,0,full_declared_day,153f2686a97e34b41099eda91952d787a1cd6c17a5aa81869ab7d08d479584be,153f2686a97e34b41099eda91952d787a1cd6c17a5aa81869ab7d08d479584be,risk_aligned_declaration_witness,0.3349999999999974,0.3409999999999968,13388.589109856754,13388.627515516906,-0.0384056601524207,-0.0384056601499971,1.3877787807814457e-17,0.0632968458334388,0.0,0.0,-0.0384056601524207,-0.0384056601524207,0.0,1,0.7505853395811454,0.7505853071747413,1.0000000000000002,1.0000000000000002,37,True
74,30,7134,2be9ba53c0d1806a1502dff5b57ef3767bd09fabf655634cb844d9f2ac2087c0,0,full_declared_day,153f2686a97e34b41099eda91952d787a1cd6c17a5aa81869ab7d08d479584be,153f2686a97e34b41099eda91952d787a1cd6c17a5aa81869ab7d08d479584be,risk_aligned_declaration_witness,0.3379999999999974,0.3379999999999968,13388.600183089366,13388.600183089366,0.0,2.933492136876492e-15,1.6306400674181987e-16,0.069612906621701,0.0,0.0,0.0,0.0,0.0,0,0.7505853233779434,0.7505853233779434,1.0000000000000002,1.0000000000000002,37,True
74,31,7135,2be9ba53c0d1806a1502dff5b57ef3767bd09fabf655634cb844d9f2ac2087c0,0,full_declared_day,153f2686a97e34b41099eda91952d787a1cd6c17a5aa81869ab7d08d479584be,153f2686a97e34b41099eda91952d787a1cd6c17a5aa81869ab7d08d479584be,risk_aligned_declaration_witness,0.3429999999999974,0.3429999999999968,13388.621627954366,13388.621627954366,0.0,2.933492136876492e-15,1.6306400674181987e-16,0.0,0.0,0.0,0.0,0.0,0.0,0,0.7505841207069851,0.7505841207069851,1.0000000000000002,1.0000000000000002,37,True
74,32,7136,2be9ba53c0d1806a1502dff5b57ef3767bd09fabf655634cb844d9f2ac2087c0,0,full_declared_day,153f2686a97e34b41099eda91952d787a1cd6c17a5aa81869ab7d08d479584be,153f2686a97e34b41099eda91952d787a1cd6c17a5aa81869ab7d08d479584be,risk_aligned_declaration_witness,0.3389999999999974,0.3389999999999968,13388.596940360369,13388.596940360369,0.0,2.933492136876492e-15,1.6306400674181987e-16,0.0,0.0,0.0,0.0,0.0,0.0,0,0.7505848520314812,0.7505848520314812,1.0000000000000002,1.0000000000000002,37,True
74,33,7137,2be9ba53c0d1806a1502dff5b57ef3767bd09fabf655634cb844d9f2ac2087c0,0,full_declared_day,153f2686a97e34b41099eda91952d787a1cd6c17a5aa81869ab7d08d479584be,153f2686a97e34b41099eda91952d787a1cd6c17a5aa81869ab7d08d479584be,risk_aligned_declaration_witness,0.3359999999999974,0.3359999999999968,13388.58467133683,13388.58467133683,0.0,2.933492136876492e-15,1.6306400674181987e-16,0.0,0.0,0.0,0.0,0.0,0.0,0,0.7505853395811454,0.7505853395811454,1.0000000000000002,1.0000000000000002,37,True
74,34,7138,2be9ba53c0d1806a1502dff5b57ef3767bd09fabf655634cb844d9f2ac2087c0,0,full_declared_day,153f2686a97e34b41099eda91952d787a1cd6c17a5aa81869ab7d08d479584be,153f2686a97e34b41099eda91952d787a1cd6c17a5aa81869ab7d08d479584be,risk_aligned_declaration_witness,0.3309999999999974,0.3309999999999968,13388.557488456216,13388.557488456216,0.0,2.933492136876492e-15,1.6306400674181987e-16,0.0,0.0,0.0,0.0,0.0,0.0,0,0.7505855995591796,0.7505855995591796,1.0000000000000002,1.0000000000000002,37,True
74,35,7139,2be9ba53c0d1806a1502dff5b57ef3767bd09fabf655634cb844d9f2ac2087c0,0,full_declared_day,153f2686a97e34b41099eda91952d787a1cd6c17a5aa81869ab7d08d479584be,153f2686a97e34b41099eda91952d787a1cd6c17a5aa81869ab7d08d479584be,risk_aligned_declaration_witness,0.3289999999999974,0.3289999999999968,13388.533847106217,13388.533847106217,0.0,2.933492136876492e-15,1.6306400674181987e-16,0.0,0.0,0.0,0.0,0.0,0.0,0,0.7505855995591796,0.7505855995591796,1.0000000000000002,1.0000000000000002,37,True
74,36,7140,2be9ba53c0d1806a1502dff5b57ef3767bd09fabf655634cb844d9f2ac2087c0,0,full_declared_day,153f2686a97e34b41099eda91952d787a1cd6c17a5aa81869ab7d08d479584be,153f2686a97e34b41099eda91952d787a1cd6c17a5aa81869ab7d08d479584be,risk_aligned_declaration_witness,0.3419999999999974,0.3419999999999968,13388.623674892442,13388.623674892442,0.0,2.933492136876492e-15,1.6306400674181987e-16,0.0,0.0,0.0,0.0,0.0,0.0,0,0.7505850309935054,0.7505850309935054,1.0000000000000002,1.0000000000000002,37,True
74,37,7141,2be9ba53c0d1806a1502dff5b57ef3767bd09fabf655634cb844d9f2ac2087c0,0,full_declared_day,153f2686a97e34b41099eda91952d787a1cd6c17a5aa81869ab7d08d479584be,153f2686a97e34b41099eda91952d787a1cd6c17a5aa81869ab7d08d479584be,risk_aligned_declaration_witness,0.3439999999999974,0.3439999999999968,13388.615993643516,13388.615993643516,0.0,2.933492136876492e-15,1.6306400674181987e-16,0.0125006829555769,0.0,0.0,0.0,0.0,0.0,0,0.7505845434438408,0.7505845434438408,1.0,1.0,37,True
74,38,7142,2be9ba53c0d1806a1502dff5b57ef3767bd09fabf655634cb844d9f2ac2087c0,0,full_declared_day,153f2686a97e34b41099eda91952d787a1cd6c17a5aa81869ab7d08d479584be,153f2686a97e34b41099eda91952d787a1cd6c17a5aa81869ab7d08d479584be,risk_aligned_declaration_witness,0.3439999999999974,0.3439999999999968,13388.615993643516,13388.615993643516,0.0,2.933492136876492e-15,1.6306400674181987e-16,0.0070003872882118,0.0,0.0,0.0,0.0,0.0,0,0.7505845434438408,0.7505845434438408,1.0,1.0,37,True
74,39,7143,2be9ba53c0d1806a1502dff5b57ef3767bd09fabf655634cb844d9f2ac2087c0,0,full_declared_day,153f2686a97e34b41099eda91952d787a1cd6c17a5aa81869ab7d08d479584be,153f2686a97e34b41099eda91952d787a1cd6c17a5aa81869ab7d08d479584be,risk_aligned_declaration_witness,0.3399999999999974,0.3399999999999968,13388.59250184044,13388.59250184044,0.0,2.933492136876492e-15,1.6306400674181987e-16,0.0,0.0,0.0,0.0,0.0,0.0,0,0.7505848034218752,0.7505848034218752,1.0000000000000002,1.0000000000000002,37,True
74,40,7144,2be9ba53c0d1806a1502dff5b57ef3767bd09fabf655634cb844d9f2ac2087c0,0,full_declared_day,153f2686a97e34b41099eda91952d787a1cd6c17a5aa81869ab7d08d479584be,153f2686a97e34b41099eda91952d787a1cd6c17a5aa81869ab7d08d479584be,risk_aligned_declaration_witness,0.3269999999999974,0.3269999999999968,13388.519531144604,13388.519531144604,0.0,2.933492136876492e-15,1.6306400674181987e-16,0.0,0.0,0.0,0.0,0.0,0.0,0,0.750585112009515,0.750585112009515,1.0,1.0,37,True
74,41,7145,2be9ba53c0d1806a1502dff5b57ef3767bd09fabf655634cb844d9f2ac2087c0,0,full_declared_day,153f2686a97e34b41099eda91952d787a1cd6c17a5aa81869ab7d08d479584be,153f2686a97e34b41099eda91952d787a1cd6c17a5aa81869ab7d08d479584be,risk_aligned_declaration_witness,0.3209999999999974,0.3209999999999968,13388.487461395527,13388.487461395527,0.0,2.933492136876492e-15,1.6306400674181987e-16,0.0620791269946908,0.0,0.0,0.0,0.0,0.0,0,0.7505858433340117,0.7505858433340117,1.0000000000000004,1.0000000000000004,37,True
74,42,7146,2be9ba53c0d1806a1502dff5b57ef3767bd09fabf655634cb844d9f2ac2087c0,0,full_declared_day,153f2686a97e34b41099eda91952d787a1cd6c17a5aa81869ab7d08d479584be,153f2686a97e34b41099eda91952d787a1cd6c17a5aa81869ab7d08d479584be,risk_aligned_declaration_witness,0.3179999999999974,0.3179999999999968,13388.475790267454,13388.475790267454,0.0,2.933492136876492e-15,1.6306400674181987e-16,0.0726606312749206,0.0,0.0,0.0,0.0,0.0,0,0.7505861195152473,0.7505861195152473,1.0,1.0,37,True
74,43,7147,2be9ba53c0d1806a1502dff5b57ef3767bd09fabf655634cb844d9f2ac2087c0,0,full_declared_day,153f2686a97e34b41099eda91952d787a1cd6c17a5aa81869ab7d08d479584be,153f2686a97e34b41099eda91952d787a1cd6c17a5aa81869ab7d08d479584be,risk_aligned_declaration_witness,0.3239999999999974,0.3239999999999968,13388.507262121066,13388.507262121066,0.0,2.933492136876492e-15,1.6306400674181987e-16,0.0258067768074672,0.0,0.0,0.0,0.0,0.0,0,0.7505855995591796,0.7505855995591796,1.0000000000000004,1.0000000000000004,37,True
74,44,7148,2be9ba53c0d1806a1502dff5b57ef3767bd09fabf655634cb844d9f2ac2087c0,0,full_declared_day,153f2686a97e34b41099eda91952d787a1cd6c17a5aa81869ab7d08d479584be,153f2686a97e34b41099eda91952d787a1cd6c17a5aa81869ab7d08d479584be,risk_aligned_declaration_witness,0.3279999999999974,0.3279999999999968,13388.53075392414,13388.53075392414,0.0,2.933492136876492e-15,1.6306400674181987e-16,0.0,0.0,0.0,0.0,0.0,0.0,0,0.750585339581145,0.750585339581145,1.0,1.0,37,True
74,45,7149,2be9ba53c0d1806a1502dff5b57ef3767bd09fabf655634cb844d9f2ac2087c0,0,full_declared_day,153f2686a97e34b41099eda91952d787a1cd6c17a5aa81869ab7d08d479584be,153f2686a97e34b41099eda91952d787a1cd6c17a5aa81869ab7d08d479584be,risk_aligned_declaration_witness,0.3319999999999974,0.3319999999999968,13388.578036624143,13388.578036624143,0.0,2.933492136876492e-15,1.6306400674181987e-16,0.0151630418207949,0.0,0.0,0.0,0.0,0.0,0,0.750585339581145,0.750585339581145,1.0,1.0,37,True
74,46,7150,2be9ba53c0d1806a1502dff5b57ef3767bd09fabf655634cb844d9f2ac2087c0,0,full_declared_day,153f2686a97e34b41099eda91952d787a1cd6c17a5aa81869ab7d08d479584be,153f2686a97e34b41099eda91952d787a1cd6c17a5aa81869ab7d08d479584be,risk_aligned_declaration_witness,0.3289999999999974,0.3289999999999968,13388.542574599142,13388.542574599142,0.0,2.933492136876492e-15,1.6306400674181987e-16,0.0151571186473014,0.0,0.0,0.0,0.0,0.0,0,0.750585339581145,0.750585339581145,1.0,1.0,37,True
74,47,7151,2be9ba53c0d1806a1502dff5b57ef3767bd09fabf655634cb844d9f2ac2087c0,0,full_declared_day,153f2686a97e34b41099eda91952d787a1cd6c17a5aa81869ab7d08d479584be,153f2686a97e34b41099eda91952d787a1cd6c17a5aa81869ab7d08d479584be,risk_aligned_declaration_witness,0.3309999999999974,0.3309999999999968,13388.558684247142,13388.558684247142,0.0,2.933492136876492e-15,1.6306400674181987e-16,0.0,0.0,0.0,0.0,0.0,0.0,0,0.750585095806313,0.750585095806313,1.0,1.0,37,True
74,48,7152,2be9ba53c0d1806a1502dff5b57ef3767bd09fabf655634cb844d9f2ac2087c0,0,full_declared_day,153f2686a97e34b41099eda91952d787a1cd6c17a5aa81869ab7d08d479584be,153f2686a97e34b41099eda91952d787a1cd6c17a5aa81869ab7d08d479584be,risk_aligned_declaration_witness,0.3299999999999974,0.3299999999999968,13388.55439527414,13388.55439527414,0.0,2.933492136876492e-15,1.6306400674181987e-16,0.0,0.0,0.0,0.0,0.0,0.0,0,0.750585339581145,0.750585339581145,1.0,1.0,37,True
74,49,7153,2be9ba53c0d1806a1502dff5b57ef3767bd09fabf655634cb844d9f2ac2087c0,0,full_declared_day,153f2686a97e34b41099eda91952d787a1cd6c17a5aa81869ab7d08d479584be,153f2686a97e34b41099eda91952d787a1cd6c17a5aa81869ab7d08d479584be,risk_aligned_declaration_witness,0.3229999999999974,0.3229999999999968,13388.49603934153,13388.49603934153,0.0,2.933492136876492e-15,1.6306400674181987e-16,0.0,0.0,0.0,0.0,0.0,0.0,0,0.7505853557843475,0.7505853557843475,1.0000000000000004,1.0000000000000004,37,True
74,50,7154,2be9ba53c0d1806a1502dff5b57ef3767bd09fabf655634cb844d9f2ac2087c0,0,full_declared_day,153f2686a97e34b41099eda91952d787a1cd6c17a5aa81869ab7d08d479584be,153f2686a97e34b41099eda91952d787a1cd6c17a5aa81869ab7d08d479584be,risk_aligned_declaration_witness,0.3269999999999974,0.3269999999999968,13388.518933249145,13388.518933249145,0.0,2.933492136876492e-15,1.6306400674181987e-16,0.0,0.0,0.0,0.0,0.0,0.0,0,0.7505853557843475,0.7505853557843475,1.0000000000000004,1.0000000000000004,37,True
74,51,7155,2be9ba53c0d1806a1502dff5b57ef3767bd09fabf655634cb844d9f2ac2087c0,0,full_declared_day,153f2686a97e34b41099eda91952d787a1cd6c17a5aa81869ab7d08d479584be,153f2686a97e34b41099eda91952d787a1cd6c17a5aa81869ab7d08d479584be,risk_aligned_declaration_witness,0.3219999999999974,0.3219999999999968,13388.491152473069,13388.491152473069,0.0,2.933492136876492e-15,1.6306400674181987e-16,0.0,0.0,0.0,0.0,0.0,0.0,0,0.7505858595372131,0.7505858595372131,1.0,1.0,37,True
74,52,7156,2be9ba53c0d1806a1502dff5b57ef3767bd09fabf655634cb844d9f2ac2087c0,0,full_declared_day,153f2686a97e34b41099eda91952d787a1cd6c17a5aa81869ab7d08d479584be,153f2686a97e34b41099eda91952d787a1cd6c17a5aa81869ab7d08d479584be,risk_aligned_declaration_witness,0.3159999999999974,0.3159999999999968,13388.467810216916,13388.467810216916,0.0,2.933492136876492e-15,1.6306400674181987e-16,0.0,0.0,0.0,0.0,0.0,0.0,0,0.7505863794932813,0.7505863794932813,1.0,1.0,37,True
74,53,7157,2be9ba53c0d1806a1502dff5b57ef3767bd09fabf655634cb844d9f2ac2087c0,0,full_declared_day,153f2686a97e34b41099eda91952d787a1cd6c17a5aa81869ab7d08d479584be,153f2686a97e34b41099eda91952d787a1cd6c17a5aa81869ab7d08d479584be,risk_aligned_declaration_witness,0.3139999999999974,0.3139999999999968,13388.444168866918,13388.444168866918,0.0,2.933492136876492e-15,1.6306400674181987e-16,0.0,0.0,0.0,0.0,0.0,0.0,0,0.7505863794932813,0.7505863794932813,1.0,1.0,37,True
74,54,7158,2be9ba53c0d1806a1502dff5b57ef3767bd09fabf655634cb844d9f2ac2087c0,0,full_declared_day,153f2686a97e34b41099eda91952d787a1cd6c17a5aa81869ab7d08d479584be,153f2686a97e34b41099eda91952d787a1cd6c17a5aa81869ab7d08d479584be,risk_aligned_declaration_witness,0.3119999999999974,0.3119999999999968,13388.436786711842,13388.436786711842,0.0,2.933492136876492e-15,1.6306400674181987e-16,0.0,0.0,0.0,0.0,0.0,0.0,0,0.7505863794932813,0.7505863794932813,1.0,1.0,37,True
74,55,7159,2be9ba53c0d1806a1502dff5b57ef3767bd09fabf655634cb844d9f2ac2087c0,0,full_declared_day,153f2686a97e34b41099eda91952d787a1cd6c17a5aa81869ab7d08d479584be,153f2686a97e34b41099eda91952d787a1cd6c17a5aa81869ab7d08d479584be,risk_aligned_declaration_witness,0.3099999999999974,0.3099999999999968,13388.429404556768,13388.429404556768,0.0,2.933492136876492e-15,1.6306400674181987e-16,0.0,0.0,0.0,0.0,0.0,0.0,0,0.7505864118996853,0.7505864118996853,1.0,1.0,37,True
74,56,7160,2be9ba53c0d1806a1502dff5b57ef3767bd09fabf655634cb844d9f2ac2087c0,0,full_declared_day,153f2686a97e34b41099eda91952d787a1cd6c17a5aa81869ab7d08d479584be,153f2686a97e34b41099eda91952d787a1cd6c17a5aa81869ab7d08d479584be,risk_aligned_declaration_witness,0.3099999999999974,0.3099999999999968,13388.429404556768,13388.429404556768,0.0,2.933492136876492e-15,1.6306400674181987e-16,0.0,0.0,0.0,0.0,0.0,0.0,0,0.7505864118996853,0.7505864118996853,1.0,1.0,37,True
74,57,7161,2be9ba53c0d1806a1502dff5b57ef3767bd09fabf655634cb844d9f2ac2087c0,0,full_declared_day,153f2686a97e34b41099eda91952d787a1cd6c17a5aa81869ab7d08d479584be,153f2686a97e34b41099eda91952d787a1cd6c17a5aa81869ab7d08d479584be,risk_aligned_declaration_witness,0.3079999999999974,0.3079999999999968,13388.420826610767,13388.420826610767,0.0,2.933492136876492e-15,1.6306400674181987e-16,0.0,0.0,0.0,0.0,0.0,0.0,0,0.7505868994493494,0.7505868994493494,1.0,1.0,37,True
74,58,7162,2be9ba53c0d1806a1502dff5b57ef3767bd09fabf655634cb844d9f2ac2087c0,0,full_declared_day,153f2686a97e34b41099eda91952d787a1cd6c17a5aa81869ab7d08d479584be,153f2686a97e34b41099eda91952d787a1cd6c17a5aa81869ab7d08d479584be,risk_aligned_declaration_witness,0.2939999999999974,0.2939999999999968,13388.335437344464,13388.335437344464,0.0,2.933492136876492e-15,1.6306400674181987e-16,0.0,0.0,0.0,0.0,0.0,0.0,0,0.750587451811822,0.750587451811822,1.0000000000000004,1.0000000000000004,37,True
74,59,7163,2be9ba53c0d1806a1502dff5b57ef3767bd09fabf655634cb844d9f2ac2087c0,0,full_declared_day,153f2686a97e34b41099eda91952d787a1cd6c17a5aa81869ab7d08d479584be,153f2686a97e34b41099eda91952d787a1cd6c17a5aa81869ab7d08d479584be,risk_aligned_declaration_witness,0.2799999999999973,0.2799999999999968,13388.26391569124,13388.26391569124,0.0,2.933492136876492e-15,1.6306400674181987e-16,0.0,0.0,0.0,0.0,0.0,0.0,0,0.7505890116800263,0.7505890116800263,1.0000000000000002,1.0000000000000002,37,True
74,60,7164,2be9ba53c0d1806a1502dff5b57ef3767bd09fabf655634cb844d9f2ac2087c0,0,full_declared_day,153f2686a97e34b41099eda91952d787a1cd6c17a5aa81869ab7d08d479584be,153f2686a97e34b41099eda91952d787a1cd6c17a5aa81869ab7d08d479584be,risk_aligned_declaration_witness,0.2719999999999973,0.2719999999999968,13388.193141188163,13388.193141188163,0.0,2.933492136876492e-15,1.6306400674181987e-16,0.0,0.0,0.0,0.0,0.0,0.0,0,0.7505892716580604,0.7505892716580604,1.0000000000000002,1.0000000000000002,37,True
74,61,7165,2be9ba53c0d1806a1502dff5b57ef3767bd09fabf655634cb844d9f2ac2087c0,0,full_declared_day,153f2686a97e34b41099eda91952d787a1cd6c17a5aa81869ab7d08d479584be,153f2686a97e34b41099eda91952d787a1cd6c17a5aa81869ab7d08d479584be,risk_aligned_declaration_witness,0.2689999999999973,0.2689999999999968,13388.173340462628,13388.173340462628,0.0,2.933492136876492e-15,1.6306400674181987e-16,0.0,0.0,0.0,0.0,0.0,0.0,0,0.7505895154328925,0.7505895154328925,1.0000000000000002,1.0000000000000002,37,True
74,62,7166,2be9ba53c0d1806a1502dff5b57ef3767bd09fabf655634cb844d9f2ac2087c0,0,full_declared_day,153f2686a97e34b41099eda91952d787a1cd6c17a5aa81869ab7d08d479584be,153f2686a97e34b41099eda91952d787a1cd6c17a5aa81869ab7d08d479584be,risk_aligned_declaration_witness,0.2649999999999973,0.2649999999999968,13388.142316957554,13388.142316957554,0.0,2.933492136876492e-15,1.6306400674181987e-16,0.0,0.0,0.0,0.0,0.0,0.0,0,0.7505895316360945,0.7505895316360945,1.0000000000000002,1.0000000000000002,37,True
74,63,7167,2be9ba53c0d1806a1502dff5b57ef3767bd09fabf655634cb844d9f2ac2087c0,0,full_declared_day,153f2686a97e34b41099eda91952d787a1cd6c17a5aa81869ab7d08d479584be,153f2686a97e34b41099eda91952d787a1cd6c17a5aa81869ab7d08d479584be,risk_aligned_declaration_witness,0.2649999999999973,0.2639999999999968,13388.150446555015,13388.146157582018,0.0042889729975286,0.0042889730000029,0.0002500000000001,0.0,0.0,0.0,0.0042889729975286,0.0042889729975286,0.0042889729975286,0,0.7505895316360945,0.7505897754109265,1.0000000000000004,1.0000000000000004,37,True
74,64,7168,2be9ba53c0d1806a1502dff5b57ef3767bd09fabf655634cb844d9f2ac2087c0,1,full_declared_day,153f2686a97e34b41099eda91952d787a1cd6c17a5aa81869ab7d08d479584be,153f2686a97e34b41099eda91952d787a1cd6c17a5aa81869ab7d08d479584be,risk_aligned_declaration_witness,0.2689999999999973,0.2659999999999968,13388.173938358092,13388.161071439092,0.0128669189998618,0.0128669190000029,0.0007500000000001,0.0077499011084098,1.214306433183765e-16,1.8214596497756474e-14,0.01286691899988,0.01286691899988,0.01286691899988,0,0.7505892716580604,0.7505900029825566,1.0000000000000002,1.0000000000000002,37,True
74,65,7169,2be9ba53c0d1806a1502dff5b57ef3767bd09fabf655634cb844d9f2ac2087c0,1,full_declared_day,153f2686a97e34b41099eda91952d787a1cd6c17a5aa81869ab7d08d479584be,153f2686a97e34b41099eda91952d787a1cd6c17a5aa81869ab7d08d479584be,risk_aligned_declaration_witness,0.2649999999999973,0.2619999999999968,13388.150446555015,13388.137579636015,0.0128669189998618,0.0128669190000029,0.0007500000000001,0.0277842047522482,1.491862189340054e-16,2.237793284010081e-14,0.0128669189998841,0.0128669189998841,0.0128669189998841,0,0.7505895316360945,0.7505902629605907,1.0000000000000004,1.0000000000000004,37,True
74,66,7170,2be9ba53c0d1806a1502dff5b57ef3767bd09fabf655634cb844d9f2ac2087c0,1,full_declared_day,153f2686a97e34b41099eda91952d787a1cd6c17a5aa81869ab7d08d479584be,153f2686a97e34b41099eda91952d787a1cd6c17a5aa81869ab7d08d479584be,risk_aligned_declaration_witness,0.2639999999999973,0.2609999999999968,13388.138625880016,13388.125758961016,0.0128669189998618,0.0128669190000029,0.0007500000000001,0.0173051639145176,1.491862189340054e-16,2.237793284010081e-14,0.0128669189998841,0.0128669189998841,0.0128669189998841,0,0.7505895316360945,0.7505902629605907,1.0000000000000004,1.0000000000000004,37,True
74,67,7171,2be9ba53c0d1806a1502dff5b57ef3767bd09fabf655634cb844d9f2ac2087c0,1,full_declared_day,153f2686a97e34b41099eda91952d787a1cd6c17a5aa81869ab7d08d479584be,153f2686a97e34b41099eda91952d787a1cd6c17a5aa81869ab7d08d479584be,risk_aligned_declaration_witness,0.2629999999999973,0.2629999999999968,13388.134934802478,13388.134934802478,0.0,2.933492136876492e-15,1.6306400674181987e-16,0.0272842047520339,1.491862189340054e-16,2.237793284010081e-14,2.237793284010081e-14,2.237793284010081e-14,2.237793284010081e-14,0,0.7505895316360945,0.7505895316360945,1.0000000000000004,1.0000000000000004,37,True
74,68,7172,2be9ba53c0d1806a1502dff5b57ef3767bd09fabf655634cb844d9f2ac2087c0,1,full_declared_day,153f2686a97e34b41099eda91952d787a1cd6c17a5aa81869ab7d08d479584be,153f2686a97e34b41099eda91952d787a1cd6c17a5aa81869ab7d08d479584be,risk_aligned_declaration_witness,0.2589999999999973,0.2589999999999968,13388.111442999403,13388.111442999403,0.0,2.933492136876492e-15,1.6306400674181987e-16,0.0246517808206873,1.6306400674181987e-16,2.4459601011272983e-14,2.4459601011272983e-14,2.4459601011272983e-14,2.4459601011272983e-14,0,0.7505897916141284,0.7505897916141284,1.0000000000000002,1.0000000000000002,37,True
74,69,7173,2be9ba53c0d1806a1502dff5b57ef3767bd09fabf655634cb844d9f2ac2087c0,1,full_declared_day,153f2686a97e34b41099eda91952d787a1cd6c17a5aa81869ab7d08d479584be,153f2686a97e34b41099eda91952d787a1cd6c17a5aa81869ab7d08d479584be,risk_aligned_declaration_witness,0.2589999999999973,0.2589999999999968,13388.111442999403,13388.111442999403,0.0,2.933492136876492e-15,1.6306400674181987e-16,0.0403357825580394,1.6306400674181987e-16,2.4459601011272983e-14,2.4459601011272983e-14,2.4459601011272983e-14,2.4459601011272983e-14,0,0.7505897916141284,0.7505897916141284,1.0000000000000002,1.0000000000000002,37,True
74,70,7174,2be9ba53c0d1806a1502dff5b57ef3767bd09fabf655634cb844d9f2ac2087c0,1,full_declared_day,153f2686a97e34b41099eda91952d787a1cd6c17a5aa81869ab7d08d479584be,153f2686a97e34b41099eda91952d787a1cd6c17a5aa81869ab7d08d479584be,risk_aligned_declaration_witness,0.2589999999999973,0.2589999999999968,13388.111442999403,13388.111442999403,0.0,2.933492136876492e-15,1.6306400674181987e-16,0.0465834165444639,1.6306400674181987e-16,2.4459601011272983e-14,2.4459601011272983e-14,2.4459601011272983e-14,2.4459601011272983e-14,0,0.7505897916141284,0.7505897916141284,1.0000000000000002,1.0000000000000002,37,True
74,71,7175,2be9ba53c0d1806a1502dff5b57ef3767bd09fabf655634cb844d9f2ac2087c0,1,full_declared_day,153f2686a97e34b41099eda91952d787a1cd6c17a5aa81869ab7d08d479584be,153f2686a97e34b41099eda91952d787a1cd6c17a5aa81869ab7d08d479584be,risk_aligned_declaration_witness,0.2589999999999973,0.2589999999999968,13388.111442999403,13388.111442999403,0.0,2.933492136876492e-15,1.6306400674181987e-16,0.0577714722074368,1.6306400674181987e-16,2.4459601011272983e-14,2.4459601011272983e-14,2.4459601011272983e-14,2.4459601011272983e-14,0,0.7505897916141284,0.7505897916141284,1.0000000000000002,1.0000000000000002,37,True
74,72,7176,2be9ba53c0d1806a1502dff5b57ef3767bd09fabf655634cb844d9f2ac2087c0,0,full_declared_day,153f2686a97e34b41099eda91952d787a1cd6c17a5aa81869ab7d08d479584be,153f2686a97e34b41099eda91952d787a1cd6c17a5aa81869ab7d08d479584be,risk_aligned_declaration_witness,0.2589999999999973,0.2589999999999968,13388.111442999403,13388.111442999403,0.0,2.933492136876492e-15,1.6306400674181987e-16,0.0,0.0,0.0,0.0,0.0,0.0,0,0.7505897916141284,0.7505897916141284,1.0000000000000002,1.0000000000000002,37,True
74,73,7177,2be9ba53c0d1806a1502dff5b57ef3767bd09fabf655634cb844d9f2ac2087c0,0,full_declared_day,153f2686a97e34b41099eda91952d787a1cd6c17a5aa81869ab7d08d479584be,153f2686a97e34b41099eda91952d787a1cd6c17a5aa81869ab7d08d479584be,risk_aligned_declaration_witness,0.2589999999999973,0.2589999999999968,13388.111442999403,13388.111442999403,0.0,2.933492136876492e-15,1.6306400674181987e-16,0.0,0.0,0.0,0.0,0.0,0.0,0,0.7505897916141284,0.7505897916141284,1.0000000000000002,1.0000000000000002,37,True
74,74,7178,2be9ba53c0d1806a1502dff5b57ef3767bd09fabf655634cb844d9f2ac2087c0,0,full_declared_day,153f2686a97e34b41099eda91952d787a1cd6c17a5aa81869ab7d08d479584be,153f2686a97e34b41099eda91952d787a1cd6c17a5aa81869ab7d08d479584be,risk_aligned_declaration_witness,0.2589999999999973,0.2589999999999968,13388.111442999403,13388.111442999403,0.0,2.933492136876492e-15,1.6306400674181987e-16,0.0,0.0,0.0,0.0,0.0,0.0,0,0.7505897916141284,0.7505897916141284,1.0000000000000002,1.0000000000000002,37,True
74,75,7179,2be9ba53c0d1806a1502dff5b57ef3767bd09fabf655634cb844d9f2ac2087c0,0,full_declared_day,153f2686a97e34b41099eda91952d787a1cd6c17a5aa81869ab7d08d479584be,153f2686a97e34b41099eda91952d787a1cd6c17a5aa81869ab7d08d479584be,risk_aligned_declaration_witness,0.2589999999999973,0.2589999999999968,13388.111442999403,13388.111442999403,0.0,2.933492136876492e-15,1.6306400674181987e-16,0.0385456983237217,0.0,0.0,0.0,0.0,0.0,0,0.7505897916141284,0.7505897916141284,1.0000000000000002,1.0000000000000002,37,True
74,76,7180,2be9ba53c0d1806a1502dff5b57ef3767bd09fabf655634cb844d9f2ac2087c0,0,full_declared_day,153f2686a97e34b41099eda91952d787a1cd6c17a5aa81869ab7d08d479584be,153f2686a97e34b41099eda91952d787a1cd6c17a5aa81869ab7d08d479584be,risk_aligned_declaration_witness,0.2569999999999973,0.2569999999999968,13388.103462948866,13388.103462948866,0.0,2.933492136876492e-15,1.6306400674181987e-16,0.0,0.0,0.0,0.0,0.0,0.0,0,0.7505900515921627,0.7505900515921627,1.0000000000000002,1.0000000000000002,37,True
74,77,7181,2be9ba53c0d1806a1502dff5b57ef3767bd09fabf655634cb844d9f2ac2087c0,0,full_declared_day,153f2686a97e34b41099eda91952d787a1cd6c17a5aa81869ab7d08d479584be,153f2686a97e34b41099eda91952d787a1cd6c17a5aa81869ab7d08d479584be,risk_aligned_declaration_witness,0.2569999999999973,0.2569999999999968,13388.103462948866,13388.103462948866,0.0,2.933492136876492e-15,1.6306400674181987e-16,0.0,0.0,0.0,0.0,0.0,0.0,0,0.7505900515921627,0.7505900515921627,1.0000000000000002,1.0000000000000002,37,True
74,78,7182,2be9ba53c0d1806a1502dff5b57ef3767bd09fabf655634cb844d9f2ac2087c0,0,full_declared_day,153f2686a97e34b41099eda91952d787a1cd6c17a5aa81869ab7d08d479584be,153f2686a97e34b41099eda91952d787a1cd6c17a5aa81869ab7d08d479584be,risk_aligned_declaration_witness,0.2579999999999973,0.2559999999999968,13388.107751921863,13388.091642273866,0.0161096479987463,0.0161096480000029,0.0005000000000001,0.0,0.0,0.0,0.0161096479987463,0.0161096479987463,0.0161096479987463,0,0.7505898078173305,0.7505900515921627,1.0000000000000002,1.0000000000000002,37,True
74,79,7183,2be9ba53c0d1806a1502dff5b57ef3767bd09fabf655634cb844d9f2ac2087c0,0,full_declared_day,153f2686a97e34b41099eda91952d787a1cd6c17a5aa81869ab7d08d479584be,153f2686a97e34b41099eda91952d787a1cd6c17a5aa81869ab7d08d479584be,risk_aligned_declaration_witness,0.2579999999999973,0.2559999999999968,13388.107751921863,13388.091642273866,0.0161096479987463,0.0161096480000029,0.0005000000000001,0.0,0.0,0.0,0.0161096479987463,0.0161096479987463,0.0161096479987463,0,0.7505898078173305,0.7505900515921627,1.0000000000000002,1.0000000000000002,37,True
74,80,7184,2be9ba53c0d1806a1502dff5b57ef3767bd09fabf655634cb844d9f2ac2087c0,0,full_declared_day,153f2686a97e34b41099eda91952d787a1cd6c17a5aa81869ab7d08d479584be,153f2686a97e34b41099eda91952d787a1cd6c17a5aa81869ab7d08d479584be,risk_aligned_declaration_witness,0.2549999999999973,0.2569999999999968,13388.087951196329,13388.104060844327,-0.0161096480005653,-0.016109647999997,1.214306433183765e-16,0.0366393727406722,0.0,0.0,-0.0161096480005653,-0.0161096480005653,0.0,1,0.7505900515921622,0.7505898078173302,1.0,1.0,37,True
74,81,7185,2be9ba53c0d1806a1502dff5b57ef3767bd09fabf655634cb844d9f2ac2087c0,0,full_declared_day,153f2686a97e34b41099eda91952d787a1cd6c17a5aa81869ab7d08d479584be,153f2686a97e34b41099eda91952d787a1cd6c17a5aa81869ab7d08d479584be,risk_aligned_declaration_witness,0.2559999999999973,0.2579999999999968,13388.091642273866,13388.107751921863,-0.0161096479987463,-0.016109647999997,1.214306433183765e-16,0.0532294712552323,0.0,0.0,-0.0161096479987463,-0.0161096479987463,0.0,1,0.7505900515921627,0.7505898078173305,1.0000000000000002,1.0000000000000002,37,True
74,82,7186,2be9ba53c0d1806a1502dff5b57ef3767bd09fabf655634cb844d9f2ac2087c0,0,full_declared_day,153f2686a97e34b41099eda91952d787a1cd6c17a5aa81869ab7d08d479584be,153f2686a97e34b41099eda91952d787a1cd6c17a5aa81869ab7d08d479584be,risk_aligned_declaration_witness,0.2539999999999973,0.2539999999999968,13388.08426011879,13388.08426011879,0.0,2.933492136876492e-15,1.6306400674181987e-16,0.048493411842638,0.0,0.0,0.0,0.0,0.0,0,0.7505900677953642,0.7505900677953642,1.0,1.0,37,True
74,83,7187,2be9ba53c0d1806a1502dff5b57ef3767bd09fabf655634cb844d9f2ac2087c0,0,full_declared_day,153f2686a97e34b41099eda91952d787a1cd6c17a5aa81869ab7d08d479584be,153f2686a97e34b41099eda91952d787a1cd6c17a5aa81869ab7d08d479584be,risk_aligned_declaration_witness,0.2379999999999973,0.2379999999999967,13387.990292906492,13387.990292906492,0.0,2.933492136876492e-15,1.6306400674181987e-16,0.0433315836042363,0.0,0.0,0.0,0.0,0.0,0,0.7505911077075006,0.7505911077075006,1.0,1.0,37,True
74,84,7188,2be9ba53c0d1806a1502dff5b57ef3767bd09fabf655634cb844d9f2ac2087c0,0,full_declared_day,153f2686a97e34b41099eda91952d787a1cd6c17a5aa81869ab7d08d479584be,153f2686a97e34b41099eda91952d787a1cd6c17a5aa81869ab7d08d479584be,risk_aligned_declaration_witness,0.2379999999999973,0.2379999999999967,13387.990292906492,13387.990292906492,0.0,2.933492136876492e-15,1.6306400674181987e-16,0.017307062970426,0.0,0.0,0.0,0.0,0.0,0,0.7505911077075006,0.7505911077075006,1.0,1.0,37,True
74,85,7189,2be9ba53c0d1806a1502dff5b57ef3767bd09fabf655634cb844d9f2ac2087c0,0,full_declared_day,153f2686a97e34b41099eda91952d787a1cd6c17a5aa81869ab7d08d479584be,153f2686a97e34b41099eda91952d787a1cd6c17a5aa81869ab7d08d479584be,risk_aligned_declaration_witness,0.2379999999999973,0.2379999999999967,13387.990292906492,13387.990292906492,0.0,2.933492136876492e-15,1.6306400674181987e-16,0.0,0.0,0.0,0.0,0.0,0.0,0,0.7505911077075006,0.7505911077075006,1.0,1.0,37,True
74,86,7190,2be9ba53c0d1806a1502dff5b57ef3767bd09fabf655634cb844d9f2ac2087c0,0,full_declared_day,153f2686a97e34b41099eda91952d787a1cd6c17a5aa81869ab7d08d479584be,153f2686a97e34b41099eda91952d787a1cd6c17a5aa81869ab7d08d479584be,risk_aligned_declaration_witness,0.2189999999999973,0.2189999999999968,13387.876524968651,13387.876524968651,0.0,2.933492136876492e-15,1.6306400674181987e-16,0.0,0.0,0.0,0.0,0.0,0.0,0,0.7505923913944693,0.7505923913944693,1.0000000000000004,1.0000000000000004,37,True
74,87,7191,2be9ba53c0d1806a1502dff5b57ef3767bd09fabf655634cb844d9f2ac2087c0,0,full_declared_day,153f2686a97e34b41099eda91952d787a1cd6c17a5aa81869ab7d08d479584be,153f2686a97e34b41099eda91952d787a1cd6c17a5aa81869ab7d08d479584be,risk_aligned_declaration_witness,0.2189999999999973,0.2189999999999968,13387.876524968651,13387.876524968651,0.0,2.933492136876492e-15,1.6306400674181987e-16,0.0,0.0,0.0,0.0,0.0,0.0,0,0.7505923913944693,0.7505923913944693,1.0000000000000004,1.0000000000000004,37,True
74,88,7192,2be9ba53c0d1806a1502dff5b57ef3767bd09fabf655634cb844d9f2ac2087c0,0,full_declared_day,153f2686a97e34b41099eda91952d787a1cd6c17a5aa81869ab7d08d479584be,153f2686a97e34b41099eda91952d787a1cd6c17a5aa81869ab7d08d479584be,risk_aligned_declaration_witness,0.2169999999999973,0.2169999999999968,13387.852883618654,13387.852883618654,0.0,2.933492136876492e-15,1.6306400674181987e-16,0.0,0.0,0.0,0.0,0.0,0.0,0,0.7505923913944693,0.7505923913944693,1.0000000000000004,1.0000000000000004,37,True
74,89,7193,2be9ba53c0d1806a1502dff5b57ef3767bd09fabf655634cb844d9f2ac2087c0,0,full_declared_day,153f2686a97e34b41099eda91952d787a1cd6c17a5aa81869ab7d08d479584be,153f2686a97e34b41099eda91952d787a1cd6c17a5aa81869ab7d08d479584be,risk_aligned_declaration_witness,0.2209999999999973,0.2209999999999968,13387.876375421729,13387.876375421729,0.0,2.933492136876492e-15,1.6306400674181987e-16,0.0,0.0,0.0,0.0,0.0,0.0,0,0.7505921152132332,0.7505921152132332,1.0000000000000004,1.0000000000000004,37,True
74,90,7194,2be9ba53c0d1806a1502dff5b57ef3767bd09fabf655634cb844d9f2ac2087c0,0,full_declared_day,153f2686a97e34b41099eda91952d787a1cd6c17a5aa81869ab7d08d479584be,153f2686a97e34b41099eda91952d787a1cd6c17a5aa81869ab7d08d479584be,risk_aligned_declaration_witness,0.2239999999999973,0.2239999999999968,13387.903707849266,13387.903707849266,0.0,2.933492136876492e-15,1.6306400674181987e-16,0.0,0.0,0.0,0.0,0.0,0.0,0,0.7505921152132331,0.7505921152132331,1.0000000000000004,1.0000000000000004,37,True
74,91,7195,2be9ba53c0d1806a1502dff5b57ef3767bd09fabf655634cb844d9f2ac2087c0,0,full_declared_day,153f2686a97e34b41099eda91952d787a1cd6c17a5aa81869ab7d08d479584be,153f2686a97e34b41099eda91952d787a1cd6c17a5aa81869ab7d08d479584be,risk_aligned_declaration_witness,0.2239999999999973,0.2239999999999968,13387.903707849266,13387.903707849266,0.0,2.933492136876492e-15,1.6306400674181987e-16,0.0,0.0,0.0,0.0,0.0,0.0,0,0.7505921476196372,0.7505921476196372,1.0000000000000004,1.0000000000000004,37,True
74,92,7196,2be9ba53c0d1806a1502dff5b57ef3767bd09fabf655634cb844d9f2ac2087c0,0,full_declared_day,153f2686a97e34b41099eda91952d787a1cd6c17a5aa81869ab7d08d479584be,153f2686a97e34b41099eda91952d787a1cd6c17a5aa81869ab7d08d479584be,risk_aligned_declaration_witness,0.2319999999999973,0.2309999999999967,13387.990741547266,13387.987050469728,0.003691077537951,0.0036910775375029,0.0002500000000001,0.0,0.0,0.0,0.003691077537951,0.003691077537951,0.003691077537951,0,0.7505918714384011,0.7505918876416031,1.0000000000000004,1.0000000000000004,37,True
74,93,7197,2be9ba53c0d1806a1502dff5b57ef3767bd09fabf655634cb844d9f2ac2087c0,0,full_declared_day,153f2686a97e34b41099eda91952d787a1cd6c17a5aa81869ab7d08d479584be,153f2686a97e34b41099eda91952d787a1cd6c17a5aa81869ab7d08d479584be,risk_aligned_declaration_witness,0.2349999999999973,0.2359999999999967,13388.018073974805,13388.02176505234,-0.003691077537951,-0.003691077537497,4.163336342344337e-17,0.0,0.0,0.0,-0.003691077537951,-0.003691077537951,0.0,1,0.7505918876416031,0.7505918714384011,1.0000000000000002,1.0000000000000004,37,True
74,94,7198,2be9ba53c0d1806a1502dff5b57ef3767bd09fabf655634cb844d9f2ac2087c0,0,full_declared_day,153f2686a97e34b41099eda91952d787a1cd6c17a5aa81869ab7d08d479584be,153f2686a97e34b41099eda91952d787a1cd6c17a5aa81869ab7d08d479584be,risk_aligned_declaration_witness,0.2369999999999973,0.2369999999999967,13388.02545612988,13388.02545612988,0.0,2.933492136876492e-15,1.6306400674181987e-16,0.0,0.0,0.0,0.0,0.0,0.0,0,0.7505918552351991,0.7505918552351991,1.0000000000000002,1.0000000000000002,37,True
74,95,7199,2be9ba53c0d1806a1502dff5b57ef3767bd09fabf655634cb844d9f2ac2087c0,0,full_declared_day,153f2686a97e34b41099eda91952d787a1cd6c17a5aa81869ab7d08d479584be,153f2686a97e34b41099eda91952d787a1cd6c17a5aa81869ab7d08d479584be,risk_aligned_declaration_witness,0.2409999999999973,0.2389999999999967,13388.042612021878,13388.034034075878,0.0085779460005142,0.0085779460000029,0.0005000000000001,0.0,0.0,0.0,0.0085779460005142,0.0085779460005142,0.0085779460005142,0,0.7505908801358708,0.7505913676855349,1.0000000000000002,1.0000000000000002,37,True
75,0,7200,2be9ba53c0d1806a1502dff5b57ef3767bd09fabf655634cb844d9f2ac2087c0,0,full_declared_day,153f2686a97e34b41099eda91952d787a1cd6c17a5aa81869ab7d08d479584be,153f2686a97e34b41099eda91952d787a1cd6c17a5aa81869ab7d08d479584be,risk_aligned_declaration_witness,0.2409999999999973,0.2389999999999967,13388.042612021878,13388.034034075878,0.0085779460005142,0.0085779460000029,0.0005000000000001,0.0,0.0,0.0,0.0085779460005142,0.0085779460005142,0.0085779460005142,0,0.7505908801358708,0.7505913676855349,1.0000000000000002,1.0000000000000002,37,True
75,1,7201,2be9ba53c0d1806a1502dff5b57ef3767bd09fabf655634cb844d9f2ac2087c0,0,full_declared_day,153f2686a97e34b41099eda91952d787a1cd6c17a5aa81869ab7d08d479584be,153f2686a97e34b41099eda91952d787a1cd6c17a5aa81869ab7d08d479584be,risk_aligned_declaration_witness,0.2399999999999973,0.2389999999999967,13388.038323048875,13388.034034075878,0.0042889729993476,0.0042889730000029,0.0002500000000001,0.0,0.0,0.0,0.0042889729993476,0.0042889729993476,0.0042889729993476,0,0.7505911239107029,0.7505913676855349,1.0000000000000002,1.0000000000000002,37,True
75,2,7202,2be9ba53c0d1806a1502dff5b57ef3767bd09fabf655634cb844d9f2ac2087c0,0,full_declared_day,153f2686a97e34b41099eda91952d787a1cd6c17a5aa81869ab7d08d479584be,153f2686a97e34b41099eda91952d787a1cd6c17a5aa81869ab7d08d479584be,risk_aligned_declaration_witness,0.2389999999999973,0.2409999999999967,13388.034034075878,13388.042612021878,-0.0085779460005142,-0.0085779459999971,1.491862189340054e-16,0.0,0.0,0.0,-0.0085779460005142,-0.0085779460005142,0.0,1,0.7505913676855349,0.7505908801358708,1.0000000000000002,1.0000000000000002,37,True
75,3,7203,2be9ba53c0d1806a1502dff5b57ef3767bd09fabf655634cb844d9f2ac2087c0,0,full_declared_day,153f2686a97e34b41099eda91952d787a1cd6c17a5aa81869ab7d08d479584be,153f2686a97e34b41099eda91952d787a1cd6c17a5aa81869ab7d08d479584be,risk_aligned_declaration_witness,0.2139999999999973,0.2209999999999968,13387.84181038604,13387.87183319704,-0.0300228110008902,-0.030022810999997,1.491862189340054e-16,0.0,0.0,0.0,-0.0300228110008902,-0.0300228110008902,0.0,1,0.7505924238008731,0.7505907173770489,1.0000000000000002,1.0000000000000002,37,True
75,4,7204,2be9ba53c0d1806a1502dff5b57ef3767bd09fabf655634cb844d9f2ac2