day,slot,method,flexible_profile_mw,network_dc_scale,mapped_dc_load_mw,secure_cost_usd_per_interval,max_base_loading,max_postcontingency_loading,credible_contingencies,evaluated_finite_nonislanding_outages,solver_success,post_solution_profile_reoptimization
61,64,Risk-Constrained Convex Verifier,86.80217642475378,0.1573939030950884,17.439587018922587,13324.5249588884,0.7483443127438665,1.000000000000002,37,37,True,False
61,65,Risk-Constrained Convex Verifier,17.889838158492154,0.1573939030950884,6.593205127786651,13277.374218455712,0.7509562868272159,1.000000000000002,37,37,True,False
61,66,Risk-Constrained Convex Verifier,24.225212106377604,0.1573939030950884,7.590354361011281,13281.683116434544,0.7507206402449056,1.000000000000002,37,37,True,False
61,67,Risk-Constrained Convex Verifier,12.818585690339695,0.1573939030950884,5.795020908243535,13273.925091428655,0.7511449139425188,1.000000000000002,37,37,True,False
61,68,Risk-Constrained Convex Verifier,15.345862532411395,0.1573939030950884,6.1927988746190294,13275.643976243715,0.751050910943598,1.000000000000002,37,37,True,False
61,69,Risk-Constrained Convex Verifier,11.535259592527055,0.1573939030950884,5.593033204765014,13273.05225877907,0.7511926477324146,1.000000000000002,37,37,True,False
61,70,Risk-Constrained Convex Verifier,18.582562786595716,0.1573939030950884,6.702235760773964,13277.84536345433,0.750930520677903,1.000000000000002,37,37,True,False
61,71,Risk-Constrained Convex Verifier,17.46971912390187,0.1573939030950884,6.527080953167945,13276.726942012614,0.75108849134846,1.000000000000002,37,37,True,False
61,64,Single Feasible Projection,46.42394396759996,0.1573939030950884,11.084299412410363,13297.702282487919,0.7500055310912394,1.0000000000000022,37,37,True,False
61,65,Single Feasible Projection,17.889838158492143,0.1573939030950884,6.59320512778665,13278.232835300196,0.7510564429968636,1.000000000000002,37,37,True,False
61,66,Single Feasible Projection,25.628089484497373,0.1573939030950884,7.811158707117355,13283.464282925863,0.7507705170395923,1.0000000000000022,37,37,True,False
61,67,Single Feasible Projection,25.569706068272,0.1573939030950884,7.80196951336162,13283.411730467418,0.750770578902133,1.0000000000000022,37,37,True,False
61,68,Single Feasible Projection,18.35449746230663,0.1573939030950884,6.666339669223458,13278.628539107382,0.7510417210614256,1.000000000000002,37,37,True,False
61,69,Single Feasible Projection,6.942472166995207,0.1573939030950884,4.870156465774514,13270.830859353184,0.7514734558539944,1.0000000000000022,37,37,True,False
61,70,Single Feasible Projection,6.012717526180239,0.1573939030950884,4.723818753935874,13270.225814720758,0.7515072314845173,1.0000000000000022,37,37,True,False
61,71,Single Feasible Projection,17.74218527087978,0.1573939030950884,6.569965463502079,13278.128039360632,0.7510635409860131,1.000000000000002,37,37,True,False
62,64,Risk-Constrained Convex Verifier,112.3878167148097,0.1573939030950884,21.466610807361437,13342.099730093985,0.747362625696187,1.000000000000002,37,37,True,False
62,65,Risk-Constrained Convex Verifier,65.30146099610081,0.1573939030950884,14.05550549827011,13309.75612175432,0.7491692666481999,1.000000000000002,37,37,True,False
62,66,Risk-Constrained Convex Verifier,56.073940186288326,0.1573939030950884,12.60314998212257,13304.871008359245,0.750827212465721,1.0000000000000022,37,37,True,False
62,67,Risk-Constrained Convex Verifier,54.36882761227398,0.1573939030950884,12.33477565888194,13314.612773404187,0.751228377700181,1.0000000000000022,37,37,True,False
62,68,Risk-Constrained Convex Verifier,45.465411886209715,0.1573939030950884,10.933432306878496,13301.956175580075,0.7511262395992232,1.0000000000000022,37,37,True,False
62,69,Risk-Constrained Convex Verifier,61.19295077144465,0.1573939030950884,13.408851038105398,13321.240868445591,0.7511824052278961,1.0000000000000022,37,37,True,False
62,70,Risk-Constrained Convex Verifier,43.18936686760891,0.1573939030950884,10.57519669778078,13294.42488557415,0.7509459220833731,1.0000000000000022,37,37,True,False
62,71,Risk-Constrained Convex Verifier,33.75943208783745,0.1573939030950884,9.090982456860429,13289.681266894419,0.7511317187134711,1.000000000000002,37,37,True,False
62,64,Single Feasible Projection,78.3417049936015,0.1573939030950884,16.10796039834904,13319.538980850182,0.7487701011576534,1.000000000000002,37,37,True,False
62,65,Single Feasible Projection,54.59466468883065,0.1573939030950884,12.37032103782478,13304.628644062745,0.7497279916865414,1.000000000000002,37,37,True,False
62,66,Single Feasible Projection,54.468018985372076,0.1573939030950884,12.350387776247208,13303.696004078778,0.7496986705330877,1.0000000000000022,37,37,True,False
62,67,Single Feasible Projection,54.352003497174294,0.1573939030950884,12.332127645740279,13303.62956322305,0.7496986705330877,1.0000000000000022,37,37,True,False
62,68,Single Feasible Projection,53.77834952288413,0.1573939030950884,12.241838007700741,13303.128921396714,0.7497279916865415,1.000000000000002,37,37,True,False
62,69,Single Feasible Projection,62.891799880841944,0.1573939030950884,13.676239530203052,13309.08531123496,0.7494999632510141,1.0000000000000022,37,37,True,False
62,70,Single Feasible Projection,43.54449129378884,0.1573939030950884,10.631091117301644,13296.131794403147,0.7501150144731857,1.000000000000002,37,37,True,False
62,71,Single Feasible Projection,33.75943208783744,0.1573939030950884,9.090982456860425,13288.986685607155,0.7504719953991681,1.0000000000000022,37,37,True,False
63,64,Risk-Constrained Convex Verifier,118.0,0.1573939030950884,22.349934239502556,13345.954737671784,0.7471472936748728,1.000000000000002,37,37,True,False
63,65,Risk-Constrained Convex Verifier,95.1465310799573,0.1573939030950884,18.75293756691474,13330.256694434624,0.7480241509346097,1.000000000000002,37,37,True,False
63,66,Risk-Constrained Convex Verifier,31.920169644723572,0.1573939030950884,8.801493762122526,13286.916712313323,0.7504344234469941,1.000000000000002,37,37,True,False
63,67,Risk-Constrained Convex Verifier,24.236431855662925,0.1573939030950884,7.592120281143045,13281.458216887104,0.7507952021215206,1.0000000000000022,37,37,True,False
63,68,Risk-Constrained Convex Verifier,28.511249732260975,0.1573939030950884,8.264950551761471,13283.875290185071,0.7507943186544664,1.0000000000000022,37,37,True,False
63,69,Risk-Constrained Convex Verifier,41.680201809830244,0.1573939030950884,10.33766331892227,13295.087689373335,0.7509581315196974,1.000000000000002,37,37,True,False
63,70,Risk-Constrained Convex Verifier,57.14443851988795,0.1573939030950884,12.771639893104604,13312.809192832246,0.7510618181249397,1.000000000000002,37,37,True,False
63,71,Risk-Constrained Convex Verifier,65.26847269328188,0.1573939030950884,14.050313340532954,13324.715799896829,0.7511382005358842,1.0000000000000022,37,37,True,False
63,64,Single Feasible Projection,78.99462619513464,0.1573939030950884,16.210726214671876,13320.114977495323,0.7487561003801778,1.0000000000000022,37,37,True,False
63,65,Single Feasible Projection,28.414559347862863,0.1573939030950884,8.249732074769287,13285.444388828748,0.7506665049080359,1.000000000000002,37,37,True,False
63,66,Single Feasible Projection,57.273825176659436,0.1573939030950884,12.792004564022292,13305.201687745808,0.7495876408555096,1.0000000000000022,37,37,True,False
63,67,Single Feasible Projection,41.91367583490651,0.1573939030950884,10.374410707000347,13294.62347805703,0.750165082355908,1.0000000000000022,37,37,True,False
63,68,Single Feasible Projection,24.66286917387159,0.1573939030950884,7.6592389150813105,13282.892739890438,0.7508060504146882,1.000000000000002,37,37,True,False
63,69,Single Feasible Projection,70.58120588149751,0.1573939030950884,14.886505153129026,13319.171524372749,0.7492349613097229,1.000000000000002,37,37,True,False
63,70,Single Feasible Projection,57.14443851988793,0.1573939030950884,12.7716398931046,13304.623899120583,0.7501138188683456,1.000000000000002,37,37,True,False
63,71,Single Feasible Projection,65.26847269328188,0.1573939030950884,14.050313340532954,13309.830739298792,0.7502931373408451,1.0000000000000022,37,37,True,False
64,64,Risk-Constrained Convex Verifier,118.0,0.1573939030950884,22.349934239502556,13345.954737671784,0.7471472936748728,1.000000000000002,37,37,True,False
64,65,Risk-Constrained Convex Verifier,95.14653107995731,0.1573939030950884,18.752937566914742,13330.256694434624,0.7480241509346097,1.000000000000002,37,37,True,False
64,66,Risk-Constrained Convex Verifier,52.21439190128225,0.1573939030950884,11.995680613361511,13298.354653193866,0.7505597485330413,1.000000000000002,37,37,True,False
64,67,Risk-Constrained Convex Verifier,33.37581566203604,0.1573939030950884,9.030603570312156,13287.179961618407,0.7506146308176633,1.0000000000000022,37,37,True,False
64,68,Risk-Constrained Convex Verifier,41.448881796532994,0.1573939030950884,10.301254959165409,13291.84320130678,0.7506309355240224,1.0000000000000022,37,37,True,False
64,69,Risk-Constrained Convex Verifier,37.264304093020115,0.1573939030950884,9.642627941604836,13289.46239299112,0.7505929253524896,1.000000000000002,37,37,True,False
64,70,Risk-Constrained Convex Verifier,46.343508698251796,0.1573939030950884,11.071639391421153,13294.90627103156,0.7505559957802562,1.000000000000002,37,37,True,False
64,71,Risk-Constrained Convex Verifier,44.73174335290497,0.1573939030950884,10.817957352843612,13293.732271274876,0.7506482264496942,1.0000000000000022,37,37,True,False
64,64,Single Feasible Projection,81.97174120783063,0.1573939030950884,16.67930596648308,13322.282325577838,0.7487825344474942,1.0000000000000022,37,37,True,False
64,65,Single Feasible Projection,81.18497542104375,0.1573939030950884,16.555473828479016,13321.831753047012,0.7487830630894915,1.0000000000000022,37,37,True,False
64,66,Single Feasible Projection,53.24391253437759,0.1573939030950884,12.15772088412131,13302.595044153095,0.7497403584361814,1.000000000000002,37,37,True,False
64,67,Single Feasible Projection,32.56737013421595,0.1573939030950884,8.903359173248784,13288.332205942887,0.7505100444179759,1.0000000000000022,37,37,True,False
64,68,Single Feasible Projection,46.08415149211556,0.1573939030950884,11.030818148451532,13297.525233874963,0.7500073418776733,1.000000000000002,37,37,True,False
64,69,Single Feasible Projection,42.06229294775698,0.1573939030950884,10.397802134458603,13294.789834465948,0.7501569363970041,1.000000000000002,37,37,True,False
64,70,Single Feasible Projection,46.34350869825184,0.1573939030950884,11.071639391421158,13295.440027112923,0.7507050970859691,1.0000000000000022,37,37,True,False
64,71,Single Feasible Projection,44.73174335290501,0.1573939030950884,10.817957352843619,13294.34735082104,0.7507633430735614,1.000000000000002,37,37,True,False
65,64,Risk-Constrained Convex Verifier,17.887245342447414,0.1573939030950884,6.592797034349362,13277.372454995511,0.75095638326797,1.000000000000002,37,37,True,False
65,65,Risk-Constrained Convex Verifier,28.624256717232683,0.1573939030950884,8.282737162203176,13284.67505259939,0.7505570161500207,1.000000000000002,37,37,True,False
65,66,Risk-Constrained Convex Verifier,3.529338924076585,0.1573939030950884,4.332950102887955,13267.607166560247,0.7514904309192143,1.000000000000002,37,37,True,False
65,67,Risk-Constrained Convex Verifier,3.6429151526611854,0.1573939030950884,4.350826308803706,13267.684413520856,0.7514862064092931,1.000000000000002,37,37,True,False
65,68,Risk-Constrained Convex Verifier,5.150032152068338,0.1573939030950884,4.5880373357613555,13268.7094537862,0.7514301486338604,1.000000000000002,37,37,True,False
65,69,Risk-Constrained Convex Verifier,4.7979458434560875,0.1573939030950884,4.532621097422531,13268.469988208315,0.7514432446146163,1.000000000000002,37,37,True,False
65,70,Risk-Constrained Convex Verifier,3.4546385389080108,0.1573939030950884,4.321192717703567,13267.556360350332,0.7514932094277298,1.000000000000002,37,37,True,False
65,71,Risk-Constrained Convex Verifier,2.512577403105823,0.1573939030950884,4.172918038585468,13266.915633321845,0.7515282497408676,1.000000000000002,37,37,True,False
65,64,Single Feasible Projection,9.946555879890893,0.1573939030950884,5.342980926571551,13273.214209432379,0.751401237352392,1.0000000000000022,37,37,True,False
65,65,Single Feasible Projection,27.191772996807774,0.1573939030950884,8.057272958325326,13284.65623279451,0.750719568316825,1.0000000000000022,37,37,True,False
65,66,Single Feasible Projection,4.243841762389416,0.1573939030950884,4.445408493382531,13269.155973646892,0.7515914374814736,1.000000000000002,37,37,True,False
65,67,Single Feasible Projection,4.360896034773256,0.1573939030950884,4.463832122186979,13269.182080563176,0.7515854402694572,1.000000000000002,37,37,True,False
65,68,Single Feasible Projection,5.150032152068338,0.1573939030950884,4.588037335761355,13269.721915138502,0.7515550090266342,1.000000000000002,37,37,True,False
65,69,Single Feasible Projection,4.7979458434560875,0.1573939030950884,4.532621097422531,13269.482449560615,0.7515681050073899,1.000000000000002,37,37,True,False
65,70,Single Feasible Projection,3.4546385389080108,0.1573939030950884,4.321192717703567,13268.665007012043,0.7515857123482101,1.000000000000002,37,37,True,False
65,71,Single Feasible Projection,2.512577403105823,0.1573939030950884,4.172918038585468,13267.102241178596,0.7515956965075976,1.000000000000002,37,37,True,False
66,64,Risk-Constrained Convex Verifier,50.58420735759074,0.1573939030950884,11.739099505264617,13299.646843169177,0.7497339481300995,1.000000000000002,37,37,True,False
66,65,Risk-Constrained Convex Verifier,2.855622817900393,0.1573939030950884,4.2269112953588595,13267.148949887942,0.7515154900395085,1.000000000000002,37,37,True,False
66,66,Risk-Constrained Convex Verifier,11.089221323247365,0.1573939030950884,5.522829500633306,13272.748893356162,0.7512092382911725,1.000000000000002,37,37,True,False
66,67,Risk-Constrained Convex Verifier,6.934874108437329,0.1573939030950884,4.868960577682144,13269.923384007463,0.7513637607757099,1.000000000000002,37,37,True,False
66,68,Risk-Constrained Convex Verifier,0.6080001092389367,0.1573939030950884,3.8731491845574784,13265.620267125692,0.7515990911992784,1.000000000000002,37,37,True,False
66,69,Risk-Constrained Convex Verifier,0.7093146255833069,0.1573939030950884,3.88909547172511,13265.689174489064,0.751595322768289,1.000000000000002,37,37,True,False
66,70,Risk-Constrained Convex Verifier,0.263881088303517,0.1573939030950884,3.818986948723192,13265.386220364446,0.7516118908338159,1.000000000000002,37,37,True,False
66,71,Risk-Constrained Convex Verifier,0.08272417843176783,0.1573939030950884,3.7904739556058322,13265.263009540711,0.7516186290322276,1.000000000000002,37,37,True,False
66,64,Single Feasible Projection,41.25032353198526,0.1573939030950884,10.270003098916455,13294.613519041555,0.7502413303670447,1.0000000000000022,37,37,True,False
66,65,Single Feasible Projection,4.254946729946714,0.1573939030950884,4.447156347570119,13269.126249163872,0.7515863976054292,1.0000000000000022,37,37,True,False
66,66,Single Feasible Projection,11.089221323247367,0.1573939030950884,5.522829500633306,13273.684123600504,0.7513511009481088,1.000000000000002,37,37,True,False
66,67,Single Feasible Projection,6.934874108437327,0.1573939030950884,4.868960577682144,13270.933810703795,0.7514817260726377,1.0000000000000022,37,37,True,False
66,68,Single Feasible Projection,0.6080001092389367,0.1573939030950884,3.8731491845574784,13265.835800001463,0.7516187030423839,1.0000000000000022,37,37,True,False
66,69,Single Feasible Projection,0.7093146255833069,0.1573939030950884,3.88909547172511,13265.762135970686,0.7516122900010312,1.0000000000000022,37,37,True,False
66,70,Single Feasible Projection,0.263881088303517,0.1573939030950884,3.818986948723192,13265.541627853252,0.7516190125014613,1.000000000000002,37,37,True,False
66,71,Single Feasible Projection,0.08272417843176783,0.1573939030950884,3.7904739556058322,13265.26305274211,0.7516217059887076,1.000000000000002,37,37,True,False
67,64,Risk-Constrained Convex Verifier,17.7580475667625,0.1573939030950884,6.572462092163109,13277.284583302524,0.7509611888271259,1.000000000000002,37,37,True,False
67,65,Risk-Constrained Convex Verifier,1.4945727592351208,0.1573939030950884,4.012690314317733,13266.223254594324,0.7515661148009378,1.000000000000002,37,37,True,False
67,66,Risk-Constrained Convex Verifier,1.496663465930462,0.1573939030950884,4.0130193788047395,13266.2246765533,0.7515660370363274,1.000000000000002,37,37,True,False
67,67,Risk-Constrained Convex Verifier,2.8284612025723117,0.1573939030950884,4.222636222708005,13267.130476372353,0.7515165003258585,1.000000000000002,37,37,True,False
67,68,Risk-Constrained Convex Verifier,2.8742131558129955,0.1573939030950884,4.229837301202781,13267.161593793433,0.7515147985649989,1.000000000000002,37,37,True,False
67,69,Risk-Constrained Convex Verifier,2.8900333147829222,0.1573939030950884,4.2323272977706425,13267.172353608337,0.751514210128322,1.000000000000002,37,37,True,False
67,70,Risk-Constrained Convex Verifier,1.7028309883961867,0.1573939030950884,4.045468889857065,13266.364897924312,0.7515583685589096,1.000000000000002,37,37,True,False
67,71,Risk-Constrained Convex Verifier,0.8234734817428286,0.1573939030950884,3.907063379668928,13265.766817714011,0.751591076587319,1.000000000000002,37,37,True,False
67,64,Single Feasible Projection,8.557353219902176,0.1573939030950884,5.124328897725848,13272.04137917549,0.7514236549646882,1.0000000000000022,37,37,True,False
67,65,Single Feasible Projection,3.133753969654908,0.1573939030950884,4.270687442905835,13268.057562950575,0.7516071399052573,1.000000000000002,37,37,True,False
67,66,Single Feasible Projection,2.275367976821684,0.1573939030950884,4.135582721131661,13266.93406384976,0.7516067480776827,1.0000000000000022,37,37,True,False
67,67,Single Feasible Projection,2.8284612025723117,0.1573939030950884,4.222636222708005,13267.587669251934,0.7515876720252288,1.0000000000000022,37,37,True,False
67,68,Single Feasible Projection,2.8742131558129955,0.1573939030950884,4.229837301202781,13267.971839778824,0.7516035389132071,1.0000000000000022,37,37,True,False
67,69,Single Feasible Projection,2.681860602845237,0.1573939030950884,4.19956218212088,13268.206007725334,0.7516061107773164,1.000000000000002,37,37,True,False
67,70,Single Feasible Projection,2.83042710327544,0.1573939030950884,4.222945643492769,13267.91606125862,0.751607527735895,1.000000000000002,37,37,True,False
67,71,Single Feasible Projection,0.8234734817428286,0.1573939030950884,3.9070633796689274,13265.848305558207,0.7516095919456457,1.0000000000000022,37,37,True,False
68,64,Risk-Constrained Convex Verifier,17.899853312623478,0.1573939030950884,6.594781451985479,13277.38103009426,0.7509559143098459,1.000000000000002,37,37,True,False
68,65,Risk-Constrained Convex Verifier,17.88983815849216,0.1573939030950884,6.593205127786652,13277.374218455712,0.7509562868272159,1.000000000000002,37,37,True,False
68,66,Risk-Constrained Convex Verifier,28.608227767176572,0.1573939030950884,8.280214303191329,13284.664150778744,0.7505576123527594,1.000000000000002,37,37,True,False
68,67,Risk-Constrained Convex Verifier,33.47040601360355,0.1573939030950884,9.045491514940503,13287.971079492203,0.7503767618306308,1.000000000000002,37,37,True,False
68,68,Risk-Constrained Convex Verifier,14.709153150980818,0.1573939030950884,6.092584699938411,13275.210929072495,0.7510745935850479,1.000000000000002,37,37,True,False
68,69,Risk-Constrained Convex Verifier,4.140277323806284,0.1573939030950884,4.42910808217208,13268.022686031938,0.7514677068389812,1.000000000000002,37,37,True,False
68,70,Risk-Constrained Convex Verifier,1.6903903764747028,0.1573939030950884,4.043510813389851,13266.356436651464,0.7515588312920813,1.000000000000002,37,37,True,False
68,71,Risk-Constrained Convex Verifier,17.49722709609745,0.1573939030950884,6.5314105402780385,13277.107190648492,0.7509708901412101,1.000000000000002,37,37,True,False
68,64,Single Feasible Projection,24.906908670597133,0.1573939030950884,7.697649243980305,13283.138394688882,0.7508164803517342,1.0000000000000022,37,37,True,False
68,65,Single Feasible Projection,17.889838158492157,0.1573939030950884,6.593205127786651,13278.287780473494,0.7510657015428067,1.0000000000000022,37,37,True,False
68,66,Single Feasible Projection,28.60822776717657,0.1573939030950884,8.280214303191329,13285.628623884364,0.7506575993950184,1.000000000000002,37,37,True,False
68,67,Single Feasible Projection,29.635786083444597,0.1573939030950884,8.44194571724657,13286.327500381401,0.750619378982562,1.000000000000002,37,37,True,False
68,68,Single Feasible Projection,18.194876698383364,0.1573939030950884,6.641216334174556,13278.552735869393,0.7510562035862342,1.0000000000000022,37,37,True,False
68,69,Single Feasible Projection,4.489173706562715,0.1573939030950884,4.484022245629873,13269.053094867108,0.7515680152156533,1.000000000000002,37,37,True,False
68,70,Single Feasible Projection,1.7454063208658894,0.1573939030950884,4.052169987610043,13266.756144628038,0.7516073698529226,1.000000000000002,37,37,True,False
68,71,Single Feasible Projection,16.545095870950423,0.1573939030950884,6.38155089049344,13277.38150738088,0.7511213725420411,1.000000000000002,37,37,True,False
69,64,Risk-Constrained Convex Verifier,101.62918395489366,0.1573939030950884,19.77326760531157,13334.709627399783,0.7477754201508661,1.000000000000002,37,37,True,False
69,65,Risk-Constrained Convex Verifier,46.18700373617175,0.1573939030950884,11.047006464585625,13296.626404879782,0.7499026629948525,1.000000000000002,37,37,True,False
69,66,Risk-Constrained Convex Verifier,56.073940186288326,0.1573939030950884,12.60314998212257,13303.417739552868,0.7495233143702226,1.000000000000002,37,37,True,False
69,67,Risk-Constrained Convex Verifier,54.42013468468933,0.1573939030950884,12.342851079265774,13299.713153461522,0.7505373777024191,1.000000000000002,37,37,True,False
69,68,Risk-Constrained Convex Verifier,45.465411886209715,0.1573939030950884,10.933432306878496,13294.057334427705,0.7506948945539642,1.000000000000002,37,37,True,False
69,69,Risk-Constrained Convex Verifier,39.074339139038884,0.1573939030950884,9.927516422236629,13290.781695394082,0.7504910299235886,1.000000000000002,37,37,True,False
69,70,Risk-Constrained Convex Verifier,35.703005208582596,0.1573939030950884,9.396889016285208,13289.489544264434,0.750293719476021,1.000000000000002,37,37,True,False
69,71,Risk-Constrained Convex Verifier,31.249506174857878,0.1573939030950884,8.695935420937069,13286.460571840234,0.750459369023349,1.000000000000002,37,37,True,False
69,64,Single Feasible Projection,78.73774461536081,0.1573939030950884,16.17029462019804,13319.878247103523,0.7487583190289163,1.000000000000002,37,37,True,False
69,65,Single Feasible Projection,46.18700373617175,0.1573939030950884,11.047006464585625,13297.547666003622,0.7500998477568871,1.000000000000002,37,37,True,False
69,66,Single Feasible Projection,56.073940186288326,0.1573939030950884,12.60314998212257,13303.273130326541,0.7501105463808447,1.000000000000002,37,37,True,False
69,67,Single Feasible Projection,54.42013468468932,0.1573939030950884,12.342851079265772,13301.644122238476,0.7501021173798146,1.000000000000002,37,37,True,False
69,68,Single Feasible Projection,45.52042783060091,0.1573939030950884,10.942091481098688,13296.484033971632,0.7500981862410205,1.0000000000000022,37,37,True,False
69,69,Single Feasible Projection,61.192950771444764,0.1573939030950884,13.408851038105416,13305.293321209687,0.7502419258698201,1.0000000000000022,37,37,True,False
69,70,Single Feasible Projection,43.18936686760896,0.1573939030950884,10.575196697780788,13296.769828657645,0.7501807711593703,1.000000000000002,37,37,True,False
69,71,Single Feasible Projection,34.77769605330147,0.1573939030950884,9.251250996765892,13289.427438130755,0.7505404956136581,1.0000000000000022,37,37,True,False
70,64,Risk-Constrained Convex Verifier,118.0,0.1573939030950884,22.349934239502556,13345.954737671784,0.7471472936748728,1.000000000000002,37,37,True,False
70,65,Risk-Constrained Convex Verifier,53.0670429570697,0.1573939030950884,12.129882691010044,13301.352302446618,0.7496386850246273,1.000000000000002,37,37,True,False
70,66,Risk-Constrained Convex Verifier,14.097013685216591,0.1573939030950884,5.9962376801832376,13274.794592715953,0.7510973623393774,1.000000000000002,37,37,True,False
70,67,Risk-Constrained Convex Verifier,22.009403901200823,0.1573939030950884,7.2415996590883855,13280.176071771464,0.7508030580524258,1.000000000000002,37,37,True,False
70,68,Risk-Constrained Convex Verifier,28.737411057972295,0.1573939030950884,8.300546965544335,13284.75201262008,0.7505528073323742,1.000000000000002,37,37,True,False
70,69,Risk-Constrained Convex Verifier,40.690422111074795,0.1573939030950884,10.181878028930871,13292.881651942296,0.7501082106556581,1.000000000000002,37,37,True,False
70,70,Risk-Constrained Convex Verifier,57.14443851988789,0.1573939030950884,12.771639893104595,13302.023457492076,0.7502426535870104,1.0000000000000022,37,37,True,False
70,71,Risk-Constrained Convex Verifier,65.26847269328188,0.1573939030950884,14.050313340532954,13306.472662906006,0.7503846671383125,1.000000000000002,37,37,True,False
70,64,Single Feasible Projection,79.79270204605442,0.1573939030950884,16.336338487814075,13320.68935475975,0.7487358790404107,1.0000000000000022,37,37,True,False
70,65,Single Feasible Projection,65.48337840702692,0.1573939030950884,14.084138189616723,13310.739431017297,0.7492666839596555,1.000000000000002,37,37,True,False
70,66,Single Feasible Projection,19.426811149789174,0.1573939030950884,6.835115305838621,13279.404494734816,0.751014297111407,1.000000000000002,37,37,True,False
70,67,Single Feasible Projection,22.009403901200823,0.1573939030950884,7.2415996590883855,13281.047567992904,0.7509059906058791,1.000000000000002,37,37,True,False
70,68,Single Feasible Projection,23.672488100875558,0.1573939030950884,7.503358972450964,13282.18436372537,0.7508423324415556,1.000000000000002,37,37,True,False
70,69,Single Feasible Projection,45.86166456911539,0.1573939030950884,10.995800063252918,13298.034700465669,0.7500412167327141,1.000000000000002,37,37,True,False
70,70,Single Feasible Projection,57.37059984559928,0.1573939030950884,12.80723630688747,13304.11145986346,0.7502485398131973,1.000000000000002,37,37,True,False
70,71,Single Feasible Projection,65.72079534470464,0.1573939030950884,14.121506168098701,13309.229750818795,0.7503883037498623,1.0000000000000022,37,37,True,False
71,64,Risk-Constrained Convex Verifier,118.0,0.1573939030950884,22.349934239502556,13345.954737671784,0.7471472936748728,1.000000000000002,37,37,True,False
71,65,Risk-Constrained Convex Verifier,81.06147180541241,0.1573939030950884,16.536035112368445,13320.581670031837,0.7485645759581332,1.000000000000002,37,37,True,False
71,66,Risk-Constrained Convex Verifier,54.88633019011476,0.1573939030950884,12.41622740947007,13302.60197048367,0.7495688813889769,1.000000000000002,37,37,True,False
71,67,Risk-Constrained Convex Verifier,42.06712121455042,0.1573939030950884,10.398562074214407,13293.817990670399,0.7500570038222064,1.000000000000002,37,37,True,False
71,68,Risk-Constrained Convex Verifier,37.93667646071536,0.1573939030950884,9.748455252889677,13291.008738178301,0.750210637245848,1.000000000000002,37,37,True,False
71,69,Risk-Constrained Convex Verifier,48.425429811551695,0.1573939030950884,11.399321081379494,13298.163979303928,0.7498167775583157,1.000000000000002,37,37,True,False
71,70,Risk-Constrained Convex Verifier,49.44745615979135,0.1573939030950884,11.560181797394955,13298.866008998428,0.7497775637642858,1.000000000000002,37,37,True,False
71,71,Risk-Constrained Convex Verifier,49.1129940901463,0.1573939030950884,11.507539506816258,13298.636267069583,0.7497903966298302,1.000000000000002,37,37,True,False
71,64,Single Feasible Projection,85.51915735307958,0.1573939030950884,17.237647639486347,13325.240223237877,0.7487419939682787,1.000000000000002,37,37,True,False
71,65,Single Feasible Projection,80.52224622143909,0.1573939030950884,16.451164293058156,13322.233395218962,0.7487991282666902,1.0000000000000022,37,37,True,False
71,66,Single Feasible Projection,74.709542179105,0.1573939030950884,15.536280116298595,13317.478505726735,0.7489431906646337,1.0000000000000022,37,37,True,False
71,67,Single Feasible Projection,37.361910792679694,0.1573939030950884,9.657990641032487,13291.506732644884,0.7503634973330052,1.0000000000000022,37,37,True,False
71,68,Single Feasible Projection,42.24032262722703,0.1573939030950884,10.425822920577163,13294.878369142247,0.7501541093294718,1.0000000000000022,37,37,True,False
71,69,Single Feasible Projection,41.113645509237905,0.1573939030950884,10.248490811448928,13294.136546669994,0.7501969010806877,1.000000000000002,37,37,True,False
71,70,Single Feasible Projection,59.989924245901925,0.1573939030950884,13.219501997723302,13307.453349851232,0.749498486005296,1.0000000000000022,37,37,True,False
71,71,Single Feasible Projection,77.99797829866324,0.1573939030950884,16.05385991223473,13319.842352030339,0.7488010660114033,1.000000000000002,37,37,True,False
72,64,Risk-Constrained Convex Verifier,78.08856480026051,0.1573939030950884,16.068117675288857,13318.539580803712,0.7486786424527695,1.000000000000002,37,37,True,False
72,65,Risk-Constrained Convex Verifier,12.965489318347636,0.1573939030950884,5.818142643634533,13274.025005459149,0.7511394498076227,1.000000000000002,37,37,True,False
72,66,Risk-Constrained Convex Verifier,31.930911313211844,0.1573939030950884,8.80318443525165,13286.924018078382,0.750434023906653,1.000000000000002,37,37,True,False
72,67,Risk-Constrained Convex Verifier,49.62015464012424,0.1573939030950884,11.587363485273139,13298.98463555008,0.7497709375528884,1.000000000000002,37,37,True,False
72,68,Risk-Constrained Convex Verifier,41.37197769349628,0.1573939030950884,10.289150722224434,13293.345200502446,0.7500828599431393,1.000000000000002,37,37,True,False
72,69,Risk-Constrained Convex Verifier,35.465787784751754,0.1573939030950884,9.35955244006631,13289.328204825515,0.7503025428660293,1.000000000000002,37,37,True,False
72,70,Risk-Constrained Convex Verifier,31.98442210349529,0.1573939030950884,8.811606707392064,13286.960412541914,0.7504320335529737,1.000000000000002,37,37,True,False
72,71,Risk-Constrained Convex Verifier,31.52158484561641,0.1573939030950884,8.738758944876679,13286.645621569603,0.7504492489563392,1.000000000000002,37,37,True,False
72,64,Single Feasible Projection,77.07633654897413,0.1573939030950884,15.908799119995777,13318.866201030622,0.748841845459378,1.0000000000000022,37,37,True,False
72,65,Single Feasible Projection,35.744101843046025,0.1573939030950884,9.40335737598748,13290.561835383012,0.7504126684450148,1.0000000000000022,37,37,True,False
72,66,Single Feasible Projection,31.93091131321185,0.1573939030950884,8.80318443525165,13287.887460792557,0.7505393812510063,1.0000000000000022,37,37,True,False
72,67,Single Feasible Projection,49.62015464012424,0.1573939030950884,11.587363485273139,13299.578095657744,0.7499024365739665,1.000000000000002,37,37,True,False
72,68,Single Feasible Projection,39.15538851171782,0.1573939030950884,9.940273099345974,13292.55546923014,0.7502589425665204,1.000000000000002,37,37,True,False
72,69,Single Feasible Projection,37.682376966530185,0.1573939030950884,9.708430062944766,13291.799223370861,0.7503254533541482,1.0000000000000022,37,37,True,False
72,70,Single Feasible Projection,31.49061441362568,0.1573939030950884,8.733884387705116,13287.588000265629,0.7505557582573904,1.0000000000000022,37,37,True,False
72,71,Single Feasible Projection,30.168262168014813,0.1573939030950884,8.525754206501865,13286.688624638351,0.7506049436393191,1.0000000000000022,37,37,True,False
73,64,Risk-Constrained Convex Verifier,118.0,0.1573939030950884,22.349934239502556,13345.954737671784,0.7471472936748728,1.000000000000002,37,37,True,False
73,65,Risk-Constrained Convex Verifier,94.76177610208507,0.1573939030950884,18.692379479212164,13329.992406317164,0.7480389134722685,1.000000000000002,37,37,True,False
73,66,Risk-Constrained Convex Verifier,67.27154215285711,0.1573939030950884,14.365584260946068,13311.109370107453,0.7490936772499069,1.000000000000002,37,37,True,False
73,67,Risk-Constrained Convex Verifier,54.7933556920956,0.1573939030950884,12.401593790338529,13302.53810631955,0.7495724486970229,1.000000000000002,37,37,True,False
73,68,Risk-Constrained Convex Verifier,38.80537534980884,0.1573939030950884,9.885183161658468,13291.59956910923,0.7501783256686695,1.000000000000002,37,37,True,False
73,69,Risk-Constrained Convex Verifier,23.096445343877416,0.1573939030950884,7.41269335457737,13280.915404715943,0.7507626251430342,1.000000000000002,37,37,True,False
73,70,Risk-Constrained Convex Verifier,22.896402626791236,0.1573939030950884,7.381207850549429,13280.779349028242,0.7507700658060456,1.000000000000002,37,37,True,False
73,71,Risk-Constrained Convex Verifier,24.685425996550787,0.1573939030950884,7.662789221444213,13281.996123167457,0.7507035224186741,1.000000000000002,37,37,True,False
73,64,Single Feasible Projection,85.01832162532452,0.1573939030950884,17.15881914948551,13326.415598484546,0.7488161688904887,1.0000000000000022,37,37,True,False
73,65,Single Feasible Projection,35.29460733435434,0.1573939030950884,9.332609680844685,13290.203851573988,0.7504144733335875,1.000000000000002,37,37,True,False
73,66,Single Feasible Projection,77.69309592349876,0.1573939030950884,16.005873285222695,13320.487457761308,0.7488806011705915,1.000000000000002,37,37,True,False
73,67,Single Feasible Projection,33.32711076060301,0.1573939030950884,9.02293771577575,13288.86569188843,0.7504876550979357,1.000000000000002,37,37,True,False
73,68,Single Feasible Projection,21.918239352111037,0.1573939030950884,7.22725091488324,13281.084257814979,0.7509192090700435,1.000000000000002,37,37,True,False
73,69,Single Feasible Projection,20.529765004121046,0.1573939030950884,7.008713517905687,13280.150358982963,0.7509704348350069,1.0000000000000022,37,37,True,False
73,70,Single Feasible Projection,22.896402626791232,0.1573939030950884,7.381207850549428,13281.388696531722,0.7509991792228482,1.000000000000002,37,37,True,False
73,71,Single Feasible Projection,20.184485309260232,0.1573939030950884,6.954368599072061,13279.747673005691,0.7510344505325054,1.000000000000002,37,37,True,False
74,64,Risk-Constrained Convex Verifier,118.0,0.1573939030950884,22.349934239502556,13345.954737671784,0.7471472936748728,1.000000000000002,37,37,True,False
74,65,Risk-Constrained Convex Verifier,94.76177610208508,0.1573939030950884,18.692379479212164,13329.992406317164,0.7480389134722685,1.000000000000002,37,37,True,False
74,66,Risk-Constrained Convex Verifier,75.53307382476832,0.1573939030950884,15.665898976331865,13316.784214562997,0.7487766932485543,1.000000000000002,37,37,True,False
74,67,Risk-Constrained Convex Verifier,27.206648754369837,0.1573939030950884,8.059614311869517,13283.71089039899,0.7506097446036609,1.000000000000002,37,37,True,False
74,68,Risk-Constrained Convex Verifier,1.85869475774218,0.1573939030950884,4.070000896865543,13266.470906044153,0.751552571148235,1.000000000000002,37,37,True,False
74,69,Risk-Constrained Convex Verifier,1.9631170813363692,0.1573939030950884,4.086436333946291,13266.541927130325,0.7515486871212032,1.000000000000002,37,37,True,False
74,70,Risk-Constrained Convex Verifier,1.634141557545469,0.1573939030950884,4.03465759223409,13266.318179963826,0.751560923487751,1.000000000000002,37,37,True,False
74,71,Risk-Constrained Convex Verifier,0.7303912092957319,0.1573939030950884,3.8924127974995186,13265.703509372797,0.7515945388169454,1.000000000000002,37,37,True,False
74,64,Single Feasible Projection,81.34512718792055,0.1573939030950884,16.58068074015533,13323.12504012567,0.748773367718502,1.000000000000002,37,37,True,False
74,65,Single Feasible Projection,61.131714045993206,0.1573939030950884,13.39921275087383,13307.824633557224,0.7494389050140199,1.000000000000002,37,37,True,False
74,66,Single Feasible Projection,63.45639923284016,0.1573939030950884,13.765104025899008,13309.2577463232,0.7494015937407961,1.000000000000002,37,37,True,False
74,67,Single Feasible Projection,25.057384144511488,0.1573939030950884,7.721333166139769,13283.201581624864,0.7507959104636537,1.000000000000002,37,37,True,False
74,68,Single Feasible Projection,6.850994510149418,0.1573939030950884,4.855758440317562,13271.00367850197,0.7514980987326774,1.000000000000002,37,37,True,False
74,69,Single Feasible Projection,4.491204271024894,0.1573939030950884,4.484341844096061,13269.323088469513,0.7515811103549961,1.0000000000000022,37,37,True,False
74,70,Single Feasible Projection,2.7750186264609926,0.1573939030950884,4.214224687062388,13267.627773046017,0.7515997719062191,1.000000000000002,37,37,True,False
74,71,Single Feasible Projection,0.7303912092957319,0.1573939030950884,3.8924127974995186,13265.778621741625,0.7516131125018171,1.000000000000002,37,37,True,False
75,64,Risk-Constrained Convex Verifier,118.0,0.1573939030950884,22.349934239502556,13345.954737671784,0.7471472936748728,1.000000000000002,37,37,True,False
75,65,Risk-Constrained Convex Verifier,94.7617761020851,0.1573939030950884,18.692379479212168,13329.992406317164,0.7480389134722685,1.000000000000002,37,37,True,False
75,66,Risk-Constrained Convex Verifier,82.14422098844165,0.1573939030950884,16.706453232358434,13321.325410229427,0.7485230323095547,1.000000000000002,37,37,True,False
75,67,Risk-Constrained Convex Verifier,51.75059365773255,0.1573939030950884,11.922681597560576,13300.448033685809,0.749689195436383,1.000000000000002,37,37,True,False
75,68,Risk-Constrained Convex Verifier,29.04106311219057,0.1573939030950884,8.348339947540591,13284.958536454893,0.7505415128816635,1.000000000000002,37,37,True,False
75,69,Risk-Constrained Convex Verifier,31.20431543685396,0.1573939030950884,8.688822674298885,13286.429836120251,0.7504610499095997,1.000000000000002,37,37,True,False
75,70,Risk-Constrained Convex Verifier,34.28680391915934,0.1573939030950884,9.173987567774585,13288.526338789303,0.7503463956079213,1.000000000000002,37,37,True,False
75,71,Risk-Constrained Convex Verifier,34.246962286955856,0.1573939030950884,9.167716737776399,13288.499241173615,0.7503478775321991,1.000000000000002,37,37,True,False
75,64,Single Feasible Projection,79.79113089502822,0.1573939030950884,16.33609119822171,13320.547788888165,0.7487190942092129,1.0000000000000022,37,37,True,False
75,65,Single Feasible Projection,67.27764132851654,0.1573939030950884,14.366544234008769,13312.514125283778,0.7492320364048947,1.000000000000002,37,37,True,False
75,66,Single Feasible Projection,66.40706822525753,0.1573939030950884,14.22952133535723,13311.193886862304,0.7492319669149687,1.0000000000000022,37,37,True,False
75,67,Single Feasible Projection,49.24624019287814,0.1573939030950884,11.52851163099743,13299.023572134807,0.7500158642767076,1.0000000000000022,37,37,True,False
75,68,Single Feasible Projection,26.963507340427157,0.1573939030950884,8.02134533572502,13284.505043658348,0.7507256911084152,1.000000000000002,37,37,True,False
75,69,Single Feasible Projection,33.88988957861858,0.1573939030950884,9.111515670522461,13289.219013011709,0.7504669980115197,1.0000000000000022,37,37,True,False
75,70,Single Feasible Projection,16.365035985619112,0.1573939030950884,6.353210562350291,13277.349410730887,0.7511305943558978,1.0000000000000022,37,37,True,False
75,71,Single Feasible Projection,32.51677879073723,0.1573939030950884,8.895396404235843,13288.261745681253,0.7505173201367756,1.0000000000000022,37,37,True,False
76,64,Risk-Constrained Convex Verifier,118.0,0.1573939030950884,22.349934239502556,13345.954737671784,0.7471472936748728,1.000000000000002,37,37,True,False
76,65,Risk-Constrained Convex Verifier,74.47683310617201,0.1573939030950884,15.49965312702403,13316.058683024334,0.748817219802548,1.000000000000002,37,37,True,False
76,66,Risk-Constrained Convex Verifier,7.867950856008196,0.1573939030950884,5.015821168869594,13270.558000455483,0.7513290546402226,1.000000000000002,37,37,True,False
76,67,Risk-Constrained Convex Verifier,42.542773442885725,0.1573939030950884,10.473426834947979,13294.141497529215,0.7500393117612645,1.000000000000002,37,37,True,False
76,68,Risk-Constrained Convex Verifier,33.28318293406659,0.1573939030950884,9.016023743702698,13287.84374286525,0.7503837256624718,1.000000000000002,37,37,True,False
76,69,Risk-Constrained Convex Verifier,37.500292181430424,0.1573939030950884,9.679771027923683,13290.71193875423,0.7502268687208695,1.000000000000002,37,37,True,False
76,70,Risk-Constrained Convex Verifier,37.32139027087689,0.1573939030950884,9.651612957950494,13290.590261630332,0.7502335230437459,1.000000000000002,37,37,True,False
76,71,Risk-Constrained Convex Verifier,36.36200666653828,0.1573939030950884,9.500611827898206,13289.937753016371,0.7502692076725218,1.000000000000002,37,37,True,False
76,64,Single Feasible Projection,81.35180523931344,0.1573939030950884,16.581731824729125,13322.040012246127,0.7487013192066174,1.000000000000002,37,37,True,False
76,65,Single Feasible Projection,34.03865166198395,0.1573939030950884,9.134929915455894,13289.392843173879,0.7504800052594792,1.0000000000000022,37,37,True,False
76,66,Single Feasible Projection,7.867950856008197,0.1573939030950884,5.015821168869594,13271.656780802241,0.7514650404245171,1.000000000000002,37,37,True,False
76,67,Single Feasible Projection,42.5427734428857,0.1573939030950884,10.473426834947976,13294.865165689103,0.7501370742982731,1.0000000000000022,37,37,True,False
76,68,Single Feasible Projection,47.33744196233291,0.1573939030950884,11.22807842727092,13297.961398917014,0.7501955224494484,1.000000000000002,37,37,True,False
76,69,Single Feasible Projection,42.30375481258078,0.1573939030950884,10.435806759811841,13294.035488179625,0.7503610745547165,1.000000000000002,37,37,True,False
76,70,Single Feasible Projection,48.04741736335548,0.1573939030950884,11.339824226739362,13300.76989618576,0.7501985560583817,1.000000000000002,37,37,True,False
76,71,Single Feasible Projection,6.778257914642987,0.1573939030950884,4.844310143652956,13271.06412764404,0.7515132235537474,1.000000000000002,37,37,True,False
77,64,Risk-Constrained Convex Verifier,6.110120134072973,0.1573939030950884,4.739149330563752,13269.36244147078,0.7513944378054962,1.000000000000002,37,37,True,False
77,65,Risk-Constrained Convex Verifier,2.0117525372607314,0.1573939030950884,4.0940912581830355,13266.575005717234,0.7515468781073923,1.000000000000002,37,37,True,False
77,66,Risk-Constrained Convex Verifier,1.2262277296091257,0.1573939030950884,3.9704544427287307,13266.040744238138,0.7515760959937817,1.000000000000002,37,37,True,False
77,67,Risk-Constrained Convex Verifier,0.4973621711450873,0.1573939030950884,3.8557354476504946,13265.545018593917,0.7516032064183957,1.000000000000002,37,37,True,False
77,68,Risk-Constrained Convex Verifier,2.196907720353071,0.1573939030950884,4.123233555128225,13266.700935899218,0.7515399911917261,1.000000000000002,37,37,True,False
77,69,Risk-Constrained Convex Verifier,1.4097985257623655,0.1573939030950884,3.999347366829562,13266.16559682601,0.7515692680099749,1.000000000000002,37,37,True,False
77,70,Risk-Constrained Convex Verifier,1.0234856857476657,0.1573939030950884,3.9385440811239,13265.902852648753,0.7515836370592531,1.000000000000002,37,37,True,False
77,71,Risk-Constrained Convex Verifier,0.2579480017356639,0.1573939030950884,3.8180531170708765,13265.382185075461,0.75161211151717,1.000000000000002,37,37,True,False
77,64,Single Feasible Projection,4.554879246141452,0.1573939030950884,4.494363896959139,13269.408476662049,0.7515982177173144,1.000000000000002,37,37,True,False
77,65,Single Feasible Projection,2.6386679707170746,0.1573939030950884,4.192763925165279,13267.218443286049,0.751591633634454,1.000000000000002,37,37,True,False
77,66,Single Feasible Projection,2.154553184084312,0.1573939030950884,4.1165672093511025,13267.159860013138,0.7516168057443114,1.0000000000000022,37,37,True,False
77,67,Single Feasible Projection,0.4973621711450873,0.1573939030950884,3.8557354476504946,13265.746277983617,0.7516176179623915,1.000000000000002,37,37,True,False
77,68,Single Feasible Projection,2.196907720353072,0.1573939030950884,4.123233555128225,13267.754061900088,0.7516192424974263,1.000000000000002,37,37,True,False
77,69,Single Feasible Projection,1.4097985257623655,0.1573939030950884,3.999347366829562,13266.423780159435,0.7516140539851573,1.0000000000000022,37,37,True,False
77,70,Single Feasible Projection,1.0234856857476657,0.1573939030950884,3.9385440811239,13266.088681484633,0.7516094700307674,1.000000000000002,37,37,True,False
77,71,Single Feasible Projection,0.2579480017356639,0.1573939030950884,3.8180531170708765,13265.35912066845,0.7516203712844551,1.000000000000002,37,37,True,False
78,64,Risk-Constrained Convex Verifier,73.185470557657,0.1573939030950884,15.296400535202434,13315.171646347651,0.7488667676689826,1.000000000000002,37,37,True,False
78,65,Risk-Constrained Convex Verifier,14.796986194160777,0.1573939030950884,6.106409085425224,13275.270667238758,0.75107132660245,1.000000000000002,37,37,True,False
78,66,Risk-Constrained Convex Verifier,9.328093227561785,0.1573939030950884,5.245638675802932,13271.551091718185,0.7512747441034848,1.000000000000002,37,37,True,False
78,67,Risk-Constrained Convex Verifier,5.724847628181632,0.1573939030950884,4.678509787106289,13269.100404859273,0.7514087681591609,1.000000000000002,37,37,True,False
78,68,Risk-Constrained Convex Verifier,4.3822543995323215,0.1573939030950884,4.467193798580137,13268.187262667998,0.7514587064119566,1.000000000000002,37,37,True,False
78,69,Risk-Constrained Convex Verifier,7.613882248559246,0.1573939030950884,4.97583231908927,13270.3851999676,0.7513385048162516,1.000000000000002,37,37,True,False
78,70,Risk-Constrained Convex Verifier,6.535379612868603,0.1573939030950884,4.806082579759579,13269.651674549004,0.7513786201215523,1.000000000000002,37,37,True,False
78,71,Risk-Constrained Convex Verifier,4.786814242943073,0.1573939030950884,4.530869051370093,13268.462417237548,0.7514436586586236,1.000000000000002,37,37,True,False
78,64,Single Feasible Projection,24.003302233795036,0.1573939030950884,7.555427100030176,13282.359737347784,0.7508306145190798,1.0000000000000022,37,37,True,False
78,65,Single Feasible Projection,14.078913731856023,0.1573939030950884,5.993388857877979,13275.959055220765,0.7512337627542415,1.000000000000002,37,37,True,False
78,66,Single Feasible Projection,9.031323910793471,0.1573939030950884,5.198928994717904,13272.632941937929,0.7514344373683152,1.000000000000002,37,37,True,False
78,67,Single Feasible Projection,8.739427993118625,0.1573939030950884,5.152986356937538,13272.35039675555,0.7514347392726258,1.000000000000002,37,37,True,False
78,68,Single Feasible Projection,8.841150051796285,0.1573939030950884,5.168996788783682,13272.424453030093,0.7514328795629142,1.0000000000000022,37,37,True,False
78,69,Single Feasible Projection,8.681236266265712,0.1573939030950884,5.1438273339203135,13272.772393081448,0.75146732057129,1.0000000000000022,37,37,True,False
78,70,Single Feasible Projection,7.437059297689562,0.1573939030950884,4.9480014646951,13271.491101048123,0.7514852029213616,1.000000000000002,37,37,True,False
78,71,Single Feasible Projection,6.974556518019655,0.1573939030950884,4.875206347010525,13271.098460900957,0.751501322430523,1.0000000000000022,37,37,True,False
79,64,Risk-Constrained Convex Verifier,118.0,0.1573939030950884,22.349934239502556,13345.954737671784,0.7471472936748728,1.000000000000002,37,37,True,False
79,65,Risk-Constrained Convex Verifier,22.97878735061566,0.1573939030950884,7.3941747037875665,13280.835381611778,0.7507670014757055,1.000000000000002,37,37,True,False
79,66,Risk-Constrained Convex Verifier,21.603046260585817,0.1573939030950884,7.177641443979478,13279.899694460397,0.7508181726754922,1.000000000000002,37,37,True,False
79,67,Risk-Constrained Convex Verifier,43.03058188403282,0.1573939030950884,10.550204909462849,13294.473272231608,0.7500211675454811,1.000000000000002,37,37,True,False
79,68,Risk-Constrained Convex Verifier,29.718265562507504,0.1573939030950884,8.454927484381532,13285.419124305496,0.7505163240855068,1.000000000000002,37,37,True,False
79,69,Risk-Constrained Convex Verifier,37.50029218143042,0.1573939030950884,9.679771027923682,13290.71193875423,0.7502268687208695,1.000000000000002,37,37,True,False
79,70,Risk-Constrained Convex Verifier,37.32139027087689,0.1573939030950884,9.651612957950494,13290.590261630332,0.7502335230437459,1.000000000000002,37,37,True,False
79,71,Risk-Constrained Convex Verifier,41.09389079062376,0.1573939030950884,10.245381539181704,13293.156064375109,0.7500932034885696,1.000000000000002,37,37,True,False
79,64,Single Feasible Projection,80.2321860021259,0.1573939030950884,16.405510583007835,13321.231122571366,0.7487241901788275,1.000000000000002,37,37,True,False
79,65,Single Feasible Projection,17.29121620810127,0.1573939030950884,6.498985682536235,13278.030669894508,0.7511012208889734,1.000000000000002,37,37,True,False
79,66,Single Feasible Projection,27.942211329031686,0.1573939030950884,8.175387376466217,13285.068344890333,0.7506827288934484,1.0000000000000022,37,37,True,False
79,67,Single Feasible Projection,48.73690356886324,0.1573939030950884,11.44834515175445,13302.416165090595,0.7500351494899324,1.0000000000000022,37,37,True,False
79,68,Single Feasible Projection,29.718265562507476,0.1573939030950884,8.454927484381527,13285.801154874292,0.7507698773792136,1.0000000000000022,37,37,True,False
79,69,Single Feasible Projection,63.234786336429565,0.1573939030950884,13.73022350715674,13307.775668546215,0.7503799090171844,1.000000000000002,37,37,True,False
79,70,Single Feasible Projection,37.115857715802655,0.1573939030950884,9.619263386894254,13291.217488092712,0.7503514188105253,1.000000000000002,37,37,True,False
79,71,Single Feasible Projection,30.916636038040842,0.1573939030950884,8.64354369087964,13286.761128914963,0.7506785734325155,1.000000000000002,37,37,True,False
80,64,Risk-Constrained Convex Verifier,118.0,0.1573939030950884,22.349934239502556,13345.954737671784,0.7471472936748728,1.000000000000002,37,37,True,False
80,65,Risk-Constrained Convex Verifier,103.88103600193166,0.1573939030950884,20.127695388187544,13336.25642412118,0.7476890195776222,1.000000000000002,37,37,True,False
80,66,Risk-Constrained Convex Verifier,71.49329418666726,0.1573939030950884,15.030062291447075,13314.009290736361,0.748931694229622,1.000000000000002,37,37,True,False
80,67,Risk-Constrained Convex Verifier,17.336901880377457,0.1573939030950884,6.506176328811307,13276.998148150977,0.7509768534970362,1.000000000000002,37,37,True,False
80,68,Risk-Constrained Convex Verifier,1.8968046094625821,0.1573939030950884,4.075999155174192,13266.496825818489,0.7515511536381744,1.000000000000002,37,37,True,False
80,69,Risk-Constrained Convex Verifier,20.46802802655701,0.1573939030950884,6.998996494041589,13279.127730908636,0.7508603900994215,1.000000000000002,37,37,True,False
80,70,Risk-Constrained Convex Verifier,16.01741254326444,0.1573939030950884,6.298496751950739,13276.100719682738,0.7510259323920222,1.000000000000002,37,37,True,False
80,71,Risk-Constrained Convex Verifier,26.974071760910007,0.1573939030950884,8.023008111098752,13283.5527070707,0.7506183953911416,1.000000000000002,37,37,True,False
80,64,Single Feasible Projection,83.62784532793945,0.1573939030950884,16.939966657878866,13326.730486327233,0.748717058664328,1.0000000000000022,37,37,True,False
80,65,Single Feasible Projection,49.35499460188774,0.1573939030950884,11.545628911910255,13303.205523205936,0.750029105844595,1.0000000000000022,37,37,True,False
80,66,Single Feasible Projection,49.35499460188774,0.1573939030950884,11.545628911910255,13303.205523205936,0.750029105844595,1.0000000000000022,37,37,True,False
80,67,Single Feasible Projection,26.644263507140614,0.1573939030950884,7.971098302765013,13284.188516533344,0.7507354766217939,1.0000000000000022,37,37,True,False
80,68,Single Feasible Projection,6.982134343434417,0.1573939030950884,4.876399050529527,13271.065075389968,0.7514876262710061,1.000000000000002,37,37,True,False
80,69,Single Feasible Projection,30.349818030376035,0.1573939030950884,8.554329992308693,13286.698231075054,0.7505943489250293,1.000000000000002,37,37,True,False
80,70,Single Feasible Projection,18.376286713557235,0.1573939030950884,6.669769164523311,13278.558041714197,0.7510480914140681,1.000000000000002,37,37,True,False
80,71,Single Feasible Projection,26.974071760910007,0.1573939030950884,8.023008111098752,13283.666564134492,0.7509599507759295,1.0000000000000022,37,37,True,False
81,64,Risk-Constrained Convex Verifier,118.0,0.1573939030950884,22.349934239502556,13345.954737671784,0.7471472936748728,1.000000000000002,37,37,True,False
81,65,Risk-Constrained Convex Verifier,114.03775283448411,0.1573939030950884,21.726300693094558,13343.233070885084,0.7472993198379079,1.000000000000002,37,37,True,False
81,66,Risk-Constrained Convex Verifier,82.5101827414872,0.1573939030950884,16.764053381053795,13321.576789284507,0.7485089908429806,1.000000000000002,37,37,True,False
81,67,Risk-Constrained Convex Verifier,59.876220822213895,0.1573939030950884,13.201605772073771,13306.029525362339,0.7493774259105391,1.000000000000002,37,37,True,False
81,68,Risk-Constrained Convex Verifier,66.56979634716409,0.1573939030950884,14.255133749607438,13312.93860512483,0.7507099311007294,1.0000000000000022,37,37,True,False
81,69,Risk-Constrained Convex Verifier,58.311052855886714,0.1573939030950884,12.955257876854134,13301.787300576449,0.7506299602726724,1.0000000000000022,37,37,True,False
81,70,Risk-Constrained Convex Verifier,53.33200660814532,0.1573939030950884,12.171586354231161,13299.044141557006,0.75054780576032,1.000000000000002,37,37,True,False
81,71,Risk-Constrained Convex Verifier,63.84888284714722,0.1573939030950884,13.826878553855664,13312.031176476288,0.750751284968311,1.000000000000002,37,37,True,False
81,64,Single Feasible Projection,78.94773059917009,0.1573939030950884,16.203345133785046,13319.991573003841,0.7487516865294662,1.0000000000000022,37,37,True,False
81,65,Single Feasible Projection,78.93365949304814,0.1573939030950884,16.201130427471647,13319.983514628653,0.7487517224147999,1.000000000000002,37,37,True,False
81,66,Single Feasible Projection,63.86666538620221,0.1573939030950884,13.829677417084469,13309.632392320862,0.7493303269784424,1.0000000000000022,37,37,True,False
81,67,Single Feasible Projection,50.68479399657643,0.1573939030950884,11.754931228973792,13301.706123750591,0.7498896673452504,1.0000000000000022,37,37,True,False
81,68,Single Feasible Projection,49.546585752536366,0.1573939030950884,11.575784190909319,13302.10575550314,0.7502069930482164,1.0000000000000022,37,37,True,False
81,69,Single Feasible Projection,83.63215500140178,0.1573939030950884,16.94064497420617,13325.994274259665,0.748698444924424,1.000000000000002,37,37,True,False
81,70,Single Feasible Projection,83.41134523330162,0.1573939030950884,16.90589086296336,13326.145353712702,0.748698669127405,1.0000000000000022,37,37,True,False
81,71,Single Feasible Projection,75.27752480428148,0.1573939030950884,15.625677118565315,13320.69067262944,0.7490407122591171,1.0000000000000022,37,37,True,False
82,64,Risk-Constrained Convex Verifier,118.0,0.1573939030950884,22.349934239502556,13345.954737671784,0.7471472936748728,1.000000000000002,37,37,True,False
82,65,Risk-Constrained Convex Verifier,114.03775283448411,0.1573939030950884,21.726300693094558,13343.233070885084,0.7472993198379079,1.000000000000002,37,37,True,False
82,66,Risk-Constrained Convex Verifier,82.51018274148723,0.1573939030950884,16.7640533810538,13321.576789284507,0.7485089908429806,1.000000000000002,37,37,True,False
82,67,Risk-Constrained Convex Verifier,47.28201729775865,0.1573939030950884,11.21935492298584,13297.378569476554,0.7498606487783522,1.000000000000002,37,37,True,False
82,68,Risk-Constrained Convex Verifier,31.630642473808436,0.1573939030950884,8.755923950640115,13286.719795280194,0.7504451925174347,1.000000000000002,37,37,True,False
82,69,Risk-Constrained Convex Verifier,33.86606002513866,0.1573939030950884,9.107765044091243,13288.24017691007,0.7503620453330156,1.000000000000002,37,37,True,False
82,70,Risk-Constrained Convex Verifier,32.062274541078935,0.1573939030950884,8.82386020640882,13287.013362567233,0.7504291378027004,1.000000000000002,37,37,True,False
82,71,Risk-Constrained Convex Verifier,25.763787124720675,0.1573939030950884,7.832516688352895,13282.729552342094,0.7506634123767981,1.000000000000002,37,37,True,False
82,64,Single Feasible Projection,80.20371355468374,0.1573939030950884,16.401029193374246,13320.88820186468,0.7487111122072575,1.0000000000000022,37,37,True,False
82,65,Single Feasible Projection,70.34041552610077,0.1573939030950884,14.848606219265479,13314.119104463265,0.74908767213549,1.000000000000002,37,37,True,False
82,66,Single Feasible Projection,65.20504271140426,0.1573939030950884,14.040329848111986,13310.589607970607,0.7492853399227625,1.0000000000000022,37,37,True,False
82,67,Single Feasible Projection,53.37077209381625,0.1573939030950884,12.177687805326284,13302.462659778601,0.7497387748232617,1.000000000000002,37,37,True,False
82,68,Single Feasible Projection,73.26564836981154,0.1573939030950884,15.309020033999062,13316.061799088286,0.7489733641494397,1.0000000000000022,37,37,True,False
82,69,Single Feasible Projection,43.90037875206297,0.1573939030950884,10.687105633422,13295.986723290662,0.7500970651275579,1.000000000000002,37,37,True,False
82,70,Single Feasible Projection,31.59170827828979,0.1573939030950884,8.749795945643568,13287.61518819852,0.7505548906882573,1.000000000000002,37,37,True,False
82,71,Single Feasible Projection,21.27175400775435,0.1573939030950884,7.125498063241168,13280.596244965855,0.7509387452126244,1.000000000000002,37,37,True,False
83,64,Risk-Constrained Convex Verifier,118.0,0.1573939030950884,22.349934239502556,13345.954737671784,0.7471472936748728,1.000000000000002,37,37,True,False
83,65,Risk-Constrained Convex Verifier,19.899162903848048,0.1573939030950884,6.90946059204376,13278.7408268683,0.7508815492485206,1.000000000000002,37,37,True,False
83,66,Risk-Constrained Convex Verifier,3.923843629846676,0.1573939030950884,4.395042738318489,13267.875482297142,0.7514757571704531,1.000000000000002,37,37,True,False
83,67,Risk-Constrained Convex Verifier,2.4630220038676676,0.1573939030950884,4.16511832087994,13266.881929050973,0.7515300929723109,1.000000000000002,37,37,True,False
83,68,Risk-Constrained Convex Verifier,3.019545523932175,0.1573939030950884,4.25271172986711,13267.260439157955,0.7515093928736967,1.000000000000002,37,37,True,False
83,69,Risk-Constrained Convex Verifier,1.813490288653762,0.1573939030950884,4.062885989038375,13266.440160985205,0.7515542525452187,1.000000000000002,37,37,True,False
83,70,Risk-Constrained Convex Verifier,2.3980970851394563,0.1573939030950884,4.154899534513175,13266.837771460057,0.7515325078787286,1.000000000000002,37,37,True,False
83,71,Risk-Constrained Convex Verifier,16.293103299117284,0.1573939030950884,6.341888796061653,13276.288226110999,0.7510156779721686,1.000000000000002,37,37,True,False
83,64,Single Feasible Projection,80.37807870153975,0.1573939030950884,16.42847320440166,13321.128347477012,0.7487110055025966,1.000000000000002,37,37,True,False
83,65,Single Feasible Projection,50.566458335235254,0.1573939030950884,11.736305917359966,13300.831169610992,0.7498866858243032,1.0000000000000022,37,37,True,False
83,66,Single Feasible Projection,5.090034727953261,0.1573939030950884,4.578594107004233,13269.903259345016,0.7515732977791244,1.000000000000002,37,37,True,False
83,67,Single Feasible Projection,4.235826753326019,0.1573939030950884,4.4441469798227,13269.308677545705,0.751604632954077,1.000000000000002,37,37,True,False
83,68,Single Feasible Projection,3.019545523932175,0.1573939030950884,4.25271172986711,13267.883375677418,0.7515877525776091,1.0000000000000022,37,37,True,False
83,69,Single Feasible Projection,1.813490288653762,0.1573939030950884,4.062885989038375,13267.043999145902,0.7516068382219079,1.0000000000000022,37,37,True,False
83,70,Single Feasible Projection,2.3980970851394563,0.1573939030950884,4.154899534513175,13267.108789575948,0.7515889371526514,1.0000000000000022,37,37,True,False
83,71,Single Feasible Projection,16.293103299117284,0.1573939030950884,6.341888796061652,13277.325555860405,0.7511322798310746,1.0000000000000022,37,37,True,False
84,64,Risk-Constrained Convex Verifier,20.623881229894884,0.1573939030950884,7.02352683802481,13279.233731842185,0.7508545930817536,1.000000000000002,37,37,True,False
84,65,Risk-Constrained Convex Verifier,6.08339142757098,0.1573939030950884,4.7349423951227205,13269.344262390841,0.751395431989642,1.000000000000002,37,37,True,False
84,66,Risk-Constrained Convex Verifier,6.257428633561302,0.1573939030950884,4.762334790257301,13269.462630867794,0.7513889586112551,1.000000000000002,37,37,True,False
84,67,Risk-Constrained Convex Verifier,5.881763641504724,0.1573939030950884,4.703207410901331,13269.207128645146,0.7514029316098817,1.000000000000002,37,37,True,False
84,68,Risk-Constrained Convex Verifier,5.758653822757221,0.1573939030950884,4.6838306760193325,13269.123397573621,0.7514075107252228,1.000000000000002,37,37,True,False
84,69,Risk-Constrained Convex Verifier,5.005434356571811,0.1573939030950884,4.565278524349211,13268.611108028888,0.7514355270024616,1.000000000000002,37,37,True,False
84,70,Risk-Constrained Convex Verifier,4.0823025922003815,0.1573939030950884,4.419983212883737,13267.983255493835,0.7514698632306126,1.000000000000002,37,37,True,False
84,71,Risk-Constrained Convex Verifier,4.492985193868503,0.1573939030950884,4.484622150493528,13268.262574354383,0.751454587739017,1.000000000000002,37,37,True,False
84,64,Single Feasible Projection,4.6015324252669885,0.1573939030950884,4.501706822913501,13269.636215272527,0.7515714789937726,1.0000000000000022,37,37,True,False
84,65,Single Feasible Projection,6.08339142757098,0.1573939030950884,4.7349423951227205,13270.625223687237,0.7515484113197143,1.0000000000000022,37,37,True,False
84,66,Single Feasible Projection,6.257428633561302,0.1573939030950884,4.762334790257301,13270.693461080959,0.751537668106985,1.0000000000000022,37,37,True,False
84,67,Single Feasible Projection,5.881763641504724,0.1573939030950884,4.703207410901331,13270.477890557187,0.7515542794254754,1.0000000000000022,37,37,True,False
84,68,Single Feasible Projection,5.758653822757221,0.1573939030950884,4.6838306760193325,13270.427625422046,0.7515479932440959,1.0000000000000022,37,37,True,False
84,69,Single Feasible Projection,5.005434356571811,0.1573939030950884,4.565278524349211,13269.508677298734,0.7515761815621067,1.0000000000000022,37,37,True,False
84,70,Single Feasible Projection,4.0823025922003815,0.1573939030950884,4.419983212883737,13268.466740328273,0.751585823604378,1.000000000000002,37,37,True,False
84,71,Single Feasible Projection,4.492985193868503,0.1573939030950884,4.484622150493528,13268.877491131396,0.7515376213233671,1.000000000000002,37,37,True,False
85,64,Risk-Constrained Convex Verifier,69.74856106942126,0.1573939030950884,14.755451936264468,13312.810833906562,0.7489986373228353,1.000000000000002,37,37,True,False
85,65,Risk-Constrained Convex Verifier,24.786009356405145,0.1573939030950884,7.678620429038108,13282.064533247041,0.7506997811833213,1.000000000000002,37,37,True,False
85,66,Risk-Constrained Convex Verifier,38.82687646981542,0.1573939030950884,9.888567306857219,13291.614192734181,0.7501775259265411,1.000000000000002,37,37,True,False
85,67,Risk-Constrained Convex Verifier,34.34291907683057,0.1573939030950884,9.182819751463256,13288.564504569484,0.7503443083838316,1.000000000000002,37,37,True,False
85,68,Risk-Constrained Convex Verifier,32.86833899093251,0.1573939030950884,8.95072983631747,13287.56159373833,0.7503991559367059,1.000000000000002,37,37,True,False
85,69,Risk-Constrained Convex Verifier,27.24474382381139,0.1573939030950884,8.0656102435376,13283.736800119405,0.7506083276434325,1.000000000000002,37,37,True,False
85,70,Risk-Constrained Convex Verifier,29.882247044180943,0.1573939030950884,8.480737169817429,13285.530653550773,0.7505102247335134,1.000000000000002,37,37,True,False
85,71,Risk-Constrained Convex Verifier,31.547803437687655,0.1573939030950884,8.74288559141643,13286.49519377115,0.7505025289797008,1.0000000000000022,37,37,True,False
85,64,Single Feasible Projection,39.84015257292923,0.1573939030950884,10.048050787639282,13293.37545770071,0.7502573185392344,1.0000000000000022,37,37,True,False
85,65,Single Feasible Projection,25.86581338255082,0.1573939030950884,7.848574999290966,13283.869197597649,0.7507777320463156,1.0000000000000022,37,37,True,False
85,66,Single Feasible Projection,48.693381993127645,0.1573939030950884,11.441495121080578,13299.246035928263,0.7499217049781622,1.0000000000000022,37,37,True,False
85,67,Single Feasible Projection,44.64947180997906,0.1573939030950884,10.805008313588848,13296.62376714121,0.75007839762674,1.0000000000000022,37,37,True,False
85,68,Single Feasible Projection,32.86833899093253,0.1573939030950884,8.950729836317473,13288.383996359567,0.7505971898599448,1.000000000000002,37,37,True,False
85,69,Single Feasible Projection,26.0076671319992,0.1573939030950884,7.870901914585319,13283.577380268482,0.7508976616176847,1.0000000000000022,37,37,True,False
85,70,Single Feasible Projection,29.925065593974253,0.1573939030950884,8.487476548494268,13286.630029680055,0.7506267466556779,1.0000000000000022,37,37,True,False
85,71,Single Feasible Projection,31.5478034376877,0.1573939030950884,8.742885591416437,13287.480672784177,0.7506479790964795,1.0000000000000022,37,37,True,False
86,64,Risk-Constrained Convex Verifier,118.0,0.1573939030950884,22.349934239502556,13345.954737671784,0.7471472936748728,1.000000000000002,37,37,True,False
86,65,Risk-Constrained Convex Verifier,95.88479775371368,0.1573939030950884,18.869136240222286,13330.76380966539,0.74799582462254,1.000000000000002,37,37,True,False
86,66,Risk-Constrained Convex Verifier,38.75332905642986,0.1573939030950884,9.876991392401917,13291.564170698624,0.7501802615498436,1.000000000000002,37,37,True,False
86,67,Risk-Constrained Convex Verifier,15.734073036528986,0.1573939030950884,6.253900841084608,13275.908011085277,0.7510364713100002,1.000000000000002,37,37,True,False
86,68,Risk-Constrained Convex Verifier,0.19415319473466575,0.1573939030950884,3.808012203399792,13265.338796111018,0.7516144843886631,1.000000000000002,37,37,True,False
86,69,Risk-Constrained Convex Verifier,22.49453150479006,0.1573939030950884,7.317955786116462,13280.506023147309,0.750785013551389,1.000000000000002,37,37,True,False
86,70,Risk-Constrained Convex Verifier,16.01741254326439,0.1573939030950884,6.29849675195073,13276.100719682738,0.7510259323920222,1.000000000000002,37,37,True,False
86,71,Risk-Constrained Convex Verifier,26.974071760910007,0.1573939030950884,8.023008111098752,13283.5527070707,0.7506183953911416,1.000000000000002,37,37,True,False
86,64,Single Feasible Projection,88.89221827240834,0.1573939030950884,17.76854686295701,13330.990601310381,0.748714765767384,1.0000000000000022,37,37,True,False
86,65,Single Feasible Projection,57.96257832653532,0.1573939030950884,12.900410110550292,13308.803866170689,0.7498089352187535,1.000000000000002,37,37,True,False
86,66,Single Feasible Projection,53.46847866259317,0.1573939030950884,12.193066223544113,13304.03618670324,0.7498638212775393,1.0000000000000022,37,37,True,False
86,67,Single Feasible Projection,23.67768501552228,0.1573939030950884,7.504176935131262,13282.349160174243,0.7508559095096096,1.000000000000002,37,37,True,False
86,68,Single Feasible Projection,6.809373213450316,0.1573939030950884,4.849207501978212,13270.947486044024,0.7514982396182436,1.0000000000000022,37,37,True,False
86,69,Single Feasible Projection,27.88980888897243,0.1573939030950884,8.167139551893584,13285.217792517356,0.7506980206413701,1.0000000000000022,37,37,True,False
86,70,Single Feasible Projection,21.421583147641154,0.1573939030950884,7.149080256365332,13280.814710454539,0.7509398260548497,1.000000000000002,37,37,True,False
86,71,Single Feasible Projection,26.97407176090997,0.1573939030950884,8.023008111098745,13284.205576125667,0.7508576412382915,1.0000000000000022,37,37,True,False
87,64,Risk-Constrained Convex Verifier,118.00000000000001,0.1573939030950884,22.349934239502556,13345.954737671784,0.7471472936748728,1.000000000000002,37,37,True,False
87,65,Risk-Constrained Convex Verifier,99.84704491922957,0.1573939030950884,19.49276978663028,13333.485476452093,0.7478437984595049,1.000000000000002,37,37,True,False
87,66,Risk-Constrained Convex Verifier,75.55242996196064,0.1573939030950884,15.668945514313409,13316.797510289769,0.7487759505792695,1.000000000000002,37,37,True,False
87,67,Risk-Constrained Convex Verifier,55.02898237772362,0.1573939030950884,12.438679994062882,13300.264620502283,0.7504573769164403,1.0000000000000022,37,37,True,False
87,68,Risk-Constrained Convex Verifier,66.56979634716409,0.1573939030950884,14.255133749607436,13313.262218144424,0.7507450772218367,1.000000000000002,37,37,True,False
87,69,Risk-Constrained Convex Verifier,58.31105285588672,0.1573939030950884,12.955257876854134,13302.861075509849,0.7501794030641854,1.0000000000000022,37,37,True,False
87,70,Risk-Constrained Convex Verifier,53.33200660814531,0.1573939030950884,12.171586354231161,13299.041472139888,0.7505492842982012,1.000000000000002,37,37,True,False
87,71,Risk-Constrained Convex Verifier,63.84888284714711,0.1573939030950884,13.826878553855646,13305.425103318437,0.7504737529443307,1.0000000000000022,37,37,True,False
87,64,Single Feasible Projection,79.35976391468165,0.1573939030950884,16.26819666551862,13320.459032382634,0.7487492226635784,1.0000000000000022,37,37,True,False
87,65,Single Feasible Projection,79.36930361623943,0.1573939030950884,16.26969815638116,13320.47655858728,0.7487492226635784,1.0000000000000022,37,37,True,False
87,66,Single Feasible Projection,78.42069103166254,0.1573939030950884,16.120392319169486,13319.813983406828,0.7487852536432856,1.0000000000000022,37,37,True,False
87,67,Single Feasible Projection,47.63123608819571,0.1573939030950884,11.274319831446878,13298.451618338011,0.7499657709970827,1.000000000000002,37,37,True,False
87,68,Single Feasible Projection,43.6386710499369,0.1573939030950884,10.645914436714332,13295.49911375685,0.7501968630503688,1.000000000000002,37,37,True,False
87,69,Single Feasible Projection,62.258057923849265,0.1573939030950884,13.576492410036852,13309.973725934895,0.7497184521922148,1.000000000000002,37,37,True,False
87,70,Single Feasible Projection,71.12288844432638,0.1573939030950884,14.97176268593121,13316.018953266723,0.7492184332352072,1.000000000000002,37,37,True,False
87,71,Single Feasible Projection,76.06393917393056,0.1573939030950884,15.749453945654448,13319.023371307407,0.7492408691068908,1.000000000000002,37,37,True,False
88,64,Risk-Constrained Convex Verifier,118.0,0.1573939030950884,22.349934239502556,13345.954737671784,0.7471472936748728,1.000000000000002,37,37,True,False
88,65,Risk-Constrained Convex Verifier,118.00000000000001,0.1573939030950884,22.349934239502556,13345.954737671784,0.7471472936748728,1.000000000000002,37,37,True,False
88,66,Risk-Constrained Convex Verifier,92.98077325022359,0.1573939030950884,18.412060488934202,13328.7690358139,0.7481072481870433,1.000000000000002,37,37,True,False
88,67,Risk-Constrained Convex Verifier,35.44308204802276,0.1573939030950884,9.355978695539884,13289.312761900774,0.7503033874143232,1.000000000000002,37,37,True,False
88,68,Risk-Constrained Convex Verifier,34.85861450358997,0.1573939030950884,9.263987067489206,13288.91524613586,0.7503251269012817,1.000000000000002,37,37,True,False
88,69,Risk-Constrained Convex Verifier,38.26098474607609,0.1573939030950884,9.799499399728678,13291.229311001121,0.7501985744789633,1.000000000000002,37,37,True,False
88,70,Risk-Constrained Convex Verifier,34.058109316221845,0.1573939030950884,9.137992431601472,13288.370796003592,0.7503549019884473,1.000000000000002,37,37,True,False
88,71,Risk-Constrained Convex Verifier,31.08261224713354,0.1573939030950884,8.669667334249667,13286.347061743787,0.7504655767048529,1.000000000000002,37,37,True,False
88,64,Single Feasible Projection,80.18833454709917,0.1573939030950884,16.39860863134478,13321.02777811587,0.74872345387724,1.000000000000002,37,37,True,False
88,65,Single Feasible Projection,79.3779729329902,0.1573939030950884,16.271062653981733,13320.476388690662,0.7487529005705215,1.0000000000000022,37,37,True,False
88,66,Single Feasible Projection,69.0015928678294,0.1573939030950884,14.637883695528007,13313.348855296146,0.7491510284968226,1.0000000000000022,37,37,True,False
88,67,Single Feasible Projection,41.68305763775413,0.1573939030950884,10.33811280882578,13294.624095665391,0.7501909586494232,1.0000000000000022,37,37,True,False
88,68,Single Feasible Projection,79.9587393109312,0.1573939030950884,16.362471740992262,13320.697181832467,0.7487235161694626,1.0000000000000022,37,37,True,False
88,69,Single Feasible Projection,53.93485933033329,0.1573939030950884,12.266471697167823,13302.999519038187,0.7497291190584392,1.0000000000000022,37,37,True,False
88,70,Single Feasible Projection,44.341950197076656,0.1573939030950884,10.756606286648042,13296.438585805336,0.7500922558996076,1.0000000000000022,37,37,True,False
88,71,Single Feasible Projection,48.89182628969102,0.1573939030950884,11.472729043463644,13299.53525584457,0.7499226777710962,1.000000000000002,37,37,True,False
89,64,Risk-Constrained Convex Verifier,118.0,0.1573939030950884,22.349934239502556,13345.954737671784,0.7471472936748728,1.000000000000002,37,37,True,False
89,65,Risk-Constrained Convex Verifier,29.732214020580486,0.1573939030950884,8.457122886639796,13285.42861111453,0.7505158052674387,1.000000000000002,37,37,True,False
89,66,Risk-Constrained Convex Verifier,9.249403024232274,0.1573939030950884,5.233253317565554,13271.497571900592,0.7512776710147657,1.000000000000002,37,37,True,False
89,67,Risk-Constrained Convex Verifier,2.463022003867664,0.1573939030950884,4.165118320879939,13266.881929050973,0.7515300929723109,1.000000000000002,37,37,True,False
89,68,Risk-Constrained Convex Verifier,3.507309154369084,0.1573939030950884,4.329482751449405,13267.592183383098,0.7514912503246645,1.000000000000002,37,37,True,False
89,69,Risk-Constrained Convex Verifier,1.813490288653762,0.1573939030950884,4.062885989038375,13266.440160985205,0.7515542525452187,1.000000000000002,37,37,True,False
89,70,Risk-Constrained Convex Verifier,2.398097085139458,0.1573939030950884,4.154899534513175,13266.837771460057,0.7515325078787286,1.000000000000002,37,37,True,False
89,71,Risk-Constrained Convex Verifier,16.293103299117284,0.1573939030950884,6.341888796061653,13276.288226110999,0.7510156779721686,1.000000000000002,37,37,True,False
89,64,Single Feasible Projection,81.44620898937728,0.1573939030950884,16.59659039941849,13321.980345649235,0.748681854875014,1.000000000000002,37,37,True,False
89,65,Single Feasible Projection,76.90690606465496,0.1573939030950884,15.882131794765492,13318.913763586797,0.7488854675826309,1.000000000000002,37,37,True,False
89,66,Single Feasible Projection,27.228220736060337,0.1573939030950884,8.063009610265281,13285.350170664311,0.7508009701222073,1.000000000000002,37,37,True,False
89,67,Single Feasible Projection,4.584299270953351,0.1573939030950884,4.498994429493438,13269.560625066748,0.7515969534095696,1.0000000000000022,37,37,True,False
89,68,Single Feasible Projection,5.3927321039860745,0.1573939030950884,4.626236828474679,13270.110467053808,0.751566883450685,1.0000000000000022,37,37,True,False
89,69,Single Feasible Projection,1.813490288653762,0.1573939030950884,4.062885989038375,13266.731732532015,0.7515948242812898,1.0000000000000022,37,37,True,False
89,70,Single Feasible Projection,3.6127059881202275,0.1573939030950884,4.3460715704873625,13268.406318775593,0.7516017648904353,1.0000000000000022,37,37,True,False
89,71,Single Feasible Projection,16.293103299117302,0.1573939030950884,6.341888796061657,13277.36014253132,0.7511416383075111,1.0000000000000022,37,37,True,False
90,64,Risk-Constrained Convex Verifier,20.906696242443964,0.1573939030950884,7.068040196703796,13279.426083713752,0.7508440736725314,1.000000000000002,37,37,True,False
90,65,Risk-Constrained Convex Verifier,6.083391427571007,0.1573939030950884,4.734942395122725,13269.344262390841,0.751395431989642,1.000000000000002,37,37,True,False
90,66,Risk-Constrained Convex Verifier,6.257428633561366,0.1573939030950884,4.762334790257311,13269.462630867794,0.7513889586112551,1.000000000000002,37,37,True,False
90,67,Risk-Constrained Convex Verifier,5.558285013522898,0.1573939030950884,4.652293847075427,13268.987120099831,0.7514149635173525,1.000000000000002,37,37,True,False
90,68,Risk-Constrained Convex Verifier,5.758653822757225,0.1573939030950884,4.683830676019333,13269.123397573621,0.7514075107252228,1.000000000000002,37,37,True,False
90,69,Risk-Constrained Convex Verifier,5.005434356571779,0.1573939030950884,4.565278524349207,13268.611108028888,0.7514355270024616,1.000000000000002,37,37,True,False
90,70,Risk-Constrained Convex Verifier,4.082302592200406,0.1573939030950884,4.419983212883741,13267.983255493835,0.7514698632306126,1.000000000000002,37,37,True,False
90,71,Risk-Constrained Convex Verifier,4.49298519386851,0.1573939030950884,4.4846221504935295,13268.262574354383,0.751454587739017,1.000000000000002,37,37,True,False
90,64,Single Feasible Projection,4.601532425267017,0.1573939030950884,4.501706822913506,13269.280351444115,0.7515707992812668,1.000000000000002,37,37,True,False
90,65,Single Feasible Projection,6.083391427571007,0.1573939030950884,4.734942395122725,13270.604293716735,0.7515440959650983,1.000000000000002,37,37,True,False
90,66,Single Feasible Projection,6.257428633561365,0.1573939030950884,4.76233479025731,13270.73745827315,0.7515376177982931,1.000000000000002,37,37,True,False
90,67,Single Feasible Projection,5.558285013522898,0.1573939030950884,4.652293847075427,13270.284877997005,0.7515511536556151,1.000000000000002,37,37,True,False
90,68,Single Feasible Projection,5.758653822757225,0.1573939030950884,4.683830676019333,13270.361821188098,0.7515543570125051,1.000000000000002,37,37,True,False
90,69,Single Feasible Projection,5.005434356571779,0.1573939030950884,4.565278524349207,13269.853681425859,0.7515532309825471,1.000000000000002,37,37,True,False
90,70,Single Feasible Projection,4.082302592200406,0.1573939030950884,4.419983212883741,13268.788517076076,0.7515597853348354,1.0000000000000022,37,37,True,False
90,71,Single Feasible Projection,4.49298519386851,0.1573939030950884,4.4846221504935295,13269.586521386653,0.7515824700194211,1.000000000000002,37,37,True,False
91,64,Risk-Constrained Convex Verifier,74.92610734912378,0.1573939030950884,15.570366153682302,13316.367289412094,0.7487999817463508,1.000000000000002,37,37,True,False
91,65,Risk-Constrained Convex Verifier,27.782517549449665,0.1573939030950884,8.150252549197795,13284.102557869228,0.750588324950372,1.000000000000002,37,37,True,False
91,66,Risk-Constrained Convex Verifier,45.10395118265857,0.1573939030950884,10.876540595931083,13295.88343946936,0.7499440478058876,1.000000000000002,37,37,True,False
91,67,Risk-Constrained Convex Verifier,37.54894309599781,0.1573939030950884,9.68742838525659,13290.745027855073,0.7502250591320689,1.000000000000002,37,37,True,False
91,68,Risk-Constrained Convex Verifier,32.8683389909325,0.1573939030950884,8.950729836317468,13287.56159373833,0.7503991559367059,1.000000000000002,37,37,True,False
91,69,Risk-Constrained Convex Verifier,27.097197433589557,0.1573939030950884,8.042387341292995,13283.636448925008,0.7506138156861075,1.000000000000002,37,37,True,False
91,70,Risk-Constrained Convex Verifier,28.83553529238386,0.1573939030950884,8.315991121786588,13284.818750166878,0.7505491575651038,1.000000000000002,37,37,True,False
91,71,Risk-Constrained Convex Verifier,31.547803437687712,0.1573939030950884,8.742885591416439,13286.663453703793,0.7504482737460888,1.000000000000002,37,37,True,False
91,64,Single Feasible Projection,61.35205949299,0.1573939030950884,13.43389378080589,13308.10083947044,0.7494482266969588,1.000000000000002,37,37,True,False
91,65,Single Feasible Projection,26.983717370599194,0.1573939030950884,8.024526271255466,13284.647538919467,0.750742663166973,1.0000000000000022,37,37,True,False
91,66,Single Feasible Projection,48.17843638554051,0.1573939030950884,11.360445822020766,13298.930100401692,0.7499557685825525,1.000000000000002,37,37,True,False
91,67,Single Feasible Projection,38.60380919305352,0.1573939030950884,9.85345787751487,13292.531114082749,0.7503098183530588,1.0000000000000022,37,37,True,False
91,68,Single Feasible Projection,32.8683389909325,0.1573939030950884,8.950729836317468,13288.401154830963,0.7506039789029019,1.0000000000000022,37,37,True,False
91,69,Single Feasible Projection,25.98896443813524,0.1573939030950884,7.867958224599679,13283.699811831102,0.7508670994654129,1.000000000000002,37,37,True,False
91,70,Single Feasible Projection,29.943768287838203,0.1573939030950884,8.49042023847991,13286.66076773902,0.7506325629759107,1.0000000000000022,37,37,True,False
91,71,Single Feasible Projection,31.547803437687712,0.1573939030950884,8.742885591416439,13287.651695643899,0.7506051547335464,1.000000000000002,37,37,True,False
92,64,Risk-Constrained Convex Verifier,3.6274645076890994,0.1573939030950884,4.348394471486213,13267.67390502468,0.7514867811017599,1.000000000000002,37,37,True,False
92,65,Risk-Constrained Convex Verifier,4.061282514074298,0.1573939030950884,4.416674780744109,13267.968959041424,0.75147064508021,1.000000000000002,37,37,True,False
92,66,Risk-Constrained Convex Verifier,2.6428227796667656,0.1573939030950884,4.193417866762485,13267.00421752294,0.7515234052158086,1.000000000000002,37,37,True,False
92,67,Risk-Constrained Convex Verifier,3.555105471456974,0.1573939030950884,4.33700560034944,13267.624691243847,0.7514894725229337,1.000000000000002,37,37,True,False
92,68,Risk-Constrained Convex Verifier,2.814599762202672,0.1573939030950884,4.220454516505708,13267.121048746947,0.751517015907271,1.000000000000002,37,37,True,False
92,69,Risk-Constrained Convex Verifier,5.745430095070089,0.1573939030950884,4.6817493419051885,13269.114403677762,0.7514080025866757,1.000000000000002,37,37,True,False
92,70,Risk-Constrained Convex Verifier,1.9100583357438516,0.1573939030950884,4.078085210884155,13266.505840117385,0.7515506606609125,1.000000000000002,37,37,True,False
92,71,Risk-Constrained Convex Verifier,1.2419927882037065,0.1573939030950884,3.9729357668334546,13266.05146657745,0.7515755096065836,1.000000000000002,37,37,True,False
92,64,Single Feasible Projection,3.582228152910014,0.1573939030950884,4.341274545045739,13268.750415462458,0.7515824423244862,1.000000000000002,37,37,True,False
92,65,Single Feasible Projection,4.061282514074298,0.1573939030950884,4.416674780744109,13268.999735823356,0.7515719039994554,1.000000000000002,37,37,True,False
92,66,Single Feasible Projection,2.6428227796667656,0.1573939030950884,4.193417866762485,13267.564659313048,0.7516043157121305,1.0000000000000022,37,37,True,False
92,67,Single Feasible Projection,3.555105471456974,0.1573939030950884,4.33700560034944,13268.388945414277,0.7515923575891611,1.000000000000002,37,37,True,False
92,68,Single Feasible Projection,2.814599762202672,0.1573939030950884,4.220454516505709,13267.672387753344,0.7515982195703209,1.000000000000002,37,37,True,False
92,69,Single Feasible Projection,5.448300029118936,0.1573939030950884,4.634982881098235,13270.263706517411,0.7515740078350323,1.0000000000000022,37,37,True,False
92,70,Single Feasible Projection,2.207188401695003,0.1573939030950884,4.124851671691109,13267.126710446668,0.7516053311744647,1.000000000000002,37,37,True,False
92,71,Single Feasible Projection,1.2419927882037065,0.1573939030950884,3.9729357668334546,13266.2099589841,0.7516081199198242,1.0000000000000022,37,37,True,False
93,64,Risk-Constrained Convex Verifier,2.3417145329963187,0.1573939030950884,4.146025264564905,13266.799423816025,0.7515346050486548,1.000000000000002,37,37,True,False
93,65,Risk-Constrained Convex Verifier,1.8240003277168153,0.1573939030950884,4.064540205108192,13266.447309211413,0.75155386162042,1.000000000000002,37,37,True,False
93,66,Risk-Constrained Convex Verifier,0.4279168055080369,0.1573939030950884,3.844805170501014,13265.497786497106,0.7516057894645117,1.000000000000002,37,37,True,False
93,67,Risk-Constrained Convex Verifier,1.6267393257323217,0.1573939030950884,4.033492526077405,13266.313145460424,0.7515611988165072,1.000000000000002,37,37,True,False
93,68,Risk-Constrained Convex Verifier,0.9199109459488799,0.1573939030950884,3.9222420485649105,13265.832408032438,0.7515874895600916,1.000000000000002,37,37,True,False
93,69,Risk-Constrained Convex Verifier,3.6393785027726295,0.1573939030950884,4.350269661673865,13267.68200812795,0.7514863379562967,1.000000000000002,37,37,True,False
93,70,Risk-Constrained Convex Verifier,1.444476216424917,0.1573939030950884,4.0048054239132655,13266.189182273756,0.751567978160417,1.000000000000002,37,37,True,False
93,71,Risk-Constrained Convex Verifier,0.9883392110314375,0.1573939030950884,3.93301224028828,13265.878948365422,0.7515849443454079,1.000000000000002,37,37,True,False
93,64,Single Feasible Projection,1.4145608489486587,0.1573939030950884,4.0000969274636535,13266.532234468892,0.7516094981545255,1.0000000000000022,37,37,True,False
93,65,Single Feasible Projection,1.8240003277168153,0.1573939030950884,4.064540205108192,13266.883017937105,0.7516043990190017,1.000000000000002,37,37,True,False
93,66,Single Feasible Projection,0.4279168055080369,0.1573939030950884,3.844805170501014,13265.550636956905,0.7516182311237164,1.000000000000002,37,37,True,False
93,67,Single Feasible Projection,1.6267393257323217,0.1573939030950884,4.033492526077405,13267.031841199318,0.7516121193103833,1.0000000000000022,37,37,True,False
93,68,Single Feasible Projection,0.9199109459488799,0.1573939030950884,3.9222420485649114,13266.180572836623,0.751613204437627,1.0000000000000022,37,37,True,False
93,69,Single Feasible Projection,3.6393785027726295,0.1573939030950884,4.350269661673865,13268.493533380708,0.7515804184504672,1.000000000000002,37,37,True,False
93,70,Single Feasible Projection,2.1624036034265757,0.1573939030950884,4.117802817492314,13267.425944761895,0.7516055924627989,1.0000000000000022,37,37,True,False
93,71,Single Feasible Projection,0.9883392110314375,0.1573939030950884,3.93301224028828,13266.082511831533,0.7516126853550172,1.0000000000000022,37,37,True,False
94,64,Risk-Constrained Convex Verifier,0.47543800363721456,0.1573939030950884,3.85228471735432,13265.530107240327,0.7516040218959328,1.000000000000002,37,37,True,False
94,65,Risk-Constrained Convex Verifier,1.0494782554734945,0.1573939030950884,3.94263515312452,13265.92053105765,0.7515826702559876,1.000000000000002,37,37,True,False
94,66,Risk-Constrained Convex Verifier,0.8379213401397969,0.1573939030950884,3.9093373844933916,13265.77664418177,0.7515905391938706,1.000000000000002,37,37,True,False
94,67,Risk-Constrained Convex Verifier,0.6585161034452227,0.1573939030950884,3.8811000940543345,13265.654624729068,0.7515972122381492,1.000000000000002,37,37,True,False
94,68,Risk-Constrained Convex Verifier,0.5295138497842098,0.1573939030950884,3.860795925842565,13265.566886017092,0.7516020105247911,1.000000000000002,37,37,True,False
94,69,Risk-Constrained Convex Verifier,0.38169523586515197,0.1573939030950884,3.8375301772477384,13265.466349674332,0.7516075086929275,1.000000000000002,37,37,True,False
94,70,Risk-Constrained Convex Verifier,0.3820907749696758,0.1573939030950884,3.8375924326912263,13265.466618693597,0.7516074939807038,1.000000000000002,37,37,True,False
94,71,Risk-Constrained Convex Verifier,0.17115542108594184,0.1573939030950884,3.804392494042722,13265.32315456228,0.7516153397993784,1.000000000000002,37,37,True,False
94,64,Single Feasible Projection,0.47543800363721456,0.1573939030950884,3.85228471735432,13265.602200709662,0.7516131751380467,1.0000000000000022,37,37,True,False
94,65,Single Feasible Projection,1.0494782554734945,0.1573939030950884,3.942635153124519,13266.196426455885,0.7516099010959292,1.000000000000002,37,37,True,False
94,66,Single Feasible Projection,0.8379213401397969,0.1573939030950884,3.909337384493392,13266.158867022601,0.7516142587169858,1.0000000000000022,37,37,True,False
94,67,Single Feasible Projection,0.6585161034452227,0.1573939030950884,3.8811000940543345,13265.848503519219,0.751619261599466,1.000000000000002,37,37,True,False
94,68,Single Feasible Projection,0.5295138497842098,0.1573939030950884,3.860795925842565,13265.716766814061,0.7516179356716004,1.0000000000000022,37,37,True,False
94,69,Single Feasible Projection,0.38169523586515197,0.1573939030950884,3.8375301772477384,13265.573481399364,0.7516208004577375,1.000000000000002,37,37,True,False
94,70,Single Feasible Projection,0.3820907749696758,0.1573939030950884,3.8375924326912263,13265.486714383289,0.7516172940650956,1.0000000000000022,37,37,True,False
94,71,Single Feasible Projection,0.17115542108594184,0.1573939030950884,3.804392494042721,13265.342132574231,0.7516209739438703,1.000000000000002,37,37,True,False
95,64,Risk-Constrained Convex Verifier,4.095124717529622,0.1573939030950884,4.42200133723528,13267.991976246607,0.7514693863069083,1.000000000000002,37,37,True,False
95,65,Risk-Constrained Convex Verifier,0.9830841914999127,0.1573939030950884,3.9321851322533723,13265.875374252322,0.7515851398078071,1.000000000000002,37,37,True,False
95,66,Risk-Constrained Convex Verifier,2.9659782280624416,0.1573939030950884,4.244280564091923,13267.224006263099,0.7515113853291223,1.000000000000002,37,37,True,False
95,67,Risk-Constrained Convex Verifier,3.8961166851425695,0.1573939030950884,4.390678686270609,13267.85662428229,0.7514767884844389,1.000000000000002,37,37,True,False
95,68,Risk-Constrained Convex Verifier,2.757585625564932,0.1573939030950884,4.211480839008698,13267.082271541347,0.7515191365692165,1.000000000000002,37,37,True,False
95,69,Risk-Constrained Convex Verifier,4.260464705995048,0.1573939030950884,4.448024843357551,13268.104429457415,0.7514632364247511,1.000000000000002,37,37,True,False
95,70,Risk-Constrained Convex Verifier,2.3671885294002646,0.1573939030950884,4.150034716286353,13266.816749526002,0.7515336575339161,1.000000000000002,37,37,True,False
95,71,Risk-Constrained Convex Verifier,1.0032001802442458,0.1573939030950884,3.93535126623646,13265.889055803551,0.7515843915861494,1.000000000000002,37,37,True,False
95,64,Single Feasible Projection,4.095124717529622,0.1573939030950884,4.42200133723528,13268.574664353222,0.7515805269168431,1.000000000000002,37,37,True,False
95,65,Single Feasible Projection,0.9830841914999127,0.1573939030950884,3.9321851322533723,13266.090338664631,0.7516061569395077,1.000000000000002,37,37,True,False
95,66,Single Feasible Projection,2.9659782280624416,0.1573939030950884,4.244280564091924,13268.155794551072,0.7516081277240653,1.0000000000000022,37,37,True,False
95,67,Single Feasible Projection,3.8961166851425695,0.1573939030950884,4.390678686270609,13268.816415051586,0.7515897475150455,1.0000000000000022,37,37,True,False
95,68,Single Feasible Projection,2.757585625564932,0.1573939030950884,4.211480839008698,13268.098515618047,0.7515788943024474,1.0000000000000022,37,37,True,False
95,69,Single Feasible Projection,4.260464705995048,0.1573939030950884,4.448024843357551,13269.109943271062,0.7515709838200697,1.000000000000002,37,37,True,False
95,70,Single Feasible Projection,2.3671885294002646,0.1573939030950884,4.150034716286353,13267.216514140597,0.7515900595189124,1.000000000000002,37,37,True,False
95,71,Single Feasible Projection,1.0032001802442458,0.1573939030950884,3.9353512662364607,13266.343095477841,0.7516195764028594,1.000000000000002,37,37,True,False
96,64,Risk-Constrained Convex Verifier,1.5201854150389291,0.1573939030950884,4.016721590183326,13266.24067461116,0.7515651621287115,1.000000000000002,37,37,True,False
96,65,Risk-Constrained Convex Verifier,0.9800328898364441,0.1573939030950884,3.9317048759750386,13265.87329896084,0.7515852533021036,1.000000000000002,37,37,True,False
96,66,Risk-Constrained Convex Verifier,4.31709998581389,0.1573939030950884,4.456938891101121,13268.142948989926,0.7514611298545254,1.000000000000002,37,37,True,False
96,67,Risk-Constrained Convex Verifier,1.2842024612149947,0.1573939030950884,3.979579312017069,13266.080174776242,0.7515739396021501,1.000000000000002,37,37,True,False
96,68,Risk-Constrained Convex Verifier,1.2224983609093334,0.1573939030950884,3.96986746283299,13266.038207770776,0.7515762347090329,1.000000000000002,37,37,True,False
96,69,Risk-Constrained Convex Verifier,0.5432447072698094,0.1573939030950884,3.8629570790950662,13265.57622482875,0.7516014998004574,1.000000000000002,37,37,True,False
96,70,Risk-Constrained Convex Verifier,1.586055303552766,0.1573939030950884,4.027089109032957,13266.28547490737,0.7515627120737923,1.000000000000002,37,37,True,False
96,71,Risk-Constrained Convex Verifier,0.6732640614853107,0.1573939030950884,3.8834213327329468,13265.66465530455,0.7515966636823833,1.000000000000002,37,37,True,False
96,64,Single Feasible Projection,1.5201854150389291,0.1573939030950884,4.016721590183326,13266.846602250243,0.7516084345455031,1.000000000000002,37,37,True,False
96,65,Single Feasible Projection,0.9800328898364441,0.1573939030950884,3.9317048759750386,13266.008585793592,0.7516156193843098,1.000000000000002,37,37,True,False
96,66,Single Feasible Projection,4.31709998581389,0.1573939030950884,4.456938891101121,13269.212533987687,0.7515803647315648,1.000000000000002,37,37,True,False
96,67,Single Feasible Projection,1.2842024612149947,0.1573939030950884,3.979579312017069,13266.452093668962,0.7516102927098316,1.0000000000000022,37,37,True,False
96,68,Single Feasible Projection,1.2224983609093334,0.1573939030950884,3.96986746283299,13266.51625373362,0.7516102529430093,1.000000000000002,37,37,True,False
96,69,Single Feasible Projection,0.5432447072698094,0.1573939030950884,3.8629570790950654,13265.568955835919,0.7516151790753783,1.000000000000002,37,37,True,False
96,70,Single Feasible Projection,1.586055303552766,0.1573939030950884,4.027089109032957,13266.782889378479,0.7516129111711979,1.0000000000000022,37,37,True,False
96,71,Single Feasible Projection,0.6732640614853107,0.1573939030950884,3.8834213327329468,13265.784214953244,0.7516148125388888,1.000000000000002,37,37,True,False
97,64,Risk-Constrained Convex Verifier,0.5262365257753014,0.1573939030950884,3.8602800950250957,13265.56465700032,0.7516021324260724,1.000000000000002,37,37,True,False
97,65,Risk-Constrained Convex Verifier,1.6180374654328054,0.1573939030950884,4.032122906320676,13266.307227036577,0.7515615224854265,1.000000000000002,37,37,True,False
97,66,Risk-Constrained Convex Verifier,1.8772285900684018,0.1573939030950884,4.0729180090746775,13266.483511518323,0.7515518817754718,1.000000000000002,37,37,True,False
97,67,Risk-Constrained Convex Verifier,1.535359544225436,0.1573939030950884,4.019109905602059,13266.250995039773,0.7515645977213518,1.000000000000002,37,37,True,False
97,68,Risk-Constrained Convex Verifier,0.6550692626772321,0.1573939030950884,3.880557582332513,13265.652280418322,0.7515973404446693,1.000000000000002,37,37,True,False
97,69,Risk-Constrained Convex Verifier,1.46010435155522,0.1573939030950884,4.007265197099521,13266.199811486873,0.7515673968661378,1.000000000000002,37,37,True,False
97,70,Risk-Constrained Convex Verifier,0.8628403037247736,0.1573939030950884,3.9132594774331158,13265.793592395516,0.7515896123237835,1.000000000000002,37,37,True,False
97,71,Risk-Constrained Convex Verifier,0.7542365667399,0.1573939030950884,3.8961659113783536,13265.719727391392,0.7515936518800366,1.000000000000002,37,37,True,False
97,64,Single Feasible Projection,0.5262365257753014,0.1573939030950884,3.8602800950250957,13265.787345870092,0.7516200980112533,1.000000000000002,37,37,True,False
97,65,Single Feasible Projection,1.6180374654328054,0.1573939030950884,4.032122906320676,13266.53328907436,0.7516096075498984,1.000000000000002,37,37,True,False
97,66,Single Feasible Projection,1.8772285900684018,0.1573939030950884,4.072918009074677,13266.614847627787,0.7515993278440574,1.0000000000000022,37,37,True,False
97,67,Single Feasible Projection,1.535359544225436,0.1573939030950884,4.019109905602059,13266.409626966817,0.7516045901744997,1.000000000000002,37,37,True,False
97,68,Single Feasible Projection,0.6550692626772321,0.1573939030950884,3.880557582332513,13265.75704364103,0.7516152730151864,1.000000000000002,37,37,True,False
97,69,Single Feasible Projection,1.46010435155522,0.1573939030950884,4.00726519709952,13266.45965349136,0.7516040626235124,1.000000000000002,37,37,True,False
97,70,Single Feasible Projection,0.8628403037247736,0.1573939030950884,3.9132594774331158,13266.277862678635,0.7516154958938955,1.000000000000002,37,37,True,False
97,71,Single Feasible Projection,0.7542365667399,0.1573939030950884,3.8961659113783536,13265.802240511373,0.7516094806665514,1.0000000000000022,37,37,True,False
98,64,Risk-Constrained Convex Verifier,1.4803898570586371,0.1573939030950884,4.010458011986961,13266.213608332077,0.7515666423392415,1.000000000000002,37,37,True,False
98,65,Risk-Constrained Convex Verifier,1.3404255196436887,0.1573939030950884,3.988428478627104,13266.118413943308,0.751571848364652,1.000000000000002,37,37,True,False
98,66,Risk-Constrained Convex Verifier,3.2899812602535263,0.1573939030950884,4.295276665943122,13267.444371473113,0.7514993339162425,1.000000000000002,37,37,True,False
98,67,Risk-Constrained Convex Verifier,1.0534901521050895,0.1573939030950884,3.9432666011941806,13265.923259681633,0.7515825210320052,1.000000000000002,37,37,True,False
98,68,Risk-Constrained Convex Verifier,1.6424478787405397,0.1573939030950884,4.035964956547344,13266.323829368408,0.7515606145310553,1.000000000000002,37,37,True,False
98,69,Risk-Constrained Convex Verifier,1.6562917473988632,0.1573939030950884,4.038143897069413,13266.333245042711,0.7515600996032291,1.000000000000002,37,37,True,False
98,70,Risk-Constrained Convex Verifier,0.44678967135244285,0.1573939030950884,3.8477756445188542,13265.510622559217,0.7516050874812711,1.000000000000002,37,37,True,False
98,71,Risk-Constrained Convex Verifier,0.10306618952154523,0.1573939030950884,3.793675664128056,13265.27684481724,0.751617872403585,1.000000000000002,37,37,True,False
98,64,Single Feasible Projection,1.4803898570586371,0.1573939030950884,4.0104580119869615,13266.446700604702,0.7516021013519971,1.000000000000002,37,37,True,False
98,65,Single Feasible Projection,1.3404255196436887,0.1573939030950884,3.988428478627104,13266.352719917464,0.7516078758694813,1.0000000000000022,37,37,True,False
98,66,Single Feasible Projection,3.289981260253527,0.1573939030950884,4.295276665943122,13268.458130978866,0.7515791014009248,1.0000000000000022,37,37,True,False
98,67,Single Feasible Projection,1.0534901521050895,0.1573939030950884,3.9432666011941806,13266.180208082566,0.7516137749065801,1.000000000000002,37,37,True,False
98,68,Single Feasible Projection,1.6424478787405397,0.1573939030950884,4.035964956547344,13266.643689289791,0.7516039411820643,1.0000000000000022,37,37,True,False
98,69,Single Feasible Projection,1.6562917473988632,0.1573939030950884,4.038143897069413,13266.795419431168,0.7516014178532157,1.0000000000000022,37,37,True,False
98,70,Single Feasible Projection,0.44678967135244285,0.1573939030950884,3.8477756445188542,13265.604191128172,0.7516194011347798,1.0000000000000022,37,37,True,False
98,71,Single Feasible Projection,0.10306618952154523,0.1573939030950884,3.7936756641280556,13265.265771010756,0.7516215954598956,1.000000000000002,37,37,True,False
99,64,Risk-Constrained Convex Verifier,0.7987629687919728,0.1573939030950884,3.9031740955881107,13265.750011274456,0.7515919957040077,1.000000000000002,37,37,True,False
99,65,Risk-Constrained Convex Verifier,0.7861622230335836,0.1573939030950884,3.9011908150312893,13265.741441089274,0.7515924643934169,1.000000000000002,37,37,True,False
99,66,Risk-Constrained Convex Verifier,1.3622366759788402,0.1573939030950884,3.991861421653711,13266.133248434251,0.7515710370906074,1.000000000000002,37,37,True,False
99,67,Risk-Constrained Convex Verifier,0.9832537082589923,0.1573939030950884,3.932211813157724,13265.87548954629,0.7515851335025684,1.000000000000002,37,37,True,False
99,68,Risk-Constrained Convex Verifier,0.8864031332371018,0.1573939030950884,3.9169681231380253,13265.809618257494,0.7515887358956057,1.000000000000002,37,37,True,False
99,69,Risk-Constrained Convex Verifier,1.858016690705834,0.1573939030950884,4.069894173248133,13266.470444868268,0.7515525963691898,1.000000000000002,37,37,True,False
99,70,Risk-Constrained Convex Verifier,1.0873369983350276,0.1573939030950884,3.948593888429769,13265.94628004452,0.7515812620860138,1.000000000000002,37,37,True,False
99,71,Risk-Constrained Convex Verifier,0.4947629141725045,0.1573939030950884,3.8553263404504325,13265.543250753028,0.7516033030987224,1.000000000000002,37,37,True,False
99,64,Single Feasible Projection,0.7987629687919728,0.1573939030950884,3.903174095588111,13265.878349760533,0.751614289647354,1.000000000000002,37,37,True,False
99,65,Single Feasible Projection,0.7861622230335836,0.1573939030950884,3.9011908150312893,13265.903824718425,0.7516104486345139,1.000000000000002,37,37,True,False
99,66,Single Feasible Projection,1.3622366759788402,0.1573939030950884,3.991861421653711,13266.608668950874,0.7516167253664005,1.000000000000002,37,37,True,False
99,67,Single Feasible Projection,0.9832537082589923,0.1573939030950884,3.9322118131577244,13265.876964538333,0.7516062896736917,1.0000000000000022,37,37,True,False
99,68,Single Feasible Projection,0.8864031332371018,0.1573939030950884,3.9169681231380253,13265.841642035906,0.7516168136403057,1.000000000000002,37,37,True,False
99,69,Single Feasible Projection,1.858016690705834,0.1573939030950884,4.069894173248133,13266.816808193467,0.7515996885277568,1.0000000000000022,37,37,True,False
99,70,Single Feasible Projection,1.0873369983350276,0.1573939030950884,3.948593888429769,13266.0965382558,0.7516139378514992,1.0000000000000022,37,37,True,False
99,71,Single Feasible Projection,0.4947629141725045,0.1573939030950884,3.8553263404504325,13265.599411816303,0.7516217059887076,1.000000000000002,37,37,True,False
100,64,Risk-Constrained Convex Verifier,0.21658591251978176,0.1573939030950884,3.811542976409022,13265.354053346524,0.75161364999541,1.000000000000002,37,37,True,False
100,65,Risk-Constrained Convex Verifier,0.7461495371068789,0.1573939030950884,3.894893062219967,13265.714227134275,0.7515939526801013,1.000000000000002,37,37,True,False
100,66,Risk-Constrained Convex Verifier,0.0,0.1573939030950884,3.777453674282122,13265.206746082835,0.7516217059887076,1.000000000000002,37,37,True,False
100,67,Risk-Constrained Convex Verifier,0.41694799097062774,0.1573939030950884,3.8430787459686444,13265.490326242483,0.7516061974536342,1.000000000000002,37,37,True,False
100,68,Risk-Constrained Convex Verifier,0.008136804435912026,0.1573939030950884,3.778734357691012,13265.212280193446,0.7516214033372505,1.000000000000002,37,37,True,False
100,69,Risk-Constrained Convex Verifier,0.16137995464557697,0.1573939030950884,3.8028538952250974,13265.316505943283,0.7516157034014761,1.000000000000002,37,37,True,False
100,70,Risk-Constrained Convex Verifier,0.07509592427309908,0.1573939030950884,3.789273314909998,13265.257821312014,0.7516189127679685,1.000000000000002,37,37,True,False
100,71,Risk-Constrained Convex Verifier,0.0,0.1573939030950884,3.777453674282122,13265.206746082835,0.7516217059887076,1.000000000000002,37,37,True,False
100,64,Single Feasible Projection,0.21658591251978176,0.1573939030950884,3.811542976409022,13265.33392743178,0.7516206172841607,1.000000000000002,37,37,True,False
100,65,Single Feasible Projection,0.7461495371068789,0.1573939030950884,3.8948930622199667,13266.131138251927,0.7516144291059463,1.0000000000000022,37,37,True,False
100,66,Single Feasible Projection,0.0,0.1573939030950884,3.777453674282122,13265.206746082835,0.7516217059887076,1.000000000000002,37,37,True,False
100,67,Single Feasible Projection,0.4169479909706286,0.1573939030950884,3.8430787459686444,13265.463962218171,0.7516217059887077,1.0000000000000022,37,37,True,False
100,68,Single Feasible Projection,0.008136804435912026,0.1573939030950884,3.778734357691012,13265.211405945565,0.7516216852375355,1.000000000000002,37,37,True,False
100,69,Single Feasible Projection,0.16137995464557608,0.1573939030950884,3.8028538952250974,13265.326065978532,0.7516211006857937,1.000000000000002,37,37,True,False
100,70,Single Feasible Projection,0.07509592427309908,0.1573939030950884,3.789273314909998,13265.279725817913,0.7516209839579346,1.0000000000000022,37,37,True,False
100,71,Single Feasible Projection,0.0,0.1573939030950884,3.777453674282122,13265.206746082835,0.7516217059887076,1.000000000000002,37,37,True,False
101,64,Risk-Constrained Convex Verifier,0.0,0.1573939030950884,3.777453674282122,13265.206746082835,0.7516217059887076,1.000000000000002,37,37,True,False
101,65,Risk-Constrained Convex Verifier,0.059443876851242194,0.1573939030950884,3.786809778074842,13265.247175835351,0.7516194949516741,1.000000000000002,37,37,True,False
101,66,Risk-Constrained Convex Verifier,0.012487734585669763,0.1573939030950884,3.779419167569376,13265.21523940537,0.7516212415027909,1.000000000000002,37,37,True,False
101,67,Risk-Constrained Convex Verifier,0.23780653168195975,0.1573939030950884,3.8148829724850515,13265.368486193544,0.7516128606866145,1.000000000000002,37,37,True,False
101,68,Risk-Constrained Convex Verifier,1.352754569396847,0.1573939030950884,3.9903689958892072,13266.126799339025,0.7515713897810764,1.000000000000002,37,37,True,False
101,69,Risk-Constrained Convex Verifier,0.0,0.1573939030950884,3.777453674282122,13265.206746082835,0.7516217059887076,1.000000000000002,37,37,True,False
101,70,Risk-Constrained Convex Verifier,0.22006377756476603,0.1573939030950884,3.81209037116289,13265.356418757909,0.7516135206349305,1.000000000000002,37,37,True,False
101,71,Risk-Constrained Convex Verifier,0.0,0.1573939030950884,3.777453674282122,13265.206746082835,0.7516217059887076,1.000000000000002,37,37,True,False
101,64,Single Feasible Projection,0.0,0.1573939030950884,3.777453674282122,13265.206746082835,0.7516217059887076,1.000000000000002,37,37,True,False
101,65,Single Feasible Projection,0.059443876851242194,0.1573939030950884,3.786809778074842,13265.27203929715,0.7516210988992116,1.000000000000002,37,37,True,False
101,66,Single Feasible Projection,0.012487734585669763,0.1573939030950884,3.779419167569376,13265.21389767772,0.7516217059887076,1.000000000000002,37,37,True,False
101,67,Single Feasible Projection,0.23780653168195975,0.1573939030950884,3.8148829724850515,13265.4184139663,0.7516194740948309,1.0000000000000022,37,37,True,False
101,68,Single Feasible Projection,1.352754569396847,0.1573939030950884,3.9903689958892072,13266.574927619507,0.7516054757259629,1.0000000000000022,37,37,True,False
101,69,Single Feasible Projection,0.0,0.1573939030950884,3.777453674282122,13265.206746082835,0.7516217059887076,1.000000000000002,37,37,True,False
101,70,Single Feasible Projection,0.44012755512953206,0.1573939030950884,3.846727068043658,13265.609759670633,0.7516173326991207,1.000000000000002,37,37,True,False
101,71,Single Feasible Projection,0.0,0.1573939030950884,3.777453674282122,13265.206746082835,0.7516217059887076,1.000000000000002,37,37,True,False
102,64,Risk-Constrained Convex Verifier,21.315177751944532,0.1573939030950884,7.132332695826264,13279.703905538503,0.7508288800513746,1.000000000000002,37,37,True,False
102,65,Risk-Constrained Convex Verifier,0.045486997020199205,0.1573939030950884,3.7846130502832054,13265.237683298403,0.7516200140829928,1.000000000000002,37,37,True,False
102,66,Risk-Constrained Convex Verifier,2.0732611067273616,0.1573939030950884,4.1037723320051835,13266.616839735689,0.7515445902733517,1.000000000000002,37,37,True,False
102,67,Risk-Constrained Convex Verifier,2.119994095045765,0.1573939030950884,4.111127819439915,13266.64862439127,0.7515428520225289,1.000000000000002,37,37,True,False
102,68,Risk-Constrained Convex Verifier,1.8134698528045323,0.1573939030950884,4.062882772560302,13266.440147086107,0.7515542533053378,1.000000000000002,37,37,True,False
102,69,Risk-Constrained Convex Verifier,2.8377036022215147,0.1573939030950884,4.224090920062759,13267.13676243494,0.7515161565513777,1.000000000000002,37,37,True,False
102,70,Risk-Constrained Convex Verifier,1.6931666654505975,0.1573939030950884,4.043947784347887,13266.358324897694,0.7515587280269838,1.000000000000002,37,37,True,False
102,71,Risk-Constrained Convex Verifier,0.7813592481929401,0.1573939030950884,3.9004348560746527,13265.738174426762,0.7515926430418464,1.000000000000002,37,37,True,False
102,64,Single Feasible Projection,0.007741265331388192,0.1573939030950884,3.778672102247524,13265.212011174179,0.7516214180494741,1.000000000000002,37,37,True,False
102,65,Single Feasible Projection,0.045486997020199205,0.1573939030950884,3.7846130502832054,13265.246728975464,0.7516216577134117,1.0000000000000022,37,37,True,False
102,66,Single Feasible Projection,12.062746687727028,0.1573939030950884,5.676056457510828,13273.94075332252,0.7514581817070947,1.000000000000002,37,37,True,False
102,67,Single Feasible Projection,2.213494831318738,0.1573939030950884,4.125844265264182,13266.474391403546,0.7516188647294303,1.000000000000002,37,37,True,False
102,68,Single Feasible Projection,2.213494831318738,0.1573939030950884,4.125844265264182,13266.474391403546,0.7516188647294303,1.000000000000002,37,37,True,False
102,69,Single Feasible Projection,1.1767878139901962,0.1573939030950884,3.9626729014407758,13265.880680146183,0.7516188647294303,1.000000000000002,37,37,True,False
102,70,Single Feasible Projection,0.0,0.1573939030950884,3.777453674282122,13265.206746082835,0.7516217059887076,1.000000000000002,37,37,True,False
102,71,Single Feasible Projection,5.571405149840171,0.1573939030950884,4.6543588765395425,13271.745440316865,0.7515829330178997,1.0000000000000022,37,37,True,False
103,64,Risk-Constrained Convex Verifier,65.20540947228535,0.1573939030950884,14.040387574038563,13309.690143981792,0.7491729520176402,1.000000000000002,37,37,True,False
103,65,Risk-Constrained Convex Verifier,0.7784096565849241,0.1573939030950884,3.8999706083389305,13265.736168311665,0.7515927527529995,1.000000000000002,37,37,True,False
103,66,Risk-Constrained Convex Verifier,5.078001383664947,0.1573939030950884,4.576700131979408,13268.660463271208,0.7514328278449907,1.000000000000002,37,37,True,False
103,67,Risk-Constrained Convex Verifier,1.4089730007543695,0.1573939030950884,3.999217434226451,13266.165035359068,0.7515692987156837,1.000000000000002,37,37,True,False
103,68,Risk-Constrained Convex Verifier,1.250549900363998,0.1573939030950884,3.9742826041155856,13266.057286553285,0.751575191321625,1.000000000000002,37,37,True,False
103,69,Risk-Constrained Convex Verifier,1.6886175832074972,0.1573939030950884,4.043231786538144,13266.355230915957,0.751558897231784,1.000000000000002,37,37,True,False
103,70,Risk-Constrained Convex Verifier,1.311154998301828,0.1573939030950884,3.9838214770274805,13266.098506090784,0.7515729370925428,1.000000000000002,37,37,True,False
103,71,Risk-Constrained Convex Verifier,1.647241720520233,0.1573939030950884,4.03671947801587,13266.327089819224,0.7515604362223335,1.000000000000002,37,37,True,False
103,64,Single Feasible Projection,29.545617211978332,0.1573939030950884,8.427753686628815,13286.299611737988,0.7506399715571195,1.000000000000002,37,37,True,False
103,65,Single Feasible Projection,8.48785335597999,0.1573939030950884,5.1133900428785575,13271.97752801188,0.7514232228891776,1.000000000000002,37,37,True,False
103,66,Single Feasible Projection,6.135070631250935,0.1573939030950884,4.743076386698754,13270.377322434339,0.7515107355147247,1.000000000000002,37,37,True,False
103,67,Single Feasible Projection,6.135070631250935,0.1573939030950884,4.743076386698754,13270.377322434339,0.7515107355147247,1.000000000000002,37,37,True,False
103,68,Single Feasible Projection,5.8189690042038595,0.1573939030950884,4.693323917843107,13270.16233123207,0.7515224930319114,1.000000000000002,37,37,True,False
103,69,Single Feasible Projection,5.8189690042038595,0.1573939030950884,4.693323917843107,13270.16233123207,0.7515224930319114,1.000000000000002,37,37,True,False
103,70,Single Feasible Projection,5.701127144192627,0.1573939030950884,4.674776327547954,13270.082183074028,0.7515268762035746,1.000000000000002,37,37,True,False
103,71,Single Feasible Projection,3.2818260959168306,0.1573939030950884,4.2939930927977885,13268.436736178097,0.7516168630028222,1.000000000000002,37,37,True,False
104,64,Risk-Constrained Convex Verifier,71.92087058250402,0.1573939030950884,15.097360209259154,13314.30299287727,0.7489152886910102,1.000000000000002,37,37,True,False
104,65,Risk-Constrained Convex Verifier,23.067534903046287,0.1573939030950884,7.408143027454758,13280.895741766119,0.750763700477597,1.000000000000002,37,37,True,False
104,66,Risk-Constrained Convex Verifier,4.998192893489382,0.1573939030950884,4.564138762210549,13268.606182869633,0.7514357963513653,1.000000000000002,37,37,True,False
104,67,Risk-Constrained Convex Verifier,1.0932536875237329,0.1573939030950884,3.9495251392345807,13265.950304181104,0.7515810420125663,1.000000000000002,37,37,True,False
104,68,Risk-Constrained Convex Verifier,1.1337754555913957,0.1573939030950884,3.955903018471064,13265.977864379754,0.7515795347903829,1.000000000000002,37,37,True,False
104,69,Risk-Constrained Convex Verifier,0.9607418826529708,0.1573939030950884,3.9286685890597965,13265.860178506935,0.7515859708382663,1.000000000000002,37,37,True,False
104,70,Risk-Constrained Convex Verifier,0.8786742776165131,0.1573939030950884,3.915751648385442,13265.804361606404,0.7515890233732554,1.000000000000002,37,37,True,False
104,71,Risk-Constrained Convex Verifier,1.4935866338268955,0.1573939030950884,4.012535104190791,13266.222583897721,0.751566151480238,1.000000000000002,37,37,True,False
104,64,Single Feasible Projection,3.2000900968295767,0.1573939030950884,4.281128344878068,13268.36154710567,0.7516189351533651,1.0000000000000022,37,37,True,False
104,65,Single Feasible Projection,3.292420224942627,0.1573939030950884,4.295660544115051,13268.424343888571,0.7516155009000262,1.0000000000000022,37,37,True,False
104,66,Single Feasible Projection,2.654831236307139,0.1573939030950884,4.195307924623261,13267.35980524653,0.7516189351533651,1.0000000000000022,37,37,True,False
104,67,Single Feasible Projection,0.1458974239828006,0.1573939030950884,3.800417039294294,13265.290300010405,0.7516217059887076,1.000000000000002,37,37,True,False
104,68,Single Feasible Projection,0.0,0.1573939030950884,3.777453674282122,13265.206746082835,0.7516217059887076,1.000000000000002,37,37,True,False
104,69,Single Feasible Projection,0.0612520556147782,0.1573939030950884,3.7870943743879297,13265.269396251344,0.7516212141800901,1.0000000000000022,37,37,True,False
104,70,Single Feasible Projection,0.0,0.1573939030950884,3.777453674282122,13265.206746082835,0.7516217059887076,1.000000000000002,37,37,True,False
104,71,Single Feasible Projection,0.0,0.1573939030950884,3.777453674282122,13265.206746082835,0.7516217059887076,1.000000000000002,37,37,True,False
105,64,Risk-Constrained Convex Verifier,0.0,0.1573939030950884,3.777453674282122,13265.206746082835,0.7516217059887076,1.000000000000002,37,37,True,False
105,65,Risk-Constrained Convex Verifier,0.0,0.1573939030950884,3.777453674282122,13265.206746082835,0.7516217059887076,1.000000000000002,37,37,True,False
105,66,Risk-Constrained Convex Verifier,0.02288476247600091,0.1573939030950884,3.7810555963696237,13265.222310768928,0.7516208547814847,1.000000000000002,37,37,True,False
105,67,Risk-Constrained Convex Verifier,0.16081489878197175,0.1573939030950884,3.802764958877258,13265.316121630045,0.7516157244189385,1.000000000000002,37,37,True,False
105,68,Risk-Constrained Convex Verifier,0.0,0.1573939030950884,3.777453674282122,13265.206746082835,0.7516217059887076,1.000000000000002,37,37,True,False
105,69,Risk-Constrained Convex Verifier,0.8643433523219652,0.1573939030950884,3.9134960481183696,13265.794614668728,0.7515895564173338,1.000000000000002,37,37,True,False
105,70,Risk-Constrained Convex Verifier,0.5614632169059588,0.1573939030950884,3.865824561435275,13265.588615841496,0.7516008221562385,1.000000000000002,37,37,True,False
105,71,Risk-Constrained Convex Verifier,1.3589338215298339,0.1573939030950884,3.9913415725006267,13266.131002053378,0.7515711599415028,1.000000000000002,37,37,True,False
105,64,Single Feasible Projection,0.0,0.1573939030950884,3.777453674282122,13265.206746082835,0.7516217059887076,1.000000000000002,37,37,True,False
105,65,Single Feasible Projection,0.0,0.1573939030950884,3.777453674282122,13265.206746082835,0.7516217059887076,1.000000000000002,37,37,True,False
105,66,Single Feasible Projection,0.02288476247600091,0.1573939030950884,3.7810555963696237,13265.219851946764,0.7516216649186797,1.0000000000000022,37,37,True,False
105,67,Single Feasible Projection,0.16081489878197264,0.1573939030950884,3.802764958877258,13265.370420844753,0.751620499586372,1.0000000000000022,37,37,True,False
105,68,Single Feasible Projection,0.0,0.1573939030950884,3.777453674282122,13265.206746082835,0.7516217059887076,1.000000000000002,37,37,True,False
105,69,Single Feasible Projection,3.266067345475304,0.1573939030950884,4.291512761557895,13267.79877817473,0.7515825068983468,1.000000000000002,37,37,True,False
105,70,Single Feasible Projection,0.1728505886767575,0.1573939030950884,3.80465930308624,13265.323390755948,0.7516155723507628,1.0000000000000022,37,37,True,False
105,71,Single Feasible Projection,0.8525007869552566,0.1573939030950884,3.9116321005326435,13265.70328792855,0.7516168479429304,1.0000000000000022,37,37,True,False
106,64,Risk-Constrained Convex Verifier,8.404144932640364,0.1573939030950884,5.100214847407198,13270.922683833618,0.7513091107027924,1.000000000000002,37,37,True,False
106,65,Risk-Constrained Convex Verifier,0.08409476122540926,0.1573939030950884,3.7906896769812386,13265.263941719535,0.7516185780528927,1.000000000000002,37,37,True,False
106,66,Risk-Constrained Convex Verifier,0.17443274509485196,0.1573939030950884,3.804908324860191,13265.325383579053,0.7516152178980972,1.000000000000002,37,37,True,False
106,67,Risk-Constrained Convex Verifier,0.1770885076537949,0.1573939030950884,3.805326325695037,13265.327189851265,0.7516151191160244,1.000000000000002,37,37,True,False
106,68,Risk-Constrained Convex Verifier,0.5822583304784104,0.1573939030950884,3.869097585525749,13265.602759288053,0.7516000486742811,1.000000000000002,37,37,True,False
106,69,Risk-Constrained Convex Verifier,0.21856360804239916,0.1573939030950884,3.81185425362646,13265.344905039821,0.7516171978522569,1.000000000000002,37,37,True,False
106,70,Risk-Constrained Convex Verifier,0.40523657173645944,0.1573939030950884,3.841235439984596,13265.482360917771,0.7516066330642137,1.000000000000002,37,37,True,False
106,71,Risk-Constrained Convex Verifier,0.6665773593360607,0.1573939030950884,3.8823688865828414,13265.66010745661,0.7515969123967484,1.000000000000002,37,37,True,False
106,64,Single Feasible Projection,0.03266022891636666,0.1573939030950884,3.7825941951872477,13265.225450254073,0.7516216531020401,1.000000000000002,37,37,True,False
106,65,Single Feasible Projection,0.08409476122540838,0.1573939030950884,3.7906896769812386,13265.25658191412,0.7516209512142024,1.0000000000000022,37,37,True,False
106,66,Single Feasible Projection,0.17443274509485107,0.1573939030950884,3.804908324860191,13265.387590405051,0.7516214853053537,1.0000000000000022,37,37,True,False
106,67,Single Feasible Projection,0.1770885076537949,0.1573939030950884,3.8053263256950367,13265.312746547745,0.7516197763436504,1.000000000000002,37,37,True,False
106,68,Single Feasible Projection,1.8640647995153108,0.1573939030950884,4.0708461087000005,13266.40239788462,0.7515867886003265,1.000000000000002,37,37,True,False
106,69,Single Feasible Projection,0.21856360804239916,0.1573939030950884,3.8118542536264606,13265.378779308905,0.7516196938860791,1.000000000000002,37,37,True,False
106,70,Single Feasible Projection,0.019776955226173953,0.1573939030950884,3.7805664464565063,13265.218072138081,0.7516216555518311,1.000000000000002,37,37,True,False
106,71,Single Feasible Projection,0.10430931242147601,0.1573939030950884,3.7938713240933026,13265.299859985036,0.7516210193151386,1.0000000000000022,37,37,True,False
107,64,Risk-Constrained Convex Verifier,32.41933813420903,0.1573939030950884,8.880059838984723,13287.256213361426,0.7504158566900019,1.000000000000002,37,37,True,False
107,65,Risk-Constrained Convex Verifier,1.0395342778084986,0.1573939030950884,3.9410700316675356,13265.913767828579,0.7515830401259227,1.000000000000002,37,37,True,False
107,66,Risk-Constrained Convex Verifier,1.2393380311792148,0.1573939030950884,3.972517924263601,13266.04966098913,0.7515756083512553,1.000000000000002,37,37,True,False
107,67,Risk-Constrained Convex Verifier,8.286584037973743,0.1573939030950884,5.081711479344267,13272.546348425116,0.7515659424906688,1.000000000000002,37,37,True,False
107,68,Risk-Constrained Convex Verifier,1.1878124495805231,0.1573939030950884,3.9644081118665384,13266.814645169208,0.751604212179264,1.000000000000002,37,37,True,False
107,69,Risk-Constrained Convex Verifier,0.41400513014608276,0.1573939030950884,3.842615557617204,13265.476534501164,0.7516102197582332,1.000000000000002,37,37,True,False
107,70,Risk-Constrained Convex Verifier,0.26059357177086007,0.1573939030950884,3.818469513664628,13265.383984415399,0.7516120131142119,1.000000000000002,37,37,True,False
107,71,Risk-Constrained Convex Verifier,1.309141098828965,0.1573939030950884,3.983504501529006,13266.097136370947,0.7515730120002801,1.000000000000002,37,37,True,False
107,64,Single Feasible Projection,6.397931208783747,0.1573939030950884,4.784449038966473,13270.779290801787,0.7515290119050134,1.000000000000002,37,37,True,False
107,65,Single Feasible Projection,3.3216275373672843,0.1573939030950884,4.300257597016485,13268.628782065933,0.7516171180263715,1.0000000000000022,37,37,True,False
107,66,Single Feasible Projection,2.4013397046408764,0.1573939030950884,4.155409903052756,13267.525959001952,0.7516138117942806,1.000000000000002,37,37,True,False
107,67,Single Feasible Projection,8.484410449648626,0.1573939030950884,5.112848150413073,13272.588923847721,0.7515143277631132,1.0000000000000022,37,37,True,False
107,68,Single Feasible Projection,3.0688596858875883,0.1573939030950884,4.260473478295136,13268.330755966828,0.751586999711242,1.0000000000000022,37,37,True,False
107,69,Single Feasible Projection,0.11323719506643393,0.1573939030950884,3.795276518389168,13265.271972251448,0.7516214069330635,1.000000000000002,37,37,True,False
107,70,Single Feasible Projection,0.14793162509177904,0.1573939030950884,3.8007372101465164,13265.334103724183,0.751619235224211,1.0000000000000022,37,37,True,False
107,71,Single Feasible Projection,0.009492938508563142,0.1573939030950884,3.7789478049258265,13265.224186375068,0.7516217059887076,1.000000000000002,37,37,True,False
108,64,Risk-Constrained Convex Verifier,36.25051974109933,0.1573939030950884,9.4830644655593,13289.861927060138,0.7502733544700382,1.000000000000002,37,37,True,False
108,65,Risk-Constrained Convex Verifier,0.861371158479403,0.1573939030950884,3.9130282429287333,13265.7925931811,0.7515896669691854,1.000000000000002,37,37,True,False
108,66,Risk-Constrained Convex Verifier,0.6121815226296157,0.1573939030950884,3.873807313531491,13265.623111043647,0.7515989356700574,1.000000000000002,37,37,True,False
108,67,Risk-Constrained Convex Verifier,0.6499837599047869,0.1573939030950884,3.8797571552019567,13265.648821599192,0.7515975296018299,1.000000000000002,37,37,True,False
108,68,Risk-Constrained Convex Verifier,0.6823301261366295,0.1573939030950884,3.88484827603413,13265.670821435859,0.7515963264667481,1.000000000000002,37,37,True,False
108,69,Risk-Constrained Convex Verifier,0.5760179473588973,0.1573939030950884,3.8681153872697602,13265.783296682886,0.7516154034997099,1.000000000000002,37,37,True,False
108,70,Risk-Constrained Convex Verifier,0.3716937470793438,0.1573939030950884,3.8359560038909786,13265.53260666575,0.7516170577167904,1.0000000000000022,37,37,True,False
108,71,Risk-Constrained Convex Verifier,0.06578446900206458,0.1573939030950884,3.7878077486213946,13265.251488282403,0.7516192591109989,1.000000000000002,37,37,True,False
108,64,Single Feasible Projection,0.6356313409692218,0.1573939030950884,3.877498171966833,13265.936522664404,0.7516164962812599,1.0000000000000022,37,37,True,False
108,65,Single Feasible Projection,0.861371158479403,0.1573939030950884,3.9130282429287333,13265.822359888709,0.7516188698199362,1.0000000000000022,37,37,True,False
108,66,Single Feasible Projection,0.6121815226296157,0.1573939030950884,3.873807313531491,13265.973958304688,0.7516124765324739,1.000000000000002,37,37,True,False
108,67,Single Feasible Projection,0.6499837599047869,0.1573939030950884,3.8797571552019567,13265.717602753728,0.7516113478888216,1.000000000000002,37,37,True,False
108,68,Single Feasible Projection,0.766821458566282,0.1573939030950884,3.898146696622938,13265.771150493489,0.7516207838989342,1.000000000000002,37,37,True,False
108,69,Single Feasible Projection,0.5760179473588973,0.1573939030950884,3.8681153872697602,13265.783296682886,0.7516154034997099,1.000000000000002,37,37,True,False
108,70,Single Feasible Projection,0.3716937470793438,0.1573939030950884,3.8359560038909786,13265.566043249564,0.7516181325910468,1.0000000000000022,37,37,True,False
108,71,Single Feasible Projection,0.02333680716688491,0.1573939030950884,3.7811267454478954,13265.249620134575,0.7516217059887076,1.000000000000002,37,37,True,False
109,64,Risk-Constrained Convex Verifier,75.79600868754054,0.1573939030950884,15.707283320643356,13316.964824467725,0.7487666047869704,1.000000000000002,37,37,True,False
109,65,Risk-Constrained Convex Verifier,6.072113720490076,0.1573939030950884,4.7331673527872935,13269.336592048152,0.7513958514681371,1.000000000000002,37,37,True,False
109,66,Risk-Constrained Convex Verifier,2.314412311739561,0.1573939030950884,4.141728061398138,13266.78085466968,0.7515356205648943,1.000000000000002,37,37,True,False
109,67,Risk-Constrained Convex Verifier,1.365174966469585,0.1573939030950884,3.9923238906624765,13266.135246863083,0.7515709277998034,1.000000000000002,37,37,True,False
109,68,Risk-Constrained Convex Verifier,0.7318603545411442,0.1573939030950884,3.8926440320039077,13265.699186879221,0.7515962001505394,1.0000000000000022,37,37,True,False
109,69,Risk-Constrained Convex Verifier,0.7590960471669055,0.1573939030950884,3.896930763969775,13266.169779954933,0.7516162913677408,1.000000000000002,37,37,True,False
109,70,Risk-Constrained Convex Verifier,1.024954830993039,0.1573939030950884,3.9387753156282828,13266.001449251271,0.7516095481447149,1.000000000000002,37,37,True,False
109,71,Risk-Constrained Convex Verifier,0.5513250061193595,0.1573939030950884,3.8642288688691715,13265.581720508037,0.7516011992507465,1.000000000000002,37,37,True,False
109,64,Single Feasible Projection,2.0476282582207013,0.1573939030950884,4.099737877931276,13267.494979392923,0.7515931348271715,1.0000000000000022,37,37,True,False
109,65,Single Feasible Projection,1.2138530061961772,0.1573939030950884,3.9685067367110443,13266.278628393575,0.75160997163408,1.0000000000000022,37,37,True,False
109,66,Single Feasible Projection,2.314412311739561,0.1573939030950884,4.141728061398138,13266.851368062535,0.7515836431496598,1.0000000000000022,37,37,True,False
109,67,Single Feasible Projection,1.365174966469585,0.1573939030950884,3.9923238906624765,13266.545441856997,0.7516163839024561,1.0000000000000022,37,37,True,False
109,68,Single Feasible Projection,0.7318603545411442,0.1573939030950884,3.8926440320039077,13266.033680407341,0.7516150898338947,1.000000000000002,37,37,True,False
109,69,Single Feasible Projection,0.7590960471669055,0.1573939030950884,3.896930763969775,13266.169779954933,0.7516162913677408,1.000000000000002,37,37,True,False
109,70,Single Feasible Projection,1.024954830993039,0.1573939030950884,3.9387753156282828,13266.001449251271,0.7516095481447149,1.000000000000002,37,37,True,False
109,71,Single Feasible Projection,0.5513250061193595,0.1573939030950884,3.8642288688691715,13265.56819644789,0.7516159632029792,1.000000000000002,37,37,True,False
110,64,Risk-Constrained Convex Verifier,79.85475269401056,0.1573939030950884,16.34610488148547,13319.752774915207,0.7486108761682675,1.000000000000002,37,37,True,False
110,65,Risk-Constrained Convex Verifier,40.131900637229926,0.1573939030950884,10.093970154200006,13290.712209325262,0.7507778830420452,1.000000000000002,37,37,True,False
110,66,Risk-Constrained Convex Verifier,4.0273557766553,0.1573939030950884,4.41133491912245,13267.945884341887,0.7514719069977839,1.000000000000002,37,37,True,False
110,67,Risk-Constrained Convex Verifier,77.8365538519075,0.1573939030950884,16.02845268850488,13336.266244609578,0.7510754358040512,1.0000000000000022,37,37,True,False
110,68,Risk-Constrained Convex Verifier,11.86119375585485,0.1573939030950884,5.6443332548832075,13276.42976061382,0.7515164689136471,1.000000000000002,37,37,True,False
110,69,Risk-Constrained Convex Verifier,2.5585729504032653,0.1573939030950884,4.180157457299608,13267.339105817447,0.751589069342731,1.000000000000002,37,37,True,False
110,70,Risk-Constrained Convex Verifier,1.2019088338330945,0.1573939030950884,3.966626796803579,13266.264227372283,0.7516101246492355,1.000000000000002,37,37,True,False
110,71,Risk-Constrained Convex Verifier,1.4322554703912136,0.1573939030950884,4.002881952996287,13266.163282371568,0.7515741040011913,1.000000000000002,37,37,True,False
110,64,Single Feasible Projection,34.981109275296475,0.1573939030950884,9.283266997716833,13290.357215035376,0.7504734624824818,1.0000000000000022,37,37,True,False
110,65,Single Feasible Projection,7.941236487392896,0.1573939030950884,5.027355880434019,13271.712668014754,0.7514336155713663,1.0000000000000022,37,37,True,False
110,66,Single Feasible Projection,7.197023098485212,0.1573939030950884,4.910221230418217,13271.130286188658,0.75147351867874,1.000000000000002,37,37,True,False
110,67,Single Feasible Projection,85.79349879460624,0.1573939030950884,17.28082730974896,13340.924765430598,0.7507930315567617,1.000000000000002,37,37,True,False
110,68,Single Feasible Projection,20.10207049198251,0.1573939030950884,6.941397009307852,13281.27833608866,0.7511839143513133,1.000000000000002,37,37,True,False
110,69,Single Feasible Projection,6.8624786395205195,0.1573939030950884,4.857565972262929,13270.929859289452,0.751489473082919,1.000000000000002,37,37,True,False
110,70,Single Feasible Projection,6.179827721170245,0.1573939030950884,4.750120879772332,13270.352935832572,0.7515088665564253,1.0000000000000022,37,37,True,False
110,71,Single Feasible Projection,3.4583210807394353,0.1573939030950884,4.321772327335727,13268.472072539724,0.7516033125945046,1.0000000000000022,37,37,True,False
111,64,Risk-Constrained Convex Verifier,94.44325955172845,0.1573939030950884,18.64224691615115,13329.773617362334,0.748051134529409,1.000000000000002,37,37,True,False
111,65,Risk-Constrained Convex Verifier,31.654968591614704,0.1573939030950884,8.759752733268794,13286.73634027986,0.7504442876984658,1.000000000000002,37,37,True,False
111,66,Risk-Constrained Convex Verifier,4.445237973393869,0.1573939030950884,4.477107029101084,13268.17952820453,0.7514726704986265,1.0000000000000022,37,37,True,False
111,67,Risk-Constrained Convex Verifier,15.65368011343028,0.1573939030950884,6.24124748513688,13275.853333191484,0.7510394615545738,1.000000000000002,37,37,True,False
111,68,Risk-Constrained Convex Verifier,2.9570089670527935,0.1573939030950884,4.242868857093737,13267.21790597116,0.7515117189441102,1.000000000000002,37,37,True,False
111,69,Risk-Constrained Convex Verifier,2.5266245488037384,0.1573939030950884,4.175128973674209,13267.302976350096,0.7515901024353566,1.000000000000002,37,37,True,False
111,70,Risk-Constrained Convex Verifier,1.7242679677905368,0.1573939030950884,4.048842939714511,13266.853133063349,0.7516042936610954,1.000000000000002,37,37,True,False
111,71,Risk-Constrained Convex Verifier,1.5122311746653336,0.1573939030950884,4.01546964124477,13266.219290464283,0.7515706088545077,1.0000000000000022,37,37,True,False
111,64,Single Feasible Projection,57.03368928383245,0.1573939030950884,12.754208638577028,13305.144681018486,0.7496135809268458,1.000000000000002,37,37,True,False
111,65,Single Feasible Projection,11.50678615991365,0.1573939030950884,5.5885516600714755,13274.11227520226,0.7513179291780167,1.0000000000000022,37,37,True,False
111,66,Single Feasible Projection,7.184532328691274,0.1573939030950884,4.908255259407686,13271.212866689759,0.7514804152123093,1.0000000000000022,37,37,True,False
111,67,Single Feasible Projection,16.36379289263636,0.1573939030950884,6.353014907093826,13277.416992903594,0.7511368187888174,1.000000000000002,37,37,True,False
111,68,Single Feasible Projection,6.271990383842464,0.1573939030950884,4.764626720969949,13270.535683744249,0.7515069632483568,1.0000000000000022,37,37,True,False
111,69,Single Feasible Projection,6.394178092005437,0.1573939030950884,4.783858321267964,13270.61377731917,0.7515067031856636,1.0000000000000022,37,37,True,False
111,70,Single Feasible Projection,6.0932183842948415,0.1573939030950884,4.736489098197036,13270.450318387338,0.7515167476595699,1.000000000000002,37,37,True,False
111,71,Single Feasible Projection,5.467277311896578,0.1573939030950884,4.637969789704747,13269.817879532464,0.7515315576998085,1.0000000000000022,37,37,True,False
112,64,Risk-Constrained Convex Verifier,49.18020523913929,0.1573939030950884,11.518118131887771,13298.682434394404,0.7497878178272801,1.000000000000002,37,37,True,False
112,65,Risk-Constrained Convex Verifier,3.3921433603933018,0.1573939030950884,4.311356357632513,13267.513855306337,0.7514955339590595,1.000000000000002,37,37,True,False
112,66,Risk-Constrained Convex Verifier,3.8519293166086612,0.1573939030950884,4.383723863869555,13267.82657098717,0.7514784320499902,1.000000000000002,37,37,True,False
112,67,Risk-Constrained Convex Verifier,2.6518636734844385,0.1573939030950884,4.1948408483279165,13267.01036653473,0.751523068936412,1.000000000000002,37,37,True,False
112,68,Risk-Constrained Convex Verifier,2.993362494931823,0.1573939030950884,4.248590680737894,13267.242631211386,0.7515103667611657,1.000000000000002,37,37,True,False
112,69,Risk-Constrained Convex Verifier,2.817029502416176,0.1573939030950884,4.2208369428014185,13267.630789470903,0.7515820961201498,1.0000000000000022,37,37,True,False
112,70,Risk-Constrained Convex Verifier,1.5566723986453077,0.1573939030950884,4.0224644189453,13266.290196470822,0.7515992303956652,1.000000000000002,37,37,True,False
112,71,Risk-Constrained Convex Verifier,1.6291267720914497,0.1573939030950884,4.033868295578298,13266.31476924189,0.7515611100145548,1.000000000000002,37,37,True,False
112,64,Single Feasible Projection,2.8160621766645733,0.1573939030950884,4.220684691625809,13267.649053306675,0.7515924821362253,1.000000000000002,37,37,True,False
112,65,Single Feasible Projection,3.3921433603933018,0.1573939030950884,4.311356357632513,13268.465556634215,0.7515918805622693,1.0000000000000022,37,37,True,False
112,66,Single Feasible Projection,3.8519293166086612,0.1573939030950884,4.383723863869555,13268.5468653135,0.7515833629926792,1.000000000000002,37,37,True,False
112,67,Single Feasible Projection,2.6518636734844385,0.1573939030950884,4.1948408483279165,13267.674187039758,0.7515961867757911,1.000000000000002,37,37,True,False
112,68,Single Feasible Projection,3.2487254514268926,0.1573939030950884,4.288783253166554,13267.993642258678,0.7515872823982199,1.000000000000002,37,37,True,False
112,69,Single Feasible Projection,2.817029502416176,0.1573939030950884,4.2208369428014185,13267.991799157922,0.7515937013732757,1.0000000000000022,37,37,True,False
112,70,Single Feasible Projection,1.5566723986453077,0.1573939030950884,4.0224644189453,13266.58504359674,0.7516087087439002,1.000000000000002,37,37,True,False
112,71,Single Feasible Projection,1.37376381559638,0.1573939030950884,3.9936757231496376,13266.61403818884,0.7516082578784228,1.000000000000002,37,37,True,False
113,64,Risk-Constrained Convex Verifier,102.10404887123084,0.1573939030950884,19.848008447936802,13335.03581201598,0.747757200214508,1.000000000000002,37,37,True,False
113,65,Risk-Constrained Convex Verifier,55.912411088919086,0.1573939030950884,12.577726287024198,13303.306785248144,0.7495295120272252,1.000000000000002,37,37,True,False
113,66,Risk-Constrained Convex Verifier,24.80914044029371,0.1573939030950884,7.682261120614149,13282.080265464498,0.7506989208140822,1.000000000000002,37,37,True,False
113,67,Risk-Constrained Convex Verifier,17.020061998008224,0.1573939030950884,6.456307663069025,13276.782654836774,0.7509886384739033,1.000000000000002,37,37,True,False
113,68,Risk-Constrained Convex Verifier,3.6431075852172015,0.1573939030950884,4.350856596514779,13267.68454440062,0.7514861992516928,1.000000000000002,37,37,True,False
113,69,Risk-Constrained Convex Verifier,5.0703027697136775,0.1573939030950884,4.5754884170811945,13269.348379778075,0.7515592787640014,1.000000000000002,37,37,True,False
113,70,Risk-Constrained Convex Verifier,3.8604051545627343,0.1573939030950884,4.385057909087148,13268.298142865788,0.7515741921646784,1.000000000000002,37,37,True,False
113,71,Risk-Constrained Convex Verifier,17.551143673847342,0.1573939030950884,6.539896680891624,13281.162711944557,0.7514479575090405,1.000000000000002,37,37,True,False
113,64,Single Feasible Projection,23.424446790577782,0.1573939030950884,7.464318782494376,13282.13997724227,0.7508728504644439,1.0000000000000022,37,37,True,False
113,65,Single Feasible Projection,12.852013245619919,0.1573939030950884,5.800282201640015,13274.949314479829,0.7512660960490088,1.0000000000000022,37,37,True,False
113,66,Single Feasible Projection,21.30445119314807,0.1573939030950884,7.130644400870509,13280.9429230625,0.7509864513905299,1.0000000000000022,37,37,True,False
113,67,Single Feasible Projection,7.514671424968037,0.1573939030950884,4.96021714033497,13271.328185533537,0.7514666918626285,1.000000000000002,37,37,True,False
113,68,Single Feasible Projection,6.549008884880211,0.1573939030950884,4.80822774407783,13270.658691353037,0.7515017448423362,1.0000000000000022,37,37,True,False
113,69,Single Feasible Projection,7.166946494892641,0.1573939030950884,4.905487356386938,13271.084232132242,0.7514770279663969,1.0000000000000022,37,37,True,False
113,70,Single Feasible Projection,6.883316712404057,0.1573939030950884,4.860845757887048,13270.894001685598,0.7514867149443782,1.000000000000002,37,37,True,False
113,71,Single Feasible Projection,18.4008474295114,0.1573939030950884,6.6736348714701474,13278.486778191522,0.7510368696029095,1.000000000000002,37,37,True,False
114,64,Risk-Constrained Convex Verifier,102.10404887123084,0.1573939030950884,19.848008447936802,13335.03581201598,0.747757200214508,1.000000000000002,37,37,True,False
114,65,Risk-Constrained Convex Verifier,33.5199780502983,0.1573939030950884,9.053293851280262,13288.004795078761,0.7503749179803513,1.000000000000002,37,37,True,False
114,66,Risk-Constrained Convex Verifier,8.837052080507606,0.1573939030950884,5.168351793087785,13271.21711834527,0.7512930085609628,1.000000000000002,37,37,True,False
114,67,Risk-Constrained Convex Verifier,2.7224956564350613,0.1573939030950884,4.205957891807861,13267.058405689339,0.7515204417536252,1.000000000000002,37,37,True,False
114,68,Risk-Constrained Convex Verifier,4.117583647729592,0.1573939030950884,4.425536235918794,13268.007251310042,0.7514685509386747,1.000000000000002,37,37,True,False
114,69,Risk-Constrained Convex Verifier,2.855679323486754,0.1573939030950884,4.226920188993644,13267.122243130763,0.7515241118949184,1.000000000000002,37,37,True,False
114,70,Risk-Constrained Convex Verifier,3.1505819787021814,0.1573939030950884,4.273336068931105,13267.516437186878,0.751558484618803,1.000000000000002,37,37,True,False
114,71,Risk-Constrained Convex Verifier,4.289144249318252,0.1573939030950884,4.452538828620175,13268.123935366188,0.7514621696785067,1.000000000000002,37,37,True,False
114,64,Single Feasible Projection,2.505344688051677,0.1573939030950884,4.171779653333123,13267.63678833868,0.7515990335489233,1.000000000000002,37,37,True,False
114,65,Single Feasible Projection,2.7795097930727994,0.1573939030950884,4.214931569304872,13267.811767453659,0.7515957436688584,1.000000000000002,37,37,True,False
114,66,Single Feasible Projection,7.59569129800371,0.1573939030950884,4.9729691743803235,13271.456829635601,0.7514709912585166,1.0000000000000022,37,37,True,False
114,67,Single Feasible Projection,3.9638564389389517,0.1573939030950884,4.401340510515322,13268.885638625685,0.7515936102382359,1.000000000000002,37,37,True,False
114,68,Single Feasible Projection,10.768104328434863,0.1573939030950884,5.4722876434696,13274.69826057483,0.7514260153445398,1.000000000000002,37,37,True,False
114,69,Single Feasible Projection,6.285418198409249,0.1573939030950884,4.766740177114652,13270.677107316675,0.7515563506393683,1.000000000000002,37,37,True,False
114,70,Single Feasible Projection,4.621586249878858,0.1573939030950884,4.504863172641148,13269.332350572866,0.7515693644937326,1.000000000000002,37,37,True,False
114,71,Single Feasible Projection,2.0663271888690975,0.1573939030950884,4.102680975609731,13266.87749737663,0.7516111878639464,1.000000000000002,37,37,True,False
