day,slot,participant,site,portfolio,pretest_measured_energy_share,participant_bus_zero_based,exact_shapley_value_usd,grand_coalition_value_usd,budget_residual_usd,coalitions_enumerated,network,checkpoint_schema_version,panel_checksum,day_solve_seconds
61,64,1,1,Inference portfolio,0.3360858524341381,2,1.1162278201386162,7.102386135540655,1.7763568394002505e-15,256,IEEE RTS 24-bus,2,3e3d0737d91acb37be515001f911d304bfce93540e3d063ca4640a87bd55fa9f,13.859454613997514
61,64,2,1,Batch portfolio,0.6639141475658619,2,2.205030162172899,7.102386135540655,1.7763568394002505e-15,256,IEEE RTS 24-bus,2,3e3d0737d91acb37be515001f911d304bfce93540e3d063ca4640a87bd55fa9f,13.859454613997514
61,64,3,2,Inference portfolio,0.30397103703587725,7,-1.0095662331464754,7.102386135540655,1.7763568394002505e-15,256,IEEE RTS 24-bus,2,3e3d0737d91acb37be515001f911d304bfce93540e3d063ca4640a87bd55fa9f,13.859454613997514
61,64,4,2,Batch portfolio,0.6960289629641228,7,-2.311691749163736,7.102386135540655,1.7763568394002505e-15,256,IEEE RTS 24-bus,2,3e3d0737d91acb37be515001f911d304bfce93540e3d063ca4640a87bd55fa9f,13.859454613997514
61,64,5,3,Inference portfolio,0.3194660181587846,14,2.2689710181470217,7.102386135540655,1.7763568394002505e-15,256,IEEE RTS 24-bus,2,3e3d0737d91acb37be515001f911d304bfce93540e3d063ca4640a87bd55fa9f,13.859454613997514
61,64,6,3,Batch portfolio,0.6805339818412154,14,4.833415117392332,7.102386135540655,1.7763568394002505e-15,256,IEEE RTS 24-bus,2,3e3d0737d91acb37be515001f911d304bfce93540e3d063ca4640a87bd55fa9f,13.859454613997514
61,64,7,4,Inference portfolio,0.3374214395382333,20,0.0,7.102386135540655,1.7763568394002505e-15,256,IEEE RTS 24-bus,2,3e3d0737d91acb37be515001f911d304bfce93540e3d063ca4640a87bd55fa9f,13.859454613997514
61,64,8,4,Batch portfolio,0.6625785604617667,20,0.0,7.102386135540655,1.7763568394002505e-15,256,IEEE RTS 24-bus,2,3e3d0737d91acb37be515001f911d304bfce93540e3d063ca4640a87bd55fa9f,13.859454613997514
61,65,1,1,Inference portfolio,0.3360858524341381,2,3.740062258659233,0.0,-1.7763568394002505e-15,256,IEEE RTS 24-bus,2,3e3d0737d91acb37be515001f911d304bfce93540e3d063ca4640a87bd55fa9f,13.859454613997514
61,65,2,1,Batch portfolio,0.6639141475658619,2,7.390957438825964,0.0,-1.7763568394002505e-15,256,IEEE RTS 24-bus,2,3e3d0737d91acb37be515001f911d304bfce93540e3d063ca4640a87bd55fa9f,13.859454613997514
61,65,3,2,Inference portfolio,0.30397103703587725,7,-3.3829287037679046,0.0,-1.7763568394002505e-15,256,IEEE RTS 24-bus,2,3e3d0737d91acb37be515001f911d304bfce93540e3d063ca4640a87bd55fa9f,13.859454613997514
61,65,4,2,Batch portfolio,0.6960289629641228,7,-7.748090993717295,0.0,-1.7763568394002505e-15,256,IEEE RTS 24-bus,2,3e3d0737d91acb37be515001f911d304bfce93540e3d063ca4640a87bd55fa9f,13.859454613997514
61,65,5,3,Inference portfolio,0.3194660181587846,14,0.0,0.0,-1.7763568394002505e-15,256,IEEE RTS 24-bus,2,3e3d0737d91acb37be515001f911d304bfce93540e3d063ca4640a87bd55fa9f,13.859454613997514
61,65,6,3,Batch portfolio,0.6805339818412154,14,0.0,0.0,-1.7763568394002505e-15,256,IEEE RTS 24-bus,2,3e3d0737d91acb37be515001f911d304bfce93540e3d063ca4640a87bd55fa9f,13.859454613997514
61,65,7,4,Inference portfolio,0.3374214395382333,20,0.0,0.0,-1.7763568394002505e-15,256,IEEE RTS 24-bus,2,3e3d0737d91acb37be515001f911d304bfce93540e3d063ca4640a87bd55fa9f,13.859454613997514
61,65,8,4,Batch portfolio,0.6625785604617667,20,0.0,0.0,-1.7763568394002505e-15,256,IEEE RTS 24-bus,2,3e3d0737d91acb37be515001f911d304bfce93540e3d063ca4640a87bd55fa9f,13.859454613997514
61,66,1,1,Inference portfolio,0.3360858524341381,2,5.7020767176478975,0.0,-1.0658141036401503e-14,256,IEEE RTS 24-bus,2,3e3d0737d91acb37be515001f911d304bfce93540e3d063ca4640a87bd55fa9f,13.859454613997514
61,66,2,1,Batch portfolio,0.6639141475658619,2,11.264054633463589,0.0,-1.0658141036401503e-14,256,IEEE RTS 24-bus,2,3e3d0737d91acb37be515001f911d304bfce93540e3d063ca4640a87bd55fa9f,13.859454613997514
61,66,3,2,Inference portfolio,0.30397103703587725,7,-5.157212541284638,0.0,-1.0658141036401503e-14,256,IEEE RTS 24-bus,2,3e3d0737d91acb37be515001f911d304bfce93540e3d063ca4640a87bd55fa9f,13.859454613997514
61,66,4,2,Batch portfolio,0.6960289629641228,7,-11.808918809826858,0.0,-1.0658141036401503e-14,256,IEEE RTS 24-bus,2,3e3d0737d91acb37be515001f911d304bfce93540e3d063ca4640a87bd55fa9f,13.859454613997514
61,66,5,3,Inference portfolio,0.3194660181587846,14,0.0,0.0,-1.0658141036401503e-14,256,IEEE RTS 24-bus,2,3e3d0737d91acb37be515001f911d304bfce93540e3d063ca4640a87bd55fa9f,13.859454613997514
61,66,6,3,Batch portfolio,0.6805339818412154,14,0.0,0.0,-1.0658141036401503e-14,256,IEEE RTS 24-bus,2,3e3d0737d91acb37be515001f911d304bfce93540e3d063ca4640a87bd55fa9f,13.859454613997514
61,66,7,4,Inference portfolio,0.3374214395382333,20,0.0,0.0,-1.0658141036401503e-14,256,IEEE RTS 24-bus,2,3e3d0737d91acb37be515001f911d304bfce93540e3d063ca4640a87bd55fa9f,13.859454613997514
61,66,8,4,Batch portfolio,0.6625785604617667,20,0.0,0.0,-1.0658141036401503e-14,256,IEEE RTS 24-bus,2,3e3d0737d91acb37be515001f911d304bfce93540e3d063ca4640a87bd55fa9f,13.859454613997514
61,67,1,1,Inference portfolio,0.3360858524341381,2,6.80390986166474,0.0,3.197442310920451e-14,256,IEEE RTS 24-bus,2,3e3d0737d91acb37be515001f911d304bfce93540e3d063ca4640a87bd55fa9f,13.859454613997514
61,67,2,1,Batch portfolio,0.6639141475658619,2,13.440649117497905,0.0,3.197442310920451e-14,256,IEEE RTS 24-bus,2,3e3d0737d91acb37be515001f911d304bfce93540e3d063ca4640a87bd55fa9f,13.859454613997514
61,67,3,2,Inference portfolio,0.30397103703587725,7,-6.153759587230069,0.0,3.197442310920451e-14,256,IEEE RTS 24-bus,2,3e3d0737d91acb37be515001f911d304bfce93540e3d063ca4640a87bd55fa9f,13.859454613997514
61,67,4,2,Batch portfolio,0.6960289629641228,7,-14.090799391932547,0.0,3.197442310920451e-14,256,IEEE RTS 24-bus,2,3e3d0737d91acb37be515001f911d304bfce93540e3d063ca4640a87bd55fa9f,13.859454613997514
61,67,5,3,Inference portfolio,0.3194660181587846,14,0.0,0.0,3.197442310920451e-14,256,IEEE RTS 24-bus,2,3e3d0737d91acb37be515001f911d304bfce93540e3d063ca4640a87bd55fa9f,13.859454613997514
61,67,6,3,Batch portfolio,0.6805339818412154,14,0.0,0.0,3.197442310920451e-14,256,IEEE RTS 24-bus,2,3e3d0737d91acb37be515001f911d304bfce93540e3d063ca4640a87bd55fa9f,13.859454613997514
61,67,7,4,Inference portfolio,0.3374214395382333,20,0.0,0.0,3.197442310920451e-14,256,IEEE RTS 24-bus,2,3e3d0737d91acb37be515001f911d304bfce93540e3d063ca4640a87bd55fa9f,13.859454613997514
61,67,8,4,Batch portfolio,0.6625785604617667,20,0.0,0.0,3.197442310920451e-14,256,IEEE RTS 24-bus,2,3e3d0737d91acb37be515001f911d304bfce93540e3d063ca4640a87bd55fa9f,13.859454613997514
61,68,1,1,Inference portfolio,0.3360858524341381,2,4.201679633926991,0.0,1.0658141036401503e-14,256,IEEE RTS 24-bus,2,3e3d0737d91acb37be515001f911d304bfce93540e3d063ca4640a87bd55fa9f,13.859454613997514
61,68,2,1,Batch portfolio,0.6639141475658619,2,8.293830187213036,0.0,1.0658141036401503e-14,256,IEEE RTS 24-bus,2,3e3d0737d91acb37be515001f911d304bfce93540e3d063ca4640a87bd55fa9f,13.859454613997514
61,68,3,2,Inference portfolio,0.30397103703587725,7,-3.800616772361229,0.0,1.0658141036401503e-14,256,IEEE RTS 24-bus,2,3e3d0737d91acb37be515001f911d304bfce93540e3d063ca4640a87bd55fa9f,13.859454613997514
61,68,4,2,Batch portfolio,0.6960289629641228,7,-8.694893048778788,0.0,1.0658141036401503e-14,256,IEEE RTS 24-bus,2,3e3d0737d91acb37be515001f911d304bfce93540e3d063ca4640a87bd55fa9f,13.859454613997514
61,68,5,3,Inference portfolio,0.3194660181587846,14,0.0,0.0,1.0658141036401503e-14,256,IEEE RTS 24-bus,2,3e3d0737d91acb37be515001f911d304bfce93540e3d063ca4640a87bd55fa9f,13.859454613997514
61,68,6,3,Batch portfolio,0.6805339818412154,14,0.0,0.0,1.0658141036401503e-14,256,IEEE RTS 24-bus,2,3e3d0737d91acb37be515001f911d304bfce93540e3d063ca4640a87bd55fa9f,13.859454613997514
61,68,7,4,Inference portfolio,0.3374214395382333,20,0.0,0.0,1.0658141036401503e-14,256,IEEE RTS 24-bus,2,3e3d0737d91acb37be515001f911d304bfce93540e3d063ca4640a87bd55fa9f,13.859454613997514
61,68,8,4,Batch portfolio,0.6625785604617667,20,0.0,0.0,1.0658141036401503e-14,256,IEEE RTS 24-bus,2,3e3d0737d91acb37be515001f911d304bfce93540e3d063ca4640a87bd55fa9f,13.859454613997514
61,69,1,1,Inference portfolio,0.3360858524341381,2,0.7076969049286781,0.0,4.440892098500626e-15,256,IEEE RTS 24-bus,2,3e3d0737d91acb37be515001f911d304bfce93540e3d063ca4640a87bd55fa9f,13.859454613997514
61,69,2,1,Batch portfolio,0.6639141475658619,2,1.398005848710912,0.0,4.440892098500626e-15,256,IEEE RTS 24-bus,2,3e3d0737d91acb37be515001f911d304bfce93540e3d063ca4640a87bd55fa9f,13.859454613997514
61,69,3,2,Inference portfolio,0.30397103703587725,7,-0.6400726497129948,0.0,4.440892098500626e-15,256,IEEE RTS 24-bus,2,3e3d0737d91acb37be515001f911d304bfce93540e3d063ca4640a87bd55fa9f,13.859454613997514
61,69,4,2,Batch portfolio,0.6960289629641228,7,-1.4656301039265904,0.0,4.440892098500626e-15,256,IEEE RTS 24-bus,2,3e3d0737d91acb37be515001f911d304bfce93540e3d063ca4640a87bd55fa9f,13.859454613997514
61,69,5,3,Inference portfolio,0.3194660181587846,14,0.0,0.0,4.440892098500626e-15,256,IEEE RTS 24-bus,2,3e3d0737d91acb37be515001f911d304bfce93540e3d063ca4640a87bd55fa9f,13.859454613997514
61,69,6,3,Batch portfolio,0.6805339818412154,14,0.0,0.0,4.440892098500626e-15,256,IEEE RTS 24-bus,2,3e3d0737d91acb37be515001f911d304bfce93540e3d063ca4640a87bd55fa9f,13.859454613997514
61,69,7,4,Inference portfolio,0.3374214395382333,20,0.0,0.0,4.440892098500626e-15,256,IEEE RTS 24-bus,2,3e3d0737d91acb37be515001f911d304bfce93540e3d063ca4640a87bd55fa9f,13.859454613997514
61,69,8,4,Batch portfolio,0.6625785604617667,20,0.0,0.0,4.440892098500626e-15,256,IEEE RTS 24-bus,2,3e3d0737d91acb37be515001f911d304bfce93540e3d063ca4640a87bd55fa9f,13.859454613997514
61,70,1,1,Inference portfolio,0.3360858524341381,2,0.3720612404592127,0.0,-2.220446049250313e-16,256,IEEE RTS 24-bus,2,3e3d0737d91acb37be515001f911d304bfce93540e3d063ca4640a87bd55fa9f,13.859454613997514
61,70,2,1,Batch portfolio,0.6639141475658619,2,0.734981016050066,0.0,-2.220446049250313e-16,256,IEEE RTS 24-bus,2,3e3d0737d91acb37be515001f911d304bfce93540e3d063ca4640a87bd55fa9f,13.859454613997514
61,70,3,2,Inference portfolio,0.30397103703587725,7,-0.33650878275360185,0.0,-2.220446049250313e-16,256,IEEE RTS 24-bus,2,3e3d0737d91acb37be515001f911d304bfce93540e3d063ca4640a87bd55fa9f,13.859454613997514
61,70,4,2,Batch portfolio,0.6960289629641228,7,-0.7705334737556773,0.0,-2.220446049250313e-16,256,IEEE RTS 24-bus,2,3e3d0737d91acb37be515001f911d304bfce93540e3d063ca4640a87bd55fa9f,13.859454613997514
61,70,5,3,Inference portfolio,0.3194660181587846,14,0.0,0.0,-2.220446049250313e-16,256,IEEE RTS 24-bus,2,3e3d0737d91acb37be515001f911d304bfce93540e3d063ca4640a87bd55fa9f,13.859454613997514
61,70,6,3,Batch portfolio,0.6805339818412154,14,0.0,0.0,-2.220446049250313e-16,256,IEEE RTS 24-bus,2,3e3d0737d91acb37be515001f911d304bfce93540e3d063ca4640a87bd55fa9f,13.859454613997514
61,70,7,4,Inference portfolio,0.3374214395382333,20,0.0,0.0,-2.220446049250313e-16,256,IEEE RTS 24-bus,2,3e3d0737d91acb37be515001f911d304bfce93540e3d063ca4640a87bd55fa9f,13.859454613997514
61,70,8,4,Batch portfolio,0.6625785604617667,20,0.0,0.0,-2.220446049250313e-16,256,IEEE RTS 24-bus,2,3e3d0737d91acb37be515001f911d304bfce93540e3d063ca4640a87bd55fa9f,13.859454613997514
61,71,1,1,Inference portfolio,0.3360858524341381,2,12.685683828952115,27.357569352292558,7.105427357601002e-15,256,IEEE RTS 24-bus,2,3e3d0737d91acb37be515001f911d304bfce93540e3d063ca4640a87bd55fa9f,13.859454613997514
61,71,2,1,Batch portfolio,0.6639141475658619,2,25.063900295546027,27.357569352292558,7.105427357601002e-15,256,IEEE RTS 24-bus,2,3e3d0737d91acb37be515001f911d304bfce93540e3d063ca4640a87bd55fa9f,13.859454613997514
61,71,3,2,Inference portfolio,0.30397103703587725,7,-3.1588787392979616,27.357569352292558,7.105427357601002e-15,256,IEEE RTS 24-bus,2,3e3d0737d91acb37be515001f911d304bfce93540e3d063ca4640a87bd55fa9f,13.859454613997514
61,71,4,2,Batch portfolio,0.6960289629641228,7,-7.233136032907618,27.357569352292558,7.105427357601002e-15,256,IEEE RTS 24-bus,2,3e3d0737d91acb37be515001f911d304bfce93540e3d063ca4640a87bd55fa9f,13.859454613997514
61,71,5,3,Inference portfolio,0.3194660181587846,14,0.0,27.357569352292558,7.105427357601002e-15,256,IEEE RTS 24-bus,2,3e3d0737d91acb37be515001f911d304bfce93540e3d063ca4640a87bd55fa9f,13.859454613997514
61,71,6,3,Batch portfolio,0.6805339818412154,14,0.0,27.357569352292558,7.105427357601002e-15,256,IEEE RTS 24-bus,2,3e3d0737d91acb37be515001f911d304bfce93540e3d063ca4640a87bd55fa9f,13.859454613997514
61,71,7,4,Inference portfolio,0.3374214395382333,20,0.0,27.357569352292558,7.105427357601002e-15,256,IEEE RTS 24-bus,2,3e3d0737d91acb37be515001f911d304bfce93540e3d063ca4640a87bd55fa9f,13.859454613997514
61,71,8,4,Batch portfolio,0.6625785604617667,20,0.0,27.357569352292558,7.105427357601002e-15,256,IEEE RTS 24-bus,2,3e3d0737d91acb37be515001f911d304bfce93540e3d063ca4640a87bd55fa9f,13.859454613997514
62,64,1,1,Inference portfolio,0.3360858524341381,2,6.868851961514793,0.0,1.4210854715202004e-14,256,IEEE RTS 24-bus,2,3e3d0737d91acb37be515001f911d304bfce93540e3d063ca4640a87bd55fa9f,14.421352459001355
62,64,2,1,Batch portfolio,0.6639141475658619,2,13.56893770373382,0.0,1.4210854715202004e-14,256,IEEE RTS 24-bus,2,3e3d0737d91acb37be515001f911d304bfce93540e3d063ca4640a87bd55fa9f,14.421352459001355
62,64,3,2,Inference portfolio,0.30397103703587725,7,-6.212496119267141,0.0,1.4210854715202004e-14,256,IEEE RTS 24-bus,2,3e3d0737d91acb37be515001f911d304bfce93540e3d063ca4640a87bd55fa9f,14.421352459001355
62,64,4,2,Batch portfolio,0.6960289629641228,7,-14.225293545981456,0.0,1.4210854715202004e-14,256,IEEE RTS 24-bus,2,3e3d0737d91acb37be515001f911d304bfce93540e3d063ca4640a87bd55fa9f,14.421352459001355
62,64,5,3,Inference portfolio,0.3194660181587846,14,0.0,0.0,1.4210854715202004e-14,256,IEEE RTS 24-bus,2,3e3d0737d91acb37be515001f911d304bfce93540e3d063ca4640a87bd55fa9f,14.421352459001355
62,64,6,3,Batch portfolio,0.6805339818412154,14,0.0,0.0,1.4210854715202004e-14,256,IEEE RTS 24-bus,2,3e3d0737d91acb37be515001f911d304bfce93540e3d063ca4640a87bd55fa9f,14.421352459001355
62,64,7,4,Inference portfolio,0.3374214395382333,20,0.0,0.0,1.4210854715202004e-14,256,IEEE RTS 24-bus,2,3e3d0737d91acb37be515001f911d304bfce93540e3d063ca4640a87bd55fa9f,14.421352459001355
62,64,8,4,Batch portfolio,0.6625785604617667,20,0.0,0.0,1.4210854715202004e-14,256,IEEE RTS 24-bus,2,3e3d0737d91acb37be515001f911d304bfce93540e3d063ca4640a87bd55fa9f,14.421352459001355
62,65,1,1,Inference portfolio,0.3360858524341381,2,8.932211243700902,3.637978807091713e-12,-1.7763568394002505e-14,256,IEEE RTS 24-bus,2,3e3d0737d91acb37be515001f911d304bfce93540e3d063ca4640a87bd55fa9f,14.421352459001355
62,65,2,1,Batch portfolio,0.6639141475658619,2,17.644959973142868,3.637978807091713e-12,-1.7763568394002505e-14,256,IEEE RTS 24-bus,2,3e3d0737d91acb37be515001f911d304bfce93540e3d063ca4640a87bd55fa9f,14.421352459001355
62,65,3,2,Inference portfolio,0.30397103703587725,7,-8.07869029626272,3.637978807091713e-12,-1.7763568394002505e-14,256,IEEE RTS 24-bus,2,3e3d0737d91acb37be515001f911d304bfce93540e3d063ca4640a87bd55fa9f,14.421352459001355
62,65,4,2,Batch portfolio,0.6960289629641228,7,-18.498480920577432,3.637978807091713e-12,-1.7763568394002505e-14,256,IEEE RTS 24-bus,2,3e3d0737d91acb37be515001f911d304bfce93540e3d063ca4640a87bd55fa9f,14.421352459001355
62,65,5,3,Inference portfolio,0.3194660181587846,14,0.0,3.637978807091713e-12,-1.7763568394002505e-14,256,IEEE RTS 24-bus,2,3e3d0737d91acb37be515001f911d304bfce93540e3d063ca4640a87bd55fa9f,14.421352459001355
62,65,6,3,Batch portfolio,0.6805339818412154,14,0.0,3.637978807091713e-12,-1.7763568394002505e-14,256,IEEE RTS 24-bus,2,3e3d0737d91acb37be515001f911d304bfce93540e3d063ca4640a87bd55fa9f,14.421352459001355
62,65,7,4,Inference portfolio,0.3374214395382333,20,0.0,3.637978807091713e-12,-1.7763568394002505e-14,256,IEEE RTS 24-bus,2,3e3d0737d91acb37be515001f911d304bfce93540e3d063ca4640a87bd55fa9f,14.421352459001355
62,65,8,4,Batch portfolio,0.6625785604617667,20,0.0,3.637978807091713e-12,-1.7763568394002505e-14,256,IEEE RTS 24-bus,2,3e3d0737d91acb37be515001f911d304bfce93540e3d063ca4640a87bd55fa9f,14.421352459001355
62,66,1,1,Inference portfolio,0.3360858524341381,2,11.007797068790904,0.0,7.105427357601002e-15,256,IEEE RTS 24-bus,2,3e3d0737d91acb37be515001f911d304bfce93540e3d063ca4640a87bd55fa9f,14.421352459001355
62,66,2,1,Batch portfolio,0.6639141475658619,2,21.76092574485135,0.0,7.105427357601002e-15,256,IEEE RTS 24-bus,2,3e3d0737d91acb37be515001f911d304bfce93540e3d063ca4640a87bd55fa9f,14.421352459001355
62,66,3,2,Inference portfolio,0.30397103703587725,7,-9.95494613285685,0.0,7.105427357601002e-15,256,IEEE RTS 24-bus,2,3e3d0737d91acb37be515001f911d304bfce93540e3d063ca4640a87bd55fa9f,14.421352459001355
62,66,4,2,Batch portfolio,0.6960289629641228,7,-22.8137766807854,0.0,7.105427357601002e-15,256,IEEE RTS 24-bus,2,3e3d0737d91acb37be515001f911d304bfce93540e3d063ca4640a87bd55fa9f,14.421352459001355
62,66,5,3,Inference portfolio,0.3194660181587846,14,0.0,0.0,7.105427357601002e-15,256,IEEE RTS 24-bus,2,3e3d0737d91acb37be515001f911d304bfce93540e3d063ca4640a87bd55fa9f,14.421352459001355
62,66,6,3,Batch portfolio,0.6805339818412154,14,0.0,0.0,7.105427357601002e-15,256,IEEE RTS 24-bus,2,3e3d0737d91acb37be515001f911d304bfce93540e3d063ca4640a87bd55fa9f,14.421352459001355
62,66,7,4,Inference portfolio,0.3374214395382333,20,0.0,0.0,7.105427357601002e-15,256,IEEE RTS 24-bus,2,3e3d0737d91acb37be515001f911d304bfce93540e3d063ca4640a87bd55fa9f,14.421352459001355
62,66,8,4,Batch portfolio,0.6625785604617667,20,0.0,0.0,7.105427357601002e-15,256,IEEE RTS 24-bus,2,3e3d0737d91acb37be515001f911d304bfce93540e3d063ca4640a87bd55fa9f,14.421352459001355
62,67,1,1,Inference portfolio,0.3360858524341381,2,10.521117503198639,-3.637978807091713e-12,2.4868995751603507e-14,256,IEEE RTS 24-bus,2,3e3d0737d91acb37be515001f911d304bfce93540e3d063ca4640a87bd55fa9f,14.421352459001355
62,67,2,1,Batch portfolio,0.6639141475658619,2,20.795436516942136,-3.637978807091713e-12,2.4868995751603507e-14,256,IEEE RTS 24-bus,2,3e3d0737d91acb37be515001f911d304bfce93540e3d063ca4640a87bd55fa9f,14.421352459001355
62,67,3,2,Inference portfolio,0.30397103703587725,7,-9.51567907974929,-3.637978807091713e-12,2.4868995751603507e-14,256,IEEE RTS 24-bus,2,3e3d0737d91acb37be515001f911d304bfce93540e3d063ca4640a87bd55fa9f,14.421352459001355
62,67,4,2,Batch portfolio,0.6960289629641228,7,-21.800874940395097,-3.637978807091713e-12,2.4868995751603507e-14,256,IEEE RTS 24-bus,2,3e3d0737d91acb37be515001f911d304bfce93540e3d063ca4640a87bd55fa9f,14.421352459001355
62,67,5,3,Inference portfolio,0.3194660181587846,14,0.0,-3.637978807091713e-12,2.4868995751603507e-14,256,IEEE RTS 24-bus,2,3e3d0737d91acb37be515001f911d304bfce93540e3d063ca4640a87bd55fa9f,14.421352459001355
62,67,6,3,Batch portfolio,0.6805339818412154,14,0.0,-3.637978807091713e-12,2.4868995751603507e-14,256,IEEE RTS 24-bus,2,3e3d0737d91acb37be515001f911d304bfce93540e3d063ca4640a87bd55fa9f,14.421352459001355
62,67,7,4,Inference portfolio,0.3374214395382333,20,0.0,-3.637978807091713e-12,2.4868995751603507e-14,256,IEEE RTS 24-bus,2,3e3d0737d91acb37be515001f911d304bfce93540e3d063ca4640a87bd55fa9f,14.421352459001355
62,67,8,4,Batch portfolio,0.6625785604617667,20,0.0,-3.637978807091713e-12,2.4868995751603507e-14,256,IEEE RTS 24-bus,2,3e3d0737d91acb37be515001f911d304bfce93540e3d063ca4640a87bd55fa9f,14.421352459001355
62,68,1,1,Inference portfolio,0.3360858524341381,2,9.132605281575405,0.0,3.552713678800501e-15,256,IEEE RTS 24-bus,2,3e3d0737d91acb37be515001f911d304bfce93540e3d063ca4640a87bd55fa9f,14.421352459001355
62,68,2,1,Batch portfolio,0.6639141475658619,2,18.04082441036707,0.0,3.552713678800501e-15,256,IEEE RTS 24-bus,2,3e3d0737d91acb37be515001f911d304bfce93540e3d063ca4640a87bd55fa9f,14.421352459001355
62,68,3,2,Inference portfolio,0.30397103703587725,7,-8.259935603280603,0.0,3.552713678800501e-15,256,IEEE RTS 24-bus,2,3e3d0737d91acb37be515001f911d304bfce93540e3d063ca4640a87bd55fa9f,14.421352459001355
62,68,4,2,Batch portfolio,0.6960289629641228,7,-18.913494088661867,0.0,3.552713678800501e-15,256,IEEE RTS 24-bus,2,3e3d0737d91acb37be515001f911d304bfce93540e3d063ca4640a87bd55fa9f,14.421352459001355
62,68,5,3,Inference portfolio,0.3194660181587846,14,0.0,0.0,3.552713678800501e-15,256,IEEE RTS 24-bus,2,3e3d0737d91acb37be515001f911d304bfce93540e3d063ca4640a87bd55fa9f,14.421352459001355
62,68,6,3,Batch portfolio,0.6805339818412154,14,0.0,0.0,3.552713678800501e-15,256,IEEE RTS 24-bus,2,3e3d0737d91acb37be515001f911d304bfce93540e3d063ca4640a87bd55fa9f,14.421352459001355
62,68,7,4,Inference portfolio,0.3374214395382333,20,0.0,0.0,3.552713678800501e-15,256,IEEE RTS 24-bus,2,3e3d0737d91acb37be515001f911d304bfce93540e3d063ca4640a87bd55fa9f,14.421352459001355
62,68,8,4,Batch portfolio,0.6625785604617667,20,0.0,0.0,3.552713678800501e-15,256,IEEE RTS 24-bus,2,3e3d0737d91acb37be515001f911d304bfce93540e3d063ca4640a87bd55fa9f,14.421352459001355
62,69,1,1,Inference portfolio,0.3360858524341381,2,11.828121140866495,0.0,3.552713678800501e-14,256,IEEE RTS 24-bus,2,3e3d0737d91acb37be515001f911d304bfce93540e3d063ca4640a87bd55fa9f,14.421352459001355
62,69,2,1,Batch portfolio,0.6639141475658619,2,23.35712843892801,0.0,3.552713678800501e-14,256,IEEE RTS 24-bus,2,3e3d0737d91acb37be515001f911d304bfce93540e3d063ca4640a87bd55fa9f,14.421352459001355
62,69,3,2,Inference portfolio,0.30397103703587725,7,-10.69725786868532,0.0,3.552713678800501e-14,256,IEEE RTS 24-bus,2,3e3d0737d91acb37be515001f911d304bfce93540e3d063ca4640a87bd55fa9f,14.421352459001355
62,69,4,2,Batch portfolio,0.6960289629641228,7,-24.487991711109157,0.0,3.552713678800501e-14,256,IEEE RTS 24-bus,2,3e3d0737d91acb37be515001f911d304bfce93540e3d063ca4640a87bd55fa9f,14.421352459001355
62,69,5,3,Inference portfolio,0.3194660181587846,14,0.0,0.0,3.552713678800501e-14,256,IEEE RTS 24-bus,2,3e3d0737d91acb37be515001f911d304bfce93540e3d063ca4640a87bd55fa9f,14.421352459001355
62,69,6,3,Batch portfolio,0.6805339818412154,14,0.0,0.0,3.552713678800501e-14,256,IEEE RTS 24-bus,2,3e3d0737d91acb37be515001f911d304bfce93540e3d063ca4640a87bd55fa9f,14.421352459001355
62,69,7,4,Inference portfolio,0.3374214395382333,20,0.0,0.0,3.552713678800501e-14,256,IEEE RTS 24-bus,2,3e3d0737d91acb37be515001f911d304bfce93540e3d063ca4640a87bd55fa9f,14.421352459001355
62,69,8,4,Batch portfolio,0.6625785604617667,20,0.0,0.0,3.552713678800501e-14,256,IEEE RTS 24-bus,2,3e3d0737d91acb37be515001f911d304bfce93540e3d063ca4640a87bd55fa9f,14.421352459001355
62,70,1,1,Inference portfolio,0.3360858524341381,2,8.304303986101626,0.0,-1.4210854715202004e-14,256,IEEE RTS 24-bus,2,3e3d0737d91acb37be515001f911d304bfce93540e3d063ca4640a87bd55fa9f,14.421352459001355
62,70,2,1,Batch portfolio,0.6639141475658619,2,16.404573004575745,0.0,-1.4210854715202004e-14,256,IEEE RTS 24-bus,2,3e3d0737d91acb37be515001f911d304bfce93540e3d063ca4640a87bd55fa9f,14.421352459001355
62,70,3,2,Inference portfolio,0.30397103703587725,7,-7.5107829628477605,0.0,-1.4210854715202004e-14,256,IEEE RTS 24-bus,2,3e3d0737d91acb37be515001f911d304bfce93540e3d063ca4640a87bd55fa9f,14.421352459001355
62,70,4,2,Batch portfolio,0.6960289629641228,7,-17.198094027829626,0.0,-1.4210854715202004e-14,256,IEEE RTS 24-bus,2,3e3d0737d91acb37be515001f911d304bfce93540e3d063ca4640a87bd55fa9f,14.421352459001355
62,70,5,3,Inference portfolio,0.3194660181587846,14,0.0,0.0,-1.4210854715202004e-14,256,IEEE RTS 24-bus,2,3e3d0737d91acb37be515001f911d304bfce93540e3d063ca4640a87bd55fa9f,14.421352459001355
62,70,6,3,Batch portfolio,0.6805339818412154,14,0.0,0.0,-1.4210854715202004e-14,256,IEEE RTS 24-bus,2,3e3d0737d91acb37be515001f911d304bfce93540e3d063ca4640a87bd55fa9f,14.421352459001355
62,70,7,4,Inference portfolio,0.3374214395382333,20,0.0,0.0,-1.4210854715202004e-14,256,IEEE RTS 24-bus,2,3e3d0737d91acb37be515001f911d304bfce93540e3d063ca4640a87bd55fa9f,14.421352459001355
62,70,8,4,Batch portfolio,0.6625785604617667,20,0.0,0.0,-1.4210854715202004e-14,256,IEEE RTS 24-bus,2,3e3d0737d91acb37be515001f911d304bfce93540e3d063ca4640a87bd55fa9f,14.421352459001355
62,71,1,1,Inference portfolio,0.3360858524341381,2,6.62057537402264,-1.8189894035458565e-12,0.0,256,IEEE RTS 24-bus,2,3e3d0737d91acb37be515001f911d304bfce93540e3d063ca4640a87bd55fa9f,14.421352459001355
62,71,2,1,Batch portfolio,0.6639141475658619,2,13.078484631250529,-1.8189894035458565e-12,0.0,256,IEEE RTS 24-bus,2,3e3d0737d91acb37be515001f911d304bfce93540e3d063ca4640a87bd55fa9f,14.421352459001355
62,71,3,2,Inference portfolio,0.30397103703587725,7,-5.987943698435927,-1.8189894035458565e-12,0.0,256,IEEE RTS 24-bus,2,3e3d0737d91acb37be515001f911d304bfce93540e3d063ca4640a87bd55fa9f,14.421352459001355
62,71,4,2,Batch portfolio,0.6960289629641228,7,-13.71111630683906,-1.8189894035458565e-12,0.0,256,IEEE RTS 24-bus,2,3e3d0737d91acb37be515001f911d304bfce93540e3d063ca4640a87bd55fa9f,14.421352459001355
62,71,5,3,Inference portfolio,0.3194660181587846,14,0.0,-1.8189894035458565e-12,0.0,256,IEEE RTS 24-bus,2,3e3d0737d91acb37be515001f911d304bfce93540e3d063ca4640a87bd55fa9f,14.421352459001355
62,71,6,3,Batch portfolio,0.6805339818412154,14,0.0,-1.8189894035458565e-12,0.0,256,IEEE RTS 24-bus,2,3e3d0737d91acb37be515001f911d304bfce93540e3d063ca4640a87bd55fa9f,14.421352459001355
62,71,7,4,Inference portfolio,0.3374214395382333,20,0.0,-1.8189894035458565e-12,0.0,256,IEEE RTS 24-bus,2,3e3d0737d91acb37be515001f911d304bfce93540e3d063ca4640a87bd55fa9f,14.421352459001355
62,71,8,4,Batch portfolio,0.6625785604617667,20,0.0,-1.8189894035458565e-12,0.0,256,IEEE RTS 24-bus,2,3e3d0737d91acb37be515001f911d304bfce93540e3d063ca4640a87bd55fa9f,14.421352459001355
63,64,1,1,Inference portfolio,0.3360858524341381,2,14.27431040744763,22.92622097140702,0.0,256,IEEE RTS 24-bus,2,3e3d0737d91acb37be515001f911d304bfce93540e3d063ca4640a87bd55fa9f,14.339254438997159
63,64,2,1,Batch portfolio,0.6639141475658619,2,28.21079405735147,22.92622097140702,0.0,256,IEEE RTS 24-bus,2,3e3d0737d91acb37be515001f911d304bfce93540e3d063ca4640a87bd55fa9f,14.339254438997159
63,64,3,2,Inference portfolio,0.30397103703587725,7,-5.948528322705903,22.92622097140702,0.0,256,IEEE RTS 24-bus,2,3e3d0737d91acb37be515001f911d304bfce93540e3d063ca4640a87bd55fa9f,14.339254438997159
63,64,4,2,Batch portfolio,0.6960289629641228,7,-13.610355170686178,22.92622097140702,0.0,256,IEEE RTS 24-bus,2,3e3d0737d91acb37be515001f911d304bfce93540e3d063ca4640a87bd55fa9f,14.339254438997159
63,64,5,3,Inference portfolio,0.3194660181587846,14,0.0,22.92622097140702,0.0,256,IEEE RTS 24-bus,2,3e3d0737d91acb37be515001f911d304bfce93540e3d063ca4640a87bd55fa9f,14.339254438997159
63,64,6,3,Batch portfolio,0.6805339818412154,14,0.0,22.92622097140702,0.0,256,IEEE RTS 24-bus,2,3e3d0737d91acb37be515001f911d304bfce93540e3d063ca4640a87bd55fa9f,14.339254438997159
63,64,7,4,Inference portfolio,0.3374214395382333,20,0.0,22.92622097140702,0.0,256,IEEE RTS 24-bus,2,3e3d0737d91acb37be515001f911d304bfce93540e3d063ca4640a87bd55fa9f,14.339254438997159
63,64,8,4,Batch portfolio,0.6625785604617667,20,0.0,22.92622097140702,0.0,256,IEEE RTS 24-bus,2,3e3d0737d91acb37be515001f911d304bfce93540e3d063ca4640a87bd55fa9f,14.339254438997159
63,65,1,1,Inference portfolio,0.3360858524341381,2,6.454478604244742,1.8189894035458565e-12,0.0,256,IEEE RTS 24-bus,2,3e3d0737d91acb37be515001f911d304bfce93540e3d063ca4640a87bd55fa9f,14.339254438997159
63,65,2,1,Batch portfolio,0.6639141475658619,2,12.75037205369744,1.8189894035458565e-12,0.0,256,IEEE RTS 24-bus,2,3e3d0737d91acb37be515001f911d304bfce93540e3d063ca4640a87bd55fa9f,14.339254438997159
63,65,3,2,Inference portfolio,0.30397103703587725,7,-5.8377183706135485,1.8189894035458565e-12,0.0,256,IEEE RTS 24-bus,2,3e3d0737d91acb37be515001f911d304bfce93540e3d063ca4640a87bd55fa9f,14.339254438997159
63,65,4,2,Batch portfolio,0.6960289629641228,7,-13.367132287326815,1.8189894035458565e-12,0.0,256,IEEE RTS 24-bus,2,3e3d0737d91acb37be515001f911d304bfce93540e3d063ca4640a87bd55fa9f,14.339254438997159
63,65,5,3,Inference portfolio,0.3194660181587846,14,0.0,1.8189894035458565e-12,0.0,256,IEEE RTS 24-bus,2,3e3d0737d91acb37be515001f911d304bfce93540e3d063ca4640a87bd55fa9f,14.339254438997159
63,65,6,3,Batch portfolio,0.6805339818412154,14,0.0,1.8189894035458565e-12,0.0,256,IEEE RTS 24-bus,2,3e3d0737d91acb37be515001f911d304bfce93540e3d063ca4640a87bd55fa9f,14.339254438997159
63,65,7,4,Inference portfolio,0.3374214395382333,20,0.0,1.8189894035458565e-12,0.0,256,IEEE RTS 24-bus,2,3e3d0737d91acb37be515001f911d304bfce93540e3d063ca4640a87bd55fa9f,14.339254438997159
63,65,8,4,Batch portfolio,0.6625785604617667,20,0.0,1.8189894035458565e-12,0.0,256,IEEE RTS 24-bus,2,3e3d0737d91acb37be515001f911d304bfce93540e3d063ca4640a87bd55fa9f,14.339254438997159
63,66,1,1,Inference portfolio,0.3360858524341381,2,2.6367157692761785,1.8189894035458565e-12,2.6645352591003757e-15,256,IEEE RTS 24-bus,2,3e3d0737d91acb37be515001f911d304bfce93540e3d063ca4640a87bd55fa9f,14.339254438997159
63,66,2,1,Batch portfolio,0.6639141475658619,2,5.205590689854489,1.8189894035458565e-12,2.6645352591003757e-15,256,IEEE RTS 24-bus,2,3e3d0737d91acb37be515001f911d304bfce93540e3d063ca4640a87bd55fa9f,14.339254438997159
63,66,3,2,Inference portfolio,0.30397103703587725,7,-2.3848535502237,1.8189894035458565e-12,2.6645352591003757e-15,256,IEEE RTS 24-bus,2,3e3d0737d91acb37be515001f911d304bfce93540e3d063ca4640a87bd55fa9f,14.339254438997159
63,66,4,2,Batch portfolio,0.6960289629641228,7,-5.457452908905146,1.8189894035458565e-12,2.6645352591003757e-15,256,IEEE RTS 24-bus,2,3e3d0737d91acb37be515001f911d304bfce93540e3d063ca4640a87bd55fa9f,14.339254438997159
63,66,5,3,Inference portfolio,0.3194660181587846,14,0.0,1.8189894035458565e-12,2.6645352591003757e-15,256,IEEE RTS 24-bus,2,3e3d0737d91acb37be515001f911d304bfce93540e3d063ca4640a87bd55fa9f,14.339254438997159
63,66,6,3,Batch portfolio,0.6805339818412154,14,0.0,1.8189894035458565e-12,2.6645352591003757e-15,256,IEEE RTS 24-bus,2,3e3d0737d91acb37be515001f911d304bfce93540e3d063ca4640a87bd55fa9f,14.339254438997159
63,66,7,4,Inference portfolio,0.3374214395382333,20,0.0,1.8189894035458565e-12,2.6645352591003757e-15,256,IEEE RTS 24-bus,2,3e3d0737d91acb37be515001f911d304bfce93540e3d063ca4640a87bd55fa9f,14.339254438997159
63,66,8,4,Batch portfolio,0.6625785604617667,20,0.0,1.8189894035458565e-12,2.6645352591003757e-15,256,IEEE RTS 24-bus,2,3e3d0737d91acb37be515001f911d304bfce93540e3d063ca4640a87bd55fa9f,14.339254438997159
63,67,1,1,Inference portfolio,0.3360858524341381,2,9.168033143350234,-0.17099563970623421,7.41073868937292e-15,256,IEEE RTS 24-bus,2,3e3d0737d91acb37be515001f911d304bfce93540e3d063ca4640a87bd55fa9f,14.339254438997159
63,67,2,1,Batch portfolio,0.6639141475658619,2,18.110809678950552,-0.17099563970623421,7.41073868937292e-15,256,IEEE RTS 24-bus,2,3e3d0737d91acb37be515001f911d304bfce93540e3d063ca4640a87bd55fa9f,14.339254438997159
63,67,3,2,Inference portfolio,0.30397103703587725,7,-8.29197814183293,-0.17099563970623421,7.41073868937292e-15,256,IEEE RTS 24-bus,2,3e3d0737d91acb37be515001f911d304bfce93540e3d063ca4640a87bd55fa9f,14.339254438997159
63,67,4,2,Batch portfolio,0.6960289629641228,7,-18.98686468046706,-0.17099563970623421,7.41073868937292e-15,256,IEEE RTS 24-bus,2,3e3d0737d91acb37be515001f911d304bfce93540e3d063ca4640a87bd55fa9f,14.339254438997159
63,67,5,3,Inference portfolio,0.3194660181587846,14,0.0,-0.17099563970623421,7.41073868937292e-15,256,IEEE RTS 24-bus,2,3e3d0737d91acb37be515001f911d304bfce93540e3d063ca4640a87bd55fa9f,14.339254438997159
63,67,6,3,Batch portfolio,0.6805339818412154,14,0.0,-0.17099563970623421,7.41073868937292e-15,256,IEEE RTS 24-bus,2,3e3d0737d91acb37be515001f911d304bfce93540e3d063ca4640a87bd55fa9f,14.339254438997159
63,67,7,4,Inference portfolio,0.3374214395382333,20,-0.05769759490479676,-0.17099563970623421,7.41073868937292e-15,256,IEEE RTS 24-bus,2,3e3d0737d91acb37be515001f911d304bfce93540e3d063ca4640a87bd55fa9f,14.339254438997159
63,67,8,4,Batch portfolio,0.6625785604617667,20,-0.11329804480222584,-0.17099563970623421,7.41073868937292e-15,256,IEEE RTS 24-bus,2,3e3d0737d91acb37be515001f911d304bfce93540e3d063ca4640a87bd55fa9f,14.339254438997159
63,68,1,1,Inference portfolio,0.3360858524341381,2,5.678959468113648,0.1709956397098722,-8.326672684688674e-16,256,IEEE RTS 24-bus,2,3e3d0737d91acb37be515001f911d304bfce93540e3d063ca4640a87bd55fa9f,14.339254438997159
63,68,2,1,Batch portfolio,0.6639141475658619,2,11.218388120256765,0.1709956397098722,-8.326672684688674e-16,256,IEEE RTS 24-bus,2,3e3d0737d91acb37be515001f911d304bfce93540e3d063ca4640a87bd55fa9f,14.339254438997159
63,68,3,2,Inference portfolio,0.30397103703587725,7,-5.136304269592015,0.1709956397098722,-8.326672684688674e-16,256,IEEE RTS 24-bus,2,3e3d0737d91acb37be515001f911d304bfce93540e3d063ca4640a87bd55fa9f,14.339254438997159
63,68,4,2,Batch portfolio,0.6960289629641228,7,-11.761043318776792,0.1709956397098722,-8.326672684688674e-16,256,IEEE RTS 24-bus,2,3e3d0737d91acb37be515001f911d304bfce93540e3d063ca4640a87bd55fa9f,14.339254438997159
63,68,5,3,Inference portfolio,0.3194660181587846,14,0.0,0.1709956397098722,-8.326672684688674e-16,256,IEEE RTS 24-bus,2,3e3d0737d91acb37be515001f911d304bfce93540e3d063ca4640a87bd55fa9f,14.339254438997159
63,68,6,3,Batch portfolio,0.6805339818412154,14,0.0,0.1709956397098722,-8.326672684688674e-16,256,IEEE RTS 24-bus,2,3e3d0737d91acb37be515001f911d304bfce93540e3d063ca4640a87bd55fa9f,14.339254438997159
63,68,7,4,Inference portfolio,0.3374214395382333,20,0.057697594905403105,0.1709956397098722,-8.326672684688674e-16,256,IEEE RTS 24-bus,2,3e3d0737d91acb37be515001f911d304bfce93540e3d063ca4640a87bd55fa9f,14.339254438997159
63,68,8,4,Batch portfolio,0.6625785604617667,20,0.11329804480286243,0.1709956397098722,-8.326672684688674e-16,256,IEEE RTS 24-bus,2,3e3d0737d91acb37be515001f911d304bfce93540e3d063ca4640a87bd55fa9f,14.339254438997159
63,69,1,1,Inference portfolio,0.3360858524341381,2,7.771181905787515,0.0,2.1316282072803006e-14,256,IEEE RTS 24-bus,2,3e3d0737d91acb37be515001f911d304bfce93540e3d063ca4640a87bd55fa9f,14.339254438997159
63,69,2,1,Batch portfolio,0.6639141475658619,2,15.351427539103057,0.0,2.1316282072803006e-14,256,IEEE RTS 24-bus,2,3e3d0737d91acb37be515001f911d304bfce93540e3d063ca4640a87bd55fa9f,14.339254438997159
63,69,3,2,Inference portfolio,0.30397103703587725,7,-7.028603571938675,0.0,2.1316282072803006e-14,256,IEEE RTS 24-bus,2,3e3d0737d91acb37be515001f911d304bfce93540e3d063ca4640a87bd55fa9f,14.339254438997159
63,69,4,2,Batch portfolio,0.6960289629641228,7,-16.094005872951875,0.0,2.1316282072803006e-14,256,IEEE RTS 24-bus,2,3e3d0737d91acb37be515001f911d304bfce93540e3d063ca4640a87bd55fa9f,14.339254438997159
63,69,5,3,Inference portfolio,0.3194660181587846,14,0.0,0.0,2.1316282072803006e-14,256,IEEE RTS 24-bus,2,3e3d0737d91acb37be515001f911d304bfce93540e3d063ca4640a87bd55fa9f,14.339254438997159
63,69,6,3,Batch portfolio,0.6805339818412154,14,0.0,0.0,2.1316282072803006e-14,256,IEEE RTS 24-bus,2,3e3d0737d91acb37be515001f911d304bfce93540e3d063ca4640a87bd55fa9f,14.339254438997159
63,69,7,4,Inference portfolio,0.3374214395382333,20,0.0,0.0,2.1316282072803006e-14,256,IEEE RTS 24-bus,2,3e3d0737d91acb37be515001f911d304bfce93540e3d063ca4640a87bd55fa9f,14.339254438997159
63,69,8,4,Batch portfolio,0.6625785604617667,20,0.0,0.0,2.1316282072803006e-14,256,IEEE RTS 24-bus,2,3e3d0737d91acb37be515001f911d304bfce93540e3d063ca4640a87bd55fa9f,14.339254438997159
63,70,1,1,Inference portfolio,0.3360858524341381,2,11.242206231121607,0.0,2.842170943040401e-14,256,IEEE RTS 24-bus,2,3e3d0737d91acb37be515001f911d304bfce93540e3d063ca4640a87bd55fa9f,14.339254438997159
63,70,2,1,Batch portfolio,0.6639141475658619,2,22.22007897910348,0.0,2.842170943040401e-14,256,IEEE RTS 24-bus,2,3e3d0737d91acb37be515001f911d304bfce93540e3d063ca4640a87bd55fa9f,14.339254438997159
63,70,3,2,Inference portfolio,0.30397103703587725,7,-10.167785836346404,0.0,2.842170943040401e-14,256,IEEE RTS 24-bus,2,3e3d0737d91acb37be515001f911d304bfce93540e3d063ca4640a87bd55fa9f,14.339254438997159
63,70,4,2,Batch portfolio,0.6960289629641228,7,-23.294499373878658,0.0,2.842170943040401e-14,256,IEEE RTS 24-bus,2,3e3d0737d91acb37be515001f911d304bfce93540e3d063ca4640a87bd55fa9f,14.339254438997159
63,70,5,3,Inference portfolio,0.3194660181587846,14,0.0,0.0,2.842170943040401e-14,256,IEEE RTS 24-bus,2,3e3d0737d91acb37be515001f911d304bfce93540e3d063ca4640a87bd55fa9f,14.339254438997159
63,70,6,3,Batch portfolio,0.6805339818412154,14,0.0,0.0,2.842170943040401e-14,256,IEEE RTS 24-bus,2,3e3d0737d91acb37be515001f911d304bfce93540e3d063ca4640a87bd55fa9f,14.339254438997159
63,70,7,4,Inference portfolio,0.3374214395382333,20,0.0,0.0,2.842170943040401e-14,256,IEEE RTS 24-bus,2,3e3d0737d91acb37be515001f911d304bfce93540e3d063ca4640a87bd55fa9f,14.339254438997159
63,70,8,4,Batch portfolio,0.6625785604617667,20,0.0,0.0,2.842170943040401e-14,256,IEEE RTS 24-bus,2,3e3d0737d91acb37be515001f911d304bfce93540e3d063ca4640a87bd55fa9f,14.339254438997159
63,71,1,1,Inference portfolio,0.3360858524341381,2,13.00309344542968,0.0,-1.4210854715202004e-14,256,IEEE RTS 24-bus,2,3e3d0737d91acb37be515001f911d304bfce93540e3d063ca4640a87bd55fa9f,14.339254438997159
63,71,2,1,Batch portfolio,0.6639141475658619,2,25.665798671134773,0.0,-1.4210854715202004e-14,256,IEEE RTS 24-bus,2,3e3d0737d91acb37be515001f911d304bfce93540e3d063ca4640a87bd55fa9f,14.339254438997159
63,71,3,2,Inference portfolio,0.30397103703587725,7,-11.76057775313846,0.0,-1.4210854715202004e-14,256,IEEE RTS 24-bus,2,3e3d0737d91acb37be515001f911d304bfce93540e3d063ca4640a87bd55fa9f,14.339254438997159
63,71,4,2,Batch portfolio,0.6960289629641228,7,-26.908314363426,0.0,-1.4210854715202004e-14,256,IEEE RTS 24-bus,2,3e3d0737d91acb37be515001f911d304bfce93540e3d063ca4640a87bd55fa9f,14.339254438997159
63,71,5,3,Inference portfolio,0.3194660181587846,14,0.0,0.0,-1.4210854715202004e-14,256,IEEE RTS 24-bus,2,3e3d0737d91acb37be515001f911d304bfce93540e3d063ca4640a87bd55fa9f,14.339254438997159
63,71,6,3,Batch portfolio,0.6805339818412154,14,0.0,0.0,-1.4210854715202004e-14,256,IEEE RTS 24-bus,2,3e3d0737d91acb37be515001f911d304bfce93540e3d063ca4640a87bd55fa9f,14.339254438997159
63,71,7,4,Inference portfolio,0.3374214395382333,20,0.0,0.0,-1.4210854715202004e-14,256,IEEE RTS 24-bus,2,3e3d0737d91acb37be515001f911d304bfce93540e3d063ca4640a87bd55fa9f,14.339254438997159
63,71,8,4,Batch portfolio,0.6625785604617667,20,0.0,0.0,-1.4210854715202004e-14,256,IEEE RTS 24-bus,2,3e3d0737d91acb37be515001f911d304bfce93540e3d063ca4640a87bd55fa9f,14.339254438997159
64,64,1,1,Inference portfolio,0.3360858524341381,2,14.051319780605358,0.0,7.105427357601002e-15,256,IEEE RTS 24-bus,2,3e3d0737d91acb37be515001f911d304bfce93540e3d063ca4640a87bd55fa9f,13.877634399999806
64,64,2,1,Batch portfolio,0.6639141475658619,2,27.74891081898765,0.0,7.105427357601002e-15,256,IEEE RTS 24-bus,2,3e3d0737d91acb37be515001f911d304bfce93540e3d063ca4640a87bd55fa9f,13.877634399999806
64,64,3,2,Inference portfolio,0.30397103703587725,7,-12.708980467669333,0.0,7.105427357601002e-15,256,IEEE RTS 24-bus,2,3e3d0737d91acb37be515001f911d304bfce93540e3d063ca4640a87bd55fa9f,13.877634399999806
64,64,4,2,Batch portfolio,0.6960289629641228,7,-29.091250131923665,0.0,7.105427357601002e-15,256,IEEE RTS 24-bus,2,3e3d0737d91acb37be515001f911d304bfce93540e3d063ca4640a87bd55fa9f,13.877634399999806
64,64,5,3,Inference portfolio,0.3194660181587846,14,0.0,0.0,7.105427357601002e-15,256,IEEE RTS 24-bus,2,3e3d0737d91acb37be515001f911d304bfce93540e3d063ca4640a87bd55fa9f,13.877634399999806
64,64,6,3,Batch portfolio,0.6805339818412154,14,0.0,0.0,7.105427357601002e-15,256,IEEE RTS 24-bus,2,3e3d0737d91acb37be515001f911d304bfce93540e3d063ca4640a87bd55fa9f,13.877634399999806
64,64,7,4,Inference portfolio,0.3374214395382333,20,0.0,0.0,7.105427357601002e-15,256,IEEE RTS 24-bus,2,3e3d0737d91acb37be515001f911d304bfce93540e3d063ca4640a87bd55fa9f,13.877634399999806
64,64,8,4,Batch portfolio,0.6625785604617667,20,0.0,0.0,7.105427357601002e-15,256,IEEE RTS 24-bus,2,3e3d0737d91acb37be515001f911d304bfce93540e3d063ca4640a87bd55fa9f,13.877634399999806
64,65,1,1,Inference portfolio,0.3360858524341381,2,11.295441108606452,0.0,1.4210854715202004e-14,256,IEEE RTS 24-bus,2,3e3d0737d91acb37be515001f911d304bfce93540e3d063ca4640a87bd55fa9f,13.877634399999806
64,65,2,1,Batch portfolio,0.6639141475658619,2,22.307192306746874,0.0,1.4210854715202004e-14,256,IEEE RTS 24-bus,2,3e3d0737d91acb37be515001f911d304bfce93540e3d063ca4640a87bd55fa9f,13.877634399999806
64,65,3,2,Inference portfolio,0.30397103703587725,7,-10.215112916689739,0.0,1.4210854715202004e-14,256,IEEE RTS 24-bus,2,3e3d0737d91acb37be515001f911d304bfce93540e3d063ca4640a87bd55fa9f,13.877634399999806
64,65,4,2,Batch portfolio,0.6960289629641228,7,-23.387520498663573,0.0,1.4210854715202004e-14,256,IEEE RTS 24-bus,2,3e3d0737d91acb37be515001f911d304bfce93540e3d063ca4640a87bd55fa9f,13.877634399999806
64,65,5,3,Inference portfolio,0.3194660181587846,14,0.0,0.0,1.4210854715202004e-14,256,IEEE RTS 24-bus,2,3e3d0737d91acb37be515001f911d304bfce93540e3d063ca4640a87bd55fa9f,13.877634399999806
64,65,6,3,Batch portfolio,0.6805339818412154,14,0.0,0.0,1.4210854715202004e-14,256,IEEE RTS 24-bus,2,3e3d0737d91acb37be515001f911d304bfce93540e3d063ca4640a87bd55fa9f,13.877634399999806
64,65,7,4,Inference portfolio,0.3374214395382333,20,0.0,0.0,1.4210854715202004e-14,256,IEEE RTS 24-bus,2,3e3d0737d91acb37be515001f911d304bfce93540e3d063ca4640a87bd55fa9f,13.877634399999806
64,65,8,4,Batch portfolio,0.6625785604617667,20,0.0,0.0,1.4210854715202004e-14,256,IEEE RTS 24-bus,2,3e3d0737d91acb37be515001f911d304bfce93540e3d063ca4640a87bd55fa9f,13.877634399999806
64,66,1,1,Inference portfolio,0.3360858524341381,2,21.609527472300528,3.637978807091713e-12,-1.4210854715202004e-14,256,IEEE RTS 24-bus,2,3e3d0737d91acb37be515001f911d304bfce93540e3d063ca4640a87bd55fa9f,13.877634399999806
64,66,2,1,Batch portfolio,0.6639141475658619,2,42.68231640666846,3.637978807091713e-12,-1.4210854715202004e-14,256,IEEE RTS 24-bus,2,3e3d0737d91acb37be515001f911d304bfce93540e3d063ca4640a87bd55fa9f,13.877634399999806
64,66,3,2,Inference portfolio,0.30397103703587725,7,-19.54537286932829,3.637978807091713e-12,-1.4210854715202004e-14,256,IEEE RTS 24-bus,2,3e3d0737d91acb37be515001f911d304bfce93540e3d063ca4640a87bd55fa9f,13.877634399999806
64,66,4,2,Batch portfolio,0.6960289629641228,7,-44.74647100963708,3.637978807091713e-12,-1.4210854715202004e-14,256,IEEE RTS 24-bus,2,3e3d0737d91acb37be515001f911d304bfce93540e3d063ca4640a87bd55fa9f,13.877634399999806
64,66,5,3,Inference portfolio,0.3194660181587846,14,0.0,3.637978807091713e-12,-1.4210854715202004e-14,256,IEEE RTS 24-bus,2,3e3d0737d91acb37be515001f911d304bfce93540e3d063ca4640a87bd55fa9f,13.877634399999806
64,66,6,3,Batch portfolio,0.6805339818412154,14,0.0,3.637978807091713e-12,-1.4210854715202004e-14,256,IEEE RTS 24-bus,2,3e3d0737d91acb37be515001f911d304bfce93540e3d063ca4640a87bd55fa9f,13.877634399999806
64,66,7,4,Inference portfolio,0.3374214395382333,20,0.0,3.637978807091713e-12,-1.4210854715202004e-14,256,IEEE RTS 24-bus,2,3e3d0737d91acb37be515001f911d304bfce93540e3d063ca4640a87bd55fa9f,13.877634399999806
64,66,8,4,Batch portfolio,0.6625785604617667,20,0.0,3.637978807091713e-12,-1.4210854715202004e-14,256,IEEE RTS 24-bus,2,3e3d0737d91acb37be515001f911d304bfce93540e3d063ca4640a87bd55fa9f,13.877634399999806
64,67,1,1,Inference portfolio,0.3360858524341381,2,6.729970296678102,0.0,2.842170943040401e-14,256,IEEE RTS 24-bus,2,3e3d0737d91acb37be515001f911d304bfce93540e3d063ca4640a87bd55fa9f,13.877634399999806
64,67,2,1,Batch portfolio,0.6639141475658619,2,13.294586666775714,0.0,2.842170943040401e-14,256,IEEE RTS 24-bus,2,3e3d0737d91acb37be515001f911d304bfce93540e3d063ca4640a87bd55fa9f,13.877634399999806
64,67,3,2,Inference portfolio,0.30397103703587725,7,-6.08688534636531,0.0,2.842170943040401e-14,256,IEEE RTS 24-bus,2,3e3d0737d91acb37be515001f911d304bfce93540e3d063ca4640a87bd55fa9f,13.877634399999806
64,67,4,2,Batch portfolio,0.6960289629641228,7,-13.937671617088482,0.0,2.842170943040401e-14,256,IEEE RTS 24-bus,2,3e3d0737d91acb37be515001f911d304bfce93540e3d063ca4640a87bd55fa9f,13.877634399999806
64,67,5,3,Inference portfolio,0.3194660181587846,14,0.0,0.0,2.842170943040401e-14,256,IEEE RTS 24-bus,2,3e3d0737d91acb37be515001f911d304bfce93540e3d063ca4640a87bd55fa9f,13.877634399999806
64,67,6,3,Batch portfolio,0.6805339818412154,14,0.0,0.0,2.842170943040401e-14,256,IEEE RTS 24-bus,2,3e3d0737d91acb37be515001f911d304bfce93540e3d063ca4640a87bd55fa9f,13.877634399999806
64,67,7,4,Inference portfolio,0.3374214395382333,20,0.0,0.0,2.842170943040401e-14,256,IEEE RTS 24-bus,2,3e3d0737d91acb37be515001f911d304bfce93540e3d063ca4640a87bd55fa9f,13.877634399999806
64,67,8,4,Batch portfolio,0.6625785604617667,20,0.0,0.0,2.842170943040401e-14,256,IEEE RTS 24-bus,2,3e3d0737d91acb37be515001f911d304bfce93540e3d063ca4640a87bd55fa9f,13.877634399999806
64,68,1,1,Inference portfolio,0.3360858524341381,2,8.415614210740541,0.0,-1.4210854715202004e-14,256,IEEE RTS 24-bus,2,3e3d0737d91acb37be515001f911d304bfce93540e3d063ca4640a87bd55fa9f,13.877634399999806
64,68,2,1,Batch portfolio,0.6639141475658619,2,16.624458585510634,0.0,-1.4210854715202004e-14,256,IEEE RTS 24-bus,2,3e3d0737d91acb37be515001f911d304bfce93540e3d063ca4640a87bd55fa9f,13.877634399999806
64,68,3,2,Inference portfolio,0.30397103703587725,7,-7.611456895329713,0.0,-1.4210854715202004e-14,256,IEEE RTS 24-bus,2,3e3d0737d91acb37be515001f911d304bfce93540e3d063ca4640a87bd55fa9f,13.877634399999806
64,68,4,2,Batch portfolio,0.6960289629641228,7,-17.428615900921475,0.0,-1.4210854715202004e-14,256,IEEE RTS 24-bus,2,3e3d0737d91acb37be515001f911d304bfce93540e3d063ca4640a87bd55fa9f,13.877634399999806
64,68,5,3,Inference portfolio,0.3194660181587846,14,0.0,0.0,-1.4210854715202004e-14,256,IEEE RTS 24-bus,2,3e3d0737d91acb37be515001f911d304bfce93540e3d063ca4640a87bd55fa9f,13.877634399999806
64,68,6,3,Batch portfolio,0.6805339818412154,14,0.0,0.0,-1.4210854715202004e-14,256,IEEE RTS 24-bus,2,3e3d0737d91acb37be515001f911d304bfce93540e3d063ca4640a87bd55fa9f,13.877634399999806
64,68,7,4,Inference portfolio,0.3374214395382333,20,0.0,0.0,-1.4210854715202004e-14,256,IEEE RTS 24-bus,2,3e3d0737d91acb37be515001f911d304bfce93540e3d063ca4640a87bd55fa9f,13.877634399999806
64,68,8,4,Batch portfolio,0.6625785604617667,20,0.0,0.0,-1.4210854715202004e-14,256,IEEE RTS 24-bus,2,3e3d0737d91acb37be515001f911d304bfce93540e3d063ca4640a87bd55fa9f,13.877634399999806
64,69,1,1,Inference portfolio,0.3360858524341381,2,7.116549504218856,0.0,-3.552713678800501e-15,256,IEEE RTS 24-bus,2,3e3d0737d91acb37be515001f911d304bfce93540e3d063ca4640a87bd55fa9f,13.877634399999806
64,69,2,1,Batch portfolio,0.6639141475658619,2,14.058246913649938,0.0,-3.552713678800501e-15,256,IEEE RTS 24-bus,2,3e3d0737d91acb37be515001f911d304bfce93540e3d063ca4640a87bd55fa9f,13.877634399999806
64,69,3,2,Inference portfolio,0.30397103703587725,7,-6.436524826163653,0.0,-3.552713678800501e-15,256,IEEE RTS 24-bus,2,3e3d0737d91acb37be515001f911d304bfce93540e3d063ca4640a87bd55fa9f,13.877634399999806
64,69,4,2,Batch portfolio,0.6960289629641228,7,-14.738271591705143,0.0,-3.552713678800501e-15,256,IEEE RTS 24-bus,2,3e3d0737d91acb37be515001f911d304bfce93540e3d063ca4640a87bd55fa9f,13.877634399999806
64,69,5,3,Inference portfolio,0.3194660181587846,14,0.0,0.0,-3.552713678800501e-15,256,IEEE RTS 24-bus,2,3e3d0737d91acb37be515001f911d304bfce93540e3d063ca4640a87bd55fa9f,13.877634399999806
64,69,6,3,Batch portfolio,0.6805339818412154,14,0.0,0.0,-3.552713678800501e-15,256,IEEE RTS 24-bus,2,3e3d0737d91acb37be515001f911d304bfce93540e3d063ca4640a87bd55fa9f,13.877634399999806
64,69,7,4,Inference portfolio,0.3374214395382333,20,0.0,0.0,-3.552713678800501e-15,256,IEEE RTS 24-bus,2,3e3d0737d91acb37be515001f911d304bfce93540e3d063ca4640a87bd55fa9f,13.877634399999806
64,69,8,4,Batch portfolio,0.6625785604617667,20,0.0,0.0,-3.552713678800501e-15,256,IEEE RTS 24-bus,2,3e3d0737d91acb37be515001f911d304bfce93540e3d063ca4640a87bd55fa9f,13.877634399999806
64,70,1,1,Inference portfolio,0.3360858524341381,2,9.076081602077334,0.0,2.842170943040401e-14,256,IEEE RTS 24-bus,2,3e3d0737d91acb37be515001f911d304bfce93540e3d063ca4640a87bd55fa9f,13.877634399999806
64,70,2,1,Batch portfolio,0.6639141475658619,2,17.929165826051907,0.0,2.842170943040401e-14,256,IEEE RTS 24-bus,2,3e3d0737d91acb37be515001f911d304bfce93540e3d063ca4640a87bd55fa9f,13.877634399999806
64,70,3,2,Inference portfolio,0.30397103703587725,7,-8.208813066138202,0.0,2.842170943040401e-14,256,IEEE RTS 24-bus,2,3e3d0737d91acb37be515001f911d304bfce93540e3d063ca4640a87bd55fa9f,13.877634399999806
64,70,4,2,Batch portfolio,0.6960289629641228,7,-18.79643436199101,0.0,2.842170943040401e-14,256,IEEE RTS 24-bus,2,3e3d0737d91acb37be515001f911d304bfce93540e3d063ca4640a87bd55fa9f,13.877634399999806
64,70,5,3,Inference portfolio,0.3194660181587846,14,0.0,0.0,2.842170943040401e-14,256,IEEE RTS 24-bus,2,3e3d0737d91acb37be515001f911d304bfce93540e3d063ca4640a87bd55fa9f,13.877634399999806
64,70,6,3,Batch portfolio,0.6805339818412154,14,0.0,0.0,2.842170943040401e-14,256,IEEE RTS 24-bus,2,3e3d0737d91acb37be515001f911d304bfce93540e3d063ca4640a87bd55fa9f,13.877634399999806
64,70,7,4,Inference portfolio,0.3374214395382333,20,0.0,0.0,2.842170943040401e-14,256,IEEE RTS 24-bus,2,3e3d0737d91acb37be515001f911d304bfce93540e3d063ca4640a87bd55fa9f,13.877634399999806
64,70,8,4,Batch portfolio,0.6625785604617667,20,0.0,0.0,2.842170943040401e-14,256,IEEE RTS 24-bus,2,3e3d0737d91acb37be515001f911d304bfce93540e3d063ca4640a87bd55fa9f,13.877634399999806
64,71,1,1,Inference portfolio,0.3360858524341381,2,8.518684182655758,0.0,-2.1316282072803006e-14,256,IEEE RTS 24-bus,2,3e3d0737d91acb37be515001f911d304bfce93540e3d063ca4640a87bd55fa9f,13.877634399999806
64,71,2,1,Batch portfolio,0.6639141475658619,2,16.828066122239914,0.0,-2.1316282072803006e-14,256,IEEE RTS 24-bus,2,3e3d0737d91acb37be515001f911d304bfce93540e3d063ca4640a87bd55fa9f,13.877634399999806
64,71,3,2,Inference portfolio,0.30397103703587725,7,-7.7046779756691075,0.0,-2.1316282072803006e-14,256,IEEE RTS 24-bus,2,3e3d0737d91acb37be515001f911d304bfce93540e3d063ca4640a87bd55fa9f,13.877634399999806
64,71,4,2,Batch portfolio,0.6960289629641228,7,-17.642072329226586,0.0,-2.1316282072803006e-14,256,IEEE RTS 24-bus,2,3e3d0737d91acb37be515001f911d304bfce93540e3d063ca4640a87bd55fa9f,13.877634399999806
64,71,5,3,Inference portfolio,0.3194660181587846,14,0.0,0.0,-2.1316282072803006e-14,256,IEEE RTS 24-bus,2,3e3d0737d91acb37be515001f911d304bfce93540e3d063ca4640a87bd55fa9f,13.877634399999806
64,71,6,3,Batch portfolio,0.6805339818412154,14,0.0,0.0,-2.1316282072803006e-14,256,IEEE RTS 24-bus,2,3e3d0737d91acb37be515001f911d304bfce93540e3d063ca4640a87bd55fa9f,13.877634399999806
64,71,7,4,Inference portfolio,0.3374214395382333,20,0.0,0.0,-2.1316282072803006e-14,256,IEEE RTS 24-bus,2,3e3d0737d91acb37be515001f911d304bfce93540e3d063ca4640a87bd55fa9f,13.877634399999806
64,71,8,4,Batch portfolio,0.6625785604617667,20,0.0,0.0,-2.1316282072803006e-14,256,IEEE RTS 24-bus,2,3e3d0737d91acb37be515001f911d304bfce93540e3d063ca4640a87bd55fa9f,13.877634399999806
65,64,1,1,Inference portfolio,0.3360858524341381,2,4.926489630855668,0.9667773080800544,9.43689570931383e-15,256,IEEE RTS 24-bus,2,3e3d0737d91acb37be515001f911d304bfce93540e3d063ca4640a87bd55fa9f,14.264396525999473
65,64,2,1,Batch portfolio,0.6639141475658619,2,9.740584472636057,0.9667773080800544,9.43689570931383e-15,256,IEEE RTS 24-bus,2,3e3d0737d91acb37be515001f911d304bfce93540e3d063ca4640a87bd55fa9f,14.264396525999473
65,64,3,2,Inference portfolio,0.30397103703587725,7,-4.4563454798697055,0.9667773080800544,9.43689570931383e-15,256,IEEE RTS 24-bus,2,3e3d0737d91acb37be515001f911d304bfce93540e3d063ca4640a87bd55fa9f,14.264396525999473
65,64,4,2,Batch portfolio,0.6960289629641228,7,-10.213183673526933,0.9667773080800544,9.43689570931383e-15,256,IEEE RTS 24-bus,2,3e3d0737d91acb37be515001f911d304bfce93540e3d063ca4640a87bd55fa9f,14.264396525999473
65,64,5,3,Inference portfolio,0.3194660181587846,14,0.0,0.9667773080800544,9.43689570931383e-15,256,IEEE RTS 24-bus,2,3e3d0737d91acb37be515001f911d304bfce93540e3d063ca4640a87bd55fa9f,14.264396525999473
65,64,6,3,Batch portfolio,0.6805339818412154,14,0.0,0.9667773080800544,9.43689570931383e-15,256,IEEE RTS 24-bus,2,3e3d0737d91acb37be515001f911d304bfce93540e3d063ca4640a87bd55fa9f,14.264396525999473
65,64,7,4,Inference portfolio,0.3374214395382333,20,0.3270309116873854,0.9667773080800544,9.43689570931383e-15,256,IEEE RTS 24-bus,2,3e3d0737d91acb37be515001f911d304bfce93540e3d063ca4640a87bd55fa9f,14.264396525999473
65,64,8,4,Batch portfolio,0.6625785604617667,20,0.6422014462975918,0.9667773080800544,9.43689570931383e-15,256,IEEE RTS 24-bus,2,3e3d0737d91acb37be515001f911d304bfce93540e3d063ca4640a87bd55fa9f,14.264396525999473
65,65,1,1,Inference portfolio,0.3360858524341381,2,3.5046055358484236,-24.416059652859985,7.105427357601002e-15,256,IEEE RTS 24-bus,2,3e3d0737d91acb37be515001f911d304bfce93540e3d063ca4640a87bd55fa9f,14.264396525999473
65,65,2,1,Batch portfolio,0.6639141475658619,2,6.923103665433624,-24.416059652859985,7.105427357601002e-15,256,IEEE RTS 24-bus,2,3e3d0737d91acb37be515001f911d304bfce93540e3d063ca4640a87bd55fa9f,14.264396525999473
65,65,3,2,Inference portfolio,0.30397103703587725,7,-5.282493306930963,-24.416059652859985,7.105427357601002e-15,256,IEEE RTS 24-bus,2,3e3d0737d91acb37be515001f911d304bfce93540e3d063ca4640a87bd55fa9f,14.264396525999473
65,65,4,2,Batch portfolio,0.6960289629641228,7,-12.095785092361634,-24.416059652859985,7.105427357601002e-15,256,IEEE RTS 24-bus,2,3e3d0737d91acb37be515001f911d304bfce93540e3d063ca4640a87bd55fa9f,14.264396525999473
65,65,5,3,Inference portfolio,0.3194660181587846,14,-2.9690712282048453,-24.416059652859985,7.105427357601002e-15,256,IEEE RTS 24-bus,2,3e3d0737d91acb37be515001f911d304bfce93540e3d063ca4640a87bd55fa9f,14.264396525999473
65,65,6,3,Batch portfolio,0.6805339818412154,14,-6.324784955050445,-24.416059652859985,7.105427357601002e-15,256,IEEE RTS 24-bus,2,3e3d0737d91acb37be515001f911d304bfce93540e3d063ca4640a87bd55fa9f,14.264396525999473
65,65,7,4,Inference portfolio,0.3374214395382333,20,-2.7572845993011748,-24.416059652859985,7.105427357601002e-15,256,IEEE RTS 24-bus,2,3e3d0737d91acb37be515001f911d304bfce93540e3d063ca4640a87bd55fa9f,14.264396525999473
65,65,8,4,Batch portfolio,0.6625785604617667,20,-5.414349672292965,-24.416059652859985,7.105427357601002e-15,256,IEEE RTS 24-bus,2,3e3d0737d91acb37be515001f911d304bfce93540e3d063ca4640a87bd55fa9f,14.264396525999473
65,66,1,1,Inference portfolio,0.3360858524341381,2,0.59789099183951,23.935015982338882,3.552713678800501e-15,256,IEEE RTS 24-bus,2,3e3d0737d91acb37be515001f911d304bfce93540e3d063ca4640a87bd55fa9f,14.264396525999473
65,66,2,1,Batch portfolio,0.6639141475658619,2,1.1810919302603986,23.935015982338882,3.552713678800501e-15,256,IEEE RTS 24-bus,2,3e3d0737d91acb37be515001f911d304bfce93540e3d063ca4640a87bd55fa9f,14.264396525999473
65,66,3,2,Inference portfolio,0.30397103703587725,7,1.5303867478209106,23.935015982338882,3.552713678800501e-15,256,IEEE RTS 24-bus,2,3e3d0737d91acb37be515001f911d304bfce93540e3d063ca4640a87bd55fa9f,14.264396525999473
65,66,4,2,Batch portfolio,0.6960289629641228,7,3.504259851223548,23.935015982338882,3.552713678800501e-15,256,IEEE RTS 24-bus,2,3e3d0737d91acb37be515001f911d304bfce93540e3d063ca4640a87bd55fa9f,14.264396525999473
65,66,5,3,Inference portfolio,0.3194660181587846,14,2.9105747737416254,23.935015982338882,3.552713678800501e-15,256,IEEE RTS 24-bus,2,3e3d0737d91acb37be515001f911d304bfce93540e3d063ca4640a87bd55fa9f,14.264396525999473
65,66,6,3,Batch portfolio,0.6805339818412154,14,6.2001744399507395,23.935015982338882,3.552713678800501e-15,256,IEEE RTS 24-bus,2,3e3d0737d91acb37be515001f911d304bfce93540e3d063ca4640a87bd55fa9f,14.264396525999473
65,66,7,4,Inference portfolio,0.3374214395382333,20,2.7029607516709078,23.935015982338882,3.552713678800501e-15,256,IEEE RTS 24-bus,2,3e3d0737d91acb37be515001f911d304bfce93540e3d063ca4640a87bd55fa9f,14.264396525999473
65,66,8,4,Batch portfolio,0.6625785604617667,20,5.307676495831244,23.935015982338882,3.552713678800501e-15,256,IEEE RTS 24-bus,2,3e3d0737d91acb37be515001f911d304bfce93540e3d063ca4640a87bd55fa9f,14.264396525999473
65,67,1,1,Inference portfolio,0.3360858524341381,2,0.8761541691890967,0.0,4.440892098500626e-16,256,IEEE RTS 24-bus,2,3e3d0737d91acb37be515001f911d304bfce93540e3d063ca4640a87bd55fa9f,14.264396525999473
65,67,2,1,Batch portfolio,0.6639141475658619,2,1.7307814183803498,0.0,4.440892098500626e-16,256,IEEE RTS 24-bus,2,3e3d0737d91acb37be515001f911d304bfce93540e3d063ca4640a87bd55fa9f,14.264396525999473
65,67,3,2,Inference portfolio,0.30397103703587725,7,-0.792432914039182,0.0,4.440892098500626e-16,256,IEEE RTS 24-bus,2,3e3d0737d91acb37be515001f911d304bfce93540e3d063ca4640a87bd55fa9f,14.264396525999473
65,67,4,2,Batch portfolio,0.6960289629641228,7,-1.814502673530264,0.0,4.440892098500626e-16,256,IEEE RTS 24-bus,2,3e3d0737d91acb37be515001f911d304bfce93540e3d063ca4640a87bd55fa9f,14.264396525999473
65,67,5,3,Inference portfolio,0.3194660181587846,14,0.0,0.0,4.440892098500626e-16,256,IEEE RTS 24-bus,2,3e3d0737d91acb37be515001f911d304bfce93540e3d063ca4640a87bd55fa9f,14.264396525999473
65,67,6,3,Batch portfolio,0.6805339818412154,14,0.0,0.0,4.440892098500626e-16,256,IEEE RTS 24-bus,2,3e3d0737d91acb37be515001f911d304bfce93540e3d063ca4640a87bd55fa9f,14.264396525999473
65,67,7,4,Inference portfolio,0.3374214395382333,20,0.0,0.0,4.440892098500626e-16,256,IEEE RTS 24-bus,2,3e3d0737d91acb37be515001f911d304bfce93540e3d063ca4640a87bd55fa9f,14.264396525999473
65,67,8,4,Batch portfolio,0.6625785604617667,20,0.0,0.0,4.440892098500626e-16,256,IEEE RTS 24-bus,2,3e3d0737d91acb37be515001f911d304bfce93540e3d063ca4640a87bd55fa9f,14.264396525999473
65,68,1,1,Inference portfolio,0.3360858524341381,2,0.9972052661505585,0.0,4.884981308350689e-15,256,IEEE RTS 24-bus,2,3e3d0737d91acb37be515001f911d304bfce93540e3d063ca4640a87bd55fa9f,14.264396525999473
65,68,2,1,Batch portfolio,0.6639141475658619,2,1.9699094128172883,0.0,4.884981308350689e-15,256,IEEE RTS 24-bus,2,3e3d0737d91acb37be515001f911d304bfce93540e3d063ca4640a87bd55fa9f,14.264396525999473
65,68,3,2,Inference portfolio,0.30397103703587725,7,-0.9019169259706054,0.0,4.884981308350689e-15,256,IEEE RTS 24-bus,2,3e3d0737d91acb37be515001f911d304bfce93540e3d063ca4640a87bd55fa9f,14.264396525999473
65,68,4,2,Batch portfolio,0.6960289629641228,7,-2.0651977529972365,0.0,4.884981308350689e-15,256,IEEE RTS 24-bus,2,3e3d0737d91acb37be515001f911d304bfce93540e3d063ca4640a87bd55fa9f,14.264396525999473
65,68,5,3,Inference portfolio,0.3194660181587846,14,0.0,0.0,4.884981308350689e-15,256,IEEE RTS 24-bus,2,3e3d0737d91acb37be515001f911d304bfce93540e3d063ca4640a87bd55fa9f,14.264396525999473
65,68,6,3,Batch portfolio,0.6805339818412154,14,0.0,0.0,4.884981308350689e-15,256,IEEE RTS 24-bus,2,3e3d0737d91acb37be515001f911d304bfce93540e3d063ca4640a87bd55fa9f,14.264396525999473
65,68,7,4,Inference portfolio,0.3374214395382333,20,0.0,0.0,4.884981308350689e-15,256,IEEE RTS 24-bus,2,3e3d0737d91acb37be515001f911d304bfce93540e3d063ca4640a87bd55fa9f,14.264396525999473
65,68,8,4,Batch portfolio,0.6625785604617667,20,0.0,0.0,4.884981308350689e-15,256,IEEE RTS 24-bus,2,3e3d0737d91acb37be515001f911d304bfce93540e3d063ca4640a87bd55fa9f,14.264396525999473
65,69,1,1,Inference portfolio,0.3360858524341381,2,0.773800946585955,0.0,-8.881784197001252e-16,256,IEEE RTS 24-bus,2,3e3d0737d91acb37be515001f911d304bfce93540e3d063ca4640a87bd55fa9f,14.264396525999473
65,69,2,1,Batch portfolio,0.6639141475658619,2,1.52858976989713,0.0,-8.881784197001252e-16,256,IEEE RTS 24-bus,2,3e3d0737d91acb37be515001f911d304bfce93540e3d063ca4640a87bd55fa9f,14.264396525999473
65,69,3,2,Inference portfolio,0.30397103703587725,7,-0.6998600937513406,0.0,-8.881784197001252e-16,256,IEEE RTS 24-bus,2,3e3d0737d91acb37be515001f911d304bfce93540e3d063ca4640a87bd55fa9f,14.264396525999473
65,69,4,2,Batch portfolio,0.6960289629641228,7,-1.6025306227317455,0.0,-8.881784197001252e-16,256,IEEE RTS 24-bus,2,3e3d0737d91acb37be515001f911d304bfce93540e3d063ca4640a87bd55fa9f,14.264396525999473
65,69,5,3,Inference portfolio,0.3194660181587846,14,0.0,0.0,-8.881784197001252e-16,256,IEEE RTS 24-bus,2,3e3d0737d91acb37be515001f911d304bfce93540e3d063ca4640a87bd55fa9f,14.264396525999473
65,69,6,3,Batch portfolio,0.6805339818412154,14,0.0,0.0,-8.881784197001252e-16,256,IEEE RTS 24-bus,2,3e3d0737d91acb37be515001f911d304bfce93540e3d063ca4640a87bd55fa9f,14.264396525999473
65,69,7,4,Inference portfolio,0.3374214395382333,20,0.0,0.0,-8.881784197001252e-16,256,IEEE RTS 24-bus,2,3e3d0737d91acb37be515001f911d304bfce93540e3d063ca4640a87bd55fa9f,14.264396525999473
65,69,8,4,Batch portfolio,0.6625785604617667,20,0.0,0.0,-8.881784197001252e-16,256,IEEE RTS 24-bus,2,3e3d0737d91acb37be515001f911d304bfce93540e3d063ca4640a87bd55fa9f,14.264396525999473
65,70,1,1,Inference portfolio,0.3360858524341381,2,0.5889830422634078,0.0,1.3322676295501878e-15,256,IEEE RTS 24-bus,2,3e3d0737d91acb37be515001f911d304bfce93540e3d063ca4640a87bd55fa9f,14.264396525999473
65,70,2,1,Batch portfolio,0.6639141475658619,2,1.1634948975171644,0.0,1.3322676295501878e-15,256,IEEE RTS 24-bus,2,3e3d0737d91acb37be515001f911d304bfce93540e3d063ca4640a87bd55fa9f,14.264396525999473
65,70,3,2,Inference portfolio,0.30397103703587725,7,-0.5327025367379675,0.0,1.3322676295501878e-15,256,IEEE RTS 24-bus,2,3e3d0737d91acb37be515001f911d304bfce93540e3d063ca4640a87bd55fa9f,14.264396525999473
65,70,4,2,Batch portfolio,0.6960289629641228,7,-1.2197754030426036,0.0,1.3322676295501878e-15,256,IEEE RTS 24-bus,2,3e3d0737d91acb37be515001f911d304bfce93540e3d063ca4640a87bd55fa9f,14.264396525999473
65,70,5,3,Inference portfolio,0.3194660181587846,14,0.0,0.0,1.3322676295501878e-15,256,IEEE RTS 24-bus,2,3e3d0737d91acb37be515001f911d304bfce93540e3d063ca4640a87bd55fa9f,14.264396525999473
65,70,6,3,Batch portfolio,0.6805339818412154,14,0.0,0.0,1.3322676295501878e-15,256,IEEE RTS 24-bus,2,3e3d0737d91acb37be515001f911d304bfce93540e3d063ca4640a87bd55fa9f,14.264396525999473
65,70,7,4,Inference portfolio,0.3374214395382333,20,0.0,0.0,1.3322676295501878e-15,256,IEEE RTS 24-bus,2,3e3d0737d91acb37be515001f911d304bfce93540e3d063ca4640a87bd55fa9f,14.264396525999473
65,70,8,4,Batch portfolio,0.6625785604617667,20,0.0,0.0,1.3322676295501878e-15,256,IEEE RTS 24-bus,2,3e3d0737d91acb37be515001f911d304bfce93540e3d063ca4640a87bd55fa9f,14.264396525999473
65,71,1,1,Inference portfolio,0.3360858524341381,2,0.3698563024461994,0.0,4.440892098500626e-16,256,IEEE RTS 24-bus,2,3e3d0737d91acb37be515001f911d304bfce93540e3d063ca4640a87bd55fa9f,14.264396525999473
65,71,2,1,Batch portfolio,0.6639141475658619,2,0.7306253148764581,0.0,4.440892098500626e-16,256,IEEE RTS 24-bus,2,3e3d0737d91acb37be515001f911d304bfce93540e3d063ca4640a87bd55fa9f,14.264396525999473
65,71,3,2,Inference portfolio,0.30397103703587725,7,-0.33451453845691564,0.0,4.440892098500626e-16,256,IEEE RTS 24-bus,2,3e3d0737d91acb37be515001f911d304bfce93540e3d063ca4640a87bd55fa9f,14.264396525999473
65,71,4,2,Batch portfolio,0.6960289629641228,7,-0.7659670788657414,0.0,4.440892098500626e-16,256,IEEE RTS 24-bus,2,3e3d0737d91acb37be515001f911d304bfce93540e3d063ca4640a87bd55fa9f,14.264396525999473
65,71,5,3,Inference portfolio,0.3194660181587846,14,0.0,0.0,4.440892098500626e-16,256,IEEE RTS 24-bus,2,3e3d0737d91acb37be515001f911d304bfce93540e3d063ca4640a87bd55fa9f,14.264396525999473
65,71,6,3,Batch portfolio,0.6805339818412154,14,0.0,0.0,4.440892098500626e-16,256,IEEE RTS 24-bus,2,3e3d0737d91acb37be515001f911d304bfce93540e3d063ca4640a87bd55fa9f,14.264396525999473
65,71,7,4,Inference portfolio,0.3374214395382333,20,0.0,0.0,4.440892098500626e-16,256,IEEE RTS 24-bus,2,3e3d0737d91acb37be515001f911d304bfce93540e3d063ca4640a87bd55fa9f,14.264396525999473
65,71,8,4,Batch portfolio,0.6625785604617667,20,0.0,0.0,4.440892098500626e-16,256,IEEE RTS 24-bus,2,3e3d0737d91acb37be515001f911d304bfce93540e3d063ca4640a87bd55fa9f,14.264396525999473
66,64,1,1,Inference portfolio,0.3360858524341381,2,42.883321380002094,-37.799236371633015,2.842170943040401e-14,256,IEEE RTS 24-bus,2,3e3d0737d91acb37be515001f911d304bfce93540e3d063ca4640a87bd55fa9f,13.73517052799798
66,64,2,1,Batch portfolio,0.6639141475658619,2,84.70872335205637,-37.799236371633015,2.842170943040401e-14,256,IEEE RTS 24-bus,2,3e3d0737d91acb37be515001f911d304bfce93540e3d063ca4640a87bd55fa9f,13.73517052799798
66,64,3,2,Inference portfolio,0.30397103703587725,7,-42.48794303788151,-37.799236371633015,2.842170943040401e-14,256,IEEE RTS 24-bus,2,3e3d0737d91acb37be515001f911d304bfce93540e3d063ca4640a87bd55fa9f,13.73517052799798
66,64,4,2,Batch portfolio,0.6960289629641228,7,-97.34891607232744,-37.799236371633015,2.842170943040401e-14,256,IEEE RTS 24-bus,2,3e3d0737d91acb37be515001f911d304bfce93540e3d063ca4640a87bd55fa9f,13.73517052799798
66,64,5,3,Inference portfolio,0.3194660181587846,14,-4.3897697846456225,-37.799236371633015,2.842170943040401e-14,256,IEEE RTS 24-bus,2,3e3d0737d91acb37be515001f911d304bfce93540e3d063ca4640a87bd55fa9f,13.73517052799798
66,64,6,3,Batch portfolio,0.6805339818412154,14,-9.35137331787902,-37.799236371633015,2.842170943040401e-14,256,IEEE RTS 24-bus,2,3e3d0737d91acb37be515001f911d304bfce93540e3d063ca4640a87bd55fa9f,13.73517052799798
66,64,7,4,Inference portfolio,0.3374214395382333,20,-3.9860352355324635,-37.799236371633015,2.842170943040401e-14,256,IEEE RTS 24-bus,2,3e3d0737d91acb37be515001f911d304bfce93540e3d063ca4640a87bd55fa9f,13.73517052799798
66,64,8,4,Batch portfolio,0.6625785604617667,20,-7.8272436554254154,-37.799236371633015,2.842170943040401e-14,256,IEEE RTS 24-bus,2,3e3d0737d91acb37be515001f911d304bfce93540e3d063ca4640a87bd55fa9f,13.73517052799798
66,65,1,1,Inference portfolio,0.3360858524341381,2,0.5641202718046722,36.42415055058882,0.0,256,IEEE RTS 24-bus,2,3e3d0737d91acb37be515001f911d304bfce93540e3d063ca4640a87bd55fa9f,13.73517052799798
66,65,2,1,Batch portfolio,0.6639141475658619,2,1.114387739469103,36.42415055058882,0.0,256,IEEE RTS 24-bus,2,3e3d0737d91acb37be515001f911d304bfce93540e3d063ca4640a87bd55fa9f,13.73517052799798
66,65,3,2,Inference portfolio,0.30397103703587725,7,3.082704326789693,36.42415055058882,0.0,256,IEEE RTS 24-bus,2,3e3d0737d91acb37be515001f911d304bfce93540e3d063ca4640a87bd55fa9f,13.73517052799798
66,65,4,2,Batch portfolio,0.6960289629641228,7,7.057573419665232,36.42415055058882,0.0,256,IEEE RTS 24-bus,2,3e3d0737d91acb37be515001f911d304bfce93540e3d063ca4640a87bd55fa9f,13.73517052799798
66,65,5,3,Inference portfolio,0.3194660181587846,14,4.22754756202632,36.42415055058882,0.0,256,IEEE RTS 24-bus,2,3e3d0737d91acb37be515001f911d304bfce93540e3d063ca4640a87bd55fa9f,13.73517052799798
66,65,6,3,Batch portfolio,0.6805339818412154,14,9.002330884016065,36.42415055058882,0.0,256,IEEE RTS 24-bus,2,3e3d0737d91acb37be515001f911d304bfce93540e3d063ca4640a87bd55fa9f,13.73517052799798
66,65,7,4,Inference portfolio,0.3374214395382333,20,3.838744353239408,36.42415055058882,0.0,256,IEEE RTS 24-bus,2,3e3d0737d91acb37be515001f911d304bfce93540e3d063ca4640a87bd55fa9f,13.73517052799798
66,65,8,4,Batch portfolio,0.6625785604617667,20,7.536741993578331,36.42415055058882,0.0,256,IEEE RTS 24-bus,2,3e3d0737d91acb37be515001f911d304bfce93540e3d063ca4640a87bd55fa9f,13.73517052799798
66,66,1,1,Inference portfolio,0.3360858524341381,2,2.0632486970935124,0.0,1.0658141036401503e-14,256,IEEE RTS 24-bus,2,3e3d0737d91acb37be515001f911d304bfce93540e3d063ca4640a87bd55fa9f,13.73517052799798
66,66,2,1,Batch portfolio,0.6639141475658619,2,4.075803816274867,0.0,1.0658141036401503e-14,256,IEEE RTS 24-bus,2,3e3d0737d91acb37be515001f911d304bfce93540e3d063ca4640a87bd55fa9f,13.73517052799798
66,66,3,2,Inference portfolio,0.30397103703587725,7,-1.8660941589059792,0.0,1.0658141036401503e-14,256,IEEE RTS 24-bus,2,3e3d0737d91acb37be515001f911d304bfce93540e3d063ca4640a87bd55fa9f,13.73517052799798
66,66,4,2,Batch portfolio,0.6960289629641228,7,-4.272958354462389,0.0,1.0658141036401503e-14,256,IEEE RTS 24-bus,2,3e3d0737d91acb37be515001f911d304bfce93540e3d063ca4640a87bd55fa9f,13.73517052799798
66,66,5,3,Inference portfolio,0.3194660181587846,14,0.0,0.0,1.0658141036401503e-14,256,IEEE RTS 24-bus,2,3e3d0737d91acb37be515001f911d304bfce93540e3d063ca4640a87bd55fa9f,13.73517052799798
66,66,6,3,Batch portfolio,0.6805339818412154,14,0.0,0.0,1.0658141036401503e-14,256,IEEE RTS 24-bus,2,3e3d0737d91acb37be515001f911d304bfce93540e3d063ca4640a87bd55fa9f,13.73517052799798
66,66,7,4,Inference portfolio,0.3374214395382333,20,0.0,0.0,1.0658141036401503e-14,256,IEEE RTS 24-bus,2,3e3d0737d91acb37be515001f911d304bfce93540e3d063ca4640a87bd55fa9f,13.73517052799798
66,66,8,4,Batch portfolio,0.6625785604617667,20,0.0,0.0,1.0658141036401503e-14,256,IEEE RTS 24-bus,2,3e3d0737d91acb37be515001f911d304bfce93540e3d063ca4640a87bd55fa9f,13.73517052799798
66,67,1,1,Inference portfolio,0.3360858524341381,2,1.2138183766320874,0.0,-8.881784197001252e-16,256,IEEE RTS 24-bus,2,3e3d0737d91acb37be515001f911d304bfce93540e3d063ca4640a87bd55fa9f,13.73517052799798
66,67,2,1,Batch portfolio,0.6639141475658619,2,2.397813496120306,0.0,-8.881784197001252e-16,256,IEEE RTS 24-bus,2,3e3d0737d91acb37be515001f911d304bfce93540e3d063ca4640a87bd55fa9f,13.73517052799798
66,67,3,2,Inference portfolio,0.30397103703587725,7,-1.0978314857525215,0.0,-8.881784197001252e-16,256,IEEE RTS 24-bus,2,3e3d0737d91acb37be515001f911d304bfce93540e3d063ca4640a87bd55fa9f,13.73517052799798
66,67,4,2,Batch portfolio,0.6960289629641228,7,-2.5138003869998724,0.0,-8.881784197001252e-16,256,IEEE RTS 24-bus,2,3e3d0737d91acb37be515001f911d304bfce93540e3d063ca4640a87bd55fa9f,13.73517052799798
66,67,5,3,Inference portfolio,0.3194660181587846,14,0.0,0.0,-8.881784197001252e-16,256,IEEE RTS 24-bus,2,3e3d0737d91acb37be515001f911d304bfce93540e3d063ca4640a87bd55fa9f,13.73517052799798
66,67,6,3,Batch portfolio,0.6805339818412154,14,0.0,0.0,-8.881784197001252e-16,256,IEEE RTS 24-bus,2,3e3d0737d91acb37be515001f911d304bfce93540e3d063ca4640a87bd55fa9f,13.73517052799798
66,67,7,4,Inference portfolio,0.3374214395382333,20,0.0,0.0,-8.881784197001252e-16,256,IEEE RTS 24-bus,2,3e3d0737d91acb37be515001f911d304bfce93540e3d063ca4640a87bd55fa9f,13.73517052799798
66,67,8,4,Batch portfolio,0.6625785604617667,20,0.0,0.0,-8.881784197001252e-16,256,IEEE RTS 24-bus,2,3e3d0737d91acb37be515001f911d304bfce93540e3d063ca4640a87bd55fa9f,13.73517052799798
66,68,1,1,Inference portfolio,0.3360858524341381,2,0.16850136301961038,0.0,-5.551115123125783e-16,256,IEEE RTS 24-bus,2,3e3d0737d91acb37be515001f911d304bfce93540e3d063ca4640a87bd55fa9f,13.73517052799798
66,68,2,1,Batch portfolio,0.6639141475658619,2,0.3328626836938993,0.0,-5.551115123125783e-16,256,IEEE RTS 24-bus,2,3e3d0737d91acb37be515001f911d304bfce93540e3d063ca4640a87bd55fa9f,13.73517052799798
66,68,3,2,Inference portfolio,0.30397103703587725,7,-0.1524001492124021,0.0,-5.551115123125783e-16,256,IEEE RTS 24-bus,2,3e3d0737d91acb37be515001f911d304bfce93540e3d063ca4640a87bd55fa9f,13.73517052799798
66,68,4,2,Batch portfolio,0.6960289629641228,7,-0.3489638975011081,0.0,-5.551115123125783e-16,256,IEEE RTS 24-bus,2,3e3d0737d91acb37be515001f911d304bfce93540e3d063ca4640a87bd55fa9f,13.73517052799798
66,68,5,3,Inference portfolio,0.3194660181587846,14,0.0,0.0,-5.551115123125783e-16,256,IEEE RTS 24-bus,2,3e3d0737d91acb37be515001f911d304bfce93540e3d063ca4640a87bd55fa9f,13.73517052799798
66,68,6,3,Batch portfolio,0.6805339818412154,14,0.0,0.0,-5.551115123125783e-16,256,IEEE RTS 24-bus,2,3e3d0737d91acb37be515001f911d304bfce93540e3d063ca4640a87bd55fa9f,13.73517052799798
66,68,7,4,Inference portfolio,0.3374214395382333,20,0.0,0.0,-5.551115123125783e-16,256,IEEE RTS 24-bus,2,3e3d0737d91acb37be515001f911d304bfce93540e3d063ca4640a87bd55fa9f,13.73517052799798
66,68,8,4,Batch portfolio,0.6625785604617667,20,0.0,0.0,-5.551115123125783e-16,256,IEEE RTS 24-bus,2,3e3d0737d91acb37be515001f911d304bfce93540e3d063ca4640a87bd55fa9f,13.73517052799798
66,69,1,1,Inference portfolio,0.3360858524341381,2,0.18649365721224392,0.0,2.220446049250313e-16,256,IEEE RTS 24-bus,2,3e3d0737d91acb37be515001f911d304bfce93540e3d063ca4640a87bd55fa9f,13.73517052799798
66,69,2,1,Batch portfolio,0.6639141475658619,2,0.3684052052713012,0.0,2.220446049250313e-16,256,IEEE RTS 24-bus,2,3e3d0737d91acb37be515001f911d304bfce93540e3d063ca4640a87bd55fa9f,13.73517052799798
66,69,3,2,Inference portfolio,0.30397103703587725,7,-0.1686731826794131,0.0,2.220446049250313e-16,256,IEEE RTS 24-bus,2,3e3d0737d91acb37be515001f911d304bfce93540e3d063ca4640a87bd55fa9f,13.73517052799798
66,69,4,2,Batch portfolio,0.6960289629641228,7,-0.3862256798041318,0.0,2.220446049250313e-16,256,IEEE RTS 24-bus,2,3e3d0737d91acb37be515001f911d304bfce93540e3d063ca4640a87bd55fa9f,13.73517052799798
66,69,5,3,Inference portfolio,0.3194660181587846,14,0.0,0.0,2.220446049250313e-16,256,IEEE RTS 24-bus,2,3e3d0737d91acb37be515001f911d304bfce93540e3d063ca4640a87bd55fa9f,13.73517052799798
66,69,6,3,Batch portfolio,0.6805339818412154,14,0.0,0.0,2.220446049250313e-16,256,IEEE RTS 24-bus,2,3e3d0737d91acb37be515001f911d304bfce93540e3d063ca4640a87bd55fa9f,13.73517052799798
66,69,7,4,Inference portfolio,0.3374214395382333,20,0.0,0.0,2.220446049250313e-16,256,IEEE RTS 24-bus,2,3e3d0737d91acb37be515001f911d304bfce93540e3d063ca4640a87bd55fa9f,13.73517052799798
66,69,8,4,Batch portfolio,0.6625785604617667,20,0.0,0.0,2.220446049250313e-16,256,IEEE RTS 24-bus,2,3e3d0737d91acb37be515001f911d304bfce93540e3d063ca4640a87bd55fa9f,13.73517052799798
66,70,1,1,Inference portfolio,0.3360858524341381,2,0.033250465249238914,0.0,-2.7755575615628914e-17,256,IEEE RTS 24-bus,2,3e3d0737d91acb37be515001f911d304bfce93540e3d063ca4640a87bd55fa9f,13.73517052799798
66,70,2,1,Batch portfolio,0.6639141475658619,2,0.06568397369953038,0.0,-2.7755575615628914e-17,256,IEEE RTS 24-bus,2,3e3d0737d91acb37be515001f911d304bfce93540e3d063ca4640a87bd55fa9f,13.73517052799798
66,70,3,2,Inference portfolio,0.30397103703587725,7,-0.030073204006081756,0.0,-2.7755575615628914e-17,256,IEEE RTS 24-bus,2,3e3d0737d91acb37be515001f911d304bfce93540e3d063ca4640a87bd55fa9f,13.73517052799798
66,70,4,2,Batch portfolio,0.6960289629641228,7,-0.06886123494268757,0.0,-2.7755575615628914e-17,256,IEEE RTS 24-bus,2,3e3d0737d91acb37be515001f911d304bfce93540e3d063ca4640a87bd55fa9f,13.73517052799798
66,70,5,3,Inference portfolio,0.3194660181587846,14,0.0,0.0,-2.7755575615628914e-17,256,IEEE RTS 24-bus,2,3e3d0737d91acb37be515001f911d304bfce93540e3d063ca4640a87bd55fa9f,13.73517052799798
66,70,6,3,Batch portfolio,0.6805339818412154,14,0.0,0.0,-2.7755575615628914e-17,256,IEEE RTS 24-bus,2,3e3d0737d91acb37be515001f911d304bfce93540e3d063ca4640a87bd55fa9f,13.73517052799798
66,70,7,4,Inference portfolio,0.3374214395382333,20,0.0,0.0,-2.7755575615628914e-17,256,IEEE RTS 24-bus,2,3e3d0737d91acb37be515001f911d304bfce93540e3d063ca4640a87bd55fa9f,13.73517052799798
66,70,8,4,Batch portfolio,0.6625785604617667,20,0.0,0.0,-2.7755575615628914e-17,256,IEEE RTS 24-bus,2,3e3d0737d91acb37be515001f911d304bfce93540e3d063ca4640a87bd55fa9f,13.73517052799798
66,71,1,1,Inference portfolio,0.3360858524341381,2,0.014552590892132403,1.8189894035458565e-12,4.163336342344337e-17,256,IEEE RTS 24-bus,2,3e3d0737d91acb37be515001f911d304bfce93540e3d063ca4640a87bd55fa9f,13.73517052799798
66,71,2,1,Batch portfolio,0.6639141475658619,2,0.028747627747028073,1.8189894035458565e-12,4.163336342344337e-17,256,IEEE RTS 24-bus,2,3e3d0737d91acb37be515001f911d304bfce93540e3d063ca4640a87bd55fa9f,13.73517052799798
66,71,3,2,Inference portfolio,0.30397103703587725,7,-0.01316201236280299,1.8189894035458565e-12,4.163336342344337e-17,256,IEEE RTS 24-bus,2,3e3d0737d91acb37be515001f911d304bfce93540e3d063ca4640a87bd55fa9f,13.73517052799798
66,71,4,2,Batch portfolio,0.6960289629641228,7,-0.03013820627453845,1.8189894035458565e-12,4.163336342344337e-17,256,IEEE RTS 24-bus,2,3e3d0737d91acb37be515001f911d304bfce93540e3d063ca4640a87bd55fa9f,13.73517052799798
66,71,5,3,Inference portfolio,0.3194660181587846,14,0.0,1.8189894035458565e-12,4.163336342344337e-17,256,IEEE RTS 24-bus,2,3e3d0737d91acb37be515001f911d304bfce93540e3d063ca4640a87bd55fa9f,13.73517052799798
66,71,6,3,Batch portfolio,0.6805339818412154,14,0.0,1.8189894035458565e-12,4.163336342344337e-17,256,IEEE RTS 24-bus,2,3e3d0737d91acb37be515001f911d304bfce93540e3d063ca4640a87bd55fa9f,13.73517052799798
66,71,7,4,Inference portfolio,0.3374214395382333,20,0.0,1.8189894035458565e-12,4.163336342344337e-17,256,IEEE RTS 24-bus,2,3e3d0737d91acb37be515001f911d304bfce93540e3d063ca4640a87bd55fa9f,13.73517052799798
66,71,8,4,Batch portfolio,0.6625785604617667,20,0.0,1.8189894035458565e-12,4.163336342344337e-17,256,IEEE RTS 24-bus,2,3e3d0737d91acb37be515001f911d304bfce93540e3d063ca4640a87bd55fa9f,13.73517052799798
67,64,1,1,Inference portfolio,0.3360858524341381,2,0.49170117709187866,0.0,8.881784197001252e-16,256,IEEE RTS 24-bus,2,3e3d0737d91acb37be515001f911d304bfce93540e3d063ca4640a87bd55fa9f,14.511977811001998
67,64,2,1,Batch portfolio,0.6639141475658619,2,0.9713213617345287,0.0,8.881784197001252e-16,256,IEEE RTS 24-bus,2,3e3d0737d91acb37be515001f911d304bfce93540e3d063ca4640a87bd55fa9f,14.511977811001998
67,64,3,2,Inference portfolio,0.30397103703587725,7,-0.4447164783338537,0.0,8.881784197001252e-16,256,IEEE RTS 24-bus,2,3e3d0737d91acb37be515001f911d304bfce93540e3d063ca4640a87bd55fa9f,14.511977811001998
67,64,4,2,Batch portfolio,0.6960289629641228,7,-1.0183060604925527,0.0,8.881784197001252e-16,256,IEEE RTS 24-bus,2,3e3d0737d91acb37be515001f911d304bfce93540e3d063ca4640a87bd55fa9f,14.511977811001998
67,64,5,3,Inference portfolio,0.3194660181587846,14,0.0,0.0,8.881784197001252e-16,256,IEEE RTS 24-bus,2,3e3d0737d91acb37be515001f911d304bfce93540e3d063ca4640a87bd55fa9f,14.511977811001998
67,64,6,3,Batch portfolio,0.6805339818412154,14,0.0,0.0,8.881784197001252e-16,256,IEEE RTS 24-bus,2,3e3d0737d91acb37be515001f911d304bfce93540e3d063ca4640a87bd55fa9f,14.511977811001998
67,64,7,4,Inference portfolio,0.3374214395382333,20,0.0,0.0,8.881784197001252e-16,256,IEEE RTS 24-bus,2,3e3d0737d91acb37be515001f911d304bfce93540e3d063ca4640a87bd55fa9f,14.511977811001998
67,64,8,4,Batch portfolio,0.6625785604617667,20,0.0,0.0,8.881784197001252e-16,256,IEEE RTS 24-bus,2,3e3d0737d91acb37be515001f911d304bfce93540e3d063ca4640a87bd55fa9f,14.511977811001998
67,65,1,1,Inference portfolio,0.3360858524341381,2,0.22900486212013968,0.0,1.1102230246251565e-16,256,IEEE RTS 24-bus,2,3e3d0737d91acb37be515001f911d304bfce93540e3d063ca4640a87bd55fa9f,14.511977811001998
67,65,2,1,Batch portfolio,0.6639141475658619,2,0.4523831238996831,0.0,1.1102230246251565e-16,256,IEEE RTS 24-bus,2,3e3d0737d91acb37be515001f911d304bfce93540e3d063ca4640a87bd55fa9f,14.511977811001998
67,65,3,2,Inference portfolio,0.30397103703587725,7,-0.20712221273424763,0.0,1.1102230246251565e-16,256,IEEE RTS 24-bus,2,3e3d0737d91acb37be515001f911d304bfce93540e3d063ca4640a87bd55fa9f,14.511977811001998
67,65,4,2,Batch portfolio,0.6960289629641228,7,-0.47426577328557495,0.0,1.1102230246251565e-16,256,IEEE RTS 24-bus,2,3e3d0737d91acb37be515001f911d304bfce93540e3d063ca4640a87bd55fa9f,14.511977811001998
67,65,5,3,Inference portfolio,0.3194660181587846,14,0.0,0.0,1.1102230246251565e-16,256,IEEE RTS 24-bus,2,3e3d0737d91acb37be515001f911d304bfce93540e3d063ca4640a87bd55fa9f,14.511977811001998
67,65,6,3,Batch portfolio,0.6805339818412154,14,0.0,0.0,1.1102230246251565e-16,256,IEEE RTS 24-bus,2,3e3d0737d91acb37be515001f911d304bfce93540e3d063ca4640a87bd55fa9f,14.511977811001998
67,65,7,4,Inference portfolio,0.3374214395382333,20,0.0,0.0,1.1102230246251565e-16,256,IEEE RTS 24-bus,2,3e3d0737d91acb37be515001f911d304bfce93540e3d063ca4640a87bd55fa9f,14.511977811001998
67,65,8,4,Batch portfolio,0.6625785604617667,20,0.0,0.0,1.1102230246251565e-16,256,IEEE RTS 24-bus,2,3e3d0737d91acb37be515001f911d304bfce93540e3d063ca4640a87bd55fa9f,14.511977811001998
67,66,1,1,Inference portfolio,0.3360858524341381,2,0.3035317669887262,0.0,-6.661338147750939e-16,256,IEEE RTS 24-bus,2,3e3d0737d91acb37be515001f911d304bfce93540e3d063ca4640a87bd55fa9f,14.511977811001998
67,66,2,1,Batch portfolio,0.6639141475658619,2,0.5996058235709822,0.0,-6.661338147750939e-16,256,IEEE RTS 24-bus,2,3e3d0737d91acb37be515001f911d304bfce93540e3d063ca4640a87bd55fa9f,14.511977811001998
67,66,3,2,Inference portfolio,0.30397103703587725,7,-0.27452766998809885,0.0,-6.661338147750939e-16,256,IEEE RTS 24-bus,2,3e3d0737d91acb37be515001f911d304bfce93540e3d063ca4640a87bd55fa9f,14.511977811001998
67,66,4,2,Batch portfolio,0.6960289629641228,7,-0.6286099205716102,0.0,-6.661338147750939e-16,256,IEEE RTS 24-bus,2,3e3d0737d91acb37be515001f911d304bfce93540e3d063ca4640a87bd55fa9f,14.511977811001998
67,66,5,3,Inference portfolio,0.3194660181587846,14,0.0,0.0,-6.661338147750939e-16,256,IEEE RTS 24-bus,2,3e3d0737d91acb37be515001f911d304bfce93540e3d063ca4640a87bd55fa9f,14.511977811001998
67,66,6,3,Batch portfolio,0.6805339818412154,14,0.0,0.0,-6.661338147750939e-16,256,IEEE RTS 24-bus,2,3e3d0737d91acb37be515001f911d304bfce93540e3d063ca4640a87bd55fa9f,14.511977811001998
67,66,7,4,Inference portfolio,0.3374214395382333,20,0.0,0.0,-6.661338147750939e-16,256,IEEE RTS 24-bus,2,3e3d0737d91acb37be515001f911d304bfce93540e3d063ca4640a87bd55fa9f,14.511977811001998
67,66,8,4,Batch portfolio,0.6625785604617667,20,0.0,0.0,-6.661338147750939e-16,256,IEEE RTS 24-bus,2,3e3d0737d91acb37be515001f911d304bfce93540e3d063ca4640a87bd55fa9f,14.511977811001998
67,67,1,1,Inference portfolio,0.3360858524341381,2,0.604726299682018,0.0,-4.440892098500626e-16,256,IEEE RTS 24-bus,2,3e3d0737d91acb37be515001f911d304bfce93540e3d063ca4640a87bd55fa9f,14.511977811001998
67,67,2,1,Batch portfolio,0.6639141475658619,2,1.1945946038971071,0.0,-4.440892098500626e-16,256,IEEE RTS 24-bus,2,3e3d0737d91acb37be515001f911d304bfce93540e3d063ca4640a87bd55fa9f,14.511977811001998
67,67,3,2,Inference portfolio,0.30397103703587725,7,-0.5469414410217732,0.0,-4.440892098500626e-16,256,IEEE RTS 24-bus,2,3e3d0737d91acb37be515001f911d304bfce93540e3d063ca4640a87bd55fa9f,14.511977811001998
67,67,4,2,Batch portfolio,0.6960289629641228,7,-1.2523794625573523,0.0,-4.440892098500626e-16,256,IEEE RTS 24-bus,2,3e3d0737d91acb37be515001f911d304bfce93540e3d063ca4640a87bd55fa9f,14.511977811001998
67,67,5,3,Inference portfolio,0.3194660181587846,14,0.0,0.0,-4.440892098500626e-16,256,IEEE RTS 24-bus,2,3e3d0737d91acb37be515001f911d304bfce93540e3d063ca4640a87bd55fa9f,14.511977811001998
67,67,6,3,Batch portfolio,0.6805339818412154,14,0.0,0.0,-4.440892098500626e-16,256,IEEE RTS 24-bus,2,3e3d0737d91acb37be515001f911d304bfce93540e3d063ca4640a87bd55fa9f,14.511977811001998
67,67,7,4,Inference portfolio,0.3374214395382333,20,0.0,0.0,-4.440892098500626e-16,256,IEEE RTS 24-bus,2,3e3d0737d91acb37be515001f911d304bfce93540e3d063ca4640a87bd55fa9f,14.511977811001998
67,67,8,4,Batch portfolio,0.6625785604617667,20,0.0,0.0,-4.440892098500626e-16,256,IEEE RTS 24-bus,2,3e3d0737d91acb37be515001f911d304bfce93540e3d063ca4640a87bd55fa9f,14.511977811001998
67,68,1,1,Inference portfolio,0.3360858524341381,2,0.7978788696967373,0.0,1.7763568394002505e-15,256,IEEE RTS 24-bus,2,3e3d0737d91acb37be515001f911d304bfce93540e3d063ca4640a87bd55fa9f,14.511977811001998
67,68,2,1,Batch portfolio,0.6639141475658619,2,1.5761540267136902,0.0,1.7763568394002505e-15,256,IEEE RTS 24-bus,2,3e3d0737d91acb37be515001f911d304bfce93540e3d063ca4640a87bd55fa9f,14.511977811001998
67,68,3,2,Inference portfolio,0.30397103703587725,7,-0.7216372414789776,0.0,1.7763568394002505e-15,256,IEEE RTS 24-bus,2,3e3d0737d91acb37be515001f911d304bfce93540e3d063ca4640a87bd55fa9f,14.511977811001998
67,68,4,2,Batch portfolio,0.6960289629641228,7,-1.6523956549314478,0.0,1.7763568394002505e-15,256,IEEE RTS 24-bus,2,3e3d0737d91acb37be515001f911d304bfce93540e3d063ca4640a87bd55fa9f,14.511977811001998
67,68,5,3,Inference portfolio,0.3194660181587846,14,0.0,0.0,1.7763568394002505e-15,256,IEEE RTS 24-bus,2,3e3d0737d91acb37be515001f911d304bfce93540e3d063ca4640a87bd55fa9f,14.511977811001998
67,68,6,3,Batch portfolio,0.6805339818412154,14,0.0,0.0,1.7763568394002505e-15,256,IEEE RTS 24-bus,2,3e3d0737d91acb37be515001f911d304bfce93540e3d063ca4640a87bd55fa9f,14.511977811001998
67,68,7,4,Inference portfolio,0.3374214395382333,20,0.0,0.0,1.7763568394002505e-15,256,IEEE RTS 24-bus,2,3e3d0737d91acb37be515001f911d304bfce93540e3d063ca4640a87bd55fa9f,14.511977811001998
67,68,8,4,Batch portfolio,0.6625785604617667,20,0.0,0.0,1.7763568394002505e-15,256,IEEE RTS 24-bus,2,3e3d0737d91acb37be515001f911d304bfce93540e3d063ca4640a87bd55fa9f,14.511977811001998
67,69,1,1,Inference portfolio,0.3360858524341381,2,0.4887465601533824,-1.0942493841321266,-1.1102230246251565e-15,256,IEEE RTS 24-bus,2,3e3d0737d91acb37be515001f911d304bfce93540e3d063ca4640a87bd55fa9f,14.511977811001998
67,69,2,1,Batch portfolio,0.6639141475658619,2,0.9654847221610612,-1.0942493841321266,-1.1102230246251565e-15,256,IEEE RTS 24-bus,2,3e3d0737d91acb37be515001f911d304bfce93540e3d063ca4640a87bd55fa9f,14.511977811001998
67,69,3,2,Inference portfolio,0.30397103703587725,7,-0.7746643110457017,-1.0942493841321266,-1.1102230246251565e-15,256,IEEE RTS 24-bus,2,3e3d0737d91acb37be515001f911d304bfce93540e3d063ca4640a87bd55fa9f,14.511977811001998
67,69,4,2,Batch portfolio,0.6960289629641228,7,-1.7738163554008697,-1.0942493841321266,-1.1102230246251565e-15,256,IEEE RTS 24-bus,2,3e3d0737d91acb37be515001f911d304bfce93540e3d063ca4640a87bd55fa9f,14.511977811001998
67,69,5,3,Inference portfolio,0.3194660181587846,14,0.0,-1.0942493841321266,-1.1102230246251565e-15,256,IEEE RTS 24-bus,2,3e3d0737d91acb37be515001f911d304bfce93540e3d063ca4640a87bd55fa9f,14.511977811001998
67,69,6,3,Batch portfolio,0.6805339818412154,14,0.0,-1.0942493841321266,-1.1102230246251565e-15,256,IEEE RTS 24-bus,2,3e3d0737d91acb37be515001f911d304bfce93540e3d063ca4640a87bd55fa9f,14.511977811001998
67,69,7,4,Inference portfolio,0.3374214395382333,20,0.0,-1.0942493841321266,-1.1102230246251565e-15,256,IEEE RTS 24-bus,2,3e3d0737d91acb37be515001f911d304bfce93540e3d063ca4640a87bd55fa9f,14.511977811001998
67,69,8,4,Batch portfolio,0.6625785604617667,20,0.0,-1.0942493841321266,-1.1102230246251565e-15,256,IEEE RTS 24-bus,2,3e3d0737d91acb37be515001f911d304bfce93540e3d063ca4640a87bd55fa9f,14.511977811001998
67,70,1,1,Inference portfolio,0.3360858524341381,2,0.38713304690509176,1.0942493841321266,8.881784197001252e-16,256,IEEE RTS 24-bus,2,3e3d0737d91acb37be515001f911d304bfce93540e3d063ca4640a87bd55fa9f,14.511977811001998
67,70,2,1,Batch portfolio,0.6639141475658619,2,0.764754317889887,1.0942493841321266,8.881784197001252e-16,256,IEEE RTS 24-bus,2,3e3d0737d91acb37be515001f911d304bfce93540e3d063ca4640a87bd55fa9f,14.511977811001998
67,70,3,2,Inference portfolio,0.30397103703587725,7,-0.0175202767554765,1.0942493841321266,8.881784197001252e-16,256,IEEE RTS 24-bus,2,3e3d0737d91acb37be515001f911d304bfce93540e3d063ca4640a87bd55fa9f,14.511977811001998
67,70,4,2,Batch portfolio,0.6960289629641228,7,-0.040117703907374805,1.0942493841321266,8.881784197001252e-16,256,IEEE RTS 24-bus,2,3e3d0737d91acb37be515001f911d304bfce93540e3d063ca4640a87bd55fa9f,14.511977811001998
67,70,5,3,Inference portfolio,0.3194660181587846,14,0.0,1.0942493841321266,8.881784197001252e-16,256,IEEE RTS 24-bus,2,3e3d0737d91acb37be515001f911d304bfce93540e3d063ca4640a87bd55fa9f,14.511977811001998
67,70,6,3,Batch portfolio,0.6805339818412154,14,0.0,1.0942493841321266,8.881784197001252e-16,256,IEEE RTS 24-bus,2,3e3d0737d91acb37be515001f911d304bfce93540e3d063ca4640a87bd55fa9f,14.511977811001998
67,70,7,4,Inference portfolio,0.3374214395382333,20,0.0,1.0942493841321266,8.881784197001252e-16,256,IEEE RTS 24-bus,2,3e3d0737d91acb37be515001f911d304bfce93540e3d063ca4640a87bd55fa9f,14.511977811001998
67,70,8,4,Batch portfolio,0.6625785604617667,20,0.0,1.0942493841321266,8.881784197001252e-16,256,IEEE RTS 24-bus,2,3e3d0737d91acb37be515001f911d304bfce93540e3d063ca4640a87bd55fa9f,14.511977811001998
67,71,1,1,Inference portfolio,0.3360858524341381,2,0.08850621187715048,0.0,-3.3306690738754696e-16,256,IEEE RTS 24-bus,2,3e3d0737d91acb37be515001f911d304bfce93540e3d063ca4640a87bd55fa9f,14.511977811001998
67,71,2,1,Batch portfolio,0.6639141475658619,2,0.17483784511265782,0.0,-3.3306690738754696e-16,256,IEEE RTS 24-bus,2,3e3d0737d91acb37be515001f911d304bfce93540e3d063ca4640a87bd55fa9f,14.511977811001998
67,71,3,2,Inference portfolio,0.30397103703587725,7,-0.0800489661002454,0.0,-3.3306690738754696e-16,256,IEEE RTS 24-bus,2,3e3d0737d91acb37be515001f911d304bfce93540e3d063ca4640a87bd55fa9f,14.511977811001998
67,71,4,2,Batch portfolio,0.6960289629641228,7,-0.18329509088956322,0.0,-3.3306690738754696e-16,256,IEEE RTS 24-bus,2,3e3d0737d91acb37be515001f911d304bfce93540e3d063ca4640a87bd55fa9f,14.511977811001998
67,71,5,3,Inference portfolio,0.3194660181587846,14,0.0,0.0,-3.3306690738754696e-16,256,IEEE RTS 24-bus,2,3e3d0737d91acb37be515001f911d304bfce93540e3d063ca4640a87bd55fa9f,14.511977811001998
67,71,6,3,Batch portfolio,0.6805339818412154,14,0.0,0.0,-3.3306690738754696e-16,256,IEEE RTS 24-bus,2,3e3d0737d91acb37be515001f911d304bfce93540e3d063ca4640a87bd55fa9f,14.511977811001998
67,71,7,4,Inference portfolio,0.3374214395382333,20,0.0,0.0,-3.3306690738754696e-16,256,IEEE RTS 24-bus,2,3e3d0737d91acb37be515001f911d304bfce93540e3d063ca4640a87bd55fa9f,14.511977811001998
67,71,8,4,Batch portfolio,0.6625785604617667,20,0.0,0.0,-3.3306690738754696e-16,256,IEEE RTS 24-bus,2,3e3d0737d91acb37be515001f911d304bfce93540e3d063ca4640a87bd55fa9f,14.511977811001998
68,64,1,1,Inference portfolio,0.3360858524341381,2,2.455290385249194,-2.594571035959234,2.220446049250313e-15,256,IEEE RTS 24-bus,2,3e3d0737d91acb37be515001f911d304bfce93540e3d063ca4640a87bd55fa9f,14.66843638499995
68,64,2,1,Batch portfolio,0.6639141475658619,2,4.850122148458984,-2.594571035959234,2.220446049250313e-15,256,IEEE RTS 24-bus,2,3e3d0737d91acb37be515001f911d304bfce93540e3d063ca4640a87bd55fa9f,14.66843638499995
68,64,3,2,Inference portfolio,0.30397103703587725,7,-2.2206191431230766,-2.594571035959234,2.220446049250313e-15,256,IEEE RTS 24-bus,2,3e3d0737d91acb37be515001f911d304bfce93540e3d063ca4640a87bd55fa9f,14.66843638499995
68,64,4,2,Batch portfolio,0.6960289629641228,7,-5.084657385013786,-2.594571035959234,2.220446049250313e-15,256,IEEE RTS 24-bus,2,3e3d0737d91acb37be515001f911d304bfce93540e3d063ca4640a87bd55fa9f,14.66843638499995
68,64,5,3,Inference portfolio,0.3194660181587846,14,0.0,-2.594571035959234,2.220446049250313e-15,256,IEEE RTS 24-bus,2,3e3d0737d91acb37be515001f911d304bfce93540e3d063ca4640a87bd55fa9f,14.66843638499995
68,64,6,3,Batch portfolio,0.6805339818412154,14,0.0,-2.594571035959234,2.220446049250313e-15,256,IEEE RTS 24-bus,2,3e3d0737d91acb37be515001f911d304bfce93540e3d063ca4640a87bd55fa9f,14.66843638499995
68,64,7,4,Inference portfolio,0.3374214395382333,20,-0.8755318967227749,-2.594571035959234,2.220446049250313e-15,256,IEEE RTS 24-bus,2,3e3d0737d91acb37be515001f911d304bfce93540e3d063ca4640a87bd55fa9f,14.66843638499995
68,64,8,4,Batch portfolio,0.6625785604617667,20,-1.7191751448077714,-2.594571035959234,2.220446049250313e-15,256,IEEE RTS 24-bus,2,3e3d0737d91acb37be515001f911d304bfce93540e3d063ca4640a87bd55fa9f,14.66843638499995
68,65,1,1,Inference portfolio,0.3360858524341381,2,3.170596787224957,2.62064375668524,-6.217248937900877e-15,256,IEEE RTS 24-bus,2,3e3d0737d91acb37be515001f911d304bfce93540e3d063ca4640a87bd55fa9f,14.66843638499995
68,65,2,1,Batch portfolio,0.6639141475658619,2,6.263973424913394,2.62064375668524,-6.217248937900877e-15,256,IEEE RTS 24-bus,2,3e3d0737d91acb37be515001f911d304bfce93540e3d063ca4640a87bd55fa9f,14.66843638499995
68,65,3,2,Inference portfolio,0.30397103703587725,7,-2.867185006736691,2.62064375668524,-6.217248937900877e-15,256,IEEE RTS 24-bus,2,3e3d0737d91acb37be515001f911d304bfce93540e3d063ca4640a87bd55fa9f,14.66843638499995
68,65,4,2,Batch portfolio,0.6960289629641228,7,-6.566630255048044,2.62064375668524,-6.217248937900877e-15,256,IEEE RTS 24-bus,2,3e3d0737d91acb37be515001f911d304bfce93540e3d063ca4640a87bd55fa9f,14.66843638499995
68,65,5,3,Inference portfolio,0.3194660181587846,14,0.0,2.62064375668524,-6.217248937900877e-15,256,IEEE RTS 24-bus,2,3e3d0737d91acb37be515001f911d304bfce93540e3d063ca4640a87bd55fa9f,14.66843638499995
68,65,6,3,Batch portfolio,0.6805339818412154,14,0.0,2.62064375668524,-6.217248937900877e-15,256,IEEE RTS 24-bus,2,3e3d0737d91acb37be515001f911d304bfce93540e3d063ca4640a87bd55fa9f,14.66843638499995
68,65,7,4,Inference portfolio,0.3374214395382333,20,0.884025209234006,2.62064375668524,-6.217248937900877e-15,256,IEEE RTS 24-bus,2,3e3d0737d91acb37be515001f911d304bfce93540e3d063ca4640a87bd55fa9f,14.66843638499995
68,65,8,4,Batch portfolio,0.6625785604617667,20,1.7358635970976128,2.62064375668524,-6.217248937900877e-15,256,IEEE RTS 24-bus,2,3e3d0737d91acb37be515001f911d304bfce93540e3d063ca4640a87bd55fa9f,14.66843638499995
68,66,1,1,Inference portfolio,0.3360858524341381,2,7.756807571173337,0.0,1.7763568394002505e-14,256,IEEE RTS 24-bus,2,3e3d0737d91acb37be515001f911d304bfce93540e3d063ca4640a87bd55fa9f,14.66843638499995
68,66,2,1,Batch portfolio,0.6639141475658619,2,15.323032044191391,0.0,1.7763568394002505e-14,256,IEEE RTS 24-bus,2,3e3d0737d91acb37be515001f911d304bfce93540e3d063ca4640a87bd55fa9f,14.66843638499995
68,66,3,2,Inference portfolio,0.30397103703587725,7,-7.015602782504478,0.0,1.7763568394002505e-14,256,IEEE RTS 24-bus,2,3e3d0737d91acb37be515001f911d304bfce93540e3d063ca4640a87bd55fa9f,14.66843638499995
68,66,4,2,Batch portfolio,0.6960289629641228,7,-16.06423683286023,0.0,1.7763568394002505e-14,256,IEEE RTS 24-bus,2,3e3d0737d91acb37be515001f911d304bfce93540e3d063ca4640a87bd55fa9f,14.66843638499995
68,66,5,3,Inference portfolio,0.3194660181587846,14,0.0,0.0,1.7763568394002505e-14,256,IEEE RTS 24-bus,2,3e3d0737d91acb37be515001f911d304bfce93540e3d063ca4640a87bd55fa9f,14.66843638499995
68,66,6,3,Batch portfolio,0.6805339818412154,14,0.0,0.0,1.7763568394002505e-14,256,IEEE RTS 24-bus,2,3e3d0737d91acb37be515001f911d304bfce93540e3d063ca4640a87bd55fa9f,14.66843638499995
68,66,7,4,Inference portfolio,0.3374214395382333,20,0.0,0.0,1.7763568394002505e-14,256,IEEE RTS 24-bus,2,3e3d0737d91acb37be515001f911d304bfce93540e3d063ca4640a87bd55fa9f,14.66843638499995
68,66,8,4,Batch portfolio,0.6625785604617667,20,0.0,0.0,1.7763568394002505e-14,256,IEEE RTS 24-bus,2,3e3d0737d91acb37be515001f911d304bfce93540e3d063ca4640a87bd55fa9f,14.66843638499995
68,67,1,1,Inference portfolio,0.3360858524341381,2,6.213907766599429,0.0,2.1316282072803006e-14,256,IEEE RTS 24-bus,2,3e3d0737d91acb37be515001f911d304bfce93540e3d063ca4640a87bd55fa9f,14.66843638499995
68,67,2,1,Batch portfolio,0.6639141475658619,2,12.27514115228283,0.0,2.1316282072803006e-14,256,IEEE RTS 24-bus,2,3e3d0737d91acb37be515001f911d304bfce93540e3d063ca4640a87bd55fa9f,14.66843638499995
68,67,3,2,Inference portfolio,0.30397103703587725,7,-5.620135373679646,0.0,2.1316282072803006e-14,256,IEEE RTS 24-bus,2,3e3d0737d91acb37be515001f911d304bfce93540e3d063ca4640a87bd55fa9f,14.66843638499995
68,67,4,2,Batch portfolio,0.6960289629641228,7,-12.86891354520259,0.0,2.1316282072803006e-14,256,IEEE RTS 24-bus,2,3e3d0737d91acb37be515001f911d304bfce93540e3d063ca4640a87bd55fa9f,14.66843638499995
68,67,5,3,Inference portfolio,0.3194660181587846,14,0.0,0.0,2.1316282072803006e-14,256,IEEE RTS 24-bus,2,3e3d0737d91acb37be515001f911d304bfce93540e3d063ca4640a87bd55fa9f,14.66843638499995
68,67,6,3,Batch portfolio,0.6805339818412154,14,0.0,0.0,2.1316282072803006e-14,256,IEEE RTS 24-bus,2,3e3d0737d91acb37be515001f911d304bfce93540e3d063ca4640a87bd55fa9f,14.66843638499995
68,67,7,4,Inference portfolio,0.3374214395382333,20,0.0,0.0,2.1316282072803006e-14,256,IEEE RTS 24-bus,2,3e3d0737d91acb37be515001f911d304bfce93540e3d063ca4640a87bd55fa9f,14.66843638499995
68,67,8,4,Batch portfolio,0.6625785604617667,20,0.0,0.0,2.1316282072803006e-14,256,IEEE RTS 24-bus,2,3e3d0737d91acb37be515001f911d304bfce93540e3d063ca4640a87bd55fa9f,14.66843638499995
68,68,1,1,Inference portfolio,0.3360858524341381,2,2.956602677508907,-7.678204983654723,8.881784197001252e-16,256,IEEE RTS 24-bus,2,3e3d0737d91acb37be515001f911d304bfce93540e3d063ca4640a87bd55fa9f,14.66843638499995
68,68,2,1,Batch portfolio,0.6639141475658619,2,5.840562261436811,-7.678204983654723,8.881784197001252e-16,256,IEEE RTS 24-bus,2,3e3d0737d91acb37be515001f911d304bfce93540e3d063ca4640a87bd55fa9f,14.66843638499995
68,68,3,2,Inference portfolio,0.30397103703587725,7,-2.674083349467611,-7.678204983654723,8.881784197001252e-16,256,IEEE RTS 24-bus,2,3e3d0737d91acb37be515001f911d304bfce93540e3d063ca4640a87bd55fa9f,14.66843638499995
68,68,4,2,Batch portfolio,0.6960289629641228,7,-6.123081589479231,-7.678204983654723,8.881784197001252e-16,256,IEEE RTS 24-bus,2,3e3d0737d91acb37be515001f911d304bfce93540e3d063ca4640a87bd55fa9f,14.66843638499995
68,68,5,3,Inference portfolio,0.3194660181587846,14,0.0,-7.678204983654723,8.881784197001252e-16,256,IEEE RTS 24-bus,2,3e3d0737d91acb37be515001f911d304bfce93540e3d063ca4640a87bd55fa9f,14.66843638499995
68,68,6,3,Batch portfolio,0.6805339818412154,14,0.0,-7.678204983654723,8.881784197001252e-16,256,IEEE RTS 24-bus,2,3e3d0737d91acb37be515001f911d304bfce93540e3d063ca4640a87bd55fa9f,14.66843638499995
68,68,7,4,Inference portfolio,0.3374214395382333,20,-2.5907909786540264,-7.678204983654723,8.881784197001252e-16,256,IEEE RTS 24-bus,2,3e3d0737d91acb37be515001f911d304bfce93540e3d063ca4640a87bd55fa9f,14.66843638499995
68,68,8,4,Batch portfolio,0.6625785604617667,20,-5.087414004999571,-7.678204983654723,8.881784197001252e-16,256,IEEE RTS 24-bus,2,3e3d0737d91acb37be515001f911d304bfce93540e3d063ca4640a87bd55fa9f,14.66843638499995
68,69,1,1,Inference portfolio,0.3360858524341381,2,1.1003081676783337,7.60181470981297,1.7763568394002505e-14,256,IEEE RTS 24-bus,2,3e3d0737d91acb37be515001f911d304bfce93540e3d063ca4640a87bd55fa9f,14.66843638499995
68,69,2,1,Batch portfolio,0.6639141475658619,2,2.173581999699678,7.60181470981297,1.7763568394002505e-14,256,IEEE RTS 24-bus,2,3e3d0737d91acb37be515001f911d304bfce93540e3d063ca4640a87bd55fa9f,14.66843638499995
68,69,3,2,Inference portfolio,0.30397103703587725,7,-0.9951677893182641,7.60181470981297,1.7763568394002505e-14,256,IEEE RTS 24-bus,2,3e3d0737d91acb37be515001f911d304bfce93540e3d063ca4640a87bd55fa9f,14.66843638499995
68,69,4,2,Batch portfolio,0.6960289629641228,7,-2.278722378057166,7.60181470981297,1.7763568394002505e-14,256,IEEE RTS 24-bus,2,3e3d0737d91acb37be515001f911d304bfce93540e3d063ca4640a87bd55fa9f,14.66843638499995
68,69,5,3,Inference portfolio,0.3194660181587846,14,0.0,7.60181470981297,1.7763568394002505e-14,256,IEEE RTS 24-bus,2,3e3d0737d91acb37be515001f911d304bfce93540e3d063ca4640a87bd55fa9f,14.66843638499995
68,69,6,3,Batch portfolio,0.6805339818412154,14,0.0,7.60181470981297,1.7763568394002505e-14,256,IEEE RTS 24-bus,2,3e3d0737d91acb37be515001f911d304bfce93540e3d063ca4640a87bd55fa9f,14.66843638499995
68,69,7,4,Inference portfolio,0.3374214395382333,20,2.565015262487337,7.60181470981297,1.7763568394002505e-14,256,IEEE RTS 24-bus,2,3e3d0737d91acb37be515001f911d304bfce93540e3d063ca4640a87bd55fa9f,14.66843638499995
68,69,8,4,Batch portfolio,0.6625785604617667,20,5.0367994473230695,7.60181470981297,1.7763568394002505e-14,256,IEEE RTS 24-bus,2,3e3d0737d91acb37be515001f911d304bfce93540e3d063ca4640a87bd55fa9f,14.66843638499995
68,70,1,1,Inference portfolio,0.3360858524341381,2,1.6089715210191562,0.0,0.0,256,IEEE RTS 24-bus,2,3e3d0737d91acb37be515001f911d304bfce93540e3d063ca4640a87bd55fa9f,14.66843638499995
68,70,2,1,Batch portfolio,0.6639141475658619,2,3.17841095689558,0.0,0.0,256,IEEE RTS 24-bus,2,3e3d0737d91acb37be515001f911d304bfce93540e3d063ca4640a87bd55fa9f,14.66843638499995
68,70,3,2,Inference portfolio,0.30397103703587725,7,-1.4552256164994717,0.0,0.0,256,IEEE RTS 24-bus,2,3e3d0737d91acb37be515001f911d304bfce93540e3d063ca4640a87bd55fa9f,14.66843638499995
68,70,4,2,Batch portfolio,0.6960289629641228,7,-3.332156861415265,0.0,0.0,256,IEEE RTS 24-bus,2,3e3d0737d91acb37be515001f911d304bfce93540e3d063ca4640a87bd55fa9f,14.66843638499995
68,70,5,3,Inference portfolio,0.3194660181587846,14,0.0,0.0,0.0,256,IEEE RTS 24-bus,2,3e3d0737d91acb37be515001f911d304bfce93540e3d063ca4640a87bd55fa9f,14.66843638499995
68,70,6,3,Batch portfolio,0.6805339818412154,14,0.0,0.0,0.0,256,IEEE RTS 24-bus,2,3e3d0737d91acb37be515001f911d304bfce93540e3d063ca4640a87bd55fa9f,14.66843638499995
68,70,7,4,Inference portfolio,0.3374214395382333,20,0.0,0.0,0.0,256,IEEE RTS 24-bus,2,3e3d0737d91acb37be515001f911d304bfce93540e3d063ca4640a87bd55fa9f,14.66843638499995
68,70,8,4,Batch portfolio,0.6625785604617667,20,0.0,0.0,0.0,256,IEEE RTS 24-bus,2,3e3d0737d91acb37be515001f911d304bfce93540e3d063ca4640a87bd55fa9f,14.66843638499995
68,71,1,1,Inference portfolio,0.3360858524341381,2,3.5246901545192504,0.0,0.0,256,IEEE RTS 24-bus,2,3e3d0737d91acb37be515001f911d304bfce93540e3d063ca4640a87bd55fa9f,14.66843638499995
68,71,2,1,Batch portfolio,0.6639141475658619,2,6.962779428003617,0.0,0.0,256,IEEE RTS 24-bus,2,3e3d0737d91acb37be515001f911d304bfce93540e3d063ca4640a87bd55fa9f,14.66843638499995
68,71,3,2,Inference portfolio,0.30397103703587725,7,-3.187887004882058,0.0,0.0,256,IEEE RTS 24-bus,2,3e3d0737d91acb37be515001f911d304bfce93540e3d063ca4640a87bd55fa9f,14.66843638499995
68,71,4,2,Batch portfolio,0.6960289629641228,7,-7.299582577640808,0.0,0.0,256,IEEE RTS 24-bus,2,3e3d0737d91acb37be515001f911d304bfce93540e3d063ca4640a87bd55fa9f,14.66843638499995
68,71,5,3,Inference portfolio,0.3194660181587846,14,0.0,0.0,0.0,256,IEEE RTS 24-bus,2,3e3d0737d91acb37be515001f911d304bfce93540e3d063ca4640a87bd55fa9f,14.66843638499995
68,71,6,3,Batch portfolio,0.6805339818412154,14,0.0,0.0,0.0,256,IEEE RTS 24-bus,2,3e3d0737d91acb37be515001f911d304bfce93540e3d063ca4640a87bd55fa9f,14.66843638499995
68,71,7,4,Inference portfolio,0.3374214395382333,20,0.0,0.0,0.0,256,IEEE RTS 24-bus,2,3e3d0737d91acb37be515001f911d304bfce93540e3d063ca4640a87bd55fa9f,14.66843638499995
68,71,8,4,Batch portfolio,0.6625785604617667,20,0.0,0.0,0.0,256,IEEE RTS 24-bus,2,3e3d0737d91acb37be515001f911d304bfce93540e3d063ca4640a87bd55fa9f,14.66843638499995
69,64,1,1,Inference portfolio,0.3360858524341381,2,8.022500240185767,0.0,0.0,256,IEEE RTS 24-bus,2,3e3d0737d91acb37be515001f911d304bfce93540e3d063ca4640a87bd55fa9f,14.72550098300053
69,64,2,1,Batch portfolio,0.6639141475658619,2,15.847226523369502,0.0,0.0,256,IEEE RTS 24-bus,2,3e3d0737d91acb37be515001f911d304bfce93540e3d063ca4640a87bd55fa9f,14.72550098300053
69,64,3,2,Inference portfolio,0.30397103703587725,7,-7.255972018375361,0.0,0.0,256,IEEE RTS 24-bus,2,3e3d0737d91acb37be515001f911d304bfce93540e3d063ca4640a87bd55fa9f,14.72550098300053
69,64,4,2,Batch portfolio,0.6960289629641228,7,-16.61375474517991,0.0,0.0,256,IEEE RTS 24-bus,2,3e3d0737d91acb37be515001f911d304bfce93540e3d063ca4640a87bd55fa9f,14.72550098300053
69,64,5,3,Inference portfolio,0.3194660181587846,14,0.0,0.0,0.0,256,IEEE RTS 24-bus,2,3e3d0737d91acb37be515001f911d304bfce93540e3d063ca4640a87bd55fa9f,14.72550098300053
69,64,6,3,Batch portfolio,0.6805339818412154,14,0.0,0.0,0.0,256,IEEE RTS 24-bus,2,3e3d0737d91acb37be515001f911d304bfce93540e3d063ca4640a87bd55fa9f,14.72550098300053
69,64,7,4,Inference portfolio,0.3374214395382333,20,0.0,0.0,0.0,256,IEEE RTS 24-bus,2,3e3d0737d91acb37be515001f911d304bfce93540e3d063ca4640a87bd55fa9f,14.72550098300053
69,64,8,4,Batch portfolio,0.6625785604617667,20,0.0,0.0,0.0,256,IEEE RTS 24-bus,2,3e3d0737d91acb37be515001f911d304bfce93540e3d063ca4640a87bd55fa9f,14.72550098300053
69,65,1,1,Inference portfolio,0.3360858524341381,2,12.061397496190542,0.0,1.4210854715202004e-14,256,IEEE RTS 24-bus,2,3e3d0737d91acb37be515001f911d304bfce93540e3d063ca4640a87bd55fa9f,14.72550098300053
69,65,2,1,Batch portfolio,0.6639141475658619,2,23.832924991361477,0.0,1.4210854715202004e-14,256,IEEE RTS 24-bus,2,3e3d0737d91acb37be515001f911d304bfce93540e3d063ca4640a87bd55fa9f,14.72550098300053
69,65,3,2,Inference portfolio,0.30397103703587725,7,-10.909945424882146,0.0,1.4210854715202004e-14,256,IEEE RTS 24-bus,2,3e3d0737d91acb37be515001f911d304bfce93540e3d063ca4640a87bd55fa9f,14.72550098300053
69,65,4,2,Batch portfolio,0.6960289629641228,7,-24.98437706266986,0.0,1.4210854715202004e-14,256,IEEE RTS 24-bus,2,3e3d0737d91acb37be515001f911d304bfce93540e3d063ca4640a87bd55fa9f,14.72550098300053
69,65,5,3,Inference portfolio,0.3194660181587846,14,0.0,0.0,1.4210854715202004e-14,256,IEEE RTS 24-bus,2,3e3d0737d91acb37be515001f911d304bfce93540e3d063ca4640a87bd55fa9f,14.72550098300053
69,65,6,3,Batch portfolio,0.6805339818412154,14,0.0,0.0,1.4210854715202004e-14,256,IEEE RTS 24-bus,2,3e3d0737d91acb37be515001f911d304bfce93540e3d063ca4640a87bd55fa9f,14.72550098300053
69,65,7,4,Inference portfolio,0.3374214395382333,20,0.0,0.0,1.4210854715202004e-14,256,IEEE RTS 24-bus,2,3e3d0737d91acb37be515001f911d304bfce93540e3d063ca4640a87bd55fa9f,14.72550098300053
69,65,8,4,Batch portfolio,0.6625785604617667,20,0.0,0.0,1.4210854715202004e-14,256,IEEE RTS 24-bus,2,3e3d0737d91acb37be515001f911d304bfce93540e3d063ca4640a87bd55fa9f,14.72550098300053
69,66,1,1,Inference portfolio,0.3360858524341381,2,11.079905349910863,0.0,-1.4210854715202004e-14,256,IEEE RTS 24-bus,2,3e3d0737d91acb37be515001f911d304bfce93540e3d063ca4640a87bd55fa9f,14.72550098300053
69,66,2,1,Batch portfolio,0.6639141475658619,2,21.903387536876373,0.0,-1.4210854715202004e-14,256,IEEE RTS 24-bus,2,3e3d0737d91acb37be515001f911d304bfce93540e3d063ca4640a87bd55fa9f,14.72550098300053
69,66,3,2,Inference portfolio,0.30397103703587725,7,-10.020174905327165,0.0,-1.4210854715202004e-14,256,IEEE RTS 24-bus,2,3e3d0737d91acb37be515001f911d304bfce93540e3d063ca4640a87bd55fa9f,14.72550098300053
69,66,4,2,Batch portfolio,0.6960289629641228,7,-22.963117981460087,0.0,-1.4210854715202004e-14,256,IEEE RTS 24-bus,2,3e3d0737d91acb37be515001f911d304bfce93540e3d063ca4640a87bd55fa9f,14.72550098300053
69,66,5,3,Inference portfolio,0.3194660181587846,14,0.0,0.0,-1.4210854715202004e-14,256,IEEE RTS 24-bus,2,3e3d0737d91acb37be515001f911d304bfce93540e3d063ca4640a87bd55fa9f,14.72550098300053
69,66,6,3,Batch portfolio,0.6805339818412154,14,0.0,0.0,-1.4210854715202004e-14,256,IEEE RTS 24-bus,2,3e3d0737d91acb37be515001f911d304bfce93540e3d063ca4640a87bd55fa9f,14.72550098300053
69,66,7,4,Inference portfolio,0.3374214395382333,20,0.0,0.0,-1.4210854715202004e-14,256,IEEE RTS 24-bus,2,3e3d0737d91acb37be515001f911d304bfce93540e3d063ca4640a87bd55fa9f,14.72550098300053
69,66,8,4,Batch portfolio,0.6625785604617667,20,0.0,0.0,-1.4210854715202004e-14,256,IEEE RTS 24-bus,2,3e3d0737d91acb37be515001f911d304bfce93540e3d063ca4640a87bd55fa9f,14.72550098300053
69,67,1,1,Inference portfolio,0.3360858524341381,2,10.36550419147503,0.0,-1.4210854715202004e-14,256,IEEE RTS 24-bus,2,3e3d0737d91acb37be515001f911d304bfce93540e3d063ca4640a87bd55fa9f,14.72550098300053
69,67,2,1,Batch portfolio,0.6639141475658619,2,20.487703267063495,0.0,-1.4210854715202004e-14,256,IEEE RTS 24-bus,2,3e3d0737d91acb37be515001f911d304bfce93540e3d063ca4640a87bd55fa9f,14.72550098300053
69,67,3,2,Inference portfolio,0.30397103703587725,7,-9.374931814413692,0.0,-1.4210854715202004e-14,256,IEEE RTS 24-bus,2,3e3d0737d91acb37be515001f911d304bfce93540e3d063ca4640a87bd55fa9f,14.72550098300053
69,67,4,2,Batch portfolio,0.6960289629641228,7,-21.478275644124846,0.0,-1.4210854715202004e-14,256,IEEE RTS 24-bus,2,3e3d0737d91acb37be515001f911d304bfce93540e3d063ca4640a87bd55fa9f,14.72550098300053
69,67,5,3,Inference portfolio,0.3194660181587846,14,0.0,0.0,-1.4210854715202004e-14,256,IEEE RTS 24-bus,2,3e3d0737d91acb37be515001f911d304bfce93540e3d063ca4640a87bd55fa9f,14.72550098300053
69,67,6,3,Batch portfolio,0.6805339818412154,14,0.0,0.0,-1.4210854715202004e-14,256,IEEE RTS 24-bus,2,3e3d0737d91acb37be515001f911d304bfce93540e3d063ca4640a87bd55fa9f,14.72550098300053
69,67,7,4,Inference portfolio,0.3374214395382333,20,0.0,0.0,-1.4210854715202004e-14,256,IEEE RTS 24-bus,2,3e3d0737d91acb37be515001f911d304bfce93540e3d063ca4640a87bd55fa9f,14.72550098300053
69,67,8,4,Batch portfolio,0.6625785604617667,20,0.0,0.0,-1.4210854715202004e-14,256,IEEE RTS 24-bus,2,3e3d0737d91acb37be515001f911d304bfce93540e3d063ca4640a87bd55fa9f,14.72550098300053
69,68,1,1,Inference portfolio,0.3360858524341381,2,12.964481943200862,0.0,-1.4210854715202004e-14,256,IEEE RTS 24-bus,2,3e3d0737d91acb37be515001f911d304bfce93540e3d063ca4640a87bd55fa9f,14.72550098300053
69,68,2,1,Batch portfolio,0.6639141475658619,2,25.63004834488065,0.0,-1.4210854715202004e-14,256,IEEE RTS 24-bus,2,3e3d0737d91acb37be515001f911d304bfce93540e3d063ca4640a87bd55fa9f,14.72550098300053
69,68,3,2,Inference portfolio,0.30397103703587725,7,-11.724277229261125,0.0,-1.4210854715202004e-14,256,IEEE RTS 24-bus,2,3e3d0737d91acb37be515001f911d304bfce93540e3d063ca4640a87bd55fa9f,14.72550098300053
69,68,4,2,Batch portfolio,0.6960289629641228,7,-26.870253058820406,0.0,-1.4210854715202004e-14,256,IEEE RTS 24-bus,2,3e3d0737d91acb37be515001f911d304bfce93540e3d063ca4640a87bd55fa9f,14.72550098300053
69,68,5,3,Inference portfolio,0.3194660181587846,14,0.0,0.0,-1.4210854715202004e-14,256,IEEE RTS 24-bus,2,3e3d0737d91acb37be515001f911d304bfce93540e3d063ca4640a87bd55fa9f,14.72550098300053
69,68,6,3,Batch portfolio,0.6805339818412154,14,0.0,0.0,-1.4210854715202004e-14,256,IEEE RTS 24-bus,2,3e3d0737d91acb37be515001f911d304bfce93540e3d063ca4640a87bd55fa9f,14.72550098300053
69,68,7,4,Inference portfolio,0.3374214395382333,20,0.0,0.0,-1.4210854715202004e-14,256,IEEE RTS 24-bus,2,3e3d0737d91acb37be515001f911d304bfce93540e3d063ca4640a87bd55fa9f,14.72550098300053
69,68,8,4,Batch portfolio,0.6625785604617667,20,0.0,0.0,-1.4210854715202004e-14,256,IEEE RTS 24-bus,2,3e3d0737d91acb37be515001f911d304bfce93540e3d063ca4640a87bd55fa9f,14.72550098300053
69,69,1,1,Inference portfolio,0.3360858524341381,2,12.32642271293313,0.0,-7.105427357601002e-15,256,IEEE RTS 24-bus,2,3e3d0737d91acb37be515001f911d304bfce93540e3d063ca4640a87bd55fa9f,14.72550098300053
69,69,2,1,Batch portfolio,0.6639141475658619,2,24.341371549777094,0.0,-7.105427357601002e-15,256,IEEE RTS 24-bus,2,3e3d0737d91acb37be515001f911d304bfce93540e3d063ca4640a87bd55fa9f,14.72550098300053
69,69,3,2,Inference portfolio,0.30397103703587725,7,-11.147869234866292,0.0,-7.105427357601002e-15,256,IEEE RTS 24-bus,2,3e3d0737d91acb37be515001f911d304bfce93540e3d063ca4640a87bd55fa9f,14.72550098300053
69,69,4,2,Batch portfolio,0.6960289629641228,7,-25.519925027843936,0.0,-7.105427357601002e-15,256,IEEE RTS 24-bus,2,3e3d0737d91acb37be515001f911d304bfce93540e3d063ca4640a87bd55fa9f,14.72550098300053
69,69,5,3,Inference portfolio,0.3194660181587846,14,0.0,0.0,-7.105427357601002e-15,256,IEEE RTS 24-bus,2,3e3d0737d91acb37be515001f911d304bfce93540e3d063ca4640a87bd55fa9f,14.72550098300053
69,69,6,3,Batch portfolio,0.6805339818412154,14,0.0,0.0,-7.105427357601002e-15,256,IEEE RTS 24-bus,2,3e3d0737d91acb37be515001f911d304bfce93540e3d063ca4640a87bd55fa9f,14.72550098300053
69,69,7,4,Inference portfolio,0.3374214395382333,20,0.0,0.0,-7.105427357601002e-15,256,IEEE RTS 24-bus,2,3e3d0737d91acb37be515001f911d304bfce93540e3d063ca4640a87bd55fa9f,14.72550098300053
69,69,8,4,Batch portfolio,0.6625785604617667,20,0.0,0.0,-7.105427357601002e-15,256,IEEE RTS 24-bus,2,3e3d0737d91acb37be515001f911d304bfce93540e3d063ca4640a87bd55fa9f,14.72550098300053
69,70,1,1,Inference portfolio,0.3360858524341381,2,8.62683193192516,0.0,-1.7763568394002505e-14,256,IEEE RTS 24-bus,2,3e3d0737d91acb37be515001f911d304bfce93540e3d063ca4640a87bd55fa9f,14.72550098300053
69,70,2,1,Batch portfolio,0.6639141475658619,2,17.041704453776216,0.0,-1.7763568394002505e-14,256,IEEE RTS 24-bus,2,3e3d0737d91acb37be515001f911d304bfce93540e3d063ca4640a87bd55fa9f,14.72550098300053
69,70,3,2,Inference portfolio,0.30397103703587725,7,-7.802491624354537,0.0,-1.7763568394002505e-14,256,IEEE RTS 24-bus,2,3e3d0737d91acb37be515001f911d304bfce93540e3d063ca4640a87bd55fa9f,14.72550098300053
69,70,4,2,Batch portfolio,0.6960289629641228,7,-17.866044761346856,0.0,-1.7763568394002505e-14,256,IEEE RTS 24-bus,2,3e3d0737d91acb37be515001f911d304bfce93540e3d063ca4640a87bd55fa9f,14.72550098300053
69,70,5,3,Inference portfolio,0.3194660181587846,14,0.0,0.0,-1.7763568394002505e-14,256,IEEE RTS 24-bus,2,3e3d0737d91acb37be515001f911d304bfce93540e3d063ca4640a87bd55fa9f,14.72550098300053
69,70,6,3,Batch portfolio,0.6805339818412154,14,0.0,0.0,-1.7763568394002505e-14,256,IEEE RTS 24-bus,2,3e3d0737d91acb37be515001f911d304bfce93540e3d063ca4640a87bd55fa9f,14.72550098300053
69,70,7,4,Inference portfolio,0.3374214395382333,20,0.0,0.0,-1.7763568394002505e-14,256,IEEE RTS 24-bus,2,3e3d0737d91acb37be515001f911d304bfce93540e3d063ca4640a87bd55fa9f,14.72550098300053
69,70,8,4,Batch portfolio,0.6625785604617667,20,0.0,0.0,-1.7763568394002505e-14,256,IEEE RTS 24-bus,2,3e3d0737d91acb37be515001f911d304bfce93540e3d063ca4640a87bd55fa9f,14.72550098300053
69,71,1,1,Inference portfolio,0.3360858524341381,2,6.703066985080839,-0.06908557923816261,5.245803791353865e-15,256,IEEE RTS 24-bus,2,3e3d0737d91acb37be515001f911d304bfce93540e3d063ca4640a87bd55fa9f,14.72550098300053
69,71,2,1,Batch portfolio,0.6639141475658619,2,13.241441052175349,-0.06908557923816261,5.245803791353865e-15,256,IEEE RTS 24-bus,2,3e3d0737d91acb37be515001f911d304bfce93540e3d063ca4640a87bd55fa9f,14.72550098300053
69,71,3,2,Inference portfolio,0.30397103703587725,7,-6.062552791255707,-0.06908557923816261,5.245803791353865e-15,256,IEEE RTS 24-bus,2,3e3d0737d91acb37be515001f911d304bfce93540e3d063ca4640a87bd55fa9f,14.72550098300053
69,71,4,2,Batch portfolio,0.6960289629641228,7,-13.881955246000901,-0.06908557923816261,5.245803791353865e-15,256,IEEE RTS 24-bus,2,3e3d0737d91acb37be515001f911d304bfce93540e3d063ca4640a87bd55fa9f,14.72550098300053
69,71,5,3,Inference portfolio,0.3194660181587846,14,-0.022070494911228394,-0.06908557923816261,5.245803791353865e-15,256,IEEE RTS 24-bus,2,3e3d0737d91acb37be515001f911d304bfce93540e3d063ca4640a87bd55fa9f,14.72550098300053
69,71,6,3,Batch portfolio,0.6805339818412154,14,-0.047015084326509755,-0.06908557923816261,5.245803791353865e-15,256,IEEE RTS 24-bus,2,3e3d0737d91acb37be515001f911d304bfce93540e3d063ca4640a87bd55fa9f,14.72550098300053
69,71,7,4,Inference portfolio,0.3374214395382333,20,0.0,-0.06908557923816261,5.245803791353865e-15,256,IEEE RTS 24-bus,2,3e3d0737d91acb37be515001f911d304bfce93540e3d063ca4640a87bd55fa9f,14.72550098300053
69,71,8,4,Batch portfolio,0.6625785604617667,20,0.0,-0.06908557923816261,5.245803791353865e-15,256,IEEE RTS 24-bus,2,3e3d0737d91acb37be515001f911d304bfce93540e3d063ca4640a87bd55fa9f,14.72550098300053
70,64,1,1,Inference portfolio,0.3360858524341381,2,2.3158854538766427,0.0,-2.6645352591003757e-15,256,IEEE RTS 24-bus,2,3e3d0737d91acb37be515001f911d304bfce93540e3d063ca4640a87bd55fa9f,14.611912719999964
70,64,2,1,Batch portfolio,0.6639141475658619,2,4.57450220249484,0.0,-2.6645352591003757e-15,256,IEEE RTS 24-bus,2,3e3d0737d91acb37be515001f911d304bfce93540e3d063ca4640a87bd55fa9f,14.611912719999964
70,64,3,2,Inference portfolio,0.30397103703587725,7,-2.0944764746397317,0.0,-2.6645352591003757e-15,256,IEEE RTS 24-bus,2,3e3d0737d91acb37be515001f911d304bfce93540e3d063ca4640a87bd55fa9f,14.611912719999964
70,64,4,2,Batch portfolio,0.6960289629641228,7,-4.795911181731754,0.0,-2.6645352591003757e-15,256,IEEE RTS 24-bus,2,3e3d0737d91acb37be515001f911d304bfce93540e3d063ca4640a87bd55fa9f,14.611912719999964
70,64,5,3,Inference portfolio,0.3194660181587846,14,0.0,0.0,-2.6645352591003757e-15,256,IEEE RTS 24-bus,2,3e3d0737d91acb37be515001f911d304bfce93540e3d063ca4640a87bd55fa9f,14.611912719999964
70,64,6,3,Batch portfolio,0.6805339818412154,14,0.0,0.0,-2.6645352591003757e-15,256,IEEE RTS 24-bus,2,3e3d0737d91acb37be515001f911d304bfce93540e3d063ca4640a87bd55fa9f,14.611912719999964
70,64,7,4,Inference portfolio,0.3374214395382333,20,0.0,0.0,-2.6645352591003757e-15,256,IEEE RTS 24-bus,2,3e3d0737d91acb37be515001f911d304bfce93540e3d063ca4640a87bd55fa9f,14.611912719999964
70,64,8,4,Batch portfolio,0.6625785604617667,20,0.0,0.0,-2.6645352591003757e-15,256,IEEE RTS 24-bus,2,3e3d0737d91acb37be515001f911d304bfce93540e3d063ca4640a87bd55fa9f,14.611912719999964
70,65,1,1,Inference portfolio,0.3360858524341381,2,6.339605027076388,1.8189894035458565e-12,1.0658141036401503e-14,256,IEEE RTS 24-bus,2,3e3d0737d91acb37be515001f911d304bfce93540e3d063ca4640a87bd55fa9f,14.611912719999964
70,65,2,1,Batch portfolio,0.6639141475658619,2,12.523447318509167,1.8189894035458565e-12,1.0658141036401503e-14,256,IEEE RTS 24-bus,2,3e3d0737d91acb37be515001f911d304bfce93540e3d063ca4640a87bd55fa9f,14.611912719999964
70,65,3,2,Inference portfolio,0.30397103703587725,7,-5.733821583148705,1.8189894035458565e-12,1.0658141036401503e-14,256,IEEE RTS 24-bus,2,3e3d0737d91acb37be515001f911d304bfce93540e3d063ca4640a87bd55fa9f,14.611912719999964
70,65,4,2,Batch portfolio,0.6960289629641228,7,-13.129230762435022,1.8189894035458565e-12,1.0658141036401503e-14,256,IEEE RTS 24-bus,2,3e3d0737d91acb37be515001f911d304bfce93540e3d063ca4640a87bd55fa9f,14.611912719999964
70,65,5,3,Inference portfolio,0.3194660181587846,14,0.0,1.8189894035458565e-12,1.0658141036401503e-14,256,IEEE RTS 24-bus,2,3e3d0737d91acb37be515001f911d304bfce93540e3d063ca4640a87bd55fa9f,14.611912719999964
70,65,6,3,Batch portfolio,0.6805339818412154,14,0.0,1.8189894035458565e-12,1.0658141036401503e-14,256,IEEE RTS 24-bus,2,3e3d0737d91acb37be515001f911d304bfce93540e3d063ca4640a87bd55fa9f,14.611912719999964
70,65,7,4,Inference portfolio,0.3374214395382333,20,0.0,1.8189894035458565e-12,1.0658141036401503e-14,256,IEEE RTS 24-bus,2,3e3d0737d91acb37be515001f911d304bfce93540e3d063ca4640a87bd55fa9f,14.611912719999964
70,65,8,4,Batch portfolio,0.6625785604617667,20,0.0,1.8189894035458565e-12,1.0658141036401503e-14,256,IEEE RTS 24-bus,2,3e3d0737d91acb37be515001f911d304bfce93540e3d063ca4640a87bd55fa9f,14.611912719999964
70,66,1,1,Inference portfolio,0.3360858524341381,2,2.652540741141213,0.0,5.329070518200751e-15,256,IEEE RTS 24-bus,2,3e3d0737d91acb37be515001f911d304bfce93540e3d063ca4640a87bd55fa9f,14.611912719999964
70,66,2,1,Batch portfolio,0.6639141475658619,2,5.243276682010223,0.0,5.329070518200751e-15,256,IEEE RTS 24-bus,2,3e3d0737d91acb37be515001f911d304bfce93540e3d063ca4640a87bd55fa9f,14.611912719999964
70,66,3,2,Inference portfolio,0.30397103703587725,7,-2.39892902883912,0.0,5.329070518200751e-15,256,IEEE RTS 24-bus,2,3e3d0737d91acb37be515001f911d304bfce93540e3d063ca4640a87bd55fa9f,14.611912719999964
70,66,4,2,Batch portfolio,0.6960289629641228,7,-5.496888394312311,0.0,5.329070518200751e-15,256,IEEE RTS 24-bus,2,3e3d0737d91acb37be515001f911d304bfce93540e3d063ca4640a87bd55fa9f,14.611912719999964
70,66,5,3,Inference portfolio,0.3194660181587846,14,0.0,0.0,5.329070518200751e-15,256,IEEE RTS 24-bus,2,3e3d0737d91acb37be515001f911d304bfce93540e3d063ca4640a87bd55fa9f,14.611912719999964
70,66,6,3,Batch portfolio,0.6805339818412154,14,0.0,0.0,5.329070518200751e-15,256,IEEE RTS 24-bus,2,3e3d0737d91acb37be515001f911d304bfce93540e3d063ca4640a87bd55fa9f,14.611912719999964
70,66,7,4,Inference portfolio,0.3374214395382333,20,0.0,0.0,5.329070518200751e-15,256,IEEE RTS 24-bus,2,3e3d0737d91acb37be515001f911d304bfce93540e3d063ca4640a87bd55fa9f,14.611912719999964
70,66,8,4,Batch portfolio,0.6625785604617667,20,0.0,0.0,5.329070518200751e-15,256,IEEE RTS 24-bus,2,3e3d0737d91acb37be515001f911d304bfce93540e3d063ca4640a87bd55fa9f,14.611912719999964
70,67,1,1,Inference portfolio,0.3360858524341381,2,4.7043871786187665,0.0,-8.881784197001252e-15,256,IEEE RTS 24-bus,2,3e3d0737d91acb37be515001f911d304bfce93540e3d063ca4640a87bd55fa9f,14.611912719999964
70,67,2,1,Batch portfolio,0.6639141475658619,2,9.293188573372385,0.0,-8.881784197001252e-15,256,IEEE RTS 24-bus,2,3e3d0737d91acb37be515001f911d304bfce93540e3d063ca4640a87bd55fa9f,14.611912719999964
70,67,3,2,Inference portfolio,0.30397103703587725,7,-4.254857617320949,0.0,-8.881784197001252e-15,256,IEEE RTS 24-bus,2,3e3d0737d91acb37be515001f911d304bfce93540e3d063ca4640a87bd55fa9f,14.611912719999964
70,67,4,2,Batch portfolio,0.6960289629641228,7,-9.742718134670211,0.0,-8.881784197001252e-15,256,IEEE RTS 24-bus,2,3e3d0737d91acb37be515001f911d304bfce93540e3d063ca4640a87bd55fa9f,14.611912719999964
70,67,5,3,Inference portfolio,0.3194660181587846,14,0.0,0.0,-8.881784197001252e-15,256,IEEE RTS 24-bus,2,3e3d0737d91acb37be515001f911d304bfce93540e3d063ca4640a87bd55fa9f,14.611912719999964
70,67,6,3,Batch portfolio,0.6805339818412154,14,0.0,0.0,-8.881784197001252e-15,256,IEEE RTS 24-bus,2,3e3d0737d91acb37be515001f911d304bfce93540e3d063ca4640a87bd55fa9f,14.611912719999964
70,67,7,4,Inference portfolio,0.3374214395382333,20,0.0,0.0,-8.881784197001252e-15,256,IEEE RTS 24-bus,2,3e3d0737d91acb37be515001f911d304bfce93540e3d063ca4640a87bd55fa9f,14.611912719999964
70,67,8,4,Batch portfolio,0.6625785604617667,20,0.0,0.0,-8.881784197001252e-15,256,IEEE RTS 24-bus,2,3e3d0737d91acb37be515001f911d304bfce93540e3d063ca4640a87bd55fa9f,14.611912719999964
70,68,1,1,Inference portfolio,0.3360858524341381,2,5.385695554937375,0.0,-2.842170943040401e-14,256,IEEE RTS 24-bus,2,3e3d0737d91acb37be515001f911d304bfce93540e3d063ca4640a87bd55fa9f,14.611912719999964
70,68,2,1,Batch portfolio,0.6639141475658619,2,10.639065725347011,0.0,-2.842170943040401e-14,256,IEEE RTS 24-bus,2,3e3d0737d91acb37be515001f911d304bfce93540e3d063ca4640a87bd55fa9f,14.611912719999964
70,68,3,2,Inference portfolio,0.30397103703587725,7,-4.871063304620443,0.0,-2.842170943040401e-14,256,IEEE RTS 24-bus,2,3e3d0737d91acb37be515001f911d304bfce93540e3d063ca4640a87bd55fa9f,14.611912719999964
70,68,4,2,Batch portfolio,0.6960289629641228,7,-11.153697975663974,0.0,-2.842170943040401e-14,256,IEEE RTS 24-bus,2,3e3d0737d91acb37be515001f911d304bfce93540e3d063ca4640a87bd55fa9f,14.611912719999964
70,68,5,3,Inference portfolio,0.3194660181587846,14,0.0,0.0,-2.842170943040401e-14,256,IEEE RTS 24-bus,2,3e3d0737d91acb37be515001f911d304bfce93540e3d063ca4640a87bd55fa9f,14.611912719999964
70,68,6,3,Batch portfolio,0.6805339818412154,14,0.0,0.0,-2.842170943040401e-14,256,IEEE RTS 24-bus,2,3e3d0737d91acb37be515001f911d304bfce93540e3d063ca4640a87bd55fa9f,14.611912719999964
70,68,7,4,Inference portfolio,0.3374214395382333,20,0.0,0.0,-2.842170943040401e-14,256,IEEE RTS 24-bus,2,3e3d0737d91acb37be515001f911d304bfce93540e3d063ca4640a87bd55fa9f,14.611912719999964
70,68,8,4,Batch portfolio,0.6625785604617667,20,0.0,0.0,-2.842170943040401e-14,256,IEEE RTS 24-bus,2,3e3d0737d91acb37be515001f911d304bfce93540e3d063ca4640a87bd55fa9f,14.611912719999964
70,69,1,1,Inference portfolio,0.3360858524341381,2,8.442829315684627,0.0,-2.1316282072803006e-14,256,IEEE RTS 24-bus,2,3e3d0737d91acb37be515001f911d304bfce93540e3d063ca4640a87bd55fa9f,14.611912719999964
70,69,2,1,Batch portfolio,0.6639141475658619,2,16.67822012610788,0.0,-2.1316282072803006e-14,256,IEEE RTS 24-bus,2,3e3d0737d91acb37be515001f911d304bfce93540e3d063ca4640a87bd55fa9f,14.611912719999964
70,69,3,2,Inference portfolio,0.30397103703587725,7,-7.636071450251017,0.0,-2.1316282072803006e-14,256,IEEE RTS 24-bus,2,3e3d0737d91acb37be515001f911d304bfce93540e3d063ca4640a87bd55fa9f,14.611912719999964
70,69,4,2,Batch portfolio,0.6960289629641228,7,-17.484977991541513,0.0,-2.1316282072803006e-14,256,IEEE RTS 24-bus,2,3e3d0737d91acb37be515001f911d304bfce93540e3d063ca4640a87bd55fa9f,14.611912719999964
70,69,5,3,Inference portfolio,0.3194660181587846,14,0.0,0.0,-2.1316282072803006e-14,256,IEEE RTS 24-bus,2,3e3d0737d91acb37be515001f911d304bfce93540e3d063ca4640a87bd55fa9f,14.611912719999964
70,69,6,3,Batch portfolio,0.6805339818412154,14,0.0,0.0,-2.1316282072803006e-14,256,IEEE RTS 24-bus,2,3e3d0737d91acb37be515001f911d304bfce93540e3d063ca4640a87bd55fa9f,14.611912719999964
70,69,7,4,Inference portfolio,0.3374214395382333,20,0.0,0.0,-2.1316282072803006e-14,256,IEEE RTS 24-bus,2,3e3d0737d91acb37be515001f911d304bfce93540e3d063ca4640a87bd55fa9f,14.611912719999964
70,69,8,4,Batch portfolio,0.6625785604617667,20,0.0,0.0,-2.1316282072803006e-14,256,IEEE RTS 24-bus,2,3e3d0737d91acb37be515001f911d304bfce93540e3d063ca4640a87bd55fa9f,14.611912719999964
70,70,1,1,Inference portfolio,0.3360858524341381,2,11.257169999209665,0.0,-1.4210854715202004e-14,256,IEEE RTS 24-bus,2,3e3d0737d91acb37be515001f911d304bfce93540e3d063ca4640a87bd55fa9f,14.611912719999964
70,70,2,1,Batch portfolio,0.6639141475658619,2,22.247804732937606,0.0,-1.4210854715202004e-14,256,IEEE RTS 24-bus,2,3e3d0737d91acb37be515001f911d304bfce93540e3d063ca4640a87bd55fa9f,14.611912719999964
70,70,3,2,Inference portfolio,0.30397103703587725,7,-10.181690561511921,0.0,-1.4210854715202004e-14,256,IEEE RTS 24-bus,2,3e3d0737d91acb37be515001f911d304bfce93540e3d063ca4640a87bd55fa9f,14.611912719999964
70,70,4,2,Batch portfolio,0.6960289629641228,7,-23.323284170635368,0.0,-1.4210854715202004e-14,256,IEEE RTS 24-bus,2,3e3d0737d91acb37be515001f911d304bfce93540e3d063ca4640a87bd55fa9f,14.611912719999964
70,70,5,3,Inference portfolio,0.3194660181587846,14,0.0,0.0,-1.4210854715202004e-14,256,IEEE RTS 24-bus,2,3e3d0737d91acb37be515001f911d304bfce93540e3d063ca4640a87bd55fa9f,14.611912719999964
70,70,6,3,Batch portfolio,0.6805339818412154,14,0.0,0.0,-1.4210854715202004e-14,256,IEEE RTS 24-bus,2,3e3d0737d91acb37be515001f911d304bfce93540e3d063ca4640a87bd55fa9f,14.611912719999964
70,70,7,4,Inference portfolio,0.3374214395382333,20,0.0,0.0,-1.4210854715202004e-14,256,IEEE RTS 24-bus,2,3e3d0737d91acb37be515001f911d304bfce93540e3d063ca4640a87bd55fa9f,14.611912719999964
70,70,8,4,Batch portfolio,0.6625785604617667,20,0.0,0.0,-1.4210854715202004e-14,256,IEEE RTS 24-bus,2,3e3d0737d91acb37be515001f911d304bfce93540e3d063ca4640a87bd55fa9f,14.611912719999964
70,71,1,1,Inference portfolio,0.3360858524341381,2,13.944966132489439,1.049785346191129,-4.973799150320701e-14,256,IEEE RTS 24-bus,2,3e3d0737d91acb37be515001f911d304bfce93540e3d063ca4640a87bd55fa9f,14.611912719999964
70,71,2,1,Batch portfolio,0.6639141475658619,2,27.52990560958064,1.049785346191129,-4.973799150320701e-14,256,IEEE RTS 24-bus,2,3e3d0737d91acb37be515001f911d304bfce93540e3d063ca4640a87bd55fa9f,14.611912719999964
70,71,3,2,Inference portfolio,0.30397103703587725,7,-12.29388996760948,1.049785346191129,-4.973799150320701e-14,256,IEEE RTS 24-bus,2,3e3d0737d91acb37be515001f911d304bfce93540e3d063ca4640a87bd55fa9f,14.611912719999964
70,71,4,2,Batch portfolio,0.6960289629641228,7,-28.13119642826952,1.049785346191129,-4.973799150320701e-14,256,IEEE RTS 24-bus,2,3e3d0737d91acb37be515001f911d304bfce93540e3d063ca4640a87bd55fa9f,14.611912719999964
70,71,5,3,Inference portfolio,0.3194660181587846,14,0.0,1.049785346191129,-4.973799150320701e-14,256,IEEE RTS 24-bus,2,3e3d0737d91acb37be515001f911d304bfce93540e3d063ca4640a87bd55fa9f,14.611912719999964
70,71,6,3,Batch portfolio,0.6805339818412154,14,0.0,1.049785346191129,-4.973799150320701e-14,256,IEEE RTS 24-bus,2,3e3d0737d91acb37be515001f911d304bfce93540e3d063ca4640a87bd55fa9f,14.611912719999964
70,71,7,4,Inference portfolio,0.3374214395382333,20,0.0,1.049785346191129,-4.973799150320701e-14,256,IEEE RTS 24-bus,2,3e3d0737d91acb37be515001f911d304bfce93540e3d063ca4640a87bd55fa9f,14.611912719999964
70,71,8,4,Batch portfolio,0.6625785604617667,20,0.0,1.049785346191129,-4.973799150320701e-14,256,IEEE RTS 24-bus,2,3e3d0737d91acb37be515001f911d304bfce93540e3d063ca4640a87bd55fa9f,14.611912719999964
71,64,1,1,Inference portfolio,0.3360858524341381,2,13.592998694228296,0.0,-2.1316282072803006e-14,256,IEEE RTS 24-bus,2,3e3d0737d91acb37be515001f911d304bfce93540e3d063ca4640a87bd55fa9f,14.247203303999413
71,64,2,1,Batch portfolio,0.6639141475658619,2,26.83623300974644,0.0,-2.1316282072803006e-14,256,IEEE RTS 24-bus,2,3e3d0737d91acb37be515001f911d304bfce93540e3d063ca4640a87bd55fa9f,14.247203303999413
71,64,3,2,Inference portfolio,0.30397103703587725,7,-12.294204180856772,0.0,-2.1316282072803006e-14,256,IEEE RTS 24-bus,2,3e3d0737d91acb37be515001f911d304bfce93540e3d063ca4640a87bd55fa9f,14.247203303999413
71,64,4,2,Batch portfolio,0.6960289629641228,7,-28.135027523117984,0.0,-2.1316282072803006e-14,256,IEEE RTS 24-bus,2,3e3d0737d91acb37be515001f911d304bfce93540e3d063ca4640a87bd55fa9f,14.247203303999413
71,64,5,3,Inference portfolio,0.3194660181587846,14,0.0,0.0,-2.1316282072803006e-14,256,IEEE RTS 24-bus,2,3e3d0737d91acb37be515001f911d304bfce93540e3d063ca4640a87bd55fa9f,14.247203303999413
71,64,6,3,Batch portfolio,0.6805339818412154,14,0.0,0.0,-2.1316282072803006e-14,256,IEEE RTS 24-bus,2,3e3d0737d91acb37be515001f911d304bfce93540e3d063ca4640a87bd55fa9f,14.247203303999413
71,64,7,4,Inference portfolio,0.3374214395382333,20,0.0,0.0,-2.1316282072803006e-14,256,IEEE RTS 24-bus,2,3e3d0737d91acb37be515001f911d304bfce93540e3d063ca4640a87bd55fa9f,14.247203303999413
71,64,8,4,Batch portfolio,0.6625785604617667,20,0.0,0.0,-2.1316282072803006e-14,256,IEEE RTS 24-bus,2,3e3d0737d91acb37be515001f911d304bfce93540e3d063ca4640a87bd55fa9f,14.247203303999413
71,65,1,1,Inference portfolio,0.3360858524341381,2,12.344466419740451,0.0,-2.1316282072803006e-14,256,IEEE RTS 24-bus,2,3e3d0737d91acb37be515001f911d304bfce93540e3d063ca4640a87bd55fa9f,14.247203303999413
71,65,2,1,Batch portfolio,0.6639141475658619,2,24.379222566068453,0.0,-2.1316282072803006e-14,256,IEEE RTS 24-bus,2,3e3d0737d91acb37be515001f911d304bfce93540e3d063ca4640a87bd55fa9f,14.247203303999413
71,65,3,2,Inference portfolio,0.30397103703587725,7,-11.16374072584494,0.0,-2.1316282072803006e-14,256,IEEE RTS 24-bus,2,3e3d0737d91acb37be515001f911d304bfce93540e3d063ca4640a87bd55fa9f,14.247203303999413
71,65,4,2,Batch portfolio,0.6960289629641228,7,-25.559948259963985,0.0,-2.1316282072803006e-14,256,IEEE RTS 24-bus,2,3e3d0737d91acb37be515001f911d304bfce93540e3d063ca4640a87bd55fa9f,14.247203303999413
71,65,5,3,Inference portfolio,0.3194660181587846,14,0.0,0.0,-2.1316282072803006e-14,256,IEEE RTS 24-bus,2,3e3d0737d91acb37be515001f911d304bfce93540e3d063ca4640a87bd55fa9f,14.247203303999413
71,65,6,3,Batch portfolio,0.6805339818412154,14,0.0,0.0,-2.1316282072803006e-14,256,IEEE RTS 24-bus,2,3e3d0737d91acb37be515001f911d304bfce93540e3d063ca4640a87bd55fa9f,14.247203303999413
71,65,7,4,Inference portfolio,0.3374214395382333,20,0.0,0.0,-2.1316282072803006e-14,256,IEEE RTS 24-bus,2,3e3d0737d91acb37be515001f911d304bfce93540e3d063ca4640a87bd55fa9f,14.247203303999413
71,65,8,4,Batch portfolio,0.6625785604617667,20,0.0,0.0,-2.1316282072803006e-14,256,IEEE RTS 24-bus,2,3e3d0737d91acb37be515001f911d304bfce93540e3d063ca4640a87bd55fa9f,14.247203303999413
71,66,1,1,Inference portfolio,0.3360858524341381,2,9.572249375194279,1.8189894035458565e-12,0.0,256,IEEE RTS 24-bus,2,3e3d0737d91acb37be515001f911d304bfce93540e3d063ca4640a87bd55fa9f,14.247203303999413
71,66,2,1,Batch portfolio,0.6639141475658619,2,18.907427298033028,1.8189894035458565e-12,0.0,256,IEEE RTS 24-bus,2,3e3d0737d91acb37be515001f911d304bfce93540e3d063ca4640a87bd55fa9f,14.247203303999413
71,66,3,2,Inference portfolio,0.30397103703587725,7,-8.657753829342557,1.8189894035458565e-12,0.0,256,IEEE RTS 24-bus,2,3e3d0737d91acb37be515001f911d304bfce93540e3d063ca4640a87bd55fa9f,14.247203303999413
71,66,4,2,Batch portfolio,0.6960289629641228,7,-19.82192284388293,1.8189894035458565e-12,0.0,256,IEEE RTS 24-bus,2,3e3d0737d91acb37be515001f911d304bfce93540e3d063ca4640a87bd55fa9f,14.247203303999413
71,66,5,3,Inference portfolio,0.3194660181587846,14,0.0,1.8189894035458565e-12,0.0,256,IEEE RTS 24-bus,2,3e3d0737d91acb37be515001f911d304bfce93540e3d063ca4640a87bd55fa9f,14.247203303999413
71,66,6,3,Batch portfolio,0.6805339818412154,14,0.0,1.8189894035458565e-12,0.0,256,IEEE RTS 24-bus,2,3e3d0737d91acb37be515001f911d304bfce93540e3d063ca4640a87bd55fa9f,14.247203303999413
71,66,7,4,Inference portfolio,0.3374214395382333,20,0.0,1.8189894035458565e-12,0.0,256,IEEE RTS 24-bus,2,3e3d0737d91acb37be515001f911d304bfce93540e3d063ca4640a87bd55fa9f,14.247203303999413
71,66,8,4,Batch portfolio,0.6625785604617667,20,0.0,1.8189894035458565e-12,0.0,256,IEEE RTS 24-bus,2,3e3d0737d91acb37be515001f911d304bfce93540e3d063ca4640a87bd55fa9f,14.247203303999413
71,67,1,1,Inference portfolio,0.3360858524341381,2,6.03752181638962,0.0,-7.105427357601002e-15,256,IEEE RTS 24-bus,2,3e3d0737d91acb37be515001f911d304bfce93540e3d063ca4640a87bd55fa9f,14.247203303999413
71,67,2,1,Batch portfolio,0.6639141475658619,2,11.926703016826952,0.0,-7.105427357601002e-15,256,IEEE RTS 24-bus,2,3e3d0737d91acb37be515001f911d304bfce93540e3d063ca4640a87bd55fa9f,14.247203303999413
71,67,3,2,Inference portfolio,0.30397103703587725,7,-5.460604052098161,0.0,-7.105427357601002e-15,256,IEEE RTS 24-bus,2,3e3d0737d91acb37be515001f911d304bfce93540e3d063ca4640a87bd55fa9f,14.247203303999413
71,67,4,2,Batch portfolio,0.6960289629641228,7,-12.50362078111842,0.0,-7.105427357601002e-15,256,IEEE RTS 24-bus,2,3e3d0737d91acb37be515001f911d304bfce93540e3d063ca4640a87bd55fa9f,14.247203303999413
71,67,5,3,Inference portfolio,0.3194660181587846,14,0.0,0.0,-7.105427357601002e-15,256,IEEE RTS 24-bus,2,3e3d0737d91acb37be515001f911d304bfce93540e3d063ca4640a87bd55fa9f,14.247203303999413
71,67,6,3,Batch portfolio,0.6805339818412154,14,0.0,0.0,-7.105427357601002e-15,256,IEEE RTS 24-bus,2,3e3d0737d91acb37be515001f911d304bfce93540e3d063ca4640a87bd55fa9f,14.247203303999413
71,67,7,4,Inference portfolio,0.3374214395382333,20,0.0,0.0,-7.105427357601002e-15,256,IEEE RTS 24-bus,2,3e3d0737d91acb37be515001f911d304bfce93540e3d063ca4640a87bd55fa9f,14.247203303999413
71,67,8,4,Batch portfolio,0.6625785604617667,20,0.0,0.0,-7.105427357601002e-15,256,IEEE RTS 24-bus,2,3e3d0737d91acb37be515001f911d304bfce93540e3d063ca4640a87bd55fa9f,14.247203303999413
71,68,1,1,Inference portfolio,0.3360858524341381,2,9.235070386218622,1.8189894035458565e-12,0.0,256,IEEE RTS 24-bus,2,3e3d0737d91acb37be515001f911d304bfce93540e3d063ca4640a87bd55fa9f,14.247203303999413
71,68,2,1,Batch portfolio,0.6639141475658619,2,18.243237074011475,1.8189894035458565e-12,0.0,256,IEEE RTS 24-bus,2,3e3d0737d91acb37be515001f911d304bfce93540e3d063ca4640a87bd55fa9f,14.247203303999413
71,68,3,2,Inference portfolio,0.30397103703587725,7,-8.352609614675961,1.8189894035458565e-12,0.0,256,IEEE RTS 24-bus,2,3e3d0737d91acb37be515001f911d304bfce93540e3d063ca4640a87bd55fa9f,14.247203303999413
71,68,4,2,Batch portfolio,0.6960289629641228,7,-19.125697845552317,1.8189894035458565e-12,0.0,256,IEEE RTS 24-bus,2,3e3d0737d91acb37be515001f911d304bfce93540e3d063ca4640a87bd55fa9f,14.247203303999413
71,68,5,3,Inference portfolio,0.3194660181587846,14,0.0,1.8189894035458565e-12,0.0,256,IEEE RTS 24-bus,2,3e3d0737d91acb37be515001f911d304bfce93540e3d063ca4640a87bd55fa9f,14.247203303999413
71,68,6,3,Batch portfolio,0.6805339818412154,14,0.0,1.8189894035458565e-12,0.0,256,IEEE RTS 24-bus,2,3e3d0737d91acb37be515001f911d304bfce93540e3d063ca4640a87bd55fa9f,14.247203303999413
71,68,7,4,Inference portfolio,0.3374214395382333,20,0.0,1.8189894035458565e-12,0.0,256,IEEE RTS 24-bus,2,3e3d0737d91acb37be515001f911d304bfce93540e3d063ca4640a87bd55fa9f,14.247203303999413
71,68,8,4,Batch portfolio,0.6625785604617667,20,0.0,1.8189894035458565e-12,0.0,256,IEEE RTS 24-bus,2,3e3d0737d91acb37be515001f911d304bfce93540e3d063ca4640a87bd55fa9f,14.247203303999413
71,69,1,1,Inference portfolio,0.3360858524341381,2,7.218505928467649,0.0,-1.4210854715202004e-14,256,IEEE RTS 24-bus,2,3e3d0737d91acb37be515001f911d304bfce93540e3d063ca4640a87bd55fa9f,14.247203303999413
71,69,2,1,Batch portfolio,0.6639141475658619,2,14.259654714673893,0.0,-1.4210854715202004e-14,256,IEEE RTS 24-bus,2,3e3d0737d91acb37be515001f911d304bfce93540e3d063ca4640a87bd55fa9f,14.247203303999413
71,69,3,2,Inference portfolio,0.30397103703587725,7,-6.528738764319469,0.0,-1.4210854715202004e-14,256,IEEE RTS 24-bus,2,3e3d0737d91acb37be515001f911d304bfce93540e3d063ca4640a87bd55fa9f,14.247203303999413
71,69,4,2,Batch portfolio,0.6960289629641228,7,-14.949421878822086,0.0,-1.4210854715202004e-14,256,IEEE RTS 24-bus,2,3e3d0737d91acb37be515001f911d304bfce93540e3d063ca4640a87bd55fa9f,14.247203303999413
71,69,5,3,Inference portfolio,0.3194660181587846,14,0.0,0.0,-1.4210854715202004e-14,256,IEEE RTS 24-bus,2,3e3d0737d91acb37be515001f911d304bfce93540e3d063ca4640a87bd55fa9f,14.247203303999413
71,69,6,3,Batch portfolio,0.6805339818412154,14,0.0,0.0,-1.4210854715202004e-14,256,IEEE RTS 24-bus,2,3e3d0737d91acb37be515001f911d304bfce93540e3d063ca4640a87bd55fa9f,14.247203303999413
71,69,7,4,Inference portfolio,0.3374214395382333,20,0.0,0.0,-1.4210854715202004e-14,256,IEEE RTS 24-bus,2,3e3d0737d91acb37be515001f911d304bfce93540e3d063ca4640a87bd55fa9f,14.247203303999413
71,69,8,4,Batch portfolio,0.6625785604617667,20,0.0,0.0,-1.4210854715202004e-14,256,IEEE RTS 24-bus,2,3e3d0737d91acb37be515001f911d304bfce93540e3d063ca4640a87bd55fa9f,14.247203303999413
71,70,1,1,Inference portfolio,0.3360858524341381,2,9.168862393564256,3.637978807091713e-12,0.0,256,IEEE RTS 24-bus,2,3e3d0737d91acb37be515001f911d304bfce93540e3d063ca4640a87bd55fa9f,14.247203303999413
71,70,2,1,Batch portfolio,0.6639141475658619,2,18.11244780487899,3.637978807091713e-12,0.0,256,IEEE RTS 24-bus,2,3e3d0737d91acb37be515001f911d304bfce93540e3d063ca4640a87bd55fa9f,14.247203303999413
71,70,3,2,Inference portfolio,0.30397103703587725,7,-8.292728152717252,3.637978807091713e-12,0.0,256,IEEE RTS 24-bus,2,3e3d0737d91acb37be515001f911d304bfce93540e3d063ca4640a87bd55fa9f,14.247203303999413
71,70,4,2,Batch portfolio,0.6960289629641228,7,-18.988582045722353,3.637978807091713e-12,0.0,256,IEEE RTS 24-bus,2,3e3d0737d91acb37be515001f911d304bfce93540e3d063ca4640a87bd55fa9f,14.247203303999413
71,70,5,3,Inference portfolio,0.3194660181587846,14,0.0,3.637978807091713e-12,0.0,256,IEEE RTS 24-bus,2,3e3d0737d91acb37be515001f911d304bfce93540e3d063ca4640a87bd55fa9f,14.247203303999413
71,70,6,3,Batch portfolio,0.6805339818412154,14,0.0,3.637978807091713e-12,0.0,256,IEEE RTS 24-bus,2,3e3d0737d91acb37be515001f911d304bfce93540e3d063ca4640a87bd55fa9f,14.247203303999413
71,70,7,4,Inference portfolio,0.3374214395382333,20,0.0,3.637978807091713e-12,0.0,256,IEEE RTS 24-bus,2,3e3d0737d91acb37be515001f911d304bfce93540e3d063ca4640a87bd55fa9f,14.247203303999413
71,70,8,4,Batch portfolio,0.6625785604617667,20,0.0,3.637978807091713e-12,0.0,256,IEEE RTS 24-bus,2,3e3d0737d91acb37be515001f911d304bfce93540e3d063ca4640a87bd55fa9f,14.247203303999413
71,71,1,1,Inference portfolio,0.3360858524341381,2,9.66920163060725,0.0,-4.263256414560601e-14,256,IEEE RTS 24-bus,2,3e3d0737d91acb37be515001f911d304bfce93540e3d063ca4640a87bd55fa9f,14.247203303999413
71,71,2,1,Batch portfolio,0.6639141475658619,2,19.10083305123528,0.0,-4.263256414560601e-14,256,IEEE RTS 24-bus,2,3e3d0737d91acb37be515001f911d304bfce93540e3d063ca4640a87bd55fa9f,14.247203303999413
71,71,3,2,Inference portfolio,0.30397103703587725,7,-8.745257277798384,0.0,-4.263256414560601e-14,256,IEEE RTS 24-bus,2,3e3d0737d91acb37be515001f911d304bfce93540e3d063ca4640a87bd55fa9f,14.247203303999413
71,71,4,2,Batch portfolio,0.6960289629641228,7,-20.02477740404419,0.0,-4.263256414560601e-14,256,IEEE RTS 24-bus,2,3e3d0737d91acb37be515001f911d304bfce93540e3d063ca4640a87bd55fa9f,14.247203303999413
71,71,5,3,Inference portfolio,0.3194660181587846,14,0.0,0.0,-4.263256414560601e-14,256,IEEE RTS 24-bus,2,3e3d0737d91acb37be515001f911d304bfce93540e3d063ca4640a87bd55fa9f,14.247203303999413
71,71,6,3,Batch portfolio,0.6805339818412154,14,0.0,0.0,-4.263256414560601e-14,256,IEEE RTS 24-bus,2,3e3d0737d91acb37be515001f911d304bfce93540e3d063ca4640a87bd55fa9f,14.247203303999413
71,71,7,4,Inference portfolio,0.3374214395382333,20,0.0,0.0,-4.263256414560601e-14,256,IEEE RTS 24-bus,2,3e3d0737d91acb37be515001f911d304bfce93540e3d063ca4640a87bd55fa9f,14.247203303999413
71,71,8,4,Batch portfolio,0.6625785604617667,20,0.0,0.0,-4.263256414560601e-14,256,IEEE RTS 24-bus,2,3e3d0737d91acb37be515001f911d304bfce93540e3d063ca4640a87bd55fa9f,14.247203303999413
72,64,1,1,Inference portfolio,0.3360858524341381,2,2.484142523533592,0.0,-1.7763568394002505e-15,256,IEEE RTS 24-bus,2,3e3d0737d91acb37be515001f911d304bfce93540e3d063ca4640a87bd55fa9f,14.396317711001757
72,64,2,1,Batch portfolio,0.6639141475658619,2,4.905525065213016,0.0,-1.7763568394002505e-15,256,IEEE RTS 24-bus,2,3e3d0737d91acb37be515001f911d304bfce93540e3d063ca4640a87bd55fa9f,14.396317711001757
72,64,3,2,Inference portfolio,0.30397103703587725,7,-2.2466053637687464,0.0,-1.7763568394002505e-15,256,IEEE RTS 24-bus,2,3e3d0737d91acb37be515001f911d304bfce93540e3d063ca4640a87bd55fa9f,14.396317711001757
72,64,4,2,Batch portfolio,0.6960289629641228,7,-5.1430622249778635,0.0,-1.7763568394002505e-15,256,IEEE RTS 24-bus,2,3e3d0737d91acb37be515001f911d304bfce93540e3d063ca4640a87bd55fa9f,14.396317711001757
72,64,5,3,Inference portfolio,0.3194660181587846,14,0.0,0.0,-1.7763568394002505e-15,256,IEEE RTS 24-bus,2,3e3d0737d91acb37be515001f911d304bfce93540e3d063ca4640a87bd55fa9f,14.396317711001757
72,64,6,3,Batch portfolio,0.6805339818412154,14,0.0,0.0,-1.7763568394002505e-15,256,IEEE RTS 24-bus,2,3e3d0737d91acb37be515001f911d304bfce93540e3d063ca4640a87bd55fa9f,14.396317711001757
72,64,7,4,Inference portfolio,0.3374214395382333,20,0.0,0.0,-1.7763568394002505e-15,256,IEEE RTS 24-bus,2,3e3d0737d91acb37be515001f911d304bfce93540e3d063ca4640a87bd55fa9f,14.396317711001757
72,64,8,4,Batch portfolio,0.6625785604617667,20,0.0,0.0,-1.7763568394002505e-15,256,IEEE RTS 24-bus,2,3e3d0737d91acb37be515001f911d304bfce93540e3d063ca4640a87bd55fa9f,14.396317711001757
72,65,1,1,Inference portfolio,0.3360858524341381,2,2.7036921747007905,0.0,-8.881784197001252e-15,256,IEEE RTS 24-bus,2,3e3d0737d91acb37be515001f911d304bfce93540e3d063ca4640a87bd55fa9f,14.396317711001757
72,65,2,1,Batch portfolio,0.6639141475658619,2,5.341040485151853,0.0,-8.881784197001252e-15,256,IEEE RTS 24-bus,2,3e3d0737d91acb37be515001f911d304bfce93540e3d063ca4640a87bd55fa9f,14.396317711001757
72,65,3,2,Inference portfolio,0.30397103703587725,7,-2.4452234139809357,0.0,-8.881784197001252e-15,256,IEEE RTS 24-bus,2,3e3d0737d91acb37be515001f911d304bfce93540e3d063ca4640a87bd55fa9f,14.396317711001757
72,65,4,2,Batch portfolio,0.6960289629641228,7,-5.599509245871717,0.0,-8.881784197001252e-15,256,IEEE RTS 24-bus,2,3e3d0737d91acb37be515001f911d304bfce93540e3d063ca4640a87bd55fa9f,14.396317711001757
72,65,5,3,Inference portfolio,0.3194660181587846,14,0.0,0.0,-8.881784197001252e-15,256,IEEE RTS 24-bus,2,3e3d0737d91acb37be515001f911d304bfce93540e3d063ca4640a87bd55fa9f,14.396317711001757
72,65,6,3,Batch portfolio,0.6805339818412154,14,0.0,0.0,-8.881784197001252e-15,256,IEEE RTS 24-bus,2,3e3d0737d91acb37be515001f911d304bfce93540e3d063ca4640a87bd55fa9f,14.396317711001757
72,65,7,4,Inference portfolio,0.3374214395382333,20,0.0,0.0,-8.881784197001252e-15,256,IEEE RTS 24-bus,2,3e3d0737d91acb37be515001f911d304bfce93540e3d063ca4640a87bd55fa9f,14.396317711001757
72,65,8,4,Batch portfolio,0.6625785604617667,20,0.0,0.0,-8.881784197001252e-15,256,IEEE RTS 24-bus,2,3e3d0737d91acb37be515001f911d304bfce93540e3d063ca4640a87bd55fa9f,14.396317711001757
72,66,1,1,Inference portfolio,0.3360858524341381,2,6.312479005944928,0.0,3.552713678800501e-15,256,IEEE RTS 24-bus,2,3e3d0737d91acb37be515001f911d304bfce93540e3d063ca4640a87bd55fa9f,14.396317711001757
72,66,2,1,Batch portfolio,0.6639141475658619,2,12.469861756768607,0.0,3.552713678800501e-15,256,IEEE RTS 24-bus,2,3e3d0737d91acb37be515001f911d304bfce93540e3d063ca4640a87bd55fa9f,14.396317711001757
72,66,3,2,Inference portfolio,0.30397103703587725,7,-5.709287599602851,0.0,3.552713678800501e-15,256,IEEE RTS 24-bus,2,3e3d0737d91acb37be515001f911d304bfce93540e3d063ca4640a87bd55fa9f,14.396317711001757
72,66,4,2,Batch portfolio,0.6960289629641228,7,-13.073053163110679,0.0,3.552713678800501e-15,256,IEEE RTS 24-bus,2,3e3d0737d91acb37be515001f911d304bfce93540e3d063ca4640a87bd55fa9f,14.396317711001757
72,66,5,3,Inference portfolio,0.3194660181587846,14,0.0,0.0,3.552713678800501e-15,256,IEEE RTS 24-bus,2,3e3d0737d91acb37be515001f911d304bfce93540e3d063ca4640a87bd55fa9f,14.396317711001757
72,66,6,3,Batch portfolio,0.6805339818412154,14,0.0,0.0,3.552713678800501e-15,256,IEEE RTS 24-bus,2,3e3d0737d91acb37be515001f911d304bfce93540e3d063ca4640a87bd55fa9f,14.396317711001757
72,66,7,4,Inference portfolio,0.3374214395382333,20,0.0,0.0,3.552713678800501e-15,256,IEEE RTS 24-bus,2,3e3d0737d91acb37be515001f911d304bfce93540e3d063ca4640a87bd55fa9f,14.396317711001757
72,66,8,4,Batch portfolio,0.6625785604617667,20,0.0,0.0,3.552713678800501e-15,256,IEEE RTS 24-bus,2,3e3d0737d91acb37be515001f911d304bfce93540e3d063ca4640a87bd55fa9f,14.396317711001757
72,67,1,1,Inference portfolio,0.3360858524341381,2,9.819975460668502,1.8189894035458565e-12,2.1316282072803006e-14,256,IEEE RTS 24-bus,2,3e3d0737d91acb37be515001f911d304bfce93540e3d063ca4640a87bd55fa9f,14.396317711001757
72,67,2,1,Batch portfolio,0.6639141475658619,2,19.39407130438487,1.8189894035458565e-12,2.1316282072803006e-14,256,IEEE RTS 24-bus,2,3e3d0737d91acb37be515001f911d304bfce93540e3d063ca4640a87bd55fa9f,14.396317711001757
72,67,3,2,Inference portfolio,0.30397103703587725,7,-8.882074964608666,1.8189894035458565e-12,2.1316282072803006e-14,256,IEEE RTS 24-bus,2,3e3d0737d91acb37be515001f911d304bfce93540e3d063ca4640a87bd55fa9f,14.396317711001757
72,67,4,2,Batch portfolio,0.6960289629641228,7,-20.331971800442865,1.8189894035458565e-12,2.1316282072803006e-14,256,IEEE RTS 24-bus,2,3e3d0737d91acb37be515001f911d304bfce93540e3d063ca4640a87bd55fa9f,14.396317711001757
72,67,5,3,Inference portfolio,0.3194660181587846,14,0.0,1.8189894035458565e-12,2.1316282072803006e-14,256,IEEE RTS 24-bus,2,3e3d0737d91acb37be515001f911d304bfce93540e3d063ca4640a87bd55fa9f,14.396317711001757
72,67,6,3,Batch portfolio,0.6805339818412154,14,0.0,1.8189894035458565e-12,2.1316282072803006e-14,256,IEEE RTS 24-bus,2,3e3d0737d91acb37be515001f911d304bfce93540e3d063ca4640a87bd55fa9f,14.396317711001757
72,67,7,4,Inference portfolio,0.3374214395382333,20,0.0,1.8189894035458565e-12,2.1316282072803006e-14,256,IEEE RTS 24-bus,2,3e3d0737d91acb37be515001f911d304bfce93540e3d063ca4640a87bd55fa9f,14.396317711001757
72,67,8,4,Batch portfolio,0.6625785604617667,20,0.0,1.8189894035458565e-12,2.1316282072803006e-14,256,IEEE RTS 24-bus,2,3e3d0737d91acb37be515001f911d304bfce93540e3d063ca4640a87bd55fa9f,14.396317711001757
72,68,1,1,Inference portfolio,0.3360858524341381,2,8.032464730010368,0.0,7.105427357601002e-15,256,IEEE RTS 24-bus,2,3e3d0737d91acb37be515001f911d304bfce93540e3d063ca4640a87bd55fa9f,14.396317711001757
72,68,2,1,Batch portfolio,0.6639141475658619,2,15.867573524603976,0.0,7.105427357601002e-15,256,IEEE RTS 24-bus,2,3e3d0737d91acb37be515001f911d304bfce93540e3d063ca4640a87bd55fa9f,14.396317711001757
72,68,3,2,Inference portfolio,0.30397103703587725,7,-7.264919413451936,0.0,7.105427357601002e-15,256,IEEE RTS 24-bus,2,3e3d0737d91acb37be515001f911d304bfce93540e3d063ca4640a87bd55fa9f,14.396317711001757
72,68,4,2,Batch portfolio,0.6960289629641228,7,-16.635118841162402,0.0,7.105427357601002e-15,256,IEEE RTS 24-bus,2,3e3d0737d91acb37be515001f911d304bfce93540e3d063ca4640a87bd55fa9f,14.396317711001757
72,68,5,3,Inference portfolio,0.3194660181587846,14,0.0,0.0,7.105427357601002e-15,256,IEEE RTS 24-bus,2,3e3d0737d91acb37be515001f911d304bfce93540e3d063ca4640a87bd55fa9f,14.396317711001757
72,68,6,3,Batch portfolio,0.6805339818412154,14,0.0,0.0,7.105427357601002e-15,256,IEEE RTS 24-bus,2,3e3d0737d91acb37be515001f911d304bfce93540e3d063ca4640a87bd55fa9f,14.396317711001757
72,68,7,4,Inference portfolio,0.3374214395382333,20,0.0,0.0,7.105427357601002e-15,256,IEEE RTS 24-bus,2,3e3d0737d91acb37be515001f911d304bfce93540e3d063ca4640a87bd55fa9f,14.396317711001757
72,68,8,4,Batch portfolio,0.6625785604617667,20,0.0,0.0,7.105427357601002e-15,256,IEEE RTS 24-bus,2,3e3d0737d91acb37be515001f911d304bfce93540e3d063ca4640a87bd55fa9f,14.396317711001757
72,69,1,1,Inference portfolio,0.3360858524341381,2,7.135836149783839,0.0,-1.0658141036401503e-14,256,IEEE RTS 24-bus,2,3e3d0737d91acb37be515001f911d304bfce93540e3d063ca4640a87bd55fa9f,14.396317711001757
72,69,2,1,Batch portfolio,0.6639141475658619,2,14.096346336036444,0.0,-1.0658141036401503e-14,256,IEEE RTS 24-bus,2,3e3d0737d91acb37be515001f911d304bfce93540e3d063ca4640a87bd55fa9f,14.396317711001757
72,69,3,2,Inference portfolio,0.30397103703587725,7,-6.453968528750013,0.0,-1.0658141036401503e-14,256,IEEE RTS 24-bus,2,3e3d0737d91acb37be515001f911d304bfce93540e3d063ca4640a87bd55fa9f,14.396317711001757
72,69,4,2,Batch portfolio,0.6960289629641228,7,-14.778213957070278,0.0,-1.0658141036401503e-14,256,IEEE RTS 24-bus,2,3e3d0737d91acb37be515001f911d304bfce93540e3d063ca4640a87bd55fa9f,14.396317711001757
72,69,5,3,Inference portfolio,0.3194660181587846,14,0.0,0.0,-1.0658141036401503e-14,256,IEEE RTS 24-bus,2,3e3d0737d91acb37be515001f911d304bfce93540e3d063ca4640a87bd55fa9f,14.396317711001757
72,69,6,3,Batch portfolio,0.6805339818412154,14,0.0,0.0,-1.0658141036401503e-14,256,IEEE RTS 24-bus,2,3e3d0737d91acb37be515001f911d304bfce93540e3d063ca4640a87bd55fa9f,14.396317711001757
72,69,7,4,Inference portfolio,0.3374214395382333,20,0.0,0.0,-1.0658141036401503e-14,256,IEEE RTS 24-bus,2,3e3d0737d91acb37be515001f911d304bfce93540e3d063ca4640a87bd55fa9f,14.396317711001757
72,69,8,4,Batch portfolio,0.6625785604617667,20,0.0,0.0,-1.0658141036401503e-14,256,IEEE RTS 24-bus,2,3e3d0737d91acb37be515001f911d304bfce93540e3d063ca4640a87bd55fa9f,14.396317711001757
72,70,1,1,Inference portfolio,0.3360858524341381,2,6.515634642031278,0.0,-1.0658141036401503e-14,256,IEEE RTS 24-bus,2,3e3d0737d91acb37be515001f911d304bfce93540e3d063ca4640a87bd55fa9f,14.396317711001757
72,70,2,1,Batch portfolio,0.6639141475658619,2,12.871181538539975,0.0,-1.0658141036401503e-14,256,IEEE RTS 24-bus,2,3e3d0737d91acb37be515001f911d304bfce93540e3d063ca4640a87bd55fa9f,14.396317711001757
72,70,3,2,Inference portfolio,0.30397103703587725,7,-5.893030619232229,0.0,-1.0658141036401503e-14,256,IEEE RTS 24-bus,2,3e3d0737d91acb37be515001f911d304bfce93540e3d063ca4640a87bd55fa9f,14.396317711001757
72,70,4,2,Batch portfolio,0.6960289629641228,7,-13.493785561339033,0.0,-1.0658141036401503e-14,256,IEEE RTS 24-bus,2,3e3d0737d91acb37be515001f911d304bfce93540e3d063ca4640a87bd55fa9f,14.396317711001757
72,70,5,3,Inference portfolio,0.3194660181587846,14,0.0,0.0,-1.0658141036401503e-14,256,IEEE RTS 24-bus,2,3e3d0737d91acb37be515001f911d304bfce93540e3d063ca4640a87bd55fa9f,14.396317711001757
72,70,6,3,Batch portfolio,0.6805339818412154,14,0.0,0.0,-1.0658141036401503e-14,256,IEEE RTS 24-bus,2,3e3d0737d91acb37be515001f911d304bfce93540e3d063ca4640a87bd55fa9f,14.396317711001757
72,70,7,4,Inference portfolio,0.3374214395382333,20,0.0,0.0,-1.0658141036401503e-14,256,IEEE RTS 24-bus,2,3e3d0737d91acb37be515001f911d304bfce93540e3d063ca4640a87bd55fa9f,14.396317711001757
72,70,8,4,Batch portfolio,0.6625785604617667,20,0.0,0.0,-1.0658141036401503e-14,256,IEEE RTS 24-bus,2,3e3d0737d91acb37be515001f911d304bfce93540e3d063ca4640a87bd55fa9f,14.396317711001757
72,71,1,1,Inference portfolio,0.3360858524341381,2,6.345440016842381,0.0,2.1316282072803006e-14,256,IEEE RTS 24-bus,2,3e3d0737d91acb37be515001f911d304bfce93540e3d063ca4640a87bd55fa9f,14.396317711001757
72,71,2,1,Batch portfolio,0.6639141475658619,2,12.534973933595824,0.0,2.1316282072803006e-14,256,IEEE RTS 24-bus,2,3e3d0737d91acb37be515001f911d304bfce93540e3d063ca4640a87bd55fa9f,14.396317711001757
72,71,3,2,Inference portfolio,0.30397103703587725,7,-5.7390990081812525,0.0,2.1316282072803006e-14,256,IEEE RTS 24-bus,2,3e3d0737d91acb37be515001f911d304bfce93540e3d063ca4640a87bd55fa9f,14.396317711001757
72,71,4,2,Batch portfolio,0.6960289629641228,7,-13.14131494225693,0.0,2.1316282072803006e-14,256,IEEE RTS 24-bus,2,3e3d0737d91acb37be515001f911d304bfce93540e3d063ca4640a87bd55fa9f,14.396317711001757
72,71,5,3,Inference portfolio,0.3194660181587846,14,0.0,0.0,2.1316282072803006e-14,256,IEEE RTS 24-bus,2,3e3d0737d91acb37be515001f911d304bfce93540e3d063ca4640a87bd55fa9f,14.396317711001757
72,71,6,3,Batch portfolio,0.6805339818412154,14,0.0,0.0,2.1316282072803006e-14,256,IEEE RTS 24-bus,2,3e3d0737d91acb37be515001f911d304bfce93540e3d063ca4640a87bd55fa9f,14.396317711001757
72,71,7,4,Inference portfolio,0.3374214395382333,20,0.0,0.0,2.1316282072803006e-14,256,IEEE RTS 24-bus,2,3e3d0737d91acb37be515001f911d304bfce93540e3d063ca4640a87bd55fa9f,14.396317711001757
72,71,8,4,Batch portfolio,0.6625785604617667,20,0.0,0.0,2.1316282072803006e-14,256,IEEE RTS 24-bus,2,3e3d0737d91acb37be515001f911d304bfce93540e3d063ca4640a87bd55fa9f,14.396317711001757
73,64,1,1,Inference portfolio,0.3360858524341381,2,13.874387300093977,0.0,2.842170943040401e-14,256,IEEE RTS 24-bus,2,3e3d0737d91acb37be515001f911d304bfce93540e3d063ca4640a87bd55fa9f,13.869120719999046
73,64,2,1,Batch portfolio,0.6639141475658619,2,27.405361160672935,0.0,2.842170943040401e-14,256,IEEE RTS 24-bus,2,3e3d0737d91acb37be515001f911d304bfce93540e3d063ca4640a87bd55fa9f,13.869120719999046
73,64,3,2,Inference portfolio,0.30397103703587725,7,-12.549135646874358,0.0,2.842170943040401e-14,256,IEEE RTS 24-bus,2,3e3d0737d91acb37be515001f911d304bfce93540e3d063ca4640a87bd55fa9f,13.869120719999046
73,64,4,2,Batch portfolio,0.6960289629641228,7,-28.73061281389252,0.0,2.842170943040401e-14,256,IEEE RTS 24-bus,2,3e3d0737d91acb37be515001f911d304bfce93540e3d063ca4640a87bd55fa9f,13.869120719999046
73,64,5,3,Inference portfolio,0.3194660181587846,14,0.0,0.0,2.842170943040401e-14,256,IEEE RTS 24-bus,2,3e3d0737d91acb37be515001f911d304bfce93540e3d063ca4640a87bd55fa9f,13.869120719999046
73,64,6,3,Batch portfolio,0.6805339818412154,14,0.0,0.0,2.842170943040401e-14,256,IEEE RTS 24-bus,2,3e3d0737d91acb37be515001f911d304bfce93540e3d063ca4640a87bd55fa9f,13.869120719999046
73,64,7,4,Inference portfolio,0.3374214395382333,20,0.0,0.0,2.842170943040401e-14,256,IEEE RTS 24-bus,2,3e3d0737d91acb37be515001f911d304bfce93540e3d063ca4640a87bd55fa9f,13.869120719999046
73,64,8,4,Batch portfolio,0.6625785604617667,20,0.0,0.0,2.842170943040401e-14,256,IEEE RTS 24-bus,2,3e3d0737d91acb37be515001f911d304bfce93540e3d063ca4640a87bd55fa9f,13.869120719999046
73,65,1,1,Inference portfolio,0.3360858524341381,2,5.826838598086551,0.0,1.7763568394002505e-14,256,IEEE RTS 24-bus,2,3e3d0737d91acb37be515001f911d304bfce93540e3d063ca4640a87bd55fa9f,13.869120719999046
73,65,2,1,Batch portfolio,0.6639141475658619,2,11.51051302169966,0.0,1.7763568394002505e-14,256,IEEE RTS 24-bus,2,3e3d0737d91acb37be515001f911d304bfce93540e3d063ca4640a87bd55fa9f,13.869120719999046
73,65,3,2,Inference portfolio,0.30397103703587725,7,-5.270052751321443,0.0,1.7763568394002505e-14,256,IEEE RTS 24-bus,2,3e3d0737d91acb37be515001f911d304bfce93540e3d063ca4640a87bd55fa9f,13.869120719999046
73,65,4,2,Batch portfolio,0.6960289629641228,7,-12.06729886846475,0.0,1.7763568394002505e-14,256,IEEE RTS 24-bus,2,3e3d0737d91acb37be515001f911d304bfce93540e3d063ca4640a87bd55fa9f,13.869120719999046
73,65,5,3,Inference portfolio,0.3194660181587846,14,0.0,0.0,1.7763568394002505e-14,256,IEEE RTS 24-bus,2,3e3d0737d91acb37be515001f911d304bfce93540e3d063ca4640a87bd55fa9f,13.869120719999046
73,65,6,3,Batch portfolio,0.6805339818412154,14,0.0,0.0,1.7763568394002505e-14,256,IEEE RTS 24-bus,2,3e3d0737d91acb37be515001f911d304bfce93540e3d063ca4640a87bd55fa9f,13.869120719999046
73,65,7,4,Inference portfolio,0.3374214395382333,20,0.0,0.0,1.7763568394002505e-14,256,IEEE RTS 24-bus,2,3e3d0737d91acb37be515001f911d304bfce93540e3d063ca4640a87bd55fa9f,13.869120719999046
73,65,8,4,Batch portfolio,0.6625785604617667,20,0.0,0.0,1.7763568394002505e-14,256,IEEE RTS 24-bus,2,3e3d0737d91acb37be515001f911d304bfce93540e3d063ca4640a87bd55fa9f,13.869120719999046
73,66,1,1,Inference portfolio,0.3360858524341381,2,8.071305272580954,0.0,-2.1316282072803006e-14,256,IEEE RTS 24-bus,2,3e3d0737d91acb37be515001f911d304bfce93540e3d063ca4640a87bd55fa9f,13.869120719999046
73,66,2,1,Batch portfolio,0.6639141475658619,2,15.944300305946683,0.0,-2.1316282072803006e-14,256,IEEE RTS 24-bus,2,3e3d0737d91acb37be515001f911d304bfce93540e3d063ca4640a87bd55fa9f,13.869120719999046
73,66,3,2,Inference portfolio,0.30397103703587725,7,-7.300048532750069,0.0,-2.1316282072803006e-14,256,IEEE RTS 24-bus,2,3e3d0737d91acb37be515001f911d304bfce93540e3d063ca4640a87bd55fa9f,13.869120719999046
73,66,4,2,Batch portfolio,0.6960289629641228,7,-16.71555704577759,0.0,-2.1316282072803006e-14,256,IEEE RTS 24-bus,2,3e3d0737d91acb37be515001f911d304bfce93540e3d063ca4640a87bd55fa9f,13.869120719999046
73,66,5,3,Inference portfolio,0.3194660181587846,14,0.0,0.0,-2.1316282072803006e-14,256,IEEE RTS 24-bus,2,3e3d0737d91acb37be515001f911d304bfce93540e3d063ca4640a87bd55fa9f,13.869120719999046
73,66,6,3,Batch portfolio,0.6805339818412154,14,0.0,0.0,-2.1316282072803006e-14,256,IEEE RTS 24-bus,2,3e3d0737d91acb37be515001f911d304bfce93540e3d063ca4640a87bd55fa9f,13.869120719999046
73,66,7,4,Inference portfolio,0.3374214395382333,20,0.0,0.0,-2.1316282072803006e-14,256,IEEE RTS 24-bus,2,3e3d0737d91acb37be515001f911d304bfce93540e3d063ca4640a87bd55fa9f,13.869120719999046
73,66,8,4,Batch portfolio,0.6625785604617667,20,0.0,0.0,-2.1316282072803006e-14,256,IEEE RTS 24-bus,2,3e3d0737d91acb37be515001f911d304bfce93540e3d063ca4640a87bd55fa9f,13.869120719999046
73,67,1,1,Inference portfolio,0.3360858524341381,2,13.767550925318918,-6.696501401982459,3.552713678800501e-14,256,IEEE RTS 24-bus,2,3e3d0737d91acb37be515001f911d304bfce93540e3d063ca4640a87bd55fa9f,13.869120719999046
73,67,2,1,Batch portfolio,0.6639141475658619,2,27.196836077602573,-6.696501401982459,3.552713678800501e-14,256,IEEE RTS 24-bus,2,3e3d0737d91acb37be515001f911d304bfce93540e3d063ca4640a87bd55fa9f,13.869120719999046
73,67,3,2,Inference portfolio,0.30397103703587725,7,-12.961718391899003,-6.696501401982459,3.552713678800501e-14,256,IEEE RTS 24-bus,2,3e3d0737d91acb37be515001f911d304bfce93540e3d063ca4640a87bd55fa9f,13.869120719999046
73,67,4,2,Batch portfolio,0.6960289629641228,7,-29.6795757205033,-6.696501401982459,3.552713678800501e-14,256,IEEE RTS 24-bus,2,3e3d0737d91acb37be515001f911d304bfce93540e3d063ca4640a87bd55fa9f,13.869120719999046
73,67,5,3,Inference portfolio,0.3194660181587846,14,-0.8705291297547554,-6.696501401982459,3.552713678800501e-14,256,IEEE RTS 24-bus,2,3e3d0737d91acb37be515001f911d304bfce93540e3d063ca4640a87bd55fa9f,13.869120719999046
73,67,6,3,Batch portfolio,0.6805339818412154,14,-1.8544215074744954,-6.696501401982459,3.552713678800501e-14,256,IEEE RTS 24-bus,2,3e3d0737d91acb37be515001f911d304bfce93540e3d063ca4640a87bd55fa9f,13.869120719999046
73,67,7,4,Inference portfolio,0.3374214395382333,20,-0.7742619653893816,-6.696501401982459,3.552713678800501e-14,256,IEEE RTS 24-bus,2,3e3d0737d91acb37be515001f911d304bfce93540e3d063ca4640a87bd55fa9f,13.869120719999046
73,67,8,4,Batch portfolio,0.6625785604617667,20,-1.520381689882976,-6.696501401982459,3.552713678800501e-14,256,IEEE RTS 24-bus,2,3e3d0737d91acb37be515001f911d304bfce93540e3d063ca4640a87bd55fa9f,13.869120719999046
73,68,1,1,Inference portfolio,0.3360858524341381,2,3.529456138527684,6.630534377411095,8.881784197001252e-16,256,IEEE RTS 24-bus,2,3e3d0737d91acb37be515001f911d304bfce93540e3d063ca4640a87bd55fa9f,13.869120719999046
73,68,2,1,Batch portfolio,0.6639141475658619,2,6.97219429681486,6.630534377411095,8.881784197001252e-16,256,IEEE RTS 24-bus,2,3e3d0737d91acb37be515001f911d304bfce93540e3d063ca4640a87bd55fa9f,13.869120719999046
73,68,3,2,Inference portfolio,0.30397103703587725,7,-2.687487726278999,6.630534377411095,8.881784197001252e-16,256,IEEE RTS 24-bus,2,3e3d0737d91acb37be515001f911d304bfce93540e3d063ca4640a87bd55fa9f,13.869120719999046
73,68,4,2,Batch portfolio,0.6960289629641228,7,-6.1537747587447615,6.630534377411095,8.881784197001252e-16,256,IEEE RTS 24-bus,2,3e3d0737d91acb37be515001f911d304bfce93540e3d063ca4640a87bd55fa9f,13.869120719999046
73,68,5,3,Inference portfolio,0.3194660181587846,14,0.8619535746930911,6.630534377411095,8.881784197001252e-16,256,IEEE RTS 24-bus,2,3e3d0737d91acb37be515001f911d304bfce93540e3d063ca4640a87bd55fa9f,13.869120719999046
73,68,6,3,Batch portfolio,0.6805339818412154,14,1.8361536595627848,6.630534377411095,8.881784197001252e-16,256,IEEE RTS 24-bus,2,3e3d0737d91acb37be515001f911d304bfce93540e3d063ca4640a87bd55fa9f,13.869120719999046
73,68,7,4,Inference portfolio,0.3374214395382333,20,0.7666347351340252,6.630534377411095,8.881784197001252e-16,256,IEEE RTS 24-bus,2,3e3d0737d91acb37be515001f911d304bfce93540e3d063ca4640a87bd55fa9f,13.869120719999046
73,68,8,4,Batch portfolio,0.6625785604617667,20,1.5054044577024113,6.630534377411095,8.881784197001252e-16,256,IEEE RTS 24-bus,2,3e3d0737d91acb37be515001f911d304bfce93540e3d063ca4640a87bd55fa9f,13.869120719999046
73,69,1,1,Inference portfolio,0.3360858524341381,2,2.851826769806698,0.0,5.329070518200751e-15,256,IEEE RTS 24-bus,2,3e3d0737d91acb37be515001f911d304bfce93540e3d063ca4640a87bd55fa9f,13.869120719999046
73,69,2,1,Batch portfolio,0.6639141475658619,2,5.633896562471217,0.0,5.329070518200751e-15,256,IEEE RTS 24-bus,2,3e3d0737d91acb37be515001f911d304bfce93540e3d063ca4640a87bd55fa9f,13.869120719999046
73,69,3,2,Inference portfolio,0.30397103703587725,7,-2.5794166599850215,0.0,5.329070518200751e-15,256,IEEE RTS 24-bus,2,3e3d0737d91acb37be515001f911d304bfce93540e3d063ca4640a87bd55fa9f,13.869120719999046
73,69,4,2,Batch portfolio,0.6960289629641228,7,-5.906306672292888,0.0,5.329070518200751e-15,256,IEEE RTS 24-bus,2,3e3d0737d91acb37be515001f911d304bfce93540e3d063ca4640a87bd55fa9f,13.869120719999046
73,69,5,3,Inference portfolio,0.3194660181587846,14,0.0,0.0,5.329070518200751e-15,256,IEEE RTS 24-bus,2,3e3d0737d91acb37be515001f911d304bfce93540e3d063ca4640a87bd55fa9f,13.869120719999046
73,69,6,3,Batch portfolio,0.6805339818412154,14,0.0,0.0,5.329070518200751e-15,256,IEEE RTS 24-bus,2,3e3d0737d91acb37be515001f911d304bfce93540e3d063ca4640a87bd55fa9f,13.869120719999046
73,69,7,4,Inference portfolio,0.3374214395382333,20,0.0,0.0,5.329070518200751e-15,256,IEEE RTS 24-bus,2,3e3d0737d91acb37be515001f911d304bfce93540e3d063ca4640a87bd55fa9f,13.869120719999046
73,69,8,4,Batch portfolio,0.6625785604617667,20,0.0,0.0,5.329070518200751e-15,256,IEEE RTS 24-bus,2,3e3d0737d91acb37be515001f911d304bfce93540e3d063ca4640a87bd55fa9f,13.869120719999046
73,70,1,1,Inference portfolio,0.3360858524341381,2,4.6555200797445995,0.0,5.329070518200751e-15,256,IEEE RTS 24-bus,2,3e3d0737d91acb37be515001f911d304bfce93540e3d063ca4640a87bd55fa9f,13.869120719999046
73,70,2,1,Batch portfolio,0.6639141475658619,2,9.196655029758858,0.0,5.329070518200751e-15,256,IEEE RTS 24-bus,2,3e3d0737d91acb37be515001f911d304bfce93540e3d063ca4640a87bd55fa9f,13.869120719999046
73,70,3,2,Inference portfolio,0.30397103703587725,7,-4.210660033238278,0.0,5.329070518200751e-15,256,IEEE RTS 24-bus,2,3e3d0737d91acb37be515001f911d304bfce93540e3d063ca4640a87bd55fa9f,13.869120719999046
73,70,4,2,Batch portfolio,0.6960289629641228,7,-9.641515076265176,0.0,5.329070518200751e-15,256,IEEE RTS 24-bus,2,3e3d0737d91acb37be515001f911d304bfce93540e3d063ca4640a87bd55fa9f,13.869120719999046
73,70,5,3,Inference portfolio,0.3194660181587846,14,0.0,0.0,5.329070518200751e-15,256,IEEE RTS 24-bus,2,3e3d0737d91acb37be515001f911d304bfce93540e3d063ca4640a87bd55fa9f,13.869120719999046
73,70,6,3,Batch portfolio,0.6805339818412154,14,0.0,0.0,5.329070518200751e-15,256,IEEE RTS 24-bus,2,3e3d0737d91acb37be515001f911d304bfce93540e3d063ca4640a87bd55fa9f,13.869120719999046
73,70,7,4,Inference portfolio,0.3374214395382333,20,0.0,0.0,5.329070518200751e-15,256,IEEE RTS 24-bus,2,3e3d0737d91acb37be515001f911d304bfce93540e3d063ca4640a87bd55fa9f,13.869120719999046
73,70,8,4,Batch portfolio,0.6625785604617667,20,0.0,0.0,5.329070518200751e-15,256,IEEE RTS 24-bus,2,3e3d0737d91acb37be515001f911d304bfce93540e3d063ca4640a87bd55fa9f,13.869120719999046
73,71,1,1,Inference portfolio,0.3360858524341381,2,4.956935161830947,0.0,-1.7763568394002505e-14,256,IEEE RTS 24-bus,2,3e3d0737d91acb37be515001f911d304bfce93540e3d063ca4640a87bd55fa9f,13.869120719999046
73,71,2,1,Batch portfolio,0.6639141475658619,2,9.79207949001814,0.0,-1.7763568394002505e-14,256,IEEE RTS 24-bus,2,3e3d0737d91acb37be515001f911d304bfce93540e3d063ca4640a87bd55fa9f,13.869120719999046
73,71,3,2,Inference portfolio,0.30397103703587725,7,-4.483273278979292,0.0,-1.7763568394002505e-14,256,IEEE RTS 24-bus,2,3e3d0737d91acb37be515001f911d304bfce93540e3d063ca4640a87bd55fa9f,13.869120719999046
73,71,4,2,Batch portfolio,0.6960289629641228,7,-10.265741372869813,0.0,-1.7763568394002505e-14,256,IEEE RTS 24-bus,2,3e3d0737d91acb37be515001f911d304bfce93540e3d063ca4640a87bd55fa9f,13.869120719999046
73,71,5,3,Inference portfolio,0.3194660181587846,14,0.0,0.0,-1.7763568394002505e-14,256,IEEE RTS 24-bus,2,3e3d0737d91acb37be515001f911d304bfce93540e3d063ca4640a87bd55fa9f,13.869120719999046
73,71,6,3,Batch portfolio,0.6805339818412154,14,0.0,0.0,-1.7763568394002505e-14,256,IEEE RTS 24-bus,2,3e3d0737d91acb37be515001f911d304bfce93540e3d063ca4640a87bd55fa9f,13.869120719999046
73,71,7,4,Inference portfolio,0.3374214395382333,20,0.0,0.0,-1.7763568394002505e-14,256,IEEE RTS 24-bus,2,3e3d0737d91acb37be515001f911d304bfce93540e3d063ca4640a87bd55fa9f,13.869120719999046
73,71,8,4,Batch portfolio,0.6625785604617667,20,0.0,0.0,-1.7763568394002505e-14,256,IEEE RTS 24-bus,2,3e3d0737d91acb37be515001f911d304bfce93540e3d063ca4640a87bd55fa9f,13.869120719999046
74,64,1,1,Inference portfolio,0.3360858524341381,2,14.788388902311173,0.0,2.842170943040401e-14,256,IEEE RTS 24-bus,2,3e3d0737d91acb37be515001f911d304bfce93540e3d063ca4640a87bd55fa9f,13.758572481998272
74,64,2,1,Batch portfolio,0.6639141475658619,2,29.22114592542552,0.0,2.842170943040401e-14,256,IEEE RTS 24-bus,2,3e3d0737d91acb37be515001f911d304bfce93540e3d063ca4640a87bd55fa9f,13.758572481998272
74,64,3,2,Inference portfolio,0.30397103703587725,7,-13.374522758453766,0.0,2.842170943040401e-14,256,IEEE RTS 24-bus,2,3e3d0737d91acb37be515001f911d304bfce93540e3d063ca4640a87bd55fa9f,13.758572481998272
74,64,4,2,Batch portfolio,0.6960289629641228,7,-30.6350120692829,0.0,2.842170943040401e-14,256,IEEE RTS 24-bus,2,3e3d0737d91acb37be515001f911d304bfce93540e3d063ca4640a87bd55fa9f,13.758572481998272
74,64,5,3,Inference portfolio,0.3194660181587846,14,0.0,0.0,2.842170943040401e-14,256,IEEE RTS 24-bus,2,3e3d0737d91acb37be515001f911d304bfce93540e3d063ca4640a87bd55fa9f,13.758572481998272
74,64,6,3,Batch portfolio,0.6805339818412154,14,0.0,0.0,2.842170943040401e-14,256,IEEE RTS 24-bus,2,3e3d0737d91acb37be515001f911d304bfce93540e3d063ca4640a87bd55fa9f,13.758572481998272
74,64,7,4,Inference portfolio,0.3374214395382333,20,0.0,0.0,2.842170943040401e-14,256,IEEE RTS 24-bus,2,3e3d0737d91acb37be515001f911d304bfce93540e3d063ca4640a87bd55fa9f,13.758572481998272
74,64,8,4,Batch portfolio,0.6625785604617667,20,0.0,0.0,2.842170943040401e-14,256,IEEE RTS 24-bus,2,3e3d0737d91acb37be515001f911d304bfce93540e3d063ca4640a87bd55fa9f,13.758572481998272
74,65,1,1,Inference portfolio,0.3360858524341381,2,6.661865721459739,0.0,1.7763568394002505e-14,256,IEEE RTS 24-bus,2,3e3d0737d91acb37be515001f911d304bfce93540e3d063ca4640a87bd55fa9f,13.758572481998272
74,65,2,1,Batch portfolio,0.6639141475658619,2,13.160050831140929,0.0,1.7763568394002505e-14,256,IEEE RTS 24-bus,2,3e3d0737d91acb37be515001f911d304bfce93540e3d063ca4640a87bd55fa9f,13.758572481998272
74,65,3,2,Inference portfolio,0.30397103703587725,7,-6.025288530532636,0.0,1.7763568394002505e-14,256,IEEE RTS 24-bus,2,3e3d0737d91acb37be515001f911d304bfce93540e3d063ca4640a87bd55fa9f,13.758572481998272
74,65,4,2,Batch portfolio,0.6960289629641228,7,-13.796628022068015,0.0,1.7763568394002505e-14,256,IEEE RTS 24-bus,2,3e3d0737d91acb37be515001f911d304bfce93540e3d063ca4640a87bd55fa9f,13.758572481998272
74,65,5,3,Inference portfolio,0.3194660181587846,14,0.0,0.0,1.7763568394002505e-14,256,IEEE RTS 24-bus,2,3e3d0737d91acb37be515001f911d304bfce93540e3d063ca4640a87bd55fa9f,13.758572481998272
74,65,6,3,Batch portfolio,0.6805339818412154,14,0.0,0.0,1.7763568394002505e-14,256,IEEE RTS 24-bus,2,3e3d0737d91acb37be515001f911d304bfce93540e3d063ca4640a87bd55fa9f,13.758572481998272
74,65,7,4,Inference portfolio,0.3374214395382333,20,0.0,0.0,1.7763568394002505e-14,256,IEEE RTS 24-bus,2,3e3d0737d91acb37be515001f911d304bfce93540e3d063ca4640a87bd55fa9f,13.758572481998272
74,65,8,4,Batch portfolio,0.6625785604617667,20,0.0,0.0,1.7763568394002505e-14,256,IEEE RTS 24-bus,2,3e3d0737d91acb37be515001f911d304bfce93540e3d063ca4640a87bd55fa9f,13.758572481998272
74,66,1,1,Inference portfolio,0.3360858524341381,2,11.35541650482098,0.0,1.4210854715202004e-14,256,IEEE RTS 24-bus,2,3e3d0737d91acb37be515001f911d304bfce93540e3d063ca4640a87bd55fa9f,13.758572481998272
74,66,2,1,Batch portfolio,0.6639141475658619,2,22.44544191120727,0.0,1.4210854715202004e-14,256,IEEE RTS 24-bus,2,3e3d0737d91acb37be515001f911d304bfce93540e3d063ca4640a87bd55fa9f,13.758572481998272
74,66,3,2,Inference portfolio,0.30397103703587725,7,-10.269854807705238,0.0,1.4210854715202004e-14,256,IEEE RTS 24-bus,2,3e3d0737d91acb37be515001f911d304bfce93540e3d063ca4640a87bd55fa9f,13.758572481998272
74,66,4,2,Batch portfolio,0.6960289629641228,7,-23.531003608322997,0.0,1.4210854715202004e-14,256,IEEE RTS 24-bus,2,3e3d0737d91acb37be515001f911d304bfce93540e3d063ca4640a87bd55fa9f,13.758572481998272
74,66,5,3,Inference portfolio,0.3194660181587846,14,0.0,0.0,1.4210854715202004e-14,256,IEEE RTS 24-bus,2,3e3d0737d91acb37be515001f911d304bfce93540e3d063ca4640a87bd55fa9f,13.758572481998272
74,66,6,3,Batch portfolio,0.6805339818412154,14,0.0,0.0,1.4210854715202004e-14,256,IEEE RTS 24-bus,2,3e3d0737d91acb37be515001f911d304bfce93540e3d063ca4640a87bd55fa9f,13.758572481998272
74,66,7,4,Inference portfolio,0.3374214395382333,20,0.0,0.0,1.4210854715202004e-14,256,IEEE RTS 24-bus,2,3e3d0737d91acb37be515001f911d304bfce93540e3d063ca4640a87bd55fa9f,13.758572481998272
74,66,8,4,Batch portfolio,0.6625785604617667,20,0.0,0.0,1.4210854715202004e-14,256,IEEE RTS 24-bus,2,3e3d0737d91acb37be515001f911d304bfce93540e3d063ca4640a87bd55fa9f,13.758572481998272
74,67,1,1,Inference portfolio,0.3360858524341381,2,5.315452968201949,0.0,-5.329070518200751e-15,256,IEEE RTS 24-bus,2,3e3d0737d91acb37be515001f911d304bfce93540e3d063ca4640a87bd55fa9f,13.758572481998272
74,67,2,1,Batch portfolio,0.6639141475658619,2,10.500306397161838,0.0,-5.329070518200751e-15,256,IEEE RTS 24-bus,2,3e3d0737d91acb37be515001f911d304bfce93540e3d063ca4640a87bd55fa9f,13.758572481998272
74,67,3,2,Inference portfolio,0.30397103703587725,7,-4.807532775800155,0.0,-5.329070518200751e-15,256,IEEE RTS 24-bus,2,3e3d0737d91acb37be515001f911d304bfce93540e3d063ca4640a87bd55fa9f,13.758572481998272
74,67,4,2,Batch portfolio,0.6960289629641228,7,-11.008226589563638,0.0,-5.329070518200751e-15,256,IEEE RTS 24-bus,2,3e3d0737d91acb37be515001f911d304bfce93540e3d063ca4640a87bd55fa9f,13.758572481998272
74,67,5,3,Inference portfolio,0.3194660181587846,14,0.0,0.0,-5.329070518200751e-15,256,IEEE RTS 24-bus,2,3e3d0737d91acb37be515001f911d304bfce93540e3d063ca4640a87bd55fa9f,13.758572481998272
74,67,6,3,Batch portfolio,0.6805339818412154,14,0.0,0.0,-5.329070518200751e-15,256,IEEE RTS 24-bus,2,3e3d0737d91acb37be515001f911d304bfce93540e3d063ca4640a87bd55fa9f,13.758572481998272
74,67,7,4,Inference portfolio,0.3374214395382333,20,0.0,0.0,-5.329070518200751e-15,256,IEEE RTS 24-bus,2,3e3d0737d91acb37be515001f911d304bfce93540e3d063ca4640a87bd55fa9f,13.758572481998272
74,67,8,4,Batch portfolio,0.6625785604617667,20,0.0,0.0,-5.329070518200751e-15,256,IEEE RTS 24-bus,2,3e3d0737d91acb37be515001f911d304bfce93540e3d063ca4640a87bd55fa9f,13.758572481998272
74,68,1,1,Inference portfolio,0.3360858524341381,2,0.39358143547542507,0.0,-1.9984014443252818e-15,256,IEEE RTS 24-bus,2,3e3d0737d91acb37be515001f911d304bfce93540e3d063ca4640a87bd55fa9f,13.758572481998272
74,68,2,1,Batch portfolio,0.6639141475658619,2,0.7774926595050896,0.0,-1.9984014443252818e-15,256,IEEE RTS 24-bus,2,3e3d0737d91acb37be515001f911d304bfce93540e3d063ca4640a87bd55fa9f,13.758572481998272
74,68,3,2,Inference portfolio,0.30397103703587725,7,-0.3559726070967979,0.0,-1.9984014443252818e-15,256,IEEE RTS 24-bus,2,3e3d0737d91acb37be515001f911d304bfce93540e3d063ca4640a87bd55fa9f,13.758572481998272
74,68,4,2,Batch portfolio,0.6960289629641228,7,-0.8151014878837187,0.0,-1.9984014443252818e-15,256,IEEE RTS 24-bus,2,3e3d0737d91acb37be515001f911d304bfce93540e3d063ca4640a87bd55fa9f,13.758572481998272
74,68,5,3,Inference portfolio,0.3194660181587846,14,0.0,0.0,-1.9984014443252818e-15,256,IEEE RTS 24-bus,2,3e3d0737d91acb37be515001f911d304bfce93540e3d063ca4640a87bd55fa9f,13.758572481998272
74,68,6,3,Batch portfolio,0.6805339818412154,14,0.0,0.0,-1.9984014443252818e-15,256,IEEE RTS 24-bus,2,3e3d0737d91acb37be515001f911d304bfce93540e3d063ca4640a87bd55fa9f,13.758572481998272
74,68,7,4,Inference portfolio,0.3374214395382333,20,0.0,0.0,-1.9984014443252818e-15,256,IEEE RTS 24-bus,2,3e3d0737d91acb37be515001f911d304bfce93540e3d063ca4640a87bd55fa9f,13.758572481998272
74,68,8,4,Batch portfolio,0.6625785604617667,20,0.0,0.0,-1.9984014443252818e-15,256,IEEE RTS 24-bus,2,3e3d0737d91acb37be515001f911d304bfce93540e3d063ca4640a87bd55fa9f,13.758572481998272
74,69,1,1,Inference portfolio,0.3360858524341381,2,0.2997392736051556,0.0,-2.220446049250313e-16,256,IEEE RTS 24-bus,2,3e3d0737d91acb37be515001f911d304bfce93540e3d063ca4640a87bd55fa9f,13.758572481998272
74,69,2,1,Batch portfolio,0.6639141475658619,2,0.5921140175526783,0.0,-2.220446049250313e-16,256,IEEE RTS 24-bus,2,3e3d0737d91acb37be515001f911d304bfce93540e3d063ca4640a87bd55fa9f,13.758572481998272
74,69,3,2,Inference portfolio,0.30397103703587725,7,-0.27109756979704525,0.0,-2.220446049250313e-16,256,IEEE RTS 24-bus,2,3e3d0737d91acb37be515001f911d304bfce93540e3d063ca4640a87bd55fa9f,13.758572481998272
74,69,4,2,Batch portfolio,0.6960289629641228,7,-0.6207557213607889,0.0,-2.220446049250313e-16,256,IEEE RTS 24-bus,2,3e3d0737d91acb37be515001f911d304bfce93540e3d063ca4640a87bd55fa9f,13.758572481998272
74,69,5,3,Inference portfolio,0.3194660181587846,14,0.0,0.0,-2.220446049250313e-16,256,IEEE RTS 24-bus,2,3e3d0737d91acb37be515001f911d304bfce93540e3d063ca4640a87bd55fa9f,13.758572481998272
74,69,6,3,Batch portfolio,0.6805339818412154,14,0.0,0.0,-2.220446049250313e-16,256,IEEE RTS 24-bus,2,3e3d0737d91acb37be515001f911d304bfce93540e3d063ca4640a87bd55fa9f,13.758572481998272
74,69,7,4,Inference portfolio,0.3374214395382333,20,0.0,0.0,-2.220446049250313e-16,256,IEEE RTS 24-bus,2,3e3d0737d91acb37be515001f911d304bfce93540e3d063ca4640a87bd55fa9f,13.758572481998272
74,69,8,4,Batch portfolio,0.6625785604617667,20,0.0,0.0,-2.220446049250313e-16,256,IEEE RTS 24-bus,2,3e3d0737d91acb37be515001f911d304bfce93540e3d063ca4640a87bd55fa9f,13.758572481998272
74,70,1,1,Inference portfolio,0.3360858524341381,2,0.2578013525808274,0.0,-3.3306690738754696e-16,256,IEEE RTS 24-bus,2,3e3d0737d91acb37be515001f911d304bfce93540e3d063ca4640a87bd55fa9f,13.758572481998272
74,70,2,1,Batch portfolio,0.6639141475658619,2,0.5092685812296618,0.0,-3.3306690738754696e-16,256,IEEE RTS 24-bus,2,3e3d0737d91acb37be515001f911d304bfce93540e3d063ca4640a87bd55fa9f,13.758572481998272
74,70,3,2,Inference portfolio,0.30397103703587725,7,-0.23316704325983037,0.0,-3.3306690738754696e-16,256,IEEE RTS 24-bus,2,3e3d0737d91acb37be515001f911d304bfce93540e3d063ca4640a87bd55fa9f,13.758572481998272
74,70,4,2,Batch portfolio,0.6960289629641228,7,-0.5339028905506591,0.0,-3.3306690738754696e-16,256,IEEE RTS 24-bus,2,3e3d0737d91acb37be515001f911d304bfce93540e3d063ca4640a87bd55fa9f,13.758572481998272
74,70,5,3,Inference portfolio,0.3194660181587846,14,0.0,0.0,-3.3306690738754696e-16,256,IEEE RTS 24-bus,2,3e3d0737d91acb37be515001f911d304bfce93540e3d063ca4640a87bd55fa9f,13.758572481998272
74,70,6,3,Batch portfolio,0.6805339818412154,14,0.0,0.0,-3.3306690738754696e-16,256,IEEE RTS 24-bus,2,3e3d0737d91acb37be515001f911d304bfce93540e3d063ca4640a87bd55fa9f,13.758572481998272
74,70,7,4,Inference portfolio,0.3374214395382333,20,0.0,0.0,-3.3306690738754696e-16,256,IEEE RTS 24-bus,2,3e3d0737d91acb37be515001f911d304bfce93540e3d063ca4640a87bd55fa9f,13.758572481998272
74,70,8,4,Batch portfolio,0.6625785604617667,20,0.0,0.0,-3.3306690738754696e-16,256,IEEE RTS 24-bus,2,3e3d0737d91acb37be515001f911d304bfce93540e3d063ca4640a87bd55fa9f,13.758572481998272
74,71,1,1,Inference portfolio,0.3360858524341381,2,0.15033267378612447,0.0,5.551115123125783e-17,256,IEEE RTS 24-bus,2,3e3d0737d91acb37be515001f911d304bfce93540e3d063ca4640a87bd55fa9f,13.758572481998272
74,71,2,1,Batch portfolio,0.6639141475658619,2,0.29697170602275974,0.0,5.551115123125783e-17,256,IEEE RTS 24-bus,2,3e3d0737d91acb37be515001f911d304bfce93540e3d063ca4640a87bd55fa9f,13.758572481998272
74,71,3,2,Inference portfolio,0.30397103703587725,7,-0.13596757620098285,0.0,5.551115123125783e-17,256,IEEE RTS 24-bus,2,3e3d0737d91acb37be515001f911d304bfce93540e3d063ca4640a87bd55fa9f,13.758572481998272
74,71,4,2,Batch portfolio,0.6960289629641228,7,-0.3113368036079013,0.0,5.551115123125783e-17,256,IEEE RTS 24-bus,2,3e3d0737d91acb37be515001f911d304bfce93540e3d063ca4640a87bd55fa9f,13.758572481998272
74,71,5,3,Inference portfolio,0.3194660181587846,14,0.0,0.0,5.551115123125783e-17,256,IEEE RTS 24-bus,2,3e3d0737d91acb37be515001f911d304bfce93540e3d063ca4640a87bd55fa9f,13.758572481998272
74,71,6,3,Batch portfolio,0.6805339818412154,14,0.0,0.0,5.551115123125783e-17,256,IEEE RTS 24-bus,2,3e3d0737d91acb37be515001f911d304bfce93540e3d063ca4640a87bd55fa9f,13.758572481998272
74,71,7,4,Inference portfolio,0.3374214395382333,20,0.0,0.0,5.551115123125783e-17,256,IEEE RTS 24-bus,2,3e3d0737d91acb37be515001f911d304bfce93540e3d063ca4640a87bd55fa9f,13.758572481998272
74,71,8,4,Batch portfolio,0.6625785604617667,20,0.0,0.0,5.551115123125783e-17,256,IEEE RTS 24-bus,2,3e3d0737d91acb37be515001f911d304bfce93540e3d063ca4640a87bd55fa9f,13.758572481998272
75,64,1,1,Inference portfolio,0.3360858524341381,2,9.846815649622991,0.0,1.7763568394002505e-14,256,IEEE RTS 24-bus,2,3e3d0737d91acb37be515001f911d304bfce93540e3d063ca4640a87bd55fa9f,14.043742527999711
75,64,2,1,Batch portfolio,0.6639141475658619,2,19.448910740470193,0.0,1.7763568394002505e-14,256,IEEE RTS 24-bus,2,3e3d0737d91acb37be515001f911d304bfce93540e3d063ca4640a87bd55fa9f,14.043742527999711
75,64,3,2,Inference portfolio,0.30397103703587725,7,-8.906172282780208,0.0,1.7763568394002505e-14,256,IEEE RTS 24-bus,2,3e3d0737d91acb37be515001f911d304bfce93540e3d063ca4640a87bd55fa9f,14.043742527999711
75,64,4,2,Batch portfolio,0.6960289629641228,7,-20.38955410731296,0.0,1.7763568394002505e-14,256,IEEE RTS 24-bus,2,3e3d0737d91acb37be515001f911d304bfce93540e3d063ca4640a87bd55fa9f,14.043742527999711
75,64,5,3,Inference portfolio,0.3194660181587846,14,0.0,0.0,1.7763568394002505e-14,256,IEEE RTS 24-bus,2,3e3d0737d91acb37be515001f911d304bfce93540e3d063ca4640a87bd55fa9f,14.043742527999711
75,64,6,3,Batch portfolio,0.6805339818412154,14,0.0,0.0,1.7763568394002505e-14,256,IEEE RTS 24-bus,2,3e3d0737d91acb37be515001f911d304bfce93540e3d063ca4640a87bd55fa9f,14.043742527999711
75,64,7,4,Inference portfolio,0.3374214395382333,20,0.0,0.0,1.7763568394002505e-14,256,IEEE RTS 24-bus,2,3e3d0737d91acb37be515001f911d304bfce93540e3d063ca4640a87bd55fa9f,14.043742527999711
75,64,8,4,Batch portfolio,0.6625785604617667,20,0.0,0.0,1.7763568394002505e-14,256,IEEE RTS 24-bus,2,3e3d0737d91acb37be515001f911d304bfce93540e3d063ca4640a87bd55fa9f,14.043742527999711
75,65,1,1,Inference portfolio,0.3360858524341381,2,9.074121758185523,0.0,6.039613253960852e-14,256,IEEE RTS 24-bus,2,3e3d0737d91acb37be515001f911d304bfce93540e3d063ca4640a87bd55fa9f,14.043742527999711
75,65,2,1,Batch portfolio,0.6639141475658619,2,17.925294291213373,0.0,6.039613253960852e-14,256,IEEE RTS 24-bus,2,3e3d0737d91acb37be515001f911d304bfce93540e3d063ca4640a87bd55fa9f,14.043742527999711
75,65,3,2,Inference portfolio,0.30397103703587725,7,-8.207040495898724,0.0,6.039613253960852e-14,256,IEEE RTS 24-bus,2,3e3d0737d91acb37be515001f911d304bfce93540e3d063ca4640a87bd55fa9f,14.043742527999711
75,65,4,2,Batch portfolio,0.6960289629641228,7,-18.79237555350011,0.0,6.039613253960852e-14,256,IEEE RTS 24-bus,2,3e3d0737d91acb37be515001f911d304bfce93540e3d063ca4640a87bd55fa9f,14.043742527999711
75,65,5,3,Inference portfolio,0.3194660181587846,14,0.0,0.0,6.039613253960852e-14,256,IEEE RTS 24-bus,2,3e3d0737d91acb37be515001f911d304bfce93540e3d063ca4640a87bd55fa9f,14.043742527999711
75,65,6,3,Batch portfolio,0.6805339818412154,14,0.0,0.0,6.039613253960852e-14,256,IEEE RTS 24-bus,2,3e3d0737d91acb37be515001f911d304bfce93540e3d063ca4640a87bd55fa9f,14.043742527999711
75,65,7,4,Inference portfolio,0.3374214395382333,20,0.0,0.0,6.039613253960852e-14,256,IEEE RTS 24-bus,2,3e3d0737d91acb37be515001f911d304bfce93540e3d063ca4640a87bd55fa9f,14.043742527999711
75,65,8,4,Batch portfolio,0.6625785604617667,20,0.0,0.0,6.039613253960852e-14,256,IEEE RTS 24-bus,2,3e3d0737d91acb37be515001f911d304bfce93540e3d063ca4640a87bd55fa9f,14.043742527999711
75,66,1,1,Inference portfolio,0.3360858524341381,2,9.93743079504868,0.0,2.4868995751603507e-14,256,IEEE RTS 24-bus,2,3e3d0737d91acb37be515001f911d304bfce93540e3d063ca4640a87bd55fa9f,14.043742527999711
75,66,2,1,Batch portfolio,0.6639141475658619,2,19.62735773115584,0.0,2.4868995751603507e-14,256,IEEE RTS 24-bus,2,3e3d0737d91acb37be515001f911d304bfce93540e3d063ca4640a87bd55fa9f,14.043742527999711
75,66,3,2,Inference portfolio,0.30397103703587725,7,-8.988183218200898,0.0,2.4868995751603507e-14,256,IEEE RTS 24-bus,2,3e3d0737d91acb37be515001f911d304bfce93540e3d063ca4640a87bd55fa9f,14.043742527999711
75,66,4,2,Batch portfolio,0.6960289629641228,7,-20.576605308003597,0.0,2.4868995751603507e-14,256,IEEE RTS 24-bus,2,3e3d0737d91acb37be515001f911d304bfce93540e3d063ca4640a87bd55fa9f,14.043742527999711
75,66,5,3,Inference portfolio,0.3194660181587846,14,0.0,0.0,2.4868995751603507e-14,256,IEEE RTS 24-bus,2,3e3d0737d91acb37be515001f911d304bfce93540e3d063ca4640a87bd55fa9f,14.043742527999711
75,66,6,3,Batch portfolio,0.6805339818412154,14,0.0,0.0,2.4868995751603507e-14,256,IEEE RTS 24-bus,2,3e3d0737d91acb37be515001f911d304bfce93540e3d063ca4640a87bd55fa9f,14.043742527999711
75,66,7,4,Inference portfolio,0.3374214395382333,20,0.0,0.0,2.4868995751603507e-14,256,IEEE RTS 24-bus,2,3e3d0737d91acb37be515001f911d304bfce93540e3d063ca4640a87bd55fa9f,14.043742527999711
75,66,8,4,Batch portfolio,0.6625785604617667,20,0.0,0.0,2.4868995751603507e-14,256,IEEE RTS 24-bus,2,3e3d0737d91acb37be515001f911d304bfce93540e3d063ca4640a87bd55fa9f,14.043742527999711
75,67,1,1,Inference portfolio,0.3360858524341381,2,43.42316222858018,-0.9128533780331054,1.9895196601282805e-13,256,IEEE RTS 24-bus,2,3e3d0737d91acb37be515001f911d304bfce93540e3d063ca4640a87bd55fa9f,14.043742527999711
75,67,2,1,Batch portfolio,0.6639141475658619,2,85.7024396580694,-0.9128533780331054,1.9895196601282805e-13,256,IEEE RTS 24-bus,2,3e3d0737d91acb37be515001f911d304bfce93540e3d063ca4640a87bd55fa9f,14.043742527999711
75,67,3,2,Inference portfolio,0.30397103703587725,7,-39.5508042521643,-0.9128533780331054,1.9895196601282805e-13,256,IEEE RTS 24-bus,2,3e3d0737d91acb37be515001f911d304bfce93540e3d063ca4640a87bd55fa9f,14.043742527999711
75,67,4,2,Batch portfolio,0.6960289629641228,7,-90.48765101251819,-0.9128533780331054,1.9895196601282805e-13,256,IEEE RTS 24-bus,2,3e3d0737d91acb37be515001f911d304bfce93540e3d063ca4640a87bd55fa9f,14.043742527999711
75,67,5,3,Inference portfolio,0.3194660181587846,14,0.0,-0.9128533780331054,1.9895196601282805e-13,256,IEEE RTS 24-bus,2,3e3d0737d91acb37be515001f911d304bfce93540e3d063ca4640a87bd55fa9f,14.043742527999711
75,67,6,3,Batch portfolio,0.6805339818412154,14,0.0,-0.9128533780331054,1.9895196601282805e-13,256,IEEE RTS 24-bus,2,3e3d0737d91acb37be515001f911d304bfce93540e3d063ca4640a87bd55fa9f,14.043742527999711
75,67,7,4,Inference portfolio,0.3374214395382333,20,0.0,-0.9128533780331054,1.9895196601282805e-13,256,IEEE RTS 24-bus,2,3e3d0737d91acb37be515001f911d304bfce93540e3d063ca4640a87bd55fa9f,14.043742527999711
75,67,8,4,Batch portfolio,0.6625785604617667,20,0.0,-0.9128533780331054,1.9895196601282805e-13,256,IEEE RTS 24-bus,2,3e3d0737d91acb37be515001f911d304bfce93540e3d063ca4640a87bd55fa9f,14.043742527999711
75,68,1,1,Inference portfolio,0.3360858524341381,2,4.220212026363852,0.8863971473292622,-8.881784197001252e-15,256,IEEE RTS 24-bus,2,3e3d0737d91acb37be515001f911d304bfce93540e3d063ca4640a87bd55fa9f,14.043742527999711
75,68,2,1,Batch portfolio,0.6639141475658619,2,8.33673434849591,0.8863971473292622,-8.881784197001252e-15,256,IEEE RTS 24-bus,2,3e3d0737d91acb37be515001f911d304bfce93540e3d063ca4640a87bd55fa9f,14.043742527999711
75,68,3,2,Inference portfolio,0.30397103703587725,7,-3.547508951470415,0.8863971473292622,-8.881784197001252e-15,256,IEEE RTS 24-bus,2,3e3d0737d91acb37be515001f911d304bfce93540e3d063ca4640a87bd55fa9f,14.043742527999711
75,68,4,2,Batch portfolio,0.6960289629641228,7,-8.123040276060093,0.8863971473292622,-8.881784197001252e-15,256,IEEE RTS 24-bus,2,3e3d0737d91acb37be515001f911d304bfce93540e3d063ca4640a87bd55fa9f,14.043742527999711
75,68,5,3,Inference portfolio,0.3194660181587846,14,0.0,0.8863971473292622,-8.881784197001252e-15,256,IEEE RTS 24-bus,2,3e3d0737d91acb37be515001f911d304bfce93540e3d063ca4640a87bd55fa9f,14.043742527999711
75,68,6,3,Batch portfolio,0.6805339818412154,14,0.0,0.8863971473292622,-8.881784197001252e-15,256,IEEE RTS 24-bus,2,3e3d0737d91acb37be515001f911d304bfce93540e3d063ca4640a87bd55fa9f,14.043742527999711
75,68,7,4,Inference portfolio,0.3374214395382333,20,0.0,0.8863971473292622,-8.881784197001252e-15,256,IEEE RTS 24-bus,2,3e3d0737d91acb37be515001f911d304bfce93540e3d063ca4640a87bd55fa9f,14.043742527999711
75,68,8,4,Batch portfolio,0.6625785604617667,20,0.0,0.8863971473292622,-8.881784197001252e-15,256,IEEE RTS 24-bus,2,3e3d0737d91acb37be515001f911d304bfce93540e3d063ca4640a87bd55fa9f,14.043742527999711
75,69,1,1,Inference portfolio,0.3360858524341381,2,6.963993474051213,3.637978807091713e-12,-1.7763568394002505e-14,256,IEEE RTS 24-bus,2,3e3d0737d91acb37be515001f911d304bfce93540e3d063ca4640a87bd55fa9f,14.043742527999711
75,69,2,1,Batch portfolio,0.6639141475658619,2,13.756883122252031,3.637978807091713e-12,-1.7763568394002505e-14,256,IEEE RTS 24-bus,2,3e3d0737d91acb37be515001f911d304bfce93540e3d063ca4640a87bd55fa9f,14.043742527999711
75,69,3,2,Inference portfolio,0.30397103703587725,7,-6.298546347268561,3.637978807091713e-12,-1.7763568394002505e-14,256,IEEE RTS 24-bus,2,3e3d0737d91acb37be515001f911d304bfce93540e3d063ca4640a87bd55fa9f,14.043742527999711
75,69,4,2,Batch portfolio,0.6960289629641228,7,-14.42233024903106,3.637978807091713e-12,-1.7763568394002505e-14,256,IEEE RTS 24-bus,2,3e3d0737d91acb37be515001f911d304bfce93540e3d063ca4640a87bd55fa9f,14.043742527999711
75,69,5,3,Inference portfolio,0.3194660181587846,14,0.0,3.637978807091713e-12,-1.7763568394002505e-14,256,IEEE RTS 24-bus,2,3e3d0737d91acb37be515001f911d304bfce93540e3d063ca4640a87bd55fa9f,14.043742527999711
75,69,6,3,Batch portfolio,0.6805339818412154,14,0.0,3.637978807091713e-12,-1.7763568394002505e-14,256,IEEE RTS 24-bus,2,3e3d0737d91acb37be515001f911d304bfce93540e3d063ca4640a87bd55fa9f,14.043742527999711
75,69,7,4,Inference portfolio,0.3374214395382333,20,0.0,3.637978807091713e-12,-1.7763568394002505e-14,256,IEEE RTS 24-bus,2,3e3d0737d91acb37be515001f911d304bfce93540e3d063ca4640a87bd55fa9f,14.043742527999711
75,69,8,4,Batch portfolio,0.6625785604617667,20,0.0,3.637978807091713e-12,-1.7763568394002505e-14,256,IEEE RTS 24-bus,2,3e3d0737d91acb37be515001f911d304bfce93540e3d063ca4640a87bd55fa9f,14.043742527999711
75,70,1,1,Inference portfolio,0.3360858524341381,2,6.094204412780526,0.0,1.4210854715202004e-14,256,IEEE RTS 24-bus,2,3e3d0737d91acb37be515001f911d304bfce93540e3d063ca4640a87bd55fa9f,14.043742527999711
75,70,2,1,Batch portfolio,0.6639141475658619,2,12.038675530371927,0.0,1.4210854715202004e-14,256,IEEE RTS 24-bus,2,3e3d0737d91acb37be515001f911d304bfce93540e3d063ca4640a87bd55fa9f,14.043742527999711
75,70,3,2,Inference portfolio,0.30397103703587725,7,-5.511870320766932,0.0,1.4210854715202004e-14,256,IEEE RTS 24-bus,2,3e3d0737d91acb37be515001f911d304bfce93540e3d063ca4640a87bd55fa9f,14.043742527999711
75,70,4,2,Batch portfolio,0.6960289629641228,7,-12.621009622385507,0.0,1.4210854715202004e-14,256,IEEE RTS 24-bus,2,3e3d0737d91acb37be515001f911d304bfce93540e3d063ca4640a87bd55fa9f,14.043742527999711
75,70,5,3,Inference portfolio,0.3194660181587846,14,0.0,0.0,1.4210854715202004e-14,256,IEEE RTS 24-bus,2,3e3d0737d91acb37be515001f911d304bfce93540e3d063ca4640a87bd55fa9f,14.043742527999711
75,70,6,3,Batch portfolio,0.6805339818412154,14,0.0,0.0,1.4210854715202004e-14,256,IEEE RTS 24-bus,2,3e3d0737d91acb37be515001f911d304bfce93540e3d063ca4640a87bd55fa9f,14.043742527999711
75,70,7,4,Inference portfolio,0.3374214395382333,20,0.0,0.0,1.4210854715202004e-14,256,IEEE RTS 24-bus,2,3e3d0737d91acb37be515001f911d304bfce93540e3d063ca4640a87bd55fa9f,14.043742527999711
75,70,8,4,Batch portfolio,0.6625785604617667,20,0.0,0.0,1.4210854715202004e-14,256,IEEE RTS 24-bus,2,3e3d0737d91acb37be515001f911d304bfce93540e3d063ca4640a87bd55fa9f,14.043742527999711
75,71,1,1,Inference portfolio,0.3360858524341381,2,6.325663410303753,0.0,-2.1316282072803006e-14,256,IEEE RTS 24-bus,2,3e3d0737d91acb37be515001f911d304bfce93540e3d063ca4640a87bd55fa9f,14.043742527999711
75,71,2,1,Batch portfolio,0.6639141475658619,2,12.495906627499458,0.0,-2.1316282072803006e-14,256,IEEE RTS 24-bus,2,3e3d0737d91acb37be515001f911d304bfce93540e3d063ca4640a87bd55fa9f,14.043742527999711
75,71,3,2,Inference portfolio,0.30397103703587725,7,-5.721212163033524,0.0,-2.1316282072803006e-14,256,IEEE RTS 24-bus,2,3e3d0737d91acb37be515001f911d304bfce93540e3d063ca4640a87bd55fa9f,14.043742527999711
75,71,4,2,Batch portfolio,0.6960289629641228,7,-13.10035787476971,0.0,-2.1316282072803006e-14,256,IEEE RTS 24-bus,2,3e3d0737d91acb37be515001f911d304bfce93540e3d063ca4640a87bd55fa9f,14.043742527999711
75,71,5,3,Inference portfolio,0.3194660181587846,14,0.0,0.0,-2.1316282072803006e-14,256,IEEE RTS 24-bus,2,3e3d0737d91acb37be515001f911d304bfce93540e3d063ca4640a87bd55fa9f,14.043742527999711
75,71,6,3,Batch portfolio,0.6805339818412154,14,0.0,0.0,-2.1316282072803006e-14,256,IEEE RTS 24-bus,2,3e3d0737d91acb37be515001f911d304bfce93540e3d063ca4640a87bd55fa9f,14.043742527999711
75,71,7,4,Inference portfolio,0.3374214395382333,20,0.0,0.0,-2.1316282072803006e-14,256,IEEE RTS 24-bus,2,3e3d0737d91acb37be515001f911d304bfce93540e3d063ca4640a87bd55fa9f,14.043742527999711
75,71,8,4,Batch portfolio,0.6625785604617667,20,0.0,0.0,-2.1316282072803006e-14,256,IEEE RTS 24-bus,2,3e3d0737d91acb37be515001f911d304bfce93540e3d063ca4640a87bd55fa9f,14.043742527999711
76,64,1,1,Inference portfolio,0.3360858524341381,2,1.1251357697145372,0.0,-5.773159728050814e-15,256,IEEE RTS 24-bus,2,3e3d0737d91acb37be515001f911d304bfce93540e3d063ca4640a87bd55fa9f,14.016278430000966
76,64,2,1,Batch portfolio,0.6639141475658619,2,2.222627194913758,0.0,-5.773159728050814e-15,256,IEEE RTS 24-bus,2,3e3d0737d91acb37be515001f911d304bfce93540e3d063ca4640a87bd55fa9f,14.016278430000966
76,64,3,2,Inference portfolio,0.30397103703587725,7,-1.0176229801083234,0.0,-5.773159728050814e-15,256,IEEE RTS 24-bus,2,3e3d0737d91acb37be515001f911d304bfce93540e3d063ca4640a87bd55fa9f,14.016278430000966
76,64,4,2,Batch portfolio,0.6960289629641228,7,-2.330139984519978,0.0,-5.773159728050814e-15,256,IEEE RTS 24-bus,2,3e3d0737d91acb37be515001f911d304bfce93540e3d063ca4640a87bd55fa9f,14.016278430000966
76,64,5,3,Inference portfolio,0.3194660181587846,14,0.0,0.0,-5.773159728050814e-15,256,IEEE RTS 24-bus,2,3e3d0737d91acb37be515001f911d304bfce93540e3d063ca4640a87bd55fa9f,14.016278430000966
76,64,6,3,Batch portfolio,0.6805339818412154,14,0.0,0.0,-5.773159728050814e-15,256,IEEE RTS 24-bus,2,3e3d0737d91acb37be515001f911d304bfce93540e3d063ca4640a87bd55fa9f,14.016278430000966
76,64,7,4,Inference portfolio,0.3374214395382333,20,0.0,0.0,-5.773159728050814e-15,256,IEEE RTS 24-bus,2,3e3d0737d91acb37be515001f911d304bfce93540e3d063ca4640a87bd55fa9f,14.016278430000966
76,64,8,4,Batch portfolio,0.6625785604617667,20,0.0,0.0,-5.773159728050814e-15,256,IEEE RTS 24-bus,2,3e3d0737d91acb37be515001f911d304bfce93540e3d063ca4640a87bd55fa9f,14.016278430000966
76,65,1,1,Inference portfolio,0.3360858524341381,2,2.757658526060821,-2.572585897989484,-3.552713678800501e-15,256,IEEE RTS 24-bus,2,3e3d0737d91acb37be515001f911d304bfce93540e3d063ca4640a87bd55fa9f,14.016278430000966
76,65,2,1,Batch portfolio,0.6639141475658619,2,5.447731915778457,-2.572585897989484,-3.552713678800501e-15,256,IEEE RTS 24-bus,2,3e3d0737d91acb37be515001f911d304bfce93540e3d063ca4640a87bd55fa9f,14.016278430000966
76,65,3,2,Inference portfolio,0.30397103703587725,7,-3.276093646288397,-2.572585897989484,-3.552713678800501e-15,256,IEEE RTS 24-bus,2,3e3d0737d91acb37be515001f911d304bfce93540e3d063ca4640a87bd55fa9f,14.016278430000966
76,65,4,2,Batch portfolio,0.6960289629641228,7,-7.5018826935403675,-2.572585897989484,-3.552713678800501e-15,256,IEEE RTS 24-bus,2,3e3d0737d91acb37be515001f911d304bfce93540e3d063ca4640a87bd55fa9f,14.016278430000966
76,65,5,3,Inference portfolio,0.3194660181587846,14,0.0,-2.572585897989484,-3.552713678800501e-15,256,IEEE RTS 24-bus,2,3e3d0737d91acb37be515001f911d304bfce93540e3d063ca4640a87bd55fa9f,14.016278430000966
76,65,6,3,Batch portfolio,0.6805339818412154,14,0.0,-2.572585897989484,-3.552713678800501e-15,256,IEEE RTS 24-bus,2,3e3d0737d91acb37be515001f911d304bfce93540e3d063ca4640a87bd55fa9f,14.016278430000966
76,65,7,4,Inference portfolio,0.3374214395382333,20,0.0,-2.572585897989484,-3.552713678800501e-15,256,IEEE RTS 24-bus,2,3e3d0737d91acb37be515001f911d304bfce93540e3d063ca4640a87bd55fa9f,14.016278430000966
76,65,8,4,Batch portfolio,0.6625785604617667,20,0.0,-2.572585897989484,-3.552713678800501e-15,256,IEEE RTS 24-bus,2,3e3d0737d91acb37be515001f911d304bfce93540e3d063ca4640a87bd55fa9f,14.016278430000966
76,66,1,1,Inference portfolio,0.3360858524341381,2,1.4476300036226328,2.5607647329634347,-3.9968028886505635e-15,256,IEEE RTS 24-bus,2,3e3d0737d91acb37be515001f911d304bfce93540e3d063ca4640a87bd55fa9f,14.016278430000966
76,66,2,1,Batch portfolio,0.6639141475658619,2,2.859692048578987,2.5607647329634347,-3.9968028886505635e-15,256,IEEE RTS 24-bus,2,3e3d0737d91acb37be515001f911d304bfce93540e3d063ca4640a87bd55fa9f,14.016278430000966
76,66,3,2,Inference portfolio,0.30397103703587725,7,-0.5309028395715053,2.5607647329634347,-3.9968028886505635e-15,256,IEEE RTS 24-bus,2,3e3d0737d91acb37be515001f911d304bfce93540e3d063ca4640a87bd55fa9f,14.016278430000966
76,66,4,2,Batch portfolio,0.6960289629641228,7,-1.215654479666684,2.5607647329634347,-3.9968028886505635e-15,256,IEEE RTS 24-bus,2,3e3d0737d91acb37be515001f911d304bfce93540e3d063ca4640a87bd55fa9f,14.016278430000966
76,66,5,3,Inference portfolio,0.3194660181587846,14,0.0,2.5607647329634347,-3.9968028886505635e-15,256,IEEE RTS 24-bus,2,3e3d0737d91acb37be515001f911d304bfce93540e3d063ca4640a87bd55fa9f,14.016278430000966
76,66,6,3,Batch portfolio,0.6805339818412154,14,0.0,2.5607647329634347,-3.9968028886505635e-15,256,IEEE RTS 24-bus,2,3e3d0737d91acb37be515001f911d304bfce93540e3d063ca4640a87bd55fa9f,14.016278430000966
76,66,7,4,Inference portfolio,0.3374214395382333,20,0.0,2.5607647329634347,-3.9968028886505635e-15,256,IEEE RTS 24-bus,2,3e3d0737d91acb37be515001f911d304bfce93540e3d063ca4640a87bd55fa9f,14.016278430000966
76,66,8,4,Batch portfolio,0.6625785604617667,20,0.0,2.5607647329634347,-3.9968028886505635e-15,256,IEEE RTS 24-bus,2,3e3d0737d91acb37be515001f911d304bfce93540e3d063ca4640a87bd55fa9f,14.016278430000966
76,67,1,1,Inference portfolio,0.3360858524341381,2,8.142171446011627,1.8189894035458565e-12,2.842170943040401e-14,256,IEEE RTS 24-bus,2,3e3d0737d91acb37be515001f911d304bfce93540e3d063ca4640a87bd55fa9f,14.016278430000966
76,67,2,1,Batch portfolio,0.6639141475658619,2,16.08429148612671,1.8189894035458565e-12,2.842170943040401e-14,256,IEEE RTS 24-bus,2,3e3d0737d91acb37be515001f911d304bfce93540e3d063ca4640a87bd55fa9f,14.016278430000966
76,67,3,2,Inference portfolio,0.30397103703587725,7,-7.364143061192554,1.8189894035458565e-12,2.842170943040401e-14,256,IEEE RTS 24-bus,2,3e3d0737d91acb37be515001f911d304bfce93540e3d063ca4640a87bd55fa9f,14.016278430000966
76,67,4,2,Batch portfolio,0.6960289629641228,7,-16.862319870943935,1.8189894035458565e-12,2.842170943040401e-14,256,IEEE RTS 24-bus,2,3e3d0737d91acb37be515001f911d304bfce93540e3d063ca4640a87bd55fa9f,14.016278430000966
76,67,5,3,Inference portfolio,0.3194660181587846,14,0.0,1.8189894035458565e-12,2.842170943040401e-14,256,IEEE RTS 24-bus,2,3e3d0737d91acb37be515001f911d304bfce93540e3d063ca4640a87bd55fa9f,14.016278430000966
76,67,6,3,Batch portfolio,0.6805339818412154,14,0.0,1.8189894035458565e-12,2.842170943040401e-14,256,IEEE RTS 24-bus,2,3e3d0737d91acb37be515001f911d304bfce93540e3d063ca4640a87bd55fa9f,14.016278430000966
76,67,7,4,Inference portfolio,0.3374214395382333,20,0.0,1.8189894035458565e-12,2.842170943040401e-14,256,IEEE RTS 24-bus,2,3e3d0737d91acb37be515001f911d304bfce93540e3d063ca4640a87bd55fa9f,14.016278430000966
76,67,8,4,Batch portfolio,0.6625785604617667,20,0.0,1.8189894035458565e-12,2.842170943040401e-14,256,IEEE RTS 24-bus,2,3e3d0737d91acb37be515001f911d304bfce93540e3d063ca4640a87bd55fa9f,14.016278430000966
76,68,1,1,Inference portfolio,0.3360858524341381,2,9.28578489843572,0.0,1.7763568394002505e-14,256,IEEE RTS 24-bus,2,3e3d0737d91acb37be515001f911d304bfce93540e3d063ca4640a87bd55fa9f,14.016278430000966
76,68,2,1,Batch portfolio,0.6639141475658619,2,18.343420053760205,0.0,1.7763568394002505e-14,256,IEEE RTS 24-bus,2,3e3d0737d91acb37be515001f911d304bfce93540e3d063ca4640a87bd55fa9f,14.016278430000966
76,68,3,2,Inference portfolio,0.30397103703587725,7,-8.398478081795623,0.0,1.7763568394002505e-14,256,IEEE RTS 24-bus,2,3e3d0737d91acb37be515001f911d304bfce93540e3d063ca4640a87bd55fa9f,14.016278430000966
76,68,4,2,Batch portfolio,0.6960289629641228,7,-19.230726870400286,0.0,1.7763568394002505e-14,256,IEEE RTS 24-bus,2,3e3d0737d91acb37be515001f911d304bfce93540e3d063ca4640a87bd55fa9f,14.016278430000966
76,68,5,3,Inference portfolio,0.3194660181587846,14,0.0,0.0,1.7763568394002505e-14,256,IEEE RTS 24-bus,2,3e3d0737d91acb37be515001f911d304bfce93540e3d063ca4640a87bd55fa9f,14.016278430000966
76,68,6,3,Batch portfolio,0.6805339818412154,14,0.0,0.0,1.7763568394002505e-14,256,IEEE RTS 24-bus,2,3e3d0737d91acb37be515001f911d304bfce93540e3d063ca4640a87bd55fa9f,14.016278430000966
76,68,7,4,Inference portfolio,0.3374214395382333,20,0.0,0.0,1.7763568394002505e-14,256,IEEE RTS 24-bus,2,3e3d0737d91acb37be515001f911d304bfce93540e3d063ca4640a87bd55fa9f,14.016278430000966
76,68,8,4,Batch portfolio,0.6625785604617667,20,0.0,0.0,1.7763568394002505e-14,256,IEEE RTS 24-bus,2,3e3d0737d91acb37be515001f911d304bfce93540e3d063ca4640a87bd55fa9f,14.016278430000966
76,69,1,1,Inference portfolio,0.3360858524341381,2,8.234195025085976,0.0,3.552713678800501e-15,256,IEEE RTS 24-bus,2,3e3d0737d91acb37be515001f911d304bfce93540e3d063ca4640a87bd55fa9f,14.016278430000966
76,69,2,1,Batch portfolio,0.6639141475658619,2,16.266077644673423,0.0,3.552713678800501e-15,256,IEEE RTS 24-bus,2,3e3d0737d91acb37be515001f911d304bfce93540e3d063ca4640a87bd55fa9f,14.016278430000966
76,69,3,2,Inference portfolio,0.30397103703587725,7,-7.447373291088589,0.0,3.552713678800501e-15,256,IEEE RTS 24-bus,2,3e3d0737d91acb37be515001f911d304bfce93540e3d063ca4640a87bd55fa9f,14.016278430000966
76,69,4,2,Batch portfolio,0.6960289629641228,7,-17.052899378670805,0.0,3.552713678800501e-15,256,IEEE RTS 24-bus,2,3e3d0737d91acb37be515001f911d304bfce93540e3d063ca4640a87bd55fa9f,14.016278430000966
76,69,5,3,Inference portfolio,0.3194660181587846,14,0.0,0.0,3.552713678800501e-15,256,IEEE RTS 24-bus,2,3e3d0737d91acb37be515001f911d304bfce93540e3d063ca4640a87bd55fa9f,14.016278430000966
76,69,6,3,Batch portfolio,0.6805339818412154,14,0.0,0.0,3.552713678800501e-15,256,IEEE RTS 24-bus,2,3e3d0737d91acb37be515001f911d304bfce93540e3d063ca4640a87bd55fa9f,14.016278430000966
76,69,7,4,Inference portfolio,0.3374214395382333,20,0.0,0.0,3.552713678800501e-15,256,IEEE RTS 24-bus,2,3e3d0737d91acb37be515001f911d304bfce93540e3d063ca4640a87bd55fa9f,14.016278430000966
76,69,8,4,Batch portfolio,0.6625785604617667,20,0.0,0.0,3.552713678800501e-15,256,IEEE RTS 24-bus,2,3e3d0737d91acb37be515001f911d304bfce93540e3d063ca4640a87bd55fa9f,14.016278430000966
76,70,1,1,Inference portfolio,0.3360858524341381,2,10.260757183057956,0.0,2.1316282072803006e-14,256,IEEE RTS 24-bus,2,3e3d0737d91acb37be515001f911d304bfce93540e3d063ca4640a87bd55fa9f,14.016278430000966
76,70,2,1,Batch portfolio,0.6639141475658619,2,20.261787538342407,0.0,2.1316282072803006e-14,256,IEEE RTS 24-bus,2,3e3d0737d91acb37be515001f911d304bfce93540e3d063ca4640a87bd55fa9f,14.016278430000966
76,70,3,2,Inference portfolio,0.30397103703587725,7,-9.279598121290283,0.0,2.1316282072803006e-14,256,IEEE RTS 24-bus,2,3e3d0737d91acb37be515001f911d304bfce93540e3d063ca4640a87bd55fa9f,14.016278430000966
76,70,4,2,Batch portfolio,0.6960289629641228,7,-21.242946600110063,0.0,2.1316282072803006e-14,256,IEEE RTS 24-bus,2,3e3d0737d91acb37be515001f911d304bfce93540e3d063ca4640a87bd55fa9f,14.016278430000966
76,70,5,3,Inference portfolio,0.3194660181587846,14,0.0,0.0,2.1316282072803006e-14,256,IEEE RTS 24-bus,2,3e3d0737d91acb37be515001f911d304bfce93540e3d063ca4640a87bd55fa9f,14.016278430000966
76,70,6,3,Batch portfolio,0.6805339818412154,14,0.0,0.0,2.1316282072803006e-14,256,IEEE RTS 24-bus,2,3e3d0737d91acb37be515001f911d304bfce93540e3d063ca4640a87bd55fa9f,14.016278430000966
76,70,7,4,Inference portfolio,0.3374214395382333,20,0.0,0.0,2.1316282072803006e-14,256,IEEE RTS 24-bus,2,3e3d0737d91acb37be515001f911d304bfce93540e3d063ca4640a87bd55fa9f,14.016278430000966
76,70,8,4,Batch portfolio,0.6625785604617667,20,0.0,0.0,2.1316282072803006e-14,256,IEEE RTS 24-bus,2,3e3d0737d91acb37be515001f911d304bfce93540e3d063ca4640a87bd55fa9f,14.016278430000966
76,71,1,1,Inference portfolio,0.3360858524341381,2,0.6601584413510856,0.0,-8.881784197001252e-16,256,IEEE RTS 24-bus,2,3e3d0737d91acb37be515001f911d304bfce93540e3d063ca4640a87bd55fa9f,14.016278430000966
76,71,2,1,Batch portfolio,0.6639141475658619,2,1.3040969314054875,0.0,-8.881784197001252e-16,256,IEEE RTS 24-bus,2,3e3d0737d91acb37be515001f911d304bfce93540e3d063ca4640a87bd55fa9f,14.016278430000966
76,71,3,2,Inference portfolio,0.30397103703587725,7,-0.5970767426600415,0.0,-8.881784197001252e-16,256,IEEE RTS 24-bus,2,3e3d0737d91acb37be515001f911d304bfce93540e3d063ca4640a87bd55fa9f,14.016278430000966
76,71,4,2,Batch portfolio,0.6960289629641228,7,-1.3671786300965327,0.0,-8.881784197001252e-16,256,IEEE RTS 24-bus,2,3e3d0737d91acb37be515001f911d304bfce93540e3d063ca4640a87bd55fa9f,14.016278430000966
76,71,5,3,Inference portfolio,0.3194660181587846,14,0.0,0.0,-8.881784197001252e-16,256,IEEE RTS 24-bus,2,3e3d0737d91acb37be515001f911d304bfce93540e3d063ca4640a87bd55fa9f,14.016278430000966
76,71,6,3,Batch portfolio,0.6805339818412154,14,0.0,0.0,-8.881784197001252e-16,256,IEEE RTS 24-bus,2,3e3d0737d91acb37be515001f911d304bfce93540e3d063ca4640a87bd55fa9f,14.016278430000966
76,71,7,4,Inference portfolio,0.3374214395382333,20,0.0,0.0,-8.881784197001252e-16,256,IEEE RTS 24-bus,2,3e3d0737d91acb37be515001f911d304bfce93540e3d063ca4640a87bd55fa9f,14.016278430000966
76,71,8,4,Batch portfolio,0.6625785604617667,20,0.0,0.0,-8.881784197001252e-16,256,IEEE RTS 24-bus,2,3e3d0737d91acb37be515001f911d304bfce93540e3d063ca4640a87bd55fa9f,14.016278430000966
77,64,1,1,Inference portfolio,0.3360858524341381,2,1.793920798785229,-6.133465750535834,4.440892098500626e-15,256,IEEE RTS 24-bus,2,3e3d0737d91acb37be515001f911d304bfce93540e3d063ca4640a87bd55fa9f,14.379073235999385
77,64,2,1,Batch portfolio,0.6639141475658619,2,3.543765348346702,-6.133465750535834,4.440892098500626e-15,256,IEEE RTS 24-bus,2,3e3d0737d91acb37be515001f911d304bfce93540e3d063ca4640a87bd55fa9f,14.379073235999385
77,64,3,2,Inference portfolio,0.30397103703587725,7,-1.6225019935153182,-6.133465750535834,4.440892098500626e-15,256,IEEE RTS 24-bus,2,3e3d0737d91acb37be515001f911d304bfce93540e3d063ca4640a87bd55fa9f,14.379073235999385
77,64,4,2,Batch portfolio,0.6960289629641228,7,-3.7151841536160926,-6.133465750535834,4.440892098500626e-15,256,IEEE RTS 24-bus,2,3e3d0737d91acb37be515001f911d304bfce93540e3d063ca4640a87bd55fa9f,14.379073235999385
77,64,5,3,Inference portfolio,0.3194660181587846,14,-1.9594338808373017,-6.133465750535834,4.440892098500626e-15,256,IEEE RTS 24-bus,2,3e3d0737d91acb37be515001f911d304bfce93540e3d063ca4640a87bd55fa9f,14.379073235999385
77,64,6,3,Batch portfolio,0.6805339818412154,14,-4.174031869699048,-6.133465750535834,4.440892098500626e-15,256,IEEE RTS 24-bus,2,3e3d0737d91acb37be515001f911d304bfce93540e3d063ca4640a87bd55fa9f,14.379073235999385
77,64,7,4,Inference portfolio,0.3374214395382333,20,0.0,-6.133465750535834,4.440892098500626e-15,256,IEEE RTS 24-bus,2,3e3d0737d91acb37be515001f911d304bfce93540e3d063ca4640a87bd55fa9f,14.379073235999385
77,64,8,4,Batch portfolio,0.6625785604617667,20,0.0,-6.133465750535834,4.440892098500626e-15,256,IEEE RTS 24-bus,2,3e3d0737d91acb37be515001f911d304bfce93540e3d063ca4640a87bd55fa9f,14.379073235999385
77,65,1,1,Inference portfolio,0.3360858524341381,2,0.3544658351087189,6.133465750535834,2.6645352591003757e-15,256,IEEE RTS 24-bus,2,3e3d0737d91acb37be515001f911d304bfce93540e3d063ca4640a87bd55fa9f,14.379073235999385
77,65,2,1,Batch portfolio,0.6639141475658619,2,0.7002225206835042,6.133465750535834,2.6645352591003757e-15,256,IEEE RTS 24-bus,2,3e3d0737d91acb37be515001f911d304bfce93540e3d063ca4640a87bd55fa9f,14.379073235999385
77,65,3,2,Inference portfolio,0.30397103703587725,7,-0.32059471325989475,6.133465750535834,2.6645352591003757e-15,256,IEEE RTS 24-bus,2,3e3d0737d91acb37be515001f911d304bfce93540e3d063ca4640a87bd55fa9f,14.379073235999385
77,65,4,2,Batch portfolio,0.6960289629641228,7,-0.7340936425327219,6.133465750535834,2.6645352591003757e-15,256,IEEE RTS 24-bus,2,3e3d0737d91acb37be515001f911d304bfce93540e3d063ca4640a87bd55fa9f,14.379073235999385
77,65,5,3,Inference portfolio,0.3194660181587846,14,1.9594338808369385,6.133465750535834,2.6645352591003757e-15,256,IEEE RTS 24-bus,2,3e3d0737d91acb37be515001f911d304bfce93540e3d063ca4640a87bd55fa9f,14.379073235999385
77,65,6,3,Batch portfolio,0.6805339818412154,14,4.1740318696992915,6.133465750535834,2.6645352591003757e-15,256,IEEE RTS 24-bus,2,3e3d0737d91acb37be515001f911d304bfce93540e3d063ca4640a87bd55fa9f,14.379073235999385
77,65,7,4,Inference portfolio,0.3374214395382333,20,0.0,6.133465750535834,2.6645352591003757e-15,256,IEEE RTS 24-bus,2,3e3d0737d91acb37be515001f911d304bfce93540e3d063ca4640a87bd55fa9f,14.379073235999385
77,65,8,4,Batch portfolio,0.6625785604617667,20,0.0,6.133465750535834,2.6645352591003757e-15,256,IEEE RTS 24-bus,2,3e3d0737d91acb37be515001f911d304bfce93540e3d063ca4640a87bd55fa9f,14.379073235999385
77,66,1,1,Inference portfolio,0.3360858524341381,2,0.08872670567795167,0.0,1.6653345369377348e-16,256,IEEE RTS 24-bus,2,3e3d0737d91acb37be515001f911d304bfce93540e3d063ca4640a87bd55fa9f,14.379073235999385
77,66,2,1,Batch portfolio,0.6639141475658619,2,0.17527341522888218,0.0,1.6653345369377348e-16,256,IEEE RTS 24-bus,2,3e3d0737d91acb37be515001f911d304bfce93540e3d063ca4640a87bd55fa9f,14.379073235999385
77,66,3,2,Inference portfolio,0.30397103703587725,7,-0.08024839052980796,0.0,1.6653345369377348e-16,256,IEEE RTS 24-bus,2,3e3d0737d91acb37be515001f911d304bfce93540e3d063ca4640a87bd55fa9f,14.379073235999385
77,66,4,2,Batch portfolio,0.6960289629641228,7,-0.18375173037702572,0.0,1.6653345369377348e-16,256,IEEE RTS 24-bus,2,3e3d0737d91acb37be515001f911d304bfce93540e3d063ca4640a87bd55fa9f,14.379073235999385
77,66,5,3,Inference portfolio,0.3194660181587846,14,0.0,0.0,1.6653345369377348e-16,256,IEEE RTS 24-bus,2,3e3d0737d91acb37be515001f911d304bfce93540e3d063ca4640a87bd55fa9f,14.379073235999385
77,66,6,3,Batch portfolio,0.6805339818412154,14,0.0,0.0,1.6653345369377348e-16,256,IEEE RTS 24-bus,2,3e3d0737d91acb37be515001f911d304bfce93540e3d063ca4640a87bd55fa9f,14.379073235999385
77,66,7,4,Inference portfolio,0.3374214395382333,20,0.0,0.0,1.6653345369377348e-16,256,IEEE RTS 24-bus,2,3e3d0737d91acb37be515001f911d304bfce93540e3d063ca4640a87bd55fa9f,14.379073235999385
77,66,8,4,Batch portfolio,0.6625785604617667,20,0.0,0.0,1.6653345369377348e-16,256,IEEE RTS 24-bus,2,3e3d0737d91acb37be515001f911d304bfce93540e3d063ca4640a87bd55fa9f,14.379073235999385
77,67,1,1,Inference portfolio,0.3360858524341381,2,0.08025974370517978,0.0,-4.163336342344337e-16,256,IEEE RTS 24-bus,2,3e3d0737d91acb37be515001f911d304bfce93540e3d063ca4640a87bd55fa9f,14.379073235999385
77,67,2,1,Batch portfolio,0.6639141475658619,2,0.15854752272222541,0.0,-4.163336342344337e-16,256,IEEE RTS 24-bus,2,3e3d0737d91acb37be515001f911d304bfce93540e3d063ca4640a87bd55fa9f,14.379073235999385
77,67,3,2,Inference portfolio,0.30397103703587725,7,-0.07259049242763171,0.0,-4.163336342344337e-16,256,IEEE RTS 24-bus,2,3e3d0737d91acb37be515001f911d304bfce93540e3d063ca4640a87bd55fa9f,14.379073235999385
77,67,4,2,Batch portfolio,0.6960289629641228,7,-0.1662167739997739,0.0,-4.163336342344337e-16,256,IEEE RTS 24-bus,2,3e3d0737d91acb37be515001f911d304bfce93540e3d063ca4640a87bd55fa9f,14.379073235999385
77,67,5,3,Inference portfolio,0.3194660181587846,14,0.0,0.0,-4.163336342344337e-16,256,IEEE RTS 24-bus,2,3e3d0737d91acb37be515001f911d304bfce93540e3d063ca4640a87bd55fa9f,14.379073235999385
77,67,6,3,Batch portfolio,0.6805339818412154,14,0.0,0.0,-4.163336342344337e-16,256,IEEE RTS 24-bus,2,3e3d0737d91acb37be515001f911d304bfce93540e3d063ca4640a87bd55fa9f,14.379073235999385
77,67,7,4,Inference portfolio,0.3374214395382333,20,0.0,0.0,-4.163336342344337e-16,256,IEEE RTS 24-bus,2,3e3d0737d91acb37be515001f911d304bfce93540e3d063ca4640a87bd55fa9f,14.379073235999385
77,67,8,4,Batch portfolio,0.6625785604617667,20,0.0,0.0,-4.163336342344337e-16,256,IEEE RTS 24-bus,2,3e3d0737d91acb37be515001f911d304bfce93540e3d063ca4640a87bd55fa9f,14.379073235999385
77,68,1,1,Inference portfolio,0.3360858524341381,2,0.20717597578338165,0.0,6.661338147750939e-16,256,IEEE RTS 24-bus,2,3e3d0737d91acb37be515001f911d304bfce93540e3d063ca4640a87bd55fa9f,14.379073235999385
77,68,2,1,Batch portfolio,0.6639141475658619,2,0.4092616822796719,0.0,6.661338147750939e-16,256,IEEE RTS 24-bus,2,3e3d0737d91acb37be515001f911d304bfce93540e3d063ca4640a87bd55fa9f,14.379073235999385
77,68,3,2,Inference portfolio,0.30397103703587725,7,-0.18737919418951282,0.0,6.661338147750939e-16,256,IEEE RTS 24-bus,2,3e3d0737d91acb37be515001f911d304bfce93540e3d063ca4640a87bd55fa9f,14.379073235999385
77,68,4,2,Batch portfolio,0.6960289629641228,7,-0.4290584638735401,0.0,6.661338147750939e-16,256,IEEE RTS 24-bus,2,3e3d0737d91acb37be515001f911d304bfce93540e3d063ca4640a87bd55fa9f,14.379073235999385
77,68,5,3,Inference portfolio,0.3194660181587846,14,0.0,0.0,6.661338147750939e-16,256,IEEE RTS 24-bus,2,3e3d0737d91acb37be515001f911d304bfce93540e3d063ca4640a87bd55fa9f,14.379073235999385
77,68,6,3,Batch portfolio,0.6805339818412154,14,0.0,0.0,6.661338147750939e-16,256,IEEE RTS 24-bus,2,3e3d0737d91acb37be515001f911d304bfce93540e3d063ca4640a87bd55fa9f,14.379073235999385
77,68,7,4,Inference portfolio,0.3374214395382333,20,0.0,0.0,6.661338147750939e-16,256,IEEE RTS 24-bus,2,3e3d0737d91acb37be515001f911d304bfce93540e3d063ca4640a87bd55fa9f,14.379073235999385
77,68,8,4,Batch portfolio,0.6625785604617667,20,0.0,0.0,6.661338147750939e-16,256,IEEE RTS 24-bus,2,3e3d0737d91acb37be515001f911d304bfce93540e3d063ca4640a87bd55fa9f,14.379073235999385
77,69,1,1,Inference portfolio,0.3360858524341381,2,0.1333105523187138,0.0,6.106226635438361e-16,256,IEEE RTS 24-bus,2,3e3d0737d91acb37be515001f911d304bfce93540e3d063ca4640a87bd55fa9f,14.379073235999385
77,69,2,1,Batch portfolio,0.6639141475658619,2,0.2633456929612905,0.0,6.106226635438361e-16,256,IEEE RTS 24-bus,2,3e3d0737d91acb37be515001f911d304bfce93540e3d063ca4640a87bd55fa9f,14.379073235999385
77,69,3,2,Inference portfolio,0.30397103703587725,7,-0.12057201022525972,0.0,6.106226635438361e-16,256,IEEE RTS 24-bus,2,3e3d0737d91acb37be515001f911d304bfce93540e3d063ca4640a87bd55fa9f,14.379073235999385
77,69,4,2,Batch portfolio,0.6960289629641228,7,-0.276084235054744,0.0,6.106226635438361e-16,256,IEEE RTS 24-bus,2,3e3d0737d91acb37be515001f911d304bfce93540e3d063ca4640a87bd55fa9f,14.379073235999385
77,69,5,3,Inference portfolio,0.3194660181587846,14,0.0,0.0,6.106226635438361e-16,256,IEEE RTS 24-bus,2,3e3d0737d91acb37be515001f911d304bfce93540e3d063ca4640a87bd55fa9f,14.379073235999385
77,69,6,3,Batch portfolio,0.6805339818412154,14,0.0,0.0,6.106226635438361e-16,256,IEEE RTS 24-bus,2,3e3d0737d91acb37be515001f911d304bfce93540e3d063ca4640a87bd55fa9f,14.379073235999385
77,69,7,4,Inference portfolio,0.3374214395382333,20,0.0,0.0,6.106226635438361e-16,256,IEEE RTS 24-bus,2,3e3d0737d91acb37be515001f911d304bfce93540e3d063ca4640a87bd55fa9f,14.379073235999385
77,69,8,4,Batch portfolio,0.6625785604617667,20,0.0,0.0,6.106226635438361e-16,256,IEEE RTS 24-bus,2,3e3d0737d91acb37be515001f911d304bfce93540e3d063ca4640a87bd55fa9f,14.379073235999385
77,70,1,1,Inference portfolio,0.3360858524341381,2,0.07448280610742593,0.0,2.7755575615628914e-16,256,IEEE RTS 24-bus,2,3e3d0737d91acb37be515001f911d304bfce93540e3d063ca4640a87bd55fa9f,14.379073235999385
77,70,2,1,Batch portfolio,0.6639141475658619,2,0.14713558564729584,0.0,2.7755575615628914e-16,256,IEEE RTS 24-bus,2,3e3d0737d91acb37be515001f911d304bfce93540e3d063ca4640a87bd55fa9f,14.379073235999385
77,70,3,2,Inference portfolio,0.30397103703587725,7,-0.06736557236748317,0.0,2.7755575615628914e-16,256,IEEE RTS 24-bus,2,3e3d0737d91acb37be515001f911d304bfce93540e3d063ca4640a87bd55fa9f,14.379073235999385
77,70,4,2,Batch portfolio,0.6960289629641228,7,-0.1542528193872383,0.0,2.7755575615628914e-16,256,IEEE RTS 24-bus,2,3e3d0737d91acb37be515001f911d304bfce93540e3d063ca4640a87bd55fa9f,14.379073235999385
77,70,5,3,Inference portfolio,0.3194660181587846,14,0.0,0.0,2.7755575615628914e-16,256,IEEE RTS 24-bus,2,3e3d0737d91acb37be515001f911d304bfce93540e3d063ca4640a87bd55fa9f,14.379073235999385
77,70,6,3,Batch portfolio,0.6805339818412154,14,0.0,0.0,2.7755575615628914e-16,256,IEEE RTS 24-bus,2,3e3d0737d91acb37be515001f911d304bfce93540e3d063ca4640a87bd55fa9f,14.379073235999385
77,70,7,4,Inference portfolio,0.3374214395382333,20,0.0,0.0,2.7755575615628914e-16,256,IEEE RTS 24-bus,2,3e3d0737d91acb37be515001f911d304bfce93540e3d063ca4640a87bd55fa9f,14.379073235999385
77,70,8,4,Batch portfolio,0.6625785604617667,20,0.0,0.0,2.7755575615628914e-16,256,IEEE RTS 24-bus,2,3e3d0737d91acb37be515001f911d304bfce93540e3d063ca4640a87bd55fa9f,14.379073235999385
77,71,1,1,Inference portfolio,0.3360858524341381,2,0.11258413498838617,0.0,-8.326672684688674e-16,256,IEEE RTS 24-bus,2,3e3d0737d91acb37be515001f911d304bfce93540e3d063ca4640a87bd55fa9f,14.379073235999385
77,71,2,1,Batch portfolio,0.6639141475658619,2,0.2224021019287644,0.0,-8.326672684688674e-16,256,IEEE RTS 24-bus,2,3e3d0737d91acb37be515001f911d304bfce93540e3d063ca4640a87bd55fa9f,14.379073235999385
77,71,3,2,Inference portfolio,0.30397103703587725,7,-0.10182611382864112,0.0,-8.326672684688674e-16,256,IEEE RTS 24-bus,2,3e3d0737d91acb37be515001f911d304bfce93540e3d063ca4640a87bd55fa9f,14.379073235999385
77,71,4,2,Batch portfolio,0.6960289629641228,7,-0.23316012308851028,0.0,-8.326672684688674e-16,256,IEEE RTS 24-bus,2,3e3d0737d91acb37be515001f911d304bfce93540e3d063ca4640a87bd55fa9f,14.379073235999385
77,71,5,3,Inference portfolio,0.3194660181587846,14,0.0,0.0,-8.326672684688674e-16,256,IEEE RTS 24-bus,2,3e3d0737d91acb37be515001f911d304bfce93540e3d063ca4640a87bd55fa9f,14.379073235999385
77,71,6,3,Batch portfolio,0.6805339818412154,14,0.0,0.0,-8.326672684688674e-16,256,IEEE RTS 24-bus,2,3e3d0737d91acb37be515001f911d304bfce93540e3d063ca4640a87bd55fa9f,14.379073235999385
77,71,7,4,Inference portfolio,0.3374214395382333,20,0.0,0.0,-8.326672684688674e-16,256,IEEE RTS 24-bus,2,3e3d0737d91acb37be515001f911d304bfce93540e3d063ca4640a87bd55fa9f,14.379073235999385
77,71,8,4,Batch portfolio,0.6625785604617667,20,0.0,0.0,-8.326672684688674e-16,256,IEEE RTS 24-bus,2,3e3d0737d91acb37be515001f911d304bfce93540e3d063ca4640a87bd55fa9f,14.379073235999385
78,64,1,1,Inference portfolio,0.3360858524341381,2,4.429469903656355,-2.4344766043250274,-3.552713678800501e-15,256,IEEE RTS 24-bus,2,3e3d0737d91acb37be515001f911d304bfce93540e3d063ca4640a87bd55fa9f,13.876089311001124
78,64,2,1,Batch portfolio,0.6639141475658619,2,8.750108681921725,-2.4344766043250274,-3.552713678800501e-15,256,IEEE RTS 24-bus,2,3e3d0737d91acb37be515001f911d304bfce93540e3d063ca4640a87bd55fa9f,13.876089311001124
78,64,3,2,Inference portfolio,0.30397103703587725,7,-4.7462205484101405,-2.4344766043250274,-3.552713678800501e-15,256,IEEE RTS 24-bus,2,3e3d0737d91acb37be515001f911d304bfce93540e3d063ca4640a87bd55fa9f,13.876089311001124
78,64,4,2,Batch portfolio,0.6960289629641228,7,-10.867834641492973,-2.4344766043250274,-3.552713678800501e-15,256,IEEE RTS 24-bus,2,3e3d0737d91acb37be515001f911d304bfce93540e3d063ca4640a87bd55fa9f,13.876089311001124
78,64,5,3,Inference portfolio,0.3194660181587846,14,0.0,-2.4344766043250274,-3.552713678800501e-15,256,IEEE RTS 24-bus,2,3e3d0737d91acb37be515001f911d304bfce93540e3d063ca4640a87bd55fa9f,13.876089311001124
78,64,6,3,Batch portfolio,0.6805339818412154,14,0.0,-2.4344766043250274,-3.552713678800501e-15,256,IEEE RTS 24-bus,2,3e3d0737d91acb37be515001f911d304bfce93540e3d063ca4640a87bd55fa9f,13.876089311001124
78,64,7,4,Inference portfolio,0.3374214395382333,20,0.0,-2.4344766043250274,-3.552713678800501e-15,256,IEEE RTS 24-bus,2,3e3d0737d91acb37be515001f911d304bfce93540e3d063ca4640a87bd55fa9f,13.876089311001124
78,64,8,4,Batch portfolio,0.6625785604617667,20,0.0,-2.4344766043250274,-3.552713678800501e-15,256,IEEE RTS 24-bus,2,3e3d0737d91acb37be515001f911d304bfce93540e3d063ca4640a87bd55fa9f,13.876089311001124
78,65,1,1,Inference portfolio,0.3360858524341381,2,2.3897100722917157,2.4102560560513666,1.7763568394002505e-15,256,IEEE RTS 24-bus,2,3e3d0737d91acb37be515001f911d304bfce93540e3d063ca4640a87bd55fa9f,13.876089311001124
78,65,2,1,Batch portfolio,0.6639141475658619,2,4.720705480712089,2.4102560560513666,1.7763568394002505e-15,256,IEEE RTS 24-bus,2,3e3d0737d91acb37be515001f911d304bfce93540e3d063ca4640a87bd55fa9f,13.876089311001124
78,65,3,2,Inference portfolio,0.30397103703587725,7,-1.4287123565222826,2.4102560560513666,1.7763568394002505e-15,256,IEEE RTS 24-bus,2,3e3d0737d91acb37be515001f911d304bfce93540e3d063ca4640a87bd55fa9f,13.876089311001124
78,65,4,2,Batch portfolio,0.6960289629641228,7,-3.2714471404301544,2.4102560560513666,1.7763568394002505e-15,256,IEEE RTS 24-bus,2,3e3d0737d91acb37be515001f911d304bfce93540e3d063ca4640a87bd55fa9f,13.876089311001124
78,65,5,3,Inference portfolio,0.3194660181587846,14,0.0,2.4102560560513666,1.7763568394002505e-15,256,IEEE RTS 24-bus,2,3e3d0737d91acb37be515001f911d304bfce93540e3d063ca4640a87bd55fa9f,13.876089311001124
78,65,6,3,Batch portfolio,0.6805339818412154,14,0.0,2.4102560560513666,1.7763568394002505e-15,256,IEEE RTS 24-bus,2,3e3d0737d91acb37be515001f911d304bfce93540e3d063ca4640a87bd55fa9f,13.876089311001124
78,65,7,4,Inference portfolio,0.3374214395382333,20,0.0,2.4102560560513666,1.7763568394002505e-15,256,IEEE RTS 24-bus,2,3e3d0737d91acb37be515001f911d304bfce93540e3d063ca4640a87bd55fa9f,13.876089311001124
78,65,8,4,Batch portfolio,0.6625785604617667,20,0.0,2.4102560560513666,1.7763568394002505e-15,256,IEEE RTS 24-bus,2,3e3d0737d91acb37be515001f911d304bfce93540e3d063ca4640a87bd55fa9f,13.876089311001124
78,66,1,1,Inference portfolio,0.3360858524341381,2,3.2582862086765836,-17.861368348741962,7.105427357601002e-15,256,IEEE RTS 24-bus,2,3e3d0737d91acb37be515001f911d304bfce93540e3d063ca4640a87bd55fa9f,13.876089311001124
78,66,2,1,Batch portfolio,0.6639141475658619,2,6.436517024123219,-17.861368348741962,7.105427357601002e-15,256,IEEE RTS 24-bus,2,3e3d0737d91acb37be515001f911d304bfce93540e3d063ca4640a87bd55fa9f,13.876089311001124
78,66,3,2,Inference portfolio,0.30397103703587725,7,-4.831241683019303,-17.861368348741962,7.105427357601002e-15,256,IEEE RTS 24-bus,2,3e3d0737d91acb37be515001f911d304bfce93540e3d063ca4640a87bd55fa9f,13.876089311001124
78,66,4,2,Batch portfolio,0.6960289629641228,7,-11.062514939750216,-17.861368348741962,7.105427357601002e-15,256,IEEE RTS 24-bus,2,3e3d0737d91acb37be515001f911d304bfce93540e3d063ca4640a87bd55fa9f,13.876089311001124
78,66,5,3,Inference portfolio,0.3194660181587846,14,-2.263077046309542,-17.861368348741962,7.105427357601002e-15,256,IEEE RTS 24-bus,2,3e3d0737d91acb37be515001f911d304bfce93540e3d063ca4640a87bd55fa9f,13.876089311001124
78,66,6,3,Batch portfolio,0.6805339818412154,14,-4.820859640767702,-17.861368348741962,7.105427357601002e-15,256,IEEE RTS 24-bus,2,3e3d0737d91acb37be515001f911d304bfce93540e3d063ca4640a87bd55fa9f,13.876089311001124
78,66,7,4,Inference portfolio,0.3374214395382333,20,-1.544876729329606,-17.861368348741962,7.105427357601002e-15,256,IEEE RTS 24-bus,2,3e3d0737d91acb37be515001f911d304bfce93540e3d063ca4640a87bd55fa9f,13.876089311001124
78,66,8,4,Batch portfolio,0.6625785604617667,20,-3.0336015423653886,-17.861368348741962,7.105427357601002e-15,256,IEEE RTS 24-bus,2,3e3d0737d91acb37be515001f911d304bfce93540e3d063ca4640a87bd55fa9f,13.876089311001124
78,67,1,1,Inference portfolio,0.3360858524341381,2,1.7769085644641371,17.683666031301982,1.0658141036401503e-14,256,IEEE RTS 24-bus,2,3e3d0737d91acb37be515001f911d304bfce93540e3d063ca4640a87bd55fa9f,13.876089311001124
78,67,2,1,Batch portfolio,0.6639141475658619,2,3.510158866654277,17.683666031301982,1.0658141036401503e-14,256,IEEE RTS 24-bus,2,3e3d0737d91acb37be515001f911d304bfce93540e3d063ca4640a87bd55fa9f,13.876089311001124
78,67,3,2,Inference portfolio,0.30397103703587725,7,0.25844004310638635,17.683666031301982,1.0658141036401503e-14,256,IEEE RTS 24-bus,2,3e3d0737d91acb37be515001f911d304bfce93540e3d063ca4640a87bd55fa9f,13.876089311001124
78,67,4,2,Batch portfolio,0.6960289629641228,7,0.5917726798776507,17.683666031301982,1.0658141036401503e-14,256,IEEE RTS 24-bus,2,3e3d0737d91acb37be515001f911d304bfce93540e3d063ca4640a87bd55fa9f,13.876089311001124
78,67,5,3,Inference portfolio,0.3194660181587846,14,2.240561748051477,17.683666031301982,1.0658141036401503e-14,256,IEEE RTS 24-bus,2,3e3d0737d91acb37be515001f911d304bfce93540e3d063ca4640a87bd55fa9f,13.876089311001124
78,67,6,3,Batch portfolio,0.6805339818412154,14,4.772897025950841,17.683666031301982,1.0658141036401503e-14,256,IEEE RTS 24-bus,2,3e3d0737d91acb37be515001f911d304bfce93540e3d063ca4640a87bd55fa9f,13.876089311001124
78,67,7,4,Inference portfolio,0.3374214395382333,20,1.5295067884828286,17.683666031301982,1.0658141036401503e-14,256,IEEE RTS 24-bus,2,3e3d0737d91acb37be515001f911d304bfce93540e3d063ca4640a87bd55fa9f,13.876089311001124
78,67,8,4,Batch portfolio,0.6625785604617667,20,3.003420314714393,17.683666031301982,1.0658141036401503e-14,256,IEEE RTS 24-bus,2,3e3d0737d91acb37be515001f911d304bfce93540e3d063ca4640a87bd55fa9f,13.876089311001124
78,68,1,1,Inference portfolio,0.3360858524341381,2,0.7285839647527921,0.0,-3.1086244689504383e-15,256,IEEE RTS 24-bus,2,3e3d0737d91acb37be515001f911d304bfce93540e3d063ca4640a87bd55fa9f,13.876089311001124
78,68,2,1,Batch portfolio,0.6639141475658619,2,1.4392667777757788,0.0,-3.1086244689504383e-15,256,IEEE RTS 24-bus,2,3e3d0737d91acb37be515001f911d304bfce93540e3d063ca4640a87bd55fa9f,13.876089311001124
78,68,3,2,Inference portfolio,0.30397103703587725,7,-0.6589638383461537,0.0,-3.1086244689504383e-15,256,IEEE RTS 24-bus,2,3e3d0737d91acb37be515001f911d304bfce93540e3d063ca4640a87bd55fa9f,13.876089311001124
78,68,4,2,Batch portfolio,0.6960289629641228,7,-1.50888690418242,0.0,-3.1086244689504383e-15,256,IEEE RTS 24-bus,2,3e3d0737d91acb37be515001f911d304bfce93540e3d063ca4640a87bd55fa9f,13.876089311001124
78,68,5,3,Inference portfolio,0.3194660181587846,14,0.0,0.0,-3.1086244689504383e-15,256,IEEE RTS 24-bus,2,3e3d0737d91acb37be515001f911d304bfce93540e3d063ca4640a87bd55fa9f,13.876089311001124
78,68,6,3,Batch portfolio,0.6805339818412154,14,0.0,0.0,-3.1086244689504383e-15,256,IEEE RTS 24-bus,2,3e3d0737d91acb37be515001f911d304bfce93540e3d063ca4640a87bd55fa9f,13.876089311001124
78,68,7,4,Inference portfolio,0.3374214395382333,20,0.0,0.0,-3.1086244689504383e-15,256,IEEE RTS 24-bus,2,3e3d0737d91acb37be515001f911d304bfce93540e3d063ca4640a87bd55fa9f,13.876089311001124
78,68,8,4,Batch portfolio,0.6625785604617667,20,0.0,0.0,-3.1086244689504383e-15,256,IEEE RTS 24-bus,2,3e3d0737d91acb37be515001f911d304bfce93540e3d063ca4640a87bd55fa9f,13.876089311001124
78,69,1,1,Inference portfolio,0.3360858524341381,2,3.637706422476494,0.0,-7.105427357601002e-15,256,IEEE RTS 24-bus,2,3e3d0737d91acb37be515001f911d304bfce93540e3d063ca4640a87bd55fa9f,13.876089311001124
78,69,2,1,Batch portfolio,0.6639141475658619,2,7.186035178455914,0.0,-7.105427357601002e-15,256,IEEE RTS 24-bus,2,3e3d0737d91acb37be515001f911d304bfce93540e3d063ca4640a87bd55fa9f,13.876089311001124
78,69,3,2,Inference portfolio,0.30397103703587725,7,-3.2901039590433383,0.0,-7.105427357601002e-15,256,IEEE RTS 24-bus,2,3e3d0737d91acb37be515001f911d304bfce93540e3d063ca4640a87bd55fa9f,13.876089311001124
78,69,4,2,Batch portfolio,0.6960289629641228,7,-7.533637641889076,0.0,-7.105427357601002e-15,256,IEEE RTS 24-bus,2,3e3d0737d91acb37be515001f911d304bfce93540e3d063ca4640a87bd55fa9f,13.876089311001124
78,69,5,3,Inference portfolio,0.3194660181587846,14,0.0,0.0,-7.105427357601002e-15,256,IEEE RTS 24-bus,2,3e3d0737d91acb37be515001f911d304bfce93540e3d063ca4640a87bd55fa9f,13.876089311001124
78,69,6,3,Batch portfolio,0.6805339818412154,14,0.0,0.0,-7.105427357601002e-15,256,IEEE RTS 24-bus,2,3e3d0737d91acb37be515001f911d304bfce93540e3d063ca4640a87bd55fa9f,13.876089311001124
78,69,7,4,Inference portfolio,0.3374214395382333,20,0.0,0.0,-7.105427357601002e-15,256,IEEE RTS 24-bus,2,3e3d0737d91acb37be515001f911d304bfce93540e3d063ca4640a87bd55fa9f,13.876089311001124
78,69,8,4,Batch portfolio,0.6625785604617667,20,0.0,0.0,-7.105427357601002e-15,256,IEEE RTS 24-bus,2,3e3d0737d91acb37be515001f911d304bfce93540e3d063ca4640a87bd55fa9f,13.876089311001124
78,70,1,1,Inference portfolio,0.3360858524341381,2,1.2343243001620667,3.637978807091713e-12,-1.7763568394002505e-15,256,IEEE RTS 24-bus,2,3e3d0737d91acb37be515001f911d304bfce93540e3d063ca4640a87bd55fa9f,13.876089311001124
78,70,2,1,Batch portfolio,0.6639141475658619,2,2.4383215170358503,3.637978807091713e-12,-1.7763568394002505e-15,256,IEEE RTS 24-bus,2,3e3d0737d91acb37be515001f911d304bfce93540e3d063ca4640a87bd55fa9f,13.876089311001124
78,70,3,2,Inference portfolio,0.30397103703587725,7,-1.116377957717305,3.637978807091713e-12,-1.7763568394002505e-15,256,IEEE RTS 24-bus,2,3e3d0737d91acb37be515001f911d304bfce93540e3d063ca4640a87bd55fa9f,13.876089311001124
78,70,4,2,Batch portfolio,0.6960289629641228,7,-2.556267859476976,3.637978807091713e-12,-1.7763568394002505e-15,256,IEEE RTS 24-bus,2,3e3d0737d91acb37be515001f911d304bfce93540e3d063ca4640a87bd55fa9f,13.876089311001124
78,70,5,3,Inference portfolio,0.3194660181587846,14,0.0,3.637978807091713e-12,-1.7763568394002505e-15,256,IEEE RTS 24-bus,2,3e3d0737d91acb37be515001f911d304bfce93540e3d063ca4640a87bd55fa9f,13.876089311001124
78,70,6,3,Batch portfolio,0.6805339818412154,14,0.0,3.637978807091713e-12,-1.7763568394002505e-15,256,IEEE RTS 24-bus,2,3e3d0737d91acb37be515001f911d304bfce93540e3d063ca4640a87bd55fa9f,13.876089311001124
78,70,7,4,Inference portfolio,0.3374214395382333,20,0.0,3.637978807091713e-12,-1.7763568394002505e-15,256,IEEE RTS 24-bus,2,3e3d0737d91acb37be515001f911d304bfce93540e3d063ca4640a87bd55fa9f,13.876089311001124
78,70,8,4,Batch portfolio,0.6625785604617667,20,0.0,3.637978807091713e-12,-1.7763568394002505e-15,256,IEEE RTS 24-bus,2,3e3d0737d91acb37be515001f911d304bfce93540e3d063ca4640a87bd55fa9f,13.876089311001124
78,71,1,1,Inference portfolio,0.3360858524341381,2,0.8789764898465378,0.0,1.7763568394002505e-15,256,IEEE RTS 24-bus,2,3e3d0737d91acb37be515001f911d304bfce93540e3d063ca4640a87bd55fa9f,13.876089311001124
78,71,2,1,Batch portfolio,0.6639141475658619,2,1.7363567158827213,0.0,1.7763568394002505e-15,256,IEEE RTS 24-bus,2,3e3d0737d91acb37be515001f911d304bfce93540e3d063ca4640a87bd55fa9f,13.876089311001124
78,71,3,2,Inference portfolio,0.30397103703587725,7,-0.7949855467395535,0.0,1.7763568394002505e-15,256,IEEE RTS 24-bus,2,3e3d0737d91acb37be515001f911d304bfce93540e3d063ca4640a87bd55fa9f,13.876089311001124
78,71,4,2,Batch portfolio,0.6960289629641228,7,-1.8203476589897036,0.0,1.7763568394002505e-15,256,IEEE RTS 24-bus,2,3e3d0737d91acb37be515001f911d304bfce93540e3d063ca4640a87bd55fa9f,13.876089311001124
78,71,5,3,Inference portfolio,0.3194660181587846,14,0.0,0.0,1.7763568394002505e-15,256,IEEE RTS 24-bus,2,3e3d0737d91acb37be515001f911d304bfce93540e3d063ca4640a87bd55fa9f,13.876089311001124
78,71,6,3,Batch portfolio,0.6805339818412154,14,0.0,0.0,1.7763568394002505e-15,256,IEEE RTS 24-bus,2,3e3d0737d91acb37be515001f911d304bfce93540e3d063ca4640a87bd55fa9f,13.876089311001124
78,71,7,4,Inference portfolio,0.3374214395382333,20,0.0,0.0,1.7763568394002505e-15,256,IEEE RTS 24-bus,2,3e3d0737d91acb37be515001f911d304bfce93540e3d063ca4640a87bd55fa9f,13.876089311001124
78,71,8,4,Batch portfolio,0.6625785604617667,20,0.0,0.0,1.7763568394002505e-15,256,IEEE RTS 24-bus,2,3e3d0737d91acb37be515001f911d304bfce93540e3d063ca4640a87bd55fa9f,13.876089311001124
79,64,1,1,Inference portfolio,0.3360858524341381,2,9.856459294601619,-3.0014333079452626,2.220446049250313e-14,256,IEEE RTS 24-bus,2,3e3d0737d91acb37be515001f911d304bfce93540e3d063ca4640a87bd55fa9f,13.931264774000738
79,64,2,1,Batch portfolio,0.6639141475658619,2,19.470747498588103,-3.0014333079452626,2.220446049250313e-14,256,IEEE RTS 24-bus,2,3e3d0737d91acb37be515001f911d304bfce93540e3d063ca4640a87bd55fa9f,13.931264774000738
79,64,3,2,Inference portfolio,0.30397103703587725,7,-8.831479720468643,-3.0014333079452626,2.220446049250313e-14,256,IEEE RTS 24-bus,2,3e3d0737d91acb37be515001f911d304bfce93540e3d063ca4640a87bd55fa9f,13.931264774000738
79,64,4,2,Batch portfolio,0.6960289629641228,7,-20.22220844201935,-3.0014333079452626,2.220446049250313e-14,256,IEEE RTS 24-bus,2,3e3d0737d91acb37be515001f911d304bfce93540e3d063ca4640a87bd55fa9f,13.931264774000738
79,64,5,3,Inference portfolio,0.3194660181587846,14,0.0,-3.0014333079452626,2.220446049250313e-14,256,IEEE RTS 24-bus,2,3e3d0737d91acb37be515001f911d304bfce93540e3d063ca4640a87bd55fa9f,13.931264774000738
79,64,6,3,Batch portfolio,0.6805339818412154,14,0.0,-3.0014333079452626,2.220446049250313e-14,256,IEEE RTS 24-bus,2,3e3d0737d91acb37be515001f911d304bfce93540e3d063ca4640a87bd55fa9f,13.931264774000738
79,64,7,4,Inference portfolio,0.3374214395382333,20,-1.105038997557161,-3.0014333079452626,2.220446049250313e-14,256,IEEE RTS 24-bus,2,3e3d0737d91acb37be515001f911d304bfce93540e3d063ca4640a87bd55fa9f,13.931264774000738
79,64,8,4,Batch portfolio,0.6625785604617667,20,-2.1699129410898093,-3.0014333079452626,2.220446049250313e-14,256,IEEE RTS 24-bus,2,3e3d0737d91acb37be515001f911d304bfce93540e3d063ca4640a87bd55fa9f,13.931264774000738
79,65,1,1,Inference portfolio,0.3360858524341381,2,1.6927359954241172,3.401468937548998,-5.773159728050814e-15,256,IEEE RTS 24-bus,2,3e3d0737d91acb37be515001f911d304bfce93540e3d063ca4640a87bd55fa9f,13.931264774000738
79,65,2,1,Batch portfolio,0.6639141475658619,2,3.343618781648695,3.401468937548998,-5.773159728050814e-15,256,IEEE RTS 24-bus,2,3e3d0737d91acb37be515001f911d304bfce93540e3d063ca4640a87bd55fa9f,13.931264774000738
79,65,3,2,Inference portfolio,0.30397103703587725,7,-1.473166668899042,3.401468937548998,-5.773159728050814e-15,256,IEEE RTS 24-bus,2,3e3d0737d91acb37be515001f911d304bfce93540e3d063ca4640a87bd55fa9f,13.931264774000738
79,65,4,2,Batch portfolio,0.6960289629641228,7,-3.372599315452561,3.401468937548998,-5.773159728050814e-15,256,IEEE RTS 24-bus,2,3e3d0737d91acb37be515001f911d304bfce93540e3d063ca4640a87bd55fa9f,13.931264774000738
79,65,5,3,Inference portfolio,0.3194660181587846,14,0.0,3.401468937548998,-5.773159728050814e-15,256,IEEE RTS 24-bus,2,3e3d0737d91acb37be515001f911d304bfce93540e3d063ca4640a87bd55fa9f,13.931264774000738
79,65,6,3,Batch portfolio,0.6805339818412154,14,0.0,3.401468937548998,-5.773159728050814e-15,256,IEEE RTS 24-bus,2,3e3d0737d91acb37be515001f911d304bfce93540e3d063ca4640a87bd55fa9f,13.931264774000738
79,65,7,4,Inference portfolio,0.3374214395382333,20,1.0834490171854978,3.401468937548998,-5.773159728050814e-15,256,IEEE RTS 24-bus,2,3e3d0737d91acb37be515001f911d304bfce93540e3d063ca4640a87bd55fa9f,13.931264774000738
79,65,8,4,Batch portfolio,0.6625785604617667,20,2.127431127642285,3.401468937548998,-5.773159728050814e-15,256,IEEE RTS 24-bus,2,3e3d0737d91acb37be515001f911d304bfce93540e3d063ca4640a87bd55fa9f,13.931264774000738
79,66,1,1,Inference portfolio,0.3360858524341381,2,4.0970981964707525,0.0,3.552713678800501e-15,256,IEEE RTS 24-bus,2,3e3d0737d91acb37be515001f911d304bfce93540e3d063ca4640a87bd55fa9f,13.931264774000738
79,66,2,1,Batch portfolio,0.6639141475658619,2,8.093531569100076,0.0,3.552713678800501e-15,256,IEEE RTS 24-bus,2,3e3d0737d91acb37be515001f911d304bfce93540e3d063ca4640a87bd55fa9f,13.931264774000738
79,66,3,2,Inference portfolio,0.30397103703587725,7,-3.705598371961066,0.0,3.552713678800501e-15,256,IEEE RTS 24-bus,2,3e3d0737d91acb37be515001f911d304bfce93540e3d063ca4640a87bd55fa9f,13.931264774000738
79,66,4,2,Batch portfolio,0.6960289629641228,7,-8.48503139360976,0.0,3.552713678800501e-15,256,IEEE RTS 24-bus,2,3e3d0737d91acb37be515001f911d304bfce93540e3d063ca4640a87bd55fa9f,13.931264774000738
79,66,5,3,Inference portfolio,0.3194660181587846,14,0.0,0.0,3.552713678800501e-15,256,IEEE RTS 24-bus,2,3e3d0737d91acb37be515001f911d304bfce93540e3d063ca4640a87bd55fa9f,13.931264774000738
79,66,6,3,Batch portfolio,0.6805339818412154,14,0.0,0.0,3.552713678800501e-15,256,IEEE RTS 24-bus,2,3e3d0737d91acb37be515001f911d304bfce93540e3d063ca4640a87bd55fa9f,13.931264774000738
79,66,7,4,Inference portfolio,0.3374214395382333,20,0.0,0.0,3.552713678800501e-15,256,IEEE RTS 24-bus,2,3e3d0737d91acb37be515001f911d304bfce93540e3d063ca4640a87bd55fa9f,13.931264774000738
79,66,8,4,Batch portfolio,0.6625785604617667,20,0.0,0.0,3.552713678800501e-15,256,IEEE RTS 24-bus,2,3e3d0737d91acb37be515001f911d304bfce93540e3d063ca4640a87bd55fa9f,13.931264774000738
79,67,1,1,Inference portfolio,0.3360858524341381,2,8.09771862320637,0.0,7.105427357601002e-15,256,IEEE RTS 24-bus,2,3e3d0737d91acb37be515001f911d304bfce93540e3d063ca4640a87bd55fa9f,13.931264774000738
79,67,2,1,Batch portfolio,0.6639141475658619,2,15.996478036836695,0.0,7.105427357601002e-15,256,IEEE RTS 24-bus,2,3e3d0737d91acb37be515001f911d304bfce93540e3d063ca4640a87bd55fa9f,13.931264774000738
79,67,3,2,Inference portfolio,0.30397103703587725,7,-7.323937945299499,0.0,7.105427357601002e-15,256,IEEE RTS 24-bus,2,3e3d0737d91acb37be515001f911d304bfce93540e3d063ca4640a87bd55fa9f,13.931264774000738
79,67,4,2,Batch portfolio,0.6960289629641228,7,-16.770258714743562,0.0,7.105427357601002e-15,256,IEEE RTS 24-bus,2,3e3d0737d91acb37be515001f911d304bfce93540e3d063ca4640a87bd55fa9f,13.931264774000738
79,67,5,3,Inference portfolio,0.3194660181587846,14,0.0,0.0,7.105427357601002e-15,256,IEEE RTS 24-bus,2,3e3d0737d91acb37be515001f911d304bfce93540e3d063ca4640a87bd55fa9f,13.931264774000738
79,67,6,3,Batch portfolio,0.6805339818412154,14,0.0,0.0,7.105427357601002e-15,256,IEEE RTS 24-bus,2,3e3d0737d91acb37be515001f911d304bfce93540e3d063ca4640a87bd55fa9f,13.931264774000738
79,67,7,4,Inference portfolio,0.3374214395382333,20,0.0,0.0,7.105427357601002e-15,256,IEEE RTS 24-bus,2,3e3d0737d91acb37be515001f911d304bfce93540e3d063ca4640a87bd55fa9f,13.931264774000738
79,67,8,4,Batch portfolio,0.6625785604617667,20,0.0,0.0,7.105427357601002e-15,256,IEEE RTS 24-bus,2,3e3d0737d91acb37be515001f911d304bfce93540e3d063ca4640a87bd55fa9f,13.931264774000738
79,68,1,1,Inference portfolio,0.3360858524341381,2,5.96558663720134,0.0,0.0,256,IEEE RTS 24-bus,2,3e3d0737d91acb37be515001f911d304bfce93540e3d063ca4640a87bd55fa9f,13.931264774000738
79,68,2,1,Batch portfolio,0.6639141475658619,2,11.784600090372505,0.0,0.0,256,IEEE RTS 24-bus,2,3e3d0737d91acb37be515001f911d304bfce93540e3d063ca4640a87bd55fa9f,13.931264774000738
79,68,3,2,Inference portfolio,0.30397103703587725,7,-5.395542667161561,0.0,0.0,256,IEEE RTS 24-bus,2,3e3d0737d91acb37be515001f911d304bfce93540e3d063ca4640a87bd55fa9f,13.931264774000738
79,68,4,2,Batch portfolio,0.6960289629641228,7,-12.354644060412282,0.0,0.0,256,IEEE RTS 24-bus,2,3e3d0737d91acb37be515001f911d304bfce93540e3d063ca4640a87bd55fa9f,13.931264774000738
79,68,5,3,Inference portfolio,0.3194660181587846,14,0.0,0.0,0.0,256,IEEE RTS 24-bus,2,3e3d0737d91acb37be515001f911d304bfce93540e3d063ca4640a87bd55fa9f,13.931264774000738
79,68,6,3,Batch portfolio,0.6805339818412154,14,0.0,0.0,0.0,256,IEEE RTS 24-bus,2,3e3d0737d91acb37be515001f911d304bfce93540e3d063ca4640a87bd55fa9f,13.931264774000738
79,68,7,4,Inference portfolio,0.3374214395382333,20,0.0,0.0,0.0,256,IEEE RTS 24-bus,2,3e3d0737d91acb37be515001f911d304bfce93540e3d063ca4640a87bd55fa9f,13.931264774000738
79,68,8,4,Batch portfolio,0.6625785604617667,20,0.0,0.0,0.0,256,IEEE RTS 24-bus,2,3e3d0737d91acb37be515001f911d304bfce93540e3d063ca4640a87bd55fa9f,13.931264774000738
79,69,1,1,Inference portfolio,0.3360858524341381,2,28.719805676276607,46.628373081573955,-1.4210854715202004e-14,256,IEEE RTS 24-bus,2,3e3d0737d91acb37be515001f911d304bfce93540e3d063ca4640a87bd55fa9f,13.931264774000738
79,69,2,1,Batch portfolio,0.6639141475658619,2,56.71579162024567,46.628373081573955,-1.4210854715202004e-14,256,IEEE RTS 24-bus,2,3e3d0737d91acb37be515001f911d304bfce93540e3d063ca4640a87bd55fa9f,13.931264774000738
79,69,3,2,Inference portfolio,0.30397103703587725,7,0.0,46.628373081573955,-1.4210854715202004e-14,256,IEEE RTS 24-bus,2,3e3d0737d91acb37be515001f911d304bfce93540e3d063ca4640a87bd55fa9f,13.931264774000738
79,69,4,2,Batch portfolio,0.6960289629641228,7,0.0,46.628373081573955,-1.4210854715202004e-14,256,IEEE RTS 24-bus,2,3e3d0737d91acb37be515001f911d304bfce93540e3d063ca4640a87bd55fa9f,13.931264774000738
79,69,5,3,Inference portfolio,0.3194660181587846,14,-12.39565197888684,46.628373081573955,-1.4210854715202004e-14,256,IEEE RTS 24-bus,2,3e3d0737d91acb37be515001f911d304bfce93540e3d063ca4640a87bd55fa9f,13.931264774000738
79,69,6,3,Batch portfolio,0.6805339818412154,14,-26.4115722360615,46.628373081573955,-1.4210854715202004e-14,256,IEEE RTS 24-bus,2,3e3d0737d91acb37be515001f911d304bfce93540e3d063ca4640a87bd55fa9f,13.931264774000738
79,69,7,4,Inference portfolio,0.3374214395382333,20,0.0,46.628373081573955,-1.4210854715202004e-14,256,IEEE RTS 24-bus,2,3e3d0737d91acb37be515001f911d304bfce93540e3d063ca4640a87bd55fa9f,13.931264774000738
79,69,8,4,Batch portfolio,0.6625785604617667,20,0.0,46.628373081573955,-1.4210854715202004e-14,256,IEEE RTS 24-bus,2,3e3d0737d91acb37be515001f911d304bfce93540e3d063ca4640a87bd55fa9f,13.931264774000738
79,70,1,1,Inference portfolio,0.3360858524341381,2,7.417277182251076,-45.94737848807381,1.4210854715202004e-14,256,IEEE RTS 24-bus,2,3e3d0737d91acb37be515001f911d304bfce93540e3d063ca4640a87bd55fa9f,13.931264774000738
79,70,2,1,Batch portfolio,0.6639141475658619,2,14.652313455175936,-45.94737848807381,1.4210854715202004e-14,256,IEEE RTS 24-bus,2,3e3d0737d91acb37be515001f911d304bfce93540e3d063ca4640a87bd55fa9f,13.931264774000738
79,70,3,2,Inference portfolio,0.30397103703587725,7,-20.67680121748678,-45.94737848807381,1.4210854715202004e-14,256,IEEE RTS 24-bus,2,3e3d0737d91acb37be515001f911d304bfce93540e3d063ca4640a87bd55fa9f,13.931264774000738
79,70,4,2,Batch portfolio,0.6960289629641228,7,-47.340167908014024,-45.94737848807381,1.4210854715202004e-14,256,IEEE RTS 24-bus,2,3e3d0737d91acb37be515001f911d304bfce93540e3d063ca4640a87bd55fa9f,13.931264774000738
79,70,5,3,Inference portfolio,0.3194660181587846,14,0.0,-45.94737848807381,1.4210854715202004e-14,256,IEEE RTS 24-bus,2,3e3d0737d91acb37be515001f911d304bfce93540e3d063ca4640a87bd55fa9f,13.931264774000738
79,70,6,3,Batch portfolio,0.6805339818412154,14,0.0,-45.94737848807381,1.4210854715202004e-14,256,IEEE RTS 24-bus,2,3e3d0737d91acb37be515001f911d304bfce93540e3d063ca4640a87bd55fa9f,13.931264774000738
79,70,7,4,Inference portfolio,0.3374214395382333,20,0.0,-45.94737848807381,1.4210854715202004e-14,256,IEEE RTS 24-bus,2,3e3d0737d91acb37be515001f911d304bfce93540e3d063ca4640a87bd55fa9f,13.931264774000738
79,70,8,4,Batch portfolio,0.6625785604617667,20,0.0,-45.94737848807381,1.4210854715202004e-14,256,IEEE RTS 24-bus,2,3e3d0737d91acb37be515001f911d304bfce93540e3d063ca4640a87bd55fa9f,13.931264774000738
79,71,1,1,Inference portfolio,0.3360858524341381,2,6.136761184335531,0.0,-2.1316282072803006e-14,256,IEEE RTS 24-bus,2,3e3d0737d91acb37be515001f911d304bfce93540e3d063ca4640a87bd55fa9f,13.931264774000738
79,71,2,1,Batch portfolio,0.6639141475658619,2,12.122743462735947,0.0,-2.1316282072803006e-14,256,IEEE RTS 24-bus,2,3e3d0737d91acb37be515001f911d304bfce93540e3d063ca4640a87bd55fa9f,13.931264774000738
79,71,3,2,Inference portfolio,0.30397103703587725,7,-5.550360563331502,0.0,-2.1316282072803006e-14,256,IEEE RTS 24-bus,2,3e3d0737d91acb37be515001f911d304bfce93540e3d063ca4640a87bd55fa9f,13.931264774000738
79,71,4,2,Batch portfolio,0.6960289629641228,7,-12.709144083739996,0.0,-2.1316282072803006e-14,256,IEEE RTS 24-bus,2,3e3d0737d91acb37be515001f911d304bfce93540e3d063ca4640a87bd55fa9f,13.931264774000738
79,71,5,3,Inference portfolio,0.3194660181587846,14,0.0,0.0,-2.1316282072803006e-14,256,IEEE RTS 24-bus,2,3e3d0737d91acb37be515001f911d304bfce93540e3d063ca4640a87bd55fa9f,13.931264774000738
79,71,6,3,Batch portfolio,0.6805339818412154,14,0.0,0.0,-2.1316282072803006e-14,256,IEEE RTS 24-bus,2,3e3d0737d91acb37be515001f911d304bfce93540e3d063ca4640a87bd55fa9f,13.931264774000738
79,71,7,4,Inference portfolio,0.3374214395382333,20,0.0,0.0,-2.1316282072803006e-14,256,IEEE RTS 24-bus,2,3e3d0737d91acb37be515001f911d304bfce93540e3d063ca4640a87bd55fa9f,13.931264774000738
79,71,8,4,Batch portfolio,0.6625785604617667,20,0.0,0.0,-2.1316282072803006e-14,256,IEEE RTS 24-bus,2,3e3d0737d91acb37be515001f911d304bfce93540e3d063ca4640a87bd55fa9f,13.931264774000738
80,64,1,1,Inference portfolio,0.3360858524341381,2,8.537302699621861,0.0,-2.842170943040401e-14,256,IEEE RTS 24-bus,2,3e3d0737d91acb37be515001f911d304bfce93540e3d063ca4640a87bd55fa9f,14.558566730000166
80,64,2,1,Batch portfolio,0.6639141475658619,2,16.864845703204658,0.0,-2.842170943040401e-14,256,IEEE RTS 24-bus,2,3e3d0737d91acb37be515001f911d304bfce93540e3d063ca4640a87bd55fa9f,14.558566730000166
80,64,3,2,Inference portfolio,0.30397103703587725,7,-7.721517392946222,0.0,-2.842170943040401e-14,256,IEEE RTS 24-bus,2,3e3d0737d91acb37be515001f911d304bfce93540e3d063ca4640a87bd55fa9f,14.558566730000166
80,64,4,2,Batch portfolio,0.6960289629641228,7,-17.680631009880326,0.0,-2.842170943040401e-14,256,IEEE RTS 24-bus,2,3e3d0737d91acb37be515001f911d304bfce93540e3d063ca4640a87bd55fa9f,14.558566730000166
80,64,5,3,Inference portfolio,0.3194660181587846,14,0.0,0.0,-2.842170943040401e-14,256,IEEE RTS 24-bus,2,3e3d0737d91acb37be515001f911d304bfce93540e3d063ca4640a87bd55fa9f,14.558566730000166
80,64,6,3,Batch portfolio,0.6805339818412154,14,0.0,0.0,-2.842170943040401e-14,256,IEEE RTS 24-bus,2,3e3d0737d91acb37be515001f911d304bfce93540e3d063ca4640a87bd55fa9f,14.558566730000166
80,64,7,4,Inference portfolio,0.3374214395382333,20,0.0,0.0,-2.842170943040401e-14,256,IEEE RTS 24-bus,2,3e3d0737d91acb37be515001f911d304bfce93540e3d063ca4640a87bd55fa9f,14.558566730000166
80,64,8,4,Batch portfolio,0.6625785604617667,20,0.0,0.0,-2.842170943040401e-14,256,IEEE RTS 24-bus,2,3e3d0737d91acb37be515001f911d304bfce93540e3d063ca4640a87bd55fa9f,14.558566730000166
80,65,1,1,Inference portfolio,0.3360858524341381,2,12.36919422618909,0.0,-1.4210854715202004e-14,256,IEEE RTS 24-bus,2,3e3d0737d91acb37be515001f911d304bfce93540e3d063ca4640a87bd55fa9f,14.558566730000166
80,65,2,1,Batch portfolio,0.6639141475658619,2,24.423702256621258,0.0,-1.4210854715202004e-14,256,IEEE RTS 24-bus,2,3e3d0737d91acb37be515001f911d304bfce93540e3d063ca4640a87bd55fa9f,14.558566730000166
80,65,3,2,Inference portfolio,0.30397103703587725,7,-11.186980575838795,0.0,-1.4210854715202004e-14,256,IEEE RTS 24-bus,2,3e3d0737d91acb37be515001f911d304bfce93540e3d063ca4640a87bd55fa9f,14.558566730000166
80,65,4,2,Batch portfolio,0.6960289629641228,7,-25.605915906971564,0.0,-1.4210854715202004e-14,256,IEEE RTS 24-bus,2,3e3d0737d91acb37be515001f911d304bfce93540e3d063ca4640a87bd55fa9f,14.558566730000166
80,65,5,3,Inference portfolio,0.3194660181587846,14,0.0,0.0,-1.4210854715202004e-14,256,IEEE RTS 24-bus,2,3e3d0737d91acb37be515001f911d304bfce93540e3d063ca4640a87bd55fa9f,14.558566730000166
80,65,6,3,Batch portfolio,0.6805339818412154,14,0.0,0.0,-1.4210854715202004e-14,256,IEEE RTS 24-bus,2,3e3d0737d91acb37be515001f911d304bfce93540e3d063ca4640a87bd55fa9f,14.558566730000166
80,65,7,4,Inference portfolio,0.3374214395382333,20,0.0,0.0,-1.4210854715202004e-14,256,IEEE RTS 24-bus,2,3e3d0737d91acb37be515001f911d304bfce93540e3d063ca4640a87bd55fa9f,14.558566730000166
80,65,8,4,Batch portfolio,0.6625785604617667,20,0.0,0.0,-1.4210854715202004e-14,256,IEEE RTS 24-bus,2,3e3d0737d91acb37be515001f911d304bfce93540e3d063ca4640a87bd55fa9f,14.558566730000166
80,66,1,1,Inference portfolio,0.3360858524341381,2,7.567256696958191,-0.7197882377022324,2.1316282072803006e-14,256,IEEE RTS 24-bus,2,3e3d0737d91acb37be515001f911d304bfce93540e3d063ca4640a87bd55fa9f,14.558566730000166
80,66,2,1,Batch portfolio,0.6639141475658619,2,14.948587520081944,-0.7197882377022324,2.1316282072803006e-14,256,IEEE RTS 24-bus,2,3e3d0737d91acb37be515001f911d304bfce93540e3d063ca4640a87bd55fa9f,14.558566730000166
80,66,3,2,Inference portfolio,0.30397103703587725,7,-7.062959293452864,-0.7197882377022324,2.1316282072803006e-14,256,IEEE RTS 24-bus,2,3e3d0737d91acb37be515001f911d304bfce93540e3d063ca4640a87bd55fa9f,14.558566730000166
80,66,4,2,Batch portfolio,0.6960289629641228,7,-16.17267316128948,-0.7197882377022324,2.1316282072803006e-14,256,IEEE RTS 24-bus,2,3e3d0737d91acb37be515001f911d304bfce93540e3d063ca4640a87bd55fa9f,14.558566730000166
80,66,5,3,Inference portfolio,0.3194660181587846,14,0.0,-0.7197882377022324,2.1316282072803006e-14,256,IEEE RTS 24-bus,2,3e3d0737d91acb37be515001f911d304bfce93540e3d063ca4640a87bd55fa9f,14.558566730000166
80,66,6,3,Batch portfolio,0.6805339818412154,14,0.0,-0.7197882377022324,2.1316282072803006e-14,256,IEEE RTS 24-bus,2,3e3d0737d91acb37be515001f911d304bfce93540e3d063ca4640a87bd55fa9f,14.558566730000166
80,66,7,4,Inference portfolio,0.3374214395382333,20,0.0,-0.7197882377022324,2.1316282072803006e-14,256,IEEE RTS 24-bus,2,3e3d0737d91acb37be515001f911d304bfce93540e3d063ca4640a87bd55fa9f,14.558566730000166
80,66,8,4,Batch portfolio,0.6625785604617667,20,0.0,-0.7197882377022324,2.1316282072803006e-14,256,IEEE RTS 24-bus,2,3e3d0737d91acb37be515001f911d304bfce93540e3d063ca4640a87bd55fa9f,14.558566730000166
80,67,1,1,Inference portfolio,0.3360858524341381,2,3.3991523411652227,-7.709564379822041,1.5987211554602254e-14,256,IEEE RTS 24-bus,2,3e3d0737d91acb37be515001f911d304bfce93540e3d063ca4640a87bd55fa9f,14.558566730000166
80,67,2,1,Batch portfolio,0.6639141475658619,2,6.715545106851023,-7.709564379822041,1.5987211554602254e-14,256,IEEE RTS 24-bus,2,3e3d0737d91acb37be515001f911d304bfce93540e3d063ca4640a87bd55fa9f,14.558566730000166
80,67,3,2,Inference portfolio,0.30397103703587725,7,-2.8559265108144922,-7.709564379822041,1.5987211554602254e-14,256,IEEE RTS 24-bus,2,3e3d0737d91acb37be515001f911d304bfce93540e3d063ca4640a87bd55fa9f,14.558566730000166
80,67,4,2,Batch portfolio,0.6960289629641228,7,-6.5398775302341825,-7.709564379822041,1.5987211554602254e-14,256,IEEE RTS 24-bus,2,3e3d0737d91acb37be515001f911d304bfce93540e3d063ca4640a87bd55fa9f,14.558566730000166
80,67,5,3,Inference portfolio,0.3194660181587846,14,-0.875942699851145,-7.709564379822041,1.5987211554602254e-14,256,IEEE RTS 24-bus,2,3e3d0737d91acb37be515001f911d304bfce93540e3d063ca4640a87bd55fa9f,14.558566730000166
80,67,6,3,Batch portfolio,0.6805339818412154,14,-1.865982486570385,-7.709564379822041,1.5987211554602254e-14,256,IEEE RTS 24-bus,2,3e3d0737d91acb37be515001f911d304bfce93540e3d063ca4640a87bd55fa9f,14.558566730000166
80,67,7,4,Inference portfolio,0.3374214395382333,20,-1.9187189274053205,-7.709564379822041,1.5987211554602254e-14,256,IEEE RTS 24-bus,2,3e3d0737d91acb37be515001f911d304bfce93540e3d063ca4640a87bd55fa9f,14.558566730000166
80,67,8,4,Batch portfolio,0.6625785604617667,20,-3.7678136729627467,-7.709564379822041,1.5987211554602254e-14,256,IEEE RTS 24-bus,2,3e3d0737d91acb37be515001f911d304bfce93540e3d063ca4640a87bd55fa9f,14.558566730000166
80,68,1,1,Inference portfolio,0.3360858524341381,2,1.778391072751825,8.345489194216498,-7.105427357601002e-15,256,IEEE RTS 24-bus,2,3e3d0737d91acb37be515001f911d304bfce93540e3d063ca4640a87bd55fa9f,14.558566730000166
80,68,2,1,Batch portfolio,0.6639141475658619,2,3.5130874583183,8.345489194216498,-7.105427357601002e-15,256,IEEE RTS 24-bus,2,3e3d0737d91acb37be515001f911d304bfce93540e3d063ca4640a87bd55fa9f,14.558566730000166
80,68,3,2,Inference portfolio,0.30397103703587725,7,-1.6084562165421021,8.345489194216498,-7.105427357601002e-15,256,IEEE RTS 24-bus,2,3e3d0737d91acb37be515001f911d304bfce93540e3d063ca4640a87bd55fa9f,14.558566730000166
80,68,4,2,Batch portfolio,0.6960289629641228,7,-3.6830223145277423,8.345489194216498,-7.105427357601002e-15,256,IEEE RTS 24-bus,2,3e3d0737d91acb37be515001f911d304bfce93540e3d063ca4640a87bd55fa9f,14.558566730000166
80,68,5,3,Inference portfolio,0.3194660181587846,14,0.8673432039148375,8.345489194216498,-7.105427357601002e-15,256,IEEE RTS 24-bus,2,3e3d0737d91acb37be515001f911d304bfce93540e3d063ca4640a87bd55fa9f,14.558566730000166
80,68,6,3,Batch portfolio,0.6805339818412154,14,1.847634773754384,8.345489194216498,-7.105427357601002e-15,256,IEEE RTS 24-bus,2,3e3d0737d91acb37be515001f911d304bfce93540e3d063ca4640a87bd55fa9f,14.558566730000166
80,68,7,4,Inference portfolio,0.3374214395382333,20,1.8998552000236355,8.345489194216498,-7.105427357601002e-15,256,IEEE RTS 24-bus,2,3e3d0737d91acb37be515001f911d304bfce93540e3d063ca4640a87bd55fa9f,14.558566730000166
80,68,8,4,Batch portfolio,0.6625785604617667,20,3.730656016523354,8.345489194216498,-7.105427357601002e-15,256,IEEE RTS 24-bus,2,3e3d0737d91acb37be515001f911d304bfce93540e3d063ca4640a87bd55fa9f,14.558566730000166
80,69,1,1,Inference portfolio,0.3360858524341381,2,3.389762075716467,-3.0923257758149703,1.9095836023552692e-14,256,IEEE RTS 24-bus,2,3e3d0737d91acb37be515001f911d304bfce93540e3d063ca4640a87bd55fa9f,14.558566730000166
80,69,2,1,Batch portfolio,0.6639141475658619,2,6.696238424352344,-3.0923257758149703,1.9095836023552692e-14,256,IEEE RTS 24-bus,2,3e3d0737d91acb37be515001f911d304bfce93540e3d063ca4640a87bd55fa9f,14.558566730000166
80,69,3,2,Inference portfolio,0.30397103703587725,7,-3.3147302372134315,-3.0923257758149703,1.9095836023552692e-14,256,IEEE RTS 24-bus,2,3e3d0737d91acb37be515001f911d304bfce93540e3d063ca4640a87bd55fa9f,14.558566730000166
80,69,4,2,Batch portfolio,0.6960289629641228,7,-7.5900265762538055,-3.0923257758149703,1.9095836023552692e-14,256,IEEE RTS 24-bus,2,3e3d0737d91acb37be515001f911d304bfce93540e3d063ca4640a87bd55fa9f,14.558566730000166
80,69,5,3,Inference portfolio,0.3194660181587846,14,0.0,-3.0923257758149703,1.9095836023552692e-14,256,IEEE RTS 24-bus,2,3e3d0737d91acb37be515001f911d304bfce93540e3d063ca4640a87bd55fa9f,14.558566730000166
80,69,6,3,Batch portfolio,0.6805339818412154,14,0.0,-3.0923257758149703,1.9095836023552692e-14,256,IEEE RTS 24-bus,2,3e3d0737d91acb37be515001f911d304bfce93540e3d063ca4640a87bd55fa9f,14.558566730000166
80,69,7,4,Inference portfolio,0.3374214395382333,20,-0.7671510808981408,-3.0923257758149703,1.9095836023552692e-14,256,IEEE RTS 24-bus,2,3e3d0737d91acb37be515001f911d304bfce93540e3d063ca4640a87bd55fa9f,14.558566730000166
80,69,8,4,Batch portfolio,0.6625785604617667,20,-1.5064183815183827,-3.0923257758149703,1.9095836023552692e-14,256,IEEE RTS 24-bus,2,3e3d0737d91acb37be515001f911d304bfce93540e3d063ca4640a87bd55fa9f,14.558566730000166
80,70,1,1,Inference portfolio,0.3360858524341381,2,3.459165853596552,3.0923257758149703,2.6645352591003757e-15,256,IEEE RTS 24-bus,2,3e3d0737d91acb37be515001f911d304bfce93540e3d063ca4640a87bd55fa9f,14.558566730000166
80,70,2,1,Batch portfolio,0.6639141475658619,2,6.833095221699055,3.0923257758149703,2.6645352591003757e-15,256,IEEE RTS 24-bus,2,3e3d0737d91acb37be515001f911d304bfce93540e3d063ca4640a87bd55fa9f,14.558566730000166
80,70,3,2,Inference portfolio,0.30397103703587725,7,-2.880369483220178,3.0923257758149703,2.6645352591003757e-15,256,IEEE RTS 24-bus,2,3e3d0737d91acb37be515001f911d304bfce93540e3d063ca4640a87bd55fa9f,14.558566730000166
80,70,4,2,Batch portfolio,0.6960289629641228,7,-6.589918377026817,3.0923257758149703,2.6645352591003757e-15,256,IEEE RTS 24-bus,2,3e3d0737d91acb37be515001f911d304bfce93540e3d063ca4640a87bd55fa9f,14.558566730000166
80,70,5,3,Inference portfolio,0.3194660181587846,14,0.0,3.0923257758149703,2.6645352591003757e-15,256,IEEE RTS 24-bus,2,3e3d0737d91acb37be515001f911d304bfce93540e3d063ca4640a87bd55fa9f,14.558566730000166
80,70,6,3,Batch portfolio,0.6805339818412154,14,0.0,3.0923257758149703,2.6645352591003757e-15,256,IEEE RTS 24-bus,2,3e3d0737d91acb37be515001f911d304bfce93540e3d063ca4640a87bd55fa9f,14.558566730000166
80,70,7,4,Inference portfolio,0.3374214395382333,20,0.7660329602278879,3.0923257758149703,2.6645352591003757e-15,256,IEEE RTS 24-bus,2,3e3d0737d91acb37be515001f911d304bfce93540e3d063ca4640a87bd55fa9f,14.558566730000166
80,70,8,4,Batch portfolio,0.6625785604617667,20,1.5043196005384734,3.0923257758149703,2.6645352591003757e-15,256,IEEE RTS 24-bus,2,3e3d0737d91acb37be515001f911d304bfce93540e3d063ca4640a87bd55fa9f,14.558566730000166
80,71,1,1,Inference portfolio,0.3360858524341381,2,5.324584059057696,1.8189894035458565e-12,-1.4210854715202004e-14,256,IEEE RTS 24-bus,2,3e3d0737d91acb37be515001f911d304bfce93540e3d063ca4640a87bd55fa9f,14.558566730000166
80,71,2,1,Batch portfolio,0.6639141475658619,2,10.518344229931254,1.8189894035458565e-12,-1.4210854715202004e-14,256,IEEE RTS 24-bus,2,3e3d0737d91acb37be515001f911d304bfce93540e3d063ca4640a87bd55fa9f,14.558566730000166
80,71,3,2,Inference portfolio,0.30397103703587725,7,-4.815791341686543,1.8189894035458565e-12,-1.4210854715202004e-14,256,IEEE RTS 24-bus,2,3e3d0737d91acb37be515001f911d304bfce93540e3d063ca4640a87bd55fa9f,14.558566730000166
80,71,4,2,Batch portfolio,0.6960289629641228,7,-11.027136947300603,1.8189894035458565e-12,-1.4210854715202004e-14,256,IEEE RTS 24-bus,2,3e3d0737d91acb37be515001f911d304bfce93540e3d063ca4640a87bd55fa9f,14.558566730000166
80,71,5,3,Inference portfolio,0.3194660181587846,14,0.0,1.8189894035458565e-12,-1.4210854715202004e-14,256,IEEE RTS 24-bus,2,3e3d0737d91acb37be515001f911d304bfce93540e3d063ca4640a87bd55fa9f,14.558566730000166
80,71,6,3,Batch portfolio,0.6805339818412154,14,0.0,1.8189894035458565e-12,-1.4210854715202004e-14,256,IEEE RTS 24-bus,2,3e3d0737d91acb37be515001f911d304bfce93540e3d063ca4640a87bd55fa9f,14.558566730000166
80,71,7,4,Inference portfolio,0.3374214395382333,20,0.0,1.8189894035458565e-12,-1.4210854715202004e-14,256,IEEE RTS 24-bus,2,3e3d0737d91acb37be515001f911d304bfce93540e3d063ca4640a87bd55fa9f,14.558566730000166
80,71,8,4,Batch portfolio,0.6625785604617667,20,0.0,1.8189894035458565e-12,-1.4210854715202004e-14,256,IEEE RTS 24-bus,2,3e3d0737d91acb37be515001f911d304bfce93540e3d063ca4640a87bd55fa9f,14.558566730000166
81,64,1,1,Inference portfolio,0.3360858524341381,2,74.42181441993334,0.0,1.1368683772161603e-13,256,IEEE RTS 24-bus,2,3e3d0737d91acb37be515001f911d304bfce93540e3d063ca4640a87bd55fa9f,13.640408064999065
81,64,2,1,Batch portfolio,0.6639141475658619,2,162.76326572327437,0.0,1.1368683772161603e-13,256,IEEE RTS 24-bus,2,3e3d0737d91acb37be515001f911d304bfce93540e3d063ca4640a87bd55fa9f,13.640408064999065
81,64,3,2,Inference portfolio,0.30397103703587725,7,-67.32110117893926,0.0,1.1368683772161603e-13,256,IEEE RTS 24-bus,2,3e3d0737d91acb37be515001f911d304bfce93540e3d063ca4640a87bd55fa9f,13.640408064999065
81,64,4,2,Batch portfolio,0.6960289629641228,7,-169.86397896426834,0.0,1.1368683772161603e-13,256,IEEE RTS 24-bus,2,3e3d0737d91acb37be515001f911d304bfce93540e3d063ca4640a87bd55fa9f,13.640408064999065
81,64,5,3,Inference portfolio,0.3194660181587846,14,0.0,0.0,1.1368683772161603e-13,256,IEEE RTS 24-bus,2,3e3d0737d91acb37be515001f911d304bfce93540e3d063ca4640a87bd55fa9f,13.640408064999065
81,64,6,3,Batch portfolio,0.6805339818412154,14,0.0,0.0,1.1368683772161603e-13,256,IEEE RTS 24-bus,2,3e3d0737d91acb37be515001f911d304bfce93540e3d063ca4640a87bd55fa9f,13.640408064999065
81,64,7,4,Inference portfolio,0.3374214395382333,20,0.0,0.0,1.1368683772161603e-13,256,IEEE RTS 24-bus,2,3e3d0737d91acb37be515001f911d304bfce93540e3d063ca4640a87bd55fa9f,13.640408064999065
81,64,8,4,Batch portfolio,0.6625785604617667,20,0.0,0.0,1.1368683772161603e-13,256,IEEE RTS 24-bus,2,3e3d0737d91acb37be515001f911d304bfce93540e3d063ca4640a87bd55fa9f,13.640408064999065
81,65,1,1,Inference portfolio,0.3360858524341381,2,5.118176863789514,0.0,3.552713678800501e-15,256,IEEE RTS 24-bus,2,3e3d0737d91acb37be515001f911d304bfce93540e3d063ca4640a87bd55fa9f,13.640408064999065
81,65,2,1,Batch portfolio,0.6639141475658619,2,10.110601219905535,0.0,3.552713678800501e-15,256,IEEE RTS 24-bus,2,3e3d0737d91acb37be515001f911d304bfce93540e3d063ca4640a87bd55fa9f,13.640408064999065
81,65,3,2,Inference portfolio,0.30397103703587725,7,-4.629107466890069,0.0,3.552713678800501e-15,256,IEEE RTS 24-bus,2,3e3d0737d91acb37be515001f911d304bfce93540e3d063ca4640a87bd55fa9f,13.640408064999065
81,65,4,2,Batch portfolio,0.6960289629641228,7,-10.599670616804975,0.0,3.552713678800501e-15,256,IEEE RTS 24-bus,2,3e3d0737d91acb37be515001f911d304bfce93540e3d063ca4640a87bd55fa9f,13.640408064999065
81,65,5,3,Inference portfolio,0.3194660181587846,14,0.0,0.0,3.552713678800501e-15,256,IEEE RTS 24-bus,2,3e3d0737d91acb37be515001f911d304bfce93540e3d063ca4640a87bd55fa9f,13.640408064999065
81,65,6,3,Batch portfolio,0.6805339818412154,14,0.0,0.0,3.552713678800501e-15,256,IEEE RTS 24-bus,2,3e3d0737d91acb37be515001f911d304bfce93540e3d063ca4640a87bd55fa9f,13.640408064999065
81,65,7,4,Inference portfolio,0.3374214395382333,20,0.0,0.0,3.552713678800501e-15,256,IEEE RTS 24-bus,2,3e3d0737d91acb37be515001f911d304bfce93540e3d063ca4640a87bd55fa9f,13.640408064999065
81,65,8,4,Batch portfolio,0.6625785604617667,20,0.0,0.0,3.552713678800501e-15,256,IEEE RTS 24-bus,2,3e3d0737d91acb37be515001f911d304bfce93540e3d063ca4640a87bd55fa9f,13.640408064999065
81,66,1,1,Inference portfolio,0.3360858524341381,2,6.709481019634039,0.0,-4.263256414560601e-14,256,IEEE RTS 24-bus,2,3e3d0737d91acb37be515001f911d304bfce93540e3d063ca4640a87bd55fa9f,13.640408064999065
81,66,2,1,Batch portfolio,0.6639141475658619,2,13.254111529828137,0.0,-4.263256414560601e-14,256,IEEE RTS 24-bus,2,3e3d0737d91acb37be515001f911d304bfce93540e3d063ca4640a87bd55fa9f,13.640408064999065
81,66,3,2,Inference portfolio,0.30397103703587725,7,-6.068353930222055,0.0,-4.263256414560601e-14,256,IEEE RTS 24-bus,2,3e3d0737d91acb37be515001f911d304bfce93540e3d063ca4640a87bd55fa9f,13.640408064999065
81,66,4,2,Batch portfolio,0.6960289629641228,7,-13.895238619240164,0.0,-4.263256414560601e-14,256,IEEE RTS 24-bus,2,3e3d0737d91acb37be515001f911d304bfce93540e3d063ca4640a87bd55fa9f,13.640408064999065
81,66,5,3,Inference portfolio,0.3194660181587846,14,0.0,0.0,-4.263256414560601e-14,256,IEEE RTS 24-bus,2,3e3d0737d91acb37be515001f911d304bfce93540e3d063ca4640a87bd55fa9f,13.640408064999065
81,66,6,3,Batch portfolio,0.6805339818412154,14,0.0,0.0,-4.263256414560601e-14,256,IEEE RTS 24-bus,2,3e3d0737d91acb37be515001f911d304bfce93540e3d063ca4640a87bd55fa9f,13.640408064999065
81,66,7,4,Inference portfolio,0.3374214395382333,20,0.0,0.0,-4.263256414560601e-14,256,IEEE RTS 24-bus,2,3e3d0737d91acb37be515001f911d304bfce93540e3d063ca4640a87bd55fa9f,13.640408064999065
81,66,8,4,Batch portfolio,0.6625785604617667,20,0.0,0.0,-4.263256414560601e-14,256,IEEE RTS 24-bus,2,3e3d0737d91acb37be515001f911d304bfce93540e3d063ca4640a87bd55fa9f,13.640408064999065
81,67,1,1,Inference portfolio,0.3360858524341381,2,11.228692811503304,0.0,1.4210854715202004e-14,256,IEEE RTS 24-bus,2,3e3d0737d91acb37be515001f911d304bfce93540e3d063ca4640a87bd55fa9f,13.640408064999065
81,67,2,1,Batch portfolio,0.6639141475658619,2,22.200652788217354,0.0,1.4210854715202004e-14,256,IEEE RTS 24-bus,2,3e3d0737d91acb37be515001f911d304bfce93540e3d063ca4640a87bd55fa9f,13.640408064999065
81,67,3,2,Inference portfolio,0.30397103703587725,7,-10.155183970160882,0.0,1.4210854715202004e-14,256,IEEE RTS 24-bus,2,3e3d0737d91acb37be515001f911d304bfce93540e3d063ca4640a87bd55fa9f,13.640408064999065
81,67,4,2,Batch portfolio,0.6960289629641228,7,-23.274161629559764,0.0,1.4210854715202004e-14,256,IEEE RTS 24-bus,2,3e3d0737d91acb37be515001f911d304bfce93540e3d063ca4640a87bd55fa9f,13.640408064999065
81,67,5,3,Inference portfolio,0.3194660181587846,14,0.0,0.0,1.4210854715202004e-14,256,IEEE RTS 24-bus,2,3e3d0737d91acb37be515001f911d304bfce93540e3d063ca4640a87bd55fa9f,13.640408064999065
81,67,6,3,Batch portfolio,0.6805339818412154,14,0.0,0.0,1.4210854715202004e-14,256,IEEE RTS 24-bus,2,3e3d0737d91acb37be515001f911d304bfce93540e3d063ca4640a87bd55fa9f,13.640408064999065
81,67,7,4,Inference portfolio,0.3374214395382333,20,0.0,0.0,1.4210854715202004e-14,256,IEEE RTS 24-bus,2,3e3d0737d91acb37be515001f911d304bfce93540e3d063ca4640a87bd55fa9f,13.640408064999065
81,67,8,4,Batch portfolio,0.6625785604617667,20,0.0,0.0,1.4210854715202004e-14,256,IEEE RTS 24-bus,2,3e3d0737d91acb37be515001f911d304bfce93540e3d063ca4640a87bd55fa9f,13.640408064999065
81,68,1,1,Inference portfolio,0.3360858524341381,2,13.496140649501736,0.0,-2.842170943040401e-14,256,IEEE RTS 24-bus,2,3e3d0737d91acb37be515001f911d304bfce93540e3d063ca4640a87bd55fa9f,13.640408064999065
81,68,2,1,Batch portfolio,0.6639141475658619,2,26.646978650028185,0.0,-2.842170943040401e-14,256,IEEE RTS 24-bus,2,3e3d0737d91acb37be515001f911d304bfce93540e3d063ca4640a87bd55fa9f,13.640408064999065
81,68,3,2,Inference portfolio,0.30397103703587725,7,-12.20666299754233,0.0,-2.842170943040401e-14,256,IEEE RTS 24-bus,2,3e3d0737d91acb37be515001f911d304bfce93540e3d063ca4640a87bd55fa9f,13.640408064999065
81,68,4,2,Batch portfolio,0.6960289629641228,7,-27.93645630198762,0.0,-2.842170943040401e-14,256,IEEE RTS 24-bus,2,3e3d0737d91acb37be515001f911d304bfce93540e3d063ca4640a87bd55fa9f,13.640408064999065
81,68,5,3,Inference portfolio,0.3194660181587846,14,0.0,0.0,-2.842170943040401e-14,256,IEEE RTS 24-bus,2,3e3d0737d91acb37be515001f911d304bfce93540e3d063ca4640a87bd55fa9f,13.640408064999065
81,68,6,3,Batch portfolio,0.6805339818412154,14,0.0,0.0,-2.842170943040401e-14,256,IEEE RTS 24-bus,2,3e3d0737d91acb37be515001f911d304bfce93540e3d063ca4640a87bd55fa9f,13.640408064999065
81,68,7,4,Inference portfolio,0.3374214395382333,20,0.0,0.0,-2.842170943040401e-14,256,IEEE RTS 24-bus,2,3e3d0737d91acb37be515001f911d304bfce93540e3d063ca4640a87bd55fa9f,13.640408064999065
81,68,8,4,Batch portfolio,0.6625785604617667,20,0.0,0.0,-2.842170943040401e-14,256,IEEE RTS 24-bus,2,3e3d0737d91acb37be515001f911d304bfce93540e3d063ca4640a87bd55fa9f,13.640408064999065
81,69,1,1,Inference portfolio,0.3360858524341381,2,11.775464285784434,0.0,-2.1316282072803006e-14,256,IEEE RTS 24-bus,2,3e3d0737d91acb37be515001f911d304bfce93540e3d063ca4640a87bd55fa9f,13.640408064999065
81,69,2,1,Batch portfolio,0.6639141475658619,2,23.269301831483677,0.0,-2.1316282072803006e-14,256,IEEE RTS 24-bus,2,3e3d0737d91acb37be515001f911d304bfce93540e3d063ca4640a87bd55fa9f,13.640408064999065
81,69,3,2,Inference portfolio,0.30397103703587725,7,-10.651034005344021,0.0,-2.1316282072803006e-14,256,IEEE RTS 24-bus,2,3e3d0737d91acb37be515001f911d304bfce93540e3d063ca4640a87bd55fa9f,13.640408064999065
81,69,4,2,Batch portfolio,0.6960289629641228,7,-24.393732111924113,0.0,-2.1316282072803006e-14,256,IEEE RTS 24-bus,2,3e3d0737d91acb37be515001f911d304bfce93540e3d063ca4640a87bd55fa9f,13.640408064999065
81,69,5,3,Inference portfolio,0.3194660181587846,14,0.0,0.0,-2.1316282072803006e-14,256,IEEE RTS 24-bus,2,3e3d0737d91acb37be515001f911d304bfce93540e3d063ca4640a87bd55fa9f,13.640408064999065
81,69,6,3,Batch portfolio,0.6805339818412154,14,0.0,0.0,-2.1316282072803006e-14,256,IEEE RTS 24-bus,2,3e3d0737d91acb37be515001f911d304bfce93540e3d063ca4640a87bd55fa9f,13.640408064999065
81,69,7,4,Inference portfolio,0.3374214395382333,20,0.0,0.0,-2.1316282072803006e-14,256,IEEE RTS 24-bus,2,3e3d0737d91acb37be515001f911d304bfce93540e3d063ca4640a87bd55fa9f,13.640408064999065
81,69,8,4,Batch portfolio,0.6625785604617667,20,0.0,0.0,-2.1316282072803006e-14,256,IEEE RTS 24-bus,2,3e3d0737d91acb37be515001f911d304bfce93540e3d063ca4640a87bd55fa9f,13.640408064999065
81,70,1,1,Inference portfolio,0.3360858524341381,2,10.765330733643774,0.0,7.105427357601002e-15,256,IEEE RTS 24-bus,2,3e3d0737d91acb37be515001f911d304bfce93540e3d063ca4640a87bd55fa9f,13.640408064999065
81,70,2,1,Batch portfolio,0.6639141475658619,2,21.272763677363706,0.0,7.105427357601002e-15,256,IEEE RTS 24-bus,2,3e3d0737d91acb37be515001f911d304bfce93540e3d063ca4640a87bd55fa9f,13.640408064999065
81,70,3,2,Inference portfolio,0.30397103703587725,7,-9.736384601617821,0.0,7.105427357601002e-15,256,IEEE RTS 24-bus,2,3e3d0737d91acb37be515001f911d304bfce93540e3d063ca4640a87bd55fa9f,13.640408064999065
81,70,4,2,Batch portfolio,0.6960289629641228,7,-22.30170980938965,0.0,7.105427357601002e-15,256,IEEE RTS 24-bus,2,3e3d0737d91acb37be515001f911d304bfce93540e3d063ca4640a87bd55fa9f,13.640408064999065
81,70,5,3,Inference portfolio,0.3194660181587846,14,0.0,0.0,7.105427357601002e-15,256,IEEE RTS 24-bus,2,3e3d0737d91acb37be515001f911d304bfce93540e3d063ca4640a87bd55fa9f,13.640408064999065
81,70,6,3,Batch portfolio,0.6805339818412154,14,0.0,0.0,7.105427357601002e-15,256,IEEE RTS 24-bus,2,3e3d0737d91acb37be515001f911d304bfce93540e3d063ca4640a87bd55fa9f,13.640408064999065
81,70,7,4,Inference portfolio,0.3374214395382333,20,0.0,0.0,7.105427357601002e-15,256,IEEE RTS 24-bus,2,3e3d0737d91acb37be515001f911d304bfce93540e3d063ca4640a87bd55fa9f,13.640408064999065
81,70,8,4,Batch portfolio,0.6625785604617667,20,0.0,0.0,7.105427357601002e-15,256,IEEE RTS 24-bus,2,3e3d0737d91acb37be515001f911d304bfce93540e3d063ca4640a87bd55fa9f,13.640408064999065
81,71,1,1,Inference portfolio,0.3360858524341381,2,12.33544190845927,0.0,-2.842170943040401e-14,256,IEEE RTS 24-bus,2,3e3d0737d91acb37be515001f911d304bfce93540e3d063ca4640a87bd55fa9f,13.640408064999065
81,71,2,1,Batch portfolio,0.6639141475658619,2,24.349369339947778,0.0,-2.842170943040401e-14,256,IEEE RTS 24-bus,2,3e3d0737d91acb37be515001f911d304bfce93540e3d063ca4640a87bd55fa9f,13.640408064999065
81,71,3,2,Inference portfolio,0.30397103703587725,7,-11.158002387227803,0.0,-2.842170943040401e-14,256,IEEE RTS 24-bus,2,3e3d0737d91acb37be515001f911d304bfce93540e3d063ca4640a87bd55fa9f,13.640408064999065
81,71,4,2,Batch portfolio,0.6960289629641228,7,-25.526808861179266,0.0,-2.842170943040401e-14,256,IEEE RTS 24-bus,2,3e3d0737d91acb37be515001f911d304bfce93540e3d063ca4640a87bd55fa9f,13.640408064999065
81,71,5,3,Inference portfolio,0.3194660181587846,14,0.0,0.0,-2.842170943040401e-14,256,IEEE RTS 24-bus,2,3e3d0737d91acb37be515001f911d304bfce93540e3d063ca4640a87bd55fa9f,13.640408064999065
81,71,6,3,Batch portfolio,0.6805339818412154,14,0.0,0.0,-2.842170943040401e-14,256,IEEE RTS 24-bus,2,3e3d0737d91acb37be515001f911d304bfce93540e3d063ca4640a87bd55fa9f,13.640408064999065
81,71,7,4,Inference portfolio,0.3374214395382333,20,0.0,0.0,-2.842170943040401e-14,256,IEEE RTS 24-bus,2,3e3d0737d91acb37be515001f911d304bfce93540e3d063ca4640a87bd55fa9f,13.640408064999065
81,71,8,4,Batch portfolio,0.6625785604617667,20,0.0,0.0,-2.842170943040401e-14,256,IEEE RTS 24-bus,2,3e3d0737d91acb37be515001f911d304bfce93540e3d063ca4640a87bd55fa9f,13.640408064999065
82,64,1,1,Inference portfolio,0.3360858524341381,2,3.336233347617357,0.0,-1.7763568394002505e-15,256,IEEE RTS 24-bus,2,3e3d0737d91acb37be515001f911d304bfce93540e3d063ca4640a87bd55fa9f,14.690281461997074
82,64,2,1,Batch portfolio,0.6639141475658619,2,6.590496157519742,0.0,-1.7763568394002505e-15,256,IEEE RTS 24-bus,2,3e3d0737d91acb37be515001f911d304bfce93540e3d063ca4640a87bd55fa9f,14.690281461997074
82,64,3,2,Inference portfolio,0.30397103703587725,7,-3.017438262051051,0.0,-1.7763568394002505e-15,256,IEEE RTS 24-bus,2,3e3d0737d91acb37be515001f911d304bfce93540e3d063ca4640a87bd55fa9f,14.690281461997074
82,64,4,2,Batch portfolio,0.6960289629641228,7,-6.909291243086051,0.0,-1.7763568394002505e-15,256,IEEE RTS 24-bus,2,3e3d0737d91acb37be515001f911d304bfce93540e3d063ca4640a87bd55fa9f,14.690281461997074
82,64,5,3,Inference portfolio,0.3194660181587846,14,0.0,0.0,-1.7763568394002505e-15,256,IEEE RTS 24-bus,2,3e3d0737d91acb37be515001f911d304bfce93540e3d063ca4640a87bd55fa9f,14.690281461997074
82,64,6,3,Batch portfolio,0.6805339818412154,14,0.0,0.0,-1.7763568394002505e-15,256,IEEE RTS 24-bus,2,3e3d0737d91acb37be515001f911d304bfce93540e3d063ca4640a87bd55fa9f,14.690281461997074
82,64,7,4,Inference portfolio,0.3374214395382333,20,0.0,0.0,-1.7763568394002505e-15,256,IEEE RTS 24-bus,2,3e3d0737d91acb37be515001f911d304bfce93540e3d063ca4640a87bd55fa9f,14.690281461997074
82,64,8,4,Batch portfolio,0.6625785604617667,20,0.0,0.0,-1.7763568394002505e-15,256,IEEE RTS 24-bus,2,3e3d0737d91acb37be515001f911d304bfce93540e3d063ca4640a87bd55fa9f,14.690281461997074
82,65,1,1,Inference portfolio,0.3360858524341381,2,4.622648152659471,0.0,-1.7763568394002505e-15,256,IEEE RTS 24-bus,2,3e3d0737d91acb37be515001f911d304bfce93540e3d063ca4640a87bd55fa9f,14.690281461997074
82,65,2,1,Batch portfolio,0.6639141475658619,2,9.131718831788326,0.0,-1.7763568394002505e-15,256,IEEE RTS 24-bus,2,3e3d0737d91acb37be515001f911d304bfce93540e3d063ca4640a87bd55fa9f,14.690281461997074
82,65,3,2,Inference portfolio,0.30397103703587725,7,-4.180929196034717,0.0,-1.7763568394002505e-15,256,IEEE RTS 24-bus,2,3e3d0737d91acb37be515001f911d304bfce93540e3d063ca4640a87bd55fa9f,14.690281461997074
82,65,4,2,Batch portfolio,0.6960289629641228,7,-9.573437788413083,0.0,-1.7763568394002505e-15,256,IEEE RTS 24-bus,2,3e3d0737d91acb37be515001f911d304bfce93540e3d063ca4640a87bd55fa9f,14.690281461997074
82,65,5,3,Inference portfolio,0.3194660181587846,14,0.0,0.0,-1.7763568394002505e-15,256,IEEE RTS 24-bus,2,3e3d0737d91acb37be515001f911d304bfce93540e3d063ca4640a87bd55fa9f,14.690281461997074
82,65,6,3,Batch portfolio,0.6805339818412154,14,0.0,0.0,-1.7763568394002505e-15,256,IEEE RTS 24-bus,2,3e3d0737d91acb37be515001f911d304bfce93540e3d063ca4640a87bd55fa9f,14.690281461997074
82,65,7,4,Inference portfolio,0.3374214395382333,20,0.0,0.0,-1.7763568394002505e-15,256,IEEE RTS 24-bus,2,3e3d0737d91acb37be515001f911d304bfce93540e3d063ca4640a87bd55fa9f,14.690281461997074
82,65,8,4,Batch portfolio,0.6625785604617667,20,0.0,0.0,-1.7763568394002505e-15,256,IEEE RTS 24-bus,2,3e3d0737d91acb37be515001f911d304bfce93540e3d063ca4640a87bd55fa9f,14.690281461997074
82,66,1,1,Inference portfolio,0.3360858524341381,2,4.223686295080977,0.0,-7.105427357601002e-15,256,IEEE RTS 24-bus,2,3e3d0737d91acb37be515001f911d304bfce93540e3d063ca4640a87bd55fa9f,14.690281461997074
82,66,2,1,Batch portfolio,0.6639141475658619,2,8.343597523889908,0.0,-7.105427357601002e-15,256,IEEE RTS 24-bus,2,3e3d0737d91acb37be515001f911d304bfce93540e3d063ca4640a87bd55fa9f,14.690281461997074
82,66,3,2,Inference portfolio,0.30397103703587725,7,-3.820090295176061,0.0,-7.105427357601002e-15,256,IEEE RTS 24-bus,2,3e3d0737d91acb37be515001f911d304bfce93540e3d063ca4640a87bd55fa9f,14.690281461997074
82,66,4,2,Batch portfolio,0.6960289629641228,7,-8.74719352379483,0.0,-7.105427357601002e-15,256,IEEE RTS 24-bus,2,3e3d0737d91acb37be515001f911d304bfce93540e3d063ca4640a87bd55fa9f,14.690281461997074
82,66,5,3,Inference portfolio,0.3194660181587846,14,0.0,0.0,-7.105427357601002e-15,256,IEEE RTS 24-bus,2,3e3d0737d91acb37be515001f911d304bfce93540e3d063ca4640a87bd55fa9f,14.690281461997074
82,66,6,3,Batch portfolio,0.6805339818412154,14,0.0,0.0,-7.105427357601002e-15,256,IEEE RTS 24-bus,2,3e3d0737d91acb37be515001f911d304bfce93540e3d063ca4640a87bd55fa9f,14.690281461997074
82,66,7,4,Inference portfolio,0.3374214395382333,20,0.0,0.0,-7.105427357601002e-15,256,IEEE RTS 24-bus,2,3e3d0737d91acb37be515001f911d304bfce93540e3d063ca4640a87bd55fa9f,14.690281461997074
82,66,8,4,Batch portfolio,0.6625785604617667,20,0.0,0.0,-7.105427357601002e-15,256,IEEE RTS 24-bus,2,3e3d0737d91acb37be515001f911d304bfce93540e3d063ca4640a87bd55fa9f,14.690281461997074
82,67,1,1,Inference portfolio,0.3360858524341381,2,6.5682831756547175,0.0,0.0,256,IEEE RTS 24-bus,2,3e3d0737d91acb37be515001f911d304bfce93540e3d063ca4640a87bd55fa9f,14.690281461997074
82,67,2,1,Batch portfolio,0.6639141475658619,2,12.975185042607196,0.0,0.0,256,IEEE RTS 24-bus,2,3e3d0737d91acb37be515001f911d304bfce93540e3d063ca4640a87bd55fa9f,14.690281461997074
82,67,3,2,Inference portfolio,0.30397103703587725,7,-5.9406483015829235,0.0,0.0,256,IEEE RTS 24-bus,2,3e3d0737d91acb37be515001f911d304bfce93540e3d063ca4640a87bd55fa9f,14.690281461997074
82,67,4,2,Batch portfolio,0.6960289629641228,7,-13.602819916678992,0.0,0.0,256,IEEE RTS 24-bus,2,3e3d0737d91acb37be515001f911d304bfce93540e3d063ca4640a87bd55fa9f,14.690281461997074
82,67,5,3,Inference portfolio,0.3194660181587846,14,0.0,0.0,0.0,256,IEEE RTS 24-bus,2,3e3d0737d91acb37be515001f911d304bfce93540e3d063ca4640a87bd55fa9f,14.690281461997074
82,67,6,3,Batch portfolio,0.6805339818412154,14,0.0,0.0,0.0,256,IEEE RTS 24-bus,2,3e3d0737d91acb37be515001f911d304bfce93540e3d063ca4640a87bd55fa9f,14.690281461997074
82,67,7,4,Inference portfolio,0.3374214395382333,20,0.0,0.0,0.0,256,IEEE RTS 24-bus,2,3e3d0737d91acb37be515001f911d304bfce93540e3d063ca4640a87bd55fa9f,14.690281461997074
82,67,8,4,Batch portfolio,0.6625785604617667,20,0.0,0.0,0.0,256,IEEE RTS 24-bus,2,3e3d0737d91acb37be515001f911d304bfce93540e3d063ca4640a87bd55fa9f,14.690281461997074
82,68,1,1,Inference portfolio,0.3360858524341381,2,7.363534376416276,0.0,-1.0658141036401503e-14,256,IEEE RTS 24-bus,2,3e3d0737d91acb37be515001f911d304bfce93540e3d063ca4640a87bd55fa9f,14.690281461997074
82,68,2,1,Batch portfolio,0.6639141475658619,2,14.54614829271578,0.0,-1.0658141036401503e-14,256,IEEE RTS 24-bus,2,3e3d0737d91acb37be515001f911d304bfce93540e3d063ca4640a87bd55fa9f,14.690281461997074
82,68,3,2,Inference portfolio,0.30397103703587725,7,-6.659908962062825,0.0,-1.0658141036401503e-14,256,IEEE RTS 24-bus,2,3e3d0737d91acb37be515001f911d304bfce93540e3d063ca4640a87bd55fa9f,14.690281461997074
82,68,4,2,Batch portfolio,0.6960289629641228,7,-15.249773707069243,0.0,-1.0658141036401503e-14,256,IEEE RTS 24-bus,2,3e3d0737d91acb37be515001f911d304bfce93540e3d063ca4640a87bd55fa9f,14.690281461997074
82,68,5,3,Inference portfolio,0.3194660181587846,14,0.0,0.0,-1.0658141036401503e-14,256,IEEE RTS 24-bus,2,3e3d0737d91acb37be515001f911d304bfce93540e3d063ca4640a87bd55fa9f,14.690281461997074
82,68,6,3,Batch portfolio,0.6805339818412154,14,0.0,0.0,-1.0658141036401503e-14,256,IEEE RTS 24-bus,2,3e3d0737d91acb37be515001f911d304bfce93540e3d063ca4640a87bd55fa9f,14.690281461997074
82,68,7,4,Inference portfolio,0.3374214395382333,20,0.0,0.0,-1.0658141036401503e-14,256,IEEE RTS 24-bus,2,3e3d0737d91acb37be515001f911d304bfce93540e3d063ca4640a87bd55fa9f,14.690281461997074
82,68,8,4,Batch portfolio,0.6625785604617667,20,0.0,0.0,-1.0658141036401503e-14,256,IEEE RTS 24-bus,2,3e3d0737d91acb37be515001f911d304bfce93540e3d063ca4640a87bd55fa9f,14.690281461997074
82,69,1,1,Inference portfolio,0.3360858524341381,2,6.440269736032866,0.0,2.4868995751603507e-14,256,IEEE RTS 24-bus,2,3e3d0737d91acb37be515001f911d304bfce93540e3d063ca4640a87bd55fa9f,14.690281461997074
82,69,2,1,Batch portfolio,0.6639141475658619,2,12.722303426117538,0.0,2.4868995751603507e-14,256,IEEE RTS 24-bus,2,3e3d0737d91acb37be515001f911d304bfce93540e3d063ca4640a87bd55fa9f,14.690281461997074
82,69,3,2,Inference portfolio,0.30397103703587725,7,-5.824867236375516,0.0,2.4868995751603507e-14,256,IEEE RTS 24-bus,2,3e3d0737d91acb37be515001f911d304bfce93540e3d063ca4640a87bd55fa9f,14.690281461997074
82,69,4,2,Batch portfolio,0.6960289629641228,7,-13.337705925774861,0.0,2.4868995751603507e-14,256,IEEE RTS 24-bus,2,3e3d0737d91acb37be515001f911d304bfce93540e3d063ca4640a87bd55fa9f,14.690281461997074
82,69,5,3,Inference portfolio,0.3194660181587846,14,0.0,0.0,2.4868995751603507e-14,256,IEEE RTS 24-bus,2,3e3d0737d91acb37be515001f911d304bfce93540e3d063ca4640a87bd55fa9f,14.690281461997074
82,69,6,3,Batch portfolio,0.6805339818412154,14,0.0,0.0,2.4868995751603507e-14,256,IEEE RTS 24-bus,2,3e3d0737d91acb37be515001f911d304bfce93540e3d063ca4640a87bd55fa9f,14.690281461997074
82,69,7,4,Inference portfolio,0.3374214395382333,20,0.0,0.0,2.4868995751603507e-14,256,IEEE RTS 24-bus,2,3e3d0737d91acb37be515001f911d304bfce93540e3d063ca4640a87bd55fa9f,14.690281461997074
82,69,8,4,Batch portfolio,0.6625785604617667,20,0.0,0.0,2.4868995751603507e-14,256,IEEE RTS 24-bus,2,3e3d0737d91acb37be515001f911d304bfce93540e3d063ca4640a87bd55fa9f,14.690281461997074
82,70,1,1,Inference portfolio,0.3360858524341381,2,6.148297538149559,0.0,2.1316282072803006e-14,256,IEEE RTS 24-bus,2,3e3d0737d91acb37be515001f911d304bfce93540e3d063ca4640a87bd55fa9f,14.690281461997074
82,70,2,1,Batch portfolio,0.6639141475658619,2,12.145532724624607,0.0,2.1316282072803006e-14,256,IEEE RTS 24-bus,2,3e3d0737d91acb37be515001f911d304bfce93540e3d063ca4640a87bd55fa9f,14.690281461997074
82,70,3,2,Inference portfolio,0.30397103703587725,7,-5.560794556333345,0.0,2.1316282072803006e-14,256,IEEE RTS 24-bus,2,3e3d0737d91acb37be515001f911d304bfce93540e3d063ca4640a87bd55fa9f,14.690281461997074
82,70,4,2,Batch portfolio,0.6960289629641228,7,-12.733035706440797,0.0,2.1316282072803006e-14,256,IEEE RTS 24-bus,2,3e3d0737d91acb37be515001f911d304bfce93540e3d063ca4640a87bd55fa9f,14.690281461997074
82,70,5,3,Inference portfolio,0.3194660181587846,14,0.0,0.0,2.1316282072803006e-14,256,IEEE RTS 24-bus,2,3e3d0737d91acb37be515001f911d304bfce93540e3d063ca4640a87bd55fa9f,14.690281461997074
82,70,6,3,Batch portfolio,0.6805339818412154,14,0.0,0.0,2.1316282072803006e-14,256,IEEE RTS 24-bus,2,3e3d0737d91acb37be515001f911d304bfce93540e3d063ca4640a87bd55fa9f,14.690281461997074
82,70,7,4,Inference portfolio,0.3374214395382333,20,0.0,0.0,2.1316282072803006e-14,256,IEEE RTS 24-bus,2,3e3d0737d91acb37be515001f911d304bfce93540e3d063ca4640a87bd55fa9f,14.690281461997074
82,70,8,4,Batch portfolio,0.6625785604617667,20,0.0,0.0,2.1316282072803006e-14,256,IEEE RTS 24-bus,2,3e3d0737d91acb37be515001f911d304bfce93540e3d063ca4640a87bd55fa9f,14.690281461997074
82,71,1,1,Inference portfolio,0.3360858524341381,2,4.124536010948766,0.0,3.552713678800501e-15,256,IEEE RTS 24-bus,2,3e3d0737d91acb37be515001f911d304bfce93540e3d063ca4640a87bd55fa9f,14.690281461997074
82,71,2,1,Batch portfolio,0.6639141475658619,2,8.147733056837744,0.0,3.552713678800501e-15,256,IEEE RTS 24-bus,2,3e3d0737d91acb37be515001f911d304bfce93540e3d063ca4640a87bd55fa9f,14.690281461997074
82,71,3,2,Inference portfolio,0.30397103703587725,7,-3.7304143553186178,0.0,3.552713678800501e-15,256,IEEE RTS 24-bus,2,3e3d0737d91acb37be515001f911d304bfce93540e3d063ca4640a87bd55fa9f,14.690281461997074
82,71,4,2,Batch portfolio,0.6960289629641228,7,-8.541854712467888,0.0,3.552713678800501e-15,256,IEEE RTS 24-bus,2,3e3d0737d91acb37be515001f911d304bfce93540e3d063ca4640a87bd55fa9f,14.690281461997074
82,71,5,3,Inference portfolio,0.3194660181587846,14,0.0,0.0,3.552713678800501e-15,256,IEEE RTS 24-bus,2,3e3d0737d91acb37be515001f911d304bfce93540e3d063ca4640a87bd55fa9f,14.690281461997074
82,71,6,3,Batch portfolio,0.6805339818412154,14,0.0,0.0,3.552713678800501e-15,256,IEEE RTS 24-bus,2,3e3d0737d91acb37be515001f911d304bfce93540e3d063ca4640a87bd55fa9f,14.690281461997074
82,71,7,4,Inference portfolio,0.3374214395382333,20,0.0,0.0,3.552713678800501e-15,256,IEEE RTS 24-bus,2,3e3d0737d91acb37be515001f911d304bfce93540e3d063ca4640a87bd55fa9f,14.690281461997074
82,71,8,4,Batch portfolio,0.6625785604617667,20,0.0,0.0,3.552713678800501e-15,256,IEEE RTS 24-bus,2,3e3d0737d91acb37be515001f911d304bfce93540e3d063ca4640a87bd55fa9f,14.690281461997074
83,64,1,1,Inference portfolio,0.3360858524341381,2,3.377101511308713,0.0,-7.105427357601002e-15,256,IEEE RTS 24-bus,2,3e3d0737d91acb37be515001f911d304bfce93540e3d063ca4640a87bd55fa9f,14.188218108000001
83,64,2,1,Batch portfolio,0.6639141475658619,2,6.672399964351668,0.0,-7.105427357601002e-15,256,IEEE RTS 24-bus,2,3e3d0737d91acb37be515001f911d304bfce93540e3d063ca4640a87bd55fa9f,14.188218108000001
83,64,3,2,Inference portfolio,0.30397103703587725,7,-3.0545858779819373,0.0,-7.105427357601002e-15,256,IEEE RTS 24-bus,2,3e3d0737d91acb37be515001f911d304bfce93540e3d063ca4640a87bd55fa9f,14.188218108000001
83,64,4,2,Batch portfolio,0.6960289629641228,7,-6.994915597678451,0.0,-7.105427357601002e-15,256,IEEE RTS 24-bus,2,3e3d0737d91acb37be515001f911d304bfce93540e3d063ca4640a87bd55fa9f,14.188218108000001
83,64,5,3,Inference portfolio,0.3194660181587846,14,0.0,0.0,-7.105427357601002e-15,256,IEEE RTS 24-bus,2,3e3d0737d91acb37be515001f911d304bfce93540e3d063ca4640a87bd55fa9f,14.188218108000001
83,64,6,3,Batch portfolio,0.6805339818412154,14,0.0,0.0,-7.105427357601002e-15,256,IEEE RTS 24-bus,2,3e3d0737d91acb37be515001f911d304bfce93540e3d063ca4640a87bd55fa9f,14.188218108000001
83,64,7,4,Inference portfolio,0.3374214395382333,20,0.0,0.0,-7.105427357601002e-15,256,IEEE RTS 24-bus,2,3e3d0737d91acb37be515001f911d304bfce93540e3d063ca4640a87bd55fa9f,14.188218108000001
83,64,8,4,Batch portfolio,0.6625785604617667,20,0.0,0.0,-7.105427357601002e-15,256,IEEE RTS 24-bus,2,3e3d0737d91acb37be515001f911d304bfce93540e3d063ca4640a87bd55fa9f,14.188218108000001
83,65,1,1,Inference portfolio,0.3360858524341381,2,1.355752775092542,0.0,-4.440892098500626e-15,256,IEEE RTS 24-bus,2,3e3d0737d91acb37be515001f911d304bfce93540e3d063ca4640a87bd55fa9f,14.188218108000001
83,65,2,1,Batch portfolio,0.6639141475658619,2,2.678194995314849,0.0,-4.440892098500626e-15,256,IEEE RTS 24-bus,2,3e3d0737d91acb37be515001f911d304bfce93540e3d063ca4640a87bd55fa9f,14.188218108000001
83,65,3,2,Inference portfolio,0.30397103703587725,7,-1.2262032871193085,0.0,-4.440892098500626e-15,256,IEEE RTS 24-bus,2,3e3d0737d91acb37be515001f911d304bfce93540e3d063ca4640a87bd55fa9f,14.188218108000001
83,65,4,2,Batch portfolio,0.6960289629641228,7,-2.8077444832880865,0.0,-4.440892098500626e-15,256,IEEE RTS 24-bus,2,3e3d0737d91acb37be515001f911d304bfce93540e3d063ca4640a87bd55fa9f,14.188218108000001
83,65,5,3,Inference portfolio,0.3194660181587846,14,0.0,0.0,-4.440892098500626e-15,256,IEEE RTS 24-bus,2,3e3d0737d91acb37be515001f911d304bfce93540e3d063ca4640a87bd55fa9f,14.188218108000001
83,65,6,3,Batch portfolio,0.6805339818412154,14,0.0,0.0,-4.440892098500626e-15,256,IEEE RTS 24-bus,2,3e3d0737d91acb37be515001f911d304bfce93540e3d063ca4640a87bd55fa9f,14.188218108000001
83,65,7,4,Inference portfolio,0.3374214395382333,20,0.0,0.0,-4.440892098500626e-15,256,IEEE RTS 24-bus,2,3e3d0737d91acb37be515001f911d304bfce93540e3d063ca4640a87bd55fa9f,14.188218108000001
83,65,8,4,Batch portfolio,0.6625785604617667,20,0.0,0.0,-4.440892098500626e-15,256,IEEE RTS 24-bus,2,3e3d0737d91acb37be515001f911d304bfce93540e3d063ca4640a87bd55fa9f,14.188218108000001
83,66,1,1,Inference portfolio,0.3360858524341381,2,0.5840439811124873,-2.06177789285357,4.440892098500626e-16,256,IEEE RTS 24-bus,2,3e3d0737d91acb37be515001f911d304bfce93540e3d063ca4640a87bd55fa9f,14.188218108000001
83,66,2,1,Batch portfolio,0.6639141475658619,2,1.1537381268888576,-2.06177789285357,4.440892098500626e-16,256,IEEE RTS 24-bus,2,3e3d0737d91acb37be515001f911d304bfce93540e3d063ca4640a87bd55fa9f,14.188218108000001
83,66,3,2,Inference portfolio,0.30397103703587725,7,-0.5282354295114904,-2.06177789285357,4.440892098500626e-16,256,IEEE RTS 24-bus,2,3e3d0737d91acb37be515001f911d304bfce93540e3d063ca4640a87bd55fa9f,14.188218108000001
83,66,4,2,Batch portfolio,0.6960289629641228,7,-1.2095466784893691,-2.06177789285357,4.440892098500626e-16,256,IEEE RTS 24-bus,2,3e3d0737d91acb37be515001f911d304bfce93540e3d063ca4640a87bd55fa9f,14.188218108000001
83,66,5,3,Inference portfolio,0.3194660181587846,14,-0.65866797375811,-2.06177789285357,4.440892098500626e-16,256,IEEE RTS 24-bus,2,3e3d0737d91acb37be515001f911d304bfce93540e3d063ca4640a87bd55fa9f,14.188218108000001
83,66,6,3,Batch portfolio,0.6805339818412154,14,-1.4031099190959448,-2.06177789285357,4.440892098500626e-16,256,IEEE RTS 24-bus,2,3e3d0737d91acb37be515001f911d304bfce93540e3d063ca4640a87bd55fa9f,14.188218108000001
83,66,7,4,Inference portfolio,0.3374214395382333,20,0.0,-2.06177789285357,4.440892098500626e-16,256,IEEE RTS 24-bus,2,3e3d0737d91acb37be515001f911d304bfce93540e3d063ca4640a87bd55fa9f,14.188218108000001
83,66,8,4,Batch portfolio,0.6625785604617667,20,0.0,-2.06177789285357,4.440892098500626e-16,256,IEEE RTS 24-bus,2,3e3d0737d91acb37be515001f911d304bfce93540e3d063ca4640a87bd55fa9f,14.188218108000001
83,67,1,1,Inference portfolio,0.3360858524341381,2,0.339957342977777,2.061777892857208,-4.440892098500626e-16,256,IEEE RTS 24-bus,2,3e3d0737d91acb37be515001f911d304bfce93540e3d063ca4640a87bd55fa9f,14.188218108000001
83,67,2,1,Batch portfolio,0.6639141475658619,2,0.6715620069614494,2.061777892857208,-4.440892098500626e-16,256,IEEE RTS 24-bus,2,3e3d0737d91acb37be515001f911d304bfce93540e3d063ca4640a87bd55fa9f,14.188218108000001
83,67,3,2,Inference portfolio,0.30397103703587725,7,-0.3074725857823367,2.061777892857208,-4.440892098500626e-16,256,IEEE RTS 24-bus,2,3e3d0737d91acb37be515001f911d304bfce93540e3d063ca4640a87bd55fa9f,14.188218108000001
83,67,4,2,Batch portfolio,0.6960289629641228,7,-0.7040467641551617,2.061777892857208,-4.440892098500626e-16,256,IEEE RTS 24-bus,2,3e3d0737d91acb37be515001f911d304bfce93540e3d063ca4640a87bd55fa9f,14.188218108000001
83,67,5,3,Inference portfolio,0.3194660181587846,14,0.6586679737585952,2.061777892857208,-4.440892098500626e-16,256,IEEE RTS 24-bus,2,3e3d0737d91acb37be515001f911d304bfce93540e3d063ca4640a87bd55fa9f,14.188218108000001
83,67,6,3,Batch portfolio,0.6805339818412154,14,1.4031099190968845,2.061777892857208,-4.440892098500626e-16,256,IEEE RTS 24-bus,2,3e3d0737d91acb37be515001f911d304bfce93540e3d063ca4640a87bd55fa9f,14.188218108000001
83,67,7,4,Inference portfolio,0.3374214395382333,20,0.0,2.061777892857208,-4.440892098500626e-16,256,IEEE RTS 24-bus,2,3e3d0737d91acb37be515001f911d304bfce93540e3d063ca4640a87bd55fa9f,14.188218108000001
83,67,8,4,Batch portfolio,0.6625785604617667,20,0.0,2.061777892857208,-4.440892098500626e-16,256,IEEE RTS 24-bus,2,3e3d0737d91acb37be515001f911d304bfce93540e3d063ca4640a87bd55fa9f,14.188218108000001
83,68,1,1,Inference portfolio,0.3360858524341381,2,0.7257332978830757,0.0,-1.3322676295501878e-15,256,IEEE RTS 24-bus,2,3e3d0737d91acb37be515001f911d304bfce93540e3d063ca4640a87bd55fa9f,14.188218108000001
83,68,2,1,Batch portfolio,0.6639141475658619,2,1.4336354843107992,0.0,-1.3322676295501878e-15,256,IEEE RTS 24-bus,2,3e3d0737d91acb37be515001f911d304bfce93540e3d063ca4640a87bd55fa9f,14.188218108000001
83,68,3,2,Inference portfolio,0.30397103703587725,7,-0.6563855680663743,0.0,-1.3322676295501878e-15,256,IEEE RTS 24-bus,2,3e3d0737d91acb37be515001f911d304bfce93540e3d063ca4640a87bd55fa9f,14.188218108000001
83,68,4,2,Batch portfolio,0.6960289629641228,7,-1.502983214127502,0.0,-1.3322676295501878e-15,256,IEEE RTS 24-bus,2,3e3d0737d91acb37be515001f911d304bfce93540e3d063ca4640a87bd55fa9f,14.188218108000001
83,68,5,3,Inference portfolio,0.3194660181587846,14,0.0,0.0,-1.3322676295501878e-15,256,IEEE RTS 24-bus,2,3e3d0737d91acb37be515001f911d304bfce93540e3d063ca4640a87bd55fa9f,14.188218108000001
83,68,6,3,Batch portfolio,0.6805339818412154,14,0.0,0.0,-1.3322676295501878e-15,256,IEEE RTS 24-bus,2,3e3d0737d91acb37be515001f911d304bfce93540e3d063ca4640a87bd55fa9f,14.188218108000001
83,68,7,4,Inference portfolio,0.3374214395382333,20,0.0,0.0,-1.3322676295501878e-15,256,IEEE RTS 24-bus,2,3e3d0737d91acb37be515001f911d304bfce93540e3d063ca4640a87bd55fa9f,14.188218108000001
83,68,8,4,Batch portfolio,0.6625785604617667,20,0.0,0.0,-1.3322676295501878e-15,256,IEEE RTS 24-bus,2,3e3d0737d91acb37be515001f911d304bfce93540e3d063ca4640a87bd55fa9f,14.188218108000001
83,69,1,1,Inference portfolio,0.3360858524341381,2,0.5703292666660973,0.0,-6.661338147750939e-16,256,IEEE RTS 24-bus,2,3e3d0737d91acb37be515001f911d304bfce93540e3d063ca4640a87bd55fa9f,14.188218108000001
83,69,2,1,Batch portfolio,0.6639141475658619,2,1.1266456655869983,0.0,-6.661338147750939e-16,256,IEEE RTS 24-bus,2,3e3d0737d91acb37be515001f911d304bfce93540e3d063ca4640a87bd55fa9f,14.188218108000001
83,69,3,2,Inference portfolio,0.30397103703587725,7,-0.5158312299796919,0.0,-6.661338147750939e-16,256,IEEE RTS 24-bus,2,3e3d0737d91acb37be515001f911d304bfce93540e3d063ca4640a87bd55fa9f,14.188218108000001
83,69,4,2,Batch portfolio,0.6960289629641228,7,-1.1811437022734044,0.0,-6.661338147750939e-16,256,IEEE RTS 24-bus,2,3e3d0737d91acb37be515001f911d304bfce93540e3d063ca4640a87bd55fa9f,14.188218108000001
83,69,5,3,Inference portfolio,0.3194660181587846,14,0.0,0.0,-6.661338147750939e-16,256,IEEE RTS 24-bus,2,3e3d0737d91acb37be515001f911d304bfce93540e3d063ca4640a87bd55fa9f,14.188218108000001
83,69,6,3,Batch portfolio,0.6805339818412154,14,0.0,0.0,-6.661338147750939e-16,256,IEEE RTS 24-bus,2,3e3d0737d91acb37be515001f911d304bfce93540e3d063ca4640a87bd55fa9f,14.188218108000001
83,69,7,4,Inference portfolio,0.3374214395382333,20,0.0,0.0,-6.661338147750939e-16,256,IEEE RTS 24-bus,2,3e3d0737d91acb37be515001f911d304bfce93540e3d063ca4640a87bd55fa9f,14.188218108000001
83,69,8,4,Batch portfolio,0.6625785604617667,20,0.0,0.0,-6.661338147750939e-16,256,IEEE RTS 24-bus,2,3e3d0737d91acb37be515001f911d304bfce93540e3d063ca4640a87bd55fa9f,14.188218108000001
83,70,1,1,Inference portfolio,0.3360858524341381,2,0.6027418554693525,1.8189894035458565e-12,2.4424906541753444e-15,256,IEEE RTS 24-bus,2,3e3d0737d91acb37be515001f911d304bfce93540e3d063ca4640a87bd55fa9f,14.188218108000001
83,70,2,1,Batch portfolio,0.6639141475658619,2,1.1906744728426024,1.8189894035458565e-12,2.4424906541753444e-15,256,IEEE RTS 24-bus,2,3e3d0737d91acb37be515001f911d304bfce93540e3d063ca4640a87bd55fa9f,14.188218108000001
83,70,3,2,Inference portfolio,0.30397103703587725,7,-0.5451466211532832,1.8189894035458565e-12,2.4424906541753444e-15,256,IEEE RTS 24-bus,2,3e3d0737d91acb37be515001f911d304bfce93540e3d063ca4640a87bd55fa9f,14.188218108000001
83,70,4,2,Batch portfolio,0.6960289629641228,7,-1.2482697071568505,1.8189894035458565e-12,2.4424906541753444e-15,256,IEEE RTS 24-bus,2,3e3d0737d91acb37be515001f911d304bfce93540e3d063ca4640a87bd55fa9f,14.188218108000001
83,70,5,3,Inference portfolio,0.3194660181587846,14,0.0,1.8189894035458565e-12,2.4424906541753444e-15,256,IEEE RTS 24-bus,2,3e3d0737d91acb37be515001f911d304bfce93540e3d063ca4640a87bd55fa9f,14.188218108000001
83,70,6,3,Batch portfolio,0.6805339818412154,14,0.0,1.8189894035458565e-12,2.4424906541753444e-15,256,IEEE RTS 24-bus,2,3e3d0737d91acb37be515001f911d304bfce93540e3d063ca4640a87bd55fa9f,14.188218108000001
83,70,7,4,Inference portfolio,0.3374214395382333,20,0.0,1.8189894035458565e-12,2.4424906541753444e-15,256,IEEE RTS 24-bus,2,3e3d0737d91acb37be515001f911d304bfce93540e3d063ca4640a87bd55fa9f,14.188218108000001
83,70,8,4,Batch portfolio,0.6625785604617667,20,0.0,1.8189894035458565e-12,2.4424906541753444e-15,256,IEEE RTS 24-bus,2,3e3d0737d91acb37be515001f911d304bfce93540e3d063ca4640a87bd55fa9f,14.188218108000001
83,71,1,1,Inference portfolio,0.3360858524341381,2,3.2747605247595835,0.0,-5.329070518200751e-15,256,IEEE RTS 24-bus,2,3e3d0737d91acb37be515001f911d304bfce93540e3d063ca4640a87bd55fa9f,14.188218108000001
83,71,2,1,Batch portfolio,0.6639141475658619,2,6.46403704299579,0.0,-5.329070518200751e-15,256,IEEE RTS 24-bus,2,3e3d0737d91acb37be515001f911d304bfce93540e3d063ca4640a87bd55fa9f,14.188218108000001
83,71,3,2,Inference portfolio,0.30397103703587725,7,-2.9618394988819996,0.0,-5.329070518200751e-15,256,IEEE RTS 24-bus,2,3e3d0737d91acb37be515001f911d304bfce93540e3d063ca4640a87bd55fa9f,14.188218108000001
83,71,4,2,Batch portfolio,0.6960289629641228,7,-6.7769580688733795,0.0,-5.329070518200751e-15,256,IEEE RTS 24-bus,2,3e3d0737d91acb37be515001f911d304bfce93540e3d063ca4640a87bd55fa9f,14.188218108000001
83,71,5,3,Inference portfolio,0.3194660181587846,14,0.0,0.0,-5.329070518200751e-15,256,IEEE RTS 24-bus,2,3e3d0737d91acb37be515001f911d304bfce93540e3d063ca4640a87bd55fa9f,14.188218108000001
83,71,6,3,Batch portfolio,0.6805339818412154,14,0.0,0.0,-5.329070518200751e-15,256,IEEE RTS 24-bus,2,3e3d0737d91acb37be515001f911d304bfce93540e3d063ca4640a87bd55fa9f,14.188218108000001
83,71,7,4,Inference portfolio,0.3374214395382333,20,0.0,0.0,-5.329070518200751e-15,256,IEEE RTS 24-bus,2,3e3d0737d91acb37be515001f911d304bfce93540e3d063ca4640a87bd55fa9f,14.188218108000001
83,71,8,4,Batch portfolio,0.6625785604617667,20,0.0,0.0,-5.329070518200751e-15,256,IEEE RTS 24-bus,2,3e3d0737d91acb37be515001f911d304bfce93540e3d063ca4640a87bd55fa9f,14.188218108000001
84,64,1,1,Inference portfolio,0.3360858524341381,2,0.8658791580455731,3.637978807091713e-12,4.440892098500626e-15,256,IEEE RTS 24-bus,2,3e3d0737d91acb37be515001f911d304bfce93540e3d063ca4640a87bd55fa9f,14.85077275599906
84,64,2,1,Batch portfolio,0.6639141475658619,2,1.710483850911263,3.637978807091713e-12,4.440892098500626e-15,256,IEEE RTS 24-bus,2,3e3d0737d91acb37be515001f911d304bfce93540e3d063ca4640a87bd55fa9f,14.85077275599906
84,64,3,2,Inference portfolio,0.30397103703587725,7,-0.7831397356112574,3.637978807091713e-12,4.440892098500626e-15,256,IEEE RTS 24-bus,2,3e3d0737d91acb37be515001f911d304bfce93540e3d063ca4640a87bd55fa9f,14.85077275599906
84,64,4,2,Batch portfolio,0.6960289629641228,7,-1.7932232733419362,3.637978807091713e-12,4.440892098500626e-15,256,IEEE RTS 24-bus,2,3e3d0737d91acb37be515001f911d304bfce93540e3d063ca4640a87bd55fa9f,14.85077275599906
84,64,5,3,Inference portfolio,0.3194660181587846,14,0.0,3.637978807091713e-12,4.440892098500626e-15,256,IEEE RTS 24-bus,2,3e3d0737d91acb37be515001f911d304bfce93540e3d063ca4640a87bd55fa9f,14.85077275599906
84,64,6,3,Batch portfolio,0.6805339818412154,14,0.0,3.637978807091713e-12,4.440892098500626e-15,256,IEEE RTS 24-bus,2,3e3d0737d91acb37be515001f911d304bfce93540e3d063ca4640a87bd55fa9f,14.85077275599906
84,64,7,4,Inference portfolio,0.3374214395382333,20,0.0,3.637978807091713e-12,4.440892098500626e-15,256,IEEE RTS 24-bus,2,3e3d0737d91acb37be515001f911d304bfce93540e3d063ca4640a87bd55fa9f,14.85077275599906
84,64,8,4,Batch portfolio,0.6625785604617667,20,0.0,3.637978807091713e-12,4.440892098500626e-15,256,IEEE RTS 24-bus,2,3e3d0737d91acb37be515001f911d304bfce93540e3d063ca4640a87bd55fa9f,14.85077275599906
84,65,1,1,Inference portfolio,0.3360858524341381,2,0.9777577128676672,0.0,2.220446049250313e-15,256,IEEE RTS 24-bus,2,3e3d0737d91acb37be515001f911d304bfce93540e3d063ca4640a87bd55fa9f,14.85077275599906
84,65,2,1,Batch portfolio,0.6639141475658619,2,1.9314921284640147,0.0,2.220446049250313e-15,256,IEEE RTS 24-bus,2,3e3d0737d91acb37be515001f911d304bfce93540e3d063ca4640a87bd55fa9f,14.85077275599906
84,65,3,2,Inference portfolio,0.30397103703587725,7,-0.8843276912660557,0.0,2.220446049250313e-15,256,IEEE RTS 24-bus,2,3e3d0737d91acb37be515001f911d304bfce93540e3d063ca4640a87bd55fa9f,14.85077275599906
84,65,4,2,Batch portfolio,0.6960289629641228,7,-2.024922150065624,0.0,2.220446049250313e-15,256,IEEE RTS 24-bus,2,3e3d0737d91acb37be515001f911d304bfce93540e3d063ca4640a87bd55fa9f,14.85077275599906
84,65,5,3,Inference portfolio,0.3194660181587846,14,0.0,0.0,2.220446049250313e-15,256,IEEE RTS 24-bus,2,3e3d0737d91acb37be515001f911d304bfce93540e3d063ca4640a87bd55fa9f,14.85077275599906
84,65,6,3,Batch portfolio,0.6805339818412154,14,0.0,0.0,2.220446049250313e-15,256,IEEE RTS 24-bus,2,3e3d0737d91acb37be515001f911d304bfce93540e3d063ca4640a87bd55fa9f,14.85077275599906
84,65,7,4,Inference portfolio,0.3374214395382333,20,0.0,0.0,2.220446049250313e-15,256,IEEE RTS 24-bus,2,3e3d0737d91acb37be515001f911d304bfce93540e3d063ca4640a87bd55fa9f,14.85077275599906
84,65,8,4,Batch portfolio,0.6625785604617667,20,0.0,0.0,2.220446049250313e-15,256,IEEE RTS 24-bus,2,3e3d0737d91acb37be515001f911d304bfce93540e3d063ca4640a87bd55fa9f,14.85077275599906
84,66,1,1,Inference portfolio,0.3360858524341381,2,1.2985761938850071,0.0,5.773159728050814e-15,256,IEEE RTS 24-bus,2,3e3d0737d91acb37be515001f911d304bfce93540e3d063ca4640a87bd55fa9f,14.85077275599906
84,66,2,1,Batch portfolio,0.6639141475658619,2,2.5652466492371513,0.0,5.773159728050814e-15,256,IEEE RTS 24-bus,2,3e3d0737d91acb37be515001f911d304bfce93540e3d063ca4640a87bd55fa9f,14.85077275599906
84,66,3,2,Inference portfolio,0.30397103703587725,7,-1.1744902365471717,0.0,5.773159728050814e-15,256,IEEE RTS 24-bus,2,3e3d0737d91acb37be515001f911d304bfce93540e3d063ca4640a87bd55fa9f,14.85077275599906
84,66,4,2,Batch portfolio,0.6960289629641228,7,-2.689332606574981,0.0,5.773159728050814e-15,256,IEEE RTS 24-bus,2,3e3d0737d91acb37be515001f911d304bfce93540e3d063ca4640a87bd55fa9f,14.85077275599906
84,66,5,3,Inference portfolio,0.3194660181587846,14,0.0,0.0,5.773159728050814e-15,256,IEEE RTS 24-bus,2,3e3d0737d91acb37be515001f911d304bfce93540e3d063ca4640a87bd55fa9f,14.85077275599906
84,66,6,3,Batch portfolio,0.6805339818412154,14,0.0,0.0,5.773159728050814e-15,256,IEEE RTS 24-bus,2,3e3d0737d91acb37be515001f911d304bfce93540e3d063ca4640a87bd55fa9f,14.85077275599906
84,66,7,4,Inference portfolio,0.3374214395382333,20,0.0,0.0,5.773159728050814e-15,256,IEEE RTS 24-bus,2,3e3d0737d91acb37be515001f911d304bfce93540e3d063ca4640a87bd55fa9f,14.85077275599906
84,66,8,4,Batch portfolio,0.6625785604617667,20,0.0,0.0,5.773159728050814e-15,256,IEEE RTS 24-bus,2,3e3d0737d91acb37be515001f911d304bfce93540e3d063ca4640a87bd55fa9f,14.85077275599906
84,67,1,1,Inference portfolio,0.3360858524341381,2,1.0206658066178225,0.0,-5.773159728050814e-15,256,IEEE RTS 24-bus,2,3e3d0737d91acb37be515001f911d304bfce93540e3d063ca4640a87bd55fa9f,14.85077275599906
84,67,2,1,Batch portfolio,0.6639141475658619,2,2.0162540733038705,0.0,-5.773159728050814e-15,256,IEEE RTS 24-bus,2,3e3d0737d91acb37be515001f911d304bfce93540e3d063ca4640a87bd55fa9f,14.85077275599906
84,67,3,2,Inference portfolio,0.30397103703587725,7,-0.9231356852948623,0.0,-5.773159728050814e-15,256,IEEE RTS 24-bus,2,3e3d0737d91acb37be515001f911d304bfce93540e3d063ca4640a87bd55fa9f,14.85077275599906
84,67,4,2,Batch portfolio,0.6960289629641228,7,-2.1137841946268363,0.0,-5.773159728050814e-15,256,IEEE RTS 24-bus,2,3e3d0737d91acb37be515001f911d304bfce93540e3d063ca4640a87bd55fa9f,14.85077275599906
84,67,5,3,Inference portfolio,0.3194660181587846,14,0.0,0.0,-5.773159728050814e-15,256,IEEE RTS 24-bus,2,3e3d0737d91acb37be515001f911d304bfce93540e3d063ca4640a87bd55fa9f,14.85077275599906
84,67,6,3,Batch portfolio,0.6805339818412154,14,0.0,0.0,-5.773159728050814e-15,256,IEEE RTS 24-bus,2,3e3d0737d91acb37be515001f911d304bfce93540e3d063ca4640a87bd55fa9f,14.85077275599906
84,67,7,4,Inference portfolio,0.3374214395382333,20,0.0,0.0,-5.773159728050814e-15,256,IEEE RTS 24-bus,2,3e3d0737d91acb37be515001f911d304bfce93540e3d063ca4640a87bd55fa9f,14.85077275599906
84,67,8,4,Batch portfolio,0.6625785604617667,20,0.0,0.0,-5.773159728050814e-15,256,IEEE RTS 24-bus,2,3e3d0737d91acb37be515001f911d304bfce93540e3d063ca4640a87bd55fa9f,14.85077275599906
84,68,1,1,Inference portfolio,0.3360858524341381,2,1.3813495669251081,0.0,8.881784197001252e-16,256,IEEE RTS 24-bus,2,3e3d0737d91acb37be515001f911d304bfce93540e3d063ca4640a87bd55fa9f,14.85077275599906
84,68,2,1,Batch portfolio,0.6639141475658619,2,2.728759671297819,0.0,8.881784197001252e-16,256,IEEE RTS 24-bus,2,3e3d0737d91acb37be515001f911d304bfce93540e3d063ca4640a87bd55fa9f,14.85077275599906
84,68,3,2,Inference portfolio,0.30397103703587725,7,-1.249354167473485,0.0,8.881784197001252e-16,256,IEEE RTS 24-bus,2,3e3d0737d91acb37be515001f911d304bfce93540e3d063ca4640a87bd55fa9f,14.85077275599906
84,68,4,2,Batch portfolio,0.6960289629641228,7,-2.8607550707494416,0.0,8.881784197001252e-16,256,IEEE RTS 24-bus,2,3e3d0737d91acb37be515001f911d304bfce93540e3d063ca4640a87bd55fa9f,14.85077275599906
84,68,5,3,Inference portfolio,0.3194660181587846,14,0.0,0.0,8.881784197001252e-16,256,IEEE RTS 24-bus,2,3e3d0737d91acb37be515001f911d304bfce93540e3d063ca4640a87bd55fa9f,14.85077275599906
84,68,6,3,Batch portfolio,0.6805339818412154,14,0.0,0.0,8.881784197001252e-16,256,IEEE RTS 24-bus,2,3e3d0737d91acb37be515001f911d304bfce93540e3d063ca4640a87bd55fa9f,14.85077275599906
84,68,7,4,Inference portfolio,0.3374214395382333,20,0.0,0.0,8.881784197001252e-16,256,IEEE RTS 24-bus,2,3e3d0737d91acb37be515001f911d304bfce93540e3d063ca4640a87bd55fa9f,14.85077275599906
84,68,8,4,Batch portfolio,0.6625785604617667,20,0.0,0.0,8.881784197001252e-16,256,IEEE RTS 24-bus,2,3e3d0737d91acb37be515001f911d304bfce93540e3d063ca4640a87bd55fa9f,14.85077275599906
84,69,1,1,Inference portfolio,0.3360858524341381,2,1.0450083222911721,0.0,-2.6645352591003757e-15,256,IEEE RTS 24-bus,2,3e3d0737d91acb37be515001f911d304bfce93540e3d063ca4640a87bd55fa9f,14.85077275599906
84,69,2,1,Batch portfolio,0.6639141475658619,2,2.064341014261266,0.0,-2.6645352591003757e-15,256,IEEE RTS 24-bus,2,3e3d0737d91acb37be515001f911d304bfce93540e3d063ca4640a87bd55fa9f,14.85077275599906
84,69,3,2,Inference portfolio,0.30397103703587725,7,-0.9451521423387332,0.0,-2.6645352591003757e-15,256,IEEE RTS 24-bus,2,3e3d0737d91acb37be515001f911d304bfce93540e3d063ca4640a87bd55fa9f,14.85077275599906
84,69,4,2,Batch portfolio,0.6960289629641228,7,-2.164197194213708,0.0,-2.6645352591003757e-15,256,IEEE RTS 24-bus,2,3e3d0737d91acb37be515001f911d304bfce93540e3d063ca4640a87bd55fa9f,14.85077275599906
84,69,5,3,Inference portfolio,0.3194660181587846,14,0.0,0.0,-2.6645352591003757e-15,256,IEEE RTS 24-bus,2,3e3d0737d91acb37be515001f911d304bfce93540e3d063ca4640a87bd55fa9f,14.85077275599906
84,69,6,3,Batch portfolio,0.6805339818412154,14,0.0,0.0,-2.6645352591003757e-15,256,IEEE RTS 24-bus,2,3e3d0737d91acb37be515001f911d304bfce93540e3d063ca4640a87bd55fa9f,14.85077275599906
84,69,7,4,Inference portfolio,0.3374214395382333,20,0.0,0.0,-2.6645352591003757e-15,256,IEEE RTS 24-bus,2,3e3d0737d91acb37be515001f911d304bfce93540e3d063ca4640a87bd55fa9f,14.85077275599906
84,69,8,4,Batch portfolio,0.6625785604617667,20,0.0,0.0,-2.6645352591003757e-15,256,IEEE RTS 24-bus,2,3e3d0737d91acb37be515001f911d304bfce93540e3d063ca4640a87bd55fa9f,14.85077275599906
84,70,1,1,Inference portfolio,0.3360858524341381,2,1.3117176244491027,3.637978807091713e-12,5.329070518200751e-15,256,IEEE RTS 24-bus,2,3e3d0737d91acb37be515001f911d304bfce93540e3d063ca4640a87bd55fa9f,14.85077275599906
84,70,2,1,Batch portfolio,0.6639141475658619,2,2.5912066282324653,3.637978807091713e-12,5.329070518200751e-15,256,IEEE RTS 24-bus,2,3e3d0737d91acb37be515001f911d304bfce93540e3d063ca4640a87bd55fa9f,14.85077275599906
84,70,3,2,Inference portfolio,0.30397103703587725,7,-1.1863759325592587,3.637978807091713e-12,5.329070518200751e-15,256,IEEE RTS 24-bus,2,3e3d0737d91acb37be515001f911d304bfce93540e3d063ca4640a87bd55fa9f,14.85077275599906
84,70,4,2,Batch portfolio,0.6960289629641228,7,-2.7165483201186658,3.637978807091713e-12,5.329070518200751e-15,256,IEEE RTS 24-bus,2,3e3d0737d91acb37be515001f911d304bfce93540e3d063ca4640a87bd55fa9f,14.85077275599906
84,70,5,3,Inference portfolio,0.3194660181587846,14,0.0,3.637978807091713e-12,5.329070518200751e-15,256,IEEE RTS 24-bus,2,3e3d0737d91acb37be515001f911d304bfce93540e3d063ca4640a87bd55fa9f,14.85077275599906
84,70,6,3,Batch portfolio,0.6805339818412154,14,0.0,3.637978807091713e-12,5.329070518200751e-15,256,IEEE RTS 24-bus,2,3e3d0737d91acb37be515001f911d304bfce93540e3d063ca4640a87bd55fa9f,14.85077275599906
84,70,7,4,Inference portfolio,0.3374214395382333,20,0.0,3.637978807091713e-12,5.329070518200751e-15,256,IEEE RTS 24-bus,2,3e3d0737d91acb37be515001f911d304bfce93540e3d063ca4640a87bd55fa9f,14.85077275599906
84,70,8,4,Batch portfolio,0.6625785604617667,20,0.0,3.637978807091713e-12,5.329070518200751e-15,256,IEEE RTS 24-bus,2,3e3d0737d91acb37be515001f911d304bfce93540e3d063ca4640a87bd55fa9f,14.85077275599906
84,71,1,1,Inference portfolio,0.3360858524341381,2,0.5396806282733436,0.0,-2.220446049250313e-16,256,IEEE RTS 24-bus,2,3e3d0737d91acb37be515001f911d304bfce93540e3d063ca4640a87bd55fa9f,14.85077275599906
84,71,2,1,Batch portfolio,0.6639141475658619,2,1.0661014192740672,0.0,-2.220446049250313e-16,256,IEEE RTS 24-bus,2,3e3d0737d91acb37be515001f911d304bfce93540e3d063ca4640a87bd55fa9f,14.85077275599906
84,71,3,2,Inference portfolio,0.30397103703587725,7,-0.4881112342469948,0.0,-2.220446049250313e-16,256,IEEE RTS 24-bus,2,3e3d0737d91acb37be515001f911d304bfce93540e3d063ca4640a87bd55fa9f,14.85077275599906
84,71,4,2,Batch portfolio,0.6960289629641228,7,-1.1176708133004163,0.0,-2.220446049250313e-16,256,IEEE RTS 24-bus,2,3e3d0737d91acb37be515001f911d304bfce93540e3d063ca4640a87bd55fa9f,14.85077275599906
84,71,5,3,Inference portfolio,0.3194660181587846,14,0.0,0.0,-2.220446049250313e-16,256,IEEE RTS 24-bus,2,3e3d0737d91acb37be515001f911d304bfce93540e3d063ca4640a87bd55fa9f,14.85077275599906
84,71,6,3,Batch portfolio,0.6805339818412154,14,0.0,0.0,-2.220446049250313e-16,256,IEEE RTS 24-bus,2,3e3d0737d91acb37be515001f911d304bfce93540e3d063ca4640a87bd55fa9f,14.85077275599906
84,71,7,4,Inference portfolio,0.3374214395382333,20,0.0,0.0,-2.220446049250313e-16,256,IEEE RTS 24-bus,2,3e3d0737d91acb37be515001f911d304bfce93540e3d063ca4640a87bd55fa9f,14.85077275599906
84,71,8,4,Batch portfolio,0.6625785604617667,20,0.0,0.0,-2.220446049250313e-16,256,IEEE RTS 24-bus,2,3e3d0737d91acb37be515001f911d304bfce93540e3d063ca4640a87bd55fa9f,14.85077275599906
85,64,1,1,Inference portfolio,0.3360858524341381,2,3.9120302360435426,-3.637978807091713e-12,-7.105427357601002e-15,256,IEEE RTS 24-bus,2,3e3d0737d91acb37be515001f911d304bfce93540e3d063ca4640a87bd55fa9f,14.941096874001232
85,64,2,1,Batch portfolio,0.6639141475658619,2,7.730763245626048,-3.637978807091713e-12,-7.105427357601002e-15,256,IEEE RTS 24-bus,2,3e3d0737d91acb37be515001f911d304bfce93540e3d063ca4640a87bd55fa9f,14.941096874001232
85,64,3,2,Inference portfolio,0.30397103703587725,7,-3.5379383486780784,-3.637978807091713e-12,-7.105427357601002e-15,256,IEEE RTS 24-bus,2,3e3d0737d91acb37be515001f911d304bfce93540e3d063ca4640a87bd55fa9f,14.941096874001232
85,64,4,2,Batch portfolio,0.6960289629641228,7,-8.104855132995157,-3.637978807091713e-12,-7.105427357601002e-15,256,IEEE RTS 24-bus,2,3e3d0737d91acb37be515001f911d304bfce93540e3d063ca4640a87bd55fa9f,14.941096874001232
85,64,5,3,Inference portfolio,0.3194660181587846,14,0.0,-3.637978807091713e-12,-7.105427357601002e-15,256,IEEE RTS 24-bus,2,3e3d0737d91acb37be515001f911d304bfce93540e3d063ca4640a87bd55fa9f,14.941096874001232
85,64,6,3,Batch portfolio,0.6805339818412154,14,0.0,-3.637978807091713e-12,-7.105427357601002e-15,256,IEEE RTS 24-bus,2,3e3d0737d91acb37be515001f911d304bfce93540e3d063ca4640a87bd55fa9f,14.941096874001232
85,64,7,4,Inference portfolio,0.3374214395382333,20,0.0,-3.637978807091713e-12,-7.105427357601002e-15,256,IEEE RTS 24-bus,2,3e3d0737d91acb37be515001f911d304bfce93540e3d063ca4640a87bd55fa9f,14.941096874001232
85,64,8,4,Batch portfolio,0.6625785604617667,20,0.0,-3.637978807091713e-12,-7.105427357601002e-15,256,IEEE RTS 24-bus,2,3e3d0737d91acb37be515001f911d304bfce93540e3d063ca4640a87bd55fa9f,14.941096874001232
85,65,1,1,Inference portfolio,0.3360858524341381,2,4.793864689768122,0.0,1.7763568394002505e-15,256,IEEE RTS 24-bus,2,3e3d0737d91acb37be515001f911d304bfce93540e3d063ca4640a87bd55fa9f,14.941096874001232
85,65,2,1,Batch portfolio,0.6639141475658619,2,9.469945152414919,0.0,1.7763568394002505e-15,256,IEEE RTS 24-bus,2,3e3d0737d91acb37be515001f911d304bfce93540e3d063ca4640a87bd55fa9f,14.941096874001232
85,65,3,2,Inference portfolio,0.30397103703587725,7,-4.335785069810454,0.0,1.7763568394002505e-15,256,IEEE RTS 24-bus,2,3e3d0737d91acb37be515001f911d304bfce93540e3d063ca4640a87bd55fa9f,14.941096874001232
85,65,4,2,Batch portfolio,0.6960289629641228,7,-9.928024772372584,0.0,1.7763568394002505e-15,256,IEEE RTS 24-bus,2,3e3d0737d91acb37be515001f911d304bfce93540e3d063ca4640a87bd55fa9f,14.941096874001232
85,65,5,3,Inference portfolio,0.3194660181587846,14,0.0,0.0,1.7763568394002505e-15,256,IEEE RTS 24-bus,2,3e3d0737d91acb37be515001f911d304bfce93540e3d063ca4640a87bd55fa9f,14.941096874001232
85,65,6,3,Batch portfolio,0.6805339818412154,14,0.0,0.0,1.7763568394002505e-15,256,IEEE RTS 24-bus,2,3e3d0737d91acb37be515001f911d304bfce93540e3d063ca4640a87bd55fa9f,14.941096874001232
85,65,7,4,Inference portfolio,0.3374214395382333,20,0.0,0.0,1.7763568394002505e-15,256,IEEE RTS 24-bus,2,3e3d0737d91acb37be515001f911d304bfce93540e3d063ca4640a87bd55fa9f,14.941096874001232
85,65,8,4,Batch portfolio,0.6625785604617667,20,0.0,0.0,1.7763568394002505e-15,256,IEEE RTS 24-bus,2,3e3d0737d91acb37be515001f911d304bfce93540e3d063ca4640a87bd55fa9f,14.941096874001232
85,66,1,1,Inference portfolio,0.3360858524341381,2,11.648679861120097,0.0,3.552713678800501e-14,256,IEEE RTS 24-bus,2,3e3d0737d91acb37be515001f911d304bfce93540e3d063ca4640a87bd55fa9f,14.941096874001232
85,66,2,1,Batch portfolio,0.6639141475658619,2,23.01115415674667,0.0,3.552713678800501e-14,256,IEEE RTS 24-bus,2,3e3d0737d91acb37be515001f911d304bfce93540e3d063ca4640a87bd55fa9f,14.941096874001232
85,66,3,2,Inference portfolio,0.30397103703587725,7,-10.535585689902591,0.0,3.552713678800501e-14,256,IEEE RTS 24-bus,2,3e3d0737d91acb37be515001f911d304bfce93540e3d063ca4640a87bd55fa9f,14.941096874001232
85,66,4,2,Batch portfolio,0.6960289629641228,7,-24.124248327964146,0.0,3.552713678800501e-14,256,IEEE RTS 24-bus,2,3e3d0737d91acb37be515001f911d304bfce93540e3d063ca4640a87bd55fa9f,14.941096874001232
85,66,5,3,Inference portfolio,0.3194660181587846,14,0.0,0.0,3.552713678800501e-14,256,IEEE RTS 24-bus,2,3e3d0737d91acb37be515001f911d304bfce93540e3d063ca4640a87bd55fa9f,14.941096874001232
85,66,6,3,Batch portfolio,0.6805339818412154,14,0.0,0.0,3.552713678800501e-14,256,IEEE RTS 24-bus,2,3e3d0737d91acb37be515001f911d304bfce93540e3d063ca4640a87bd55fa9f,14.941096874001232
85,66,7,4,Inference portfolio,0.3374214395382333,20,0.0,0.0,3.552713678800501e-14,256,IEEE RTS 24-bus,2,3e3d0737d91acb37be515001f911d304bfce93540e3d063ca4640a87bd55fa9f,14.941096874001232
85,66,8,4,Batch portfolio,0.6625785604617667,20,0.0,0.0,3.552713678800501e-14,256,IEEE RTS 24-bus,2,3e3d0737d91acb37be515001f911d304bfce93540e3d063ca4640a87bd55fa9f,14.941096874001232
85,67,1,1,Inference portfolio,0.3360858524341381,2,7.061673875264196,0.0,0.0,256,IEEE RTS 24-bus,2,3e3d0737d91acb37be515001f911d304bfce93540e3d063ca4640a87bd55fa9f,14.941096874001232
85,67,2,1,Batch portfolio,0.6639141475658619,2,13.949843938173846,0.0,0.0,256,IEEE RTS 24-bus,2,3e3d0737d91acb37be515001f911d304bfce93540e3d063ca4640a87bd55fa9f,14.941096874001232
85,67,3,2,Inference portfolio,0.30397103703587725,7,-6.38689285944869,0.0,0.0,256,IEEE RTS 24-bus,2,3e3d0737d91acb37be515001f911d304bfce93540e3d063ca4640a87bd55fa9f,14.941096874001232
85,67,4,2,Batch portfolio,0.6960289629641228,7,-14.624624953989352,0.0,0.0,256,IEEE RTS 24-bus,2,3e3d0737d91acb37be515001f911d304bfce93540e3d063ca4640a87bd55fa9f,14.941096874001232
85,67,5,3,Inference portfolio,0.3194660181587846,14,0.0,0.0,0.0,256,IEEE RTS 24-bus,2,3e3d0737d91acb37be515001f911d304bfce93540e3d063ca4640a87bd55fa9f,14.941096874001232
85,67,6,3,Batch portfolio,0.6805339818412154,14,0.0,0.0,0.0,256,IEEE RTS 24-bus,2,3e3d0737d91acb37be515001f911d304bfce93540e3d063ca4640a87bd55fa9f,14.941096874001232
85,67,7,4,Inference portfolio,0.3374214395382333,20,0.0,0.0,0.0,256,IEEE RTS 24-bus,2,3e3d0737d91acb37be515001f911d304bfce93540e3d063ca4640a87bd55fa9f,14.941096874001232
85,67,8,4,Batch portfolio,0.6625785604617667,20,0.0,0.0,0.0,256,IEEE RTS 24-bus,2,3e3d0737d91acb37be515001f911d304bfce93540e3d063ca4640a87bd55fa9f,14.941096874001232
85,68,1,1,Inference portfolio,0.3360858524341381,2,6.741373024773415,0.0,-3.552713678800501e-15,256,IEEE RTS 24-bus,2,3e3d0737d91acb37be515001f911d304bfce93540e3d063ca4640a87bd55fa9f,14.941096874001232
85,68,2,1,Batch portfolio,0.6639141475658619,2,13.317111960380466,0.0,-3.552713678800501e-15,256,IEEE RTS 24-bus,2,3e3d0737d91acb37be515001f911d304bfce93540e3d063ca4640a87bd55fa9f,14.941096874001232
85,68,3,2,Inference portfolio,0.30397103703587725,7,-6.097198482304673,0.0,-3.552713678800501e-15,256,IEEE RTS 24-bus,2,3e3d0737d91acb37be515001f911d304bfce93540e3d063ca4640a87bd55fa9f,14.941096874001232
85,68,4,2,Batch portfolio,0.6960289629641228,7,-13.961286502849212,0.0,-3.552713678800501e-15,256,IEEE RTS 24-bus,2,3e3d0737d91acb37be515001f911d304bfce93540e3d063ca4640a87bd55fa9f,14.941096874001232
85,68,5,3,Inference portfolio,0.3194660181587846,14,0.0,0.0,-3.552713678800501e-15,256,IEEE RTS 24-bus,2,3e3d0737d91acb37be515001f911d304bfce93540e3d063ca4640a87bd55fa9f,14.941096874001232
85,68,6,3,Batch portfolio,0.6805339818412154,14,0.0,0.0,-3.552713678800501e-15,256,IEEE RTS 24-bus,2,3e3d0737d91acb37be515001f911d304bfce93540e3d063ca4640a87bd55fa9f,14.941096874001232
85,68,7,4,Inference portfolio,0.3374214395382333,20,0.0,0.0,-3.552713678800501e-15,256,IEEE RTS 24-bus,2,3e3d0737d91acb37be515001f911d304bfce93540e3d063ca4640a87bd55fa9f,14.941096874001232
85,68,8,4,Batch portfolio,0.6625785604617667,20,0.0,0.0,-3.552713678800501e-15,256,IEEE RTS 24-bus,2,3e3d0737d91acb37be515001f911d304bfce93540e3d063ca4640a87bd55fa9f,14.941096874001232
85,69,1,1,Inference portfolio,0.3360858524341381,2,5.478788139770888,0.0,7.105427357601002e-15,256,IEEE RTS 24-bus,2,3e3d0737d91acb37be515001f911d304bfce93540e3d063ca4640a87bd55fa9f,14.941096874001232
85,69,2,1,Batch portfolio,0.6639141475658619,2,10.822963630170918,0.0,7.105427357601002e-15,256,IEEE RTS 24-bus,2,3e3d0737d91acb37be515001f911d304bfce93540e3d063ca4640a87bd55fa9f,14.941096874001232
85,69,3,2,Inference portfolio,0.30397103703587725,7,-4.9552603910108965,0.0,7.105427357601002e-15,256,IEEE RTS 24-bus,2,3e3d0737d91acb37be515001f911d304bfce93540e3d063ca4640a87bd55fa9f,14.941096874001232
85,69,4,2,Batch portfolio,0.6960289629641228,7,-11.346491378930903,0.0,7.105427357601002e-15,256,IEEE RTS 24-bus,2,3e3d0737d91acb37be515001f911d304bfce93540e3d063ca4640a87bd55fa9f,14.941096874001232
85,69,5,3,Inference portfolio,0.3194660181587846,14,0.0,0.0,7.105427357601002e-15,256,IEEE RTS 24-bus,2,3e3d0737d91acb37be515001f911d304bfce93540e3d063ca4640a87bd55fa9f,14.941096874001232
85,69,6,3,Batch portfolio,0.6805339818412154,14,0.0,0.0,7.105427357601002e-15,256,IEEE RTS 24-bus,2,3e3d0737d91acb37be515001f911d304bfce93540e3d063ca4640a87bd55fa9f,14.941096874001232
85,69,7,4,Inference portfolio,0.3374214395382333,20,0.0,0.0,7.105427357601002e-15,256,IEEE RTS 24-bus,2,3e3d0737d91acb37be515001f911d304bfce93540e3d063ca4640a87bd55fa9f,14.941096874001232
85,69,8,4,Batch portfolio,0.6625785604617667,20,0.0,0.0,7.105427357601002e-15,256,IEEE RTS 24-bus,2,3e3d0737d91acb37be515001f911d304bfce93540e3d063ca4640a87bd55fa9f,14.941096874001232
85,70,1,1,Inference portfolio,0.3360858524341381,2,6.940695780733821,0.0,0.0,256,IEEE RTS 24-bus,2,3e3d0737d91acb37be515001f911d304bfce93540e3d063ca4640a87bd55fa9f,14.941096874001232
85,70,2,1,Batch portfolio,0.6639141475658619,2,13.710860154945298,0.0,0.0,256,IEEE RTS 24-bus,2,3e3d0737d91acb37be515001f911d304bfce93540e3d063ca4640a87bd55fa9f,14.941096874001232
85,70,3,2,Inference portfolio,0.30397103703587725,7,-6.2774748741730875,0.0,0.0,256,IEEE RTS 24-bus,2,3e3d0737d91acb37be515001f911d304bfce93540e3d063ca4640a87bd55fa9f,14.941096874001232
85,70,4,2,Batch portfolio,0.6960289629641228,7,-14.37408106150603,0.0,0.0,256,IEEE RTS 24-bus,2,3e3d0737d91acb37be515001f911d304bfce93540e3d063ca4640a87bd55fa9f,14.941096874001232
85,70,5,3,Inference portfolio,0.3194660181587846,14,0.0,0.0,0.0,256,IEEE RTS 24-bus,2,3e3d0737d91acb37be515001f911d304bfce93540e3d063ca4640a87bd55fa9f,14.941096874001232
85,70,6,3,Batch portfolio,0.6805339818412154,14,0.0,0.0,0.0,256,IEEE RTS 24-bus,2,3e3d0737d91acb37be515001f911d304bfce93540e3d063ca4640a87bd55fa9f,14.941096874001232
85,70,7,4,Inference portfolio,0.3374214395382333,20,0.0,0.0,0.0,256,IEEE RTS 24-bus,2,3e3d0737d91acb37be515001f911d304bfce93540e3d063ca4640a87bd55fa9f,14.941096874001232
85,70,8,4,Batch portfolio,0.6625785604617667,20,0.0,0.0,0.0,256,IEEE RTS 24-bus,2,3e3d0737d91acb37be515001f911d304bfce93540e3d063ca4640a87bd55fa9f,14.941096874001232
85,71,1,1,Inference portfolio,0.3360858524341381,2,6.234307959830558,0.0,1.0658141036401503e-14,256,IEEE RTS 24-bus,2,3e3d0737d91acb37be515001f911d304bfce93540e3d063ca4640a87bd55fa9f,14.941096874001232
85,71,2,1,Batch portfolio,0.6639141475658619,2,12.315440310373718,0.0,1.0658141036401503e-14,256,IEEE RTS 24-bus,2,3e3d0737d91acb37be515001f911d304bfce93540e3d063ca4640a87bd55fa9f,14.941096874001232
85,71,3,2,Inference portfolio,0.30397103703587725,7,-5.63858621844838,0.0,1.0658141036401503e-14,256,IEEE RTS 24-bus,2,3e3d0737d91acb37be515001f911d304bfce93540e3d063ca4640a87bd55fa9f,14.941096874001232
85,71,4,2,Batch portfolio,0.6960289629641228,7,-12.911162051755886,0.0,1.0658141036401503e-14,256,IEEE RTS 24-bus,2,3e3d0737d91acb37be515001f911d304bfce93540e3d063ca4640a87bd55fa9f,14.941096874001232
85,71,5,3,Inference portfolio,0.3194660181587846,14,0.0,0.0,1.0658141036401503e-14,256,IEEE RTS 24-bus,2,3e3d0737d91acb37be515001f911d304bfce93540e3d063ca4640a87bd55fa9f,14.941096874001232
85,71,6,3,Batch portfolio,0.6805339818412154,14,0.0,0.0,1.0658141036401503e-14,256,IEEE RTS 24-bus,2,3e3d0737d91acb37be515001f911d304bfce93540e3d063ca4640a87bd55fa9f,14.941096874001232
85,71,7,4,Inference portfolio,0.3374214395382333,20,0.0,0.0,1.0658141036401503e-14,256,IEEE RTS 24-bus,2,3e3d0737d91acb37be515001f911d304bfce93540e3d063ca4640a87bd55fa9f,14.941096874001232
85,71,8,4,Batch portfolio,0.6625785604617667,20,0.0,0.0,1.0658141036401503e-14,256,IEEE RTS 24-bus,2,3e3d0737d91acb37be515001f911d304bfce93540e3d063ca4640a87bd55fa9f,14.941096874001232
86,64,1,1,Inference portfolio,0.3360858524341381,2,8.861619226679387,0.0,2.1316282072803006e-14,256,IEEE RTS 24-bus,2,3e3d0737d91acb37be515001f911d304bfce93540e3d063ca4640a87bd55fa9f,13.870876844001032
86,64,2,1,Batch portfolio,0.6639141475658619,2,17.505510369815372,0.0,2.1316282072803006e-14,256,IEEE RTS 24-bus,2,3e3d0737d91acb37be515001f911d304bfce93540e3d063ca4640a87bd55fa9f,13.870876844001032
86,64,3,2,Inference portfolio,0.30397103703587725,7,-8.014843727105774,0.0,2.1316282072803006e-14,256,IEEE RTS 24-bus,2,3e3d0737d91acb37be515001f911d304bfce93540e3d063ca4640a87bd55fa9f,13.870876844001032
86,64,4,2,Batch portfolio,0.6960289629641228,7,-18.352285869388965,0.0,2.1316282072803006e-14,256,IEEE RTS 24-bus,2,3e3d0737d91acb37be515001f911d304bfce93540e3d063ca4640a87bd55fa9f,13.870876844001032
86,64,5,3,Inference portfolio,0.3194660181587846,14,0.0,0.0,2.1316282072803006e-14,256,IEEE RTS 24-bus,2,3e3d0737d91acb37be515001f911d304bfce93540e3d063ca4640a87bd55fa9f,13.870876844001032
86,64,6,3,Batch portfolio,0.6805339818412154,14,0.0,0.0,2.1316282072803006e-14,256,IEEE RTS 24-bus,2,3e3d0737d91acb37be515001f911d304bfce93540e3d063ca4640a87bd55fa9f,13.870876844001032
86,64,7,4,Inference portfolio,0.3374214395382333,20,0.0,0.0,2.1316282072803006e-14,256,IEEE RTS 24-bus,2,3e3d0737d91acb37be515001f911d304bfce93540e3d063ca4640a87bd55fa9f,13.870876844001032
86,64,8,4,Batch portfolio,0.6625785604617667,20,0.0,0.0,2.1316282072803006e-14,256,IEEE RTS 24-bus,2,3e3d0737d91acb37be515001f911d304bfce93540e3d063ca4640a87bd55fa9f,13.870876844001032
86,65,1,1,Inference portfolio,0.3360858524341381,2,8.576722286979617,1.8189894035458565e-12,-1.0658141036401503e-14,256,IEEE RTS 24-bus,2,3e3d0737d91acb37be515001f911d304bfce93540e3d063ca4640a87bd55fa9f,13.870876844001032
86,65,2,1,Batch portfolio,0.6639141475658619,2,16.942716347112754,1.8189894035458565e-12,-1.0658141036401503e-14,256,IEEE RTS 24-bus,2,3e3d0737d91acb37be515001f911d304bfce93540e3d063ca4640a87bd55fa9f,13.870876844001032
86,65,3,2,Inference portfolio,0.30397103703587725,7,-7.757170226176959,1.8189894035458565e-12,-1.0658141036401503e-14,256,IEEE RTS 24-bus,2,3e3d0737d91acb37be515001f911d304bfce93540e3d063ca4640a87bd55fa9f,13.870876844001032
86,65,4,2,Batch portfolio,0.6960289629641228,7,-17.762268407913602,1.8189894035458565e-12,-1.0658141036401503e-14,256,IEEE RTS 24-bus,2,3e3d0737d91acb37be515001f911d304bfce93540e3d063ca4640a87bd55fa9f,13.870876844001032
86,65,5,3,Inference portfolio,0.3194660181587846,14,0.0,1.8189894035458565e-12,-1.0658141036401503e-14,256,IEEE RTS 24-bus,2,3e3d0737d91acb37be515001f911d304bfce93540e3d063ca4640a87bd55fa9f,13.870876844001032
86,65,6,3,Batch portfolio,0.6805339818412154,14,0.0,1.8189894035458565e-12,-1.0658141036401503e-14,256,IEEE RTS 24-bus,2,3e3d0737d91acb37be515001f911d304bfce93540e3d063ca4640a87bd55fa9f,13.870876844001032
86,65,7,4,Inference portfolio,0.3374214395382333,20,0.0,1.8189894035458565e-12,-1.0658141036401503e-14,256,IEEE RTS 24-bus,2,3e3d0737d91acb37be515001f911d304bfce93540e3d063ca4640a87bd55fa9f,13.870876844001032
86,65,8,4,Batch portfolio,0.6625785604617667,20,0.0,1.8189894035458565e-12,-1.0658141036401503e-14,256,IEEE RTS 24-bus,2,3e3d0737d91acb37be515001f911d304bfce93540e3d063ca4640a87bd55fa9f,13.870876844001032
86,66,1,1,Inference portfolio,0.3360858524341381,2,7.8377956532061335,0.0,1.4210854715202004e-14,256,IEEE RTS 24-bus,2,3e3d0737d91acb37be515001f911d304bfce93540e3d063ca4640a87bd55fa9f,13.870876844001032
86,66,2,1,Batch portfolio,0.6639141475658619,2,15.483018348452475,0.0,1.4210854715202004e-14,256,IEEE RTS 24-bus,2,3e3d0737d91acb37be515001f911d304bfce93540e3d063ca4640a87bd55fa9f,13.870876844001032
86,66,3,2,Inference portfolio,0.30397103703587725,7,-7.0888520166047995,0.0,1.4210854715202004e-14,256,IEEE RTS 24-bus,2,3e3d0737d91acb37be515001f911d304bfce93540e3d063ca4640a87bd55fa9f,13.870876844001032
86,66,4,2,Batch portfolio,0.6960289629641228,7,-16.231961985053793,0.0,1.4210854715202004e-14,256,IEEE RTS 24-bus,2,3e3d0737d91acb37be515001f911d304bfce93540e3d063ca4640a87bd55fa9f,13.870876844001032
86,66,5,3,Inference portfolio,0.3194660181587846,14,0.0,0.0,1.4210854715202004e-14,256,IEEE RTS 24-bus,2,3e3d0737d91acb37be515001f911d304bfce93540e3d063ca4640a87bd55fa9f,13.870876844001032
86,66,6,3,Batch portfolio,0.6805339818412154,14,0.0,0.0,1.4210854715202004e-14,256,IEEE RTS 24-bus,2,3e3d0737d91acb37be515001f911d304bfce93540e3d063ca4640a87bd55fa9f,13.870876844001032
86,66,7,4,Inference portfolio,0.3374214395382333,20,0.0,0.0,1.4210854715202004e-14,256,IEEE RTS 24-bus,2,3e3d0737d91acb37be515001f911d304bfce93540e3d063ca4640a87bd55fa9f,13.870876844001032
86,66,8,4,Batch portfolio,0.6625785604617667,20,0.0,0.0,1.4210854715202004e-14,256,IEEE RTS 24-bus,2,3e3d0737d91acb37be515001f911d304bfce93540e3d063ca4640a87bd55fa9f,13.870876844001032
86,67,1,1,Inference portfolio,0.3360858524341381,2,3.2128556557830663,-0.04201174903937499,1.887379141862766e-15,256,IEEE RTS 24-bus,2,3e3d0737d91acb37be515001f911d304bfce93540e3d063ca4640a87bd55fa9f,13.870876844001032
86,67,2,1,Batch portfolio,0.6639141475658619,2,6.341303085658972,-0.04201174903937499,1.887379141862766e-15,256,IEEE RTS 24-bus,2,3e3d0737d91acb37be515001f911d304bfce93540e3d063ca4640a87bd55fa9f,13.870876844001032
86,67,3,2,Inference portfolio,0.30397103703587725,7,-2.906031836847493,-0.04201174903937499,1.887379141862766e-15,256,IEEE RTS 24-bus,2,3e3d0737d91acb37be515001f911d304bfce93540e3d063ca4640a87bd55fa9f,13.870876844001032
86,67,4,2,Batch portfolio,0.6960289629641228,7,-6.6482174655972806,-0.04201174903937499,1.887379141862766e-15,256,IEEE RTS 24-bus,2,3e3d0737d91acb37be515001f911d304bfce93540e3d063ca4640a87bd55fa9f,13.870876844001032
86,67,5,3,Inference portfolio,0.3194660181587846,14,0.0,-0.04201174903937499,1.887379141862766e-15,256,IEEE RTS 24-bus,2,3e3d0737d91acb37be515001f911d304bfce93540e3d063ca4640a87bd55fa9f,13.870876844001032
86,67,6,3,Batch portfolio,0.6805339818412154,14,0.0,-0.04201174903937499,1.887379141862766e-15,256,IEEE RTS 24-bus,2,3e3d0737d91acb37be515001f911d304bfce93540e3d063ca4640a87bd55fa9f,13.870876844001032
86,67,7,4,Inference portfolio,0.3374214395382333,20,-0.014145107614482802,-0.04201174903937499,1.887379141862766e-15,256,IEEE RTS 24-bus,2,3e3d0737d91acb37be515001f911d304bfce93540e3d063ca4640a87bd55fa9f,13.870876844001032
86,67,8,4,Batch portfolio,0.6625785604617667,20,-0.027776080422154337,-0.04201174903937499,1.887379141862766e-15,256,IEEE RTS 24-bus,2,3e3d0737d91acb37be515001f911d304bfce93540e3d063ca4640a87bd55fa9f,13.870876844001032
86,68,1,1,Inference portfolio,0.3360858524341381,2,0.03351505781095815,0.04159377517498797,-6.245004513516506e-17,256,IEEE RTS 24-bus,2,3e3d0737d91acb37be515001f911d304bfce93540e3d063ca4640a87bd55fa9f,13.870876844001032
86,68,2,1,Batch portfolio,0.6639141475658619,2,0.0662066578394539,0.04159377517498797,-6.245004513516506e-17,256,IEEE RTS 24-bus,2,3e3d0737d91acb37be515001f911d304bfce93540e3d063ca4640a87bd55fa9f,13.870876844001032
86,68,3,2,Inference portfolio,0.30397103703587725,7,-0.030312513321769045,0.04159377517498797,-6.245004513516506e-17,256,IEEE RTS 24-bus,2,3e3d0737d91acb37be515001f911d304bfce93540e3d063ca4640a87bd55fa9f,13.870876844001032
86,68,4,2,Batch portfolio,0.6960289629641228,7,-0.06940920232943126,0.04159377517498797,-6.245004513516506e-17,256,IEEE RTS 24-bus,2,3e3d0737d91acb37be515001f911d304bfce93540e3d063ca4640a87bd55fa9f,13.870876844001032
86,68,5,3,Inference portfolio,0.3194660181587846,14,0.0,0.04159377517498797,-6.245004513516506e-17,256,IEEE RTS 24-bus,2,3e3d0737d91acb37be515001f911d304bfce93540e3d063ca4640a87bd55fa9f,13.870876844001032
86,68,6,3,Batch portfolio,0.6805339818412154,14,0.0,0.04159377517498797,-6.245004513516506e-17,256,IEEE RTS 24-bus,2,3e3d0737d91acb37be515001f911d304bfce93540e3d063ca4640a87bd55fa9f,13.870876844001032
86,68,7,4,Inference portfolio,0.3374214395382333,20,0.014034631495390677,0.04159377517498797,-6.245004513516506e-17,256,IEEE RTS 24-bus,2,3e3d0737d91acb37be515001f911d304bfce93540e3d063ca4640a87bd55fa9f,13.870876844001032
86,68,8,4,Batch portfolio,0.6625785604617667,20,0.02755914368038549,0.04159377517498797,-6.245004513516506e-17,256,IEEE RTS 24-bus,2,3e3d0737d91acb37be515001f911d304bfce93540e3d063ca4640a87bd55fa9f,13.870876844001032
86,69,1,1,Inference portfolio,0.3360858524341381,2,3.484290645215575,-2.8355054747808026,4.440892098500626e-16,256,IEEE RTS 24-bus,2,3e3d0737d91acb37be515001f911d304bfce93540e3d063ca4640a87bd55fa9f,13.870876844001032
86,69,2,1,Batch portfolio,0.6639141475658619,2,6.882973016674917,-2.8355054747808026,4.440892098500626e-16,256,IEEE RTS 24-bus,2,3e3d0737d91acb37be515001f911d304bfce93540e3d063ca4640a87bd55fa9f,13.870876844001032
86,69,3,2,Inference portfolio,0.30397103703587725,7,-3.73538085782117,-2.8355054747808026,4.440892098500626e-16,256,IEEE RTS 24-bus,2,3e3d0737d91acb37be515001f911d304bfce93540e3d063ca4640a87bd55fa9f,13.870876844001032
86,69,4,2,Batch portfolio,0.6960289629641228,7,-8.553226945888696,-2.8355054747808026,4.440892098500626e-16,256,IEEE RTS 24-bus,2,3e3d0737d91acb37be515001f911d304bfce93540e3d063ca4640a87bd55fa9f,13.870876844001032
86,69,5,3,Inference portfolio,0.3194660181587846,14,-0.2920434809960775,-2.8355054747808026,4.440892098500626e-16,256,IEEE RTS 24-bus,2,3e3d0737d91acb37be515001f911d304bfce93540e3d063ca4640a87bd55fa9f,13.870876844001032
86,69,6,3,Batch portfolio,0.6805339818412154,14,-0.6221178519653512,-2.8355054747808026,4.440892098500626e-16,256,IEEE RTS 24-bus,2,3e3d0737d91acb37be515001f911d304bfce93540e3d063ca4640a87bd55fa9f,13.870876844001032
86,69,7,4,Inference portfolio,0.3374214395382333,20,0.0,-2.8355054747808026,4.440892098500626e-16,256,IEEE RTS 24-bus,2,3e3d0737d91acb37be515001f911d304bfce93540e3d063ca4640a87bd55fa9f,13.870876844001032
86,69,8,4,Batch portfolio,0.6625785604617667,20,0.0,-2.8355054747808026,4.440892098500626e-16,256,IEEE RTS 24-bus,2,3e3d0737d91acb37be515001f911d304bfce93540e3d063ca4640a87bd55fa9f,13.870876844001032
86,70,1,1,Inference portfolio,0.3360858524341381,2,3.4856125085846843,2.8355054747771646,4.440892098500626e-16,256,IEEE RTS 24-bus,2,3e3d0737d91acb37be515001f911d304bfce93540e3d063ca4640a87bd55fa9f,13.870876844001032
86,70,2,1,Batch portfolio,0.6639141475658619,2,6.88559393568797,2.8355054747771646,4.440892098500626e-16,256,IEEE RTS 24-bus,2,3e3d0737d91acb37be515001f911d304bfce93540e3d063ca4640a87bd55fa9f,13.870876844001032
86,70,3,2,Inference portfolio,0.30397103703587725,7,-2.5696884786475795,2.8355054747771646,4.440892098500626e-16,256,IEEE RTS 24-bus,2,3e3d0737d91acb37be515001f911d304bfce93540e3d063ca4640a87bd55fa9f,13.870876844001032
86,70,4,2,Batch portfolio,0.6960289629641228,7,-5.878961161305292,2.8355054747771646,4.440892098500626e-16,256,IEEE RTS 24-bus,2,3e3d0737d91acb37be515001f911d304bfce93540e3d063ca4640a87bd55fa9f,13.870876844001032
86,70,5,3,Inference portfolio,0.3194660181587846,14,0.29165607653473336,2.8355054747771646,4.440892098500626e-16,256,IEEE RTS 24-bus,2,3e3d0737d91acb37be515001f911d304bfce93540e3d063ca4640a87bd55fa9f,13.870876844001032
86,70,6,3,Batch portfolio,0.6805339818412154,14,0.6212925939226493,2.8355054747771646,4.440892098500626e-16,256,IEEE RTS 24-bus,2,3e3d0737d91acb37be515001f911d304bfce93540e3d063ca4640a87bd55fa9f,13.870876844001032
86,70,7,4,Inference portfolio,0.3374214395382333,20,0.0,2.8355054747771646,4.440892098500626e-16,256,IEEE RTS 24-bus,2,3e3d0737d91acb37be515001f911d304bfce93540e3d063ca4640a87bd55fa9f,13.870876844001032
86,70,8,4,Batch portfolio,0.6625785604617667,20,0.0,2.8355054747771646,4.440892098500626e-16,256,IEEE RTS 24-bus,2,3e3d0737d91acb37be515001f911d304bfce93540e3d063ca4640a87bd55fa9f,13.870876844001032
86,71,1,1,Inference portfolio,0.3360858524341381,2,5.423556175564963,1.8189894035458565e-12,7.105427357601002e-15,256,IEEE RTS 24-bus,2,3e3d0737d91acb37be515001f911d304bfce93540e3d063ca4640a87bd55fa9f,13.870876844001032
86,71,2,1,Batch portfolio,0.6639141475658619,2,10.713856739270943,1.8189894035458565e-12,7.105427357601002e-15,256,IEEE RTS 24-bus,2,3e3d0737d91acb37be515001f911d304bfce93540e3d063ca4640a87bd55fa9f,13.870876844001032
86,71,3,2,Inference portfolio,0.30397103703587725,7,-4.905306138797336,1.8189894035458565e-12,7.105427357601002e-15,256,IEEE RTS 24-bus,2,3e3d0737d91acb37be515001f911d304bfce93540e3d063ca4640a87bd55fa9f,13.870876844001032
86,71,4,2,Batch portfolio,0.6960289629641228,7,-11.232106776036746,1.8189894035458565e-12,7.105427357601002e-15,256,IEEE RTS 24-bus,2,3e3d0737d91acb37be515001f911d304bfce93540e3d063ca4640a87bd55fa9f,13.870876844001032
86,71,5,3,Inference portfolio,0.3194660181587846,14,0.0,1.8189894035458565e-12,7.105427357601002e-15,256,IEEE RTS 24-bus,2,3e3d0737d91acb37be515001f911d304bfce93540e3d063ca4640a87bd55fa9f,13.870876844001032
86,71,6,3,Batch portfolio,0.6805339818412154,14,0.0,1.8189894035458565e-12,7.105427357601002e-15,256,IEEE RTS 24-bus,2,3e3d0737d91acb37be515001f911d304bfce93540e3d063ca4640a87bd55fa9f,13.870876844001032
86,71,7,4,Inference portfolio,0.3374214395382333,20,0.0,1.8189894035458565e-12,7.105427357601002e-15,256,IEEE RTS 24-bus,2,3e3d0737d91acb37be515001f911d304bfce93540e3d063ca4640a87bd55fa9f,13.870876844001032
86,71,8,4,Batch portfolio,0.6625785604617667,20,0.0,1.8189894035458565e-12,7.105427357601002e-15,256,IEEE RTS 24-bus,2,3e3d0737d91acb37be515001f911d304bfce93540e3d063ca4640a87bd55fa9f,13.870876844001032
87,64,1,1,Inference portfolio,0.3360858524341381,2,25.741616082398664,28.01902187381347,-7.105427357601002e-15,256,IEEE RTS 24-bus,2,3e3d0737d91acb37be515001f911d304bfce93540e3d063ca4640a87bd55fa9f,14.550899941998068
87,64,2,1,Batch portfolio,0.6639141475658619,2,50.87511912852309,28.01902187381347,-7.105427357601002e-15,256,IEEE RTS 24-bus,2,3e3d0737d91acb37be515001f911d304bfce93540e3d063ca4640a87bd55fa9f,14.550899941998068
87,64,3,2,Inference portfolio,0.30397103703587725,7,-14.771816516422412,28.01902187381347,-7.105427357601002e-15,256,IEEE RTS 24-bus,2,3e3d0737d91acb37be515001f911d304bfce93540e3d063ca4640a87bd55fa9f,14.550899941998068
87,64,4,2,Batch portfolio,0.6960289629641228,7,-33.82589682068587,28.01902187381347,-7.105427357601002e-15,256,IEEE RTS 24-bus,2,3e3d0737d91acb37be515001f911d304bfce93540e3d063ca4640a87bd55fa9f,14.550899941998068
87,64,5,3,Inference portfolio,0.3194660181587846,14,0.0,28.01902187381347,-7.105427357601002e-15,256,IEEE RTS 24-bus,2,3e3d0737d91acb37be515001f911d304bfce93540e3d063ca4640a87bd55fa9f,14.550899941998068
87,64,6,3,Batch portfolio,0.6805339818412154,14,0.0,28.01902187381347,-7.105427357601002e-15,256,IEEE RTS 24-bus,2,3e3d0737d91acb37be515001f911d304bfce93540e3d063ca4640a87bd55fa9f,14.550899941998068
87,64,7,4,Inference portfolio,0.3374214395382333,20,0.0,28.01902187381347,-7.105427357601002e-15,256,IEEE RTS 24-bus,2,3e3d0737d91acb37be515001f911d304bfce93540e3d063ca4640a87bd55fa9f,14.550899941998068
87,64,8,4,Batch portfolio,0.6625785604617667,20,0.0,28.01902187381347,-7.105427357601002e-15,256,IEEE RTS 24-bus,2,3e3d0737d91acb37be515001f911d304bfce93540e3d063ca4640a87bd55fa9f,14.550899941998068
87,65,1,1,Inference portfolio,0.3360858524341381,2,5.214788259243802,0.0,-1.5987211554602254e-14,256,IEEE RTS 24-bus,2,3e3d0737d91acb37be515001f911d304bfce93540e3d063ca4640a87bd55fa9f,14.550899941998068
87,65,2,1,Batch portfolio,0.6639141475658619,2,10.30145028955332,0.0,-1.5987211554602254e-14,256,IEEE RTS 24-bus,2,3e3d0737d91acb37be515001f911d304bfce93540e3d063ca4640a87bd55fa9f,14.550899941998068
87,65,3,2,Inference portfolio,0.30397103703587725,7,-4.71648712257411,0.0,-1.5987211554602254e-14,256,IEEE RTS 24-bus,2,3e3d0737d91acb37be515001f911d304bfce93540e3d063ca4640a87bd55fa9f,14.550899941998068
87,65,4,2,Batch portfolio,0.6960289629641228,7,-10.799751426223029,0.0,-1.5987211554602254e-14,256,IEEE RTS 24-bus,2,3e3d0737d91acb37be515001f911d304bfce93540e3d063ca4640a87bd55fa9f,14.550899941998068
87,65,5,3,Inference portfolio,0.3194660181587846,14,0.0,0.0,-1.5987211554602254e-14,256,IEEE RTS 24-bus,2,3e3d0737d91acb37be515001f911d304bfce93540e3d063ca4640a87bd55fa9f,14.550899941998068
87,65,6,3,Batch portfolio,0.6805339818412154,14,0.0,0.0,-1.5987211554602254e-14,256,IEEE RTS 24-bus,2,3e3d0737d91acb37be515001f911d304bfce93540e3d063ca4640a87bd55fa9f,14.550899941998068
87,65,7,4,Inference portfolio,0.3374214395382333,20,0.0,0.0,-1.5987211554602254e-14,256,IEEE RTS 24-bus,2,3e3d0737d91acb37be515001f911d304bfce93540e3d063ca4640a87bd55fa9f,14.550899941998068
87,65,8,4,Batch portfolio,0.6625785604617667,20,0.0,0.0,-1.5987211554602254e-14,256,IEEE RTS 24-bus,2,3e3d0737d91acb37be515001f911d304bfce93540e3d063ca4640a87bd55fa9f,14.550899941998068
87,66,1,1,Inference portfolio,0.3360858524341381,2,6.527750040631873,0.0,-2.1316282072803006e-14,256,IEEE RTS 24-bus,2,3e3d0737d91acb37be515001f911d304bfce93540e3d063ca4640a87bd55fa9f,14.550899941998068
87,66,2,1,Batch portfolio,0.6639141475658619,2,12.895114662995159,0.0,-2.1316282072803006e-14,256,IEEE RTS 24-bus,2,3e3d0737d91acb37be515001f911d304bfce93540e3d063ca4640a87bd55fa9f,14.550899941998068
87,66,3,2,Inference portfolio,0.30397103703587725,7,-5.903988326168474,0.0,-2.1316282072803006e-14,256,IEEE RTS 24-bus,2,3e3d0737d91acb37be515001f911d304bfce93540e3d063ca4640a87bd55fa9f,14.550899941998068
87,66,4,2,Batch portfolio,0.6960289629641228,7,-13.518876377458579,0.0,-2.1316282072803006e-14,256,IEEE RTS 24-bus,2,3e3d0737d91acb37be515001f911d304bfce93540e3d063ca4640a87bd55fa9f,14.550899941998068
87,66,5,3,Inference portfolio,0.3194660181587846,14,0.0,0.0,-2.1316282072803006e-14,256,IEEE RTS 24-bus,2,3e3d0737d91acb37be515001f911d304bfce93540e3d063ca4640a87bd55fa9f,14.550899941998068
87,66,6,3,Batch portfolio,0.6805339818412154,14,0.0,0.0,-2.1316282072803006e-14,256,IEEE RTS 24-bus,2,3e3d0737d91acb37be515001f911d304bfce93540e3d063ca4640a87bd55fa9f,14.550899941998068
87,66,7,4,Inference portfolio,0.3374214395382333,20,0.0,0.0,-2.1316282072803006e-14,256,IEEE RTS 24-bus,2,3e3d0737d91acb37be515001f911d304bfce93540e3d063ca4640a87bd55fa9f,14.550899941998068
87,66,8,4,Batch portfolio,0.6625785604617667,20,0.0,0.0,-2.1316282072803006e-14,256,IEEE RTS 24-bus,2,3e3d0737d91acb37be515001f911d304bfce93540e3d063ca4640a87bd55fa9f,14.550899941998068
87,67,1,1,Inference portfolio,0.3360858524341381,2,10.726698352027304,1.8189894035458565e-12,1.0658141036401503e-14,256,IEEE RTS 24-bus,2,3e3d0737d91acb37be515001f911d304bfce93540e3d063ca4640a87bd55fa9f,14.550899941998068
87,67,2,1,Batch portfolio,0.6639141475658619,2,21.203123434233316,1.8189894035458565e-12,1.0658141036401503e-14,256,IEEE RTS 24-bus,2,3e3d0737d91acb37be515001f911d304bfce93540e3d063ca4640a87bd55fa9f,14.550899941998068
87,67,3,2,Inference portfolio,0.30397103703587725,7,-9.701156204311093,1.8189894035458565e-12,1.0658141036401503e-14,256,IEEE RTS 24-bus,2,3e3d0737d91acb37be515001f911d304bfce93540e3d063ca4640a87bd55fa9f,14.550899941998068
87,67,4,2,Batch portfolio,0.6960289629641228,7,-22.228665581947695,1.8189894035458565e-12,1.0658141036401503e-14,256,IEEE RTS 24-bus,2,3e3d0737d91acb37be515001f911d304bfce93540e3d063ca4640a87bd55fa9f,14.550899941998068
87,67,5,3,Inference portfolio,0.3194660181587846,14,0.0,1.8189894035458565e-12,1.0658141036401503e-14,256,IEEE RTS 24-bus,2,3e3d0737d91acb37be515001f911d304bfce93540e3d063ca4640a87bd55fa9f,14.550899941998068
87,67,6,3,Batch portfolio,0.6805339818412154,14,0.0,1.8189894035458565e-12,1.0658141036401503e-14,256,IEEE RTS 24-bus,2,3e3d0737d91acb37be515001f911d304bfce93540e3d063ca4640a87bd55fa9f,14.550899941998068
87,67,7,4,Inference portfolio,0.3374214395382333,20,0.0,1.8189894035458565e-12,1.0658141036401503e-14,256,IEEE RTS 24-bus,2,3e3d0737d91acb37be515001f911d304bfce93540e3d063ca4640a87bd55fa9f,14.550899941998068
87,67,8,4,Batch portfolio,0.6625785604617667,20,0.0,1.8189894035458565e-12,1.0658141036401503e-14,256,IEEE RTS 24-bus,2,3e3d0737d91acb37be515001f911d304bfce93540e3d063ca4640a87bd55fa9f,14.550899941998068
87,68,1,1,Inference portfolio,0.3360858524341381,2,14.078669601710173,1.8189894035458565e-12,7.105427357601002e-15,256,IEEE RTS 24-bus,2,3e3d0737d91acb37be515001f911d304bfce93540e3d063ca4640a87bd55fa9f,14.550899941998068
87,68,2,1,Batch portfolio,0.6639141475658619,2,27.804334692400968,1.8189894035458565e-12,7.105427357601002e-15,256,IEEE RTS 24-bus,2,3e3d0737d91acb37be515001f911d304bfce93540e3d063ca4640a87bd55fa9f,14.550899941998068
87,68,3,2,Inference portfolio,0.30397103703587725,7,-12.733762140255276,1.8189894035458565e-12,7.105427357601002e-15,256,IEEE RTS 24-bus,2,3e3d0737d91acb37be515001f911d304bfce93540e3d063ca4640a87bd55fa9f,14.550899941998068
87,68,4,2,Batch portfolio,0.6960289629641228,7,-29.149242153854036,1.8189894035458565e-12,7.105427357601002e-15,256,IEEE RTS 24-bus,2,3e3d0737d91acb37be515001f911d304bfce93540e3d063ca4640a87bd55fa9f,14.550899941998068
87,68,5,3,Inference portfolio,0.3194660181587846,14,0.0,1.8189894035458565e-12,7.105427357601002e-15,256,IEEE RTS 24-bus,2,3e3d0737d91acb37be515001f911d304bfce93540e3d063ca4640a87bd55fa9f,14.550899941998068
87,68,6,3,Batch portfolio,0.6805339818412154,14,0.0,1.8189894035458565e-12,7.105427357601002e-15,256,IEEE RTS 24-bus,2,3e3d0737d91acb37be515001f911d304bfce93540e3d063ca4640a87bd55fa9f,14.550899941998068
87,68,7,4,Inference portfolio,0.3374214395382333,20,0.0,1.8189894035458565e-12,7.105427357601002e-15,256,IEEE RTS 24-bus,2,3e3d0737d91acb37be515001f911d304bfce93540e3d063ca4640a87bd55fa9f,14.550899941998068
87,68,8,4,Batch portfolio,0.6625785604617667,20,0.0,1.8189894035458565e-12,7.105427357601002e-15,256,IEEE RTS 24-bus,2,3e3d0737d91acb37be515001f911d304bfce93540e3d063ca4640a87bd55fa9f,14.550899941998068
87,69,1,1,Inference portfolio,0.3360858524341381,2,11.504039942696942,0.0,0.0,256,IEEE RTS 24-bus,2,3e3d0737d91acb37be515001f911d304bfce93540e3d063ca4640a87bd55fa9f,14.550899941998068
87,69,2,1,Batch portfolio,0.6639141475658619,2,22.733058313894468,0.0,0.0,256,IEEE RTS 24-bus,2,3e3d0737d91acb37be515001f911d304bfce93540e3d063ca4640a87bd55fa9f,14.550899941998068
87,69,3,2,Inference portfolio,0.30397103703587725,7,-10.405504969801921,0.0,0.0,256,IEEE RTS 24-bus,2,3e3d0737d91acb37be515001f911d304bfce93540e3d063ca4640a87bd55fa9f,14.550899941998068
87,69,4,2,Batch portfolio,0.6960289629641228,7,-23.831593286789488,0.0,0.0,256,IEEE RTS 24-bus,2,3e3d0737d91acb37be515001f911d304bfce93540e3d063ca4640a87bd55fa9f,14.550899941998068
87,69,5,3,Inference portfolio,0.3194660181587846,14,0.0,0.0,0.0,256,IEEE RTS 24-bus,2,3e3d0737d91acb37be515001f911d304bfce93540e3d063ca4640a87bd55fa9f,14.550899941998068
87,69,6,3,Batch portfolio,0.6805339818412154,14,0.0,0.0,0.0,256,IEEE RTS 24-bus,2,3e3d0737d91acb37be515001f911d304bfce93540e3d063ca4640a87bd55fa9f,14.550899941998068
87,69,7,4,Inference portfolio,0.3374214395382333,20,0.0,0.0,0.0,256,IEEE RTS 24-bus,2,3e3d0737d91acb37be515001f911d304bfce93540e3d063ca4640a87bd55fa9f,14.550899941998068
87,69,8,4,Batch portfolio,0.6625785604617667,20,0.0,0.0,0.0,256,IEEE RTS 24-bus,2,3e3d0737d91acb37be515001f911d304bfce93540e3d063ca4640a87bd55fa9f,14.550899941998068
87,70,1,1,Inference portfolio,0.3360858524341381,2,10.809182252602106,0.0,1.4210854715202004e-14,256,IEEE RTS 24-bus,2,3e3d0737d91acb37be515001f911d304bfce93540e3d063ca4640a87bd55fa9f,14.550899941998068
87,70,2,1,Batch portfolio,0.6639141475658619,2,21.35956721158983,0.0,1.4210854715202004e-14,256,IEEE RTS 24-bus,2,3e3d0737d91acb37be515001f911d304bfce93540e3d063ca4640a87bd55fa9f,14.550899941998068
87,70,3,2,Inference portfolio,0.30397103703587725,7,-9.77604958270542,0.0,1.4210854715202004e-14,256,IEEE RTS 24-bus,2,3e3d0737d91acb37be515001f911d304bfce93540e3d063ca4640a87bd55fa9f,14.550899941998068
87,70,4,2,Batch portfolio,0.6960289629641228,7,-22.392699881486497,0.0,1.4210854715202004e-14,256,IEEE RTS 24-bus,2,3e3d0737d91acb37be515001f911d304bfce93540e3d063ca4640a87bd55fa9f,14.550899941998068
87,70,5,3,Inference portfolio,0.3194660181587846,14,0.0,0.0,1.4210854715202004e-14,256,IEEE RTS 24-bus,2,3e3d0737d91acb37be515001f911d304bfce93540e3d063ca4640a87bd55fa9f,14.550899941998068
87,70,6,3,Batch portfolio,0.6805339818412154,14,0.0,0.0,1.4210854715202004e-14,256,IEEE RTS 24-bus,2,3e3d0737d91acb37be515001f911d304bfce93540e3d063ca4640a87bd55fa9f,14.550899941998068
87,70,7,4,Inference portfolio,0.3374214395382333,20,0.0,0.0,1.4210854715202004e-14,256,IEEE RTS 24-bus,2,3e3d0737d91acb37be515001f911d304bfce93540e3d063ca4640a87bd55fa9f,14.550899941998068
87,70,8,4,Batch portfolio,0.6625785604617667,20,0.0,0.0,1.4210854715202004e-14,256,IEEE RTS 24-bus,2,3e3d0737d91acb37be515001f911d304bfce93540e3d063ca4640a87bd55fa9f,14.550899941998068
87,71,1,1,Inference portfolio,0.3360858524341381,2,13.132428961509206,0.0,0.0,256,IEEE RTS 24-bus,2,3e3d0737d91acb37be515001f911d304bfce93540e3d063ca4640a87bd55fa9f,14.550899941998068
87,71,2,1,Batch portfolio,0.6639141475658619,2,25.92357472153435,0.0,0.0,256,IEEE RTS 24-bus,2,3e3d0737d91acb37be515001f911d304bfce93540e3d063ca4640a87bd55fa9f,14.550899941998068
87,71,3,2,Inference portfolio,0.30397103703587725,7,-11.878713388225748,0.0,0.0,256,IEEE RTS 24-bus,2,3e3d0737d91acb37be515001f911d304bfce93540e3d063ca4640a87bd55fa9f,14.550899941998068
87,71,4,2,Batch portfolio,0.6960289629641228,7,-27.177290294817812,0.0,0.0,256,IEEE RTS 24-bus,2,3e3d0737d91acb37be515001f911d304bfce93540e3d063ca4640a87bd55fa9f,14.550899941998068
87,71,5,3,Inference portfolio,0.3194660181587846,14,0.0,0.0,0.0,256,IEEE RTS 24-bus,2,3e3d0737d91acb37be515001f911d304bfce93540e3d063ca4640a87bd55fa9f,14.550899941998068
87,71,6,3,Batch portfolio,0.6805339818412154,14,0.0,0.0,0.0,256,IEEE RTS 24-bus,2,3e3d0737d91acb37be515001f911d304bfce93540e3d063ca4640a87bd55fa9f,14.550899941998068
87,71,7,4,Inference portfolio,0.3374214395382333,20,0.0,0.0,0.0,256,IEEE RTS 24-bus,2,3e3d0737d91acb37be515001f911d304bfce93540e3d063ca4640a87bd55fa9f,14.550899941998068
87,71,8,4,Batch portfolio,0.6625785604617667,20,0.0,0.0,0.0,256,IEEE RTS 24-bus,2,3e3d0737d91acb37be515001f911d304bfce93540e3d063ca4640a87bd55fa9f,14.550899941998068
88,64,1,1,Inference portfolio,0.3360858524341381,2,3.212201572394102,0.0,1.7763568394002505e-15,256,IEEE RTS 24-bus,2,3e3d0737d91acb37be515001f911d304bfce93540e3d063ca4640a87bd55fa9f,13.88380892600253
88,64,2,1,Batch portfolio,0.6639141475658619,2,6.340229529359321,0.0,1.7763568394002505e-15,256,IEEE RTS 24-bus,2,3e3d0737d91acb37be515001f911d304bfce93540e3d063ca4640a87bd55fa9f,13.88380892600253
88,64,3,2,Inference portfolio,0.30397103703587725,7,-2.905675596779169,0.0,1.7763568394002505e-15,256,IEEE RTS 24-bus,2,3e3d0737d91acb37be515001f911d304bfce93540e3d063ca4640a87bd55fa9f,13.88380892600253
88,64,4,2,Batch portfolio,0.6960289629641228,7,-6.646755504974253,0.0,1.7763568394002505e-15,256,IEEE RTS 24-bus,2,3e3d0737d91acb37be515001f911d304bfce93540e3d063ca4640a87bd55fa9f,13.88380892600253
88,64,5,3,Inference portfolio,0.3194660181587846,14,0.0,0.0,1.7763568394002505e-15,256,IEEE RTS 24-bus,2,3e3d0737d91acb37be515001f911d304bfce93540e3d063ca4640a87bd55fa9f,13.88380892600253
88,64,6,3,Batch portfolio,0.6805339818412154,14,0.0,0.0,1.7763568394002505e-15,256,IEEE RTS 24-bus,2,3e3d0737d91acb37be515001f911d304bfce93540e3d063ca4640a87bd55fa9f,13.88380892600253
88,64,7,4,Inference portfolio,0.3374214395382333,20,0.0,0.0,1.7763568394002505e-15,256,IEEE RTS 24-bus,2,3e3d0737d91acb37be515001f911d304bfce93540e3d063ca4640a87bd55fa9f,13.88380892600253
88,64,8,4,Batch portfolio,0.6625785604617667,20,0.0,0.0,1.7763568394002505e-15,256,IEEE RTS 24-bus,2,3e3d0737d91acb37be515001f911d304bfce93540e3d063ca4640a87bd55fa9f,13.88380892600253
88,65,1,1,Inference portfolio,0.3360858524341381,2,4.5365486471682726,0.0,-8.881784197001252e-15,256,IEEE RTS 24-bus,2,3e3d0737d91acb37be515001f911d304bfce93540e3d063ca4640a87bd55fa9f,13.88380892600253
88,65,2,1,Batch portfolio,0.6639141475658619,2,8.96163526718192,0.0,-8.881784197001252e-15,256,IEEE RTS 24-bus,2,3e3d0737d91acb37be515001f911d304bfce93540e3d063ca4640a87bd55fa9f,13.88380892600253
88,65,3,2,Inference portfolio,0.30397103703587725,7,-4.103056962545756,0.0,-8.881784197001252e-15,256,IEEE RTS 24-bus,2,3e3d0737d91acb37be515001f911d304bfce93540e3d063ca4640a87bd55fa9f,13.88380892600253
88,65,4,2,Batch portfolio,0.6960289629641228,7,-9.395126951804446,0.0,-8.881784197001252e-15,256,IEEE RTS 24-bus,2,3e3d0737d91acb37be515001f911d304bfce93540e3d063ca4640a87bd55fa9f,13.88380892600253
88,65,5,3,Inference portfolio,0.3194660181587846,14,0.0,0.0,-8.881784197001252e-15,256,IEEE RTS 24-bus,2,3e3d0737d91acb37be515001f911d304bfce93540e3d063ca4640a87bd55fa9f,13.88380892600253
88,65,6,3,Batch portfolio,0.6805339818412154,14,0.0,0.0,-8.881784197001252e-15,256,IEEE RTS 24-bus,2,3e3d0737d91acb37be515001f911d304bfce93540e3d063ca4640a87bd55fa9f,13.88380892600253
88,65,7,4,Inference portfolio,0.3374214395382333,20,0.0,0.0,-8.881784197001252e-15,256,IEEE RTS 24-bus,2,3e3d0737d91acb37be515001f911d304bfce93540e3d063ca4640a87bd55fa9f,13.88380892600253
88,65,8,4,Batch portfolio,0.6625785604617667,20,0.0,0.0,-8.881784197001252e-15,256,IEEE RTS 24-bus,2,3e3d0737d91acb37be515001f911d304bfce93540e3d063ca4640a87bd55fa9f,13.88380892600253
88,66,1,1,Inference portfolio,0.3360858524341381,2,9.047190720397033,-3.637978807091713e-12,2.1316282072803006e-14,256,IEEE RTS 24-bus,2,3e3d0737d91acb37be515001f911d304bfce93540e3d063ca4640a87bd55fa9f,13.88380892600253
88,66,2,1,Batch portfolio,0.6639141475658619,2,17.8720939054571,-3.637978807091713e-12,2.1316282072803006e-14,256,IEEE RTS 24-bus,2,3e3d0737d91acb37be515001f911d304bfce93540e3d063ca4640a87bd55fa9f,13.88380892600253
88,66,3,2,Inference portfolio,0.30397103703587725,7,-8.182682863985956,-3.637978807091713e-12,2.1316282072803006e-14,256,IEEE RTS 24-bus,2,3e3d0737d91acb37be515001f911d304bfce93540e3d063ca4640a87bd55fa9f,13.88380892600253
88,66,4,2,Batch portfolio,0.6960289629641228,7,-18.736601761871793,-3.637978807091713e-12,2.1316282072803006e-14,256,IEEE RTS 24-bus,2,3e3d0737d91acb37be515001f911d304bfce93540e3d063ca4640a87bd55fa9f,13.88380892600253
88,66,5,3,Inference portfolio,0.3194660181587846,14,0.0,-3.637978807091713e-12,2.1316282072803006e-14,256,IEEE RTS 24-bus,2,3e3d0737d91acb37be515001f911d304bfce93540e3d063ca4640a87bd55fa9f,13.88380892600253
88,66,6,3,Batch portfolio,0.6805339818412154,14,0.0,-3.637978807091713e-12,2.1316282072803006e-14,256,IEEE RTS 24-bus,2,3e3d0737d91acb37be515001f911d304bfce93540e3d063ca4640a87bd55fa9f,13.88380892600253
88,66,7,4,Inference portfolio,0.3374214395382333,20,0.0,-3.637978807091713e-12,2.1316282072803006e-14,256,IEEE RTS 24-bus,2,3e3d0737d91acb37be515001f911d304bfce93540e3d063ca4640a87bd55fa9f,13.88380892600253
88,66,8,4,Batch portfolio,0.6625785604617667,20,0.0,-3.637978807091713e-12,2.1316282072803006e-14,256,IEEE RTS 24-bus,2,3e3d0737d91acb37be515001f911d304bfce93540e3d063ca4640a87bd55fa9f,13.88380892600253
88,67,1,1,Inference portfolio,0.3360858524341381,2,7.09592660145336,0.0,1.0658141036401503e-14,256,IEEE RTS 24-bus,2,3e3d0737d91acb37be515001f911d304bfce93540e3d063ca4640a87bd55fa9f,13.88380892600253
88,67,2,1,Batch portfolio,0.6639141475658619,2,14.017507808418788,0.0,1.0658141036401503e-14,256,IEEE RTS 24-bus,2,3e3d0737d91acb37be515001f911d304bfce93540e3d063ca4640a87bd55fa9f,13.88380892600253
88,67,3,2,Inference portfolio,0.30397103703587725,7,-6.417872552958214,0.0,1.0658141036401503e-14,256,IEEE RTS 24-bus,2,3e3d0737d91acb37be515001f911d304bfce93540e3d063ca4640a87bd55fa9f,13.88380892600253
88,67,4,2,Batch portfolio,0.6960289629641228,7,-14.695561856913924,0.0,1.0658141036401503e-14,256,IEEE RTS 24-bus,2,3e3d0737d91acb37be515001f911d304bfce93540e3d063ca4640a87bd55fa9f,13.88380892600253
88,67,5,3,Inference portfolio,0.3194660181587846,14,0.0,0.0,1.0658141036401503e-14,256,IEEE RTS 24-bus,2,3e3d0737d91acb37be515001f911d304bfce93540e3d063ca4640a87bd55fa9f,13.88380892600253
88,67,6,3,Batch portfolio,0.6805339818412154,14,0.0,0.0,1.0658141036401503e-14,256,IEEE RTS 24-bus,2,3e3d0737d91acb37be515001f911d304bfce93540e3d063ca4640a87bd55fa9f,13.88380892600253
88,67,7,4,Inference portfolio,0.3374214395382333,20,0.0,0.0,1.0658141036401503e-14,256,IEEE RTS 24-bus,2,3e3d0737d91acb37be515001f911d304bfce93540e3d063ca4640a87bd55fa9f,13.88380892600253
88,67,8,4,Batch portfolio,0.6625785604617667,20,0.0,0.0,1.0658141036401503e-14,256,IEEE RTS 24-bus,2,3e3d0737d91acb37be515001f911d304bfce93540e3d063ca4640a87bd55fa9f,13.88380892600253
88,68,1,1,Inference portfolio,0.3360858524341381,2,7.547358825031538,0.0,1.0658141036401503e-14,256,IEEE RTS 24-bus,2,3e3d0737d91acb37be515001f911d304bfce93540e3d063ca4640a87bd55fa9f,13.88380892600253
88,68,2,1,Batch portfolio,0.6639141475658619,2,14.909280662671321,0.0,1.0658141036401503e-14,256,IEEE RTS 24-bus,2,3e3d0737d91acb37be515001f911d304bfce93540e3d063ca4640a87bd55fa9f,13.88380892600253
88,68,3,2,Inference portfolio,0.30397103703587725,7,-6.82616799341818,0.0,1.0658141036401503e-14,256,IEEE RTS 24-bus,2,3e3d0737d91acb37be515001f911d304bfce93540e3d063ca4640a87bd55fa9f,13.88380892600253
88,68,4,2,Batch portfolio,0.6960289629641228,7,-15.630471494284668,0.0,1.0658141036401503e-14,256,IEEE RTS 24-bus,2,3e3d0737d91acb37be515001f911d304bfce93540e3d063ca4640a87bd55fa9f,13.88380892600253
88,68,5,3,Inference portfolio,0.3194660181587846,14,0.0,0.0,1.0658141036401503e-14,256,IEEE RTS 24-bus,2,3e3d0737d91acb37be515001f911d304bfce93540e3d063ca4640a87bd55fa9f,13.88380892600253
88,68,6,3,Batch portfolio,0.6805339818412154,14,0.0,0.0,1.0658141036401503e-14,256,IEEE RTS 24-bus,2,3e3d0737d91acb37be515001f911d304bfce93540e3d063ca4640a87bd55fa9f,13.88380892600253
88,68,7,4,Inference portfolio,0.3374214395382333,20,0.0,0.0,1.0658141036401503e-14,256,IEEE RTS 24-bus,2,3e3d0737d91acb37be515001f911d304bfce93540e3d063ca4640a87bd55fa9f,13.88380892600253
88,68,8,4,Batch portfolio,0.6625785604617667,20,0.0,0.0,1.0658141036401503e-14,256,IEEE RTS 24-bus,2,3e3d0737d91acb37be515001f911d304bfce93540e3d063ca4640a87bd55fa9f,13.88380892600253
88,69,1,1,Inference portfolio,0.3360858524341381,2,6.0993014408703266,0.0,7.105427357601002e-15,256,IEEE RTS 24-bus,2,3e3d0737d91acb37be515001f911d304bfce93540e3d063ca4640a87bd55fa9f,13.88380892600253
88,69,2,1,Batch portfolio,0.6639141475658619,2,12.04874435366507,0.0,7.105427357601002e-15,256,IEEE RTS 24-bus,2,3e3d0737d91acb37be515001f911d304bfce93540e3d063ca4640a87bd55fa9f,13.88380892600253
88,69,3,2,Inference portfolio,0.30397103703587725,7,-5.516480300340396,0.0,7.105427357601002e-15,256,IEEE RTS 24-bus,2,3e3d0737d91acb37be515001f911d304bfce93540e3d063ca4640a87bd55fa9f,13.88380892600253
88,69,4,2,Batch portfolio,0.6960289629641228,7,-12.631565494194993,0.0,7.105427357601002e-15,256,IEEE RTS 24-bus,2,3e3d0737d91acb37be515001f911d304bfce93540e3d063ca4640a87bd55fa9f,13.88380892600253
88,69,5,3,Inference portfolio,0.3194660181587846,14,0.0,0.0,7.105427357601002e-15,256,IEEE RTS 24-bus,2,3e3d0737d91acb37be515001f911d304bfce93540e3d063ca4640a87bd55fa9f,13.88380892600253
88,69,6,3,Batch portfolio,0.6805339818412154,14,0.0,0.0,7.105427357601002e-15,256,IEEE RTS 24-bus,2,3e3d0737d91acb37be515001f911d304bfce93540e3d063ca4640a87bd55fa9f,13.88380892600253
88,69,7,4,Inference portfolio,0.3374214395382333,20,0.0,0.0,7.105427357601002e-15,256,IEEE RTS 24-bus,2,3e3d0737d91acb37be515001f911d304bfce93540e3d063ca4640a87bd55fa9f,13.88380892600253
88,69,8,4,Batch portfolio,0.6625785604617667,20,0.0,0.0,7.105427357601002e-15,256,IEEE RTS 24-bus,2,3e3d0737d91acb37be515001f911d304bfce93540e3d063ca4640a87bd55fa9f,13.88380892600253
88,70,1,1,Inference portfolio,0.3360858524341381,2,6.177650654611166,0.0,-3.552713678800501e-15,256,IEEE RTS 24-bus,2,3e3d0737d91acb37be515001f911d304bfce93540e3d063ca4640a87bd55fa9f,13.88380892600253
88,70,2,1,Batch portfolio,0.6639141475658619,2,12.203517757771797,0.0,-3.552713678800501e-15,256,IEEE RTS 24-bus,2,3e3d0737d91acb37be515001f911d304bfce93540e3d063ca4640a87bd55fa9f,13.88380892600253
88,70,3,2,Inference portfolio,0.30397103703587725,7,-5.587342824243636,0.0,-3.552713678800501e-15,256,IEEE RTS 24-bus,2,3e3d0737d91acb37be515001f911d304bfce93540e3d063ca4640a87bd55fa9f,13.88380892600253
88,70,4,2,Batch portfolio,0.6960289629641228,7,-12.793825588139331,0.0,-3.552713678800501e-15,256,IEEE RTS 24-bus,2,3e3d0737d91acb37be515001f911d304bfce93540e3d063ca4640a87bd55fa9f,13.88380892600253
88,70,5,3,Inference portfolio,0.3194660181587846,14,0.0,0.0,-3.552713678800501e-15,256,IEEE RTS 24-bus,2,3e3d0737d91acb37be515001f911d304bfce93540e3d063ca4640a87bd55fa9f,13.88380892600253
88,70,6,3,Batch portfolio,0.6805339818412154,14,0.0,0.0,-3.552713678800501e-15,256,IEEE RTS 24-bus,2,3e3d0737d91acb37be515001f911d304bfce93540e3d063ca4640a87bd55fa9f,13.88380892600253
88,70,7,4,Inference portfolio,0.3374214395382333,20,0.0,0.0,-3.552713678800501e-15,256,IEEE RTS 24-bus,2,3e3d0737d91acb37be515001f911d304bfce93540e3d063ca4640a87bd55fa9f,13.88380892600253
88,70,8,4,Batch portfolio,0.6625785604617667,20,0.0,0.0,-3.552713678800501e-15,256,IEEE RTS 24-bus,2,3e3d0737d91acb37be515001f911d304bfce93540e3d063ca4640a87bd55fa9f,13.88380892600253
88,71,1,1,Inference portfolio,0.3360858524341381,2,4.010642355725389,0.0,8.881784197001252e-15,256,IEEE RTS 24-bus,2,3e3d0737d91acb37be515001f911d304bfce93540e3d063ca4640a87bd55fa9f,13.88380892600253
88,71,2,1,Batch portfolio,0.6639141475658619,2,7.922744089070277,0.0,8.881784197001252e-15,256,IEEE RTS 24-bus,2,3e3d0737d91acb37be515001f911d304bfce93540e3d063ca4640a87bd55fa9f,13.88380892600253
88,71,3,2,Inference portfolio,0.30397103703587725,7,-3.6274038529748664,0.0,8.881784197001252e-15,256,IEEE RTS 24-bus,2,3e3d0737d91acb37be515001f911d304bfce93540e3d063ca4640a87bd55fa9f,13.88380892600253
88,71,4,2,Batch portfolio,0.6960289629641228,7,-8.30598259182079,0.0,8.881784197001252e-15,256,IEEE RTS 24-bus,2,3e3d0737d91acb37be515001f911d304bfce93540e3d063ca4640a87bd55fa9f,13.88380892600253
88,71,5,3,Inference portfolio,0.3194660181587846,14,0.0,0.0,8.881784197001252e-15,256,IEEE RTS 24-bus,2,3e3d0737d91acb37be515001f911d304bfce93540e3d063ca4640a87bd55fa9f,13.88380892600253
88,71,6,3,Batch portfolio,0.6805339818412154,14,0.0,0.0,8.881784197001252e-15,256,IEEE RTS 24-bus,2,3e3d0737d91acb37be515001f911d304bfce93540e3d063ca4640a87bd55fa9f,13.88380892600253
88,71,7,4,Inference portfolio,0.3374214395382333,20,0.0,0.0,8.881784197001252e-15,256,IEEE RTS 24-bus,2,3e3d0737d91acb37be515001f911d304bfce93540e3d063ca4640a87bd55fa9f,13.88380892600253
88,71,8,4,Batch portfolio,0.6625785604617667,20,0.0,0.0,8.881784197001252e-15,256,IEEE RTS 24-bus,2,3e3d0737d91acb37be515001f911d304bfce93540e3d063ca4640a87bd55fa9f,13.88380892600253
89,64,1,1,Inference portfolio,0.3360858524341381,2,3.4122105301785286,-0.14029132969517377,5.329070518200751e-15,256,IEEE RTS 24-bus,2,3e3d0737d91acb37be515001f911d304bfce93540e3d063ca4640a87bd55fa9f,14.011568174002605
89,64,2,1,Batch portfolio,0.6639141475658619,2,6.741738680247489,-0.14029132969517377,5.329070518200751e-15,256,IEEE RTS 24-bus,2,3e3d0737d91acb37be515001f911d304bfce93540e3d063ca4640a87bd55fa9f,14.011568174002605
89,64,3,2,Inference portfolio,0.30397103703587725,7,-3.128919303573032,-0.14029132969517377,5.329070518200751e-15,256,IEEE RTS 24-bus,2,3e3d0737d91acb37be515001f911d304bfce93540e3d063ca4640a87bd55fa9f,14.011568174002605
89,64,4,2,Batch portfolio,0.6960289629641228,7,-7.165321236548154,-0.14029132969517377,5.329070518200751e-15,256,IEEE RTS 24-bus,2,3e3d0737d91acb37be515001f911d304bfce93540e3d063ca4640a87bd55fa9f,14.011568174002605
89,64,5,3,Inference portfolio,0.3194660181587846,14,0.0,-0.14029132969517377,5.329070518200751e-15,256,IEEE RTS 24-bus,2,3e3d0737d91acb37be515001f911d304bfce93540e3d063ca4640a87bd55fa9f,14.011568174002605
89,64,6,3,Batch portfolio,0.6805339818412154,14,0.0,-0.14029132969517377,5.329070518200751e-15,256,IEEE RTS 24-bus,2,3e3d0737d91acb37be515001f911d304bfce93540e3d063ca4640a87bd55fa9f,14.011568174002605
89,64,7,4,Inference portfolio,0.3374214395382333,20,0.0,-0.14029132969517377,5.329070518200751e-15,256,IEEE RTS 24-bus,2,3e3d0737d91acb37be515001f911d304bfce93540e3d063ca4640a87bd55fa9f,14.011568174002605
89,64,8,4,Batch portfolio,0.6625785604617667,20,0.0,-0.14029132969517377,5.329070518200751e-15,256,IEEE RTS 24-bus,2,3e3d0737d91acb37be515001f911d304bfce93540e3d063ca4640a87bd55fa9f,14.011568174002605
89,65,1,1,Inference portfolio,0.3360858524341381,2,1.5980763215028086,0.13889557468428393,4.440892098500626e-15,256,IEEE RTS 24-bus,2,3e3d0737d91acb37be515001f911d304bfce93540e3d063ca4640a87bd55fa9f,14.011568174002605
89,65,2,1,Batch portfolio,0.6639141475658619,2,3.156888250580931,0.13889557468428393,4.440892098500626e-15,256,IEEE RTS 24-bus,2,3e3d0737d91acb37be515001f911d304bfce93540e3d063ca4640a87bd55fa9f,14.011568174002605
89,65,3,2,Inference portfolio,0.30397103703587725,7,-1.4031512801695183,0.13889557468428393,4.440892098500626e-15,256,IEEE RTS 24-bus,2,3e3d0737d91acb37be515001f911d304bfce93540e3d063ca4640a87bd55fa9f,14.011568174002605
89,65,4,2,Batch portfolio,0.6960289629641228,7,-3.212917717229933,0.13889557468428393,4.440892098500626e-15,256,IEEE RTS 24-bus,2,3e3d0737d91acb37be515001f911d304bfce93540e3d063ca4640a87bd55fa9f,14.011568174002605
89,65,5,3,Inference portfolio,0.3194660181587846,14,0.0,0.13889557468428393,4.440892098500626e-15,256,IEEE RTS 24-bus,2,3e3d0737d91acb37be515001f911d304bfce93540e3d063ca4640a87bd55fa9f,14.011568174002605
89,65,6,3,Batch portfolio,0.6805339818412154,14,0.0,0.13889557468428393,4.440892098500626e-15,256,IEEE RTS 24-bus,2,3e3d0737d91acb37be515001f911d304bfce93540e3d063ca4640a87bd55fa9f,14.011568174002605
89,65,7,4,Inference portfolio,0.3374214395382333,20,0.0,0.13889557468428393,4.440892098500626e-15,256,IEEE RTS 24-bus,2,3e3d0737d91acb37be515001f911d304bfce93540e3d063ca4640a87bd55fa9f,14.011568174002605
89,65,8,4,Batch portfolio,0.6625785604617667,20,0.0,0.13889557468428393,4.440892098500626e-15,256,IEEE RTS 24-bus,2,3e3d0737d91acb37be515001f911d304bfce93540e3d063ca4640a87bd55fa9f,14.011568174002605
89,66,1,1,Inference portfolio,0.3360858524341381,2,5.586117067286407,-16.60558793747623,-7.105427357601002e-15,256,IEEE RTS 24-bus,2,3e3d0737d91acb37be515001f911d304bfce93540e3d063ca4640a87bd55fa9f,14.011568174002605
89,66,2,1,Batch portfolio,0.6639141475658619,2,11.034984436475783,-16.60558793747623,-7.105427357601002e-15,256,IEEE RTS 24-bus,2,3e3d0737d91acb37be515001f911d304bfce93540e3d063ca4640a87bd55fa9f,14.011568174002605
89,66,3,2,Inference portfolio,0.30397103703587725,7,-7.343477190115346,-16.60558793747623,-7.105427357601002e-15,256,IEEE RTS 24-bus,2,3e3d0737d91acb37be515001f911d304bfce93540e3d063ca4640a87bd55fa9f,14.011568174002605
89,66,4,2,Batch portfolio,0.6960289629641228,7,-16.814999425696236,-16.60558793747623,-7.105427357601002e-15,256,IEEE RTS 24-bus,2,3e3d0737d91acb37be515001f911d304bfce93540e3d063ca4640a87bd55fa9f,14.011568174002605
89,66,5,3,Inference portfolio,0.3194660181587846,14,-1.3190601804832498,-16.60558793747623,-7.105427357601002e-15,256,IEEE RTS 24-bus,2,3e3d0737d91acb37be515001f911d304bfce93540e3d063ca4640a87bd55fa9f,14.011568174002605
89,66,6,3,Batch portfolio,0.6805339818412154,14,-2.809892839576266,-16.60558793747623,-7.105427357601002e-15,256,IEEE RTS 24-bus,2,3e3d0737d91acb37be515001f911d304bfce93540e3d063ca4640a87bd55fa9f,14.011568174002605
89,66,7,4,Inference portfolio,0.3374214395382333,20,-1.6666121537803111,-16.60558793747623,-7.105427357601002e-15,256,IEEE RTS 24-bus,2,3e3d0737d91acb37be515001f911d304bfce93540e3d063ca4640a87bd55fa9f,14.011568174002605
89,66,8,4,Batch portfolio,0.6625785604617667,20,-3.2726476515870186,-16.60558793747623,-7.105427357601002e-15,256,IEEE RTS 24-bus,2,3e3d0737d91acb37be515001f911d304bfce93540e3d063ca4640a87bd55fa9f,14.011568174002605
89,67,1,1,Inference portfolio,0.3360858524341381,2,0.35464223015046176,16.440379348678107,-1.4210854715202004e-14,256,IEEE RTS 24-bus,2,3e3d0737d91acb37be515001f911d304bfce93540e3d063ca4640a87bd55fa9f,14.011568174002605
89,67,2,1,Batch portfolio,0.6639141475658619,2,0.7005709767777102,16.440379348678107,-1.4210854715202004e-14,256,IEEE RTS 24-bus,2,3e3d0737d91acb37be515001f911d304bfce93540e3d063ca4640a87bd55fa9f,14.011568174002605
89,67,3,2,Inference portfolio,0.30397103703587725,7,1.947594943532227,16.440379348678107,-1.4210854715202004e-14,256,IEEE RTS 24-bus,2,3e3d0737d91acb37be515001f911d304bfce93540e3d063ca4640a87bd55fa9f,14.011568174002605
89,67,4,2,Batch portfolio,0.6960289629641228,7,4.4595778006994635,16.440379348678107,-1.4210854715202004e-14,256,IEEE RTS 24-bus,2,3e3d0737d91acb37be515001f911d304bfce93540e3d063ca4640a87bd55fa9f,14.011568174002605
89,67,5,3,Inference portfolio,0.3194660181587846,14,1.3059368829655766,16.440379348678107,-1.4210854715202004e-14,256,IEEE RTS 24-bus,2,3e3d0737d91acb37be515001f911d304bfce93540e3d063ca4640a87bd55fa9f,14.011568174002605
89,67,6,3,Batch portfolio,0.6805339818412154,14,2.781937284346934,16.440379348678107,-1.4210854715202004e-14,256,IEEE RTS 24-bus,2,3e3d0737d91acb37be515001f911d304bfce93540e3d063ca4640a87bd55fa9f,14.011568174002605
89,67,7,4,Inference portfolio,0.3374214395382333,20,1.6500310701695584,16.440379348678107,-1.4210854715202004e-14,256,IEEE RTS 24-bus,2,3e3d0737d91acb37be515001f911d304bfce93540e3d063ca4640a87bd55fa9f,14.011568174002605
89,67,8,4,Batch portfolio,0.6625785604617667,20,3.240088160036162,16.440379348678107,-1.4210854715202004e-14,256,IEEE RTS 24-bus,2,3e3d0737d91acb37be515001f911d304bfce93540e3d063ca4640a87bd55fa9f,14.011568174002605
89,68,1,1,Inference portfolio,0.3360858524341381,2,0.5103990514491357,0.0,-2.4424906541753444e-15,256,IEEE RTS 24-bus,2,3e3d0737d91acb37be515001f911d304bfce93540e3d063ca4640a87bd55fa9f,14.011568174002605
89,68,2,1,Batch portfolio,0.6639141475658619,2,1.00825770768779,0.0,-2.4424906541753444e-15,256,IEEE RTS 24-bus,2,3e3d0737d91acb37be515001f911d304bfce93540e3d063ca4640a87bd55fa9f,14.011568174002605
89,68,3,2,Inference portfolio,0.30397103703587725,7,-0.4616276699763758,0.0,-2.4424906541753444e-15,256,IEEE RTS 24-bus,2,3e3d0737d91acb37be515001f911d304bfce93540e3d063ca4640a87bd55fa9f,14.011568174002605
89,68,4,2,Batch portfolio,0.6960289629641228,7,-1.0570290891605525,0.0,-2.4424906541753444e-15,256,IEEE RTS 24-bus,2,3e3d0737d91acb37be515001f911d304bfce93540e3d063ca4640a87bd55fa9f,14.011568174002605
89,68,5,3,Inference portfolio,0.3194660181587846,14,0.0,0.0,-2.4424906541753444e-15,256,IEEE RTS 24-bus,2,3e3d0737d91acb37be515001f911d304bfce93540e3d063ca4640a87bd55fa9f,14.011568174002605
89,68,6,3,Batch portfolio,0.6805339818412154,14,0.0,0.0,-2.4424906541753444e-15,256,IEEE RTS 24-bus,2,3e3d0737d91acb37be515001f911d304bfce93540e3d063ca4640a87bd55fa9f,14.011568174002605
89,68,7,4,Inference portfolio,0.3374214395382333,20,0.0,0.0,-2.4424906541753444e-15,256,IEEE RTS 24-bus,2,3e3d0737d91acb37be515001f911d304bfce93540e3d063ca4640a87bd55fa9f,14.011568174002605
89,68,8,4,Batch portfolio,0.6625785604617667,20,0.0,0.0,-2.4424906541753444e-15,256,IEEE RTS 24-bus,2,3e3d0737d91acb37be515001f911d304bfce93540e3d063ca4640a87bd55fa9f,14.011568174002605
89,69,1,1,Inference portfolio,0.3360858524341381,2,0.17555716466404203,0.0,4.440892098500626e-16,256,IEEE RTS 24-bus,2,3e3d0737d91acb37be515001f911d304bfce93540e3d063ca4640a87bd55fa9f,14.011568174002605
89,69,2,1,Batch portfolio,0.6639141475658619,2,0.3468009274482333,0.0,4.440892098500626e-16,256,IEEE RTS 24-bus,2,3e3d0737d91acb37be515001f911d304bfce93540e3d063ca4640a87bd55fa9f,14.011568174002605
89,69,3,2,Inference portfolio,0.30397103703587725,7,-0.15878173096264914,0.0,4.440892098500626e-16,256,IEEE RTS 24-bus,2,3e3d0737d91acb37be515001f911d304bfce93540e3d063ca4640a87bd55fa9f,14.011568174002605
89,69,4,2,Batch portfolio,0.6960289629641228,7,-0.36357636114962577,0.0,4.440892098500626e-16,256,IEEE RTS 24-bus,2,3e3d0737d91acb37be515001f911d304bfce93540e3d063ca4640a87bd55fa9f,14.011568174002605
89,69,5,3,Inference portfolio,0.3194660181587846,14,0.0,0.0,4.440892098500626e-16,256,IEEE RTS 24-bus,2,3e3d0737d91acb37be515001f911d304bfce93540e3d063ca4640a87bd55fa9f,14.011568174002605
89,69,6,3,Batch portfolio,0.6805339818412154,14,0.0,0.0,4.440892098500626e-16,256,IEEE RTS 24-bus,2,3e3d0737d91acb37be515001f911d304bfce93540e3d063ca4640a87bd55fa9f,14.011568174002605
89,69,7,4,Inference portfolio,0.3374214395382333,20,0.0,0.0,4.440892098500626e-16,256,IEEE RTS 24-bus,2,3e3d0737d91acb37be515001f911d304bfce93540e3d063ca4640a87bd55fa9f,14.011568174002605
89,69,8,4,Batch portfolio,0.6625785604617667,20,0.0,0.0,4.440892098500626e-16,256,IEEE RTS 24-bus,2,3e3d0737d91acb37be515001f911d304bfce93540e3d063ca4640a87bd55fa9f,14.011568174002605
89,70,1,1,Inference portfolio,0.3360858524341381,2,0.46568290852701366,-0.14235756060406857,1.1102230246251565e-15,256,IEEE RTS 24-bus,2,3e3d0737d91acb37be515001f911d304bfce93540e3d063ca4640a87bd55fa9f,14.011568174002605
89,70,2,1,Batch portfolio,0.6639141475658619,2,0.9199240878842833,-0.14235756060406857,1.1102230246251565e-15,256,IEEE RTS 24-bus,2,3e3d0737d91acb37be515001f911d304bfce93540e3d063ca4640a87bd55fa9f,14.011568174002605
89,70,3,2,Inference portfolio,0.30397103703587725,7,-0.4644569709498675,-0.14235756060406857,1.1102230246251565e-15,256,IEEE RTS 24-bus,2,3e3d0737d91acb37be515001f911d304bfce93540e3d063ca4640a87bd55fa9f,14.011568174002605
89,70,4,2,Batch portfolio,0.6960289629641228,7,-1.063507586065497,-0.14235756060406857,1.1102230246251565e-15,256,IEEE RTS 24-bus,2,3e3d0737d91acb37be515001f911d304bfce93540e3d063ca4640a87bd55fa9f,14.011568174002605
89,70,5,3,Inference portfolio,0.3194660181587846,14,0.0,-0.14235756060406857,1.1102230246251565e-15,256,IEEE RTS 24-bus,2,3e3d0737d91acb37be515001f911d304bfce93540e3d063ca4640a87bd55fa9f,14.011568174002605
89,70,6,3,Batch portfolio,0.6805339818412154,14,0.0,-0.14235756060406857,1.1102230246251565e-15,256,IEEE RTS 24-bus,2,3e3d0737d91acb37be515001f911d304bfce93540e3d063ca4640a87bd55fa9f,14.011568174002605
89,70,7,4,Inference portfolio,0.3374214395382333,20,0.0,-0.14235756060406857,1.1102230246251565e-15,256,IEEE RTS 24-bus,2,3e3d0737d91acb37be515001f911d304bfce93540e3d063ca4640a87bd55fa9f,14.011568174002605
89,70,8,4,Batch portfolio,0.6625785604617667,20,0.0,-0.14235756060406857,1.1102230246251565e-15,256,IEEE RTS 24-bus,2,3e3d0737d91acb37be515001f911d304bfce93540e3d063ca4640a87bd55fa9f,14.011568174002605
89,71,1,1,Inference portfolio,0.3360858524341381,2,3.1385883894595246,0.14378810494599747,-1.7763568394002505e-15,256,IEEE RTS 24-bus,2,3e3d0737d91acb37be515001f911d304bfce93540e3d063ca4640a87bd55fa9f,14.011568174002605
89,71,2,1,Batch portfolio,0.6639141475658619,2,6.196232998240857,0.14378810494599747,-1.7763568394002505e-15,256,IEEE RTS 24-bus,2,3e3d0737d91acb37be515001f911d304bfce93540e3d063ca4640a87bd55fa9f,14.011568174002605
89,71,3,2,Inference portfolio,0.30397103703587725,7,-2.7950560992768887,0.14378810494599747,-1.7763568394002505e-15,256,IEEE RTS 24-bus,2,3e3d0737d91acb37be515001f911d304bfce93540e3d063ca4640a87bd55fa9f,14.011568174002605
89,71,4,2,Batch portfolio,0.6960289629641228,7,-6.395977183477497,0.14378810494599747,-1.7763568394002505e-15,256,IEEE RTS 24-bus,2,3e3d0737d91acb37be515001f911d304bfce93540e3d063ca4640a87bd55fa9f,14.011568174002605
89,71,5,3,Inference portfolio,0.3194660181587846,14,0.0,0.14378810494599747,-1.7763568394002505e-15,256,IEEE RTS 24-bus,2,3e3d0737d91acb37be515001f911d304bfce93540e3d063ca4640a87bd55fa9f,14.011568174002605
89,71,6,3,Batch portfolio,0.6805339818412154,14,0.0,0.14378810494599747,-1.7763568394002505e-15,256,IEEE RTS 24-bus,2,3e3d0737d91acb37be515001f911d304bfce93540e3d063ca4640a87bd55fa9f,14.011568174002605
89,71,7,4,Inference portfolio,0.3374214395382333,20,0.0,0.14378810494599747,-1.7763568394002505e-15,256,IEEE RTS 24-bus,2,3e3d0737d91acb37be515001f911d304bfce93540e3d063ca4640a87bd55fa9f,14.011568174002605
89,71,8,4,Batch portfolio,0.6625785604617667,20,0.0,0.14378810494599747,-1.7763568394002505e-15,256,IEEE RTS 24-bus,2,3e3d0737d91acb37be515001f911d304bfce93540e3d063ca4640a87bd55fa9f,14.011568174002605
90,64,1,1,Inference portfolio,0.3360858524341381,2,0.8662760468860142,-1.8189894035458565e-12,-8.881784197001252e-16,256,IEEE RTS 24-bus,2,3e3d0737d91acb37be515001f911d304bfce93540e3d063ca4640a87bd55fa9f,13.907623409002554
90,64,2,1,Batch portfolio,0.6639141475658619,2,1.7112678771218273,-1.8189894035458565e-12,-8.881784197001252e-16,256,IEEE RTS 24-bus,2,3e3d0737d91acb37be515001f911d304bfce93540e3d063ca4640a87bd55fa9f,13.907623409002554
90,64,3,2,Inference portfolio,0.30397103703587725,7,-0.7834986995870472,-1.8189894035458565e-12,-8.881784197001252e-16,256,IEEE RTS 24-bus,2,3e3d0737d91acb37be515001f911d304bfce93540e3d063ca4640a87bd55fa9f,13.907623409002554
90,64,4,2,Batch portfolio,0.6960289629641228,7,-1.794045224422614,-1.8189894035458565e-12,-8.881784197001252e-16,256,IEEE RTS 24-bus,2,3e3d0737d91acb37be515001f911d304bfce93540e3d063ca4640a87bd55fa9f,13.907623409002554
90,64,5,3,Inference portfolio,0.3194660181587846,14,0.0,-1.8189894035458565e-12,-8.881784197001252e-16,256,IEEE RTS 24-bus,2,3e3d0737d91acb37be515001f911d304bfce93540e3d063ca4640a87bd55fa9f,13.907623409002554
90,64,6,3,Batch portfolio,0.6805339818412154,14,0.0,-1.8189894035458565e-12,-8.881784197001252e-16,256,IEEE RTS 24-bus,2,3e3d0737d91acb37be515001f911d304bfce93540e3d063ca4640a87bd55fa9f,13.907623409002554
90,64,7,4,Inference portfolio,0.3374214395382333,20,0.0,-1.8189894035458565e-12,-8.881784197001252e-16,256,IEEE RTS 24-bus,2,3e3d0737d91acb37be515001f911d304bfce93540e3d063ca4640a87bd55fa9f,13.907623409002554
90,64,8,4,Batch portfolio,0.6625785604617667,20,0.0,-1.8189894035458565e-12,-8.881784197001252e-16,256,IEEE RTS 24-bus,2,3e3d0737d91acb37be515001f911d304bfce93540e3d063ca4640a87bd55fa9f,13.907623409002554
90,65,1,1,Inference portfolio,0.3360858524341381,2,0.9740975157659114,0.0,3.1086244689504383e-15,256,IEEE RTS 24-bus,2,3e3d0737d91acb37be515001f911d304bfce93540e3d063ca4640a87bd55fa9f,13.907623409002554
90,65,2,1,Batch portfolio,0.6639141475658619,2,1.924261664514842,0.0,3.1086244689504383e-15,256,IEEE RTS 24-bus,2,3e3d0737d91acb37be515001f911d304bfce93540e3d063ca4640a87bd55fa9f,13.907623409002554
90,65,3,2,Inference portfolio,0.30397103703587725,7,-0.881017245732437,0.0,3.1086244689504383e-15,256,IEEE RTS 24-bus,2,3e3d0737d91acb37be515001f911d304bfce93540e3d063ca4640a87bd55fa9f,13.907623409002554
90,65,4,2,Batch portfolio,0.6960289629641228,7,-2.0173419345483135,0.0,3.1086244689504383e-15,256,IEEE RTS 24-bus,2,3e3d0737d91acb37be515001f911d304bfce93540e3d063ca4640a87bd55fa9f,13.907623409002554
90,65,5,3,Inference portfolio,0.3194660181587846,14,0.0,0.0,3.1086244689504383e-15,256,IEEE RTS 24-bus,2,3e3d0737d91acb37be515001f911d304bfce93540e3d063ca4640a87bd55fa9f,13.907623409002554
90,65,6,3,Batch portfolio,0.6805339818412154,14,0.0,0.0,3.1086244689504383e-15,256,IEEE RTS 24-bus,2,3e3d0737d91acb37be515001f911d304bfce93540e3d063ca4640a87bd55fa9f,13.907623409002554
90,65,7,4,Inference portfolio,0.3374214395382333,20,0.0,0.0,3.1086244689504383e-15,256,IEEE RTS 24-bus,2,3e3d0737d91acb37be515001f911d304bfce93540e3d063ca4640a87bd55fa9f,13.907623409002554
90,65,8,4,Batch portfolio,0.6625785604617667,20,0.0,0.0,3.1086244689504383e-15,256,IEEE RTS 24-bus,2,3e3d0737d91acb37be515001f911d304bfce93540e3d063ca4640a87bd55fa9f,13.907623409002554
90,66,1,1,Inference portfolio,0.3360858524341381,2,1.1007491552813906,0.0,-1.7763568394002505e-15,256,IEEE RTS 24-bus,2,3e3d0737d91acb37be515001f911d304bfce93540e3d063ca4640a87bd55fa9f,13.907623409002554
90,66,2,1,Batch portfolio,0.6639141475658619,2,2.1744531399328197,0.0,-1.7763568394002505e-15,256,IEEE RTS 24-bus,2,3e3d0737d91acb37be515001f911d304bfce93540e3d063ca4640a87bd55fa9f,13.907623409002554
90,66,3,2,Inference portfolio,0.30397103703587725,7,-0.9955666381782368,0.0,-1.7763568394002505e-15,256,IEEE RTS 24-bus,2,3e3d0737d91acb37be515001f911d304bfce93540e3d063ca4640a87bd55fa9f,13.907623409002554
90,66,4,2,Batch portfolio,0.6960289629641228,7,-2.2796356570359757,0.0,-1.7763568394002505e-15,256,IEEE RTS 24-bus,2,3e3d0737d91acb37be515001f911d304bfce93540e3d063ca4640a87bd55fa9f,13.907623409002554
90,66,5,3,Inference portfolio,0.3194660181587846,14,0.0,0.0,-1.7763568394002505e-15,256,IEEE RTS 24-bus,2,3e3d0737d91acb37be515001f911d304bfce93540e3d063ca4640a87bd55fa9f,13.907623409002554
90,66,6,3,Batch portfolio,0.6805339818412154,14,0.0,0.0,-1.7763568394002505e-15,256,IEEE RTS 24-bus,2,3e3d0737d91acb37be515001f911d304bfce93540e3d063ca4640a87bd55fa9f,13.907623409002554
90,66,7,4,Inference portfolio,0.3374214395382333,20,0.0,0.0,-1.7763568394002505e-15,256,IEEE RTS 24-bus,2,3e3d0737d91acb37be515001f911d304bfce93540e3d063ca4640a87bd55fa9f,13.907623409002554
90,66,8,4,Batch portfolio,0.6625785604617667,20,0.0,0.0,-1.7763568394002505e-15,256,IEEE RTS 24-bus,2,3e3d0737d91acb37be515001f911d304bfce93540e3d063ca4640a87bd55fa9f,13.907623409002554
90,67,1,1,Inference portfolio,0.3360858524341381,2,1.3021922922286353,0.0,3.1086244689504383e-15,256,IEEE RTS 24-bus,2,3e3d0737d91acb37be515001f911d304bfce93540e3d063ca4640a87bd55fa9f,13.907623409002554
90,67,2,1,Batch portfolio,0.6639141475658619,2,2.5723899991614085,0.0,3.1086244689504383e-15,256,IEEE RTS 24-bus,2,3e3d0737d91acb37be515001f911d304bfce93540e3d063ca4640a87bd55fa9f,13.907623409002554
90,67,3,2,Inference portfolio,0.30397103703587725,7,-1.177760797194726,0.0,3.1086244689504383e-15,256,IEEE RTS 24-bus,2,3e3d0737d91acb37be515001f911d304bfce93540e3d063ca4640a87bd55fa9f,13.907623409002554
90,67,4,2,Batch portfolio,0.6960289629641228,7,-2.696821494195315,0.0,3.1086244689504383e-15,256,IEEE RTS 24-bus,2,3e3d0737d91acb37be515001f911d304bfce93540e3d063ca4640a87bd55fa9f,13.907623409002554
90,67,5,3,Inference portfolio,0.3194660181587846,14,0.0,0.0,3.1086244689504383e-15,256,IEEE RTS 24-bus,2,3e3d0737d91acb37be515001f911d304bfce93540e3d063ca4640a87bd55fa9f,13.907623409002554
90,67,6,3,Batch portfolio,0.6805339818412154,14,0.0,0.0,3.1086244689504383e-15,256,IEEE RTS 24-bus,2,3e3d0737d91acb37be515001f911d304bfce93540e3d063ca4640a87bd55fa9f,13.907623409002554
90,67,7,4,Inference portfolio,0.3374214395382333,20,0.0,0.0,3.1086244689504383e-15,256,IEEE RTS 24-bus,2,3e3d0737d91acb37be515001f911d304bfce93540e3d063ca4640a87bd55fa9f,13.907623409002554
90,67,8,4,Batch portfolio,0.6625785604617667,20,0.0,0.0,3.1086244689504383e-15,256,IEEE RTS 24-bus,2,3e3d0737d91acb37be515001f911d304bfce93540e3d063ca4640a87bd55fa9f,13.907623409002554
90,68,1,1,Inference portfolio,0.3360858524341381,2,1.1227985354198613,0.0,-3.1086244689504383e-15,256,IEEE RTS 24-bus,2,3e3d0737d91acb37be515001f911d304bfce93540e3d063ca4640a87bd55fa9f,13.907623409002554
90,68,2,1,Batch portfolio,0.6639141475658619,2,2.218010151669657,0.0,-3.1086244689504383e-15,256,IEEE RTS 24-bus,2,3e3d0737d91acb37be515001f911d304bfce93540e3d063ca4640a87bd55fa9f,13.907623409002554
90,68,3,2,Inference portfolio,0.30397103703587725,7,-1.0155090811531409,0.0,-3.1086244689504383e-15,256,IEEE RTS 24-bus,2,3e3d0737d91acb37be515001f911d304bfce93540e3d063ca4640a87bd55fa9f,13.907623409002554
90,68,4,2,Batch portfolio,0.6960289629641228,7,-2.3252996059363804,0.0,-3.1086244689504383e-15,256,IEEE RTS 24-bus,2,3e3d0737d91acb37be515001f911d304bfce93540e3d063ca4640a87bd55fa9f,13.907623409002554
90,68,5,3,Inference portfolio,0.3194660181587846,14,0.0,0.0,-3.1086244689504383e-15,256,IEEE RTS 24-bus,2,3e3d0737d91acb37be515001f911d304bfce93540e3d063ca4640a87bd55fa9f,13.907623409002554
90,68,6,3,Batch portfolio,0.6805339818412154,14,0.0,0.0,-3.1086244689504383e-15,256,IEEE RTS 24-bus,2,3e3d0737d91acb37be515001f911d304bfce93540e3d063ca4640a87bd55fa9f,13.907623409002554
90,68,7,4,Inference portfolio,0.3374214395382333,20,0.0,0.0,-3.1086244689504383e-15,256,IEEE RTS 24-bus,2,3e3d0737d91acb37be515001f911d304bfce93540e3d063ca4640a87bd55fa9f,13.907623409002554
90,68,8,4,Batch portfolio,0.6625785604617667,20,0.0,0.0,-3.1086244689504383e-15,256,IEEE RTS 24-bus,2,3e3d0737d91acb37be515001f911d304bfce93540e3d063ca4640a87bd55fa9f,13.907623409002554
90,69,1,1,Inference portfolio,0.3360858524341381,2,1.032219681810148,0.0,1.3322676295501878e-15,256,IEEE RTS 24-bus,2,3e3d0737d91acb37be515001f911d304bfce93540e3d063ca4640a87bd55fa9f,13.907623409002554
90,69,2,1,Batch portfolio,0.6639141475658619,2,2.0390779474544933,0.0,1.3322676295501878e-15,256,IEEE RTS 24-bus,2,3e3d0737d91acb37be515001f911d304bfce93540e3d063ca4640a87bd55fa9f,13.907623409002554
90,69,3,2,Inference portfolio,0.30397103703587725,7,-0.933585525412885,0.0,1.3322676295501878e-15,256,IEEE RTS 24-bus,2,3e3d0737d91acb37be515001f911d304bfce93540e3d063ca4640a87bd55fa9f,13.907623409002554
90,69,4,2,Batch portfolio,0.6960289629641228,7,-2.137712103851755,0.0,1.3322676295501878e-15,256,IEEE RTS 24-bus,2,3e3d0737d91acb37be515001f911d304bfce93540e3d063ca4640a87bd55fa9f,13.907623409002554
90,69,5,3,Inference portfolio,0.3194660181587846,14,0.0,0.0,1.3322676295501878e-15,256,IEEE RTS 24-bus,2,3e3d0737d91acb37be515001f911d304bfce93540e3d063ca4640a87bd55fa9f,13.907623409002554
90,69,6,3,Batch portfolio,0.6805339818412154,14,0.0,0.0,1.3322676295501878e-15,256,IEEE RTS 24-bus,2,3e3d0737d91acb37be515001f911d304bfce93540e3d063ca4640a87bd55fa9f,13.907623409002554
90,69,7,4,Inference portfolio,0.3374214395382333,20,0.0,0.0,1.3322676295501878e-15,256,IEEE RTS 24-bus,2,3e3d0737d91acb37be515001f911d304bfce93540e3d063ca4640a87bd55fa9f,13.907623409002554
90,69,8,4,Batch portfolio,0.6625785604617667,20,0.0,0.0,1.3322676295501878e-15,256,IEEE RTS 24-bus,2,3e3d0737d91acb37be515001f911d304bfce93540e3d063ca4640a87bd55fa9f,13.907623409002554
90,70,1,1,Inference portfolio,0.3360858524341381,2,0.9287639902005745,0.0,-3.1086244689504383e-15,256,IEEE RTS 24-bus,2,3e3d0737d91acb37be515001f911d304bfce93540e3d063ca4640a87bd55fa9f,13.907623409002554
90,70,2,1,Batch portfolio,0.6639141475658619,2,1.8347084483840845,0.0,-3.1086244689504383e-15,256,IEEE RTS 24-bus,2,3e3d0737d91acb37be515001f911d304bfce93540e3d063ca4640a87bd55fa9f,13.907623409002554
90,70,3,2,Inference portfolio,0.30397103703587725,7,-0.8400155829757147,0.0,-3.1086244689504383e-15,256,IEEE RTS 24-bus,2,3e3d0737d91acb37be515001f911d304bfce93540e3d063ca4640a87bd55fa9f,13.907623409002554
90,70,4,2,Batch portfolio,0.6960289629641228,7,-1.9234568556089473,0.0,-3.1086244689504383e-15,256,IEEE RTS 24-bus,2,3e3d0737d91acb37be515001f911d304bfce93540e3d063ca4640a87bd55fa9f,13.907623409002554
90,70,5,3,Inference portfolio,0.3194660181587846,14,0.0,0.0,-3.1086244689504383e-15,256,IEEE RTS 24-bus,2,3e3d0737d91acb37be515001f911d304bfce93540e3d063ca4640a87bd55fa9f,13.907623409002554
90,70,6,3,Batch portfolio,0.6805339818412154,14,0.0,0.0,-3.1086244689504383e-15,256,IEEE RTS 24-bus,2,3e3d0737d91acb37be515001f911d304bfce93540e3d063ca4640a87bd55fa9f,13.907623409002554
90,70,7,4,Inference portfolio,0.3374214395382333,20,0.0,0.0,-3.1086244689504383e-15,256,IEEE RTS 24-bus,2,3e3d0737d91acb37be515001f911d304bfce93540e3d063ca4640a87bd55fa9f,13.907623409002554
90,70,8,4,Batch portfolio,0.6625785604617667,20,0.0,0.0,-3.1086244689504383e-15,256,IEEE RTS 24-bus,2,3e3d0737d91acb37be515001f911d304bfce93540e3d063ca4640a87bd55fa9f,13.907623409002554
90,71,1,1,Inference portfolio,0.3360858524341381,2,1.952472611276942,0.0,4.440892098500626e-15,256,IEEE RTS 24-bus,2,3e3d0737d91acb37be515001f911d304bfce93540e3d063ca4640a87bd55fa9f,13.907623409002554
90,71,2,1,Batch portfolio,0.6639141475658619,2,3.8569733893080786,0.0,4.440892098500626e-15,256,IEEE RTS 24-bus,2,3e3d0737d91acb37be515001f911d304bfce93540e3d063ca4640a87bd55fa9f,13.907623409002554
90,71,3,2,Inference portfolio,0.30397103703587725,7,-1.7659033254020253,0.0,4.440892098500626e-15,256,IEEE RTS 24-bus,2,3e3d0737d91acb37be515001f911d304bfce93540e3d063ca4640a87bd55fa9f,13.907623409002554
90,71,4,2,Batch portfolio,0.6960289629641228,7,-4.043542675182991,0.0,4.440892098500626e-15,256,IEEE RTS 24-bus,2,3e3d0737d91acb37be515001f911d304bfce93540e3d063ca4640a87bd55fa9f,13.907623409002554
90,71,5,3,Inference portfolio,0.3194660181587846,14,0.0,0.0,4.440892098500626e-15,256,IEEE RTS 24-bus,2,3e3d0737d91acb37be515001f911d304bfce93540e3d063ca4640a87bd55fa9f,13.907623409002554
90,71,6,3,Batch portfolio,0.6805339818412154,14,0.0,0.0,4.440892098500626e-15,256,IEEE RTS 24-bus,2,3e3d0737d91acb37be515001f911d304bfce93540e3d063ca4640a87bd55fa9f,13.907623409002554
90,71,7,4,Inference portfolio,0.3374214395382333,20,0.0,0.0,4.440892098500626e-15,256,IEEE RTS 24-bus,2,3e3d0737d91acb37be515001f911d304bfce93540e3d063ca4640a87bd55fa9f,13.907623409002554
90,71,8,4,Batch portfolio,0.6625785604617667,20,0.0,0.0,4.440892098500626e-15,256,IEEE RTS 24-bus,2,3e3d0737d91acb37be515001f911d304bfce93540e3d063ca4640a87bd55fa9f,13.907623409002554
91,64,1,1,Inference portfolio,0.3360858524341381,2,3.6630373164762218,0.0,-1.2434497875801753e-14,256,IEEE RTS 24-bus,2,3e3d0737d91acb37be515001f911d304bfce93540e3d063ca4640a87bd55fa9f,13.825633833999746
91,64,2,1,Batch portfolio,0.6639141475658619,2,7.2360745918234235,0.0,-1.2434497875801753e-14,256,IEEE RTS 24-bus,2,3e3d0737d91acb37be515001f911d304bfce93540e3d063ca4640a87bd55fa9f,13.825633833999746
91,64,3,2,Inference portfolio,0.30397103703587725,7,-3.3130143495357856,0.0,-1.2434497875801753e-14,256,IEEE RTS 24-bus,2,3e3d0737d91acb37be515001f911d304bfce93540e3d063ca4640a87bd55fa9f,13.825633833999746
91,64,4,2,Batch portfolio,0.6960289629641228,7,-7.586097558763871,0.0,-1.2434497875801753e-14,256,IEEE RTS 24-bus,2,3e3d0737d91acb37be515001f911d304bfce93540e3d063ca4640a87bd55fa9f,13.825633833999746
91,64,5,3,Inference portfolio,0.3194660181587846,14,0.0,0.0,-1.2434497875801753e-14,256,IEEE RTS 24-bus,2,3e3d0737d91acb37be515001f911d304bfce93540e3d063ca4640a87bd55fa9f,13.825633833999746
91,64,6,3,Batch portfolio,0.6805339818412154,14,0.0,0.0,-1.2434497875801753e-14,256,IEEE RTS 24-bus,2,3e3d0737d91acb37be515001f911d304bfce93540e3d063ca4640a87bd55fa9f,13.825633833999746
91,64,7,4,Inference portfolio,0.3374214395382333,20,0.0,0.0,-1.2434497875801753e-14,256,IEEE RTS 24-bus,2,3e3d0737d91acb37be515001f911d304bfce93540e3d063ca4640a87bd55fa9f,13.825633833999746
91,64,8,4,Batch portfolio,0.6625785604617667,20,0.0,0.0,-1.2434497875801753e-14,256,IEEE RTS 24-bus,2,3e3d0737d91acb37be515001f911d304bfce93540e3d063ca4640a87bd55fa9f,13.825633833999746
91,65,1,1,Inference portfolio,0.3360858524341381,2,4.746563736873057,0.0,1.4210854715202004e-14,256,IEEE RTS 24-bus,2,3e3d0737d91acb37be515001f911d304bfce93540e3d063ca4640a87bd55fa9f,13.825633833999746
91,65,2,1,Batch portfolio,0.6639141475658619,2,9.376505420886897,0.0,1.4210854715202004e-14,256,IEEE RTS 24-bus,2,3e3d0737d91acb37be515001f911d304bfce93540e3d063ca4640a87bd55fa9f,13.825633833999746
91,65,3,2,Inference portfolio,0.30397103703587725,7,-4.293003978013228,0.0,1.4210854715202004e-14,256,IEEE RTS 24-bus,2,3e3d0737d91acb37be515001f911d304bfce93540e3d063ca4640a87bd55fa9f,13.825633833999746
91,65,4,2,Batch portfolio,0.6960289629641228,7,-9.830065179746711,0.0,1.4210854715202004e-14,256,IEEE RTS 24-bus,2,3e3d0737d91acb37be515001f911d304bfce93540e3d063ca4640a87bd55fa9f,13.825633833999746
91,65,5,3,Inference portfolio,0.3194660181587846,14,0.0,0.0,1.4210854715202004e-14,256,IEEE RTS 24-bus,2,3e3d0737d91acb37be515001f911d304bfce93540e3d063ca4640a87bd55fa9f,13.825633833999746
91,65,6,3,Batch portfolio,0.6805339818412154,14,0.0,0.0,1.4210854715202004e-14,256,IEEE RTS 24-bus,2,3e3d0737d91acb37be515001f911d304bfce93540e3d063ca4640a87bd55fa9f,13.825633833999746
91,65,7,4,Inference portfolio,0.3374214395382333,20,0.0,0.0,1.4210854715202004e-14,256,IEEE RTS 24-bus,2,3e3d0737d91acb37be515001f911d304bfce93540e3d063ca4640a87bd55fa9f,13.825633833999746
91,65,8,4,Batch portfolio,0.6625785604617667,20,0.0,0.0,1.4210854715202004e-14,256,IEEE RTS 24-bus,2,3e3d0737d91acb37be515001f911d304bfce93540e3d063ca4640a87bd55fa9f,13.825633833999746
91,66,1,1,Inference portfolio,0.3360858524341381,2,7.574588483357121,0.0,3.552713678800501e-15,256,IEEE RTS 24-bus,2,3e3d0737d91acb37be515001f911d304bfce93540e3d063ca4640a87bd55fa9f,13.825633833999746
91,66,2,1,Batch portfolio,0.6639141475658619,2,14.961615455427218,0.0,3.552713678800501e-15,256,IEEE RTS 24-bus,2,3e3d0737d91acb37be515001f911d304bfce93540e3d063ca4640a87bd55fa9f,13.825633833999746
91,66,3,2,Inference portfolio,0.30397103703587725,7,-6.8504193821196795,0.0,3.552713678800501e-15,256,IEEE RTS 24-bus,2,3e3d0737d91acb37be515001f911d304bfce93540e3d063ca4640a87bd55fa9f,13.825633833999746
91,66,4,2,Batch portfolio,0.6960289629641228,7,-15.685784556664656,0.0,3.552713678800501e-15,256,IEEE RTS 24-bus,2,3e3d0737d91acb37be515001f911d304bfce93540e3d063ca4640a87bd55fa9f,13.825633833999746
91,66,5,3,Inference portfolio,0.3194660181587846,14,0.0,0.0,3.552713678800501e-15,256,IEEE RTS 24-bus,2,3e3d0737d91acb37be515001f911d304bfce93540e3d063ca4640a87bd55fa9f,13.825633833999746
91,66,6,3,Batch portfolio,0.6805339818412154,14,0.0,0.0,3.552713678800501e-15,256,IEEE RTS 24-bus,2,3e3d0737d91acb37be515001f911d304bfce93540e3d063ca4640a87bd55fa9f,13.825633833999746
91,66,7,4,Inference portfolio,0.3374214395382333,20,0.0,0.0,3.552713678800501e-15,256,IEEE RTS 24-bus,2,3e3d0737d91acb37be515001f911d304bfce93540e3d063ca4640a87bd55fa9f,13.825633833999746
91,66,8,4,Batch portfolio,0.6625785604617667,20,0.0,0.0,3.552713678800501e-15,256,IEEE RTS 24-bus,2,3e3d0737d91acb37be515001f911d304bfce93540e3d063ca4640a87bd55fa9f,13.825633833999746
91,67,1,1,Inference portfolio,0.3360858524341381,2,6.997668963828806,0.0,7.105427357601002e-15,256,IEEE RTS 24-bus,2,3e3d0737d91acb37be515001f911d304bfce93540e3d063ca4640a87bd55fa9f,13.825633833999746
91,67,2,1,Batch portfolio,0.6639141475658619,2,13.823406702243714,0.0,7.105427357601002e-15,256,IEEE RTS 24-bus,2,3e3d0737d91acb37be515001f911d304bfce93540e3d063ca4640a87bd55fa9f,13.825633833999746
91,67,3,2,Inference portfolio,0.30397103703587725,7,-6.329003962419848,0.0,7.105427357601002e-15,256,IEEE RTS 24-bus,2,3e3d0737d91acb37be515001f911d304bfce93540e3d063ca4640a87bd55fa9f,13.825633833999746
91,67,4,2,Batch portfolio,0.6960289629641228,7,-14.492071703652666,0.0,7.105427357601002e-15,256,IEEE RTS 24-bus,2,3e3d0737d91acb37be515001f911d304bfce93540e3d063ca4640a87bd55fa9f,13.825633833999746
91,67,5,3,Inference portfolio,0.3194660181587846,14,0.0,0.0,7.105427357601002e-15,256,IEEE RTS 24-bus,2,3e3d0737d91acb37be515001f911d304bfce93540e3d063ca4640a87bd55fa9f,13.825633833999746
91,67,6,3,Batch portfolio,0.6805339818412154,14,0.0,0.0,7.105427357601002e-15,256,IEEE RTS 24-bus,2,3e3d0737d91acb37be515001f911d304bfce93540e3d063ca4640a87bd55fa9f,13.825633833999746
91,67,7,4,Inference portfolio,0.3374214395382333,20,0.0,0.0,7.105427357601002e-15,256,IEEE RTS 24-bus,2,3e3d0737d91acb37be515001f911d304bfce93540e3d063ca4640a87bd55fa9f,13.825633833999746
91,67,8,4,Batch portfolio,0.6625785604617667,20,0.0,0.0,7.105427357601002e-15,256,IEEE RTS 24-bus,2,3e3d0737d91acb37be515001f911d304bfce93540e3d063ca4640a87bd55fa9f,13.825633833999746
91,68,1,1,Inference portfolio,0.3360858524341381,2,6.384948688013077,0.0,1.0658141036401503e-14,256,IEEE RTS 24-bus,2,3e3d0737d91acb37be515001f911d304bfce93540e3d063ca4640a87bd55fa9f,13.825633833999746
91,68,2,1,Batch portfolio,0.6639141475658619,2,12.613020556360896,0.0,1.0658141036401503e-14,256,IEEE RTS 24-bus,2,3e3d0737d91acb37be515001f911d304bfce93540e3d063ca4640a87bd55fa9f,13.825633833999746
91,68,3,2,Inference portfolio,0.30397103703587725,7,-5.774832412788929,0.0,1.0658141036401503e-14,256,IEEE RTS 24-bus,2,3e3d0737d91acb37be515001f911d304bfce93540e3d063ca4640a87bd55fa9f,13.825633833999746
91,68,4,2,Batch portfolio,0.6960289629641228,7,-13.223136831585034,0.0,1.0658141036401503e-14,256,IEEE RTS 24-bus,2,3e3d0737d91acb37be515001f911d304bfce93540e3d063ca4640a87bd55fa9f,13.825633833999746
91,68,5,3,Inference portfolio,0.3194660181587846,14,0.0,0.0,1.0658141036401503e-14,256,IEEE RTS 24-bus,2,3e3d0737d91acb37be515001f911d304bfce93540e3d063ca4640a87bd55fa9f,13.825633833999746
91,68,6,3,Batch portfolio,0.6805339818412154,14,0.0,0.0,1.0658141036401503e-14,256,IEEE RTS 24-bus,2,3e3d0737d91acb37be515001f911d304bfce93540e3d063ca4640a87bd55fa9f,13.825633833999746
91,68,7,4,Inference portfolio,0.3374214395382333,20,0.0,0.0,1.0658141036401503e-14,256,IEEE RTS 24-bus,2,3e3d0737d91acb37be515001f911d304bfce93540e3d063ca4640a87bd55fa9f,13.825633833999746
91,68,8,4,Batch portfolio,0.6625785604617667,20,0.0,0.0,1.0658141036401503e-14,256,IEEE RTS 24-bus,2,3e3d0737d91acb37be515001f911d304bfce93540e3d063ca4640a87bd55fa9f,13.825633833999746
91,69,1,1,Inference portfolio,0.3360858524341381,2,5.492907924168623,0.0,-7.105427357601002e-15,256,IEEE RTS 24-bus,2,3e3d0737d91acb37be515001f911d304bfce93540e3d063ca4640a87bd55fa9f,13.825633833999746
91,69,2,1,Batch portfolio,0.6639141475658619,2,10.850856278892623,0.0,-7.105427357601002e-15,256,IEEE RTS 24-bus,2,3e3d0737d91acb37be515001f911d304bfce93540e3d063ca4640a87bd55fa9f,13.825633833999746
91,69,3,2,Inference portfolio,0.30397103703587725,7,-4.968030953874403,0.0,-7.105427357601002e-15,256,IEEE RTS 24-bus,2,3e3d0737d91acb37be515001f911d304bfce93540e3d063ca4640a87bd55fa9f,13.825633833999746
91,69,4,2,Batch portfolio,0.6960289629641228,7,-11.375733249186851,0.0,-7.105427357601002e-15,256,IEEE RTS 24-bus,2,3e3d0737d91acb37be515001f911d304bfce93540e3d063ca4640a87bd55fa9f,13.825633833999746
91,69,5,3,Inference portfolio,0.3194660181587846,14,0.0,0.0,-7.105427357601002e-15,256,IEEE RTS 24-bus,2,3e3d0737d91acb37be515001f911d304bfce93540e3d063ca4640a87bd55fa9f,13.825633833999746
91,69,6,3,Batch portfolio,0.6805339818412154,14,0.0,0.0,-7.105427357601002e-15,256,IEEE RTS 24-bus,2,3e3d0737d91acb37be515001f911d304bfce93540e3d063ca4640a87bd55fa9f,13.825633833999746
91,69,7,4,Inference portfolio,0.3374214395382333,20,0.0,0.0,-7.105427357601002e-15,256,IEEE RTS 24-bus,2,3e3d0737d91acb37be515001f911d304bfce93540e3d063ca4640a87bd55fa9f,13.825633833999746
91,69,8,4,Batch portfolio,0.6625785604617667,20,0.0,0.0,-7.105427357601002e-15,256,IEEE RTS 24-bus,2,3e3d0737d91acb37be515001f911d304bfce93540e3d063ca4640a87bd55fa9f,13.825633833999746
91,70,1,1,Inference portfolio,0.3360858524341381,2,5.628760739354528,0.0,7.105427357601002e-15,256,IEEE RTS 24-bus,2,3e3d0737d91acb37be515001f911d304bfce93540e3d063ca4640a87bd55fa9f,13.825633833999746
91,70,2,1,Batch portfolio,0.6639141475658619,2,11.119224034736666,0.0,7.105427357601002e-15,256,IEEE RTS 24-bus,2,3e3d0737d91acb37be515001f911d304bfce93540e3d063ca4640a87bd55fa9f,13.825633833999746
91,70,3,2,Inference portfolio,0.30397103703587725,7,-5.09090230004161,0.0,7.105427357601002e-15,256,IEEE RTS 24-bus,2,3e3d0737d91acb37be515001f911d304bfce93540e3d063ca4640a87bd55fa9f,13.825633833999746
91,70,4,2,Batch portfolio,0.6960289629641228,7,-11.657082474049576,0.0,7.105427357601002e-15,256,IEEE RTS 24-bus,2,3e3d0737d91acb37be515001f911d304bfce93540e3d063ca4640a87bd55fa9f,13.825633833999746
91,70,5,3,Inference portfolio,0.3194660181587846,14,0.0,0.0,7.105427357601002e-15,256,IEEE RTS 24-bus,2,3e3d0737d91acb37be515001f911d304bfce93540e3d063ca4640a87bd55fa9f,13.825633833999746
91,70,6,3,Batch portfolio,0.6805339818412154,14,0.0,0.0,7.105427357601002e-15,256,IEEE RTS 24-bus,2,3e3d0737d91acb37be515001f911d304bfce93540e3d063ca4640a87bd55fa9f,13.825633833999746
91,70,7,4,Inference portfolio,0.3374214395382333,20,0.0,0.0,7.105427357601002e-15,256,IEEE RTS 24-bus,2,3e3d0737d91acb37be515001f911d304bfce93540e3d063ca4640a87bd55fa9f,13.825633833999746
91,70,8,4,Batch portfolio,0.6625785604617667,20,0.0,0.0,7.105427357601002e-15,256,IEEE RTS 24-bus,2,3e3d0737d91acb37be515001f911d304bfce93540e3d063ca4640a87bd55fa9f,13.825633833999746
91,71,1,1,Inference portfolio,0.3360858524341381,2,6.291009806953905,-1.8189894035458565e-12,1.4210854715202004e-14,256,IEEE RTS 24-bus,2,3e3d0737d91acb37be515001f911d304bfce93540e3d063ca4640a87bd55fa9f,13.825633833999746
91,71,2,1,Batch portfolio,0.6639141475658619,2,12.427450852403743,-1.8189894035458565e-12,1.4210854715202004e-14,256,IEEE RTS 24-bus,2,3e3d0737d91acb37be515001f911d304bfce93540e3d063ca4640a87bd55fa9f,13.825633833999746
91,71,3,2,Inference portfolio,0.30397103703587725,7,-5.689869898341078,-1.8189894035458565e-12,1.4210854715202004e-14,256,IEEE RTS 24-bus,2,3e3d0737d91acb37be515001f911d304bfce93540e3d063ca4640a87bd55fa9f,13.825633833999746
91,71,4,2,Batch portfolio,0.6960289629641228,7,-13.028590761018371,-1.8189894035458565e-12,1.4210854715202004e-14,256,IEEE RTS 24-bus,2,3e3d0737d91acb37be515001f911d304bfce93540e3d063ca4640a87bd55fa9f,13.825633833999746
91,71,5,3,Inference portfolio,0.3194660181587846,14,0.0,-1.8189894035458565e-12,1.4210854715202004e-14,256,IEEE RTS 24-bus,2,3e3d0737d91acb37be515001f911d304bfce93540e3d063ca4640a87bd55fa9f,13.825633833999746
91,71,6,3,Batch portfolio,0.6805339818412154,14,0.0,-1.8189894035458565e-12,1.4210854715202004e-14,256,IEEE RTS 24-bus,2,3e3d0737d91acb37be515001f911d304bfce93540e3d063ca4640a87bd55fa9f,13.825633833999746
91,71,7,4,Inference portfolio,0.3374214395382333,20,0.0,-1.8189894035458565e-12,1.4210854715202004e-14,256,IEEE RTS 24-bus,2,3e3d0737d91acb37be515001f911d304bfce93540e3d063ca4640a87bd55fa9f,13.825633833999746
91,71,8,4,Batch portfolio,0.6625785604617667,20,0.0,-1.8189894035458565e-12,1.4210854715202004e-14,256,IEEE RTS 24-bus,2,3e3d0737d91acb37be515001f911d304bfce93540e3d063ca4640a87bd55fa9f,13.825633833999746
92,64,1,1,Inference portfolio,0.3360858524341381,2,0.8623071584620436,0.0,-4.440892098500626e-15,256,IEEE RTS 24-bus,2,3e3d0737d91acb37be515001f911d304bfce93540e3d063ca4640a87bd55fa9f,14.58440192800117
92,64,2,1,Batch portfolio,0.6639141475658619,2,1.7034276150102394,0.0,-4.440892098500626e-15,256,IEEE RTS 24-bus,2,3e3d0737d91acb37be515001f911d304bfce93540e3d063ca4640a87bd55fa9f,14.58440192800117
92,64,3,2,Inference portfolio,0.30397103703587725,7,-0.7799090598511305,0.0,-4.440892098500626e-15,256,IEEE RTS 24-bus,2,3e3d0737d91acb37be515001f911d304bfce93540e3d063ca4640a87bd55fa9f,14.58440192800117
92,64,4,2,Batch portfolio,0.6960289629641228,7,-1.785825713621157,0.0,-4.440892098500626e-15,256,IEEE RTS 24-bus,2,3e3d0737d91acb37be515001f911d304bfce93540e3d063ca4640a87bd55fa9f,14.58440192800117
92,64,5,3,Inference portfolio,0.3194660181587846,14,0.0,0.0,-4.440892098500626e-15,256,IEEE RTS 24-bus,2,3e3d0737d91acb37be515001f911d304bfce93540e3d063ca4640a87bd55fa9f,14.58440192800117
92,64,6,3,Batch portfolio,0.6805339818412154,14,0.0,0.0,-4.440892098500626e-15,256,IEEE RTS 24-bus,2,3e3d0737d91acb37be515001f911d304bfce93540e3d063ca4640a87bd55fa9f,14.58440192800117
92,64,7,4,Inference portfolio,0.3374214395382333,20,0.0,0.0,-4.440892098500626e-15,256,IEEE RTS 24-bus,2,3e3d0737d91acb37be515001f911d304bfce93540e3d063ca4640a87bd55fa9f,14.58440192800117
92,64,8,4,Batch portfolio,0.6625785604617667,20,0.0,0.0,-4.440892098500626e-15,256,IEEE RTS 24-bus,2,3e3d0737d91acb37be515001f911d304bfce93540e3d063ca4640a87bd55fa9f,14.58440192800117
92,65,1,1,Inference portfolio,0.3360858524341381,2,0.7730071689003732,0.0,8.881784197001252e-16,256,IEEE RTS 24-bus,2,3e3d0737d91acb37be515001f911d304bfce93540e3d063ca4640a87bd55fa9f,14.58440192800117
92,65,2,1,Batch portfolio,0.6639141475658619,2,1.527021717475236,0.0,8.881784197001252e-16,256,IEEE RTS 24-bus,2,3e3d0737d91acb37be515001f911d304bfce93540e3d063ca4640a87bd55fa9f,14.58440192800117
92,65,3,2,Inference portfolio,0.30397103703587725,7,-0.6991421658044605,0.0,8.881784197001252e-16,256,IEEE RTS 24-bus,2,3e3d0737d91acb37be515001f911d304bfce93540e3d063ca4640a87bd55fa9f,14.58440192800117
92,65,4,2,Batch portfolio,0.6960289629641228,7,-1.6008867205711483,0.0,8.881784197001252e-16,256,IEEE RTS 24-bus,2,3e3d0737d91acb37be515001f911d304bfce93540e3d063ca4640a87bd55fa9f,14.58440192800117
92,65,5,3,Inference portfolio,0.3194660181587846,14,0.0,0.0,8.881784197001252e-16,256,IEEE RTS 24-bus,2,3e3d0737d91acb37be515001f911d304bfce93540e3d063ca4640a87bd55fa9f,14.58440192800117
92,65,6,3,Batch portfolio,0.6805339818412154,14,0.0,0.0,8.881784197001252e-16,256,IEEE RTS 24-bus,2,3e3d0737d91acb37be515001f911d304bfce93540e3d063ca4640a87bd55fa9f,14.58440192800117
92,65,7,4,Inference portfolio,0.3374214395382333,20,0.0,0.0,8.881784197001252e-16,256,IEEE RTS 24-bus,2,3e3d0737d91acb37be515001f911d304bfce93540e3d063ca4640a87bd55fa9f,14.58440192800117
92,65,8,4,Batch portfolio,0.6625785604617667,20,0.0,0.0,8.881784197001252e-16,256,IEEE RTS 24-bus,2,3e3d0737d91acb37be515001f911d304bfce93540e3d063ca4640a87bd55fa9f,14.58440192800117
92,66,1,1,Inference portfolio,0.3360858524341381,2,0.2728831285958222,1.8189894035458565e-12,1.1102230246251565e-16,256,IEEE RTS 24-bus,2,3e3d0737d91acb37be515001f911d304bfce93540e3d063ca4640a87bd55fa9f,14.58440192800117
92,66,2,1,Batch portfolio,0.6639141475658619,2,0.5390615772575992,1.8189894035458565e-12,1.1102230246251565e-16,256,IEEE RTS 24-bus,2,3e3d0737d91acb37be515001f911d304bfce93540e3d063ca4640a87bd55fa9f,14.58440192800117
92,66,3,2,Inference portfolio,0.30397103703587725,7,-0.24680767425312902,1.8189894035458565e-12,1.1102230246251565e-16,256,IEEE RTS 24-bus,2,3e3d0737d91acb37be515001f911d304bfce93540e3d063ca4640a87bd55fa9f,14.58440192800117
92,66,4,2,Batch portfolio,0.6960289629641228,7,-0.5651370315984733,1.8189894035458565e-12,1.1102230246251565e-16,256,IEEE RTS 24-bus,2,3e3d0737d91acb37be515001f911d304bfce93540e3d063ca4640a87bd55fa9f,14.58440192800117
92,66,5,3,Inference portfolio,0.3194660181587846,14,0.0,1.8189894035458565e-12,1.1102230246251565e-16,256,IEEE RTS 24-bus,2,3e3d0737d91acb37be515001f911d304bfce93540e3d063ca4640a87bd55fa9f,14.58440192800117
92,66,6,3,Batch portfolio,0.6805339818412154,14,0.0,1.8189894035458565e-12,1.1102230246251565e-16,256,IEEE RTS 24-bus,2,3e3d0737d91acb37be515001f911d304bfce93540e3d063ca4640a87bd55fa9f,14.58440192800117
92,66,7,4,Inference portfolio,0.3374214395382333,20,0.0,1.8189894035458565e-12,1.1102230246251565e-16,256,IEEE RTS 24-bus,2,3e3d0737d91acb37be515001f911d304bfce93540e3d063ca4640a87bd55fa9f,14.58440192800117
92,66,8,4,Batch portfolio,0.6625785604617667,20,0.0,1.8189894035458565e-12,1.1102230246251565e-16,256,IEEE RTS 24-bus,2,3e3d0737d91acb37be515001f911d304bfce93540e3d063ca4640a87bd55fa9f,14.58440192800117
92,67,1,1,Inference portfolio,0.3360858524341381,2,0.553659935281607,1.8189894035458565e-12,3.3306690738754696e-15,256,IEEE RTS 24-bus,2,3e3d0737d91acb37be515001f911d304bfce93540e3d063ca4640a87bd55fa9f,14.58440192800117
92,67,2,1,Batch portfolio,0.6639141475658619,2,1.0937165647154272,1.8189894035458565e-12,3.3306690738754696e-15,256,IEEE RTS 24-bus,2,3e3d0737d91acb37be515001f911d304bfce93540e3d063ca4640a87bd55fa9f,14.58440192800117
92,67,3,2,Inference portfolio,0.30397103703587725,7,-0.5007547430912682,1.8189894035458565e-12,3.3306690738754696e-15,256,IEEE RTS 24-bus,2,3e3d0737d91acb37be515001f911d304bfce93540e3d063ca4640a87bd55fa9f,14.58440192800117
92,67,4,2,Batch portfolio,0.6960289629641228,7,-1.1466217569039436,1.8189894035458565e-12,3.3306690738754696e-15,256,IEEE RTS 24-bus,2,3e3d0737d91acb37be515001f911d304bfce93540e3d063ca4640a87bd55fa9f,14.58440192800117
92,67,5,3,Inference portfolio,0.3194660181587846,14,0.0,1.8189894035458565e-12,3.3306690738754696e-15,256,IEEE RTS 24-bus,2,3e3d0737d91acb37be515001f911d304bfce93540e3d063ca4640a87bd55fa9f,14.58440192800117
92,67,6,3,Batch portfolio,0.6805339818412154,14,0.0,1.8189894035458565e-12,3.3306690738754696e-15,256,IEEE RTS 24-bus,2,3e3d0737d91acb37be515001f911d304bfce93540e3d063ca4640a87bd55fa9f,14.58440192800117
92,67,7,4,Inference portfolio,0.3374214395382333,20,0.0,1.8189894035458565e-12,3.3306690738754696e-15,256,IEEE RTS 24-bus,2,3e3d0737d91acb37be515001f911d304bfce93540e3d063ca4640a87bd55fa9f,14.58440192800117
92,67,8,4,Batch portfolio,0.6625785604617667,20,0.0,1.8189894035458565e-12,3.3306690738754696e-15,256,IEEE RTS 24-bus,2,3e3d0737d91acb37be515001f911d304bfce93540e3d063ca4640a87bd55fa9f,14.58440192800117
92,68,1,1,Inference portfolio,0.3360858524341381,2,0.5337713943960496,0.0,-2.886579864025407e-15,256,IEEE RTS 24-bus,2,3e3d0737d91acb37be515001f911d304bfce93540e3d063ca4640a87bd55fa9f,14.58440192800117
92,68,2,1,Batch portfolio,0.6639141475658619,2,1.0544281401283415,0.0,-2.886579864025407e-15,256,IEEE RTS 24-bus,2,3e3d0737d91acb37be515001f911d304bfce93540e3d063ca4640a87bd55fa9f,14.58440192800117
92,68,3,2,Inference portfolio,0.30397103703587725,7,-0.4827666595289592,0.0,-2.886579864025407e-15,256,IEEE RTS 24-bus,2,3e3d0737d91acb37be515001f911d304bfce93540e3d063ca4640a87bd55fa9f,14.58440192800117
92,68,4,2,Batch portfolio,0.6960289629641228,7,-1.1054328749954347,0.0,-2.886579864025407e-15,256,IEEE RTS 24-bus,2,3e3d0737d91acb37be515001f911d304bfce93540e3d063ca4640a87bd55fa9f,14.58440192800117
92,68,5,3,Inference portfolio,0.3194660181587846,14,0.0,0.0,-2.886579864025407e-15,256,IEEE RTS 24-bus,2,3e3d0737d91acb37be515001f911d304bfce93540e3d063ca4640a87bd55fa9f,14.58440192800117
92,68,6,3,Batch portfolio,0.6805339818412154,14,0.0,0.0,-2.886579864025407e-15,256,IEEE RTS 24-bus,2,3e3d0737d91acb37be515001f911d304bfce93540e3d063ca4640a87bd55fa9f,14.58440192800117
92,68,7,4,Inference portfolio,0.3374214395382333,20,0.0,0.0,-2.886579864025407e-15,256,IEEE RTS 24-bus,2,3e3d0737d91acb37be515001f911d304bfce93540e3d063ca4640a87bd55fa9f,14.58440192800117
92,68,8,4,Batch portfolio,0.6625785604617667,20,0.0,0.0,-2.886579864025407e-15,256,IEEE RTS 24-bus,2,3e3d0737d91acb37be515001f911d304bfce93540e3d063ca4640a87bd55fa9f,14.58440192800117
92,69,1,1,Inference portfolio,0.3360858524341381,2,5.819636475090575,-15.418477109975356,-5.329070518200751e-15,256,IEEE RTS 24-bus,2,3e3d0737d91acb37be515001f911d304bfce93540e3d063ca4640a87bd55fa9f,14.58440192800117
92,69,2,1,Batch portfolio,0.6639141475658619,2,11.496683467594696,-15.418477109975356,-5.329070518200751e-15,256,IEEE RTS 24-bus,2,3e3d0737d91acb37be515001f911d304bfce93540e3d063ca4640a87bd55fa9f,14.58440192800117
92,69,3,2,Inference portfolio,0.30397103703587725,7,-7.609608970354366,-15.418477109975356,-5.329070518200751e-15,256,IEEE RTS 24-bus,2,3e3d0737d91acb37be515001f911d304bfce93540e3d063ca4640a87bd55fa9f,14.58440192800117
92,69,4,2,Batch portfolio,0.6960289629641228,7,-17.428180508155002,-15.418477109975356,-5.329070518200751e-15,256,IEEE RTS 24-bus,2,3e3d0737d91acb37be515001f911d304bfce93540e3d063ca4640a87bd55fa9f,14.58440192800117
92,69,5,3,Inference portfolio,0.3194660181587846,14,-0.9818820056847516,-15.418477109975356,-5.329070518200751e-15,256,IEEE RTS 24-bus,2,3e3d0737d91acb37be515001f911d304bfce93540e3d063ca4640a87bd55fa9f,14.58440192800117
92,69,6,3,Batch portfolio,0.6805339818412154,14,-2.0916382699335125,-15.418477109975356,-5.329070518200751e-15,256,IEEE RTS 24-bus,2,3e3d0737d91acb37be515001f911d304bfce93540e3d063ca4640a87bd55fa9f,14.58440192800117
92,69,7,4,Inference portfolio,0.3374214395382333,20,-1.5599804855988817,-15.418477109975356,-5.329070518200751e-15,256,IEEE RTS 24-bus,2,3e3d0737d91acb37be515001f911d304bfce93540e3d063ca4640a87bd55fa9f,14.58440192800117
92,69,8,4,Batch portfolio,0.6625785604617667,20,-3.0635068129341203,-15.418477109975356,-5.329070518200751e-15,256,IEEE RTS 24-bus,2,3e3d0737d91acb37be515001f911d304bfce93540e3d063ca4640a87bd55fa9f,14.58440192800117
92,70,1,1,Inference portfolio,0.3360858524341381,2,0.4113532358661102,15.265079057800904,3.552713678800501e-15,256,IEEE RTS 24-bus,2,3e3d0737d91acb37be515001f911d304bfce93540e3d063ca4640a87bd55fa9f,14.58440192800117
92,70,2,1,Batch portfolio,0.6639141475658619,2,0.812599610965065,15.265079057800904,3.552713678800501e-15,256,IEEE RTS 24-bus,2,3e3d0737d91acb37be515001f911d304bfce93540e3d063ca4640a87bd55fa9f,14.58440192800117
92,70,3,2,Inference portfolio,0.30397103703587725,7,1.9505334532593497,15.265079057800904,3.552713678800501e-15,256,IEEE RTS 24-bus,2,3e3d0737d91acb37be515001f911d304bfce93540e3d063ca4640a87bd55fa9f,14.58440192800117
92,70,4,2,Batch portfolio,0.6960289629641228,7,4.466306362400623,15.265079057800904,3.552713678800501e-15,256,IEEE RTS 24-bus,2,3e3d0737d91acb37be515001f911d304bfce93540e3d063ca4640a87bd55fa9f,14.58440192800117
92,70,5,3,Inference portfolio,0.3194660181587846,14,0.9726294960283718,15.265079057800904,3.552713678800501e-15,256,IEEE RTS 24-bus,2,3e3d0737d91acb37be515001f911d304bfce93540e3d063ca4640a87bd55fa9f,14.58440192800117
92,70,6,3,Batch portfolio,0.6805339818412154,14,2.0719180950861,15.265079057800904,3.552713678800501e-15,256,IEEE RTS 24-bus,2,3e3d0737d91acb37be515001f911d304bfce93540e3d063ca4640a87bd55fa9f,14.58440192800117
92,70,7,4,Inference portfolio,0.3374214395382333,20,1.5453020600204923,15.265079057800904,3.552713678800501e-15,256,IEEE RTS 24-bus,2,3e3d0737d91acb37be515001f911d304bfce93540e3d063ca4640a87bd55fa9f,14.58440192800117
92,70,8,4,Batch portfolio,0.6625785604617667,20,3.0344367441747964,15.265079057800904,3.552713678800501e-15,256,IEEE RTS 24-bus,2,3e3d0737d91acb37be515001f911d304bfce93540e3d063ca4640a87bd55fa9f,14.58440192800117
92,71,1,1,Inference portfolio,0.3360858524341381,2,0.17097089359443401,0.0,-7.771561172376096e-16,256,IEEE RTS 24-bus,2,3e3d0737d91acb37be515001f911d304bfce93540e3d063ca4640a87bd55fa9f,14.58440192800117
92,71,2,1,Batch portfolio,0.6639141475658619,2,0.3377410690081883,0.0,-7.771561172376096e-16,256,IEEE RTS 24-bus,2,3e3d0737d91acb37be515001f911d304bfce93540e3d063ca4640a87bd55fa9f,14.58440192800117
92,71,3,2,Inference portfolio,0.30397103703587725,7,-0.15463370282456418,0.0,-7.771561172376096e-16,256,IEEE RTS 24-bus,2,3e3d0737d91acb37be515001f911d304bfce93540e3d063ca4640a87bd55fa9f,14.58440192800117
92,71,4,2,Batch portfolio,0.6960289629641228,7,-0.35407825977805885,0.0,-7.771561172376096e-16,256,IEEE RTS 24-bus,2,3e3d0737d91acb37be515001f911d304bfce93540e3d063ca4640a87bd55fa9f,14.58440192800117
92,71,5,3,Inference portfolio,0.3194660181587846,14,0.0,0.0,-7.771561172376096e-16,256,IEEE RTS 24-bus,2,3e3d0737d91acb37be515001f911d304bfce93540e3d063ca4640a87bd55fa9f,14.58440192800117
92,71,6,3,Batch portfolio,0.6805339818412154,14,0.0,0.0,-7.771561172376096e-16,256,IEEE RTS 24-bus,2,3e3d0737d91acb37be515001f911d304bfce93540e3d063ca4640a87bd55fa9f,14.58440192800117
92,71,7,4,Inference portfolio,0.3374214395382333,20,0.0,0.0,-7.771561172376096e-16,256,IEEE RTS 24-bus,2,3e3d0737d91acb37be515001f911d304bfce93540e3d063ca4640a87bd55fa9f,14.58440192800117
92,71,8,4,Batch portfolio,0.6625785604617667,20,0.0,0.0,-7.771561172376096e-16,256,IEEE RTS 24-bus,2,3e3d0737d91acb37be515001f911d304bfce93540e3d063ca4640a87bd55fa9f,14.58440192800117
93,64,1,1,Inference portfolio,0.3360858524341381,2,0.21700999932484855,0.0,-9.992007221626409e-16,256,IEEE RTS 24-bus,2,3e3d0737d91acb37be515001f911d304bfce93540e3d063ca4640a87bd55fa9f,13.499080730998685
93,64,2,1,Batch portfolio,0.6639141475658619,2,0.4286881095149509,0.0,-9.992007221626409e-16,256,IEEE RTS 24-bus,2,3e3d0737d91acb37be515001f911d304bfce93540e3d063ca4640a87bd55fa9f,13.499080730998685
93,64,3,2,Inference portfolio,0.30397103703587725,7,-0.1962735237563419,0.0,-9.992007221626409e-16,256,IEEE RTS 24-bus,2,3e3d0737d91acb37be515001f911d304bfce93540e3d063ca4640a87bd55fa9f,13.499080730998685
93,64,4,2,Batch portfolio,0.6960289629641228,7,-0.44942458508345856,0.0,-9.992007221626409e-16,256,IEEE RTS 24-bus,2,3e3d0737d91acb37be515001f911d304bfce93540e3d063ca4640a87bd55fa9f,13.499080730998685
93,64,5,3,Inference portfolio,0.3194660181587846,14,0.0,0.0,-9.992007221626409e-16,256,IEEE RTS 24-bus,2,3e3d0737d91acb37be515001f911d304bfce93540e3d063ca4640a87bd55fa9f,13.499080730998685
93,64,6,3,Batch portfolio,0.6805339818412154,14,0.0,0.0,-9.992007221626409e-16,256,IEEE RTS 24-bus,2,3e3d0737d91acb37be515001f911d304bfce93540e3d063ca4640a87bd55fa9f,13.499080730998685
93,64,7,4,Inference portfolio,0.3374214395382333,20,0.0,0.0,-9.992007221626409e-16,256,IEEE RTS 24-bus,2,3e3d0737d91acb37be515001f911d304bfce93540e3d063ca4640a87bd55fa9f,13.499080730998685
93,64,8,4,Batch portfolio,0.6625785604617667,20,0.0,0.0,-9.992007221626409e-16,256,IEEE RTS 24-bus,2,3e3d0737d91acb37be515001f911d304bfce93540e3d063ca4640a87bd55fa9f,13.499080730998685
93,65,1,1,Inference portfolio,0.3360858524341381,2,0.5107518415332675,0.0,8.881784197001252e-16,256,IEEE RTS 24-bus,2,3e3d0737d91acb37be515001f911d304bfce93540e3d063ca4640a87bd55fa9f,13.499080730998685
93,65,2,1,Batch portfolio,0.6639141475658619,2,1.0089546198740513,0.0,8.881784197001252e-16,256,IEEE RTS 24-bus,2,3e3d0737d91acb37be515001f911d304bfce93540e3d063ca4640a87bd55fa9f,13.499080730998685
93,65,3,2,Inference portfolio,0.30397103703587725,7,-0.46194674906397787,0.0,8.881784197001252e-16,256,IEEE RTS 24-bus,2,3e3d0737d91acb37be515001f911d304bfce93540e3d063ca4640a87bd55fa9f,13.499080730998685
93,65,4,2,Batch portfolio,0.6960289629641228,7,-1.05775971234334,0.0,8.881784197001252e-16,256,IEEE RTS 24-bus,2,3e3d0737d91acb37be515001f911d304bfce93540e3d063ca4640a87bd55fa9f,13.499080730998685
93,65,5,3,Inference portfolio,0.3194660181587846,14,0.0,0.0,8.881784197001252e-16,256,IEEE RTS 24-bus,2,3e3d0737d91acb37be515001f911d304bfce93540e3d063ca4640a87bd55fa9f,13.499080730998685
93,65,6,3,Batch portfolio,0.6805339818412154,14,0.0,0.0,8.881784197001252e-16,256,IEEE RTS 24-bus,2,3e3d0737d91acb37be515001f911d304bfce93540e3d063ca4640a87bd55fa9f,13.499080730998685
93,65,7,4,Inference portfolio,0.3374214395382333,20,0.0,0.0,8.881784197001252e-16,256,IEEE RTS 24-bus,2,3e3d0737d91acb37be515001f911d304bfce93540e3d063ca4640a87bd55fa9f,13.499080730998685
93,65,8,4,Batch portfolio,0.6625785604617667,20,0.0,0.0,8.881784197001252e-16,256,IEEE RTS 24-bus,2,3e3d0737d91acb37be515001f911d304bfce93540e3d063ca4640a87bd55fa9f,13.499080730998685
93,66,1,1,Inference portfolio,0.3360858524341381,2,0.06059169662148635,1.8189894035458565e-12,0.0,256,IEEE RTS 24-bus,2,3e3d0737d91acb37be515001f911d304bfce93540e3d063ca4640a87bd55fa9f,13.499080730998685
93,66,2,1,Batch portfolio,0.6639141475658619,2,0.11969466825424505,1.8189894035458565e-12,0.0,256,IEEE RTS 24-bus,2,3e3d0737d91acb37be515001f911d304bfce93540e3d063ca4640a87bd55fa9f,13.499080730998685
93,66,3,2,Inference portfolio,0.30397103703587725,7,-0.05480183329382278,1.8189894035458565e-12,0.0,256,IEEE RTS 24-bus,2,3e3d0737d91acb37be515001f911d304bfce93540e3d063ca4640a87bd55fa9f,13.499080730998685
93,66,4,2,Batch portfolio,0.6960289629641228,7,-0.12548453158008965,1.8189894035458565e-12,0.0,256,IEEE RTS 24-bus,2,3e3d0737d91acb37be515001f911d304bfce93540e3d063ca4640a87bd55fa9f,13.499080730998685
93,66,5,3,Inference portfolio,0.3194660181587846,14,0.0,1.8189894035458565e-12,0.0,256,IEEE RTS 24-bus,2,3e3d0737d91acb37be515001f911d304bfce93540e3d063ca4640a87bd55fa9f,13.499080730998685
93,66,6,3,Batch portfolio,0.6805339818412154,14,0.0,1.8189894035458565e-12,0.0,256,IEEE RTS 24-bus,2,3e3d0737d91acb37be515001f911d304bfce93540e3d063ca4640a87bd55fa9f,13.499080730998685
93,66,7,4,Inference portfolio,0.3374214395382333,20,0.0,1.8189894035458565e-12,0.0,256,IEEE RTS 24-bus,2,3e3d0737d91acb37be515001f911d304bfce93540e3d063ca4640a87bd55fa9f,13.499080730998685
93,66,8,4,Batch portfolio,0.6625785604617667,20,0.0,1.8189894035458565e-12,0.0,256,IEEE RTS 24-bus,2,3e3d0737d91acb37be515001f911d304bfce93540e3d063ca4640a87bd55fa9f,13.499080730998685
93,67,1,1,Inference portfolio,0.3360858524341381,2,0.17705652251364296,1.8189894035458565e-12,2.220446049250313e-16,256,IEEE RTS 24-bus,2,3e3d0737d91acb37be515001f911d304bfce93540e3d063ca4640a87bd55fa9f,13.499080730998685
93,67,2,1,Batch portfolio,0.6639141475658619,2,0.34976280424810624,1.8189894035458565e-12,2.220446049250313e-16,256,IEEE RTS 24-bus,2,3e3d0737d91acb37be515001f911d304bfce93540e3d063ca4640a87bd55fa9f,13.499080730998685
93,67,3,2,Inference portfolio,0.30397103703587725,7,-0.1601378170862519,1.8189894035458565e-12,2.220446049250313e-16,256,IEEE RTS 24-bus,2,3e3d0737d91acb37be515001f911d304bfce93540e3d063ca4640a87bd55fa9f,13.499080730998685
93,67,4,2,Batch portfolio,0.6960289629641228,7,-0.36668150967367796,1.8189894035458565e-12,2.220446049250313e-16,256,IEEE RTS 24-bus,2,3e3d0737d91acb37be515001f911d304bfce93540e3d063ca4640a87bd55fa9f,13.499080730998685
93,67,5,3,Inference portfolio,0.3194660181587846,14,0.0,1.8189894035458565e-12,2.220446049250313e-16,256,IEEE RTS 24-bus,2,3e3d0737d91acb37be515001f911d304bfce93540e3d063ca4640a87bd55fa9f,13.499080730998685
93,67,6,3,Batch portfolio,0.6805339818412154,14,0.0,1.8189894035458565e-12,2.220446049250313e-16,256,IEEE RTS 24-bus,2,3e3d0737d91acb37be515001f911d304bfce93540e3d063ca4640a87bd55fa9f,13.499080730998685
93,67,7,4,Inference portfolio,0.3374214395382333,20,0.0,1.8189894035458565e-12,2.220446049250313e-16,256,IEEE RTS 24-bus,2,3e3d0737d91acb37be515001f911d304bfce93540e3d063ca4640a87bd55fa9f,13.499080730998685
93,67,8,4,Batch portfolio,0.6625785604617667,20,0.0,1.8189894035458565e-12,2.220446049250313e-16,256,IEEE RTS 24-bus,2,3e3d0737d91acb37be515001f911d304bfce93540e3d063ca4640a87bd55fa9f,13.499080730998685
93,68,1,1,Inference portfolio,0.3360858524341381,2,0.08466961973211559,0.0,-5.551115123125783e-17,256,IEEE RTS 24-bus,2,3e3d0737d91acb37be515001f911d304bfce93540e3d063ca4640a87bd55fa9f,13.499080730998685
93,68,2,1,Batch portfolio,0.6639141475658619,2,0.16725892507035184,0.0,-5.551115123125783e-17,256,IEEE RTS 24-bus,2,3e3d0737d91acb37be515001f911d304bfce93540e3d063ca4640a87bd55fa9f,13.499080730998685
93,68,3,2,Inference portfolio,0.30397103703587725,7,-0.07657898102282455,0.0,-5.551115123125783e-17,256,IEEE RTS 24-bus,2,3e3d0737d91acb37be515001f911d304bfce93540e3d063ca4640a87bd55fa9f,13.499080730998685
93,68,4,2,Batch portfolio,0.6960289629641228,7,-0.1753495637796429,0.0,-5.551115123125783e-17,256,IEEE RTS 24-bus,2,3e3d0737d91acb37be515001f911d304bfce93540e3d063ca4640a87bd55fa9f,13.499080730998685
93,68,5,3,Inference portfolio,0.3194660181587846,14,0.0,0.0,-5.551115123125783e-17,256,IEEE RTS 24-bus,2,3e3d0737d91acb37be515001f911d304bfce93540e3d063ca4640a87bd55fa9f,13.499080730998685
93,68,6,3,Batch portfolio,0.6805339818412154,14,0.0,0.0,-5.551115123125783e-17,256,IEEE RTS 24-bus,2,3e3d0737d91acb37be515001f911d304bfce93540e3d063ca4640a87bd55fa9f,13.499080730998685
93,68,7,4,Inference portfolio,0.3374214395382333,20,0.0,0.0,-5.551115123125783e-17,256,IEEE RTS 24-bus,2,3e3d0737d91acb37be515001f911d304bfce93540e3d063ca4640a87bd55fa9f,13.499080730998685
93,68,8,4,Batch portfolio,0.6625785604617667,20,0.0,0.0,-5.551115123125783e-17,256,IEEE RTS 24-bus,2,3e3d0737d91acb37be515001f911d304bfce93540e3d063ca4640a87bd55fa9f,13.499080730998685
93,69,1,1,Inference portfolio,0.3360858524341381,2,2.1237647326683433,-2.115207918932356,-3.552713678800501e-15,256,IEEE RTS 24-bus,2,3e3d0737d91acb37be515001f911d304bfce93540e3d063ca4640a87bd55fa9f,13.499080730998685
93,69,2,1,Batch portfolio,0.6639141475658619,2,4.195349021412852,-2.115207918932356,-3.552713678800501e-15,256,IEEE RTS 24-bus,2,3e3d0737d91acb37be515001f911d304bfce93540e3d063ca4640a87bd55fa9f,13.499080730998685
93,69,3,2,Inference portfolio,0.30397103703587725,7,-1.9208275609764571,-2.115207918932356,-3.552713678800501e-15,256,IEEE RTS 24-bus,2,3e3d0737d91acb37be515001f911d304bfce93540e3d063ca4640a87bd55fa9f,13.499080730998685
93,69,4,2,Batch portfolio,0.6960289629641228,7,-4.398286193105772,-2.115207918932356,-3.552713678800501e-15,256,IEEE RTS 24-bus,2,3e3d0737d91acb37be515001f911d304bfce93540e3d063ca4640a87bd55fa9f,13.499080730998685
93,69,5,3,Inference portfolio,0.3194660181587846,14,-0.6757370514388634,-2.115207918932356,-3.552713678800501e-15,256,IEEE RTS 24-bus,2,3e3d0737d91acb37be515001f911d304bfce93540e3d063ca4640a87bd55fa9f,13.499080730998685
93,69,6,3,Batch portfolio,0.6805339818412154,14,-1.439470867492462,-2.115207918932356,-3.552713678800501e-15,256,IEEE RTS 24-bus,2,3e3d0737d91acb37be515001f911d304bfce93540e3d063ca4640a87bd55fa9f,13.499080730998685
93,69,7,4,Inference portfolio,0.3374214395382333,20,0.0,-2.115207918932356,-3.552713678800501e-15,256,IEEE RTS 24-bus,2,3e3d0737d91acb37be515001f911d304bfce93540e3d063ca4640a87bd55fa9f,13.499080730998685
93,69,8,4,Batch portfolio,0.6625785604617667,20,0.0,-2.115207918932356,-3.552713678800501e-15,256,IEEE RTS 24-bus,2,3e3d0737d91acb37be515001f911d304bfce93540e3d063ca4640a87bd55fa9f,13.499080730998685
93,70,1,1,Inference portfolio,0.3360858524341381,2,1.8331039267772768,-3.547648918833147,-5.773159728050814e-15,256,IEEE RTS 24-bus,2,3e3d0737d91acb37be515001f911d304bfce93540e3d063ca4640a87bd55fa9f,13.499080730998685
93,70,2,1,Batch portfolio,0.6639141475658619,2,3.6231700583346864,-3.547648918833147,-5.773159728050814e-15,256,IEEE RTS 24-bus,2,3e3d0737d91acb37be515001f911d304bfce93540e3d063ca4640a87bd55fa9f,13.499080730998685
93,70,3,2,Inference portfolio,0.30397103703587725,7,-2.360824215440126,-3.547648918833147,-5.773159728050814e-15,256,IEEE RTS 24-bus,2,3e3d0737d91acb37be515001f911d304bfce93540e3d063ca4640a87bd55fa9f,13.499080730998685
93,70,4,2,Batch portfolio,0.6960289629641228,7,-5.403914601500809,-3.547648918833147,-5.773159728050814e-15,256,IEEE RTS 24-bus,2,3e3d0737d91acb37be515001f911d304bfce93540e3d063ca4640a87bd55fa9f,13.499080730998685
93,70,5,3,Inference portfolio,0.3194660181587846,14,0.676606668470612,-3.547648918833147,-5.773159728050814e-15,256,IEEE RTS 24-bus,2,3e3d0737d91acb37be515001f911d304bfce93540e3d063ca4640a87bd55fa9f,13.499080730998685
93,70,6,3,Batch portfolio,0.6805339818412154,14,1.441349302086391,-3.547648918833147,-5.773159728050814e-15,256,IEEE RTS 24-bus,2,3e3d0737d91acb37be515001f911d304bfce93540e3d063ca4640a87bd55fa9f,13.499080730998685
93,70,7,4,Inference portfolio,0.3374214395382333,20,-1.1328023125921485,-3.547648918833147,-5.773159728050814e-15,256,IEEE RTS 24-bus,2,3e3d0737d91acb37be515001f911d304bfce93540e3d063ca4640a87bd55fa9f,13.499080730998685
93,70,8,4,Batch portfolio,0.6625785604617667,20,-2.2243377449690356,-3.547648918833147,-5.773159728050814e-15,256,IEEE RTS 24-bus,2,3e3d0737d91acb37be515001f911d304bfce93540e3d063ca4640a87bd55fa9f,13.499080730998685
93,71,1,1,Inference portfolio,0.3360858524341381,2,0.08656586642458317,5.662856837767322,1.7763568394002505e-15,256,IEEE RTS 24-bus,2,3e3d0737d91acb37be515001f911d304bfce93540e3d063ca4640a87bd55fa9f,13.499080730998685
93,71,2,1,Batch portfolio,0.6639141475658619,2,0.17100482807939754,5.662856837767322,1.7763568394002505e-15,256,IEEE RTS 24-bus,2,3e3d0737d91acb37be515001f911d304bfce93540e3d063ca4640a87bd55fa9f,13.499080730998685
93,71,3,2,Inference portfolio,0.30397103703587725,7,0.6238482647728834,5.662856837767322,1.7763568394002505e-15,256,IEEE RTS 24-bus,2,3e3d0737d91acb37be515001f911d304bfce93540e3d063ca4640a87bd55fa9f,13.499080730998685
93,71,4,2,Batch portfolio,0.6960289629641228,7,1.4284797163929106,5.662856837767322,1.7763568394002505e-15,256,IEEE RTS 24-bus,2,3e3d0737d91acb37be515001f911d304bfce93540e3d063ca4640a87bd55fa9f,13.499080730998685
93,71,5,3,Inference portfolio,0.3194660181587846,14,0.0,5.662856837767322,1.7763568394002505e-15,256,IEEE RTS 24-bus,2,3e3d0737d91acb37be515001f911d304bfce93540e3d063ca4640a87bd55fa9f,13.499080730998685
93,71,6,3,Batch portfolio,0.6805339818412154,14,0.0,5.662856837767322,1.7763568394002505e-15,256,IEEE RTS 24-bus,2,3e3d0737d91acb37be515001f911d304bfce93540e3d063ca4640a87bd55fa9f,13.499080730998685
93,71,7,4,Inference portfolio,0.3374214395382333,20,1.131359969766587,5.662856837767322,1.7763568394002505e-15,256,IEEE RTS 24-bus,2,3e3d0737d91acb37be515001f911d304bfce93540e3d063ca4640a87bd55fa9f,13.499080730998685
93,71,8,4,Batch portfolio,0.6625785604617667,20,2.2215981923309616,5.662856837767322,1.7763568394002505e-15,256,IEEE RTS 24-bus,2,3e3d0737d91acb37be515001f911d304bfce93540e3d063ca4640a87bd55fa9f,13.499080730998685
94,64,1,1,Inference portfolio,0.3360858524341381,2,0.08184729907558586,0.0,-3.885780586188048e-16,256,IEEE RTS 24-bus,2,3e3d0737d91acb37be515001f911d304bfce93540e3d063ca4640a87bd55fa9f,14.336901763999776
94,64,2,1,Batch portfolio,0.6639141475658619,2,0.1616836275676783,0.0,-3.885780586188048e-16,256,IEEE RTS 24-bus,2,3e3d0737d91acb37be515001f911d304bfce93540e3d063ca4640a87bd55fa9f,14.336901763999776
94,64,3,2,Inference portfolio,0.30397103703587725,7,-0.07402634832336231,0.0,-3.885780586188048e-16,256,IEEE RTS 24-bus,2,3e3d0737d91acb37be515001f911d304bfce93540e3d063ca4640a87bd55fa9f,14.336901763999776
94,64,4,2,Batch portfolio,0.6960289629641228,7,-0.16950457831990223,0.0,-3.885780586188048e-16,256,IEEE RTS 24-bus,2,3e3d0737d91acb37be515001f911d304bfce93540e3d063ca4640a87bd55fa9f,14.336901763999776
94,64,5,3,Inference portfolio,0.3194660181587846,14,0.0,0.0,-3.885780586188048e-16,256,IEEE RTS 24-bus,2,3e3d0737d91acb37be515001f911d304bfce93540e3d063ca4640a87bd55fa9f,14.336901763999776
94,64,6,3,Batch portfolio,0.6805339818412154,14,0.0,0.0,-3.885780586188048e-16,256,IEEE RTS 24-bus,2,3e3d0737d91acb37be515001f911d304bfce93540e3d063ca4640a87bd55fa9f,14.336901763999776
94,64,7,4,Inference portfolio,0.3374214395382333,20,0.0,0.0,-3.885780586188048e-16,256,IEEE RTS 24-bus,2,3e3d0737d91acb37be515001f911d304bfce93540e3d063ca4640a87bd55fa9f,14.336901763999776
94,64,8,4,Batch portfolio,0.6625785604617667,20,0.0,0.0,-3.885780586188048e-16,256,IEEE RTS 24-bus,2,3e3d0737d91acb37be515001f911d304bfce93540e3d063ca4640a87bd55fa9f,14.336901763999776
94,65,1,1,Inference portfolio,0.3360858524341381,2,0.20333938363880075,0.0,-7.771561172376096e-16,256,IEEE RTS 24-bus,2,3e3d0737d91acb37be515001f911d304bfce93540e3d063ca4640a87bd55fa9f,14.336901763999776
94,65,2,1,Batch portfolio,0.6639141475658619,2,0.4016827622381239,0.0,-7.771561172376096e-16,256,IEEE RTS 24-bus,2,3e3d0737d91acb37be515001f911d304bfce93540e3d063ca4640a87bd55fa9f,14.336901763999776
94,65,3,2,Inference portfolio,0.30397103703587725,7,-0.18390920911194072,0.0,-7.771561172376096e-16,256,IEEE RTS 24-bus,2,3e3d0737d91acb37be515001f911d304bfce93540e3d063ca4640a87bd55fa9f,14.336901763999776
94,65,4,2,Batch portfolio,0.6960289629641228,7,-0.4211129367649846,0.0,-7.771561172376096e-16,256,IEEE RTS 24-bus,2,3e3d0737d91acb37be515001f911d304bfce93540e3d063ca4640a87bd55fa9f,14.336901763999776
94,65,5,3,Inference portfolio,0.3194660181587846,14,0.0,0.0,-7.771561172376096e-16,256,IEEE RTS 24-bus,2,3e3d0737d91acb37be515001f911d304bfce93540e3d063ca4640a87bd55fa9f,14.336901763999776
94,65,6,3,Batch portfolio,0.6805339818412154,14,0.0,0.0,-7.771561172376096e-16,256,IEEE RTS 24-bus,2,3e3d0737d91acb37be515001f911d304bfce93540e3d063ca4640a87bd55fa9f,14.336901763999776
94,65,7,4,Inference portfolio,0.3374214395382333,20,0.0,0.0,-7.771561172376096e-16,256,IEEE RTS 24-bus,2,3e3d0737d91acb37be515001f911d304bfce93540e3d063ca4640a87bd55fa9f,14.336901763999776
94,65,8,4,Batch portfolio,0.6625785604617667,20,0.0,0.0,-7.771561172376096e-16,256,IEEE RTS 24-bus,2,3e3d0737d91acb37be515001f911d304bfce93540e3d063ca4640a87bd55fa9f,14.336901763999776
94,66,1,1,Inference portfolio,0.3360858524341381,2,0.16783988161463045,0.0,5.551115123125783e-16,256,IEEE RTS 24-bus,2,3e3d0737d91acb37be515001f911d304bfce93540e3d063ca4640a87bd55fa9f,14.336901763999776
94,66,2,1,Batch portfolio,0.6639141475658619,2,0.331555973342347,0.0,5.551115123125783e-16,256,IEEE RTS 24-bus,2,3e3d0737d91acb37be515001f911d304bfce93540e3d063ca4640a87bd55fa9f,14.336901763999776
94,66,3,2,Inference portfolio,0.30397103703587725,7,-0.15180187592356245,0.0,5.551115123125783e-16,256,IEEE RTS 24-bus,2,3e3d0737d91acb37be515001f911d304bfce93540e3d063ca4640a87bd55fa9f,14.336901763999776
94,66,4,2,Batch portfolio,0.6960289629641228,7,-0.34759397903341444,0.0,5.551115123125783e-16,256,IEEE RTS 24-bus,2,3e3d0737d91acb37be515001f911d304bfce93540e3d063ca4640a87bd55fa9f,14.336901763999776
94,66,5,3,Inference portfolio,0.3194660181587846,14,0.0,0.0,5.551115123125783e-16,256,IEEE RTS 24-bus,2,3e3d0737d91acb37be515001f911d304bfce93540e3d063ca4640a87bd55fa9f,14.336901763999776
94,66,6,3,Batch portfolio,0.6805339818412154,14,0.0,0.0,5.551115123125783e-16,256,IEEE RTS 24-bus,2,3e3d0737d91acb37be515001f911d304bfce93540e3d063ca4640a87bd55fa9f,14.336901763999776
94,66,7,4,Inference portfolio,0.3374214395382333,20,0.0,0.0,5.551115123125783e-16,256,IEEE RTS 24-bus,2,3e3d0737d91acb37be515001f911d304bfce93540e3d063ca4640a87bd55fa9f,14.336901763999776
94,66,8,4,Batch portfolio,0.6625785604617667,20,0.0,0.0,5.551115123125783e-16,256,IEEE RTS 24-bus,2,3e3d0737d91acb37be515001f911d304bfce93540e3d063ca4640a87bd55fa9f,14.336901763999776
94,67,1,1,Inference portfolio,0.3360858524341381,2,0.10887983912455933,0.0,-4.440892098500626e-16,256,IEEE RTS 24-bus,2,3e3d0737d91acb37be515001f911d304bfce93540e3d063ca4640a87bd55fa9f,14.336901763999776
94,67,2,1,Batch portfolio,0.6639141475658619,2,0.21508452395740546,0.0,-4.440892098500626e-16,256,IEEE RTS 24-bus,2,3e3d0737d91acb37be515001f911d304bfce93540e3d063ca4640a87bd55fa9f,14.336901763999776
94,67,3,2,Inference portfolio,0.30397103703587725,7,-0.09847578340865473,0.0,-4.440892098500626e-16,256,IEEE RTS 24-bus,2,3e3d0737d91acb37be515001f911d304bfce93540e3d063ca4640a87bd55fa9f,14.336901763999776
94,67,4,2,Batch portfolio,0.6960289629641228,7,-0.2254885796733105,0.0,-4.440892098500626e-16,256,IEEE RTS 24-bus,2,3e3d0737d91acb37be515001f911d304bfce93540e3d063ca4640a87bd55fa9f,14.336901763999776
94,67,5,3,Inference portfolio,0.3194660181587846,14,0.0,0.0,-4.440892098500626e-16,256,IEEE RTS 24-bus,2,3e3d0737d91acb37be515001f911d304bfce93540e3d063ca4640a87bd55fa9f,14.336901763999776
94,67,6,3,Batch portfolio,0.6805339818412154,14,0.0,0.0,-4.440892098500626e-16,256,IEEE RTS 24-bus,2,3e3d0737d91acb37be515001f911d304bfce93540e3d063ca4640a87bd55fa9f,14.336901763999776
94,67,7,4,Inference portfolio,0.3374214395382333,20,0.0,0.0,-4.440892098500626e-16,256,IEEE RTS 24-bus,2,3e3d0737d91acb37be515001f911d304bfce93540e3d063ca4640a87bd55fa9f,14.336901763999776
94,67,8,4,Batch portfolio,0.6625785604617667,20,0.0,0.0,-4.440892098500626e-16,256,IEEE RTS 24-bus,2,3e3d0737d91acb37be515001f911d304bfce93540e3d063ca4640a87bd55fa9f,14.336901763999776
94,68,1,1,Inference portfolio,0.3360858524341381,2,0.0741741147867287,0.0,1.6653345369377348e-16,256,IEEE RTS 24-bus,2,3e3d0737d91acb37be515001f911d304bfce93540e3d063ca4640a87bd55fa9f,14.336901763999776
94,68,2,1,Batch portfolio,0.6639141475658619,2,0.14652578748336959,0.0,1.6653345369377348e-16,256,IEEE RTS 24-bus,2,3e3d0737d91acb37be515001f911d304bfce93540e3d063ca4640a87bd55fa9f,14.336901763999776
94,68,3,2,Inference portfolio,0.30397103703587725,7,-0.06708637816700494,0.0,1.6653345369377348e-16,256,IEEE RTS 24-bus,2,3e3d0737d91acb37be515001f911d304bfce93540e3d063ca4640a87bd55fa9f,14.336901763999776
94,68,4,2,Batch portfolio,0.6960289629641228,7,-0.15361352410309317,0.0,1.6653345369377348e-16,256,IEEE RTS 24-bus,2,3e3d0737d91acb37be515001f911d304bfce93540e3d063ca4640a87bd55fa9f,14.336901763999776
94,68,5,3,Inference portfolio,0.3194660181587846,14,0.0,0.0,1.6653345369377348e-16,256,IEEE RTS 24-bus,2,3e3d0737d91acb37be515001f911d304bfce93540e3d063ca4640a87bd55fa9f,14.336901763999776
94,68,6,3,Batch portfolio,0.6805339818412154,14,0.0,0.0,1.6653345369377348e-16,256,IEEE RTS 24-bus,2,3e3d0737d91acb37be515001f911d304bfce93540e3d063ca4640a87bd55fa9f,14.336901763999776
94,68,7,4,Inference portfolio,0.3374214395382333,20,0.0,0.0,1.6653345369377348e-16,256,IEEE RTS 24-bus,2,3e3d0737d91acb37be515001f911d304bfce93540e3d063ca4640a87bd55fa9f,14.336901763999776
94,68,8,4,Batch portfolio,0.6625785604617667,20,0.0,0.0,1.6653345369377348e-16,256,IEEE RTS 24-bus,2,3e3d0737d91acb37be515001f911d304bfce93540e3d063ca4640a87bd55fa9f,14.336901763999776
94,69,1,1,Inference portfolio,0.3360858524341381,2,0.006923505363374716,0.0,-1.0408340855860843e-17,256,IEEE RTS 24-bus,2,3e3d0737d91acb37be515001f911d304bfce93540e3d063ca4640a87bd55fa9f,14.336901763999776
94,69,2,1,Batch portfolio,0.6639141475658619,2,0.013676901685660887,0.0,-1.0408340855860843e-17,256,IEEE RTS 24-bus,2,3e3d0737d91acb37be515001f911d304bfce93540e3d063ca4640a87bd55fa9f,14.336901763999776
94,69,3,2,Inference portfolio,0.30397103703587725,7,-0.006261927094480284,0.0,-1.0408340855860843e-17,256,IEEE RTS 24-bus,2,3e3d0737d91acb37be515001f911d304bfce93540e3d063ca4640a87bd55fa9f,14.336901763999776
94,69,4,2,Batch portfolio,0.6960289629641228,7,-0.01433847995455533,0.0,-1.0408340855860843e-17,256,IEEE RTS 24-bus,2,3e3d0737d91acb37be515001f911d304bfce93540e3d063ca4640a87bd55fa9f,14.336901763999776
94,69,5,3,Inference portfolio,0.3194660181587846,14,0.0,0.0,-1.0408340855860843e-17,256,IEEE RTS 24-bus,2,3e3d0737d91acb37be515001f911d304bfce93540e3d063ca4640a87bd55fa9f,14.336901763999776
94,69,6,3,Batch portfolio,0.6805339818412154,14,0.0,0.0,-1.0408340855860843e-17,256,IEEE RTS 24-bus,2,3e3d0737d91acb37be515001f911d304bfce93540e3d063ca4640a87bd55fa9f,14.336901763999776
94,69,7,4,Inference portfolio,0.3374214395382333,20,0.0,0.0,-1.0408340855860843e-17,256,IEEE RTS 24-bus,2,3e3d0737d91acb37be515001f911d304bfce93540e3d063ca4640a87bd55fa9f,14.336901763999776
94,69,8,4,Batch portfolio,0.6625785604617667,20,0.0,0.0,-1.0408340855860843e-17,256,IEEE RTS 24-bus,2,3e3d0737d91acb37be515001f911d304bfce93540e3d063ca4640a87bd55fa9f,14.336901763999776
94,70,1,1,Inference portfolio,0.3360858524341381,2,0.08709505154774892,0.0,-5.551115123125783e-17,256,IEEE RTS 24-bus,2,3e3d0737d91acb37be515001f911d304bfce93540e3d063ca4640a87bd55fa9f,14.336901763999776
94,70,2,1,Batch portfolio,0.6639141475658619,2,0.17205019636109375,0.0,-5.551115123125783e-17,256,IEEE RTS 24-bus,2,3e3d0737d91acb37be515001f911d304bfce93540e3d063ca4640a87bd55fa9f,14.336901763999776
94,70,3,2,Inference portfolio,0.30397103703587725,7,-0.07877264974998371,0.0,-5.551115123125783e-17,256,IEEE RTS 24-bus,2,3e3d0737d91acb37be515001f911d304bfce93540e3d063ca4640a87bd55fa9f,14.336901763999776
94,70,4,2,Batch portfolio,0.6960289629641228,7,-0.180372598158859,0.0,-5.551115123125783e-17,256,IEEE RTS 24-bus,2,3e3d0737d91acb37be515001f911d304bfce93540e3d063ca4640a87bd55fa9f,14.336901763999776
94,70,5,3,Inference portfolio,0.3194660181587846,14,0.0,0.0,-5.551115123125783e-17,256,IEEE RTS 24-bus,2,3e3d0737d91acb37be515001f911d304bfce93540e3d063ca4640a87bd55fa9f,14.336901763999776
94,70,6,3,Batch portfolio,0.6805339818412154,14,0.0,0.0,-5.551115123125783e-17,256,IEEE RTS 24-bus,2,3e3d0737d91acb37be515001f911d304bfce93540e3d063ca4640a87bd55fa9f,14.336901763999776
94,70,7,4,Inference portfolio,0.3374214395382333,20,0.0,0.0,-5.551115123125783e-17,256,IEEE RTS 24-bus,2,3e3d0737d91acb37be515001f911d304bfce93540e3d063ca4640a87bd55fa9f,14.336901763999776
94,70,8,4,Batch portfolio,0.6625785604617667,20,0.0,0.0,-5.551115123125783e-17,256,IEEE RTS 24-bus,2,3e3d0737d91acb37be515001f911d304bfce93540e3d063ca4640a87bd55fa9f,14.336901763999776
94,71,1,1,Inference portfolio,0.3360858524341381,2,0.01296503552263556,0.0,-2.7755575615628914e-17,256,IEEE RTS 24-bus,2,3e3d0737d91acb37be515001f911d304bfce93540e3d063ca4640a87bd55fa9f,14.336901763999776
94,71,2,1,Batch portfolio,0.6639141475658619,2,0.025611522900059445,0.0,-2.7755575615628914e-17,256,IEEE RTS 24-bus,2,3e3d0737d91acb37be515001f911d304bfce93540e3d063ca4640a87bd55fa9f,14.336901763999776
94,71,3,2,Inference portfolio,0.30397103703587725,7,-0.011726156468891236,0.0,-2.7755575615628914e-17,256,IEEE RTS 24-bus,2,3e3d0737d91acb37be515001f911d304bfce93540e3d063ca4640a87bd55fa9f,14.336901763999776
94,71,4,2,Batch portfolio,0.6960289629641228,7,-0.026850401953803792,0.0,-2.7755575615628914e-17,256,IEEE RTS 24-bus,2,3e3d0737d91acb37be515001f911d304bfce93540e3d063ca4640a87bd55fa9f,14.336901763999776
94,71,5,3,Inference portfolio,0.3194660181587846,14,0.0,0.0,-2.7755575615628914e-17,256,IEEE RTS 24-bus,2,3e3d0737d91acb37be515001f911d304bfce93540e3d063ca4640a87bd55fa9f,14.336901763999776
94,71,6,3,Batch portfolio,0.6805339818412154,14,0.0,0.0,-2.7755575615628914e-17,256,IEEE RTS 24-bus,2,3e3d0737d91acb37be515001f911d304bfce93540e3d063ca4640a87bd55fa9f,14.336901763999776
94,71,7,4,Inference portfolio,0.3374214395382333,20,0.0,0.0,-2.7755575615628914e-17,256,IEEE RTS 24-bus,2,3e3d0737d91acb37be515001f911d304bfce93540e3d063ca4640a87bd55fa9f,14.336901763999776
94,71,8,4,Batch portfolio,0.6625785604617667,20,0.0,0.0,-2.7755575615628914e-17,256,IEEE RTS 24-bus,2,3e3d0737d91acb37be515001f911d304bfce93540e3d063ca4640a87bd55fa9f,14.336901763999776
95,64,1,1,Inference portfolio,0.3360858524341381,2,7.921797983816215,-27.964237511814645,-2.4868995751603507e-14,256,IEEE RTS 24-bus,2,3e3d0737d91acb37be515001f911d304bfce93540e3d063ca4640a87bd55fa9f,14.276262596002198
95,64,2,1,Batch portfolio,0.6639141475658619,2,15.648360558781922,-27.964237511814645,-2.4868995751603507e-14,256,IEEE RTS 24-bus,2,3e3d0737d91acb37be515001f911d304bfce93540e3d063ca4640a87bd55fa9f,14.276262596002198
95,64,3,2,Inference portfolio,0.30397103703587725,7,-9.83141429771184,-27.964237511814645,-2.4868995751603507e-14,256,IEEE RTS 24-bus,2,3e3d0737d91acb37be515001f911d304bfce93540e3d063ca4640a87bd55fa9f,14.276262596002198
95,64,4,2,Batch portfolio,0.6960289629641228,7,-22.524107403423983,-27.964237511814645,-2.4868995751603507e-14,256,IEEE RTS 24-bus,2,3e3d0737d91acb37be515001f911d304bfce93540e3d063ca4640a87bd55fa9f,14.276262596002198
95,64,5,3,Inference portfolio,0.3194660181587846,14,-2.859413829927623,-27.964237511814645,-2.4868995751603507e-14,256,IEEE RTS 24-bus,2,3e3d0737d91acb37be515001f911d304bfce93540e3d063ca4640a87bd55fa9f,14.276262596002198
95,64,6,3,Batch portfolio,0.6805339818412154,14,-6.091345059946101,-27.964237511814645,-2.4868995751603507e-14,256,IEEE RTS 24-bus,2,3e3d0737d91acb37be515001f911d304bfce93540e3d063ca4640a87bd55fa9f,14.276262596002198
95,64,7,4,Inference portfolio,0.3374214395382333,20,-3.451183463357309,-27.964237511814645,-2.4868995751603507e-14,256,IEEE RTS 24-bus,2,3e3d0737d91acb37be515001f911d304bfce93540e3d063ca4640a87bd55fa9f,14.276262596002198
95,64,8,4,Batch portfolio,0.6625785604617667,20,-6.776932000045953,-27.964237511814645,-2.4868995751603507e-14,256,IEEE RTS 24-bus,2,3e3d0737d91acb37be515001f911d304bfce93540e3d063ca4640a87bd55fa9f,14.276262596002198
95,65,1,1,Inference portfolio,0.3360858524341381,2,0.16475296839615416,27.49439385248843,-3.552713678800501e-15,256,IEEE RTS 24-bus,2,3e3d0737d91acb37be515001f911d304bfce93540e3d063ca4640a87bd55fa9f,14.276262596002198
95,65,2,1,Batch portfolio,0.6639141475658619,2,0.32545799169928075,27.49439385248843,-3.552713678800501e-15,256,IEEE RTS 24-bus,2,3e3d0737d91acb37be515001f911d304bfce93540e3d063ca4640a87bd55fa9f,14.276262596002198
95,65,3,2,Inference portfolio,0.30397103703587725,7,2.471132190922897,27.49439385248843,-3.552713678800501e-15,256,IEEE RTS 24-bus,2,3e3d0737d91acb37be515001f911d304bfce93540e3d063ca4640a87bd55fa9f,14.276262596002198
95,65,4,2,Batch portfolio,0.6960289629641228,7,5.658366642320212,27.49439385248843,-3.552713678800501e-15,256,IEEE RTS 24-bus,2,3e3d0737d91acb37be515001f911d304bfce93540e3d063ca4640a87bd55fa9f,14.276262596002198
95,65,5,3,Inference portfolio,0.3194660181587846,14,2.814149397184335,27.49439385248843,-3.552713678800501e-15,256,IEEE RTS 24-bus,2,3e3d0737d91acb37be515001f911d304bfce93540e3d063ca4640a87bd55fa9f,14.276262596002198
95,65,6,3,Batch portfolio,0.6805339818412154,14,5.9947668481283065,27.49439385248843,-3.552713678800501e-15,256,IEEE RTS 24-bus,2,3e3d0737d91acb37be515001f911d304bfce93540e3d063ca4640a87bd55fa9f,14.276262596002198
95,65,7,4,Inference portfolio,0.3374214395382333,20,3.396405865802712,27.49439385248843,-3.552713678800501e-15,256,IEEE RTS 24-bus,2,3e3d0737d91acb37be515001f911d304bfce93540e3d063ca4640a87bd55fa9f,14.276262596002198
95,65,8,4,Batch portfolio,0.6625785604617667,20,6.669361948034528,27.49439385248843,-3.552713678800501e-15,256,IEEE RTS 24-bus,2,3e3d0737d91acb37be515001f911d304bfce93540e3d063ca4640a87bd55fa9f,14.276262596002198
95,66,1,1,Inference portfolio,0.3360858524341381,2,0.4861888320565411,0.0,-1.3322676295501878e-15,256,IEEE RTS 24-bus,2,3e3d0737d91acb37be515001f911d304bfce93540e3d063ca4640a87bd55fa9f,14.276262596002198
95,66,2,1,Batch portfolio,0.6639141475658619,2,0.9604321088008861,0.0,-1.3322676295501878e-15,256,IEEE RTS 24-bus,2,3e3d0737d91acb37be515001f911d304bfce93540e3d063ca4640a87bd55fa9f,14.276262596002198
95,66,3,2,Inference portfolio,0.30397103703587725,7,-0.4397308675906969,0.0,-1.3322676295501878e-15,256,IEEE RTS 24-bus,2,3e3d0737d91acb37be515001f911d304bfce93540e3d063ca4640a87bd55fa9f,14.276262596002198
95,66,4,2,Batch portfolio,0.6960289629641228,7,-1.0068900732667316,0.0,-1.3322676295501878e-15,256,IEEE RTS 24-bus,2,3e3d0737d91acb37be515001f911d304bfce93540e3d063ca4640a87bd55fa9f,14.276262596002198
95,66,5,3,Inference portfolio,0.3194660181587846,14,0.0,0.0,-1.3322676295501878e-15,256,IEEE RTS 24-bus,2,3e3d0737d91acb37be515001f911d304bfce93540e3d063ca4640a87bd55fa9f,14.276262596002198
95,66,6,3,Batch portfolio,0.6805339818412154,14,0.0,0.0,-1.3322676295501878e-15,256,IEEE RTS 24-bus,2,3e3d0737d91acb37be515001f911d304bfce93540e3d063ca4640a87bd55fa9f,14.276262596002198
95,66,7,4,Inference portfolio,0.3374214395382333,20,0.0,0.0,-1.3322676295501878e-15,256,IEEE RTS 24-bus,2,3e3d0737d91acb37be515001f911d304bfce93540e3d063ca4640a87bd55fa9f,14.276262596002198
95,66,8,4,Batch portfolio,0.6625785604617667,20,0.0,0.0,-1.3322676295501878e-15,256,IEEE RTS 24-bus,2,3e3d0737d91acb37be515001f911d304bfce93540e3d063ca4640a87bd55fa9f,14.276262596002198
95,67,1,1,Inference portfolio,0.3360858524341381,2,0.7117539908757257,0.0,-4.440892098500626e-16,256,IEEE RTS 24-bus,2,3e3d0737d91acb37be515001f911d304bfce93540e3d063ca4640a87bd55fa9f,14.276262596002198
95,67,2,1,Batch portfolio,0.6639141475658619,2,1.406020338869136,0.0,-4.440892098500626e-16,256,IEEE RTS 24-bus,2,3e3d0737d91acb37be515001f911d304bfce93540e3d063ca4640a87bd55fa9f,14.276262596002198
95,67,3,2,Inference portfolio,0.30397103703587725,7,-0.6437420592208885,0.0,-4.440892098500626e-16,256,IEEE RTS 24-bus,2,3e3d0737d91acb37be515001f911d304bfce93540e3d063ca4640a87bd55fa9f,14.276262596002198
95,67,4,2,Batch portfolio,0.6960289629641228,7,-1.4740322705239735,0.0,-4.440892098500626e-16,256,IEEE RTS 24-bus,2,3e3d0737d91acb37be515001f911d304bfce93540e3d063ca4640a87bd55fa9f,14.276262596002198
95,67,5,3,Inference portfolio,0.3194660181587846,14,0.0,0.0,-4.440892098500626e-16,256,IEEE RTS 24-bus,2,3e3d0737d91acb37be515001f911d304bfce93540e3d063ca4640a87bd55fa9f,14.276262596002198
95,67,6,3,Batch portfolio,0.6805339818412154,14,0.0,0.0,-4.440892098500626e-16,256,IEEE RTS 24-bus,2,3e3d0737d91acb37be515001f911d304bfce93540e3d063ca4640a87bd55fa9f,14.276262596002198
95,67,7,4,Inference portfolio,0.3374214395382333,20,0.0,0.0,-4.440892098500626e-16,256,IEEE RTS 24-bus,2,3e3d0737d91acb37be515001f911d304bfce93540e3d063ca4640a87bd55fa9f,14.276262596002198
95,67,8,4,Batch portfolio,0.6625785604617667,20,0.0,0.0,-4.440892098500626e-16,256,IEEE RTS 24-bus,2,3e3d0737d91acb37be515001f911d304bfce93540e3d063ca4640a87bd55fa9f,14.276262596002198
95,68,1,1,Inference portfolio,0.3360858524341381,2,0.6951287582519412,3.637978807091713e-12,0.0,256,IEEE RTS 24-bus,2,3e3d0737d91acb37be515001f911d304bfce93540e3d063ca4640a87bd55fa9f,14.276262596002198
95,68,2,1,Batch portfolio,0.6639141475658619,2,1.3731783520199017,3.637978807091713e-12,0.0,256,IEEE RTS 24-bus,2,3e3d0737d91acb37be515001f911d304bfce93540e3d063ca4640a87bd55fa9f,14.276262596002198
95,68,3,2,Inference portfolio,0.30397103703587725,7,-0.6287054572162571,3.637978807091713e-12,0.0,256,IEEE RTS 24-bus,2,3e3d0737d91acb37be515001f911d304bfce93540e3d063ca4640a87bd55fa9f,14.276262596002198
95,68,4,2,Batch portfolio,0.6960289629641228,7,-1.4396016530519478,3.637978807091713e-12,0.0,256,IEEE RTS 24-bus,2,3e3d0737d91acb37be515001f911d304bfce93540e3d063ca4640a87bd55fa9f,14.276262596002198
95,68,5,3,Inference portfolio,0.3194660181587846,14,0.0,3.637978807091713e-12,0.0,256,IEEE RTS 24-bus,2,3e3d0737d91acb37be515001f911d304bfce93540e3d063ca4640a87bd55fa9f,14.276262596002198
95,68,6,3,Batch portfolio,0.6805339818412154,14,0.0,3.637978807091713e-12,0.0,256,IEEE RTS 24-bus,2,3e3d0737d91acb37be515001f911d304bfce93540e3d063ca4640a87bd55fa9f,14.276262596002198
95,68,7,4,Inference portfolio,0.3374214395382333,20,0.0,3.637978807091713e-12,0.0,256,IEEE RTS 24-bus,2,3e3d0737d91acb37be515001f911d304bfce93540e3d063ca4640a87bd55fa9f,14.276262596002198
95,68,8,4,Batch portfolio,0.6625785604617667,20,0.0,3.637978807091713e-12,0.0,256,IEEE RTS 24-bus,2,3e3d0737d91acb37be515001f911d304bfce93540e3d063ca4640a87bd55fa9f,14.276262596002198
95,69,1,1,Inference portfolio,0.3360858524341381,2,1.3317384616138948,0.0,0.0,256,IEEE RTS 24-bus,2,3e3d0737d91acb37be515001f911d304bfce93540e3d063ca4640a87bd55fa9f,14.276262596002198
95,69,2,1,Batch portfolio,0.6639141475658619,2,2.630756394888826,0.0,0.0,256,IEEE RTS 24-bus,2,3e3d0737d91acb37be515001f911d304bfce93540e3d063ca4640a87bd55fa9f,14.276262596002198
95,69,3,2,Inference portfolio,0.30397103703587725,7,-1.204483670781277,0.0,0.0,256,IEEE RTS 24-bus,2,3e3d0737d91acb37be515001f911d304bfce93540e3d063ca4640a87bd55fa9f,14.276262596002198
95,69,4,2,Batch portfolio,0.6960289629641228,7,-2.7580111857214438,0.0,0.0,256,IEEE RTS 24-bus,2,3e3d0737d91acb37be515001f911d304bfce93540e3d063ca4640a87bd55fa9f,14.276262596002198
95,69,5,3,Inference portfolio,0.3194660181587846,14,0.0,0.0,0.0,256,IEEE RTS 24-bus,2,3e3d0737d91acb37be515001f911d304bfce93540e3d063ca4640a87bd55fa9f,14.276262596002198
95,69,6,3,Batch portfolio,0.6805339818412154,14,0.0,0.0,0.0,256,IEEE RTS 24-bus,2,3e3d0737d91acb37be515001f911d304bfce93540e3d063ca4640a87bd55fa9f,14.276262596002198
95,69,7,4,Inference portfolio,0.3374214395382333,20,0.0,0.0,0.0,256,IEEE RTS 24-bus,2,3e3d0737d91acb37be515001f911d304bfce93540e3d063ca4640a87bd55fa9f,14.276262596002198
95,69,8,4,Batch portfolio,0.6625785604617667,20,0.0,0.0,0.0,256,IEEE RTS 24-bus,2,3e3d0737d91acb37be515001f911d304bfce93540e3d063ca4640a87bd55fa9f,14.276262596002198
95,70,1,1,Inference portfolio,0.3360858524341381,2,0.3984763978657312,1.8189894035458565e-12,6.661338147750939e-16,256,IEEE RTS 24-bus,2,3e3d0737d91acb37be515001f911d304bfce93540e3d063ca4640a87bd55fa9f,14.276262596002198
95,70,2,1,Batch portfolio,0.6639141475658619,2,0.7871623161111831,1.8189894035458565e-12,6.661338147750939e-16,256,IEEE RTS 24-bus,2,3e3d0737d91acb37be515001f911d304bfce93540e3d063ca4640a87bd55fa9f,14.276262596002198
95,70,3,2,Inference portfolio,0.30397103703587725,7,-0.3603998294359671,1.8189894035458565e-12,6.661338147750939e-16,256,IEEE RTS 24-bus,2,3e3d0737d91acb37be515001f911d304bfce93540e3d063ca4640a87bd55fa9f,14.276262596002198
95,70,4,2,Batch portfolio,0.6960289629641228,7,-0.8252388845391277,1.8189894035458565e-12,6.661338147750939e-16,256,IEEE RTS 24-bus,2,3e3d0737d91acb37be515001f911d304bfce93540e3d063ca4640a87bd55fa9f,14.276262596002198
95,70,5,3,Inference portfolio,0.3194660181587846,14,0.0,1.8189894035458565e-12,6.661338147750939e-16,256,IEEE RTS 24-bus,2,3e3d0737d91acb37be515001f911d304bfce93540e3d063ca4640a87bd55fa9f,14.276262596002198
95,70,6,3,Batch portfolio,0.6805339818412154,14,0.0,1.8189894035458565e-12,6.661338147750939e-16,256,IEEE RTS 24-bus,2,3e3d0737d91acb37be515001f911d304bfce93540e3d063ca4640a87bd55fa9f,14.276262596002198
95,70,7,4,Inference portfolio,0.3374214395382333,20,0.0,1.8189894035458565e-12,6.661338147750939e-16,256,IEEE RTS 24-bus,2,3e3d0737d91acb37be515001f911d304bfce93540e3d063ca4640a87bd55fa9f,14.276262596002198
95,70,8,4,Batch portfolio,0.6625785604617667,20,0.0,1.8189894035458565e-12,6.661338147750939e-16,256,IEEE RTS 24-bus,2,3e3d0737d91acb37be515001f911d304bfce93540e3d063ca4640a87bd55fa9f,14.276262596002198
95,71,1,1,Inference portfolio,0.3360858524341381,2,0.2007375567821632,0.0,-5.551115123125783e-16,256,IEEE RTS 24-bus,2,3e3d0737d91acb37be515001f911d304bfce93540e3d063ca4640a87bd55fa9f,14.276262596002198
95,71,2,1,Batch portfolio,0.6639141475658619,2,0.39654303485349357,0.0,-5.551115123125783e-16,256,IEEE RTS 24-bus,2,3e3d0737d91acb37be515001f911d304bfce93540e3d063ca4640a87bd55fa9f,14.276262596002198
95,71,3,2,Inference portfolio,0.30397103703587725,7,-0.18155600084143478,0.0,-5.551115123125783e-16,256,IEEE RTS 24-bus,2,3e3d0737d91acb37be515001f911d304bfce93540e3d063ca4640a87bd55fa9f,14.276262596002198
95,71,4,2,Batch portfolio,0.6960289629641228,7,-0.4157245907942225,0.0,-5.551115123125783e-16,256,IEEE RTS 24-bus,2,3e3d0737d91acb37be515001f911d304bfce93540e3d063ca4640a87bd55fa9f,14.276262596002198
95,71,5,3,Inference portfolio,0.3194660181587846,14,0.0,0.0,-5.551115123125783e-16,256,IEEE RTS 24-bus,2,3e3d0737d91acb37be515001f911d304bfce93540e3d063ca4640a87bd55fa9f,14.276262596002198
95,71,6,3,Batch portfolio,0.6805339818412154,14,0.0,0.0,-5.551115123125783e-16,256,IEEE RTS 24-bus,2,3e3d0737d91acb37be515001f911d304bfce93540e3d063ca4640a87bd55fa9f,14.276262596002198
95,71,7,4,Inference portfolio,0.3374214395382333,20,0.0,0.0,-5.551115123125783e-16,256,IEEE RTS 24-bus,2,3e3d0737d91acb37be515001f911d304bfce93540e3d063ca4640a87bd55fa9f,14.276262596002198
95,71,8,4,Batch portfolio,0.6625785604617667,20,0.0,0.0,-5.551115123125783e-16,256,IEEE RTS 24-bus,2,3e3d0737d91acb37be515001f911d304bfce93540e3d063ca4640a87bd55fa9f,14.276262596002198
96,64,1,1,Inference portfolio,0.3360858524341381,2,0.37206124045921274,0.0,4.440892098500626e-16,256,IEEE RTS 24-bus,2,3e3d0737d91acb37be515001f911d304bfce93540e3d063ca4640a87bd55fa9f,13.603392892000556
96,64,2,1,Batch portfolio,0.6639141475658619,2,0.7349810160500663,0.0,4.440892098500626e-16,256,IEEE RTS 24-bus,2,3e3d0737d91acb37be515001f911d304bfce93540e3d063ca4640a87bd55fa9f,13.603392892000556
96,64,3,2,Inference portfolio,0.30397103703587725,7,-0.33650878275360163,0.0,4.440892098500626e-16,256,IEEE RTS 24-bus,2,3e3d0737d91acb37be515001f911d304bfce93540e3d063ca4640a87bd55fa9f,13.603392892000556
96,64,4,2,Batch portfolio,0.6960289629641228,7,-0.7705334737556769,0.0,4.440892098500626e-16,256,IEEE RTS 24-bus,2,3e3d0737d91acb37be515001f911d304bfce93540e3d063ca4640a87bd55fa9f,13.603392892000556
96,64,5,3,Inference portfolio,0.3194660181587846,14,0.0,0.0,4.440892098500626e-16,256,IEEE RTS 24-bus,2,3e3d0737d91acb37be515001f911d304bfce93540e3d063ca4640a87bd55fa9f,13.603392892000556
96,64,6,3,Batch portfolio,0.6805339818412154,14,0.0,0.0,4.440892098500626e-16,256,IEEE RTS 24-bus,2,3e3d0737d91acb37be515001f911d304bfce93540e3d063ca4640a87bd55fa9f,13.603392892000556
96,64,7,4,Inference portfolio,0.3374214395382333,20,0.0,0.0,4.440892098500626e-16,256,IEEE RTS 24-bus,2,3e3d0737d91acb37be515001f911d304bfce93540e3d063ca4640a87bd55fa9f,13.603392892000556
96,64,8,4,Batch portfolio,0.6625785604617667,20,0.0,0.0,4.440892098500626e-16,256,IEEE RTS 24-bus,2,3e3d0737d91acb37be515001f911d304bfce93540e3d063ca4640a87bd55fa9f,13.603392892000556
96,65,1,1,Inference portfolio,0.3360858524341381,2,0.26723848728155025,0.0,-4.440892098500626e-16,256,IEEE RTS 24-bus,2,3e3d0737d91acb37be515001f911d304bfce93540e3d063ca4640a87bd55fa9f,13.603392892000556
96,65,2,1,Batch portfolio,0.6639141475658619,2,0.5279109822516456,0.0,-4.440892098500626e-16,256,IEEE RTS 24-bus,2,3e3d0737d91acb37be515001f911d304bfce93540e3d063ca4640a87bd55fa9f,13.603392892000556
96,65,3,2,Inference portfolio,0.30397103703587725,7,-0.24170240885329483,0.0,-4.440892098500626e-16,256,IEEE RTS 24-bus,2,3e3d0737d91acb37be515001f911d304bfce93540e3d063ca4640a87bd55fa9f,13.603392892000556
96,65,4,2,Batch portfolio,0.6960289629641228,7,-0.5534470606799013,0.0,-4.440892098500626e-16,256,IEEE RTS 24-bus,2,3e3d0737d91acb37be515001f911d304bfce93540e3d063ca4640a87bd55fa9f,13.603392892000556
96,65,5,3,Inference portfolio,0.3194660181587846,14,0.0,0.0,-4.440892098500626e-16,256,IEEE RTS 24-bus,2,3e3d0737d91acb37be515001f911d304bfce93540e3d063ca4640a87bd55fa9f,13.603392892000556
96,65,6,3,Batch portfolio,0.6805339818412154,14,0.0,0.0,-4.440892098500626e-16,256,IEEE RTS 24-bus,2,3e3d0737d91acb37be515001f911d304bfce93540e3d063ca4640a87bd55fa9f,13.603392892000556
96,65,7,4,Inference portfolio,0.3374214395382333,20,0.0,0.0,-4.440892098500626e-16,256,IEEE RTS 24-bus,2,3e3d0737d91acb37be515001f911d304bfce93540e3d063ca4640a87bd55fa9f,13.603392892000556
96,65,8,4,Batch portfolio,0.6625785604617667,20,0.0,0.0,-4.440892098500626e-16,256,IEEE RTS 24-bus,2,3e3d0737d91acb37be515001f911d304bfce93540e3d063ca4640a87bd55fa9f,13.603392892000556
96,66,1,1,Inference portfolio,0.3360858524341381,2,0.5643166514075048,0.0,8.881784197001252e-16,256,IEEE RTS 24-bus,2,3e3d0737d91acb37be515001f911d304bfce93540e3d063ca4640a87bd55fa9f,13.603392892000556
96,66,2,1,Batch portfolio,0.6639141475658619,2,1.1147681637380633,0.0,8.881784197001252e-16,256,IEEE RTS 24-bus,2,3e3d0737d91acb37be515001f911d304bfce93540e3d063ca4640a87bd55fa9f,13.603392892000556
96,66,3,2,Inference portfolio,0.30397103703587725,7,-0.5103931525316808,0.0,8.881784197001252e-16,256,IEEE RTS 24-bus,2,3e3d0737d91acb37be515001f911d304bfce93540e3d063ca4640a87bd55fa9f,13.603392892000556
96,66,4,2,Batch portfolio,0.6960289629641228,7,-1.1686916626138864,0.0,8.881784197001252e-16,256,IEEE RTS 24-bus,2,3e3d0737d91acb37be515001f911d304bfce93540e3d063ca4640a87bd55fa9f,13.603392892000556
96,66,5,3,Inference portfolio,0.3194660181587846,14,0.0,0.0,8.881784197001252e-16,256,IEEE RTS 24-bus,2,3e3d0737d91acb37be515001f911d304bfce93540e3d063ca4640a87bd55fa9f,13.603392892000556
96,66,6,3,Batch portfolio,0.6805339818412154,14,0.0,0.0,8.881784197001252e-16,256,IEEE RTS 24-bus,2,3e3d0737d91acb37be515001f911d304bfce93540e3d063ca4640a87bd55fa9f,13.603392892000556
96,66,7,4,Inference portfolio,0.3374214395382333,20,0.0,0.0,8.881784197001252e-16,256,IEEE RTS 24-bus,2,3e3d0737d91acb37be515001f911d304bfce93540e3d063ca4640a87bd55fa9f,13.603392892000556
96,66,8,4,Batch portfolio,0.6625785604617667,20,0.0,0.0,8.881784197001252e-16,256,IEEE RTS 24-bus,2,3e3d0737d91acb37be515001f911d304bfce93540e3d063ca4640a87bd55fa9f,13.603392892000556
96,67,1,1,Inference portfolio,0.3360858524341381,2,0.2559051058889654,0.0,-4.440892098500626e-16,256,IEEE RTS 24-bus,2,3e3d0737d91acb37be515001f911d304bfce93540e3d063ca4640a87bd55fa9f,13.603392892000556
96,67,2,1,Batch portfolio,0.6639141475658619,2,0.505522678220131,0.0,-4.440892098500626e-16,256,IEEE RTS 24-bus,2,3e3d0737d91acb37be515001f911d304bfce93540e3d063ca4640a87bd55fa9f,13.603392892000556
96,67,3,2,Inference portfolio,0.30397103703587725,7,-0.23145199316407641,0.0,-4.440892098500626e-16,256,IEEE RTS 24-bus,2,3e3d0737d91acb37be515001f911d304bfce93540e3d063ca4640a87bd55fa9f,13.603392892000556
96,67,4,2,Batch portfolio,0.6960289629641228,7,-0.5299757909450205,0.0,-4.440892098500626e-16,256,IEEE RTS 24-bus,2,3e3d0737d91acb37be515001f911d304bfce93540e3d063ca4640a87bd55fa9f,13.603392892000556
96,67,5,3,Inference portfolio,0.3194660181587846,14,0.0,0.0,-4.440892098500626e-16,256,IEEE RTS 24-bus,2,3e3d0737d91acb37be515001f911d304bfce93540e3d063ca4640a87bd55fa9f,13.603392892000556
96,67,6,3,Batch portfolio,0.6805339818412154,14,0.0,0.0,-4.440892098500626e-16,256,IEEE RTS 24-bus,2,3e3d0737d91acb37be515001f911d304bfce93540e3d063ca4640a87bd55fa9f,13.603392892000556
96,67,7,4,Inference portfolio,0.3374214395382333,20,0.0,0.0,-4.440892098500626e-16,256,IEEE RTS 24-bus,2,3e3d0737d91acb37be515001f911d304bfce93540e3d063ca4640a87bd55fa9f,13.603392892000556
96,67,8,4,Batch portfolio,0.6625785604617667,20,0.0,0.0,-4.440892098500626e-16,256,IEEE RTS 24-bus,2,3e3d0737d91acb37be515001f911d304bfce93540e3d063ca4640a87bd55fa9f,13.603392892000556
96,68,1,1,Inference portfolio,0.3360858524341381,2,0.266047820752344,0.0,-5.551115123125783e-16,256,IEEE RTS 24-bus,2,3e3d0737d91acb37be515001f911d304bfce93540e3d063ca4640a87bd55fa9f,13.603392892000556
96,68,2,1,Batch portfolio,0.6639141475658619,2,0.5255589036184263,0.0,-5.551115123125783e-16,256,IEEE RTS 24-bus,2,3e3d0737d91acb37be515001f911d304bfce93540e3d063ca4640a87bd55fa9f,13.603392892000556
96,68,3,2,Inference portfolio,0.30397103703587725,7,-0.24062551693168607,0.0,-5.551115123125783e-16,256,IEEE RTS 24-bus,2,3e3d0737d91acb37be515001f911d304bfce93540e3d063ca4640a87bd55fa9f,13.603392892000556
96,68,4,2,Batch portfolio,0.6960289629641228,7,-0.5509812074390847,0.0,-5.551115123125783e-16,256,IEEE RTS 24-bus,2,3e3d0737d91acb37be515001f911d304bfce93540e3d063ca4640a87bd55fa9f,13.603392892000556
96,68,5,3,Inference portfolio,0.3194660181587846,14,0.0,0.0,-5.551115123125783e-16,256,IEEE RTS 24-bus,2,3e3d0737d91acb37be515001f911d304bfce93540e3d063ca4640a87bd55fa9f,13.603392892000556
96,68,6,3,Batch portfolio,0.6805339818412154,14,0.0,0.0,-5.551115123125783e-16,256,IEEE RTS 24-bus,2,3e3d0737d91acb37be515001f911d304bfce93540e3d063ca4640a87bd55fa9f,13.603392892000556
96,68,7,4,Inference portfolio,0.3374214395382333,20,0.0,0.0,-5.551115123125783e-16,256,IEEE RTS 24-bus,2,3e3d0737d91acb37be515001f911d304bfce93540e3d063ca4640a87bd55fa9f,13.603392892000556
96,68,8,4,Batch portfolio,0.6625785604617667,20,0.0,0.0,-5.551115123125783e-16,256,IEEE RTS 24-bus,2,3e3d0737d91acb37be515001f911d304bfce93540e3d063ca4640a87bd55fa9f,13.603392892000556
96,69,1,1,Inference portfolio,0.3360858524341381,2,0.02085871361168757,0.0,6.938893903907228e-17,256,IEEE RTS 24-bus,2,3e3d0737d91acb37be515001f911d304bfce93540e3d063ca4640a87bd55fa9f,13.603392892000556
96,69,2,1,Batch portfolio,0.6639141475658619,2,0.04120493310301756,0.0,6.938893903907228e-17,256,IEEE RTS 24-bus,2,3e3d0737d91acb37be515001f911d304bfce93540e3d063ca4640a87bd55fa9f,13.603392892000556
96,69,3,2,Inference portfolio,0.30397103703587725,7,-0.01886555105450799,0.0,6.938893903907228e-17,256,IEEE RTS 24-bus,2,3e3d0737d91acb37be515001f911d304bfce93540e3d063ca4640a87bd55fa9f,13.603392892000556
96,69,4,2,Batch portfolio,0.6960289629641228,7,-0.04319809566019707,0.0,6.938893903907228e-17,256,IEEE RTS 24-bus,2,3e3d0737d91acb37be515001f911d304bfce93540e3d063ca4640a87bd55fa9f,13.603392892000556
96,69,5,3,Inference portfolio,0.3194660181587846,14,0.0,0.0,6.938893903907228e-17,256,IEEE RTS 24-bus,2,3e3d0737d91acb37be515001f911d304bfce93540e3d063ca4640a87bd55fa9f,13.603392892000556
96,69,6,3,Batch portfolio,0.6805339818412154,14,0.0,0.0,6.938893903907228e-17,256,IEEE RTS 24-bus,2,3e3d0737d91acb37be515001f911d304bfce93540e3d063ca4640a87bd55fa9f,13.603392892000556
96,69,7,4,Inference portfolio,0.3374214395382333,20,0.0,0.0,6.938893903907228e-17,256,IEEE RTS 24-bus,2,3e3d0737d91acb37be515001f911d304bfce93540e3d063ca4640a87bd55fa9f,13.603392892000556
96,69,8,4,Batch portfolio,0.6625785604617667,20,0.0,0.0,6.938893903907228e-17,256,IEEE RTS 24-bus,2,3e3d0737d91acb37be515001f911d304bfce93540e3d063ca4640a87bd55fa9f,13.603392892000556
96,70,1,1,Inference portfolio,0.3360858524341381,2,0.35517141527331386,0.0,2.220446049250313e-16,256,IEEE RTS 24-bus,2,3e3d0737d91acb37be515001f911d304bfce93540e3d063ca4640a87bd55fa9f,13.603392892000556
96,70,2,1,Batch portfolio,0.6639141475658619,2,0.7016163450598467,0.0,2.220446049250313e-16,256,IEEE RTS 24-bus,2,3e3d0737d91acb37be515001f911d304bfce93540e3d063ca4640a87bd55fa9f,13.603392892000556
96,70,3,2,Inference portfolio,0.30397103703587725,7,-0.32123287143561696,0.0,2.220446049250313e-16,256,IEEE RTS 24-bus,2,3e3d0737d91acb37be515001f911d304bfce93540e3d063ca4640a87bd55fa9f,13.603392892000556
96,70,4,2,Batch portfolio,0.6960289629641228,7,-0.7355548888975435,0.0,2.220446049250313e-16,256,IEEE RTS 24-bus,2,3e3d0737d91acb37be515001f911d304bfce93540e3d063ca4640a87bd55fa9f,13.603392892000556
96,70,5,3,Inference portfolio,0.3194660181587846,14,0.0,0.0,2.220446049250313e-16,256,IEEE RTS 24-bus,2,3e3d0737d91acb37be515001f911d304bfce93540e3d063ca4640a87bd55fa9f,13.603392892000556
96,70,6,3,Batch portfolio,0.6805339818412154,14,0.0,0.0,2.220446049250313e-16,256,IEEE RTS 24-bus,2,3e3d0737d91acb37be515001f911d304bfce93540e3d063ca4640a87bd55fa9f,13.603392892000556
96,70,7,4,Inference portfolio,0.3374214395382333,20,0.0,0.0,2.220446049250313e-16,256,IEEE RTS 24-bus,2,3e3d0737d91acb37be515001f911d304bfce93540e3d063ca4640a87bd55fa9f,13.603392892000556
96,70,8,4,Batch portfolio,0.6625785604617667,20,0.0,0.0,2.220446049250313e-16,256,IEEE RTS 24-bus,2,3e3d0737d91acb37be515001f911d304bfce93540e3d063ca4640a87bd55fa9f,13.603392892000556
96,71,1,1,Inference portfolio,0.3360858524341381,2,0.1316788981880565,0.0,-5.551115123125783e-16,256,IEEE RTS 24-bus,2,3e3d0737d91acb37be515001f911d304bfce93540e3d063ca4640a87bd55fa9f,13.603392892000556
96,71,2,1,Batch portfolio,0.6639141475658619,2,0.2601224740939563,0.0,-5.551115123125783e-16,256,IEEE RTS 24-bus,2,3e3d0737d91acb37be515001f911d304bfce93540e3d063ca4640a87bd55fa9f,13.603392892000556
96,71,3,2,Inference portfolio,0.30397103703587725,7,-0.11909626944528413,0.0,-5.551115123125783e-16,256,IEEE RTS 24-bus,2,3e3d0737d91acb37be515001f911d304bfce93540e3d063ca4640a87bd55fa9f,13.603392892000556
96,71,4,2,Batch portfolio,0.6960289629641228,7,-0.2727051028367292,0.0,-5.551115123125783e-16,256,IEEE RTS 24-bus,2,3e3d0737d91acb37be515001f911d304bfce93540e3d063ca4640a87bd55fa9f,13.603392892000556
96,71,5,3,Inference portfolio,0.3194660181587846,14,0.0,0.0,-5.551115123125783e-16,256,IEEE RTS 24-bus,2,3e3d0737d91acb37be515001f911d304bfce93540e3d063ca4640a87bd55fa9f,13.603392892000556
96,71,6,3,Batch portfolio,0.6805339818412154,14,0.0,0.0,-5.551115123125783e-16,256,IEEE RTS 24-bus,2,3e3d0737d91acb37be515001f911d304bfce93540e3d063ca4640a87bd55fa9f,13.603392892000556
96,71,7,4,Inference portfolio,0.3374214395382333,20,0.0,0.0,-5.551115123125783e-16,256,IEEE RTS 24-bus,2,3e3d0737d91acb37be515001f911d304bfce93540e3d063ca4640a87bd55fa9f,13.603392892000556
96,71,8,4,Batch portfolio,0.6625785604617667,20,0.0,0.0,-5.551115123125783e-16,256,IEEE RTS 24-bus,2,3e3d0737d91acb37be515001f911d304bfce93540e3d063ca4640a87bd55fa9f,13.603392892000556
97,64,1,1,Inference portfolio,0.3360858524341381,2,0.03320636648898777,0.0,5.551115123125783e-17,256,IEEE RTS 24-bus,2,3e3d0737d91acb37be515001f911d304bfce93540e3d063ca4640a87bd55fa9f,14.489155467999808
97,64,2,1,Batch portfolio,0.6639141475658619,2,0.06559685967643715,0.0,5.551115123125783e-17,256,IEEE RTS 24-bus,2,3e3d0737d91acb37be515001f911d304bfce93540e3d063ca4640a87bd55fa9f,14.489155467999808
97,64,3,2,Inference portfolio,0.30397103703587725,7,-0.030033319120927156,0.0,5.551115123125783e-17,256,IEEE RTS 24-bus,2,3e3d0737d91acb37be515001f911d304bfce93540e3d063ca4640a87bd55fa9f,14.489155467999808
97,64,4,2,Batch portfolio,0.6960289629641228,7,-0.0687699070444977,0.0,5.551115123125783e-17,256,IEEE RTS 24-bus,2,3e3d0737d91acb37be515001f911d304bfce93540e3d063ca4640a87bd55fa9f,14.489155467999808
97,64,5,3,Inference portfolio,0.3194660181587846,14,0.0,0.0,5.551115123125783e-17,256,IEEE RTS 24-bus,2,3e3d0737d91acb37be515001f911d304bfce93540e3d063ca4640a87bd55fa9f,14.489155467999808
97,64,6,3,Batch portfolio,0.6805339818412154,14,0.0,0.0,5.551115123125783e-17,256,IEEE RTS 24-bus,2,3e3d0737d91acb37be515001f911d304bfce93540e3d063ca4640a87bd55fa9f,14.489155467999808
97,64,7,4,Inference portfolio,0.3374214395382333,20,0.0,0.0,5.551115123125783e-17,256,IEEE RTS 24-bus,2,3e3d0737d91acb37be515001f911d304bfce93540e3d063ca4640a87bd55fa9f,14.489155467999808
97,64,8,4,Batch portfolio,0.6625785604617667,20,0.0,0.0,5.551115123125783e-17,256,IEEE RTS 24-bus,2,3e3d0737d91acb37be515001f911d304bfce93540e3d063ca4640a87bd55fa9f,14.489155467999808
97,65,1,1,Inference portfolio,0.3360858524341381,2,0.23403212079241134,3.637978807091713e-12,4.440892098500626e-16,256,IEEE RTS 24-bus,2,3e3d0737d91acb37be515001f911d304bfce93540e3d063ca4640a87bd55fa9f,14.489155467999808
97,65,2,1,Batch portfolio,0.6639141475658619,2,0.46231412257748217,3.637978807091713e-12,4.440892098500626e-16,256,IEEE RTS 24-bus,2,3e3d0737d91acb37be515001f911d304bfce93540e3d063ca4640a87bd55fa9f,14.489155467999808
97,65,3,2,Inference portfolio,0.30397103703587725,7,-0.21166908973161014,3.637978807091713e-12,4.440892098500626e-16,256,IEEE RTS 24-bus,2,3e3d0737d91acb37be515001f911d304bfce93540e3d063ca4640a87bd55fa9f,14.489155467999808
97,65,4,2,Batch portfolio,0.6960289629641228,7,-0.48467715363464486,3.637978807091713e-12,4.440892098500626e-16,256,IEEE RTS 24-bus,2,3e3d0737d91acb37be515001f911d304bfce93540e3d063ca4640a87bd55fa9f,14.489155467999808
97,65,5,3,Inference portfolio,0.3194660181587846,14,0.0,3.637978807091713e-12,4.440892098500626e-16,256,IEEE RTS 24-bus,2,3e3d0737d91acb37be515001f911d304bfce93540e3d063ca4640a87bd55fa9f,14.489155467999808
97,65,6,3,Batch portfolio,0.6805339818412154,14,0.0,3.637978807091713e-12,4.440892098500626e-16,256,IEEE RTS 24-bus,2,3e3d0737d91acb37be515001f911d304bfce93540e3d063ca4640a87bd55fa9f,14.489155467999808
97,65,7,4,Inference portfolio,0.3374214395382333,20,0.0,3.637978807091713e-12,4.440892098500626e-16,256,IEEE RTS 24-bus,2,3e3d0737d91acb37be515001f911d304bfce93540e3d063ca4640a87bd55fa9f,14.489155467999808
97,65,8,4,Batch portfolio,0.6625785604617667,20,0.0,3.637978807091713e-12,4.440892098500626e-16,256,IEEE RTS 24-bus,2,3e3d0737d91acb37be515001f911d304bfce93540e3d063ca4640a87bd55fa9f,14.489155467999808
97,66,1,1,Inference portfolio,0.3360858524341381,2,0.3584347235344771,0.0,-4.440892098500626e-16,256,IEEE RTS 24-bus,2,3e3d0737d91acb37be515001f911d304bfce93540e3d063ca4640a87bd55fa9f,14.489155467999808
97,66,2,1,Batch portfolio,0.6639141475658619,2,0.708062782796484,0.0,-4.440892098500626e-16,256,IEEE RTS 24-bus,2,3e3d0737d91acb37be515001f911d304bfce93540e3d063ca4640a87bd55fa9f,14.489155467999808
97,66,3,2,Inference portfolio,0.30397103703587725,7,-0.3241843529954164,0.0,-4.440892098500626e-16,256,IEEE RTS 24-bus,2,3e3d0737d91acb37be515001f911d304bfce93540e3d063ca4640a87bd55fa9f,14.489155467999808
97,66,4,2,Batch portfolio,0.6960289629641228,7,-0.7423131533355452,0.0,-4.440892098500626e-16,256,IEEE RTS 24-bus,2,3e3d0737d91acb37be515001f911d304bfce93540e3d063ca4640a87bd55fa9f,14.489155467999808
97,66,5,3,Inference portfolio,0.3194660181587846,14,0.0,0.0,-4.440892098500626e-16,256,IEEE RTS 24-bus,2,3e3d0737d91acb37be515001f911d304bfce93540e3d063ca4640a87bd55fa9f,14.489155467999808
97,66,6,3,Batch portfolio,0.6805339818412154,14,0.0,0.0,-4.440892098500626e-16,256,IEEE RTS 24-bus,2,3e3d0737d91acb37be515001f911d304bfce93540e3d063ca4640a87bd55fa9f,14.489155467999808
97,66,7,4,Inference portfolio,0.3374214395382333,20,0.0,0.0,-4.440892098500626e-16,256,IEEE RTS 24-bus,2,3e3d0737d91acb37be515001f911d304bfce93540e3d063ca4640a87bd55fa9f,14.489155467999808
97,66,8,4,Batch portfolio,0.6625785604617667,20,0.0,0.0,-4.440892098500626e-16,256,IEEE RTS 24-bus,2,3e3d0737d91acb37be515001f911d304bfce93540e3d063ca4640a87bd55fa9f,14.489155467999808
97,67,1,1,Inference portfolio,0.3360858524341381,2,0.45924448952897984,0.0,-1.1102230246251565e-15,256,IEEE RTS 24-bus,2,3e3d0737d91acb37be515001f911d304bfce93540e3d063ca4640a87bd55fa9f,14.489155467999808
97,67,2,1,Batch portfolio,0.6639141475658619,2,0.9072054404585577,0.0,-1.1102230246251565e-15,256,IEEE RTS 24-bus,2,3e3d0737d91acb37be515001f911d304bfce93540e3d063ca4640a87bd55fa9f,14.489155467999808
97,67,3,2,Inference portfolio,0.30397103703587725,7,-0.4153612022763208,0.0,-1.1102230246251565e-15,256,IEEE RTS 24-bus,2,3e3d0737d91acb37be515001f911d304bfce93540e3d063ca4640a87bd55fa9f,14.489155467999808
97,67,4,2,Batch portfolio,0.6960289629641228,7,-0.9510887277112178,0.0,-1.1102230246251565e-15,256,IEEE RTS 24-bus,2,3e3d0737d91acb37be515001f911d304bfce93540e3d063ca4640a87bd55fa9f,14.489155467999808
97,67,5,3,Inference portfolio,0.3194660181587846,14,0.0,0.0,-1.1102230246251565e-15,256,IEEE RTS 24-bus,2,3e3d0737d91acb37be515001f911d304bfce93540e3d063ca4640a87bd55fa9f,14.489155467999808
97,67,6,3,Batch portfolio,0.6805339818412154,14,0.0,0.0,-1.1102230246251565e-15,256,IEEE RTS 24-bus,2,3e3d0737d91acb37be515001f911d304bfce93540e3d063ca4640a87bd55fa9f,14.489155467999808
97,67,7,4,Inference portfolio,0.3374214395382333,20,0.0,0.0,-1.1102230246251565e-15,256,IEEE RTS 24-bus,2,3e3d0737d91acb37be515001f911d304bfce93540e3d063ca4640a87bd55fa9f,14.489155467999808
97,67,8,4,Batch portfolio,0.6625785604617667,20,0.0,0.0,-1.1102230246251565e-15,256,IEEE RTS 24-bus,2,3e3d0737d91acb37be515001f911d304bfce93540e3d063ca4640a87bd55fa9f,14.489155467999808
97,68,1,1,Inference portfolio,0.3360858524341381,2,0.15156743907346013,0.0,-2.220446049250313e-16,256,IEEE RTS 24-bus,2,3e3d0737d91acb37be515001f911d304bfce93540e3d063ca4640a87bd55fa9f,14.489155467999808
97,68,2,1,Batch portfolio,0.6639141475658619,2,0.29941089867998005,0.0,-2.220446049250313e-16,256,IEEE RTS 24-bus,2,3e3d0737d91acb37be515001f911d304bfce93540e3d063ca4640a87bd55fa9f,14.489155467999808
97,68,3,2,Inference portfolio,0.30397103703587725,7,-0.13708435300804928,0.0,-2.220446049250313e-16,256,IEEE RTS 24-bus,2,3e3d0737d91acb37be515001f911d304bfce93540e3d063ca4640a87bd55fa9f,14.489155467999808
97,68,4,2,Batch portfolio,0.6960289629641228,7,-0.31389398474539115,0.0,-2.220446049250313e-16,256,IEEE RTS 24-bus,2,3e3d0737d91acb37be515001f911d304bfce93540e3d063ca4640a87bd55fa9f,14.489155467999808
97,68,5,3,Inference portfolio,0.3194660181587846,14,0.0,0.0,-2.220446049250313e-16,256,IEEE RTS 24-bus,2,3e3d0737d91acb37be515001f911d304bfce93540e3d063ca4640a87bd55fa9f,14.489155467999808
97,68,6,3,Batch portfolio,0.6805339818412154,14,0.0,0.0,-2.220446049250313e-16,256,IEEE RTS 24-bus,2,3e3d0737d91acb37be515001f911d304bfce93540e3d063ca4640a87bd55fa9f,14.489155467999808
97,68,7,4,Inference portfolio,0.3374214395382333,20,0.0,0.0,-2.220446049250313e-16,256,IEEE RTS 24-bus,2,3e3d0737d91acb37be515001f911d304bfce93540e3d063ca4640a87bd55fa9f,14.489155467999808
97,68,8,4,Batch portfolio,0.6625785604617667,20,0.0,0.0,-2.220446049250313e-16,256,IEEE RTS 24-bus,2,3e3d0737d91acb37be515001f911d304bfce93540e3d063ca4640a87bd55fa9f,14.489155467999808
97,69,1,1,Inference portfolio,0.3360858524341381,2,0.22684402286555866,0.0,7.771561172376096e-16,256,IEEE RTS 24-bus,2,3e3d0737d91acb37be515001f911d304bfce93540e3d063ca4640a87bd55fa9f,14.489155467999808
97,69,2,1,Batch portfolio,0.6639141475658619,2,0.44811453675007895,0.0,7.771561172376096e-16,256,IEEE RTS 24-bus,2,3e3d0737d91acb37be515001f911d304bfce93540e3d063ca4640a87bd55fa9f,14.489155467999808
97,69,3,2,Inference portfolio,0.30397103703587725,7,-0.20516785332119983,0.0,7.771561172376096e-16,256,IEEE RTS 24-bus,2,3e3d0737d91acb37be515001f911d304bfce93540e3d063ca4640a87bd55fa9f,14.489155467999808
97,69,4,2,Batch portfolio,0.6960289629641228,7,-0.4697907062944369,0.0,7.771561172376096e-16,256,IEEE RTS 24-bus,2,3e3d0737d91acb37be515001f911d304bfce93540e3d063ca4640a87bd55fa9f,14.489155467999808
97,69,5,3,Inference portfolio,0.3194660181587846,14,0.0,0.0,7.771561172376096e-16,256,IEEE RTS 24-bus,2,3e3d0737d91acb37be515001f911d304bfce93540e3d063ca4640a87bd55fa9f,14.489155467999808
97,69,6,3,Batch portfolio,0.6805339818412154,14,0.0,0.0,7.771561172376096e-16,256,IEEE RTS 24-bus,2,3e3d0737d91acb37be515001f911d304bfce93540e3d063ca4640a87bd55fa9f,14.489155467999808
97,69,7,4,Inference portfolio,0.3374214395382333,20,0.0,0.0,7.771561172376096e-16,256,IEEE RTS 24-bus,2,3e3d0737d91acb37be515001f911d304bfce93540e3d063ca4640a87bd55fa9f,14.489155467999808
97,69,8,4,Batch portfolio,0.6625785604617667,20,0.0,0.0,7.771561172376096e-16,256,IEEE RTS 24-bus,2,3e3d0737d91acb37be515001f911d304bfce93540e3d063ca4640a87bd55fa9f,14.489155467999808
97,70,1,1,Inference portfolio,0.3360858524341381,2,0.3456901818126423,0.0,-8.881784197001252e-16,256,IEEE RTS 24-bus,2,3e3d0737d91acb37be515001f911d304bfce93540e3d063ca4640a87bd55fa9f,14.489155467999808
97,70,2,1,Batch portfolio,0.6639141475658619,2,0.6828868300123453,0.0,-8.881784197001252e-16,256,IEEE RTS 24-bus,2,3e3d0737d91acb37be515001f911d304bfce93540e3d063ca4640a87bd55fa9f,14.489155467999808
97,70,3,2,Inference portfolio,0.30397103703587725,7,-0.3126576209560876,0.0,-8.881784197001252e-16,256,IEEE RTS 24-bus,2,3e3d0737d91acb37be515001f911d304bfce93540e3d063ca4640a87bd55fa9f,14.489155467999808
97,70,4,2,Batch portfolio,0.6960289629641228,7,-0.7159193908689008,0.0,-8.881784197001252e-16,256,IEEE RTS 24-bus,2,3e3d0737d91acb37be515001f911d304bfce93540e3d063ca4640a87bd55fa9f,14.489155467999808
97,70,5,3,Inference portfolio,0.3194660181587846,14,0.0,0.0,-8.881784197001252e-16,256,IEEE RTS 24-bus,2,3e3d0737d91acb37be515001f911d304bfce93540e3d063ca4640a87bd55fa9f,14.489155467999808
97,70,6,3,Batch portfolio,0.6805339818412154,14,0.0,0.0,-8.881784197001252e-16,256,IEEE RTS 24-bus,2,3e3d0737d91acb37be515001f911d304bfce93540e3d063ca4640a87bd55fa9f,14.489155467999808
97,70,7,4,Inference portfolio,0.3374214395382333,20,0.0,0.0,-8.881784197001252e-16,256,IEEE RTS 24-bus,2,3e3d0737d91acb37be515001f911d304bfce93540e3d063ca4640a87bd55fa9f,14.489155467999808
97,70,8,4,Batch portfolio,0.6625785604617667,20,0.0,0.0,-8.881784197001252e-16,256,IEEE RTS 24-bus,2,3e3d0737d91acb37be515001f911d304bfce93540e3d063ca4640a87bd55fa9f,14.489155467999808
97,71,1,1,Inference portfolio,0.3360858524341381,2,0.049258315230721,1.8189894035458565e-12,-1.3877787807814457e-16,256,IEEE RTS 24-bus,2,3e3d0737d91acb37be515001f911d304bfce93540e3d063ca4640a87bd55fa9f,14.489155467999808
97,71,2,1,Batch portfolio,0.6639141475658619,2,0.0973063642200031,1.8189894035458565e-12,-1.3877787807814457e-16,256,IEEE RTS 24-bus,2,3e3d0737d91acb37be515001f911d304bfce93540e3d063ca4640a87bd55fa9f,14.489155467999808
97,71,3,2,Inference portfolio,0.30397103703587725,7,-0.04455141760460418,1.8189894035458565e-12,-1.3877787807814457e-16,256,IEEE RTS 24-bus,2,3e3d0737d91acb37be515001f911d304bfce93540e3d063ca4640a87bd55fa9f,14.489155467999808
97,71,4,2,Batch portfolio,0.6960289629641228,7,-0.10201326184430107,1.8189894035458565e-12,-1.3877787807814457e-16,256,IEEE RTS 24-bus,2,3e3d0737d91acb37be515001f911d304bfce93540e3d063ca4640a87bd55fa9f,14.489155467999808
97,71,5,3,Inference portfolio,0.3194660181587846,14,0.0,1.8189894035458565e-12,-1.3877787807814457e-16,256,IEEE RTS 24-bus,2,3e3d0737d91acb37be515001f911d304bfce93540e3d063ca4640a87bd55fa9f,14.489155467999808
97,71,6,3,Batch portfolio,0.6805339818412154,14,0.0,1.8189894035458565e-12,-1.3877787807814457e-16,256,IEEE RTS 24-bus,2,3e3d0737d91acb37be515001f911d304bfce93540e3d063ca4640a87bd55fa9f,14.489155467999808
97,71,7,4,Inference portfolio,0.3374214395382333,20,0.0,1.8189894035458565e-12,-1.3877787807814457e-16,256,IEEE RTS 24-bus,2,3e3d0737d91acb37be515001f911d304bfce93540e3d063ca4640a87bd55fa9f,14.489155467999808
97,71,8,4,Batch portfolio,0.6625785604617667,20,0.0,1.8189894035458565e-12,-1.3877787807814457e-16,256,IEEE RTS 24-bus,2,3e3d0737d91acb37be515001f911d304bfce93540e3d063ca4640a87bd55fa9f,14.489155467999808
98,64,1,1,Inference portfolio,0.3360858524341381,2,0.32743329505910884,0.0,5.551115123125783e-16,256,IEEE RTS 24-bus,2,3e3d0737d91acb37be515001f911d304bfce93540e3d063ca4640a87bd55fa9f,14.096605790000467
98,64,2,1,Batch portfolio,0.6639141475658619,2,0.646821624293352,0.0,5.551115123125783e-16,256,IEEE RTS 24-bus,2,3e3d0737d91acb37be515001f911d304bfce93540e3d063ca4640a87bd55fa9f,14.096605790000467
98,64,3,2,Inference portfolio,0.30397103703587725,7,-0.2961452781736016,0.0,5.551115123125783e-16,256,IEEE RTS 24-bus,2,3e3d0737d91acb37be515001f911d304bfce93540e3d063ca4640a87bd55fa9f,14.096605790000467
98,64,4,2,Batch portfolio,0.6960289629641228,7,-0.6781096411788586,0.0,5.551115123125783e-16,256,IEEE RTS 24-bus,2,3e3d0737d91acb37be515001f911d304bfce93540e3d063ca4640a87bd55fa9f,14.096605790000467
98,64,5,3,Inference portfolio,0.3194660181587846,14,0.0,0.0,5.551115123125783e-16,256,IEEE RTS 24-bus,2,3e3d0737d91acb37be515001f911d304bfce93540e3d063ca4640a87bd55fa9f,14.096605790000467
98,64,6,3,Batch portfolio,0.6805339818412154,14,0.0,0.0,5.551115123125783e-16,256,IEEE RTS 24-bus,2,3e3d0737d91acb37be515001f911d304bfce93540e3d063ca4640a87bd55fa9f,14.096605790000467
98,64,7,4,Inference portfolio,0.3374214395382333,20,0.0,0.0,5.551115123125783e-16,256,IEEE RTS 24-bus,2,3e3d0737d91acb37be515001f911d304bfce93540e3d063ca4640a87bd55fa9f,14.096605790000467
98,64,8,4,Batch portfolio,0.6625785604617667,20,0.0,0.0,5.551115123125783e-16,256,IEEE RTS 24-bus,2,3e3d0737d91acb37be515001f911d304bfce93540e3d063ca4640a87bd55fa9f,14.096605790000467
98,65,1,1,Inference portfolio,0.3360858524341381,2,0.17498388078047383,0.0,3.3306690738754696e-16,256,IEEE RTS 24-bus,2,3e3d0737d91acb37be515001f911d304bfce93540e3d063ca4640a87bd55fa9f,14.096605790000467
98,65,2,1,Batch portfolio,0.6639141475658619,2,0.34566844514408046,0.0,3.3306690738754696e-16,256,IEEE RTS 24-bus,2,3e3d0737d91acb37be515001f911d304bfce93540e3d063ca4640a87bd55fa9f,14.096605790000467
98,65,3,2,Inference portfolio,0.30397103703587725,7,-0.15826322744624108,0.0,3.3306690738754696e-16,256,IEEE RTS 24-bus,2,3e3d0737d91acb37be515001f911d304bfce93540e3d063ca4640a87bd55fa9f,14.096605790000467
98,65,4,2,Batch portfolio,0.6960289629641228,7,-0.36238909847831297,0.0,3.3306690738754696e-16,256,IEEE RTS 24-bus,2,3e3d0737d91acb37be515001f911d304bfce93540e3d063ca4640a87bd55fa9f,14.096605790000467
98,65,5,3,Inference portfolio,0.3194660181587846,14,0.0,0.0,3.3306690738754696e-16,256,IEEE RTS 24-bus,2,3e3d0737d91acb37be515001f911d304bfce93540e3d063ca4640a87bd55fa9f,14.096605790000467
98,65,6,3,Batch portfolio,0.6805339818412154,14,0.0,0.0,3.3306690738754696e-16,256,IEEE RTS 24-bus,2,3e3d0737d91acb37be515001f911d304bfce93540e3d063ca4640a87bd55fa9f,14.096605790000467
98,65,7,4,Inference portfolio,0.3374214395382333,20,0.0,0.0,3.3306690738754696e-16,256,IEEE RTS 24-bus,2,3e3d0737d91acb37be515001f911d304bfce93540e3d063ca4640a87bd55fa9f,14.096605790000467
98,65,8,4,Batch portfolio,0.6625785604617667,20,0.0,0.0,3.3306690738754696e-16,256,IEEE RTS 24-bus,2,3e3d0737d91acb37be515001f911d304bfce93540e3d063ca4640a87bd55fa9f,14.096605790000467
98,66,1,1,Inference portfolio,0.3360858524341381,2,0.3387666764495703,0.0,-6.661338147750939e-16,256,IEEE RTS 24-bus,2,3e3d0737d91acb37be515001f911d304bfce93540e3d063ca4640a87bd55fa9f,14.096605790000467
98,66,2,1,Batch portfolio,0.6639141475658619,2,0.6692099283266849,0.0,-6.661338147750939e-16,256,IEEE RTS 24-bus,2,3e3d0737d91acb37be515001f911d304bfce93540e3d063ca4640a87bd55fa9f,14.096605790000467
98,66,3,2,Inference portfolio,0.30397103703587725,7,-0.306395693861911,0.0,-6.661338147750939e-16,256,IEEE RTS 24-bus,2,3e3d0737d91acb37be515001f911d304bfce93540e3d063ca4640a87bd55fa9f,14.096605790000467
98,66,4,2,Batch portfolio,0.6960289629641228,7,-0.7015809109143448,0.0,-6.661338147750939e-16,256,IEEE RTS 24-bus,2,3e3d0737d91acb37be515001f911d304bfce93540e3d063ca4640a87bd55fa9f,14.096605790000467
98,66,5,3,Inference portfolio,0.3194660181587846,14,0.0,0.0,-6.661338147750939e-16,256,IEEE RTS 24-bus,2,3e3d0737d91acb37be515001f911d304bfce93540e3d063ca4640a87bd55fa9f,14.096605790000467
98,66,6,3,Batch portfolio,0.6805339818412154,14,0.0,0.0,-6.661338147750939e-16,256,IEEE RTS 24-bus,2,3e3d0737d91acb37be515001f911d304bfce93540e3d063ca4640a87bd55fa9f,14.096605790000467
98,66,7,4,Inference portfolio,0.3374214395382333,20,0.0,0.0,-6.661338147750939e-16,256,IEEE RTS 24-bus,2,3e3d0737d91acb37be515001f911d304bfce93540e3d063ca4640a87bd55fa9f,14.096605790000467
98,66,8,4,Batch portfolio,0.6625785604617667,20,0.0,0.0,-6.661338147750939e-16,256,IEEE RTS 24-bus,2,3e3d0737d91acb37be515001f911d304bfce93540e3d063ca4640a87bd55fa9f,14.096605790000467
98,67,1,1,Inference portfolio,0.3360858524341381,2,0.2719570546305476,0.0,-1.1102230246251565e-16,256,IEEE RTS 24-bus,2,3e3d0737d91acb37be515001f911d304bfce93540e3d063ca4640a87bd55fa9f,14.096605790000467
98,67,2,1,Batch portfolio,0.6639141475658619,2,0.5372321827629396,0.0,-1.1102230246251565e-16,256,IEEE RTS 24-bus,2,3e3d0737d91acb37be515001f911d304bfce93540e3d063ca4640a87bd55fa9f,14.096605790000467
98,67,3,2,Inference portfolio,0.30397103703587725,7,-0.24597009164881486,0.0,-1.1102230246251565e-16,256,IEEE RTS 24-bus,2,3e3d0737d91acb37be515001f911d304bfce93540e3d063ca4640a87bd55fa9f,14.096605790000467
98,67,4,2,Batch portfolio,0.6960289629641228,7,-0.5632191457446725,0.0,-1.1102230246251565e-16,256,IEEE RTS 24-bus,2,3e3d0737d91acb37be515001f911d304bfce93540e3d063ca4640a87bd55fa9f,14.096605790000467
98,67,5,3,Inference portfolio,0.3194660181587846,14,0.0,0.0,-1.1102230246251565e-16,256,IEEE RTS 24-bus,2,3e3d0737d91acb37be515001f911d304bfce93540e3d063ca4640a87bd55fa9f,14.096605790000467
98,67,6,3,Batch portfolio,0.6805339818412154,14,0.0,0.0,-1.1102230246251565e-16,256,IEEE RTS 24-bus,2,3e3d0737d91acb37be515001f911d304bfce93540e3d063ca4640a87bd55fa9f,14.096605790000467
98,67,7,4,Inference portfolio,0.3374214395382333,20,0.0,0.0,-1.1102230246251565e-16,256,IEEE RTS 24-bus,2,3e3d0737d91acb37be515001f911d304bfce93540e3d063ca4640a87bd55fa9f,14.096605790000467
98,67,8,4,Batch portfolio,0.6625785604617667,20,0.0,0.0,-1.1102230246251565e-16,256,IEEE RTS 24-bus,2,3e3d0737d91acb37be515001f911d304bfce93540e3d063ca4640a87bd55fa9f,14.096605790000467
98,68,1,1,Inference portfolio,0.3360858524341381,2,0.36707808054825364,0.0,0.0,256,IEEE RTS 24-bus,2,3e3d0737d91acb37be515001f911d304bfce93540e3d063ca4640a87bd55fa9f,14.096605790000467
98,68,2,1,Batch portfolio,0.6639141475658619,2,0.7251371313964223,0.0,0.0,256,IEEE RTS 24-bus,2,3e3d0737d91acb37be515001f911d304bfce93540e3d063ca4640a87bd55fa9f,14.096605790000467
98,68,3,2,Inference portfolio,0.30397103703587725,7,-0.33200179064063656,0.0,0.0,256,IEEE RTS 24-bus,2,3e3d0737d91acb37be515001f911d304bfce93540e3d063ca4640a87bd55fa9f,14.096605790000467
98,68,4,2,Batch portfolio,0.6960289629641228,7,-0.7602134213040395,0.0,0.0,256,IEEE RTS 24-bus,2,3e3d0737d91acb37be515001f911d304bfce93540e3d063ca4640a87bd55fa9f,14.096605790000467
98,68,5,3,Inference portfolio,0.3194660181587846,14,0.0,0.0,0.0,256,IEEE RTS 24-bus,2,3e3d0737d91acb37be515001f911d304bfce93540e3d063ca4640a87bd55fa9f,14.096605790000467
98,68,6,3,Batch portfolio,0.6805339818412154,14,0.0,0.0,0.0,256,IEEE RTS 24-bus,2,3e3d0737d91acb37be515001f911d304bfce93540e3d063ca4640a87bd55fa9f,14.096605790000467
98,68,7,4,Inference portfolio,0.3374214395382333,20,0.0,0.0,0.0,256,IEEE RTS 24-bus,2,3e3d0737d91acb37be515001f911d304bfce93540e3d063ca4640a87bd55fa9f,14.096605790000467
98,68,8,4,Batch portfolio,0.6625785604617667,20,0.0,0.0,0.0,256,IEEE RTS 24-bus,2,3e3d0737d91acb37be515001f911d304bfce93540e3d063ca4640a87bd55fa9f,14.096605790000467
98,69,1,1,Inference portfolio,0.3360858524341381,2,0.27654332569894347,0.0,-1.1102230246251565e-16,256,IEEE RTS 24-bus,2,3e3d0737d91acb37be515001f911d304bfce93540e3d063ca4640a87bd55fa9f,14.096605790000467
98,69,2,1,Batch portfolio,0.6639141475658619,2,0.5462920412051058,0.0,-1.1102230246251565e-16,256,IEEE RTS 24-bus,2,3e3d0737d91acb37be515001f911d304bfce93540e3d063ca4640a87bd55fa9f,14.096605790000467
98,69,3,2,Inference portfolio,0.30397103703587725,7,-0.2501181197878088,0.0,-1.1102230246251565e-16,256,IEEE RTS 24-bus,2,3e3d0737d91acb37be515001f911d304bfce93540e3d063ca4640a87bd55fa9f,14.096605790000467
98,69,4,2,Batch portfolio,0.6960289629641228,7,-0.5727172471162406,0.0,-1.1102230246251565e-16,256,IEEE RTS 24-bus,2,3e3d0737d91acb37be515001f911d304bfce93540e3d063ca4640a87bd55fa9f,14.096605790000467
98,69,5,3,Inference portfolio,0.3194660181587846,14,0.0,0.0,-1.1102230246251565e-16,256,IEEE RTS 24-bus,2,3e3d0737d91acb37be515001f911d304bfce93540e3d063ca4640a87bd55fa9f,14.096605790000467
98,69,6,3,Batch portfolio,0.6805339818412154,14,0.0,0.0,-1.1102230246251565e-16,256,IEEE RTS 24-bus,2,3e3d0737d91acb37be515001f911d304bfce93540e3d063ca4640a87bd55fa9f,14.096605790000467
98,69,7,4,Inference portfolio,0.3374214395382333,20,0.0,0.0,-1.1102230246251565e-16,256,IEEE RTS 24-bus,2,3e3d0737d91acb37be515001f911d304bfce93540e3d063ca4640a87bd55fa9f,14.096605790000467
98,69,8,4,Batch portfolio,0.6625785604617667,20,0.0,0.0,-1.1102230246251565e-16,256,IEEE RTS 24-bus,2,3e3d0737d91acb37be515001f911d304bfce93540e3d063ca4640a87bd55fa9f,14.096605790000467
98,70,1,1,Inference portfolio,0.3360858524341381,2,0.15562452502005428,3.637978807091713e-12,-6.106226635438361e-16,256,IEEE RTS 24-bus,2,3e3d0737d91acb37be515001f911d304bfce93540e3d063ca4640a87bd55fa9f,14.096605790000467
98,70,2,1,Batch portfolio,0.6639141475658619,2,0.3074253888398741,3.637978807091713e-12,-6.106226635438361e-16,256,IEEE RTS 24-bus,2,3e3d0737d91acb37be515001f911d304bfce93540e3d063ca4640a87bd55fa9f,14.096605790000467
98,70,3,2,Inference portfolio,0.30397103703587725,7,-0.14075376251397148,3.637978807091713e-12,-6.106226635438361e-16,256,IEEE RTS 24-bus,2,3e3d0737d91acb37be515001f911d304bfce93540e3d063ca4640a87bd55fa9f,14.096605790000467
98,70,4,2,Batch portfolio,0.6960289629641228,7,-0.3222961513423195,3.637978807091713e-12,-6.106226635438361e-16,256,IEEE RTS 24-bus,2,3e3d0737d91acb37be515001f911d304bfce93540e3d063ca4640a87bd55fa9f,14.096605790000467
98,70,5,3,Inference portfolio,0.3194660181587846,14,0.0,3.637978807091713e-12,-6.106226635438361e-16,256,IEEE RTS 24-bus,2,3e3d0737d91acb37be515001f911d304bfce93540e3d063ca4640a87bd55fa9f,14.096605790000467
98,70,6,3,Batch portfolio,0.6805339818412154,14,0.0,3.637978807091713e-12,-6.106226635438361e-16,256,IEEE RTS 24-bus,2,3e3d0737d91acb37be515001f911d304bfce93540e3d063ca4640a87bd55fa9f,14.096605790000467
98,70,7,4,Inference portfolio,0.3374214395382333,20,0.0,3.637978807091713e-12,-6.106226635438361e-16,256,IEEE RTS 24-bus,2,3e3d0737d91acb37be515001f911d304bfce93540e3d063ca4640a87bd55fa9f,14.096605790000467
98,70,8,4,Batch portfolio,0.6625785604617667,20,0.0,3.637978807091713e-12,-6.106226635438361e-16,256,IEEE RTS 24-bus,2,3e3d0737d91acb37be515001f911d304bfce93540e3d063ca4640a87bd55fa9f,14.096605790000467
98,71,1,1,Inference portfolio,0.3360858524341381,2,0.03382374913295885,0.0,9.71445146547012e-17,256,IEEE RTS 24-bus,2,3e3d0737d91acb37be515001f911d304bfce93540e3d063ca4640a87bd55fa9f,14.096605790000467
98,71,2,1,Batch portfolio,0.6639141475658619,2,0.06681645600383493,0.0,9.71445146547012e-17,256,IEEE RTS 24-bus,2,3e3d0737d91acb37be515001f911d304bfce93540e3d063ca4640a87bd55fa9f,14.096605790000467
98,71,3,2,Inference portfolio,0.30397103703587725,7,-0.030591707523247667,0.0,9.71445146547012e-17,256,IEEE RTS 24-bus,2,3e3d0737d91acb37be515001f911d304bfce93540e3d063ca4640a87bd55fa9f,14.096605790000467
98,71,4,2,Batch portfolio,0.6960289629641228,7,-0.07004849761354602,0.0,9.71445146547012e-17,256,IEEE RTS 24-bus,2,3e3d0737d91acb37be515001f911d304bfce93540e3d063ca4640a87bd55fa9f,14.096605790000467
98,71,5,3,Inference portfolio,0.3194660181587846,14,0.0,0.0,9.71445146547012e-17,256,IEEE RTS 24-bus,2,3e3d0737d91acb37be515001f911d304bfce93540e3d063ca4640a87bd55fa9f,14.096605790000467
98,71,6,3,Batch portfolio,0.6805339818412154,14,0.0,0.0,9.71445146547012e-17,256,IEEE RTS 24-bus,2,3e3d0737d91acb37be515001f911d304bfce93540e3d063ca4640a87bd55fa9f,14.096605790000467
98,71,7,4,Inference portfolio,0.3374214395382333,20,0.0,0.0,9.71445146547012e-17,256,IEEE RTS 24-bus,2,3e3d0737d91acb37be515001f911d304bfce93540e3d063ca4640a87bd55fa9f,14.096605790000467
98,71,8,4,Batch portfolio,0.6625785604617667,20,0.0,0.0,9.71445146547012e-17,256,IEEE RTS 24-bus,2,3e3d0737d91acb37be515001f911d304bfce93540e3d063ca4640a87bd55fa9f,14.096605790000467
99,64,1,1,Inference portfolio,0.3360858524341381,2,0.1989295076108041,1.8189894035458565e-12,0.0,256,IEEE RTS 24-bus,2,3e3d0737d91acb37be515001f911d304bfce93540e3d063ca4640a87bd55fa9f,14.861499948998244
99,64,2,1,Batch portfolio,0.6639141475658619,2,0.3929713598910584,1.8189894035458565e-12,0.0,256,IEEE RTS 24-bus,2,3e3d0737d91acb37be515001f911d304bfce93540e3d063ca4640a87bd55fa9f,14.861499948998244
99,64,3,2,Inference portfolio,0.30397103703587725,7,-0.17992072051599,1.8189894035458565e-12,0.0,256,IEEE RTS 24-bus,2,3e3d0737d91acb37be515001f911d304bfce93540e3d063ca4640a87bd55fa9f,14.861499948998244
99,64,4,2,Batch portfolio,0.6960289629641228,7,-0.41198014698405355,1.8189894035458565e-12,0.0,256,IEEE RTS 24-bus,2,3e3d0737d91acb37be515001f911d304bfce93540e3d063ca4640a87bd55fa9f,14.861499948998244
99,64,5,3,Inference portfolio,0.3194660181587846,14,0.0,1.8189894035458565e-12,0.0,256,IEEE RTS 24-bus,2,3e3d0737d91acb37be515001f911d304bfce93540e3d063ca4640a87bd55fa9f,14.861499948998244
99,64,6,3,Batch portfolio,0.6805339818412154,14,0.0,1.8189894035458565e-12,0.0,256,IEEE RTS 24-bus,2,3e3d0737d91acb37be515001f911d304bfce93540e3d063ca4640a87bd55fa9f,14.861499948998244
99,64,7,4,Inference portfolio,0.3374214395382333,20,0.0,1.8189894035458565e-12,0.0,256,IEEE RTS 24-bus,2,3e3d0737d91acb37be515001f911d304bfce93540e3d063ca4640a87bd55fa9f,14.861499948998244
99,64,8,4,Batch portfolio,0.6625785604617667,20,0.0,1.8189894035458565e-12,0.0,256,IEEE RTS 24-bus,2,3e3d0737d91acb37be515001f911d304bfce93540e3d063ca4640a87bd55fa9f,14.861499948998244
99,65,1,1,Inference portfolio,0.3360858524341381,2,0.11866976390532104,0.0,3.885780586188048e-16,256,IEEE RTS 24-bus,2,3e3d0737d91acb37be515001f911d304bfce93540e3d063ca4640a87bd55fa9f,14.861499948998244
99,65,2,1,Batch portfolio,0.6639141475658619,2,0.23442383716822726,0.0,3.885780586188048e-16,256,IEEE RTS 24-bus,2,3e3d0737d91acb37be515001f911d304bfce93540e3d063ca4640a87bd55fa9f,14.861499948998244
99,65,3,2,Inference portfolio,0.30397103703587725,7,-0.10733022808926765,0.0,3.885780586188048e-16,256,IEEE RTS 24-bus,2,3e3d0737d91acb37be515001f911d304bfce93540e3d063ca4640a87bd55fa9f,14.861499948998244
99,65,4,2,Batch portfolio,0.6960289629641228,7,-0.24576337298428028,0.0,3.885780586188048e-16,256,IEEE RTS 24-bus,2,3e3d0737d91acb37be515001f911d304bfce93540e3d063ca4640a87bd55fa9f,14.861499948998244
99,65,5,3,Inference portfolio,0.3194660181587846,14,0.0,0.0,3.885780586188048e-16,256,IEEE RTS 24-bus,2,3e3d0737d91acb37be515001f911d304bfce93540e3d063ca4640a87bd55fa9f,14.861499948998244
99,65,6,3,Batch portfolio,0.6805339818412154,14,0.0,0.0,3.885780586188048e-16,256,IEEE RTS 24-bus,2,3e3d0737d91acb37be515001f911d304bfce93540e3d063ca4640a87bd55fa9f,14.861499948998244
99,65,7,4,Inference portfolio,0.3374214395382333,20,0.0,0.0,3.885780586188048e-16,256,IEEE RTS 24-bus,2,3e3d0737d91acb37be515001f911d304bfce93540e3d063ca4640a87bd55fa9f,14.861499948998244
99,65,8,4,Batch portfolio,0.6625785604617667,20,0.0,0.0,3.885780586188048e-16,256,IEEE RTS 24-bus,2,3e3d0737d91acb37be515001f911d304bfce93540e3d063ca4640a87bd55fa9f,14.861499948998244
99,66,1,1,Inference portfolio,0.3360858524341381,2,0.17560126342505075,0.0,5.551115123125783e-16,256,IEEE RTS 24-bus,2,3e3d0737d91acb37be515001f911d304bfce93540e3d063ca4640a87bd55fa9f,14.861499948998244
99,66,2,1,Batch portfolio,0.6639141475658619,2,0.34688804147299435,0.0,5.551115123125783e-16,256,IEEE RTS 24-bus,2,3e3d0737d91acb37be515001f911d304bfce93540e3d063ca4640a87bd55fa9f,14.861499948998244
99,66,3,2,Inference portfolio,0.30397103703587725,7,-0.15882161585068388,0.0,5.551115123125783e-16,256,IEEE RTS 24-bus,2,3e3d0737d91acb37be515001f911d304bfce93540e3d063ca4640a87bd55fa9f,14.861499948998244
99,66,4,2,Batch portfolio,0.6960289629641228,7,-0.36366768904736063,0.0,5.551115123125783e-16,256,IEEE RTS 24-bus,2,3e3d0737d91acb37be515001f911d304bfce93540e3d063ca4640a87bd55fa9f,14.861499948998244
99,66,5,3,Inference portfolio,0.3194660181587846,14,0.0,0.0,5.551115123125783e-16,256,IEEE RTS 24-bus,2,3e3d0737d91acb37be515001f911d304bfce93540e3d063ca4640a87bd55fa9f,14.861499948998244
99,66,6,3,Batch portfolio,0.6805339818412154,14,0.0,0.0,5.551115123125783e-16,256,IEEE RTS 24-bus,2,3e3d0737d91acb37be515001f911d304bfce93540e3d063ca4640a87bd55fa9f,14.861499948998244
99,66,7,4,Inference portfolio,0.3374214395382333,20,0.0,0.0,5.551115123125783e-16,256,IEEE RTS 24-bus,2,3e3d0737d91acb37be515001f911d304bfce93540e3d063ca4640a87bd55fa9f,14.861499948998244
99,66,8,4,Batch portfolio,0.6625785604617667,20,0.0,0.0,5.551115123125783e-16,256,IEEE RTS 24-bus,2,3e3d0737d91acb37be515001f911d304bfce93540e3d063ca4640a87bd55fa9f,14.861499948998244
99,67,1,1,Inference portfolio,0.3360858524341381,2,0.34860069999316134,0.0,2.886579864025407e-15,256,IEEE RTS 24-bus,2,3e3d0737d91acb37be515001f911d304bfce93540e3d063ca4640a87bd55fa9f,14.861499948998244
99,67,2,1,Batch portfolio,0.6639141475658619,2,0.6886363555619647,0.0,2.886579864025407e-15,256,IEEE RTS 24-bus,2,3e3d0737d91acb37be515001f911d304bfce93540e3d063ca4640a87bd55fa9f,14.861499948998244
99,67,3,2,Inference portfolio,0.30397103703587725,7,-0.3152900234293455,0.0,2.886579864025407e-15,256,IEEE RTS 24-bus,2,3e3d0737d91acb37be515001f911d304bfce93540e3d063ca4640a87bd55fa9f,14.861499948998244
99,67,4,2,Batch portfolio,0.6960289629641228,7,-0.7219470321257776,0.0,2.886579864025407e-15,256,IEEE RTS 24-bus,2,3e3d0737d91acb37be515001f911d304bfce93540e3d063ca4640a87bd55fa9f,14.861499948998244
99,67,5,3,Inference portfolio,0.3194660181587846,14,0.0,0.0,2.886579864025407e-15,256,IEEE RTS 24-bus,2,3e3d0737d91acb37be515001f911d304bfce93540e3d063ca4640a87bd55fa9f,14.861499948998244
99,67,6,3,Batch portfolio,0.6805339818412154,14,0.0,0.0,2.886579864025407e-15,256,IEEE RTS 24-bus,2,3e3d0737d91acb37be515001f911d304bfce93540e3d063ca4640a87bd55fa9f,14.861499948998244
99,67,7,4,Inference portfolio,0.3374214395382333,20,0.0,0.0,2.886579864025407e-15,256,IEEE RTS 24-bus,2,3e3d0737d91acb37be515001f911d304bfce93540e3d063ca4640a87bd55fa9f,14.861499948998244
99,67,8,4,Batch portfolio,0.6625785604617667,20,0.0,0.0,2.886579864025407e-15,256,IEEE RTS 24-bus,2,3e3d0737d91acb37be515001f911d304bfce93540e3d063ca4640a87bd55fa9f,14.861499948998244
99,68,1,1,Inference portfolio,0.3360858524341381,2,0.40632597719544106,0.0,-4.440892098500626e-16,256,IEEE RTS 24-bus,2,3e3d0737d91acb37be515001f911d304bfce93540e3d063ca4640a87bd55fa9f,14.861499948998244
99,68,2,1,Batch portfolio,0.6639141475658619,2,0.8026686122889256,0.0,-4.440892098500626e-16,256,IEEE RTS 24-bus,2,3e3d0737d91acb37be515001f911d304bfce93540e3d063ca4640a87bd55fa9f,14.861499948998244
99,68,3,2,Inference portfolio,0.30397103703587725,7,-0.36749933913673255,0.0,-4.440892098500626e-16,256,IEEE RTS 24-bus,2,3e3d0737d91acb37be515001f911d304bfce93540e3d063ca4640a87bd55fa9f,14.861499948998244
99,68,4,2,Batch portfolio,0.6960289629641228,7,-0.8414952503476347,0.0,-4.440892098500626e-16,256,IEEE RTS 24-bus,2,3e3d0737d91acb37be515001f911d304bfce93540e3d063ca4640a87bd55fa9f,14.861499948998244
99,68,5,3,Inference portfolio,0.3194660181587846,14,0.0,0.0,-4.440892098500626e-16,256,IEEE RTS 24-bus,2,3e3d0737d91acb37be515001f911d304bfce93540e3d063ca4640a87bd55fa9f,14.861499948998244
99,68,6,3,Batch portfolio,0.6805339818412154,14,0.0,0.0,-4.440892098500626e-16,256,IEEE RTS 24-bus,2,3e3d0737d91acb37be515001f911d304bfce93540e3d063ca4640a87bd55fa9f,14.861499948998244
99,68,7,4,Inference portfolio,0.3374214395382333,20,0.0,0.0,-4.440892098500626e-16,256,IEEE RTS 24-bus,2,3e3d0737d91acb37be515001f911d304bfce93540e3d063ca4640a87bd55fa9f,14.861499948998244
99,68,8,4,Batch portfolio,0.6625785604617667,20,0.0,0.0,-4.440892098500626e-16,256,IEEE RTS 24-bus,2,3e3d0737d91acb37be515001f911d304bfce93540e3d063ca4640a87bd55fa9f,14.861499948998244
99,69,1,1,Inference portfolio,0.3360858524341381,2,0.3589198098963305,0.0,6.661338147750939e-16,256,IEEE RTS 24-bus,2,3e3d0737d91acb37be515001f911d304bfce93540e3d063ca4640a87bd55fa9f,14.861499948998244
99,69,2,1,Batch portfolio,0.6639141475658619,2,0.7090210370550569,0.0,6.661338147750939e-16,256,IEEE RTS 24-bus,2,3e3d0737d91acb37be515001f911d304bfce93540e3d063ca4640a87bd55fa9f,14.861499948998244
99,69,3,2,Inference portfolio,0.30397103703587725,7,-0.32462308674060547,0.0,6.661338147750939e-16,256,IEEE RTS 24-bus,2,3e3d0737d91acb37be515001f911d304bfce93540e3d063ca4640a87bd55fa9f,14.861499948998244
99,69,4,2,Batch portfolio,0.6960289629641228,7,-0.7433177602107812,0.0,6.661338147750939e-16,256,IEEE RTS 24-bus,2,3e3d0737d91acb37be515001f911d304bfce93540e3d063ca4640a87bd55fa9f,14.861499948998244
99,69,5,3,Inference portfolio,0.3194660181587846,14,0.0,0.0,6.661338147750939e-16,256,IEEE RTS 24-bus,2,3e3d0737d91acb37be515001f911d304bfce93540e3d063ca4640a87bd55fa9f,14.861499948998244
99,69,6,3,Batch portfolio,0.6805339818412154,14,0.0,0.0,6.661338147750939e-16,256,IEEE RTS 24-bus,2,3e3d0737d91acb37be515001f911d304bfce93540e3d063ca4640a87bd55fa9f,14.861499948998244
99,69,7,4,Inference portfolio,0.3374214395382333,20,0.0,0.0,6.661338147750939e-16,256,IEEE RTS 24-bus,2,3e3d0737d91acb37be515001f911d304bfce93540e3d063ca4640a87bd55fa9f,14.861499948998244
99,69,8,4,Batch portfolio,0.6625785604617667,20,0.0,0.0,6.661338147750939e-16,256,IEEE RTS 24-bus,2,3e3d0737d91acb37be515001f911d304bfce93540e3d063ca4640a87bd55fa9f,14.861499948998244
99,70,1,1,Inference portfolio,0.3360858524341381,2,0.15315499444401823,0.0,7.216449660063518e-16,256,IEEE RTS 24-bus,2,3e3d0737d91acb37be515001f911d304bfce93540e3d063ca4640a87bd55fa9f,14.861499948998244
99,70,2,1,Batch portfolio,0.6639141475658619,2,0.30254700352437236,0.0,7.216449660063518e-16,256,IEEE RTS 24-bus,2,3e3d0737d91acb37be515001f911d304bfce93540e3d063ca4640a87bd55fa9f,14.861499948998244
99,70,3,2,Inference portfolio,0.30397103703587725,7,-0.13852020890180916,0.0,7.216449660063518e-16,256,IEEE RTS 24-bus,2,3e3d0737d91acb37be515001f911d304bfce93540e3d063ca4640a87bd55fa9f,14.861499948998244
99,70,4,2,Batch portfolio,0.6960289629641228,7,-0.31718178906658073,0.0,7.216449660063518e-16,256,IEEE RTS 24-bus,2,3e3d0737d91acb37be515001f911d304bfce93540e3d063ca4640a87bd55fa9f,14.861499948998244
99,70,5,3,Inference portfolio,0.3194660181587846,14,0.0,0.0,7.216449660063518e-16,256,IEEE RTS 24-bus,2,3e3d0737d91acb37be515001f911d304bfce93540e3d063ca4640a87bd55fa9f,14.861499948998244
99,70,6,3,Batch portfolio,0.6805339818412154,14,0.0,0.0,7.216449660063518e-16,256,IEEE RTS 24-bus,2,3e3d0737d91acb37be515001f911d304bfce93540e3d063ca4640a87bd55fa9f,14.861499948998244
99,70,7,4,Inference portfolio,0.3374214395382333,20,0.0,0.0,7.216449660063518e-16,256,IEEE RTS 24-bus,2,3e3d0737d91acb37be515001f911d304bfce93540e3d063ca4640a87bd55fa9f,14.861499948998244
99,70,8,4,Batch portfolio,0.6625785604617667,20,0.0,0.0,7.216449660063518e-16,256,IEEE RTS 24-bus,2,3e3d0737d91acb37be515001f911d304bfce93540e3d063ca4640a87bd55fa9f,14.861499948998244
99,71,1,1,Inference portfolio,0.3360858524341381,2,0.06747110322400354,0.0,0.0,256,IEEE RTS 24-bus,2,3e3d0737d91acb37be515001f911d304bfce93540e3d063ca4640a87bd55fa9f,14.861499948998244
99,71,2,1,Batch portfolio,0.6639141475658619,2,0.13328445591499383,0.0,0.0,256,IEEE RTS 24-bus,2,3e3d0737d91acb37be515001f911d304bfce93540e3d063ca4640a87bd55fa9f,14.861499948998244
99,71,3,2,Inference portfolio,0.30397103703587725,7,-0.06102387550223901,0.0,0.0,256,IEEE RTS 24-bus,2,3e3d0737d91acb37be515001f911d304bfce93540e3d063ca4640a87bd55fa9f,14.861499948998244
99,71,4,2,Batch portfolio,0.6960289629641228,7,-0.13973168363675836,0.0,0.0,256,IEEE RTS 24-bus,2,3e3d0737d91acb37be515001f911d304bfce93540e3d063ca4640a87bd55fa9f,14.861499948998244
99,71,5,3,Inference portfolio,0.3194660181587846,14,0.0,0.0,0.0,256,IEEE RTS 24-bus,2,3e3d0737d91acb37be515001f911d304bfce93540e3d063ca4640a87bd55fa9f,14.861499948998244
99,71,6,3,Batch portfolio,0.6805339818412154,14,0.0,0.0,0.0,256,IEEE RTS 24-bus,2,3e3d0737d91acb37be515001f911d304bfce93540e3d063ca4640a87bd55fa9f,14.861499948998244
99,71,7,4,Inference portfolio,0.3374214395382333,20,0.0,0.0,0.0,256,IEEE RTS 24-bus,2,3e3d0737d91acb37be515001f911d304bfce93540e3d063ca4640a87bd55fa9f,14.861499948998244
99,71,8,4,Batch portfolio,0.6625785604617667,20,0.0,0.0,0.0,256,IEEE RTS 24-bus,2,3e3d0737d91acb37be515001f911d304bfce93540e3d063ca4640a87bd55fa9f,14.861499948998244
100,64,1,1,Inference portfolio,0.3360858524341381,2,0.022843157823293346,0.0,1.3877787807814457e-17,256,IEEE RTS 24-bus,2,3e3d0737d91acb37be515001f911d304bfce93540e3d063ca4640a87bd55fa9f,13.7084878200003
100,64,2,1,Batch portfolio,0.6639141475658619,2,0.045125064160098885,0.0,1.3877787807814457e-17,256,IEEE RTS 24-bus,2,3e3d0737d91acb37be515001f911d304bfce93540e3d063ca4640a87bd55fa9f,13.7084878200003
100,64,3,2,Inference portfolio,0.30397103703587725,7,-0.020660370922845124,0.0,1.3877787807814457e-17,256,IEEE RTS 24-bus,2,3e3d0737d91acb37be515001f911d304bfce93540e3d063ca4640a87bd55fa9f,13.7084878200003
100,64,4,2,Batch portfolio,0.6960289629641228,7,-0.047307851060547086,0.0,1.3877787807814457e-17,256,IEEE RTS 24-bus,2,3e3d0737d91acb37be515001f911d304bfce93540e3d063ca4640a87bd55fa9f,13.7084878200003
100,64,5,3,Inference portfolio,0.3194660181587846,14,0.0,0.0,1.3877787807814457e-17,256,IEEE RTS 24-bus,2,3e3d0737d91acb37be515001f911d304bfce93540e3d063ca4640a87bd55fa9f,13.7084878200003
100,64,6,3,Batch portfolio,0.6805339818412154,14,0.0,0.0,1.3877787807814457e-17,256,IEEE RTS 24-bus,2,3e3d0737d91acb37be515001f911d304bfce93540e3d063ca4640a87bd55fa9f,13.7084878200003
100,64,7,4,Inference portfolio,0.3374214395382333,20,0.0,0.0,1.3877787807814457e-17,256,IEEE RTS 24-bus,2,3e3d0737d91acb37be515001f911d304bfce93540e3d063ca4640a87bd55fa9f,13.7084878200003
100,64,8,4,Batch portfolio,0.6625785604617667,20,0.0,0.0,1.3877787807814457e-17,256,IEEE RTS 24-bus,2,3e3d0737d91acb37be515001f911d304bfce93540e3d063ca4640a87bd55fa9f,13.7084878200003
100,65,1,1,Inference portfolio,0.3360858524341381,2,0.0,0.0,0.0,256,IEEE RTS 24-bus,2,3e3d0737d91acb37be515001f911d304bfce93540e3d063ca4640a87bd55fa9f,13.7084878200003
100,65,2,1,Batch portfolio,0.6639141475658619,2,0.0,0.0,0.0,256,IEEE RTS 24-bus,2,3e3d0737d91acb37be515001f911d304bfce93540e3d063ca4640a87bd55fa9f,13.7084878200003
100,65,3,2,Inference portfolio,0.30397103703587725,7,0.0,0.0,0.0,256,IEEE RTS 24-bus,2,3e3d0737d91acb37be515001f911d304bfce93540e3d063ca4640a87bd55fa9f,13.7084878200003
100,65,4,2,Batch portfolio,0.6960289629641228,7,0.0,0.0,0.0,256,IEEE RTS 24-bus,2,3e3d0737d91acb37be515001f911d304bfce93540e3d063ca4640a87bd55fa9f,13.7084878200003
100,65,5,3,Inference portfolio,0.3194660181587846,14,0.0,0.0,0.0,256,IEEE RTS 24-bus,2,3e3d0737d91acb37be515001f911d304bfce93540e3d063ca4640a87bd55fa9f,13.7084878200003
100,65,6,3,Batch portfolio,0.6805339818412154,14,0.0,0.0,0.0,256,IEEE RTS 24-bus,2,3e3d0737d91acb37be515001f911d304bfce93540e3d063ca4640a87bd55fa9f,13.7084878200003
100,65,7,4,Inference portfolio,0.3374214395382333,20,0.0,0.0,0.0,256,IEEE RTS 24-bus,2,3e3d0737d91acb37be515001f911d304bfce93540e3d063ca4640a87bd55fa9f,13.7084878200003
100,65,8,4,Batch portfolio,0.6625785604617667,20,0.0,0.0,0.0,256,IEEE RTS 24-bus,2,3e3d0737d91acb37be515001f911d304bfce93540e3d063ca4640a87bd55fa9f,13.7084878200003
100,66,1,1,Inference portfolio,0.3360858524341381,2,0.0,0.0,0.0,256,IEEE RTS 24-bus,2,3e3d0737d91acb37be515001f911d304bfce93540e3d063ca4640a87bd55fa9f,13.7084878200003
100,66,2,1,Batch portfolio,0.6639141475658619,2,0.0,0.0,0.0,256,IEEE RTS 24-bus,2,3e3d0737d91acb37be515001f911d304bfce93540e3d063ca4640a87bd55fa9f,13.7084878200003
100,66,3,2,Inference portfolio,0.30397103703587725,7,0.0,0.0,0.0,256,IEEE RTS 24-bus,2,3e3d0737d91acb37be515001f911d304bfce93540e3d063ca4640a87bd55fa9f,13.7084878200003
100,66,4,2,Batch portfolio,0.6960289629641228,7,0.0,0.0,0.0,256,IEEE RTS 24-bus,2,3e3d0737d91acb37be515001f911d304bfce93540e3d063ca4640a87bd55fa9f,13.7084878200003
100,66,5,3,Inference portfolio,0.3194660181587846,14,0.0,0.0,0.0,256,IEEE RTS 24-bus,2,3e3d0737d91acb37be515001f911d304bfce93540e3d063ca4640a87bd55fa9f,13.7084878200003
100,66,6,3,Batch portfolio,0.6805339818412154,14,0.0,0.0,0.0,256,IEEE RTS 24-bus,2,3e3d0737d91acb37be515001f911d304bfce93540e3d063ca4640a87bd55fa9f,13.7084878200003
100,66,7,4,Inference portfolio,0.3374214395382333,20,0.0,0.0,0.0,256,IEEE RTS 24-bus,2,3e3d0737d91acb37be515001f911d304bfce93540e3d063ca4640a87bd55fa9f,13.7084878200003
100,66,8,4,Batch portfolio,0.6625785604617667,20,0.0,0.0,0.0,256,IEEE RTS 24-bus,2,3e3d0737d91acb37be515001f911d304bfce93540e3d063ca4640a87bd55fa9f,13.7084878200003
100,67,1,1,Inference portfolio,0.3360858524341381,2,0.0059974313976454115,1.8189894035458565e-12,-2.0816681711721685e-17,256,IEEE RTS 24-bus,2,3e3d0737d91acb37be515001f911d304bfce93540e3d063ca4640a87bd55fa9f,13.7084878200003
100,67,2,1,Batch portfolio,0.6639141475658619,2,0.011847507193882232,1.8189894035458565e-12,-2.0816681711721685e-17,256,IEEE RTS 24-bus,2,3e3d0737d91acb37be515001f911d304bfce93540e3d063ca4640a87bd55fa9f,13.7084878200003
100,67,3,2,Inference portfolio,0.30397103703587725,7,-0.005424344488195249,1.8189894035458565e-12,-2.0816681711721685e-17,256,IEEE RTS 24-bus,2,3e3d0737d91acb37be515001f911d304bfce93540e3d063ca4640a87bd55fa9f,13.7084878200003
100,67,4,2,Batch portfolio,0.6960289629641228,7,-0.012420594101513424,1.8189894035458565e-12,-2.0816681711721685e-17,256,IEEE RTS 24-bus,2,3e3d0737d91acb37be515001f911d304bfce93540e3d063ca4640a87bd55fa9f,13.7084878200003
100,67,5,3,Inference portfolio,0.3194660181587846,14,0.0,1.8189894035458565e-12,-2.0816681711721685e-17,256,IEEE RTS 24-bus,2,3e3d0737d91acb37be515001f911d304bfce93540e3d063ca4640a87bd55fa9f,13.7084878200003
100,67,6,3,Batch portfolio,0.6805339818412154,14,0.0,1.8189894035458565e-12,-2.0816681711721685e-17,256,IEEE RTS 24-bus,2,3e3d0737d91acb37be515001f911d304bfce93540e3d063ca4640a87bd55fa9f,13.7084878200003
100,67,7,4,Inference portfolio,0.3374214395382333,20,0.0,1.8189894035458565e-12,-2.0816681711721685e-17,256,IEEE RTS 24-bus,2,3e3d0737d91acb37be515001f911d304bfce93540e3d063ca4640a87bd55fa9f,13.7084878200003
100,67,8,4,Batch portfolio,0.6625785604617667,20,0.0,1.8189894035458565e-12,-2.0816681711721685e-17,256,IEEE RTS 24-bus,2,3e3d0737d91acb37be515001f911d304bfce93540e3d063ca4640a87bd55fa9f,13.7084878200003
100,68,1,1,Inference portfolio,0.3360858524341381,2,0.0,0.0,0.0,256,IEEE RTS 24-bus,2,3e3d0737d91acb37be515001f911d304bfce93540e3d063ca4640a87bd55fa9f,13.7084878200003
100,68,2,1,Batch portfolio,0.6639141475658619,2,0.0,0.0,0.0,256,IEEE RTS 24-bus,2,3e3d0737d91acb37be515001f911d304bfce93540e3d063ca4640a87bd55fa9f,13.7084878200003
100,68,3,2,Inference portfolio,0.30397103703587725,7,0.0,0.0,0.0,256,IEEE RTS 24-bus,2,3e3d0737d91acb37be515001f911d304bfce93540e3d063ca4640a87bd55fa9f,13.7084878200003
100,68,4,2,Batch portfolio,0.6960289629641228,7,0.0,0.0,0.0,256,IEEE RTS 24-bus,2,3e3d0737d91acb37be515001f911d304bfce93540e3d063ca4640a87bd55fa9f,13.7084878200003
100,68,5,3,Inference portfolio,0.3194660181587846,14,0.0,0.0,0.0,256,IEEE RTS 24-bus,2,3e3d0737d91acb37be515001f911d304bfce93540e3d063ca4640a87bd55fa9f,13.7084878200003
100,68,6,3,Batch portfolio,0.6805339818412154,14,0.0,0.0,0.0,256,IEEE RTS 24-bus,2,3e3d0737d91acb37be515001f911d304bfce93540e3d063ca4640a87bd55fa9f,13.7084878200003
100,68,7,4,Inference portfolio,0.3374214395382333,20,0.0,0.0,0.0,256,IEEE RTS 24-bus,2,3e3d0737d91acb37be515001f911d304bfce93540e3d063ca4640a87bd55fa9f,13.7084878200003
100,68,8,4,Batch portfolio,0.6625785604617667,20,0.0,0.0,0.0,256,IEEE RTS 24-bus,2,3e3d0737d91acb37be515001f911d304bfce93540e3d063ca4640a87bd55fa9f,13.7084878200003
100,69,1,1,Inference portfolio,0.3360858524341381,2,0.012700442960673767,1.8189894035458565e-12,8.326672684688674e-17,256,IEEE RTS 24-bus,2,3e3d0737d91acb37be515001f911d304bfce93540e3d063ca4640a87bd55fa9f,13.7084878200003
100,69,2,1,Batch portfolio,0.6639141475658619,2,0.025088838760439134,1.8189894035458565e-12,8.326672684688674e-17,256,IEEE RTS 24-bus,2,3e3d0737d91acb37be515001f911d304bfce93540e3d063ca4640a87bd55fa9f,13.7084878200003
100,69,3,2,Inference portfolio,0.30397103703587725,7,-0.011486847152658191,1.8189894035458565e-12,8.326672684688674e-17,256,IEEE RTS 24-bus,2,3e3d0737d91acb37be515001f911d304bfce93540e3d063ca4640a87bd55fa9f,13.7084878200003
100,69,4,2,Batch portfolio,0.6960289629641228,7,-0.026302434566635634,1.8189894035458565e-12,8.326672684688674e-17,256,IEEE RTS 24-bus,2,3e3d0737d91acb37be515001f911d304bfce93540e3d063ca4640a87bd55fa9f,13.7084878200003
100,69,5,3,Inference portfolio,0.3194660181587846,14,0.0,1.8189894035458565e-12,8.326672684688674e-17,256,IEEE RTS 24-bus,2,3e3d0737d91acb37be515001f911d304bfce93540e3d063ca4640a87bd55fa9f,13.7084878200003
100,69,6,3,Batch portfolio,0.6805339818412154,14,0.0,1.8189894035458565e-12,8.326672684688674e-17,256,IEEE RTS 24-bus,2,3e3d0737d91acb37be515001f911d304bfce93540e3d063ca4640a87bd55fa9f,13.7084878200003
100,69,7,4,Inference portfolio,0.3374214395382333,20,0.0,1.8189894035458565e-12,8.326672684688674e-17,256,IEEE RTS 24-bus,2,3e3d0737d91acb37be515001f911d304bfce93540e3d063ca4640a87bd55fa9f,13.7084878200003
100,69,8,4,Batch portfolio,0.6625785604617667,20,0.0,1.8189894035458565e-12,8.326672684688674e-17,256,IEEE RTS 24-bus,2,3e3d0737d91acb37be515001f911d304bfce93540e3d063ca4640a87bd55fa9f,13.7084878200003
100,70,1,1,Inference portfolio,0.3360858524341381,2,0.028002712775560216,0.0,2.7755575615628914e-17,256,IEEE RTS 24-bus,2,3e3d0737d91acb37be515001f911d304bfce93540e3d063ca4640a87bd55fa9f,13.7084878200003
100,70,2,1,Batch portfolio,0.6639141475658619,2,0.05531740490581191,0.0,2.7755575615628914e-17,256,IEEE RTS 24-bus,2,3e3d0737d91acb37be515001f911d304bfce93540e3d063ca4640a87bd55fa9f,13.7084878200003
100,70,3,2,Inference portfolio,0.30397103703587725,7,-0.0253269025767319,0.0,2.7755575615628914e-17,256,IEEE RTS 24-bus,2,3e3d0737d91acb37be515001f911d304bfce93540e3d063ca4640a87bd55fa9f,13.7084878200003
100,70,4,2,Batch portfolio,0.6960289629641228,7,-0.05799321510464019,0.0,2.7755575615628914e-17,256,IEEE RTS 24-bus,2,3e3d0737d91acb37be515001f911d304bfce93540e3d063ca4640a87bd55fa9f,13.7084878200003
100,70,5,3,Inference portfolio,0.3194660181587846,14,0.0,0.0,2.7755575615628914e-17,256,IEEE RTS 24-bus,2,3e3d0737d91acb37be515001f911d304bfce93540e3d063ca4640a87bd55fa9f,13.7084878200003
100,70,6,3,Batch portfolio,0.6805339818412154,14,0.0,0.0,2.7755575615628914e-17,256,IEEE RTS 24-bus,2,3e3d0737d91acb37be515001f911d304bfce93540e3d063ca4640a87bd55fa9f,13.7084878200003
100,70,7,4,Inference portfolio,0.3374214395382333,20,0.0,0.0,2.7755575615628914e-17,256,IEEE RTS 24-bus,2,3e3d0737d91acb37be515001f911d304bfce93540e3d063ca4640a87bd55fa9f,13.7084878200003
100,70,8,4,Batch portfolio,0.6625785604617667,20,0.0,0.0,2.7755575615628914e-17,256,IEEE RTS 24-bus,2,3e3d0737d91acb37be515001f911d304bfce93540e3d063ca4640a87bd55fa9f,13.7084878200003
100,71,1,1,Inference portfolio,0.3360858524341381,2,0.0,0.0,0.0,256,IEEE RTS 24-bus,2,3e3d0737d91acb37be515001f911d304bfce93540e3d063ca4640a87bd55fa9f,13.7084878200003
100,71,2,1,Batch portfolio,0.6639141475658619,2,0.0,0.0,0.0,256,IEEE RTS 24-bus,2,3e3d0737d91acb37be515001f911d304bfce93540e3d063ca4640a87bd55fa9f,13.7084878200003
100,71,3,2,Inference portfolio,0.30397103703587725,7,0.0,0.0,0.0,256,IEEE RTS 24-bus,2,3e3d0737d91acb37be515001f911d304bfce93540e3d063ca4640a87bd55fa9f,13.7084878200003
100,71,4,2,Batch portfolio,0.6960289629641228,7,0.0,0.0,0.0,256,IEEE RTS 24-bus,2,3e3d0737d91acb37be515001f911d304bfce93540e3d063ca4640a87bd55fa9f,13.7084878200003
100,71,5,3,Inference portfolio,0.3194660181587846,14,0.0,0.0,0.0,256,IEEE RTS 24-bus,2,3e3d0737d91acb37be515001f911d304bfce93540e3d063ca4640a87bd55fa9f,13.7084878200003
100,71,6,3,Batch portfolio,0.6805339818412154,14,0.0,0.0,0.0,256,IEEE RTS 24-bus,2,3e3d0737d91acb37be515001f911d304bfce93540e3d063ca4640a87bd55fa9f,13.7084878200003
100,71,7,4,Inference portfolio,0.3374214395382333,20,0.0,0.0,0.0,256,IEEE RTS 24-bus,2,3e3d0737d91acb37be515001f911d304bfce93540e3d063ca4640a87bd55fa9f,13.7084878200003
100,71,8,4,Batch portfolio,0.6625785604617667,20,0.0,0.0,0.0,256,IEEE RTS 24-bus,2,3e3d0737d91acb37be515001f911d304bfce93540e3d063ca4640a87bd55fa9f,13.7084878200003
101,64,1,1,Inference portfolio,0.3360858524341381,2,12.181502139282593,48.69862361056221,-1.4210854715202004e-14,256,IEEE RTS 24-bus,2,3e3d0737d91acb37be515001f911d304bfce93540e3d063ca4640a87bd55fa9f,13.996671337998123
101,64,2,1,Batch portfolio,0.6639141475658619,2,24.022701225810952,48.69862361056221,-1.4210854715202004e-14,256,IEEE RTS 24-bus,2,3e3d0737d91acb37be515001f911d304bfce93540e3d063ca4640a87bd55fa9f,13.996671337998123
101,64,3,2,Inference portfolio,0.30397103703587725,7,0.0,48.69862361056221,-1.4210854715202004e-14,256,IEEE RTS 24-bus,2,3e3d0737d91acb37be515001f911d304bfce93540e3d063ca4640a87bd55fa9f,13.996671337998123
101,64,4,2,Batch portfolio,0.6960289629641228,7,0.0,48.69862361056221,-1.4210854715202004e-14,256,IEEE RTS 24-bus,2,3e3d0737d91acb37be515001f911d304bfce93540e3d063ca4640a87bd55fa9f,13.996671337998123
101,64,5,3,Inference portfolio,0.3194660181587846,14,1.2446832105859953,48.69862361056221,-1.4210854715202004e-14,256,IEEE RTS 24-bus,2,3e3d0737d91acb37be515001f911d304bfce93540e3d063ca4640a87bd55fa9f,13.996671337998123
101,64,6,3,Batch portfolio,0.6805339818412154,14,2.6513494043247507,48.69862361056221,-1.4210854715202004e-14,256,IEEE RTS 24-bus,2,3e3d0737d91acb37be515001f911d304bfce93540e3d063ca4640a87bd55fa9f,13.996671337998123
101,64,7,4,Inference portfolio,0.3374214395382333,20,2.901534282632715,48.69862361056221,-1.4210854715202004e-14,256,IEEE RTS 24-bus,2,3e3d0737d91acb37be515001f911d304bfce93540e3d063ca4640a87bd55fa9f,13.996671337998123
101,64,8,4,Batch portfolio,0.6625785604617667,20,5.696853347925182,48.69862361056221,-1.4210854715202004e-14,256,IEEE RTS 24-bus,2,3e3d0737d91acb37be515001f911d304bfce93540e3d063ca4640a87bd55fa9f,13.996671337998123
101,65,1,1,Inference portfolio,0.3360858524341381,2,0.012127159075892758,0.0,-2.0816681711721685e-17,256,IEEE RTS 24-bus,2,3e3d0737d91acb37be515001f911d304bfce93540e3d063ca4640a87bd55fa9f,13.996671337998123
101,65,2,1,Batch portfolio,0.6639141475658619,2,0.023956356455983038,0.0,-2.0816681711721685e-17,256,IEEE RTS 24-bus,2,3e3d0737d91acb37be515001f911d304bfce93540e3d063ca4640a87bd55fa9f,13.996671337998123
101,65,3,2,Inference portfolio,0.30397103703587725,7,-0.010968343636553388,0.0,-2.0816681711721685e-17,256,IEEE RTS 24-bus,2,3e3d0737d91acb37be515001f911d304bfce93540e3d063ca4640a87bd55fa9f,13.996671337998123
101,65,4,2,Batch portfolio,0.6960289629641228,7,-0.025115171895322426,0.0,-2.0816681711721685e-17,256,IEEE RTS 24-bus,2,3e3d0737d91acb37be515001f911d304bfce93540e3d063ca4640a87bd55fa9f,13.996671337998123
101,65,5,3,Inference portfolio,0.3194660181587846,14,0.0,0.0,-2.0816681711721685e-17,256,IEEE RTS 24-bus,2,3e3d0737d91acb37be515001f911d304bfce93540e3d063ca4640a87bd55fa9f,13.996671337998123
101,65,6,3,Batch portfolio,0.6805339818412154,14,0.0,0.0,-2.0816681711721685e-17,256,IEEE RTS 24-bus,2,3e3d0737d91acb37be515001f911d304bfce93540e3d063ca4640a87bd55fa9f,13.996671337998123
101,65,7,4,Inference portfolio,0.3374214395382333,20,0.0,0.0,-2.0816681711721685e-17,256,IEEE RTS 24-bus,2,3e3d0737d91acb37be515001f911d304bfce93540e3d063ca4640a87bd55fa9f,13.996671337998123
101,65,8,4,Batch portfolio,0.6625785604617667,20,0.0,0.0,-2.0816681711721685e-17,256,IEEE RTS 24-bus,2,3e3d0737d91acb37be515001f911d304bfce93540e3d063ca4640a87bd55fa9f,13.996671337998123
101,66,1,1,Inference portfolio,0.3360858524341381,2,0.0,0.0,0.0,256,IEEE RTS 24-bus,2,3e3d0737d91acb37be515001f911d304bfce93540e3d063ca4640a87bd55fa9f,13.996671337998123
101,66,2,1,Batch portfolio,0.6639141475658619,2,0.0,0.0,0.0,256,IEEE RTS 24-bus,2,3e3d0737d91acb37be515001f911d304bfce93540e3d063ca4640a87bd55fa9f,13.996671337998123
101,66,3,2,Inference portfolio,0.30397103703587725,7,0.0,0.0,0.0,256,IEEE RTS 24-bus,2,3e3d0737d91acb37be515001f911d304bfce93540e3d063ca4640a87bd55fa9f,13.996671337998123
101,66,4,2,Batch portfolio,0.6960289629641228,7,0.0,0.0,0.0,256,IEEE RTS 24-bus,2,3e3d0737d91acb37be515001f911d304bfce93540e3d063ca4640a87bd55fa9f,13.996671337998123
101,66,5,3,Inference portfolio,0.3194660181587846,14,0.0,0.0,0.0,256,IEEE RTS 24-bus,2,3e3d0737d91acb37be515001f911d304bfce93540e3d063ca4640a87bd55fa9f,13.996671337998123
101,66,6,3,Batch portfolio,0.6805339818412154,14,0.0,0.0,0.0,256,IEEE RTS 24-bus,2,3e3d0737d91acb37be515001f911d304bfce93540e3d063ca4640a87bd55fa9f,13.996671337998123
101,66,7,4,Inference portfolio,0.3374214395382333,20,0.0,0.0,0.0,256,IEEE RTS 24-bus,2,3e3d0737d91acb37be515001f911d304bfce93540e3d063ca4640a87bd55fa9f,13.996671337998123
101,66,8,4,Batch portfolio,0.6625785604617667,20,0.0,0.0,0.0,256,IEEE RTS 24-bus,2,3e3d0737d91acb37be515001f911d304bfce93540e3d063ca4640a87bd55fa9f,13.996671337998123
101,67,1,1,Inference portfolio,0.3360858524341381,2,6.656180112250661,-5.643638226163603,7.993605777301127e-15,256,IEEE RTS 24-bus,2,3e3d0737d91acb37be515001f911d304bfce93540e3d063ca4640a87bd55fa9f,13.996671337998123
101,67,2,1,Batch portfolio,0.6639141475658619,2,13.148819306920908,-5.643638226163603,7.993605777301127e-15,256,IEEE RTS 24-bus,2,3e3d0737d91acb37be515001f911d304bfce93540e3d063ca4640a87bd55fa9f,13.996671337998123
101,67,3,2,Inference portfolio,0.30397103703587725,7,-6.020146211940082,-5.643638226163603,7.993605777301127e-15,256,IEEE RTS 24-bus,2,3e3d0737d91acb37be515001f911d304bfce93540e3d063ca4640a87bd55fa9f,13.996671337998123
101,67,4,2,Batch portfolio,0.6960289629641228,7,-13.784853207230446,-5.643638226163603,7.993605777301127e-15,256,IEEE RTS 24-bus,2,3e3d0737d91acb37be515001f911d304bfce93540e3d063ca4640a87bd55fa9f,13.996671337998123
101,67,5,3,Inference portfolio,0.3194660181587846,14,-1.8029506320415727,-5.643638226163603,7.993605777301127e-15,256,IEEE RTS 24-bus,2,3e3d0737d91acb37be515001f911d304bfce93540e3d063ca4640a87bd55fa9f,13.996671337998123
101,67,6,3,Batch portfolio,0.6805339818412154,14,-3.840687594123063,-5.643638226163603,7.993605777301127e-15,256,IEEE RTS 24-bus,2,3e3d0737d91acb37be515001f911d304bfce93540e3d063ca4640a87bd55fa9f,13.996671337998123
101,67,7,4,Inference portfolio,0.3374214395382333,20,0.0,-5.643638226163603,7.993605777301127e-15,256,IEEE RTS 24-bus,2,3e3d0737d91acb37be515001f911d304bfce93540e3d063ca4640a87bd55fa9f,13.996671337998123
101,67,8,4,Batch portfolio,0.6625785604617667,20,0.0,-5.643638226163603,7.993605777301127e-15,256,IEEE RTS 24-bus,2,3e3d0737d91acb37be515001f911d304bfce93540e3d063ca4640a87bd55fa9f,13.996671337998123
101,68,1,1,Inference portfolio,0.3360858524341381,2,10.655534877938235,-13.026365803028966,-2.842170943040401e-14,256,IEEE RTS 24-bus,2,3e3d0737d91acb37be515001f911d304bfce93540e3d063ca4640a87bd55fa9f,13.996671337998123
101,68,2,1,Batch portfolio,0.6639141475658619,2,21.049265549584582,-13.026365803028966,-2.842170943040401e-14,256,IEEE RTS 24-bus,2,3e3d0737d91acb37be515001f911d304bfce93540e3d063ca4640a87bd55fa9f,13.996671337998123
101,68,3,2,Inference portfolio,0.30397103703587725,7,-11.968896956821794,-13.026365803028966,-2.842170943040401e-14,256,IEEE RTS 24-bus,2,3e3d0737d91acb37be515001f911d304bfce93540e3d063ca4640a87bd55fa9f,13.996671337998123
101,68,4,2,Batch portfolio,0.6960289629641228,7,-27.406225994148325,-13.026365803028966,-2.842170943040401e-14,256,IEEE RTS 24-bus,2,3e3d0737d91acb37be515001f911d304bfce93540e3d063ca4640a87bd55fa9f,13.996671337998123
101,68,5,3,Inference portfolio,0.3194660181587846,14,1.8029506320410273,-13.026365803028966,-2.842170943040401e-14,256,IEEE RTS 24-bus,2,3e3d0737d91acb37be515001f911d304bfce93540e3d063ca4640a87bd55fa9f,13.996671337998123
101,68,6,3,Batch portfolio,0.6805339818412154,14,3.840687594123165,-13.026365803028966,-2.842170943040401e-14,256,IEEE RTS 24-bus,2,3e3d0737d91acb37be515001f911d304bfce93540e3d063ca4640a87bd55fa9f,13.996671337998123
101,68,7,4,Inference portfolio,0.3374214395382333,20,-3.7115283681308906,-13.026365803028966,-2.842170943040401e-14,256,IEEE RTS 24-bus,2,3e3d0737d91acb37be515001f911d304bfce93540e3d063ca4640a87bd55fa9f,13.996671337998123
101,68,8,4,Batch portfolio,0.6625785604617667,20,-7.288153137614993,-13.026365803028966,-2.842170943040401e-14,256,IEEE RTS 24-bus,2,3e3d0737d91acb37be515001f911d304bfce93540e3d063ca4640a87bd55fa9f,13.996671337998123
101,69,1,1,Inference portfolio,0.3360858524341381,2,0.0,18.484256615118284,-7.105427357601002e-15,256,IEEE RTS 24-bus,2,3e3d0737d91acb37be515001f911d304bfce93540e3d063ca4640a87bd55fa9f,13.996671337998123
101,69,2,1,Batch portfolio,0.6639141475658619,2,0.0,18.484256615118284,-7.105427357601002e-15,256,IEEE RTS 24-bus,2,3e3d0737d91acb37be515001f911d304bfce93540e3d063ca4640a87bd55fa9f,13.996671337998123
101,69,3,2,Inference portfolio,0.30397103703587725,7,2.3083592992308355,18.484256615118284,-7.105427357601002e-15,256,IEEE RTS 24-bus,2,3e3d0737d91acb37be515001f911d304bfce93540e3d063ca4640a87bd55fa9f,13.996671337998123
101,69,4,2,Batch portfolio,0.6960289629641228,7,5.285651372775801,18.484256615118284,-7.105427357601002e-15,256,IEEE RTS 24-bus,2,3e3d0737d91acb37be515001f911d304bfce93540e3d063ca4640a87bd55fa9f,13.996671337998123
101,69,5,3,Inference portfolio,0.3194660181587846,14,0.0,18.484256615118284,-7.105427357601002e-15,256,IEEE RTS 24-bus,2,3e3d0737d91acb37be515001f911d304bfce93540e3d063ca4640a87bd55fa9f,13.996671337998123
101,69,6,3,Batch portfolio,0.6805339818412154,14,0.0,18.484256615118284,-7.105427357601002e-15,256,IEEE RTS 24-bus,2,3e3d0737d91acb37be515001f911d304bfce93540e3d063ca4640a87bd55fa9f,13.996671337998123
101,69,7,4,Inference portfolio,0.3374214395382333,20,3.67460246305033,18.484256615118284,-7.105427357601002e-15,256,IEEE RTS 24-bus,2,3e3d0737d91acb37be515001f911d304bfce93540e3d063ca4640a87bd55fa9f,13.996671337998123
101,69,8,4,Batch portfolio,0.6625785604617667,20,7.215643480061311,18.484256615118284,-7.105427357601002e-15,256,IEEE RTS 24-bus,2,3e3d0737d91acb37be515001f911d304bfce93540e3d063ca4640a87bd55fa9f,13.996671337998123
101,70,1,1,Inference portfolio,0.3360858524341381,2,26.324749913125533,-105.24677517727469,1.4210854715202004e-14,256,IEEE RTS 24-bus,2,3e3d0737d91acb37be515001f911d304bfce93540e3d063ca4640a87bd55fa9f,13.996671337998123
101,70,2,1,Batch portfolio,0.6639141475658619,2,52.02144986412621,-105.24677517727469,1.4210854715202004e-14,256,IEEE RTS 24-bus,2,3e3d0737d91acb37be515001f911d304bfce93540e3d063ca4640a87bd55fa9f,13.996671337998123
101,70,3,2,Inference portfolio,0.30397103703587725,7,-49.58493042530711,-105.24677517727469,1.4210854715202004e-14,256,IEEE RTS 24-bus,2,3e3d0737d91acb37be515001f911d304bfce93540e3d063ca4640a87bd55fa9f,13.996671337998123
101,70,4,2,Batch portfolio,0.6960289629641228,7,-113.53156329549059,-105.24677517727469,1.4210854715202004e-14,256,IEEE RTS 24-bus,2,3e3d0737d91acb37be515001f911d304bfce93540e3d063ca4640a87bd55fa9f,13.996671337998123
101,70,5,3,Inference portfolio,0.3194660181587846,14,-2.852222742099661,-105.24677517727469,1.4210854715202004e-14,256,IEEE RTS 24-bus,2,3e3d0737d91acb37be515001f911d304bfce93540e3d063ca4640a87bd55fa9f,13.996671337998123
101,70,6,3,Batch portfolio,0.6805339818412154,14,-6.079820122158279,-105.24677517727469,1.4210854715202004e-14,256,IEEE RTS 24-bus,2,3e3d0737d91acb37be515001f911d304bfce93540e3d063ca4640a87bd55fa9f,13.996671337998123
101,70,7,4,Inference portfolio,0.3374214395382333,20,-3.894152184846291,-105.24677517727469,1.4210854715202004e-14,256,IEEE RTS 24-bus,2,3e3d0737d91acb37be515001f911d304bfce93540e3d063ca4640a87bd55fa9f,13.996671337998123
101,70,8,4,Batch portfolio,0.6625785604617667,20,-7.650286184624499,-105.24677517727469,1.4210854715202004e-14,256,IEEE RTS 24-bus,2,3e3d0737d91acb37be515001f911d304bfce93540e3d063ca4640a87bd55fa9f,13.996671337998123
101,71,1,1,Inference portfolio,0.3360858524341381,2,23.672105899286926,102.87450439897475,5.684341886080802e-14,256,IEEE RTS 24-bus,2,3e3d0737d91acb37be515001f911d304bfce93540e3d063ca4640a87bd55fa9f,13.996671337998123
101,71,2,1,Batch portfolio,0.6639141475658619,2,46.83323809691865,102.87450439897475,5.684341886080802e-14,256,IEEE RTS 24-bus,2,3e3d0737d91acb37be515001f911d304bfce93540e3d063ca4640a87bd55fa9f,13.996671337998123
101,71,3,2,Inference portfolio,0.30397103703587725,7,3.7550900272470704,102.87450439897475,5.684341886080802e-14,256,IEEE RTS 24-bus,2,3e3d0737d91acb37be515001f911d304bfce93540e3d063ca4640a87bd55fa9f,13.996671337998123
101,71,4,2,Batch portfolio,0.6960289629641228,7,8.598835272660528,102.87450439897475,5.684341886080802e-14,256,IEEE RTS 24-bus,2,3e3d0737d91acb37be515001f911d304bfce93540e3d063ca4640a87bd55fa9f,13.996671337998123
101,71,5,3,Inference portfolio,0.3194660181587846,14,2.789419986717883,102.87450439897475,5.684341886080802e-14,256,IEEE RTS 24-bus,2,3e3d0737d91acb37be515001f911d304bfce93540e3d063ca4640a87bd55fa9f,13.996671337998123
101,71,6,3,Batch portfolio,0.6805339818412154,14,5.9423110796899214,102.87450439897475,5.684341886080802e-14,256,IEEE RTS 24-bus,2,3e3d0737d91acb37be515001f911d304bfce93540e3d063ca4640a87bd55fa9f,13.996671337998123
101,71,7,4,Inference portfolio,0.3374214395382333,20,3.8072239895380005,102.87450439897475,5.684341886080802e-14,256,IEEE RTS 24-bus,2,3e3d0737d91acb37be515001f911d304bfce93540e3d063ca4640a87bd55fa9f,13.996671337998123
101,71,8,4,Batch portfolio,0.6625785604617667,20,7.476280046915826,102.87450439897475,5.684341886080802e-14,256,IEEE RTS 24-bus,2,3e3d0737d91acb37be515001f911d304bfce93540e3d063ca4640a87bd55fa9f,13.996671337998123
102,64,1,1,Inference portfolio,0.3360858524341381,2,0.006041530157896579,1.8189894035458565e-12,0.0,256,IEEE RTS 24-bus,2,3e3d0737d91acb37be515001f911d304bfce93540e3d063ca4640a87bd55fa9f,14.733532551999815
102,64,2,1,Batch portfolio,0.6639141475658619,2,0.011934621216672285,1.8189894035458565e-12,0.0,256,IEEE RTS 24-bus,2,3e3d0737d91acb37be515001f911d304bfce93540e3d063ca4640a87bd55fa9f,14.733532551999815
102,64,3,2,Inference portfolio,0.30397103703587725,7,-0.005464229373956188,1.8189894035458565e-12,0.0,256,IEEE RTS 24-bus,2,3e3d0737d91acb37be515001f911d304bfce93540e3d063ca4640a87bd55fa9f,14.733532551999815
102,64,4,2,Batch portfolio,0.6960289629641228,7,-0.012511921998793685,1.8189894035458565e-12,0.0,256,IEEE RTS 24-bus,2,3e3d0737d91acb37be515001f911d304bfce93540e3d063ca4640a87bd55fa9f,14.733532551999815
102,64,5,3,Inference portfolio,0.3194660181587846,14,0.0,1.8189894035458565e-12,0.0,256,IEEE RTS 24-bus,2,3e3d0737d91acb37be515001f911d304bfce93540e3d063ca4640a87bd55fa9f,14.733532551999815
102,64,6,3,Batch portfolio,0.6805339818412154,14,0.0,1.8189894035458565e-12,0.0,256,IEEE RTS 24-bus,2,3e3d0737d91acb37be515001f911d304bfce93540e3d063ca4640a87bd55fa9f,14.733532551999815
102,64,7,4,Inference portfolio,0.3374214395382333,20,0.0,1.8189894035458565e-12,0.0,256,IEEE RTS 24-bus,2,3e3d0737d91acb37be515001f911d304bfce93540e3d063ca4640a87bd55fa9f,14.733532551999815
102,64,8,4,Batch portfolio,0.6625785604617667,20,0.0,1.8189894035458565e-12,0.0,256,IEEE RTS 24-bus,2,3e3d0737d91acb37be515001f911d304bfce93540e3d063ca4640a87bd55fa9f,14.733532551999815
102,65,1,1,Inference portfolio,0.3360858524341381,2,0.0,0.0,0.0,256,IEEE RTS 24-bus,2,3e3d0737d91acb37be515001f911d304bfce93540e3d063ca4640a87bd55fa9f,14.733532551999815
102,65,2,1,Batch portfolio,0.6639141475658619,2,0.0,0.0,0.0,256,IEEE RTS 24-bus,2,3e3d0737d91acb37be515001f911d304bfce93540e3d063ca4640a87bd55fa9f,14.733532551999815
102,65,3,2,Inference portfolio,0.30397103703587725,7,0.0,0.0,0.0,256,IEEE RTS 24-bus,2,3e3d0737d91acb37be515001f911d304bfce93540e3d063ca4640a87bd55fa9f,14.733532551999815
102,65,4,2,Batch portfolio,0.6960289629641228,7,0.0,0.0,0.0,256,IEEE RTS 24-bus,2,3e3d0737d91acb37be515001f911d304bfce93540e3d063ca4640a87bd55fa9f,14.733532551999815
102,65,5,3,Inference portfolio,0.3194660181587846,14,0.0,0.0,0.0,256,IEEE RTS 24-bus,2,3e3d0737d91acb37be515001f911d304bfce93540e3d063ca4640a87bd55fa9f,14.733532551999815
102,65,6,3,Batch portfolio,0.6805339818412154,14,0.0,0.0,0.0,256,IEEE RTS 24-bus,2,3e3d0737d91acb37be515001f911d304bfce93540e3d063ca4640a87bd55fa9f,14.733532551999815
102,65,7,4,Inference portfolio,0.3374214395382333,20,0.0,0.0,0.0,256,IEEE RTS 24-bus,2,3e3d0737d91acb37be515001f911d304bfce93540e3d063ca4640a87bd55fa9f,14.733532551999815
102,65,8,4,Batch portfolio,0.6625785604617667,20,0.0,0.0,0.0,256,IEEE RTS 24-bus,2,3e3d0737d91acb37be515001f911d304bfce93540e3d063ca4640a87bd55fa9f,14.733532551999815
102,66,1,1,Inference portfolio,0.3360858524341381,2,15.120191823326119,0.0,-2.1316282072803006e-14,256,IEEE RTS 24-bus,2,3e3d0737d91acb37be515001f911d304bfce93540e3d063ca4640a87bd55fa9f,14.733532551999815
102,66,2,1,Batch portfolio,0.6639141475658619,2,29.848851898438923,0.0,-2.1316282072803006e-14,256,IEEE RTS 24-bus,2,3e3d0737d91acb37be515001f911d304bfce93540e3d063ca4640a87bd55fa9f,14.733532551999815
102,66,3,2,Inference portfolio,0.30397103703587725,7,-13.67639663643665,0.0,-2.1316282072803006e-14,256,IEEE RTS 24-bus,2,3e3d0737d91acb37be515001f911d304bfce93540e3d063ca4640a87bd55fa9f,14.733532551999815
102,66,4,2,Batch portfolio,0.6960289629641228,7,-31.292647085328408,0.0,-2.1316282072803006e-14,256,IEEE RTS 24-bus,2,3e3d0737d91acb37be515001f911d304bfce93540e3d063ca4640a87bd55fa9f,14.733532551999815
102,66,5,3,Inference portfolio,0.3194660181587846,14,0.0,0.0,-2.1316282072803006e-14,256,IEEE RTS 24-bus,2,3e3d0737d91acb37be515001f911d304bfce93540e3d063ca4640a87bd55fa9f,14.733532551999815
102,66,6,3,Batch portfolio,0.6805339818412154,14,0.0,0.0,-2.1316282072803006e-14,256,IEEE RTS 24-bus,2,3e3d0737d91acb37be515001f911d304bfce93540e3d063ca4640a87bd55fa9f,14.733532551999815
102,66,7,4,Inference portfolio,0.3374214395382333,20,0.0,0.0,-2.1316282072803006e-14,256,IEEE RTS 24-bus,2,3e3d0737d91acb37be515001f911d304bfce93540e3d063ca4640a87bd55fa9f,14.733532551999815
102,66,8,4,Batch portfolio,0.6625785604617667,20,0.0,0.0,-2.1316282072803006e-14,256,IEEE RTS 24-bus,2,3e3d0737d91acb37be515001f911d304bfce93540e3d063ca4640a87bd55fa9f,14.733532551999815
102,67,1,1,Inference portfolio,0.3360858524341381,2,0.0,0.0,0.0,256,IEEE RTS 24-bus,2,3e3d0737d91acb37be515001f911d304bfce93540e3d063ca4640a87bd55fa9f,14.733532551999815
102,67,2,1,Batch portfolio,0.6639141475658619,2,0.0,0.0,0.0,256,IEEE RTS 24-bus,2,3e3d0737d91acb37be515001f911d304bfce93540e3d063ca4640a87bd55fa9f,14.733532551999815
102,67,3,2,Inference portfolio,0.30397103703587725,7,0.0,0.0,0.0,256,IEEE RTS 24-bus,2,3e3d0737d91acb37be515001f911d304bfce93540e3d063ca4640a87bd55fa9f,14.733532551999815
102,67,4,2,Batch portfolio,0.6960289629641228,7,0.0,0.0,0.0,256,IEEE RTS 24-bus,2,3e3d0737d91acb37be515001f911d304bfce93540e3d063ca4640a87bd55fa9f,14.733532551999815
102,67,5,3,Inference portfolio,0.3194660181587846,14,0.0,0.0,0.0,256,IEEE RTS 24-bus,2,3e3d0737d91acb37be515001f911d304bfce93540e3d063ca4640a87bd55fa9f,14.733532551999815
102,67,6,3,Batch portfolio,0.6805339818412154,14,0.0,0.0,0.0,256,IEEE RTS 24-bus,2,3e3d0737d91acb37be515001f911d304bfce93540e3d063ca4640a87bd55fa9f,14.733532551999815
102,67,7,4,Inference portfolio,0.3374214395382333,20,0.0,0.0,0.0,256,IEEE RTS 24-bus,2,3e3d0737d91acb37be515001f911d304bfce93540e3d063ca4640a87bd55fa9f,14.733532551999815
102,67,8,4,Batch portfolio,0.6625785604617667,20,0.0,0.0,0.0,256,IEEE RTS 24-bus,2,3e3d0737d91acb37be515001f911d304bfce93540e3d063ca4640a87bd55fa9f,14.733532551999815
102,68,1,1,Inference portfolio,0.3360858524341381,2,0.0,0.0,0.0,256,IEEE RTS 24-bus,2,3e3d0737d91acb37be515001f911d304bfce93540e3d063ca4640a87bd55fa9f,14.733532551999815
102,68,2,1,Batch portfolio,0.6639141475658619,2,0.0,0.0,0.0,256,IEEE RTS 24-bus,2,3e3d0737d91acb37be515001f911d304bfce93540e3d063ca4640a87bd55fa9f,14.733532551999815
102,68,3,2,Inference portfolio,0.30397103703587725,7,0.0,0.0,0.0,256,IEEE RTS 24-bus,2,3e3d0737d91acb37be515001f911d304bfce93540e3d063ca4640a87bd55fa9f,14.733532551999815
102,68,4,2,Batch portfolio,0.6960289629641228,7,0.0,0.0,0.0,256,IEEE RTS 24-bus,2,3e3d0737d91acb37be515001f911d304bfce93540e3d063ca4640a87bd55fa9f,14.733532551999815
102,68,5,3,Inference portfolio,0.3194660181587846,14,0.0,0.0,0.0,256,IEEE RTS 24-bus,2,3e3d0737d91acb37be515001f911d304bfce93540e3d063ca4640a87bd55fa9f,14.733532551999815
102,68,6,3,Batch portfolio,0.6805339818412154,14,0.0,0.0,0.0,256,IEEE RTS 24-bus,2,3e3d0737d91acb37be515001f911d304bfce93540e3d063ca4640a87bd55fa9f,14.733532551999815
102,68,7,4,Inference portfolio,0.3374214395382333,20,0.0,0.0,0.0,256,IEEE RTS 24-bus,2,3e3d0737d91acb37be515001f911d304bfce93540e3d063ca4640a87bd55fa9f,14.733532551999815
102,68,8,4,Batch portfolio,0.6625785604617667,20,0.0,0.0,0.0,256,IEEE RTS 24-bus,2,3e3d0737d91acb37be515001f911d304bfce93540e3d063ca4640a87bd55fa9f,14.733532551999815
102,69,1,1,Inference portfolio,0.3360858524341381,2,0.0,0.0,0.0,256,IEEE RTS 24-bus,2,3e3d0737d91acb37be515001f911d304bfce93540e3d063ca4640a87bd55fa9f,14.733532551999815
102,69,2,1,Batch portfolio,0.6639141475658619,2,0.0,0.0,0.0,256,IEEE RTS 24-bus,2,3e3d0737d91acb37be515001f911d304bfce93540e3d063ca4640a87bd55fa9f,14.733532551999815
102,69,3,2,Inference portfolio,0.30397103703587725,7,0.0,0.0,0.0,256,IEEE RTS 24-bus,2,3e3d0737d91acb37be515001f911d304bfce93540e3d063ca4640a87bd55fa9f,14.733532551999815
102,69,4,2,Batch portfolio,0.6960289629641228,7,0.0,0.0,0.0,256,IEEE RTS 24-bus,2,3e3d0737d91acb37be515001f911d304bfce93540e3d063ca4640a87bd55fa9f,14.733532551999815
102,69,5,3,Inference portfolio,0.3194660181587846,14,0.0,0.0,0.0,256,IEEE RTS 24-bus,2,3e3d0737d91acb37be515001f911d304bfce93540e3d063ca4640a87bd55fa9f,14.733532551999815
102,69,6,3,Batch portfolio,0.6805339818412154,14,0.0,0.0,0.0,256,IEEE RTS 24-bus,2,3e3d0737d91acb37be515001f911d304bfce93540e3d063ca4640a87bd55fa9f,14.733532551999815
102,69,7,4,Inference portfolio,0.3374214395382333,20,0.0,0.0,0.0,256,IEEE RTS 24-bus,2,3e3d0737d91acb37be515001f911d304bfce93540e3d063ca4640a87bd55fa9f,14.733532551999815
102,69,8,4,Batch portfolio,0.6625785604617667,20,0.0,0.0,0.0,256,IEEE RTS 24-bus,2,3e3d0737d91acb37be515001f911d304bfce93540e3d063ca4640a87bd55fa9f,14.733532551999815
102,70,1,1,Inference portfolio,0.3360858524341381,2,0.0,0.0,0.0,256,IEEE RTS 24-bus,2,3e3d0737d91acb37be515001f911d304bfce93540e3d063ca4640a87bd55fa9f,14.733532551999815
102,70,2,1,Batch portfolio,0.6639141475658619,2,0.0,0.0,0.0,256,IEEE RTS 24-bus,2,3e3d0737d91acb37be515001f911d304bfce93540e3d063ca4640a87bd55fa9f,14.733532551999815
102,70,3,2,Inference portfolio,0.30397103703587725,7,0.0,0.0,0.0,256,IEEE RTS 24-bus,2,3e3d0737d91acb37be515001f911d304bfce93540e3d063ca4640a87bd55fa9f,14.733532551999815
102,70,4,2,Batch portfolio,0.6960289629641228,7,0.0,0.0,0.0,256,IEEE RTS 24-bus,2,3e3d0737d91acb37be515001f911d304bfce93540e3d063ca4640a87bd55fa9f,14.733532551999815
102,70,5,3,Inference portfolio,0.3194660181587846,14,0.0,0.0,0.0,256,IEEE RTS 24-bus,2,3e3d0737d91acb37be515001f911d304bfce93540e3d063ca4640a87bd55fa9f,14.733532551999815
102,70,6,3,Batch portfolio,0.6805339818412154,14,0.0,0.0,0.0,256,IEEE RTS 24-bus,2,3e3d0737d91acb37be515001f911d304bfce93540e3d063ca4640a87bd55fa9f,14.733532551999815
102,70,7,4,Inference portfolio,0.3374214395382333,20,0.0,0.0,0.0,256,IEEE RTS 24-bus,2,3e3d0737d91acb37be515001f911d304bfce93540e3d063ca4640a87bd55fa9f,14.733532551999815
102,70,8,4,Batch portfolio,0.6625785604617667,20,0.0,0.0,0.0,256,IEEE RTS 24-bus,2,3e3d0737d91acb37be515001f911d304bfce93540e3d063ca4640a87bd55fa9f,14.733532551999815
102,71,1,1,Inference portfolio,0.3360858524341381,2,7.181307944714456,2.7849403724612785,-7.105427357601002e-15,256,IEEE RTS 24-bus,2,3e3d0737d91acb37be515001f911d304bfce93540e3d063ca4640a87bd55fa9f,14.733532551999815
102,71,2,1,Batch portfolio,0.6639141475658619,2,14.182450829127426,2.7849403724612785,-7.105427357601002e-15,256,IEEE RTS 24-bus,2,3e3d0737d91acb37be515001f911d304bfce93540e3d063ca4640a87bd55fa9f,14.733532551999815
102,71,3,2,Inference portfolio,0.30397103703587725,7,-0.05751477618127437,2.7849403724612785,-7.105427357601002e-15,256,IEEE RTS 24-bus,2,3e3d0737d91acb37be515001f911d304bfce93540e3d063ca4640a87bd55fa9f,14.733532551999815
102,71,4,2,Batch portfolio,0.6960289629641228,7,-0.1316965932382225,2.7849403724612785,-7.105427357601002e-15,256,IEEE RTS 24-bus,2,3e3d0737d91acb37be515001f911d304bfce93540e3d063ca4640a87bd55fa9f,14.733532551999815
102,71,5,3,Inference portfolio,0.3194660181587846,14,-3.587377963461098,2.7849403724612785,-7.105427357601002e-15,256,IEEE RTS 24-bus,2,3e3d0737d91acb37be515001f911d304bfce93540e3d063ca4640a87bd55fa9f,14.733532551999815
102,71,6,3,Batch portfolio,0.6805339818412154,14,-7.638794377765889,2.7849403724612785,-7.105427357601002e-15,256,IEEE RTS 24-bus,2,3e3d0737d91acb37be515001f911d304bfce93540e3d063ca4640a87bd55fa9f,14.733532551999815
102,71,7,4,Inference portfolio,0.3374214395382333,20,-2.417102998874326,2.7849403724612785,-7.105427357601002e-15,256,IEEE RTS 24-bus,2,3e3d0737d91acb37be515001f911d304bfce93540e3d063ca4640a87bd55fa9f,14.733532551999815
102,71,8,4,Batch portfolio,0.6625785604617667,20,-4.746331691859799,2.7849403724612785,-7.105427357601002e-15,256,IEEE RTS 24-bus,2,3e3d0737d91acb37be515001f911d304bfce93540e3d063ca4640a87bd55fa9f,14.733532551999815
103,64,1,1,Inference portfolio,0.3360858524341381,2,0.0,0.0,0.0,256,IEEE RTS 24-bus,2,3e3d0737d91acb37be515001f911d304bfce93540e3d063ca4640a87bd55fa9f,13.70413456499955
103,64,2,1,Batch portfolio,0.6639141475658619,2,0.0,0.0,0.0,256,IEEE RTS 24-bus,2,3e3d0737d91acb37be515001f911d304bfce93540e3d063ca4640a87bd55fa9f,13.70413456499955
103,64,3,2,Inference portfolio,0.30397103703587725,7,0.0,0.0,0.0,256,IEEE RTS 24-bus,2,3e3d0737d91acb37be515001f911d304bfce93540e3d063ca4640a87bd55fa9f,13.70413456499955
103,64,4,2,Batch portfolio,0.6960289629641228,7,0.0,0.0,0.0,256,IEEE RTS 24-bus,2,3e3d0737d91acb37be515001f911d304bfce93540e3d063ca4640a87bd55fa9f,13.70413456499955
103,64,5,3,Inference portfolio,0.3194660181587846,14,0.0,0.0,0.0,256,IEEE RTS 24-bus,2,3e3d0737d91acb37be515001f911d304bfce93540e3d063ca4640a87bd55fa9f,13.70413456499955
103,64,6,3,Batch portfolio,0.6805339818412154,14,0.0,0.0,0.0,256,IEEE RTS 24-bus,2,3e3d0737d91acb37be515001f911d304bfce93540e3d063ca4640a87bd55fa9f,13.70413456499955
103,64,7,4,Inference portfolio,0.3374214395382333,20,0.0,0.0,0.0,256,IEEE RTS 24-bus,2,3e3d0737d91acb37be515001f911d304bfce93540e3d063ca4640a87bd55fa9f,13.70413456499955
103,64,8,4,Batch portfolio,0.6625785604617667,20,0.0,0.0,0.0,256,IEEE RTS 24-bus,2,3e3d0737d91acb37be515001f911d304bfce93540e3d063ca4640a87bd55fa9f,13.70413456499955
103,65,1,1,Inference portfolio,0.3360858524341381,2,0.0,0.0,0.0,256,IEEE RTS 24-bus,2,3e3d0737d91acb37be515001f911d304bfce93540e3d063ca4640a87bd55fa9f,13.70413456499955
103,65,2,1,Batch portfolio,0.6639141475658619,2,0.0,0.0,0.0,256,IEEE RTS 24-bus,2,3e3d0737d91acb37be515001f911d304bfce93540e3d063ca4640a87bd55fa9f,13.70413456499955
103,65,3,2,Inference portfolio,0.30397103703587725,7,0.0,0.0,0.0,256,IEEE RTS 24-bus,2,3e3d0737d91acb37be515001f911d304bfce93540e3d063ca4640a87bd55fa9f,13.70413456499955
103,65,4,2,Batch portfolio,0.6960289629641228,7,0.0,0.0,0.0,256,IEEE RTS 24-bus,2,3e3d0737d91acb37be515001f911d304bfce93540e3d063ca4640a87bd55fa9f,13.70413456499955
103,65,5,3,Inference portfolio,0.3194660181587846,14,0.0,0.0,0.0,256,IEEE RTS 24-bus,2,3e3d0737d91acb37be515001f911d304bfce93540e3d063ca4640a87bd55fa9f,13.70413456499955
103,65,6,3,Batch portfolio,0.6805339818412154,14,0.0,0.0,0.0,256,IEEE RTS 24-bus,2,3e3d0737d91acb37be515001f911d304bfce93540e3d063ca4640a87bd55fa9f,13.70413456499955
103,65,7,4,Inference portfolio,0.3374214395382333,20,0.0,0.0,0.0,256,IEEE RTS 24-bus,2,3e3d0737d91acb37be515001f911d304bfce93540e3d063ca4640a87bd55fa9f,13.70413456499955
103,65,8,4,Batch portfolio,0.6625785604617667,20,0.0,0.0,0.0,256,IEEE RTS 24-bus,2,3e3d0737d91acb37be515001f911d304bfce93540e3d063ca4640a87bd55fa9f,13.70413456499955
103,66,1,1,Inference portfolio,0.3360858524341381,2,0.02253446650365735,3.637978807091713e-12,8.326672684688674e-17,256,IEEE RTS 24-bus,2,3e3d0737d91acb37be515001f911d304bfce93540e3d063ca4640a87bd55fa9f,13.70413456499955
103,66,2,1,Batch portfolio,0.6639141475658619,2,0.04451526599571784,3.637978807091713e-12,8.326672684688674e-17,256,IEEE RTS 24-bus,2,3e3d0737d91acb37be515001f911d304bfce93540e3d063ca4640a87bd55fa9f,13.70413456499955
103,66,3,2,Inference portfolio,0.30397103703587725,7,-0.020381176719790027,3.637978807091713e-12,8.326672684688674e-17,256,IEEE RTS 24-bus,2,3e3d0737d91acb37be515001f911d304bfce93540e3d063ca4640a87bd55fa9f,13.70413456499955
103,66,4,2,Batch portfolio,0.6960289629641228,7,-0.046668555775947106,3.637978807091713e-12,8.326672684688674e-17,256,IEEE RTS 24-bus,2,3e3d0737d91acb37be515001f911d304bfce93540e3d063ca4640a87bd55fa9f,13.70413456499955
103,66,5,3,Inference portfolio,0.3194660181587846,14,0.0,3.637978807091713e-12,8.326672684688674e-17,256,IEEE RTS 24-bus,2,3e3d0737d91acb37be515001f911d304bfce93540e3d063ca4640a87bd55fa9f,13.70413456499955
103,66,6,3,Batch portfolio,0.6805339818412154,14,0.0,3.637978807091713e-12,8.326672684688674e-17,256,IEEE RTS 24-bus,2,3e3d0737d91acb37be515001f911d304bfce93540e3d063ca4640a87bd55fa9f,13.70413456499955
103,66,7,4,Inference portfolio,0.3374214395382333,20,0.0,3.637978807091713e-12,8.326672684688674e-17,256,IEEE RTS 24-bus,2,3e3d0737d91acb37be515001f911d304bfce93540e3d063ca4640a87bd55fa9f,13.70413456499955
103,66,8,4,Batch portfolio,0.6625785604617667,20,0.0,3.637978807091713e-12,8.326672684688674e-17,256,IEEE RTS 24-bus,2,3e3d0737d91acb37be515001f911d304bfce93540e3d063ca4640a87bd55fa9f,13.70413456499955
103,67,1,1,Inference portfolio,0.3360858524341381,2,0.0,0.0,0.0,256,IEEE RTS 24-bus,2,3e3d0737d91acb37be515001f911d304bfce93540e3d063ca4640a87bd55fa9f,13.70413456499955
103,67,2,1,Batch portfolio,0.6639141475658619,2,0.0,0.0,0.0,256,IEEE RTS 24-bus,2,3e3d0737d91acb37be515001f911d304bfce93540e3d063ca4640a87bd55fa9f,13.70413456499955
103,67,3,2,Inference portfolio,0.30397103703587725,7,0.0,0.0,0.0,256,IEEE RTS 24-bus,2,3e3d0737d91acb37be515001f911d304bfce93540e3d063ca4640a87bd55fa9f,13.70413456499955
103,67,4,2,Batch portfolio,0.6960289629641228,7,0.0,0.0,0.0,256,IEEE RTS 24-bus,2,3e3d0737d91acb37be515001f911d304bfce93540e3d063ca4640a87bd55fa9f,13.70413456499955
103,67,5,3,Inference portfolio,0.3194660181587846,14,0.0,0.0,0.0,256,IEEE RTS 24-bus,2,3e3d0737d91acb37be515001f911d304bfce93540e3d063ca4640a87bd55fa9f,13.70413456499955
103,67,6,3,Batch portfolio,0.6805339818412154,14,0.0,0.0,0.0,256,IEEE RTS 24-bus,2,3e3d0737d91acb37be515001f911d304bfce93540e3d063ca4640a87bd55fa9f,13.70413456499955
103,67,7,4,Inference portfolio,0.3374214395382333,20,0.0,0.0,0.0,256,IEEE RTS 24-bus,2,3e3d0737d91acb37be515001f911d304bfce93540e3d063ca4640a87bd55fa9f,13.70413456499955
103,67,8,4,Batch portfolio,0.6625785604617667,20,0.0,0.0,0.0,256,IEEE RTS 24-bus,2,3e3d0737d91acb37be515001f911d304bfce93540e3d063ca4640a87bd55fa9f,13.70413456499955
103,68,1,1,Inference portfolio,0.3360858524341381,2,0.02954616938571537,0.0,-1.1102230246251565e-16,256,IEEE RTS 24-bus,2,3e3d0737d91acb37be515001f911d304bfce93540e3d063ca4640a87bd55fa9f,13.70413456499955
103,68,2,1,Batch portfolio,0.6639141475658619,2,0.05836639572817138,0.0,-1.1102230246251565e-16,256,IEEE RTS 24-bus,2,3e3d0737d91acb37be515001f911d304bfce93540e3d063ca4640a87bd55fa9f,13.70413456499955
103,68,3,2,Inference portfolio,0.30397103703587725,7,-0.026722873586398545,0.0,-1.1102230246251565e-16,256,IEEE RTS 24-bus,2,3e3d0737d91acb37be515001f911d304bfce93540e3d063ca4640a87bd55fa9f,13.70413456499955
103,68,4,2,Batch portfolio,0.6960289629641228,7,-0.06118969152748831,0.0,-1.1102230246251565e-16,256,IEEE RTS 24-bus,2,3e3d0737d91acb37be515001f911d304bfce93540e3d063ca4640a87bd55fa9f,13.70413456499955
103,68,5,3,Inference portfolio,0.3194660181587846,14,0.0,0.0,-1.1102230246251565e-16,256,IEEE RTS 24-bus,2,3e3d0737d91acb37be515001f911d304bfce93540e3d063ca4640a87bd55fa9f,13.70413456499955
103,68,6,3,Batch portfolio,0.6805339818412154,14,0.0,0.0,-1.1102230246251565e-16,256,IEEE RTS 24-bus,2,3e3d0737d91acb37be515001f911d304bfce93540e3d063ca4640a87bd55fa9f,13.70413456499955
103,68,7,4,Inference portfolio,0.3374214395382333,20,0.0,0.0,-1.1102230246251565e-16,256,IEEE RTS 24-bus,2,3e3d0737d91acb37be515001f911d304bfce93540e3d063ca4640a87bd55fa9f,13.70413456499955
103,68,8,4,Batch portfolio,0.6625785604617667,20,0.0,0.0,-1.1102230246251565e-16,256,IEEE RTS 24-bus,2,3e3d0737d91acb37be515001f911d304bfce93540e3d063ca4640a87bd55fa9f,13.70413456499955
103,69,1,1,Inference portfolio,0.3360858524341381,2,0.0,0.0,0.0,256,IEEE RTS 24-bus,2,3e3d0737d91acb37be515001f911d304bfce93540e3d063ca4640a87bd55fa9f,13.70413456499955
103,69,2,1,Batch portfolio,0.6639141475658619,2,0.0,0.0,0.0,256,IEEE RTS 24-bus,2,3e3d0737d91acb37be515001f911d304bfce93540e3d063ca4640a87bd55fa9f,13.70413456499955
103,69,3,2,Inference portfolio,0.30397103703587725,7,0.0,0.0,0.0,256,IEEE RTS 24-bus,2,3e3d0737d91acb37be515001f911d304bfce93540e3d063ca4640a87bd55fa9f,13.70413456499955
103,69,4,2,Batch portfolio,0.6960289629641228,7,0.0,0.0,0.0,256,IEEE RTS 24-bus,2,3e3d0737d91acb37be515001f911d304bfce93540e3d063ca4640a87bd55fa9f,13.70413456499955
103,69,5,3,Inference portfolio,0.3194660181587846,14,0.0,0.0,0.0,256,IEEE RTS 24-bus,2,3e3d0737d91acb37be515001f911d304bfce93540e3d063ca4640a87bd55fa9f,13.70413456499955
103,69,6,3,Batch portfolio,0.6805339818412154,14,0.0,0.0,0.0,256,IEEE RTS 24-bus,2,3e3d0737d91acb37be515001f911d304bfce93540e3d063ca4640a87bd55fa9f,13.70413456499955
103,69,7,4,Inference portfolio,0.3374214395382333,20,0.0,0.0,0.0,256,IEEE RTS 24-bus,2,3e3d0737d91acb37be515001f911d304bfce93540e3d063ca4640a87bd55fa9f,13.70413456499955
103,69,8,4,Batch portfolio,0.6625785604617667,20,0.0,0.0,0.0,256,IEEE RTS 24-bus,2,3e3d0737d91acb37be515001f911d304bfce93540e3d063ca4640a87bd55fa9f,13.70413456499955
103,70,1,1,Inference portfolio,0.3360858524341381,2,0.0,0.0,0.0,256,IEEE RTS 24-bus,2,3e3d0737d91acb37be515001f911d304bfce93540e3d063ca4640a87bd55fa9f,13.70413456499955
103,70,2,1,Batch portfolio,0.6639141475658619,2,0.0,0.0,0.0,256,IEEE RTS 24-bus,2,3e3d0737d91acb37be515001f911d304bfce93540e3d063ca4640a87bd55fa9f,13.70413456499955
103,70,3,2,Inference portfolio,0.30397103703587725,7,0.0,0.0,0.0,256,IEEE RTS 24-bus,2,3e3d0737d91acb37be515001f911d304bfce93540e3d063ca4640a87bd55fa9f,13.70413456499955
103,70,4,2,Batch portfolio,0.6960289629641228,7,0.0,0.0,0.0,256,IEEE RTS 24-bus,2,3e3d0737d91acb37be515001f911d304bfce93540e3d063ca4640a87bd55fa9f,13.70413456499955
103,70,5,3,Inference portfolio,0.3194660181587846,14,0.0,0.0,0.0,256,IEEE RTS 24-bus,2,3e3d0737d91acb37be515001f911d304bfce93540e3d063ca4640a87bd55fa9f,13.70413456499955
103,70,6,3,Batch portfolio,0.6805339818412154,14,0.0,0.0,0.0,256,IEEE RTS 24-bus,2,3e3d0737d91acb37be515001f911d304bfce93540e3d063ca4640a87bd55fa9f,13.70413456499955
103,70,7,4,Inference portfolio,0.3374214395382333,20,0.0,0.0,0.0,256,IEEE RTS 24-bus,2,3e3d0737d91acb37be515001f911d304bfce93540e3d063ca4640a87bd55fa9f,13.70413456499955
103,70,8,4,Batch portfolio,0.6625785604617667,20,0.0,0.0,0.0,256,IEEE RTS 24-bus,2,3e3d0737d91acb37be515001f911d304bfce93540e3d063ca4640a87bd55fa9f,13.70413456499955
103,71,1,1,Inference portfolio,0.3360858524341381,2,0.0,-16.184919799556155,-7.105427357601002e-15,256,IEEE RTS 24-bus,2,3e3d0737d91acb37be515001f911d304bfce93540e3d063ca4640a87bd55fa9f,13.70413456499955
103,71,2,1,Batch portfolio,0.6639141475658619,2,0.0,-16.184919799556155,-7.105427357601002e-15,256,IEEE RTS 24-bus,2,3e3d0737d91acb37be515001f911d304bfce93540e3d063ca4640a87bd55fa9f,13.70413456499955
103,71,3,2,Inference portfolio,0.30397103703587725,7,0.0,-16.184919799556155,-7.105427357601002e-15,256,IEEE RTS 24-bus,2,3e3d0737d91acb37be515001f911d304bfce93540e3d063ca4640a87bd55fa9f,13.70413456499955
103,71,4,2,Batch portfolio,0.6960289629641228,7,0.0,-16.184919799556155,-7.105427357601002e-15,256,IEEE RTS 24-bus,2,3e3d0737d91acb37be515001f911d304bfce93540e3d063ca4640a87bd55fa9f,13.70413456499955
103,71,5,3,Inference portfolio,0.3194660181587846,14,-1.9729650406740484,-16.184919799556155,-7.105427357601002e-15,256,IEEE RTS 24-bus,2,3e3d0737d91acb37be515001f911d304bfce93540e3d063ca4640a87bd55fa9f,13.70413456499955
103,71,6,3,Batch portfolio,0.6805339818412154,14,-4.202672229875433,-16.184919799556155,-7.105427357601002e-15,256,IEEE RTS 24-bus,2,3e3d0737d91acb37be515001f911d304bfce93540e3d063ca4640a87bd55fa9f,13.70413456499955
103,71,7,4,Inference portfolio,0.3374214395382333,20,-3.3777245673254606,-16.184919799556155,-7.105427357601002e-15,256,IEEE RTS 24-bus,2,3e3d0737d91acb37be515001f911d304bfce93540e3d063ca4640a87bd55fa9f,13.70413456499955
103,71,8,4,Batch portfolio,0.6625785604617667,20,-6.631557961681218,-16.184919799556155,-7.105427357601002e-15,256,IEEE RTS 24-bus,2,3e3d0737d91acb37be515001f911d304bfce93540e3d063ca4640a87bd55fa9f,13.70413456499955
104,64,1,1,Inference portfolio,0.3360858524341381,2,0.021520195014697187,0.0,-4.163336342344337e-17,256,IEEE RTS 24-bus,2,3e3d0737d91acb37be515001f911d304bfce93540e3d063ca4640a87bd55fa9f,14.46211876000234
104,64,2,1,Batch portfolio,0.6639141475658619,2,0.042511643455630584,0.0,-4.163336342344337e-17,256,IEEE RTS 24-bus,2,3e3d0737d91acb37be515001f911d304bfce93540e3d063ca4640a87bd55fa9f,14.46211876000234
104,64,3,2,Inference portfolio,0.30397103703587725,7,-0.019463824343195785,0.0,-4.163336342344337e-17,256,IEEE RTS 24-bus,2,3e3d0737d91acb37be515001f911d304bfce93540e3d063ca4640a87bd55fa9f,14.46211876000234
104,64,4,2,Batch portfolio,0.6960289629641228,7,-0.04456801412713202,0.0,-4.163336342344337e-17,256,IEEE RTS 24-bus,2,3e3d0737d91acb37be515001f911d304bfce93540e3d063ca4640a87bd55fa9f,14.46211876000234
104,64,5,3,Inference portfolio,0.3194660181587846,14,0.0,0.0,-4.163336342344337e-17,256,IEEE RTS 24-bus,2,3e3d0737d91acb37be515001f911d304bfce93540e3d063ca4640a87bd55fa9f,14.46211876000234
104,64,6,3,Batch portfolio,0.6805339818412154,14,0.0,0.0,-4.163336342344337e-17,256,IEEE RTS 24-bus,2,3e3d0737d91acb37be515001f911d304bfce93540e3d063ca4640a87bd55fa9f,14.46211876000234
104,64,7,4,Inference portfolio,0.3374214395382333,20,0.0,0.0,-4.163336342344337e-17,256,IEEE RTS 24-bus,2,3e3d0737d91acb37be515001f911d304bfce93540e3d063ca4640a87bd55fa9f,14.46211876000234
104,64,8,4,Batch portfolio,0.6625785604617667,20,0.0,0.0,-4.163336342344337e-17,256,IEEE RTS 24-bus,2,3e3d0737d91acb37be515001f911d304bfce93540e3d063ca4640a87bd55fa9f,14.46211876000234
104,65,1,1,Inference portfolio,0.3360858524341381,2,0.0,0.0,0.0,256,IEEE RTS 24-bus,2,3e3d0737d91acb37be515001f911d304bfce93540e3d063ca4640a87bd55fa9f,14.46211876000234
104,65,2,1,Batch portfolio,0.6639141475658619,2,0.0,0.0,0.0,256,IEEE RTS 24-bus,2,3e3d0737d91acb37be515001f911d304bfce93540e3d063ca4640a87bd55fa9f,14.46211876000234
104,65,3,2,Inference portfolio,0.30397103703587725,7,0.0,0.0,0.0,256,IEEE RTS 24-bus,2,3e3d0737d91acb37be515001f911d304bfce93540e3d063ca4640a87bd55fa9f,14.46211876000234
104,65,4,2,Batch portfolio,0.6960289629641228,7,0.0,0.0,0.0,256,IEEE RTS 24-bus,2,3e3d0737d91acb37be515001f911d304bfce93540e3d063ca4640a87bd55fa9f,14.46211876000234
104,65,5,3,Inference portfolio,0.3194660181587846,14,0.0,0.0,0.0,256,IEEE RTS 24-bus,2,3e3d0737d91acb37be515001f911d304bfce93540e3d063ca4640a87bd55fa9f,14.46211876000234
104,65,6,3,Batch portfolio,0.6805339818412154,14,0.0,0.0,0.0,256,IEEE RTS 24-bus,2,3e3d0737d91acb37be515001f911d304bfce93540e3d063ca4640a87bd55fa9f,14.46211876000234
104,65,7,4,Inference portfolio,0.3374214395382333,20,0.0,0.0,0.0,256,IEEE RTS 24-bus,2,3e3d0737d91acb37be515001f911d304bfce93540e3d063ca4640a87bd55fa9f,14.46211876000234
104,65,8,4,Batch portfolio,0.6625785604617667,20,0.0,0.0,0.0,256,IEEE RTS 24-bus,2,3e3d0737d91acb37be515001f911d304bfce93540e3d063ca4640a87bd55fa9f,14.46211876000234
104,66,1,1,Inference portfolio,0.3360858524341381,2,0.0,0.0,0.0,256,IEEE RTS 24-bus,2,3e3d0737d91acb37be515001f911d304bfce93540e3d063ca4640a87bd55fa9f,14.46211876000234
104,66,2,1,Batch portfolio,0.6639141475658619,2,0.0,0.0,0.0,256,IEEE RTS 24-bus,2,3e3d0737d91acb37be515001f911d304bfce93540e3d063ca4640a87bd55fa9f,14.46211876000234
104,66,3,2,Inference portfolio,0.30397103703587725,7,0.0,0.0,0.0,256,IEEE RTS 24-bus,2,3e3d0737d91acb37be515001f911d304bfce93540e3d063ca4640a87bd55fa9f,14.46211876000234
104,66,4,2,Batch portfolio,0.6960289629641228,7,0.0,0.0,0.0,256,IEEE RTS 24-bus,2,3e3d0737d91acb37be515001f911d304bfce93540e3d063ca4640a87bd55fa9f,14.46211876000234
104,66,5,3,Inference portfolio,0.3194660181587846,14,0.0,0.0,0.0,256,IEEE RTS 24-bus,2,3e3d0737d91acb37be515001f911d304bfce93540e3d063ca4640a87bd55fa9f,14.46211876000234
104,66,6,3,Batch portfolio,0.6805339818412154,14,0.0,0.0,0.0,256,IEEE RTS 24-bus,2,3e3d0737d91acb37be515001f911d304bfce93540e3d063ca4640a87bd55fa9f,14.46211876000234
104,66,7,4,Inference portfolio,0.3374214395382333,20,0.0,0.0,0.0,256,IEEE RTS 24-bus,2,3e3d0737d91acb37be515001f911d304bfce93540e3d063ca4640a87bd55fa9f,14.46211876000234
104,66,8,4,Batch portfolio,0.6625785604617667,20,0.0,0.0,0.0,256,IEEE RTS 24-bus,2,3e3d0737d91acb37be515001f911d304bfce93540e3d063ca4640a87bd55fa9f,14.46211876000234
104,67,1,1,Inference portfolio,0.3360858524341381,2,0.11386299903597334,0.0,8.881784197001252e-16,256,IEEE RTS 24-bus,2,3e3d0737d91acb37be515001f911d304bfce93540e3d063ca4640a87bd55fa9f,14.46211876000234
104,67,2,1,Batch portfolio,0.6639141475658619,2,0.2249284086099885,0.0,8.881784197001252e-16,256,IEEE RTS 24-bus,2,3e3d0737d91acb37be515001f911d304bfce93540e3d063ca4640a87bd55fa9f,14.46211876000234
104,67,3,2,Inference portfolio,0.30397103703587725,7,-0.1029827755208619,0.0,8.881784197001252e-16,256,IEEE RTS 24-bus,2,3e3d0737d91acb37be515001f911d304bfce93540e3d063ca4640a87bd55fa9f,14.46211876000234
104,67,4,2,Batch portfolio,0.6960289629641228,7,-0.23580863212509903,0.0,8.881784197001252e-16,256,IEEE RTS 24-bus,2,3e3d0737d91acb37be515001f911d304bfce93540e3d063ca4640a87bd55fa9f,14.46211876000234
104,67,5,3,Inference portfolio,0.3194660181587846,14,0.0,0.0,8.881784197001252e-16,256,IEEE RTS 24-bus,2,3e3d0737d91acb37be515001f911d304bfce93540e3d063ca4640a87bd55fa9f,14.46211876000234
104,67,6,3,Batch portfolio,0.6805339818412154,14,0.0,0.0,8.881784197001252e-16,256,IEEE RTS 24-bus,2,3e3d0737d91acb37be515001f911d304bfce93540e3d063ca4640a87bd55fa9f,14.46211876000234
104,67,7,4,Inference portfolio,0.3374214395382333,20,0.0,0.0,8.881784197001252e-16,256,IEEE RTS 24-bus,2,3e3d0737d91acb37be515001f911d304bfce93540e3d063ca4640a87bd55fa9f,14.46211876000234
104,67,8,4,Batch portfolio,0.6625785604617667,20,0.0,0.0,8.881784197001252e-16,256,IEEE RTS 24-bus,2,3e3d0737d91acb37be515001f911d304bfce93540e3d063ca4640a87bd55fa9f,14.46211876000234
104,68,1,1,Inference portfolio,0.3360858524341381,2,0.0,0.0,0.0,256,IEEE RTS 24-bus,2,3e3d0737d91acb37be515001f911d304bfce93540e3d063ca4640a87bd55fa9f,14.46211876000234
104,68,2,1,Batch portfolio,0.6639141475658619,2,0.0,0.0,0.0,256,IEEE RTS 24-bus,2,3e3d0737d91acb37be515001f911d304bfce93540e3d063ca4640a87bd55fa9f,14.46211876000234
104,68,3,2,Inference portfolio,0.30397103703587725,7,0.0,0.0,0.0,256,IEEE RTS 24-bus,2,3e3d0737d91acb37be515001f911d304bfce93540e3d063ca4640a87bd55fa9f,14.46211876000234
104,68,4,2,Batch portfolio,0.6960289629641228,7,0.0,0.0,0.0,256,IEEE RTS 24-bus,2,3e3d0737d91acb37be515001f911d304bfce93540e3d063ca4640a87bd55fa9f,14.46211876000234
104,68,5,3,Inference portfolio,0.3194660181587846,14,0.0,0.0,0.0,256,IEEE RTS 24-bus,2,3e3d0737d91acb37be515001f911d304bfce93540e3d063ca4640a87bd55fa9f,14.46211876000234
104,68,6,3,Batch portfolio,0.6805339818412154,14,0.0,0.0,0.0,256,IEEE RTS 24-bus,2,3e3d0737d91acb37be515001f911d304bfce93540e3d063ca4640a87bd55fa9f,14.46211876000234
104,68,7,4,Inference portfolio,0.3374214395382333,20,0.0,0.0,0.0,256,IEEE RTS 24-bus,2,3e3d0737d91acb37be515001f911d304bfce93540e3d063ca4640a87bd55fa9f,14.46211876000234
104,68,8,4,Batch portfolio,0.6625785604617667,20,0.0,0.0,0.0,256,IEEE RTS 24-bus,2,3e3d0737d91acb37be515001f911d304bfce93540e3d063ca4640a87bd55fa9f,14.46211876000234
104,69,1,1,Inference portfolio,0.3360858524341381,2,0.0,0.0,0.0,256,IEEE RTS 24-bus,2,3e3d0737d91acb37be515001f911d304bfce93540e3d063ca4640a87bd55fa9f,14.46211876000234
104,69,2,1,Batch portfolio,0.6639141475658619,2,0.0,0.0,0.0,256,IEEE RTS 24-bus,2,3e3d0737d91acb37be515001f911d304bfce93540e3d063ca4640a87bd55fa9f,14.46211876000234
104,69,3,2,Inference portfolio,0.30397103703587725,7,0.0,0.0,0.0,256,IEEE RTS 24-bus,2,3e3d0737d91acb37be515001f911d304bfce93540e3d063ca4640a87bd55fa9f,14.46211876000234
104,69,4,2,Batch portfolio,0.6960289629641228,7,0.0,0.0,0.0,256,IEEE RTS 24-bus,2,3e3d0737d91acb37be515001f911d304bfce93540e3d063ca4640a87bd55fa9f,14.46211876000234
104,69,5,3,Inference portfolio,0.3194660181587846,14,0.0,0.0,0.0,256,IEEE RTS 24-bus,2,3e3d0737d91acb37be515001f911d304bfce93540e3d063ca4640a87bd55fa9f,14.46211876000234
104,69,6,3,Batch portfolio,0.6805339818412154,14,0.0,0.0,0.0,256,IEEE RTS 24-bus,2,3e3d0737d91acb37be515001f911d304bfce93540e3d063ca4640a87bd55fa9f,14.46211876000234
104,69,7,4,Inference portfolio,0.3374214395382333,20,0.0,0.0,0.0,256,IEEE RTS 24-bus,2,3e3d0737d91acb37be515001f911d304bfce93540e3d063ca4640a87bd55fa9f,14.46211876000234
104,69,8,4,Batch portfolio,0.6625785604617667,20,0.0,0.0,0.0,256,IEEE RTS 24-bus,2,3e3d0737d91acb37be515001f911d304bfce93540e3d063ca4640a87bd55fa9f,14.46211876000234
104,70,1,1,Inference portfolio,0.3360858524341381,2,0.0,0.0,0.0,256,IEEE RTS 24-bus,2,3e3d0737d91acb37be515001f911d304bfce93540e3d063ca4640a87bd55fa9f,14.46211876000234
104,70,2,1,Batch portfolio,0.6639141475658619,2,0.0,0.0,0.0,256,IEEE RTS 24-bus,2,3e3d0737d91acb37be515001f911d304bfce93540e3d063ca4640a87bd55fa9f,14.46211876000234
104,70,3,2,Inference portfolio,0.30397103703587725,7,0.0,0.0,0.0,256,IEEE RTS 24-bus,2,3e3d0737d91acb37be515001f911d304bfce93540e3d063ca4640a87bd55fa9f,14.46211876000234
104,70,4,2,Batch portfolio,0.6960289629641228,7,0.0,0.0,0.0,256,IEEE RTS 24-bus,2,3e3d0737d91acb37be515001f911d304bfce93540e3d063ca4640a87bd55fa9f,14.46211876000234
104,70,5,3,Inference portfolio,0.3194660181587846,14,0.0,0.0,0.0,256,IEEE RTS 24-bus,2,3e3d0737d91acb37be515001f911d304bfce93540e3d063ca4640a87bd55fa9f,14.46211876000234
104,70,6,3,Batch portfolio,0.6805339818412154,14,0.0,0.0,0.0,256,IEEE RTS 24-bus,2,3e3d0737d91acb37be515001f911d304bfce93540e3d063ca4640a87bd55fa9f,14.46211876000234
104,70,7,4,Inference portfolio,0.3374214395382333,20,0.0,0.0,0.0,256,IEEE RTS 24-bus,2,3e3d0737d91acb37be515001f911d304bfce93540e3d063ca4640a87bd55fa9f,14.46211876000234
104,70,8,4,Batch portfolio,0.6625785604617667,20,0.0,0.0,0.0,256,IEEE RTS 24-bus,2,3e3d0737d91acb37be515001f911d304bfce93540e3d063ca4640a87bd55fa9f,14.46211876000234
104,71,1,1,Inference portfolio,0.3360858524341381,2,0.0,0.0,0.0,256,IEEE RTS 24-bus,2,3e3d0737d91acb37be515001f911d304bfce93540e3d063ca4640a87bd55fa9f,14.46211876000234
104,71,2,1,Batch portfolio,0.6639141475658619,2,0.0,0.0,0.0,256,IEEE RTS 24-bus,2,3e3d0737d91acb37be515001f911d304bfce93540e3d063ca4640a87bd55fa9f,14.46211876000234
104,71,3,2,Inference portfolio,0.30397103703587725,7,0.0,0.0,0.0,256,IEEE RTS 24-bus,2,3e3d0737d91acb37be515001f911d304bfce93540e3d063ca4640a87bd55fa9f,14.46211876000234
104,71,4,2,Batch portfolio,0.6960289629641228,7,0.0,0.0,0.0,256,IEEE RTS 24-bus,2,3e3d0737d91acb37be515001f911d304bfce93540e3d063ca4640a87bd55fa9f,14.46211876000234
104,71,5,3,Inference portfolio,0.3194660181587846,14,0.0,0.0,0.0,256,IEEE RTS 24-bus,2,3e3d0737d91acb37be515001f911d304bfce93540e3d063ca4640a87bd55fa9f,14.46211876000234
104,71,6,3,Batch portfolio,0.6805339818412154,14,0.0,0.0,0.0,256,IEEE RTS 24-bus,2,3e3d0737d91acb37be515001f911d304bfce93540e3d063ca4640a87bd55fa9f,14.46211876000234
104,71,7,4,Inference portfolio,0.3374214395382333,20,0.0,0.0,0.0,256,IEEE RTS 24-bus,2,3e3d0737d91acb37be515001f911d304bfce93540e3d063ca4640a87bd55fa9f,14.46211876000234
104,71,8,4,Batch portfolio,0.6625785604617667,20,0.0,0.0,0.0,256,IEEE RTS 24-bus,2,3e3d0737d91acb37be515001f911d304bfce93540e3d063ca4640a87bd55fa9f,14.46211876000234
105,64,1,1,Inference portfolio,0.3360858524341381,2,0.0,0.0,0.0,256,IEEE RTS 24-bus,2,3e3d0737d91acb37be515001f911d304bfce93540e3d063ca4640a87bd55fa9f,14.267642472001171
105,64,2,1,Batch portfolio,0.6639141475658619,2,0.0,0.0,0.0,256,IEEE RTS 24-bus,2,3e3d0737d91acb37be515001f911d304bfce93540e3d063ca4640a87bd55fa9f,14.267642472001171
105,64,3,2,Inference portfolio,0.30397103703587725,7,0.0,0.0,0.0,256,IEEE RTS 24-bus,2,3e3d0737d91acb37be515001f911d304bfce93540e3d063ca4640a87bd55fa9f,14.267642472001171
105,64,4,2,Batch portfolio,0.6960289629641228,7,0.0,0.0,0.0,256,IEEE RTS 24-bus,2,3e3d0737d91acb37be515001f911d304bfce93540e3d063ca4640a87bd55fa9f,14.267642472001171
105,64,5,3,Inference portfolio,0.3194660181587846,14,0.0,0.0,0.0,256,IEEE RTS 24-bus,2,3e3d0737d91acb37be515001f911d304bfce93540e3d063ca4640a87bd55fa9f,14.267642472001171
105,64,6,3,Batch portfolio,0.6805339818412154,14,0.0,0.0,0.0,256,IEEE RTS 24-bus,2,3e3d0737d91acb37be515001f911d304bfce93540e3d063ca4640a87bd55fa9f,14.267642472001171
105,64,7,4,Inference portfolio,0.3374214395382333,20,0.0,0.0,0.0,256,IEEE RTS 24-bus,2,3e3d0737d91acb37be515001f911d304bfce93540e3d063ca4640a87bd55fa9f,14.267642472001171
105,64,8,4,Batch portfolio,0.6625785604617667,20,0.0,0.0,0.0,256,IEEE RTS 24-bus,2,3e3d0737d91acb37be515001f911d304bfce93540e3d063ca4640a87bd55fa9f,14.267642472001171
105,65,1,1,Inference portfolio,0.3360858524341381,2,0.0,0.0,0.0,256,IEEE RTS 24-bus,2,3e3d0737d91acb37be515001f911d304bfce93540e3d063ca4640a87bd55fa9f,14.267642472001171
105,65,2,1,Batch portfolio,0.6639141475658619,2,0.0,0.0,0.0,256,IEEE RTS 24-bus,2,3e3d0737d91acb37be515001f911d304bfce93540e3d063ca4640a87bd55fa9f,14.267642472001171
105,65,3,2,Inference portfolio,0.30397103703587725,7,0.0,0.0,0.0,256,IEEE RTS 24-bus,2,3e3d0737d91acb37be515001f911d304bfce93540e3d063ca4640a87bd55fa9f,14.267642472001171
105,65,4,2,Batch portfolio,0.6960289629641228,7,0.0,0.0,0.0,256,IEEE RTS 24-bus,2,3e3d0737d91acb37be515001f911d304bfce93540e3d063ca4640a87bd55fa9f,14.267642472001171
105,65,5,3,Inference portfolio,0.3194660181587846,14,0.0,0.0,0.0,256,IEEE RTS 24-bus,2,3e3d0737d91acb37be515001f911d304bfce93540e3d063ca4640a87bd55fa9f,14.267642472001171
105,65,6,3,Batch portfolio,0.6805339818412154,14,0.0,0.0,0.0,256,IEEE RTS 24-bus,2,3e3d0737d91acb37be515001f911d304bfce93540e3d063ca4640a87bd55fa9f,14.267642472001171
105,65,7,4,Inference portfolio,0.3374214395382333,20,0.0,0.0,0.0,256,IEEE RTS 24-bus,2,3e3d0737d91acb37be515001f911d304bfce93540e3d063ca4640a87bd55fa9f,14.267642472001171
105,65,8,4,Batch portfolio,0.6625785604617667,20,0.0,0.0,0.0,256,IEEE RTS 24-bus,2,3e3d0737d91acb37be515001f911d304bfce93540e3d063ca4640a87bd55fa9f,14.267642472001171
105,66,1,1,Inference portfolio,0.3360858524341381,2,0.0,0.0,0.0,256,IEEE RTS 24-bus,2,3e3d0737d91acb37be515001f911d304bfce93540e3d063ca4640a87bd55fa9f,14.267642472001171
105,66,2,1,Batch portfolio,0.6639141475658619,2,0.0,0.0,0.0,256,IEEE RTS 24-bus,2,3e3d0737d91acb37be515001f911d304bfce93540e3d063ca4640a87bd55fa9f,14.267642472001171
105,66,3,2,Inference portfolio,0.30397103703587725,7,0.0,0.0,0.0,256,IEEE RTS 24-bus,2,3e3d0737d91acb37be515001f911d304bfce93540e3d063ca4640a87bd55fa9f,14.267642472001171
105,66,4,2,Batch portfolio,0.6960289629641228,7,0.0,0.0,0.0,256,IEEE RTS 24-bus,2,3e3d0737d91acb37be515001f911d304bfce93540e3d063ca4640a87bd55fa9f,14.267642472001171
105,66,5,3,Inference portfolio,0.3194660181587846,14,0.0,0.0,0.0,256,IEEE RTS 24-bus,2,3e3d0737d91acb37be515001f911d304bfce93540e3d063ca4640a87bd55fa9f,14.267642472001171
105,66,6,3,Batch portfolio,0.6805339818412154,14,0.0,0.0,0.0,256,IEEE RTS 24-bus,2,3e3d0737d91acb37be515001f911d304bfce93540e3d063ca4640a87bd55fa9f,14.267642472001171
105,66,7,4,Inference portfolio,0.3374214395382333,20,0.0,0.0,0.0,256,IEEE RTS 24-bus,2,3e3d0737d91acb37be515001f911d304bfce93540e3d063ca4640a87bd55fa9f,14.267642472001171
105,66,8,4,Batch portfolio,0.6625785604617667,20,0.0,0.0,0.0,256,IEEE RTS 24-bus,2,3e3d0737d91acb37be515001f911d304bfce93540e3d063ca4640a87bd55fa9f,14.267642472001171
105,67,1,1,Inference portfolio,0.3360858524341381,2,0.02531268839963254,0.0,4.163336342344337e-17,256,IEEE RTS 24-bus,2,3e3d0737d91acb37be515001f911d304bfce93540e3d063ca4640a87bd55fa9f,14.267642472001171
105,67,2,1,Batch portfolio,0.6639141475658619,2,0.0500034494737823,0.0,4.163336342344337e-17,256,IEEE RTS 24-bus,2,3e3d0737d91acb37be515001f911d304bfce93540e3d063ca4640a87bd55fa9f,14.267642472001171
105,67,3,2,Inference portfolio,0.30397103703587725,7,-0.022893924535613494,0.0,4.163336342344337e-17,256,IEEE RTS 24-bus,2,3e3d0737d91acb37be515001f911d304bfce93540e3d063ca4640a87bd55fa9f,14.267642472001171
105,67,4,2,Batch portfolio,0.6960289629641228,7,-0.05242221333780129,0.0,4.163336342344337e-17,256,IEEE RTS 24-bus,2,3e3d0737d91acb37be515001f911d304bfce93540e3d063ca4640a87bd55fa9f,14.267642472001171
105,67,5,3,Inference portfolio,0.3194660181587846,14,0.0,0.0,4.163336342344337e-17,256,IEEE RTS 24-bus,2,3e3d0737d91acb37be515001f911d304bfce93540e3d063ca4640a87bd55fa9f,14.267642472001171
105,67,6,3,Batch portfolio,0.6805339818412154,14,0.0,0.0,4.163336342344337e-17,256,IEEE RTS 24-bus,2,3e3d0737d91acb37be515001f911d304bfce93540e3d063ca4640a87bd55fa9f,14.267642472001171
105,67,7,4,Inference portfolio,0.3374214395382333,20,0.0,0.0,4.163336342344337e-17,256,IEEE RTS 24-bus,2,3e3d0737d91acb37be515001f911d304bfce93540e3d063ca4640a87bd55fa9f,14.267642472001171
105,67,8,4,Batch portfolio,0.6625785604617667,20,0.0,0.0,4.163336342344337e-17,256,IEEE RTS 24-bus,2,3e3d0737d91acb37be515001f911d304bfce93540e3d063ca4640a87bd55fa9f,14.267642472001171
105,68,1,1,Inference portfolio,0.3360858524341381,2,0.0,0.0,0.0,256,IEEE RTS 24-bus,2,3e3d0737d91acb37be515001f911d304bfce93540e3d063ca4640a87bd55fa9f,14.267642472001171
105,68,2,1,Batch portfolio,0.6639141475658619,2,0.0,0.0,0.0,256,IEEE RTS 24-bus,2,3e3d0737d91acb37be515001f911d304bfce93540e3d063ca4640a87bd55fa9f,14.267642472001171
105,68,3,2,Inference portfolio,0.30397103703587725,7,0.0,0.0,0.0,256,IEEE RTS 24-bus,2,3e3d0737d91acb37be515001f911d304bfce93540e3d063ca4640a87bd55fa9f,14.267642472001171
105,68,4,2,Batch portfolio,0.6960289629641228,7,0.0,0.0,0.0,256,IEEE RTS 24-bus,2,3e3d0737d91acb37be515001f911d304bfce93540e3d063ca4640a87bd55fa9f,14.267642472001171
105,68,5,3,Inference portfolio,0.3194660181587846,14,0.0,0.0,0.0,256,IEEE RTS 24-bus,2,3e3d0737d91acb37be515001f911d304bfce93540e3d063ca4640a87bd55fa9f,14.267642472001171
105,68,6,3,Batch portfolio,0.6805339818412154,14,0.0,0.0,0.0,256,IEEE RTS 24-bus,2,3e3d0737d91acb37be515001f911d304bfce93540e3d063ca4640a87bd55fa9f,14.267642472001171
105,68,7,4,Inference portfolio,0.3374214395382333,20,0.0,0.0,0.0,256,IEEE RTS 24-bus,2,3e3d0737d91acb37be515001f911d304bfce93540e3d063ca4640a87bd55fa9f,14.267642472001171
105,68,8,4,Batch portfolio,0.6625785604617667,20,0.0,0.0,0.0,256,IEEE RTS 24-bus,2,3e3d0737d91acb37be515001f911d304bfce93540e3d063ca4640a87bd55fa9f,14.267642472001171
105,69,1,1,Inference portfolio,0.3360858524341381,2,0.1317104178703371,-14.424295739041554,-1.4210854715202004e-14,256,IEEE RTS 24-bus,2,3e3d0737d91acb37be515001f911d304bfce93540e3d063ca4640a87bd55fa9f,14.267642472001171
105,69,2,1,Batch portfolio,0.6639141475658619,2,0.2601847390260573,-14.424295739041554,-1.4210854715202004e-14,256,IEEE RTS 24-bus,2,3e3d0737d91acb37be515001f911d304bfce93540e3d063ca4640a87bd55fa9f,14.267642472001171
105,69,3,2,Inference portfolio,0.30397103703587725,7,-0.9307655903967446,-14.424295739041554,-1.4210854715202004e-14,256,IEEE RTS 24-bus,2,3e3d0737d91acb37be515001f911d304bfce93540e3d063ca4640a87bd55fa9f,14.267642472001171
105,69,4,2,Batch portfolio,0.6960289629641228,7,-2.131255052993553,-14.424295739041554,-1.4210854715202004e-14,256,IEEE RTS 24-bus,2,3e3d0737d91acb37be515001f911d304bfce93540e3d063ca4640a87bd55fa9f,14.267642472001171
105,69,5,3,Inference portfolio,0.3194660181587846,14,-1.2164608678051816,-14.424295739041554,-1.4210854715202004e-14,256,IEEE RTS 24-bus,2,3e3d0737d91acb37be515001f911d304bfce93540e3d063ca4640a87bd55fa9f,14.267642472001171
105,69,6,3,Batch portfolio,0.6805339818412154,14,-2.59133338466657,-14.424295739041554,-1.4210854715202004e-14,256,IEEE RTS 24-bus,2,3e3d0737d91acb37be515001f911d304bfce93540e3d063ca4640a87bd55fa9f,14.267642472001171
105,69,7,4,Inference portfolio,0.3374214395382333,20,-2.6812776290570914,-14.424295739041554,-1.4210854715202004e-14,256,IEEE RTS 24-bus,2,3e3d0737d91acb37be515001f911d304bfce93540e3d063ca4640a87bd55fa9f,14.267642472001171
105,69,8,4,Batch portfolio,0.6625785604617667,20,-5.265098371018822,-14.424295739041554,-1.4210854715202004e-14,256,IEEE RTS 24-bus,2,3e3d0737d91acb37be515001f911d304bfce93540e3d063ca4640a87bd55fa9f,14.267642472001171
105,70,1,1,Inference portfolio,0.3360858524341381,2,0.0,14.280788773043241,-7.105427357601002e-15,256,IEEE RTS 24-bus,2,3e3d0737d91acb37be515001f911d304bfce93540e3d063ca4640a87bd55fa9f,14.267642472001171
105,70,2,1,Batch portfolio,0.6639141475658619,2,0.0,14.280788773043241,-7.105427357601002e-15,256,IEEE RTS 24-bus,2,3e3d0737d91acb37be515001f911d304bfce93540e3d063ca4640a87bd55fa9f,14.267642472001171
105,70,3,2,Inference portfolio,0.30397103703587725,7,0.8035658185196554,14.280788773043241,-7.105427357601002e-15,256,IEEE RTS 24-bus,2,3e3d0737d91acb37be515001f911d304bfce93540e3d063ca4640a87bd55fa9f,14.267642472001171
105,70,4,2,Batch portfolio,0.6960289629641228,7,1.8399946547261299,14.280788773043241,-7.105427357601002e-15,256,IEEE RTS 24-bus,2,3e3d0737d91acb37be515001f911d304bfce93540e3d063ca4640a87bd55fa9f,14.267642472001171
105,70,5,3,Inference portfolio,0.3194660181587846,14,1.2043583283432466,14.280788773043241,-7.105427357601002e-15,256,IEEE RTS 24-bus,2,3e3d0737d91acb37be515001f911d304bfce93540e3d063ca4640a87bd55fa9f,14.267642472001171
105,70,6,3,Batch portfolio,0.6805339818412154,14,2.5655522721152924,14.280788773043241,-7.105427357601002e-15,256,IEEE RTS 24-bus,2,3e3d0737d91acb37be515001f911d304bfce93540e3d063ca4640a87bd55fa9f,14.267642472001171
105,70,7,4,Inference portfolio,0.3374214395382333,20,2.6546016634152076,14.280788773043241,-7.105427357601002e-15,256,IEEE RTS 24-bus,2,3e3d0737d91acb37be515001f911d304bfce93540e3d063ca4640a87bd55fa9f,14.267642472001171
105,70,8,4,Batch portfolio,0.6625785604617667,20,5.212716035923703,14.280788773043241,-7.105427357601002e-15,256,IEEE RTS 24-bus,2,3e3d0737d91acb37be515001f911d304bfce93540e3d063ca4640a87bd55fa9f,14.267642472001171
105,71,1,1,Inference portfolio,0.3360858524341381,2,0.0,0.0,0.0,256,IEEE RTS 24-bus,2,3e3d0737d91acb37be515001f911d304bfce93540e3d063ca4640a87bd55fa9f,14.267642472001171
105,71,2,1,Batch portfolio,0.6639141475658619,2,0.0,0.0,0.0,256,IEEE RTS 24-bus,2,3e3d0737d91acb37be515001f911d304bfce93540e3d063ca4640a87bd55fa9f,14.267642472001171
105,71,3,2,Inference portfolio,0.30397103703587725,7,0.0,0.0,0.0,256,IEEE RTS 24-bus,2,3e3d0737d91acb37be515001f911d304bfce93540e3d063ca4640a87bd55fa9f,14.267642472001171
105,71,4,2,Batch portfolio,0.6960289629641228,7,0.0,0.0,0.0,256,IEEE RTS 24-bus,2,3e3d0737d91acb37be515001f911d304bfce93540e3d063ca4640a87bd55fa9f,14.267642472001171
105,71,5,3,Inference portfolio,0.3194660181587846,14,0.0,0.0,0.0,256,IEEE RTS 24-bus,2,3e3d0737d91acb37be515001f911d304bfce93540e3d063ca4640a87bd55fa9f,14.267642472001171
105,71,6,3,Batch portfolio,0.6805339818412154,14,0.0,0.0,0.0,256,IEEE RTS 24-bus,2,3e3d0737d91acb37be515001f911d304bfce93540e3d063ca4640a87bd55fa9f,14.267642472001171
105,71,7,4,Inference portfolio,0.3374214395382333,20,0.0,0.0,0.0,256,IEEE RTS 24-bus,2,3e3d0737d91acb37be515001f911d304bfce93540e3d063ca4640a87bd55fa9f,14.267642472001171
105,71,8,4,Batch portfolio,0.6625785604617667,20,0.0,0.0,0.0,256,IEEE RTS 24-bus,2,3e3d0737d91acb37be515001f911d304bfce93540e3d063ca4640a87bd55fa9f,14.267642472001171
106,64,1,1,Inference portfolio,0.3360858524341381,2,0.009304838419059996,0.0,6.938893903907228e-18,256,IEEE RTS 24-bus,2,3e3d0737d91acb37be515001f911d304bfce93540e3d063ca4640a87bd55fa9f,14.029147518998798
106,64,2,1,Batch portfolio,0.6639141475658619,2,0.018381058953006398,0.0,6.938893903907228e-18,256,IEEE RTS 24-bus,2,3e3d0737d91acb37be515001f911d304bfce93540e3d063ca4640a87bd55fa9f,14.029147518998798
106,64,3,2,Inference portfolio,0.30397103703587725,7,-0.008415710935575292,0.0,6.938893903907228e-18,256,IEEE RTS 24-bus,2,3e3d0737d91acb37be515001f911d304bfce93540e3d063ca4640a87bd55fa9f,14.029147518998798
106,64,4,2,Batch portfolio,0.6960289629641228,7,-0.01927018643649109,0.0,6.938893903907228e-18,256,IEEE RTS 24-bus,2,3e3d0737d91acb37be515001f911d304bfce93540e3d063ca4640a87bd55fa9f,14.029147518998798
106,64,5,3,Inference portfolio,0.3194660181587846,14,0.0,0.0,6.938893903907228e-18,256,IEEE RTS 24-bus,2,3e3d0737d91acb37be515001f911d304bfce93540e3d063ca4640a87bd55fa9f,14.029147518998798
106,64,6,3,Batch portfolio,0.6805339818412154,14,0.0,0.0,6.938893903907228e-18,256,IEEE RTS 24-bus,2,3e3d0737d91acb37be515001f911d304bfce93540e3d063ca4640a87bd55fa9f,14.029147518998798
106,64,7,4,Inference portfolio,0.3374214395382333,20,0.0,0.0,6.938893903907228e-18,256,IEEE RTS 24-bus,2,3e3d0737d91acb37be515001f911d304bfce93540e3d063ca4640a87bd55fa9f,14.029147518998798
106,64,8,4,Batch portfolio,0.6625785604617667,20,0.0,0.0,6.938893903907228e-18,256,IEEE RTS 24-bus,2,3e3d0737d91acb37be515001f911d304bfce93540e3d063ca4640a87bd55fa9f,14.029147518998798
106,65,1,1,Inference portfolio,0.3360858524341381,2,0.0,-0.9732663129780121,6.661338147750939e-16,256,IEEE RTS 24-bus,2,3e3d0737d91acb37be515001f911d304bfce93540e3d063ca4640a87bd55fa9f,14.029147518998798
106,65,2,1,Batch portfolio,0.6639141475658619,2,0.0,-0.9732663129780121,6.661338147750939e-16,256,IEEE RTS 24-bus,2,3e3d0737d91acb37be515001f911d304bfce93540e3d063ca4640a87bd55fa9f,14.029147518998798
106,65,3,2,Inference portfolio,0.30397103703587725,7,0.0,-0.9732663129780121,6.661338147750939e-16,256,IEEE RTS 24-bus,2,3e3d0737d91acb37be515001f911d304bfce93540e3d063ca4640a87bd55fa9f,14.029147518998798
106,65,4,2,Batch portfolio,0.6960289629641228,7,0.0,-0.9732663129780121,6.661338147750939e-16,256,IEEE RTS 24-bus,2,3e3d0737d91acb37be515001f911d304bfce93540e3d063ca4640a87bd55fa9f,14.029147518998798
106,65,5,3,Inference portfolio,0.3194660181587846,14,0.0,-0.9732663129780121,6.661338147750939e-16,256,IEEE RTS 24-bus,2,3e3d0737d91acb37be515001f911d304bfce93540e3d063ca4640a87bd55fa9f,14.029147518998798
106,65,6,3,Batch portfolio,0.6805339818412154,14,0.0,-0.9732663129780121,6.661338147750939e-16,256,IEEE RTS 24-bus,2,3e3d0737d91acb37be515001f911d304bfce93540e3d063ca4640a87bd55fa9f,14.029147518998798
106,65,7,4,Inference portfolio,0.3374214395382333,20,-0.3284009203789543,-0.9732663129780121,6.661338147750939e-16,256,IEEE RTS 24-bus,2,3e3d0737d91acb37be515001f911d304bfce93540e3d063ca4640a87bd55fa9f,14.029147518998798
106,65,8,4,Batch portfolio,0.6625785604617667,20,-0.6448653925990572,-0.9732663129780121,6.661338147750939e-16,256,IEEE RTS 24-bus,2,3e3d0737d91acb37be515001f911d304bfce93540e3d063ca4640a87bd55fa9f,14.029147518998798
106,66,1,1,Inference portfolio,0.3360858524341381,2,0.02800271277571181,0.9732663129780121,-7.771561172376096e-16,256,IEEE RTS 24-bus,2,3e3d0737d91acb37be515001f911d304bfce93540e3d063ca4640a87bd55fa9f,14.029147518998798
106,66,2,1,Batch portfolio,0.6639141475658619,2,0.055317404906569806,0.9732663129780121,-7.771561172376096e-16,256,IEEE RTS 24-bus,2,3e3d0737d91acb37be515001f911d304bfce93540e3d063ca4640a87bd55fa9f,14.029147518998798
106,66,3,2,Inference portfolio,0.30397103703587725,7,-0.025326902577338235,0.9732663129780121,-7.771561172376096e-16,256,IEEE RTS 24-bus,2,3e3d0737d91acb37be515001f911d304bfce93540e3d063ca4640a87bd55fa9f,14.029147518998798
106,66,4,2,Batch portfolio,0.6960289629641228,7,-0.057993215104155144,0.9732663129780121,-7.771561172376096e-16,256,IEEE RTS 24-bus,2,3e3d0737d91acb37be515001f911d304bfce93540e3d063ca4640a87bd55fa9f,14.029147518998798
106,66,5,3,Inference portfolio,0.3194660181587846,14,0.0,0.9732663129780121,-7.771561172376096e-16,256,IEEE RTS 24-bus,2,3e3d0737d91acb37be515001f911d304bfce93540e3d063ca4640a87bd55fa9f,14.029147518998798
106,66,6,3,Batch portfolio,0.6805339818412154,14,0.0,0.9732663129780121,-7.771561172376096e-16,256,IEEE RTS 24-bus,2,3e3d0737d91acb37be515001f911d304bfce93540e3d063ca4640a87bd55fa9f,14.029147518998798
106,66,7,4,Inference portfolio,0.3374214395382333,20,0.32840092037922697,0.9732663129780121,-7.771561172376096e-16,256,IEEE RTS 24-bus,2,3e3d0737d91acb37be515001f911d304bfce93540e3d063ca4640a87bd55fa9f,14.029147518998798
106,66,8,4,Batch portfolio,0.6625785604617667,20,0.6448653925979961,0.9732663129780121,-7.771561172376096e-16,256,IEEE RTS 24-bus,2,3e3d0737d91acb37be515001f911d304bfce93540e3d063ca4640a87bd55fa9f,14.029147518998798
106,67,1,1,Inference portfolio,0.3360858524341381,2,0.0687499672715907,0.0,-5.551115123125783e-17,256,IEEE RTS 24-bus,2,3e3d0737d91acb37be515001f911d304bfce93540e3d063ca4640a87bd55fa9f,14.029147518998798
106,67,2,1,Batch portfolio,0.6639141475658619,2,0.13581076259621705,0.0,-5.551115123125783e-17,256,IEEE RTS 24-bus,2,3e3d0737d91acb37be515001f911d304bfce93540e3d063ca4640a87bd55fa9f,14.029147518998798
106,67,3,2,Inference portfolio,0.30397103703587725,7,-0.06218053719415669,0.0,-5.551115123125783e-17,256,IEEE RTS 24-bus,2,3e3d0737d91acb37be515001f911d304bfce93540e3d063ca4640a87bd55fa9f,14.029147518998798
106,67,4,2,Batch portfolio,0.6960289629641228,7,-0.14238019267365112,0.0,-5.551115123125783e-17,256,IEEE RTS 24-bus,2,3e3d0737d91acb37be515001f911d304bfce93540e3d063ca4640a87bd55fa9f,14.029147518998798
106,67,5,3,Inference portfolio,0.3194660181587846,14,0.0,0.0,-5.551115123125783e-17,256,IEEE RTS 24-bus,2,3e3d0737d91acb37be515001f911d304bfce93540e3d063ca4640a87bd55fa9f,14.029147518998798
106,67,6,3,Batch portfolio,0.6805339818412154,14,0.0,0.0,-5.551115123125783e-17,256,IEEE RTS 24-bus,2,3e3d0737d91acb37be515001f911d304bfce93540e3d063ca4640a87bd55fa9f,14.029147518998798
106,67,7,4,Inference portfolio,0.3374214395382333,20,0.0,0.0,-5.551115123125783e-17,256,IEEE RTS 24-bus,2,3e3d0737d91acb37be515001f911d304bfce93540e3d063ca4640a87bd55fa9f,14.029147518998798
106,67,8,4,Batch portfolio,0.6625785604617667,20,0.0,0.0,-5.551115123125783e-17,256,IEEE RTS 24-bus,2,3e3d0737d91acb37be515001f911d304bfce93540e3d063ca4640a87bd55fa9f,14.029147518998798
106,68,1,1,Inference portfolio,0.3360858524341381,2,0.12294734365423196,0.0,-6.106226635438361e-16,256,IEEE RTS 24-bus,2,3e3d0737d91acb37be515001f911d304bfce93540e3d063ca4640a87bd55fa9f,14.029147518998798
106,68,2,1,Batch portfolio,0.6639141475658619,2,0.24287389744495172,0.0,-6.106226635438361e-16,256,IEEE RTS 24-bus,2,3e3d0737d91acb37be515001f911d304bfce93540e3d063ca4640a87bd55fa9f,14.029147518998798
106,68,3,2,Inference portfolio,0.30397103703587725,7,-0.11119906202657165,0.0,-6.106226635438361e-16,256,IEEE RTS 24-bus,2,3e3d0737d91acb37be515001f911d304bfce93540e3d063ca4640a87bd55fa9f,14.029147518998798
106,68,4,2,Batch portfolio,0.6960289629641228,7,-0.25462217907261264,0.0,-6.106226635438361e-16,256,IEEE RTS 24-bus,2,3e3d0737d91acb37be515001f911d304bfce93540e3d063ca4640a87bd55fa9f,14.029147518998798
106,68,5,3,Inference portfolio,0.3194660181587846,14,0.0,0.0,-6.106226635438361e-16,256,IEEE RTS 24-bus,2,3e3d0737d91acb37be515001f911d304bfce93540e3d063ca4640a87bd55fa9f,14.029147518998798
106,68,6,3,Batch portfolio,0.6805339818412154,14,0.0,0.0,-6.106226635438361e-16,256,IEEE RTS 24-bus,2,3e3d0737d91acb37be515001f911d304bfce93540e3d063ca4640a87bd55fa9f,14.029147518998798
106,68,7,4,Inference portfolio,0.3374214395382333,20,0.0,0.0,-6.106226635438361e-16,256,IEEE RTS 24-bus,2,3e3d0737d91acb37be515001f911d304bfce93540e3d063ca4640a87bd55fa9f,14.029147518998798
106,68,8,4,Batch portfolio,0.6625785604617667,20,0.0,0.0,-6.106226635438361e-16,256,IEEE RTS 24-bus,2,3e3d0737d91acb37be515001f911d304bfce93540e3d063ca4640a87bd55fa9f,14.029147518998798
106,69,1,1,Inference portfolio,0.3360858524341381,2,0.0034397033023196868,1.8189894035458565e-12,6.938893903907228e-18,256,IEEE RTS 24-bus,2,3e3d0737d91acb37be515001f911d304bfce93540e3d063ca4640a87bd55fa9f,14.029147518998798
106,69,2,1,Batch portfolio,0.6639141475658619,2,0.0067948938315870065,1.8189894035458565e-12,6.938893903907228e-18,256,IEEE RTS 24-bus,2,3e3d0737d91acb37be515001f911d304bfce93540e3d063ca4640a87bd55fa9f,14.029147518998798
106,69,3,2,Inference portfolio,0.30397103703587725,7,-0.003111021103601767,1.8189894035458565e-12,6.938893903907228e-18,256,IEEE RTS 24-bus,2,3e3d0737d91acb37be515001f911d304bfce93540e3d063ca4640a87bd55fa9f,14.029147518998798
106,69,4,2,Batch portfolio,0.6960289629641228,7,-0.007123576028485929,1.8189894035458565e-12,6.938893903907228e-18,256,IEEE RTS 24-bus,2,3e3d0737d91acb37be515001f911d304bfce93540e3d063ca4640a87bd55fa9f,14.029147518998798
106,69,5,3,Inference portfolio,0.3194660181587846,14,0.0,1.8189894035458565e-12,6.938893903907228e-18,256,IEEE RTS 24-bus,2,3e3d0737d91acb37be515001f911d304bfce93540e3d063ca4640a87bd55fa9f,14.029147518998798
106,69,6,3,Batch portfolio,0.6805339818412154,14,0.0,1.8189894035458565e-12,6.938893903907228e-18,256,IEEE RTS 24-bus,2,3e3d0737d91acb37be515001f911d304bfce93540e3d063ca4640a87bd55fa9f,14.029147518998798
106,69,7,4,Inference portfolio,0.3374214395382333,20,0.0,1.8189894035458565e-12,6.938893903907228e-18,256,IEEE RTS 24-bus,2,3e3d0737d91acb37be515001f911d304bfce93540e3d063ca4640a87bd55fa9f,14.029147518998798
106,69,8,4,Batch portfolio,0.6625785604617667,20,0.0,1.8189894035458565e-12,6.938893903907228e-18,256,IEEE RTS 24-bus,2,3e3d0737d91acb37be515001f911d304bfce93540e3d063ca4640a87bd55fa9f,14.029147518998798
106,70,1,1,Inference portfolio,0.3360858524341381,2,0.01543456609745896,0.0,-6.938893903907228e-18,256,IEEE RTS 24-bus,2,3e3d0737d91acb37be515001f911d304bfce93540e3d063ca4640a87bd55fa9f,14.029147518998798
106,70,2,1,Batch portfolio,0.6639141475658619,2,0.0304899082149556,0.0,-6.938893903907228e-18,256,IEEE RTS 24-bus,2,3e3d0737d91acb37be515001f911d304bfce93540e3d063ca4640a87bd55fa9f,14.029147518998798
106,70,3,2,Inference portfolio,0.30397103703587725,7,-0.013959710082266015,0.0,-6.938893903907228e-18,256,IEEE RTS 24-bus,2,3e3d0737d91acb37be515001f911d304bfce93540e3d063ca4640a87bd55fa9f,14.029147518998798
106,70,4,2,Batch portfolio,0.6960289629641228,7,-0.03196476423014855,0.0,-6.938893903907228e-18,256,IEEE RTS 24-bus,2,3e3d0737d91acb37be515001f911d304bfce93540e3d063ca4640a87bd55fa9f,14.029147518998798
106,70,5,3,Inference portfolio,0.3194660181587846,14,0.0,0.0,-6.938893903907228e-18,256,IEEE RTS 24-bus,2,3e3d0737d91acb37be515001f911d304bfce93540e3d063ca4640a87bd55fa9f,14.029147518998798
106,70,6,3,Batch portfolio,0.6805339818412154,14,0.0,0.0,-6.938893903907228e-18,256,IEEE RTS 24-bus,2,3e3d0737d91acb37be515001f911d304bfce93540e3d063ca4640a87bd55fa9f,14.029147518998798
106,70,7,4,Inference portfolio,0.3374214395382333,20,0.0,0.0,-6.938893903907228e-18,256,IEEE RTS 24-bus,2,3e3d0737d91acb37be515001f911d304bfce93540e3d063ca4640a87bd55fa9f,14.029147518998798
106,70,8,4,Batch portfolio,0.6625785604617667,20,0.0,0.0,-6.938893903907228e-18,256,IEEE RTS 24-bus,2,3e3d0737d91acb37be515001f911d304bfce93540e3d063ca4640a87bd55fa9f,14.029147518998798
106,71,1,1,Inference portfolio,0.3360858524341381,2,0.02747352765269778,0.0,-2.7755575615628914e-17,256,IEEE RTS 24-bus,2,3e3d0737d91acb37be515001f911d304bfce93540e3d063ca4640a87bd55fa9f,14.029147518998798
106,71,2,1,Batch portfolio,0.6639141475658619,2,0.05427203662429752,0.0,-2.7755575615628914e-17,256,IEEE RTS 24-bus,2,3e3d0737d91acb37be515001f911d304bfce93540e3d063ca4640a87bd55fa9f,14.029147518998798
106,71,3,2,Inference portfolio,0.30397103703587725,7,-0.024848283946236435,0.0,-2.7755575615628914e-17,256,IEEE RTS 24-bus,2,3e3d0737d91acb37be515001f911d304bfce93540e3d063ca4640a87bd55fa9f,14.029147518998798
106,71,4,2,Batch portfolio,0.6960289629641228,7,-0.05689728033075889,0.0,-2.7755575615628914e-17,256,IEEE RTS 24-bus,2,3e3d0737d91acb37be515001f911d304bfce93540e3d063ca4640a87bd55fa9f,14.029147518998798
106,71,5,3,Inference portfolio,0.3194660181587846,14,0.0,0.0,-2.7755575615628914e-17,256,IEEE RTS 24-bus,2,3e3d0737d91acb37be515001f911d304bfce93540e3d063ca4640a87bd55fa9f,14.029147518998798
106,71,6,3,Batch portfolio,0.6805339818412154,14,0.0,0.0,-2.7755575615628914e-17,256,IEEE RTS 24-bus,2,3e3d0737d91acb37be515001f911d304bfce93540e3d063ca4640a87bd55fa9f,14.029147518998798
106,71,7,4,Inference portfolio,0.3374214395382333,20,0.0,0.0,-2.7755575615628914e-17,256,IEEE RTS 24-bus,2,3e3d0737d91acb37be515001f911d304bfce93540e3d063ca4640a87bd55fa9f,14.029147518998798
106,71,8,4,Batch portfolio,0.6625785604617667,20,0.0,0.0,-2.7755575615628914e-17,256,IEEE RTS 24-bus,2,3e3d0737d91acb37be515001f911d304bfce93540e3d063ca4640a87bd55fa9f,14.029147518998798
107,64,1,1,Inference portfolio,0.3360858524341381,2,3.499078253411608,-10.353805206661491,3.552713678800501e-15,256,IEEE RTS 24-bus,2,3e3d0737d91acb37be515001f911d304bfce93540e3d063ca4640a87bd55fa9f,14.540932227002486
107,64,2,1,Batch portfolio,0.6639141475658619,2,6.911359503831742,-10.353805206661491,3.552713678800501e-15,256,IEEE RTS 24-bus,2,3e3d0737d91acb37be515001f911d304bfce93540e3d063ca4640a87bd55fa9f,14.540932227002486
107,64,3,2,Inference portfolio,0.30397103703587725,7,-4.621068209288024,-10.353805206661491,3.552713678800501e-15,256,IEEE RTS 24-bus,2,3e3d0737d91acb37be515001f911d304bfce93540e3d063ca4640a87bd55fa9f,14.540932227002486
107,64,4,2,Batch portfolio,0.6960289629641228,7,-10.583851676442341,-10.353805206661491,3.552713678800501e-15,256,IEEE RTS 24-bus,2,3e3d0737d91acb37be515001f911d304bfce93540e3d063ca4640a87bd55fa9f,14.540932227002486
107,64,5,3,Inference portfolio,0.3194660181587846,14,-1.7750001761868883,-10.353805206661491,3.552713678800501e-15,256,IEEE RTS 24-bus,2,3e3d0737d91acb37be515001f911d304bfce93540e3d063ca4640a87bd55fa9f,14.540932227002486
107,64,6,3,Batch portfolio,0.6805339818412154,14,-3.7843229019875846,-10.353805206661491,3.552713678800501e-15,256,IEEE RTS 24-bus,2,3e3d0737d91acb37be515001f911d304bfce93540e3d063ca4640a87bd55fa9f,14.540932227002486
107,64,7,4,Inference portfolio,0.3374214395382333,20,0.0,-10.353805206661491,3.552713678800501e-15,256,IEEE RTS 24-bus,2,3e3d0737d91acb37be515001f911d304bfce93540e3d063ca4640a87bd55fa9f,14.540932227002486
107,64,8,4,Batch portfolio,0.6625785604617667,20,0.0,-10.353805206661491,3.552713678800501e-15,256,IEEE RTS 24-bus,2,3e3d0737d91acb37be515001f911d304bfce93540e3d063ca4640a87bd55fa9f,14.540932227002486
107,65,1,1,Inference portfolio,0.3360858524341381,2,0.7202455367423689,10.27023395958713,1.7763568394002505e-15,256,IEEE RTS 24-bus,2,3e3d0737d91acb37be515001f911d304bfce93540e3d063ca4640a87bd55fa9f,14.540932227002486
107,65,2,1,Batch portfolio,0.6639141475658619,2,1.4227947951423632,10.27023395958713,1.7763568394002505e-15,256,IEEE RTS 24-bus,2,3e3d0737d91acb37be515001f911d304bfce93540e3d063ca4640a87bd55fa9f,14.540932227002486
107,65,3,2,Inference portfolio,0.30397103703587725,7,0.7917305385386185,10.27023395958713,1.7763568394002505e-15,256,IEEE RTS 24-bus,2,3e3d0737d91acb37be515001f911d304bfce93540e3d063ca4640a87bd55fa9f,14.540932227002486
107,65,4,2,Batch portfolio,0.6960289629641228,7,1.8128943831612285,10.27023395958713,1.7763568394002505e-15,256,IEEE RTS 24-bus,2,3e3d0737d91acb37be515001f911d304bfce93540e3d063ca4640a87bd55fa9f,14.540932227002486
107,65,5,3,Inference portfolio,0.3194660181587846,14,1.7642730345147961,10.27023395958713,1.7763568394002505e-15,256,IEEE RTS 24-bus,2,3e3d0737d91acb37be515001f911d304bfce93540e3d063ca4640a87bd55fa9f,14.540932227002486
107,65,6,3,Batch portfolio,0.6805339818412154,14,3.7582956714877573,10.27023395958713,1.7763568394002505e-15,256,IEEE RTS 24-bus,2,3e3d0737d91acb37be515001f911d304bfce93540e3d063ca4640a87bd55fa9f,14.540932227002486
107,65,7,4,Inference portfolio,0.3374214395382333,20,0.0,10.27023395958713,1.7763568394002505e-15,256,IEEE RTS 24-bus,2,3e3d0737d91acb37be515001f911d304bfce93540e3d063ca4640a87bd55fa9f,14.540932227002486
107,65,8,4,Batch portfolio,0.6625785604617667,20,0.0,10.27023395958713,1.7763568394002505e-15,256,IEEE RTS 24-bus,2,3e3d0737d91acb37be515001f911d304bfce93540e3d063ca4640a87bd55fa9f,14.540932227002486
107,66,1,1,Inference portfolio,0.3360858524341381,2,0.014464393371326904,0.0,6.938893903907228e-18,256,IEEE RTS 24-bus,2,3e3d0737d91acb37be515001f911d304bfce93540e3d063ca4640a87bd55fa9f,14.540932227002486
107,66,2,1,Batch portfolio,0.6639141475658619,2,0.028573399699628993,0.0,6.938893903907228e-18,256,IEEE RTS 24-bus,2,3e3d0737d91acb37be515001f911d304bfce93540e3d063ca4640a87bd55fa9f,14.540932227002486
107,66,3,2,Inference portfolio,0.30397103703587725,7,-0.013082242592190613,0.0,6.938893903907228e-18,256,IEEE RTS 24-bus,2,3e3d0737d91acb37be515001f911d304bfce93540e3d063ca4640a87bd55fa9f,14.540932227002486
107,66,4,2,Batch portfolio,0.6960289629641228,7,-0.02995555047876528,0.0,6.938893903907228e-18,256,IEEE RTS 24-bus,2,3e3d0737d91acb37be515001f911d304bfce93540e3d063ca4640a87bd55fa9f,14.540932227002486
107,66,5,3,Inference portfolio,0.3194660181587846,14,0.0,0.0,6.938893903907228e-18,256,IEEE RTS 24-bus,2,3e3d0737d91acb37be515001f911d304bfce93540e3d063ca4640a87bd55fa9f,14.540932227002486
107,66,6,3,Batch portfolio,0.6805339818412154,14,0.0,0.0,6.938893903907228e-18,256,IEEE RTS 24-bus,2,3e3d0737d91acb37be515001f911d304bfce93540e3d063ca4640a87bd55fa9f,14.540932227002486
107,66,7,4,Inference portfolio,0.3374214395382333,20,0.0,0.0,6.938893903907228e-18,256,IEEE RTS 24-bus,2,3e3d0737d91acb37be515001f911d304bfce93540e3d063ca4640a87bd55fa9f,14.540932227002486
107,66,8,4,Batch portfolio,0.6625785604617667,20,0.0,0.0,6.938893903907228e-18,256,IEEE RTS 24-bus,2,3e3d0737d91acb37be515001f911d304bfce93540e3d063ca4640a87bd55fa9f,14.540932227002486
107,67,1,1,Inference portfolio,0.3360858524341381,2,1.904856124636443,-1.3602809593012353,1.1102230246251565e-15,256,IEEE RTS 24-bus,2,3e3d0737d91acb37be515001f911d304bfce93540e3d063ca4640a87bd55fa9f,14.540932227002486
107,67,2,1,Batch portfolio,0.6639141475658619,2,3.762910342890337,-1.3602809593012353,1.1102230246251565e-15,256,IEEE RTS 24-bus,2,3e3d0737d91acb37be515001f911d304bfce93540e3d063ca4640a87bd55fa9f,14.540932227002486
107,67,3,2,Inference portfolio,0.30397103703587725,7,-2.0202197683398486,-1.3602809593012353,1.1102230246251565e-15,256,IEEE RTS 24-bus,2,3e3d0737d91acb37be515001f911d304bfce93540e3d063ca4640a87bd55fa9f,14.540932227002486
107,67,4,2,Batch portfolio,0.6960289629641228,7,-4.625873188539752,-1.3602809593012353,1.1102230246251565e-15,256,IEEE RTS 24-bus,2,3e3d0737d91acb37be515001f911d304bfce93540e3d063ca4640a87bd55fa9f,14.540932227002486
107,67,5,3,Inference portfolio,0.3194660181587846,14,-0.12202147363229107,-1.3602809593012353,1.1102230246251565e-15,256,IEEE RTS 24-bus,2,3e3d0737d91acb37be515001f911d304bfce93540e3d063ca4640a87bd55fa9f,14.540932227002486
107,67,6,3,Batch portfolio,0.6805339818412154,14,-0.25993299631612254,-1.3602809593012353,1.1102230246251565e-15,256,IEEE RTS 24-bus,2,3e3d0737d91acb37be515001f911d304bfce93540e3d063ca4640a87bd55fa9f,14.540932227002486
107,67,7,4,Inference portfolio,0.3374214395382333,20,0.0,-1.3602809593012353,1.1102230246251565e-15,256,IEEE RTS 24-bus,2,3e3d0737d91acb37be515001f911d304bfce93540e3d063ca4640a87bd55fa9f,14.540932227002486
107,67,8,4,Batch portfolio,0.6625785604617667,20,0.0,-1.3602809593012353,1.1102230246251565e-15,256,IEEE RTS 24-bus,2,3e3d0737d91acb37be515001f911d304bfce93540e3d063ca4640a87bd55fa9f,14.540932227002486
107,68,1,1,Inference portfolio,0.3360858524341381,2,0.017639504110441837,1.3602809593048732,-8.881784197001252e-16,256,IEEE RTS 24-bus,2,3e3d0737d91acb37be515001f911d304bfce93540e3d063ca4640a87bd55fa9f,14.540932227002486
107,68,2,1,Batch portfolio,0.6639141475658619,2,0.034845609391353116,1.3602809593048732,-8.881784197001252e-16,256,IEEE RTS 24-bus,2,3e3d0737d91acb37be515001f911d304bfce93540e3d063ca4640a87bd55fa9f,14.540932227002486
107,68,3,2,Inference portfolio,0.30397103703587725,7,0.2814289631493318,1.3602809593048732,-8.881784197001252e-16,256,IEEE RTS 24-bus,2,3e3d0737d91acb37be515001f911d304bfce93540e3d063ca4640a87bd55fa9f,14.540932227002486
107,68,4,2,Batch portfolio,0.6960289629641228,7,0.644412412704574,1.3602809593048732,-8.881784197001252e-16,256,IEEE RTS 24-bus,2,3e3d0737d91acb37be515001f911d304bfce93540e3d063ca4640a87bd55fa9f,14.540932227002486
107,68,5,3,Inference portfolio,0.3194660181587846,14,0.1220214736325943,1.3602809593048732,-8.881784197001252e-16,256,IEEE RTS 24-bus,2,3e3d0737d91acb37be515001f911d304bfce93540e3d063ca4640a87bd55fa9f,14.540932227002486
107,68,6,3,Batch portfolio,0.6805339818412154,14,0.2599329963165773,1.3602809593048732,-8.881784197001252e-16,256,IEEE RTS 24-bus,2,3e3d0737d91acb37be515001f911d304bfce93540e3d063ca4640a87bd55fa9f,14.540932227002486
107,68,7,4,Inference portfolio,0.3374214395382333,20,0.0,1.3602809593048732,-8.881784197001252e-16,256,IEEE RTS 24-bus,2,3e3d0737d91acb37be515001f911d304bfce93540e3d063ca4640a87bd55fa9f,14.540932227002486
107,68,8,4,Batch portfolio,0.6625785604617667,20,0.0,1.3602809593048732,-8.881784197001252e-16,256,IEEE RTS 24-bus,2,3e3d0737d91acb37be515001f911d304bfce93540e3d063ca4640a87bd55fa9f,14.540932227002486
107,69,1,1,Inference portfolio,0.3360858524341381,2,0.03924789664673279,0.0,2.7755575615628914e-17,256,IEEE RTS 24-bus,2,3e3d0737d91acb37be515001f911d304bfce93540e3d063ca4640a87bd55fa9f,14.540932227002486
107,69,2,1,Batch portfolio,0.6639141475658619,2,0.07753148089174527,0.0,2.7755575615628914e-17,256,IEEE RTS 24-bus,2,3e3d0737d91acb37be515001f911d304bfce93540e3d063ca4640a87bd55fa9f,14.540932227002486
107,69,3,2,Inference portfolio,0.30397103703587725,7,-0.035497548494428564,0.0,2.7755575615628914e-17,256,IEEE RTS 24-bus,2,3e3d0737d91acb37be515001f911d304bfce93540e3d063ca4640a87bd55fa9f,14.540932227002486
107,69,4,2,Batch portfolio,0.6960289629641228,7,-0.08128182904404946,0.0,2.7755575615628914e-17,256,IEEE RTS 24-bus,2,3e3d0737d91acb37be515001f911d304bfce93540e3d063ca4640a87bd55fa9f,14.540932227002486
107,69,5,3,Inference portfolio,0.3194660181587846,14,0.0,0.0,2.7755575615628914e-17,256,IEEE RTS 24-bus,2,3e3d0737d91acb37be515001f911d304bfce93540e3d063ca4640a87bd55fa9f,14.540932227002486
107,69,6,3,Batch portfolio,0.6805339818412154,14,0.0,0.0,2.7755575615628914e-17,256,IEEE RTS 24-bus,2,3e3d0737d91acb37be515001f911d304bfce93540e3d063ca4640a87bd55fa9f,14.540932227002486
107,69,7,4,Inference portfolio,0.3374214395382333,20,0.0,0.0,2.7755575615628914e-17,256,IEEE RTS 24-bus,2,3e3d0737d91acb37be515001f911d304bfce93540e3d063ca4640a87bd55fa9f,14.540932227002486
107,69,8,4,Batch portfolio,0.6625785604617667,20,0.0,0.0,2.7755575615628914e-17,256,IEEE RTS 24-bus,2,3e3d0737d91acb37be515001f911d304bfce93540e3d063ca4640a87bd55fa9f,14.540932227002486
107,70,1,1,Inference portfolio,0.3360858524341381,2,0.052301129689264245,0.0,-1.1102230246251565e-16,256,IEEE RTS 24-bus,2,3e3d0737d91acb37be515001f911d304bfce93540e3d063ca4640a87bd55fa9f,14.540932227002486
107,70,2,1,Batch portfolio,0.6639141475658619,2,0.10331723183920372,0.0,-1.1102230246251565e-16,256,IEEE RTS 24-bus,2,3e3d0737d91acb37be515001f911d304bfce93540e3d063ca4640a87bd55fa9f,14.540932227002486
107,70,3,2,Inference portfolio,0.30397103703587725,7,-0.047303474736054396,0.0,-1.1102230246251565e-16,256,IEEE RTS 24-bus,2,3e3d0737d91acb37be515001f911d304bfce93540e3d063ca4640a87bd55fa9f,14.540932227002486
107,70,4,2,Batch portfolio,0.6960289629641228,7,-0.1083148867924137,0.0,-1.1102230246251565e-16,256,IEEE RTS 24-bus,2,3e3d0737d91acb37be515001f911d304bfce93540e3d063ca4640a87bd55fa9f,14.540932227002486
107,70,5,3,Inference portfolio,0.3194660181587846,14,0.0,0.0,-1.1102230246251565e-16,256,IEEE RTS 24-bus,2,3e3d0737d91acb37be515001f911d304bfce93540e3d063ca4640a87bd55fa9f,14.540932227002486
107,70,6,3,Batch portfolio,0.6805339818412154,14,0.0,0.0,-1.1102230246251565e-16,256,IEEE RTS 24-bus,2,3e3d0737d91acb37be515001f911d304bfce93540e3d063ca4640a87bd55fa9f,14.540932227002486
107,70,7,4,Inference portfolio,0.3374214395382333,20,0.0,0.0,-1.1102230246251565e-16,256,IEEE RTS 24-bus,2,3e3d0737d91acb37be515001f911d304bfce93540e3d063ca4640a87bd55fa9f,14.540932227002486
107,70,8,4,Batch portfolio,0.6625785604617667,20,0.0,0.0,-1.1102230246251565e-16,256,IEEE RTS 24-bus,2,3e3d0737d91acb37be515001f911d304bfce93540e3d063ca4640a87bd55fa9f,14.540932227002486
107,71,1,1,Inference portfolio,0.3360858524341381,2,0.0,0.0,0.0,256,IEEE RTS 24-bus,2,3e3d0737d91acb37be515001f911d304bfce93540e3d063ca4640a87bd55fa9f,14.540932227002486
107,71,2,1,Batch portfolio,0.6639141475658619,2,0.0,0.0,0.0,256,IEEE RTS 24-bus,2,3e3d0737d91acb37be515001f911d304bfce93540e3d063ca4640a87bd55fa9f,14.540932227002486
107,71,3,2,Inference portfolio,0.30397103703587725,7,0.0,0.0,0.0,256,IEEE RTS 24-bus,2,3e3d0737d91acb37be515001f911d304bfce93540e3d063ca4640a87bd55fa9f,14.540932227002486
107,71,4,2,Batch portfolio,0.6960289629641228,7,0.0,0.0,0.0,256,IEEE RTS 24-bus,2,3e3d0737d91acb37be515001f911d304bfce93540e3d063ca4640a87bd55fa9f,14.540932227002486
107,71,5,3,Inference portfolio,0.3194660181587846,14,0.0,0.0,0.0,256,IEEE RTS 24-bus,2,3e3d0737d91acb37be515001f911d304bfce93540e3d063ca4640a87bd55fa9f,14.540932227002486
107,71,6,3,Batch portfolio,0.6805339818412154,14,0.0,0.0,0.0,256,IEEE RTS 24-bus,2,3e3d0737d91acb37be515001f911d304bfce93540e3d063ca4640a87bd55fa9f,14.540932227002486
107,71,7,4,Inference portfolio,0.3374214395382333,20,0.0,0.0,0.0,256,IEEE RTS 24-bus,2,3e3d0737d91acb37be515001f911d304bfce93540e3d063ca4640a87bd55fa9f,14.540932227002486
107,71,8,4,Batch portfolio,0.6625785604617667,20,0.0,0.0,0.0,256,IEEE RTS 24-bus,2,3e3d0737d91acb37be515001f911d304bfce93540e3d063ca4640a87bd55fa9f,14.540932227002486
108,64,1,1,Inference portfolio,0.3360858524341381,2,0.12590196059166678,1.8189894035458565e-12,-5.551115123125783e-16,256,IEEE RTS 24-bus,2,3e3d0737d91acb37be515001f911d304bfce93540e3d063ca4640a87bd55fa9f,14.015165295997576
108,64,2,1,Batch portfolio,0.6639141475658619,2,0.2487105370182689,1.8189894035458565e-12,-5.551115123125783e-16,256,IEEE RTS 24-bus,2,3e3d0737d91acb37be515001f911d304bfce93540e3d063ca4640a87bd55fa9f,14.015165295997576
108,64,3,2,Inference portfolio,0.30397103703587725,7,-0.11387134938377129,1.8189894035458565e-12,-5.551115123125783e-16,256,IEEE RTS 24-bus,2,3e3d0737d91acb37be515001f911d304bfce93540e3d063ca4640a87bd55fa9f,14.015165295997576
108,64,4,2,Batch portfolio,0.6960289629641228,7,-0.2607411482243459,1.8189894035458565e-12,-5.551115123125783e-16,256,IEEE RTS 24-bus,2,3e3d0737d91acb37be515001f911d304bfce93540e3d063ca4640a87bd55fa9f,14.015165295997576
108,64,5,3,Inference portfolio,0.3194660181587846,14,0.0,1.8189894035458565e-12,-5.551115123125783e-16,256,IEEE RTS 24-bus,2,3e3d0737d91acb37be515001f911d304bfce93540e3d063ca4640a87bd55fa9f,14.015165295997576
108,64,6,3,Batch portfolio,0.6805339818412154,14,0.0,1.8189894035458565e-12,-5.551115123125783e-16,256,IEEE RTS 24-bus,2,3e3d0737d91acb37be515001f911d304bfce93540e3d063ca4640a87bd55fa9f,14.015165295997576
108,64,7,4,Inference portfolio,0.3374214395382333,20,0.0,1.8189894035458565e-12,-5.551115123125783e-16,256,IEEE RTS 24-bus,2,3e3d0737d91acb37be515001f911d304bfce93540e3d063ca4640a87bd55fa9f,14.015165295997576
108,64,8,4,Batch portfolio,0.6625785604617667,20,0.0,1.8189894035458565e-12,-5.551115123125783e-16,256,IEEE RTS 24-bus,2,3e3d0737d91acb37be515001f911d304bfce93540e3d063ca4640a87bd55fa9f,14.015165295997576
108,65,1,1,Inference portfolio,0.3360858524341381,2,0.31980420953141253,0.0,2.220446049250313e-16,256,IEEE RTS 24-bus,2,3e3d0737d91acb37be515001f911d304bfce93540e3d063ca4640a87bd55fa9f,14.015165295997576
108,65,2,1,Batch portfolio,0.6639141475658619,2,0.6317508982324391,0.0,2.220446049250313e-16,256,IEEE RTS 24-bus,2,3e3d0737d91acb37be515001f911d304bfce93540e3d063ca4640a87bd55fa9f,14.015165295997576
108,65,3,2,Inference portfolio,0.30397103703587725,7,-0.28924519290421813,0.0,2.220446049250313e-16,256,IEEE RTS 24-bus,2,3e3d0737d91acb37be515001f911d304bfce93540e3d063ca4640a87bd55fa9f,14.015165295997576
108,65,4,2,Batch portfolio,0.6960289629641228,7,-0.6623099148596333,0.0,2.220446049250313e-16,256,IEEE RTS 24-bus,2,3e3d0737d91acb37be515001f911d304bfce93540e3d063ca4640a87bd55fa9f,14.015165295997576
108,65,5,3,Inference portfolio,0.3194660181587846,14,0.0,0.0,2.220446049250313e-16,256,IEEE RTS 24-bus,2,3e3d0737d91acb37be515001f911d304bfce93540e3d063ca4640a87bd55fa9f,14.015165295997576
108,65,6,3,Batch portfolio,0.6805339818412154,14,0.0,0.0,2.220446049250313e-16,256,IEEE RTS 24-bus,2,3e3d0737d91acb37be515001f911d304bfce93540e3d063ca4640a87bd55fa9f,14.015165295997576
108,65,7,4,Inference portfolio,0.3374214395382333,20,0.0,0.0,2.220446049250313e-16,256,IEEE RTS 24-bus,2,3e3d0737d91acb37be515001f911d304bfce93540e3d063ca4640a87bd55fa9f,14.015165295997576
108,65,8,4,Batch portfolio,0.6625785604617667,20,0.0,0.0,2.220446049250313e-16,256,IEEE RTS 24-bus,2,3e3d0737d91acb37be515001f911d304bfce93540e3d063ca4640a87bd55fa9f,14.015165295997576
108,66,1,1,Inference portfolio,0.3360858524341381,2,0.029502070625615773,0.0,0.0,256,IEEE RTS 24-bus,2,3e3d0737d91acb37be515001f911d304bfce93540e3d063ca4640a87bd55fa9f,14.015165295997576
108,66,2,1,Batch portfolio,0.6639141475658619,2,0.05827928170310772,0.0,0.0,256,IEEE RTS 24-bus,2,3e3d0737d91acb37be515001f911d304bfce93540e3d063ca4640a87bd55fa9f,14.015165295997576
108,66,3,2,Inference portfolio,0.30397103703587725,7,-0.026682988698970202,0.0,0.0,256,IEEE RTS 24-bus,2,3e3d0737d91acb37be515001f911d304bfce93540e3d063ca4640a87bd55fa9f,14.015165295997576
108,66,4,2,Batch portfolio,0.6960289629641228,7,-0.0610983636297533,0.0,0.0,256,IEEE RTS 24-bus,2,3e3d0737d91acb37be515001f911d304bfce93540e3d063ca4640a87bd55fa9f,14.015165295997576
108,66,5,3,Inference portfolio,0.3194660181587846,14,0.0,0.0,0.0,256,IEEE RTS 24-bus,2,3e3d0737d91acb37be515001f911d304bfce93540e3d063ca4640a87bd55fa9f,14.015165295997576
108,66,6,3,Batch portfolio,0.6805339818412154,14,0.0,0.0,0.0,256,IEEE RTS 24-bus,2,3e3d0737d91acb37be515001f911d304bfce93540e3d063ca4640a87bd55fa9f,14.015165295997576
108,66,7,4,Inference portfolio,0.3374214395382333,20,0.0,0.0,0.0,256,IEEE RTS 24-bus,2,3e3d0737d91acb37be515001f911d304bfce93540e3d063ca4640a87bd55fa9f,14.015165295997576
108,66,8,4,Batch portfolio,0.6625785604617667,20,0.0,0.0,0.0,256,IEEE RTS 24-bus,2,3e3d0737d91acb37be515001f911d304bfce93540e3d063ca4640a87bd55fa9f,14.015165295997576
108,67,1,1,Inference portfolio,0.3360858524341381,2,0.10605751846848466,0.0,2.220446049250313e-16,256,IEEE RTS 24-bus,2,3e3d0737d91acb37be515001f911d304bfce93540e3d063ca4640a87bd55fa9f,14.015165295997576
108,67,2,1,Batch portfolio,0.6639141475658619,2,0.20950922645397418,0.0,2.220446049250313e-16,256,IEEE RTS 24-bus,2,3e3d0737d91acb37be515001f911d304bfce93540e3d063ca4640a87bd55fa9f,14.015165295997576
108,67,3,2,Inference portfolio,0.30397103703587725,7,-0.09592315070843442,0.0,2.220446049250313e-16,256,IEEE RTS 24-bus,2,3e3d0737d91acb37be515001f911d304bfce93540e3d063ca4640a87bd55fa9f,14.015165295997576
108,67,4,2,Batch portfolio,0.6960289629641228,7,-0.21964359421402418,0.0,2.220446049250313e-16,256,IEEE RTS 24-bus,2,3e3d0737d91acb37be515001f911d304bfce93540e3d063ca4640a87bd55fa9f,14.015165295997576
108,67,5,3,Inference portfolio,0.3194660181587846,14,0.0,0.0,2.220446049250313e-16,256,IEEE RTS 24-bus,2,3e3d0737d91acb37be515001f911d304bfce93540e3d063ca4640a87bd55fa9f,14.015165295997576
108,67,6,3,Batch portfolio,0.6805339818412154,14,0.0,0.0,2.220446049250313e-16,256,IEEE RTS 24-bus,2,3e3d0737d91acb37be515001f911d304bfce93540e3d063ca4640a87bd55fa9f,14.015165295997576
108,67,7,4,Inference portfolio,0.3374214395382333,20,0.0,0.0,2.220446049250313e-16,256,IEEE RTS 24-bus,2,3e3d0737d91acb37be515001f911d304bfce93540e3d063ca4640a87bd55fa9f,14.015165295997576
108,67,8,4,Batch portfolio,0.6625785604617667,20,0.0,0.0,2.220446049250313e-16,256,IEEE RTS 24-bus,2,3e3d0737d91acb37be515001f911d304bfce93540e3d063ca4640a87bd55fa9f,14.015165295997576
108,68,1,1,Inference portfolio,0.3360858524341381,2,0.02972256442778117,-2.0490778270068404,0.0,256,IEEE RTS 24-bus,2,3e3d0737d91acb37be515001f911d304bfce93540e3d063ca4640a87bd55fa9f,14.015165295997576
108,68,2,1,Batch portfolio,0.6639141475658619,2,0.05871485182099917,-2.0490778270068404,0.0,256,IEEE RTS 24-bus,2,3e3d0737d91acb37be515001f911d304bfce93540e3d063ca4640a87bd55fa9f,14.015165295997576
108,68,3,2,Inference portfolio,0.30397103703587725,7,-0.6497427251715636,-2.0490778270068404,0.0,256,IEEE RTS 24-bus,2,3e3d0737d91acb37be515001f911d304bfce93540e3d063ca4640a87bd55fa9f,14.015165295997576
108,68,4,2,Batch portfolio,0.6960289629641228,7,-1.4877725180840569,-2.0490778270068404,0.0,256,IEEE RTS 24-bus,2,3e3d0737d91acb37be515001f911d304bfce93540e3d063ca4640a87bd55fa9f,14.015165295997576
108,68,5,3,Inference portfolio,0.3194660181587846,14,0.0,-2.0490778270068404,0.0,256,IEEE RTS 24-bus,2,3e3d0737d91acb37be515001f911d304bfce93540e3d063ca4640a87bd55fa9f,14.015165295997576
108,68,6,3,Batch portfolio,0.6805339818412154,14,0.0,-2.0490778270068404,0.0,256,IEEE RTS 24-bus,2,3e3d0737d91acb37be515001f911d304bfce93540e3d063ca4640a87bd55fa9f,14.015165295997576
108,68,7,4,Inference portfolio,0.3374214395382333,20,0.0,-2.0490778270068404,0.0,256,IEEE RTS 24-bus,2,3e3d0737d91acb37be515001f911d304bfce93540e3d063ca4640a87bd55fa9f,14.015165295997576
108,68,8,4,Batch portfolio,0.6625785604617667,20,0.0,-2.0490778270068404,0.0,256,IEEE RTS 24-bus,2,3e3d0737d91acb37be515001f911d304bfce93540e3d063ca4640a87bd55fa9f,14.015165295997576
108,69,1,1,Inference portfolio,0.3360858524341381,2,0.07183688049205263,2.0490778270068404,-4.440892098500626e-16,256,IEEE RTS 24-bus,2,3e3d0737d91acb37be515001f911d304bfce93540e3d063ca4640a87bd55fa9f,14.015165295997576
108,69,2,1,Batch portfolio,0.6639141475658619,2,0.1419087442395719,2.0490778270068404,-4.440892098500626e-16,256,IEEE RTS 24-bus,2,3e3d0737d91acb37be515001f911d304bfce93540e3d063ca4640a87bd55fa9f,14.015165295997576
108,69,3,2,Inference portfolio,0.30397103703587725,7,0.5578878328304503,2.0490778270068404,-4.440892098500626e-16,256,IEEE RTS 24-bus,2,3e3d0737d91acb37be515001f911d304bfce93540e3d063ca4640a87bd55fa9f,14.015165295997576
108,69,4,2,Batch portfolio,0.6960289629641228,7,1.277444369444765,2.0490778270068404,-4.440892098500626e-16,256,IEEE RTS 24-bus,2,3e3d0737d91acb37be515001f911d304bfce93540e3d063ca4640a87bd55fa9f,14.015165295997576
108,69,5,3,Inference portfolio,0.3194660181587846,14,0.0,2.0490778270068404,-4.440892098500626e-16,256,IEEE RTS 24-bus,2,3e3d0737d91acb37be515001f911d304bfce93540e3d063ca4640a87bd55fa9f,14.015165295997576
108,69,6,3,Batch portfolio,0.6805339818412154,14,0.0,2.0490778270068404,-4.440892098500626e-16,256,IEEE RTS 24-bus,2,3e3d0737d91acb37be515001f911d304bfce93540e3d063ca4640a87bd55fa9f,14.015165295997576
108,69,7,4,Inference portfolio,0.3374214395382333,20,0.0,2.0490778270068404,-4.440892098500626e-16,256,IEEE RTS 24-bus,2,3e3d0737d91acb37be515001f911d304bfce93540e3d063ca4640a87bd55fa9f,14.015165295997576
108,69,8,4,Batch portfolio,0.6625785604617667,20,0.0,2.0490778270068404,-4.440892098500626e-16,256,IEEE RTS 24-bus,2,3e3d0737d91acb37be515001f911d304bfce93540e3d063ca4640a87bd55fa9f,14.015165295997576
108,70,1,1,Inference portfolio,0.3360858524341381,2,0.08374354576714427,0.0,1.3877787807814457e-16,256,IEEE RTS 24-bus,2,3e3d0737d91acb37be515001f911d304bfce93540e3d063ca4640a87bd55fa9f,14.015165295997576
108,70,2,1,Batch portfolio,0.6639141475658619,2,0.16542953057660267,0.0,1.3877787807814457e-16,256,IEEE RTS 24-bus,2,3e3d0737d91acb37be515001f911d304bfce93540e3d063ca4640a87bd55fa9f,14.015165295997576
108,70,3,2,Inference portfolio,0.30397103703587725,7,-0.07574139841790384,0.0,1.3877787807814457e-16,256,IEEE RTS 24-bus,2,3e3d0737d91acb37be515001f911d304bfce93540e3d063ca4640a87bd55fa9f,14.015165295997576
108,70,4,2,Batch portfolio,0.6960289629641228,7,-0.17343167792584296,0.0,1.3877787807814457e-16,256,IEEE RTS 24-bus,2,3e3d0737d91acb37be515001f911d304bfce93540e3d063ca4640a87bd55fa9f,14.015165295997576
108,70,5,3,Inference portfolio,0.3194660181587846,14,0.0,0.0,1.3877787807814457e-16,256,IEEE RTS 24-bus,2,3e3d0737d91acb37be515001f911d304bfce93540e3d063ca4640a87bd55fa9f,14.015165295997576
108,70,6,3,Batch portfolio,0.6805339818412154,14,0.0,0.0,1.3877787807814457e-16,256,IEEE RTS 24-bus,2,3e3d0737d91acb37be515001f911d304bfce93540e3d063ca4640a87bd55fa9f,14.015165295997576
108,70,7,4,Inference portfolio,0.3374214395382333,20,0.0,0.0,1.3877787807814457e-16,256,IEEE RTS 24-bus,2,3e3d0737d91acb37be515001f911d304bfce93540e3d063ca4640a87bd55fa9f,14.015165295997576
108,70,8,4,Batch portfolio,0.6625785604617667,20,0.0,0.0,1.3877787807814457e-16,256,IEEE RTS 24-bus,2,3e3d0737d91acb37be515001f911d304bfce93540e3d063ca4640a87bd55fa9f,14.015165295997576
108,71,1,1,Inference portfolio,0.3360858524341381,2,0.0,0.0,0.0,256,IEEE RTS 24-bus,2,3e3d0737d91acb37be515001f911d304bfce93540e3d063ca4640a87bd55fa9f,14.015165295997576
108,71,2,1,Batch portfolio,0.6639141475658619,2,0.0,0.0,0.0,256,IEEE RTS 24-bus,2,3e3d0737d91acb37be515001f911d304bfce93540e3d063ca4640a87bd55fa9f,14.015165295997576
108,71,3,2,Inference portfolio,0.30397103703587725,7,0.0,0.0,0.0,256,IEEE RTS 24-bus,2,3e3d0737d91acb37be515001f911d304bfce93540e3d063ca4640a87bd55fa9f,14.015165295997576
108,71,4,2,Batch portfolio,0.6960289629641228,7,0.0,0.0,0.0,256,IEEE RTS 24-bus,2,3e3d0737d91acb37be515001f911d304bfce93540e3d063ca4640a87bd55fa9f,14.015165295997576
108,71,5,3,Inference portfolio,0.3194660181587846,14,0.0,0.0,0.0,256,IEEE RTS 24-bus,2,3e3d0737d91acb37be515001f911d304bfce93540e3d063ca4640a87bd55fa9f,14.015165295997576
108,71,6,3,Batch portfolio,0.6805339818412154,14,0.0,0.0,0.0,256,IEEE RTS 24-bus,2,3e3d0737d91acb37be515001f911d304bfce93540e3d063ca4640a87bd55fa9f,14.015165295997576
108,71,7,4,Inference portfolio,0.3374214395382333,20,0.0,0.0,0.0,256,IEEE RTS 24-bus,2,3e3d0737d91acb37be515001f911d304bfce93540e3d063ca4640a87bd55fa9f,14.015165295997576
108,71,8,4,Batch portfolio,0.6625785604617667,20,0.0,0.0,0.0,256,IEEE RTS 24-bus,2,3e3d0737d91acb37be515001f911d304bfce93540e3d063ca4640a87bd55fa9f,14.015165295997576
109,64,1,1,Inference portfolio,0.3360858524341381,2,18.543705315430287,-22.648461562013836,-1.7763568394002505e-14,256,IEEE RTS 24-bus,2,3e3d0737d91acb37be515001f911d304bfce93540e3d063ca4640a87bd55fa9f,14.015805633000127
109,64,2,1,Batch portfolio,0.6639141475658619,2,36.62497552703235,-22.648461562013836,-1.7763568394002505e-14,256,IEEE RTS 24-bus,2,3e3d0737d91acb37be515001f911d304bfce93540e3d063ca4640a87bd55fa9f,14.015805633000127
109,64,3,2,Inference portfolio,0.30397103703587725,7,-19.367448901074138,-22.648461562013836,-1.7763568394002505e-14,256,IEEE RTS 24-bus,2,3e3d0737d91acb37be515001f911d304bfce93540e3d063ca4640a87bd55fa9f,14.015805633000127
109,64,4,2,Batch portfolio,0.6960289629641228,7,-44.36772604644996,-22.648461562013836,-1.7763568394002505e-14,256,IEEE RTS 24-bus,2,3e3d0737d91acb37be515001f911d304bfce93540e3d063ca4640a87bd55fa9f,14.015805633000127
109,64,5,3,Inference portfolio,0.3194660181587846,14,-2.4919583343234324,-22.648461562013836,-1.7763568394002505e-14,256,IEEE RTS 24-bus,2,3e3d0737d91acb37be515001f911d304bfce93540e3d063ca4640a87bd55fa9f,14.015805633000127
109,64,6,3,Batch portfolio,0.6805339818412154,14,-5.308137003809928,-22.648461562013836,-1.7763568394002505e-14,256,IEEE RTS 24-bus,2,3e3d0737d91acb37be515001f911d304bfce93540e3d063ca4640a87bd55fa9f,14.015805633000127
109,64,7,4,Inference portfolio,0.3374214395382333,20,-2.1196418838674527,-22.648461562013836,-1.7763568394002505e-14,256,IEEE RTS 24-bus,2,3e3d0737d91acb37be515001f911d304bfce93540e3d063ca4640a87bd55fa9f,14.015805633000127
109,64,8,4,Batch portfolio,0.6625785604617667,20,-4.162230234951576,-22.648461562013836,-1.7763568394002505e-14,256,IEEE RTS 24-bus,2,3e3d0737d91acb37be515001f911d304bfce93540e3d063ca4640a87bd55fa9f,14.015805633000127
109,65,1,1,Inference portfolio,0.3360858524341381,2,0.28964065750178375,22.202242997824214,-1.4210854715202004e-14,256,IEEE RTS 24-bus,2,3e3d0737d91acb37be515001f911d304bfce93540e3d063ca4640a87bd55fa9f,14.015805633000127
109,65,2,1,Batch portfolio,0.6639141475658619,2,0.5721649061768158,22.202242997824214,-1.4210854715202004e-14,256,IEEE RTS 24-bus,2,3e3d0737d91acb37be515001f911d304bfce93540e3d063ca4640a87bd55fa9f,14.015805633000127
109,65,3,2,Inference portfolio,0.30397103703587725,7,2.2863195148184614,22.202242997824214,-1.4210854715202004e-14,256,IEEE RTS 24-bus,2,3e3d0737d91acb37be515001f911d304bfce93540e3d063ca4640a87bd55fa9f,14.015805633000127
109,65,4,2,Batch portfolio,0.6960289629641228,7,5.235184958479164,22.202242997824214,-1.4210854715202004e-14,256,IEEE RTS 24-bus,2,3e3d0737d91acb37be515001f911d304bfce93540e3d063ca4640a87bd55fa9f,14.015805633000127
109,65,5,3,Inference portfolio,0.3194660181587846,14,2.445356904367904,22.202242997824214,-1.4210854715202004e-14,256,IEEE RTS 24-bus,2,3e3d0737d91acb37be515001f911d304bfce93540e3d063ca4640a87bd55fa9f,14.015805633000127
109,65,6,3,Batch portfolio,0.6805339818412154,14,5.209156456586479,22.202242997824214,-1.4210854715202004e-14,256,IEEE RTS 24-bus,2,3e3d0737d91acb37be515001f911d304bfce93540e3d063ca4640a87bd55fa9f,14.015805633000127
109,65,7,4,Inference portfolio,0.3374214395382333,20,2.0800073353135016,22.202242997824214,-1.4210854715202004e-14,256,IEEE RTS 24-bus,2,3e3d0737d91acb37be515001f911d304bfce93540e3d063ca4640a87bd55fa9f,14.015805633000127
109,65,8,4,Batch portfolio,0.6625785604617667,20,4.084412264580093,22.202242997824214,-1.4210854715202004e-14,256,IEEE RTS 24-bus,2,3e3d0737d91acb37be515001f911d304bfce93540e3d063ca4640a87bd55fa9f,14.015805633000127
109,66,1,1,Inference portfolio,0.3360858524341381,2,0.40928059413393725,1.8189894035458565e-12,-1.3322676295501878e-15,256,IEEE RTS 24-bus,2,3e3d0737d91acb37be515001f911d304bfce93540e3d063ca4640a87bd55fa9f,14.015805633000127
109,66,2,1,Batch portfolio,0.6639141475658619,2,0.8085052518617878,1.8189894035458565e-12,-1.3322676295501878e-15,256,IEEE RTS 24-bus,2,3e3d0737d91acb37be515001f911d304bfce93540e3d063ca4640a87bd55fa9f,14.015805633000127
109,66,3,2,Inference portfolio,0.30397103703587725,7,-0.37017162649378105,1.8189894035458565e-12,-1.3322676295501878e-15,256,IEEE RTS 24-bus,2,3e3d0737d91acb37be515001f911d304bfce93540e3d063ca4640a87bd55fa9f,14.015805633000127
109,66,4,2,Batch portfolio,0.6960289629641228,7,-0.8476142195001265,1.8189894035458565e-12,-1.3322676295501878e-15,256,IEEE RTS 24-bus,2,3e3d0737d91acb37be515001f911d304bfce93540e3d063ca4640a87bd55fa9f,14.015805633000127
109,66,5,3,Inference portfolio,0.3194660181587846,14,0.0,1.8189894035458565e-12,-1.3322676295501878e-15,256,IEEE RTS 24-bus,2,3e3d0737d91acb37be515001f911d304bfce93540e3d063ca4640a87bd55fa9f,14.015805633000127
109,66,6,3,Batch portfolio,0.6805339818412154,14,0.0,1.8189894035458565e-12,-1.3322676295501878e-15,256,IEEE RTS 24-bus,2,3e3d0737d91acb37be515001f911d304bfce93540e3d063ca4640a87bd55fa9f,14.015805633000127
109,66,7,4,Inference portfolio,0.3374214395382333,20,0.0,1.8189894035458565e-12,-1.3322676295501878e-15,256,IEEE RTS 24-bus,2,3e3d0737d91acb37be515001f911d304bfce93540e3d063ca4640a87bd55fa9f,14.015805633000127
109,66,8,4,Batch portfolio,0.6625785604617667,20,0.0,1.8189894035458565e-12,-1.3322676295501878e-15,256,IEEE RTS 24-bus,2,3e3d0737d91acb37be515001f911d304bfce93540e3d063ca4640a87bd55fa9f,14.015805633000127
109,67,1,1,Inference portfolio,0.3360858524341381,2,0.13895519363344064,0.0,-2.220446049250313e-16,256,IEEE RTS 24-bus,2,3e3d0737d91acb37be515001f911d304bfce93540e3d063ca4640a87bd55fa9f,14.015805633000127
109,67,2,1,Batch portfolio,0.6639141475658619,2,0.27449628796709113,0.0,-2.220446049250313e-16,256,IEEE RTS 24-bus,2,3e3d0737d91acb37be515001f911d304bfce93540e3d063ca4640a87bd55fa9f,14.015805633000127
109,67,3,2,Inference portfolio,0.30397103703587725,7,-0.12567727562615488,0.0,-2.220446049250313e-16,256,IEEE RTS 24-bus,2,3e3d0737d91acb37be515001f911d304bfce93540e3d063ca4640a87bd55fa9f,14.015805633000127
109,67,4,2,Batch portfolio,0.6960289629641228,7,-0.28777420597437714,0.0,-2.220446049250313e-16,256,IEEE RTS 24-bus,2,3e3d0737d91acb37be515001f911d304bfce93540e3d063ca4640a87bd55fa9f,14.015805633000127
109,67,5,3,Inference portfolio,0.3194660181587846,14,0.0,0.0,-2.220446049250313e-16,256,IEEE RTS 24-bus,2,3e3d0737d91acb37be515001f911d304bfce93540e3d063ca4640a87bd55fa9f,14.015805633000127
109,67,6,3,Batch portfolio,0.6805339818412154,14,0.0,0.0,-2.220446049250313e-16,256,IEEE RTS 24-bus,2,3e3d0737d91acb37be515001f911d304bfce93540e3d063ca4640a87bd55fa9f,14.015805633000127
109,67,7,4,Inference portfolio,0.3374214395382333,20,0.0,0.0,-2.220446049250313e-16,256,IEEE RTS 24-bus,2,3e3d0737d91acb37be515001f911d304bfce93540e3d063ca4640a87bd55fa9f,14.015805633000127
109,67,8,4,Batch portfolio,0.6625785604617667,20,0.0,0.0,-2.220446049250313e-16,256,IEEE RTS 24-bus,2,3e3d0737d91acb37be515001f911d304bfce93540e3d063ca4640a87bd55fa9f,14.015805633000127
109,68,1,1,Inference portfolio,0.3360858524341381,2,0.2529945877104186,0.0,-1.9984014443252818e-15,256,IEEE RTS 24-bus,2,3e3d0737d91acb37be515001f911d304bfce93540e3d063ca4640a87bd55fa9f,14.015805633000127
109,68,2,1,Batch portfolio,0.6639141475658619,2,0.499773152670968,0.0,-1.9984014443252818e-15,256,IEEE RTS 24-bus,2,3e3d0737d91acb37be515001f911d304bfce93540e3d063ca4640a87bd55fa9f,14.015805633000127
109,68,3,2,Inference portfolio,0.30397103703587725,7,-0.2288195906906672,0.0,-1.9984014443252818e-15,256,IEEE RTS 24-bus,2,3e3d0737d91acb37be515001f911d304bfce93540e3d063ca4640a87bd55fa9f,14.015805633000127
109,68,4,2,Batch portfolio,0.6960289629641228,7,-0.5239481496907215,0.0,-1.9984014443252818e-15,256,IEEE RTS 24-bus,2,3e3d0737d91acb37be515001f911d304bfce93540e3d063ca4640a87bd55fa9f,14.015805633000127
109,68,5,3,Inference portfolio,0.3194660181587846,14,0.0,0.0,-1.9984014443252818e-15,256,IEEE RTS 24-bus,2,3e3d0737d91acb37be515001f911d304bfce93540e3d063ca4640a87bd55fa9f,14.015805633000127
109,68,6,3,Batch portfolio,0.6805339818412154,14,0.0,0.0,-1.9984014443252818e-15,256,IEEE RTS 24-bus,2,3e3d0737d91acb37be515001f911d304bfce93540e3d063ca4640a87bd55fa9f,14.015805633000127
109,68,7,4,Inference portfolio,0.3374214395382333,20,0.0,0.0,-1.9984014443252818e-15,256,IEEE RTS 24-bus,2,3e3d0737d91acb37be515001f911d304bfce93540e3d063ca4640a87bd55fa9f,14.015805633000127
109,68,8,4,Batch portfolio,0.6625785604617667,20,0.0,0.0,-1.9984014443252818e-15,256,IEEE RTS 24-bus,2,3e3d0737d91acb37be515001f911d304bfce93540e3d063ca4640a87bd55fa9f,14.015805633000127
109,69,1,1,Inference portfolio,0.3360858524341381,2,0.08766833543162046,1.8189894035458565e-12,-1.6653345369377348e-16,256,IEEE RTS 24-bus,2,3e3d0737d91acb37be515001f911d304bfce93540e3d063ca4640a87bd55fa9f,14.015805633000127
109,69,2,1,Batch portfolio,0.6639141475658619,2,0.17318267866676246,1.8189894035458565e-12,-1.6653345369377348e-16,256,IEEE RTS 24-bus,2,3e3d0737d91acb37be515001f911d304bfce93540e3d063ca4640a87bd55fa9f,14.015805633000127
109,69,3,2,Inference portfolio,0.30397103703587725,7,-0.07929115326639177,1.8189894035458565e-12,-1.6653345369377348e-16,256,IEEE RTS 24-bus,2,3e3d0737d91acb37be515001f911d304bfce93540e3d063ca4640a87bd55fa9f,14.015805633000127
109,69,4,2,Batch portfolio,0.6960289629641228,7,-0.18155986083017228,1.8189894035458565e-12,-1.6653345369377348e-16,256,IEEE RTS 24-bus,2,3e3d0737d91acb37be515001f911d304bfce93540e3d063ca4640a87bd55fa9f,14.015805633000127
109,69,5,3,Inference portfolio,0.3194660181587846,14,0.0,1.8189894035458565e-12,-1.6653345369377348e-16,256,IEEE RTS 24-bus,2,3e3d0737d91acb37be515001f911d304bfce93540e3d063ca4640a87bd55fa9f,14.015805633000127
109,69,6,3,Batch portfolio,0.6805339818412154,14,0.0,1.8189894035458565e-12,-1.6653345369377348e-16,256,IEEE RTS 24-bus,2,3e3d0737d91acb37be515001f911d304bfce93540e3d063ca4640a87bd55fa9f,14.015805633000127
109,69,7,4,Inference portfolio,0.3374214395382333,20,0.0,1.8189894035458565e-12,-1.6653345369377348e-16,256,IEEE RTS 24-bus,2,3e3d0737d91acb37be515001f911d304bfce93540e3d063ca4640a87bd55fa9f,14.015805633000127
109,69,8,4,Batch portfolio,0.6625785604617667,20,0.0,1.8189894035458565e-12,-1.6653345369377348e-16,256,IEEE RTS 24-bus,2,3e3d0737d91acb37be515001f911d304bfce93540e3d063ca4640a87bd55fa9f,14.015805633000127
109,70,1,1,Inference portfolio,0.3360858524341381,2,0.24324876168930115,0.0,2.220446049250313e-16,256,IEEE RTS 24-bus,2,3e3d0737d91acb37be515001f911d304bfce93540e3d063ca4640a87bd55fa9f,14.015805633000127
109,70,2,1,Batch portfolio,0.6639141475658619,2,0.4805209534823311,0.0,2.220446049250313e-16,256,IEEE RTS 24-bus,2,3e3d0737d91acb37be515001f911d304bfce93540e3d063ca4640a87bd55fa9f,14.015805633000127
109,70,3,2,Inference portfolio,0.30397103703587725,7,-0.22000503089581502,0.0,2.220446049250313e-16,256,IEEE RTS 24-bus,2,3e3d0737d91acb37be515001f911d304bfce93540e3d063ca4640a87bd55fa9f,14.015805633000127
109,70,4,2,Batch portfolio,0.6960289629641228,7,-0.503764684275817,0.0,2.220446049250313e-16,256,IEEE RTS 24-bus,2,3e3d0737d91acb37be515001f911d304bfce93540e3d063ca4640a87bd55fa9f,14.015805633000127
109,70,5,3,Inference portfolio,0.3194660181587846,14,0.0,0.0,2.220446049250313e-16,256,IEEE RTS 24-bus,2,3e3d0737d91acb37be515001f911d304bfce93540e3d063ca4640a87bd55fa9f,14.015805633000127
109,70,6,3,Batch portfolio,0.6805339818412154,14,0.0,0.0,2.220446049250313e-16,256,IEEE RTS 24-bus,2,3e3d0737d91acb37be515001f911d304bfce93540e3d063ca4640a87bd55fa9f,14.015805633000127
109,70,7,4,Inference portfolio,0.3374214395382333,20,0.0,0.0,2.220446049250313e-16,256,IEEE RTS 24-bus,2,3e3d0737d91acb37be515001f911d304bfce93540e3d063ca4640a87bd55fa9f,14.015805633000127
109,70,8,4,Batch portfolio,0.6625785604617667,20,0.0,0.0,2.220446049250313e-16,256,IEEE RTS 24-bus,2,3e3d0737d91acb37be515001f911d304bfce93540e3d063ca4640a87bd55fa9f,14.015805633000127
109,71,1,1,Inference portfolio,0.3360858524341381,2,0.07871628709472137,0.0,3.3306690738754696e-16,256,IEEE RTS 24-bus,2,3e3d0737d91acb37be515001f911d304bfce93540e3d063ca4640a87bd55fa9f,14.015805633000127
109,71,2,1,Batch portfolio,0.6639141475658619,2,0.15549853190107893,0.0,3.3306690738754696e-16,256,IEEE RTS 24-bus,2,3e3d0737d91acb37be515001f911d304bfce93540e3d063ca4640a87bd55fa9f,14.015805633000127
109,71,3,2,Inference portfolio,0.30397103703587725,7,-0.07119452141857133,0.0,3.3306690738754696e-16,256,IEEE RTS 24-bus,2,3e3d0737d91acb37be515001f911d304bfce93540e3d063ca4640a87bd55fa9f,14.015805633000127
109,71,4,2,Batch portfolio,0.6960289629641228,7,-0.16302029757722863,0.0,3.3306690738754696e-16,256,IEEE RTS 24-bus,2,3e3d0737d91acb37be515001f911d304bfce93540e3d063ca4640a87bd55fa9f,14.015805633000127
109,71,5,3,Inference portfolio,0.3194660181587846,14,0.0,0.0,3.3306690738754696e-16,256,IEEE RTS 24-bus,2,3e3d0737d91acb37be515001f911d304bfce93540e3d063ca4640a87bd55fa9f,14.015805633000127
109,71,6,3,Batch portfolio,0.6805339818412154,14,0.0,0.0,3.3306690738754696e-16,256,IEEE RTS 24-bus,2,3e3d0737d91acb37be515001f911d304bfce93540e3d063ca4640a87bd55fa9f,14.015805633000127
109,71,7,4,Inference portfolio,0.3374214395382333,20,0.0,0.0,3.3306690738754696e-16,256,IEEE RTS 24-bus,2,3e3d0737d91acb37be515001f911d304bfce93540e3d063ca4640a87bd55fa9f,14.015805633000127
109,71,8,4,Batch portfolio,0.6625785604617667,20,0.0,0.0,3.3306690738754696e-16,256,IEEE RTS 24-bus,2,3e3d0737d91acb37be515001f911d304bfce93540e3d063ca4640a87bd55fa9f,14.015805633000127
110,64,1,1,Inference portfolio,0.3360858524341381,2,0.3134097058194431,0.0,1.5543122344752192e-15,256,IEEE RTS 24-bus,2,3e3d0737d91acb37be515001f911d304bfce93540e3d063ca4640a87bd55fa9f,13.605458199999703
110,64,2,1,Batch portfolio,0.6639141475658619,2,0.6191190023940486,0.0,1.5543122344752192e-15,256,IEEE RTS 24-bus,2,3e3d0737d91acb37be515001f911d304bfce93540e3d063ca4640a87bd55fa9f,13.605458199999703
110,64,3,2,Inference portfolio,0.30397103703587725,7,-0.2834617185017122,0.0,1.5543122344752192e-15,256,IEEE RTS 24-bus,2,3e3d0737d91acb37be515001f911d304bfce93540e3d063ca4640a87bd55fa9f,13.605458199999703
110,64,4,2,Batch portfolio,0.6960289629641228,7,-0.6490669897117779,0.0,1.5543122344752192e-15,256,IEEE RTS 24-bus,2,3e3d0737d91acb37be515001f911d304bfce93540e3d063ca4640a87bd55fa9f,13.605458199999703
110,64,5,3,Inference portfolio,0.3194660181587846,14,0.0,0.0,1.5543122344752192e-15,256,IEEE RTS 24-bus,2,3e3d0737d91acb37be515001f911d304bfce93540e3d063ca4640a87bd55fa9f,13.605458199999703
110,64,6,3,Batch portfolio,0.6805339818412154,14,0.0,0.0,1.5543122344752192e-15,256,IEEE RTS 24-bus,2,3e3d0737d91acb37be515001f911d304bfce93540e3d063ca4640a87bd55fa9f,13.605458199999703
110,64,7,4,Inference portfolio,0.3374214395382333,20,0.0,0.0,1.5543122344752192e-15,256,IEEE RTS 24-bus,2,3e3d0737d91acb37be515001f911d304bfce93540e3d063ca4640a87bd55fa9f,13.605458199999703
110,64,8,4,Batch portfolio,0.6625785604617667,20,0.0,0.0,1.5543122344752192e-15,256,IEEE RTS 24-bus,2,3e3d0737d91acb37be515001f911d304bfce93540e3d063ca4640a87bd55fa9f,13.605458199999703
110,65,1,1,Inference portfolio,0.3360858524341381,2,0.7796637201816633,1.8189894035458565e-12,-2.220446049250313e-15,256,IEEE RTS 24-bus,2,3e3d0737d91acb37be515001f911d304bfce93540e3d063ca4640a87bd55fa9f,13.605458199999703
110,65,2,1,Batch portfolio,0.6639141475658619,2,1.5401712699981551,1.8189894035458565e-12,-2.220446049250313e-15,256,IEEE RTS 24-bus,2,3e3d0737d91acb37be515001f911d304bfce93540e3d063ca4640a87bd55fa9f,13.605458199999703
110,65,3,2,Inference portfolio,0.30397103703587725,7,-0.7051626477167113,1.8189894035458565e-12,-2.220446049250313e-15,256,IEEE RTS 24-bus,2,3e3d0737d91acb37be515001f911d304bfce93540e3d063ca4640a87bd55fa9f,13.605458199999703
110,65,4,2,Batch portfolio,0.6960289629641228,7,-1.6146723424612903,1.8189894035458565e-12,-2.220446049250313e-15,256,IEEE RTS 24-bus,2,3e3d0737d91acb37be515001f911d304bfce93540e3d063ca4640a87bd55fa9f,13.605458199999703
110,65,5,3,Inference portfolio,0.3194660181587846,14,0.0,1.8189894035458565e-12,-2.220446049250313e-15,256,IEEE RTS 24-bus,2,3e3d0737d91acb37be515001f911d304bfce93540e3d063ca4640a87bd55fa9f,13.605458199999703
110,65,6,3,Batch portfolio,0.6805339818412154,14,0.0,1.8189894035458565e-12,-2.220446049250313e-15,256,IEEE RTS 24-bus,2,3e3d0737d91acb37be515001f911d304bfce93540e3d063ca4640a87bd55fa9f,13.605458199999703
110,65,7,4,Inference portfolio,0.3374214395382333,20,0.0,1.8189894035458565e-12,-2.220446049250313e-15,256,IEEE RTS 24-bus,2,3e3d0737d91acb37be515001f911d304bfce93540e3d063ca4640a87bd55fa9f,13.605458199999703
110,65,8,4,Batch portfolio,0.6625785604617667,20,0.0,1.8189894035458565e-12,-2.220446049250313e-15,256,IEEE RTS 24-bus,2,3e3d0737d91acb37be515001f911d304bfce93540e3d063ca4640a87bd55fa9f,13.605458199999703
110,66,1,1,Inference portfolio,0.3360858524341381,2,0.41924691395615765,0.0,2.220446049250313e-16,256,IEEE RTS 24-bus,2,3e3d0737d91acb37be515001f911d304bfce93540e3d063ca4640a87bd55fa9f,13.605458199999703
110,66,2,1,Batch portfolio,0.6639141475658619,2,0.828193021166953,0.0,2.220446049250313e-16,256,IEEE RTS 24-bus,2,3e3d0737d91acb37be515001f911d304bfce93540e3d063ca4640a87bd55fa9f,13.605458199999703
110,66,3,2,Inference portfolio,0.30397103703587725,7,-0.37918561071880214,0.0,2.220446049250313e-16,256,IEEE RTS 24-bus,2,3e3d0737d91acb37be515001f911d304bfce93540e3d063ca4640a87bd55fa9f,13.605458199999703
110,66,4,2,Batch portfolio,0.6960289629641228,7,-0.8682543244043083,0.0,2.220446049250313e-16,256,IEEE RTS 24-bus,2,3e3d0737d91acb37be515001f911d304bfce93540e3d063ca4640a87bd55fa9f,13.605458199999703
110,66,5,3,Inference portfolio,0.3194660181587846,14,0.0,0.0,2.220446049250313e-16,256,IEEE RTS 24-bus,2,3e3d0737d91acb37be515001f911d304bfce93540e3d063ca4640a87bd55fa9f,13.605458199999703
110,66,6,3,Batch portfolio,0.6805339818412154,14,0.0,0.0,2.220446049250313e-16,256,IEEE RTS 24-bus,2,3e3d0737d91acb37be515001f911d304bfce93540e3d063ca4640a87bd55fa9f,13.605458199999703
110,66,7,4,Inference portfolio,0.3374214395382333,20,0.0,0.0,2.220446049250313e-16,256,IEEE RTS 24-bus,2,3e3d0737d91acb37be515001f911d304bfce93540e3d063ca4640a87bd55fa9f,13.605458199999703
110,66,8,4,Batch portfolio,0.6625785604617667,20,0.0,0.0,2.220446049250313e-16,256,IEEE RTS 24-bus,2,3e3d0737d91acb37be515001f911d304bfce93540e3d063ca4640a87bd55fa9f,13.605458199999703
110,67,1,1,Inference portfolio,0.3360858524341381,2,0.48530172233116203,0.0,-1.9984014443252818e-15,256,IEEE RTS 24-bus,2,3e3d0737d91acb37be515001f911d304bfce93540e3d063ca4640a87bd55fa9f,13.605458199999703
110,67,2,1,Batch portfolio,0.6639141475658619,2,0.9586796854441673,0.0,-1.9984014443252818e-15,256,IEEE RTS 24-bus,2,3e3d0737d91acb37be515001f911d304bfce93540e3d063ca4640a87bd55fa9f,13.605458199999703
110,67,3,2,Inference portfolio,0.30397103703587725,7,-0.4389285259817378,0.0,-1.9984014443252818e-15,256,IEEE RTS 24-bus,2,3e3d0737d91acb37be515001f911d304bfce93540e3d063ca4640a87bd55fa9f,13.605458199999703
110,67,4,2,Batch portfolio,0.6960289629641228,7,-1.0050528817935933,0.0,-1.9984014443252818e-15,256,IEEE RTS 24-bus,2,3e3d0737d91acb37be515001f911d304bfce93540e3d063ca4640a87bd55fa9f,13.605458199999703
110,67,5,3,Inference portfolio,0.3194660181587846,14,0.0,0.0,-1.9984014443252818e-15,256,IEEE RTS 24-bus,2,3e3d0737d91acb37be515001f911d304bfce93540e3d063ca4640a87bd55fa9f,13.605458199999703
110,67,6,3,Batch portfolio,0.6805339818412154,14,0.0,0.0,-1.9984014443252818e-15,256,IEEE RTS 24-bus,2,3e3d0737d91acb37be515001f911d304bfce93540e3d063ca4640a87bd55fa9f,13.605458199999703
110,67,7,4,Inference portfolio,0.3374214395382333,20,0.0,0.0,-1.9984014443252818e-15,256,IEEE RTS 24-bus,2,3e3d0737d91acb37be515001f911d304bfce93540e3d063ca4640a87bd55fa9f,13.605458199999703
110,67,8,4,Batch portfolio,0.6625785604617667,20,0.0,0.0,-1.9984014443252818e-15,256,IEEE RTS 24-bus,2,3e3d0737d91acb37be515001f911d304bfce93540e3d063ca4640a87bd55fa9f,13.605458199999703
110,68,1,1,Inference portfolio,0.3360858524341381,2,0.34161671878761446,0.0,0.0,256,IEEE RTS 24-bus,2,3e3d0737d91acb37be515001f911d304bfce93540e3d063ca4640a87bd55fa9f,13.605458199999703
110,68,2,1,Batch portfolio,0.6639141475658619,2,0.6748399880722599,0.0,0.0,256,IEEE RTS 24-bus,2,3e3d0737d91acb37be515001f911d304bfce93540e3d063ca4640a87bd55fa9f,13.605458199999703
110,68,3,2,Inference portfolio,0.30397103703587725,7,-0.3089733992856052,0.0,0.0,256,IEEE RTS 24-bus,2,3e3d0737d91acb37be515001f911d304bfce93540e3d063ca4640a87bd55fa9f,13.605458199999703
110,68,4,2,Batch portfolio,0.6960289629641228,7,-0.7074833075742694,0.0,0.0,256,IEEE RTS 24-bus,2,3e3d0737d91acb37be515001f911d304bfce93540e3d063ca4640a87bd55fa9f,13.605458199999703
110,68,5,3,Inference portfolio,0.3194660181587846,14,0.0,0.0,0.0,256,IEEE RTS 24-bus,2,3e3d0737d91acb37be515001f911d304bfce93540e3d063ca4640a87bd55fa9f,13.605458199999703
110,68,6,3,Batch portfolio,0.6805339818412154,14,0.0,0.0,0.0,256,IEEE RTS 24-bus,2,3e3d0737d91acb37be515001f911d304bfce93540e3d063ca4640a87bd55fa9f,13.605458199999703
110,68,7,4,Inference portfolio,0.3374214395382333,20,0.0,0.0,0.0,256,IEEE RTS 24-bus,2,3e3d0737d91acb37be515001f911d304bfce93540e3d063ca4640a87bd55fa9f,13.605458199999703
110,68,8,4,Batch portfolio,0.6625785604617667,20,0.0,0.0,0.0,256,IEEE RTS 24-bus,2,3e3d0737d91acb37be515001f911d304bfce93540e3d063ca4640a87bd55fa9f,13.605458199999703
110,69,1,1,Inference portfolio,0.3360858524341381,2,0.5836911910300858,1.8189894035458565e-12,3.3306690738754696e-15,256,IEEE RTS 24-bus,2,3e3d0737d91acb37be515001f911d304bfce93540e3d063ca4640a87bd55fa9f,13.605458199999703
110,69,2,1,Batch portfolio,0.6639141475658619,2,1.1530412147009568,1.8189894035458565e-12,3.3306690738754696e-15,256,IEEE RTS 24-bus,2,3e3d0737d91acb37be515001f911d304bfce93540e3d063ca4640a87bd55fa9f,13.605458199999703
110,69,3,2,Inference portfolio,0.30397103703587725,7,-0.5279163504231579,1.8189894035458565e-12,3.3306690738754696e-15,256,IEEE RTS 24-bus,2,3e3d0737d91acb37be515001f911d304bfce93540e3d063ca4640a87bd55fa9f,13.605458199999703
110,69,4,2,Batch portfolio,0.6960289629641228,7,-1.2088160553060623,1.8189894035458565e-12,3.3306690738754696e-15,256,IEEE RTS 24-bus,2,3e3d0737d91acb37be515001f911d304bfce93540e3d063ca4640a87bd55fa9f,13.605458199999703
110,69,5,3,Inference portfolio,0.3194660181587846,14,0.0,1.8189894035458565e-12,3.3306690738754696e-15,256,IEEE RTS 24-bus,2,3e3d0737d91acb37be515001f911d304bfce93540e3d063ca4640a87bd55fa9f,13.605458199999703
110,69,6,3,Batch portfolio,0.6805339818412154,14,0.0,1.8189894035458565e-12,3.3306690738754696e-15,256,IEEE RTS 24-bus,2,3e3d0737d91acb37be515001f911d304bfce93540e3d063ca4640a87bd55fa9f,13.605458199999703
110,69,7,4,Inference portfolio,0.3374214395382333,20,0.0,1.8189894035458565e-12,3.3306690738754696e-15,256,IEEE RTS 24-bus,2,3e3d0737d91acb37be515001f911d304bfce93540e3d063ca4640a87bd55fa9f,13.605458199999703
110,69,8,4,Batch portfolio,0.6625785604617667,20,0.0,1.8189894035458565e-12,3.3306690738754696e-15,256,IEEE RTS 24-bus,2,3e3d0737d91acb37be515001f911d304bfce93540e3d063ca4640a87bd55fa9f,13.605458199999703
110,70,1,1,Inference portfolio,0.3360858524341381,2,0.2346495034350176,0.0,0.0,256,IEEE RTS 24-bus,2,3e3d0737d91acb37be515001f911d304bfce93540e3d063ca4640a87bd55fa9f,13.605458199999703
110,70,2,1,Batch portfolio,0.6639141475658619,2,0.46353371890472744,0.0,0.0,256,IEEE RTS 24-bus,2,3e3d0737d91acb37be515001f911d304bfce93540e3d063ca4640a87bd55fa9f,13.605458199999703
110,70,3,2,Inference portfolio,0.30397103703587725,7,-0.21222747813559772,0.0,0.0,256,IEEE RTS 24-bus,2,3e3d0737d91acb37be515001f911d304bfce93540e3d063ca4640a87bd55fa9f,13.605458199999703
110,70,4,2,Batch portfolio,0.6960289629641228,7,-0.4859557442041473,0.0,0.0,256,IEEE RTS 24-bus,2,3e3d0737d91acb37be515001f911d304bfce93540e3d063ca4640a87bd55fa9f,13.605458199999703
110,70,5,3,Inference portfolio,0.3194660181587846,14,0.0,0.0,0.0,256,IEEE RTS 24-bus,2,3e3d0737d91acb37be515001f911d304bfce93540e3d063ca4640a87bd55fa9f,13.605458199999703
110,70,6,3,Batch portfolio,0.6805339818412154,14,0.0,0.0,0.0,256,IEEE RTS 24-bus,2,3e3d0737d91acb37be515001f911d304bfce93540e3d063ca4640a87bd55fa9f,13.605458199999703
110,70,7,4,Inference portfolio,0.3374214395382333,20,0.0,0.0,0.0,256,IEEE RTS 24-bus,2,3e3d0737d91acb37be515001f911d304bfce93540e3d063ca4640a87bd55fa9f,13.605458199999703
110,70,8,4,Batch portfolio,0.6625785604617667,20,0.0,0.0,0.0,256,IEEE RTS 24-bus,2,3e3d0737d91acb37be515001f911d304bfce93540e3d063ca4640a87bd55fa9f,13.605458199999703
110,71,1,1,Inference portfolio,0.3360858524341381,2,0.3477628235468722,0.0,-1.5543122344752192e-15,256,IEEE RTS 24-bus,2,3e3d0737d91acb37be515001f911d304bfce93540e3d063ca4640a87bd55fa9f,13.605458199999703
110,71,2,1,Batch portfolio,0.6639141475658619,2,0.6869811891159167,0.0,-1.5543122344752192e-15,256,IEEE RTS 24-bus,2,3e3d0737d91acb37be515001f911d304bfce93540e3d063ca4640a87bd55fa9f,13.605458199999703
110,71,3,2,Inference portfolio,0.30397103703587725,7,-0.31453221059594727,0.0,-1.5543122344752192e-15,256,IEEE RTS 24-bus,2,3e3d0737d91acb37be515001f911d304bfce93540e3d063ca4640a87bd55fa9f,13.605458199999703
110,71,4,2,Batch portfolio,0.6960289629641228,7,-0.7202118020668432,0.0,-1.5543122344752192e-15,256,IEEE RTS 24-bus,2,3e3d0737d91acb37be515001f911d304bfce93540e3d063ca4640a87bd55fa9f,13.605458199999703
110,71,5,3,Inference portfolio,0.3194660181587846,14,0.0,0.0,-1.5543122344752192e-15,256,IEEE RTS 24-bus,2,3e3d0737d91acb37be515001f911d304bfce93540e3d063ca4640a87bd55fa9f,13.605458199999703
110,71,6,3,Batch portfolio,0.6805339818412154,14,0.0,0.0,-1.5543122344752192e-15,256,IEEE RTS 24-bus,2,3e3d0737d91acb37be515001f911d304bfce93540e3d063ca4640a87bd55fa9f,13.605458199999703
110,71,7,4,Inference portfolio,0.3374214395382333,20,0.0,0.0,-1.5543122344752192e-15,256,IEEE RTS 24-bus,2,3e3d0737d91acb37be515001f911d304bfce93540e3d063ca4640a87bd55fa9f,13.605458199999703
110,71,8,4,Batch portfolio,0.6625785604617667,20,0.0,0.0,-1.5543122344752192e-15,256,IEEE RTS 24-bus,2,3e3d0737d91acb37be515001f911d304bfce93540e3d063ca4640a87bd55fa9f,13.605458199999703
111,64,1,1,Inference portfolio,0.3360858524341381,2,0.47602363705542816,0.0,-1.1102230246251565e-15,256,IEEE RTS 24-bus,2,3e3d0737d91acb37be515001f911d304bfce93540e3d063ca4640a87bd55fa9f,13.849191703997349
111,64,2,1,Batch portfolio,0.6639141475658619,2,0.9403514754582527,0.0,-1.1102230246251565e-15,256,IEEE RTS 24-bus,2,3e3d0737d91acb37be515001f911d304bfce93540e3d063ca4640a87bd55fa9f,13.849191703997349
111,64,3,2,Inference portfolio,0.30397103703587725,7,-0.4305370117829929,0.0,-1.1102230246251565e-15,256,IEEE RTS 24-bus,2,3e3d0737d91acb37be515001f911d304bfce93540e3d063ca4640a87bd55fa9f,13.849191703997349
111,64,4,2,Batch portfolio,0.6960289629641228,7,-0.9858381007306892,0.0,-1.1102230246251565e-15,256,IEEE RTS 24-bus,2,3e3d0737d91acb37be515001f911d304bfce93540e3d063ca4640a87bd55fa9f,13.849191703997349
111,64,5,3,Inference portfolio,0.3194660181587846,14,0.0,0.0,-1.1102230246251565e-15,256,IEEE RTS 24-bus,2,3e3d0737d91acb37be515001f911d304bfce93540e3d063ca4640a87bd55fa9f,13.849191703997349
111,64,6,3,Batch portfolio,0.6805339818412154,14,0.0,0.0,-1.1102230246251565e-15,256,IEEE RTS 24-bus,2,3e3d0737d91acb37be515001f911d304bfce93540e3d063ca4640a87bd55fa9f,13.849191703997349
111,64,7,4,Inference portfolio,0.3374214395382333,20,0.0,0.0,-1.1102230246251565e-15,256,IEEE RTS 24-bus,2,3e3d0737d91acb37be515001f911d304bfce93540e3d063ca4640a87bd55fa9f,13.849191703997349
111,64,8,4,Batch portfolio,0.6625785604617667,20,0.0,0.0,-1.1102230246251565e-15,256,IEEE RTS 24-bus,2,3e3d0737d91acb37be515001f911d304bfce93540e3d063ca4640a87bd55fa9f,13.849191703997349
111,65,1,1,Inference portfolio,0.3360858524341381,2,0.46246369902731427,0.0,2.220446049250313e-16,256,IEEE RTS 24-bus,2,3e3d0737d91acb37be515001f911d304bfce93540e3d063ca4640a87bd55fa9f,13.849191703997349
111,65,2,1,Batch portfolio,0.6639141475658619,2,0.9135647641701328,0.0,2.220446049250313e-16,256,IEEE RTS 24-bus,2,3e3d0737d91acb37be515001f911d304bfce93540e3d063ca4640a87bd55fa9f,13.849191703997349
111,65,3,2,Inference portfolio,0.30397103703587725,7,-0.41827279894869157,0.0,2.220446049250313e-16,256,IEEE RTS 24-bus,2,3e3d0737d91acb37be515001f911d304bfce93540e3d063ca4640a87bd55fa9f,13.849191703997349
111,65,4,2,Batch portfolio,0.6960289629641228,7,-0.9577556642487552,0.0,2.220446049250313e-16,256,IEEE RTS 24-bus,2,3e3d0737d91acb37be515001f911d304bfce93540e3d063ca4640a87bd55fa9f,13.849191703997349
111,65,5,3,Inference portfolio,0.3194660181587846,14,0.0,0.0,2.220446049250313e-16,256,IEEE RTS 24-bus,2,3e3d0737d91acb37be515001f911d304bfce93540e3d063ca4640a87bd55fa9f,13.849191703997349
111,65,6,3,Batch portfolio,0.6805339818412154,14,0.0,0.0,2.220446049250313e-16,256,IEEE RTS 24-bus,2,3e3d0737d91acb37be515001f911d304bfce93540e3d063ca4640a87bd55fa9f,13.849191703997349
111,65,7,4,Inference portfolio,0.3374214395382333,20,0.0,0.0,2.220446049250313e-16,256,IEEE RTS 24-bus,2,3e3d0737d91acb37be515001f911d304bfce93540e3d063ca4640a87bd55fa9f,13.849191703997349
111,65,8,4,Batch portfolio,0.6625785604617667,20,0.0,0.0,2.220446049250313e-16,256,IEEE RTS 24-bus,2,3e3d0737d91acb37be515001f911d304bfce93540e3d063ca4640a87bd55fa9f,13.849191703997349
111,66,1,1,Inference portfolio,0.3360858524341381,2,2.8456324051762776,-1.2945251267046842,3.552713678800501e-15,256,IEEE RTS 24-bus,2,3e3d0737d91acb37be515001f911d304bfce93540e3d063ca4640a87bd55fa9f,13.849191703997349
111,66,2,1,Batch portfolio,0.6639141475658619,2,5.621348232557925,-1.2945251267046842,3.552713678800501e-15,256,IEEE RTS 24-bus,2,3e3d0737d91acb37be515001f911d304bfce93540e3d063ca4640a87bd55fa9f,13.849191703997349
111,66,3,2,Inference portfolio,0.30397103703587725,7,-2.967215030247798,-1.2945251267046842,3.552713678800501e-15,256,IEEE RTS 24-bus,2,3e3d0737d91acb37be515001f911d304bfce93540e3d063ca4640a87bd55fa9f,13.849191703997349
111,66,4,2,Batch portfolio,0.6960289629641228,7,-6.794290734191086,-1.2945251267046842,3.552713678800501e-15,256,IEEE RTS 24-bus,2,3e3d0737d91acb37be515001f911d304bfce93540e3d063ca4640a87bd55fa9f,13.849191703997349
111,66,5,3,Inference portfolio,0.3194660181587846,14,0.0,-1.2945251267046842,3.552713678800501e-15,256,IEEE RTS 24-bus,2,3e3d0737d91acb37be515001f911d304bfce93540e3d063ca4640a87bd55fa9f,13.849191703997349
111,66,6,3,Batch portfolio,0.6805339818412154,14,0.0,-1.2945251267046842,3.552713678800501e-15,256,IEEE RTS 24-bus,2,3e3d0737d91acb37be515001f911d304bfce93540e3d063ca4640a87bd55fa9f,13.849191703997349
111,66,7,4,Inference portfolio,0.3374214395382333,20,0.0,-1.2945251267046842,3.552713678800501e-15,256,IEEE RTS 24-bus,2,3e3d0737d91acb37be515001f911d304bfce93540e3d063ca4640a87bd55fa9f,13.849191703997349
111,66,8,4,Batch portfolio,0.6625785604617667,20,0.0,-1.2945251267046842,3.552713678800501e-15,256,IEEE RTS 24-bus,2,3e3d0737d91acb37be515001f911d304bfce93540e3d063ca4640a87bd55fa9f,13.849191703997349
111,67,1,1,Inference portfolio,0.3360858524341381,2,0.536196826211532,1.2945251267046842,2.220446049250313e-16,256,IEEE RTS 24-bus,2,3e3d0737d91acb37be515001f911d304bfce93540e3d063ca4640a87bd55fa9f,13.849191703997349
111,67,2,1,Batch portfolio,0.6639141475658619,2,1.0592194114183262,1.2945251267046842,2.220446049250313e-16,256,IEEE RTS 24-bus,2,3e3d0737d91acb37be515001f911d304bfce93540e3d063ca4640a87bd55fa9f,13.849191703997349
111,67,3,2,Inference portfolio,0.30397103703587725,7,-0.09146218302294076,1.2945251267046842,2.220446049250313e-16,256,IEEE RTS 24-bus,2,3e3d0737d91acb37be515001f911d304bfce93540e3d063ca4640a87bd55fa9f,13.849191703997349
111,67,4,2,Batch portfolio,0.6960289629641228,7,-0.209428927902233,1.2945251267046842,2.220446049250313e-16,256,IEEE RTS 24-bus,2,3e3d0737d91acb37be515001f911d304bfce93540e3d063ca4640a87bd55fa9f,13.849191703997349
111,67,5,3,Inference portfolio,0.3194660181587846,14,0.0,1.2945251267046842,2.220446049250313e-16,256,IEEE RTS 24-bus,2,3e3d0737d91acb37be515001f911d304bfce93540e3d063ca4640a87bd55fa9f,13.849191703997349
111,67,6,3,Batch portfolio,0.6805339818412154,14,0.0,1.2945251267046842,2.220446049250313e-16,256,IEEE RTS 24-bus,2,3e3d0737d91acb37be515001f911d304bfce93540e3d063ca4640a87bd55fa9f,13.849191703997349
111,67,7,4,Inference portfolio,0.3374214395382333,20,0.0,1.2945251267046842,2.220446049250313e-16,256,IEEE RTS 24-bus,2,3e3d0737d91acb37be515001f911d304bfce93540e3d063ca4640a87bd55fa9f,13.849191703997349
111,67,8,4,Batch portfolio,0.6625785604617667,20,0.0,1.2945251267046842,2.220446049250313e-16,256,IEEE RTS 24-bus,2,3e3d0737d91acb37be515001f911d304bfce93540e3d063ca4640a87bd55fa9f,13.849191703997349
111,68,1,1,Inference portfolio,0.3360858524341381,2,0.10583702466601617,0.0,-2.7755575615628914e-16,256,IEEE RTS 24-bus,2,3e3d0737d91acb37be515001f911d304bfce93540e3d063ca4640a87bd55fa9f,13.849191703997349
111,68,2,1,Batch portfolio,0.6639141475658619,2,0.20907365633820485,0.0,-2.7755575615628914e-16,256,IEEE RTS 24-bus,2,3e3d0737d91acb37be515001f911d304bfce93540e3d063ca4640a87bd55fa9f,13.849191703997349
111,68,3,2,Inference portfolio,0.30397103703587725,7,-0.09572372627872026,0.0,-2.7755575615628914e-16,256,IEEE RTS 24-bus,2,3e3d0737d91acb37be515001f911d304bfce93540e3d063ca4640a87bd55fa9f,13.849191703997349
111,68,4,2,Batch portfolio,0.6960289629641228,7,-0.21918695472550107,0.0,-2.7755575615628914e-16,256,IEEE RTS 24-bus,2,3e3d0737d91acb37be515001f911d304bfce93540e3d063ca4640a87bd55fa9f,13.849191703997349
111,68,5,3,Inference portfolio,0.3194660181587846,14,0.0,0.0,-2.7755575615628914e-16,256,IEEE RTS 24-bus,2,3e3d0737d91acb37be515001f911d304bfce93540e3d063ca4640a87bd55fa9f,13.849191703997349
111,68,6,3,Batch portfolio,0.6805339818412154,14,0.0,0.0,-2.7755575615628914e-16,256,IEEE RTS 24-bus,2,3e3d0737d91acb37be515001f911d304bfce93540e3d063ca4640a87bd55fa9f,13.849191703997349
111,68,7,4,Inference portfolio,0.3374214395382333,20,0.0,0.0,-2.7755575615628914e-16,256,IEEE RTS 24-bus,2,3e3d0737d91acb37be515001f911d304bfce93540e3d063ca4640a87bd55fa9f,13.849191703997349
111,68,8,4,Batch portfolio,0.6625785604617667,20,0.0,0.0,-2.7755575615628914e-16,256,IEEE RTS 24-bus,2,3e3d0737d91acb37be515001f911d304bfce93540e3d063ca4640a87bd55fa9f,13.849191703997349
111,69,1,1,Inference portfolio,0.3360858524341381,2,0.3185792795814451,-7.0582717267134285,-3.552713678800501e-15,256,IEEE RTS 24-bus,2,3e3d0737d91acb37be515001f911d304bfce93540e3d063ca4640a87bd55fa9f,13.849191703997349
111,69,2,1,Batch portfolio,0.6639141475658619,2,0.6293357710837582,-7.0582717267134285,-3.552713678800501e-15,256,IEEE RTS 24-bus,2,3e3d0737d91acb37be515001f911d304bfce93540e3d063ca4640a87bd55fa9f,13.849191703997349
111,69,3,2,Inference portfolio,0.30397103703587725,7,-0.28813944149830323,-7.0582717267134285,-3.552713678800501e-15,256,IEEE RTS 24-bus,2,3e3d0737d91acb37be515001f911d304bfce93540e3d063ca4640a87bd55fa9f,13.849191703997349
111,69,4,2,Batch portfolio,0.6960289629641228,7,-0.6597806835123571,-7.0582717267134285,-3.552713678800501e-15,256,IEEE RTS 24-bus,2,3e3d0737d91acb37be515001f911d304bfce93540e3d063ca4640a87bd55fa9f,13.849191703997349
111,69,5,3,Inference portfolio,0.3194660181587846,14,0.0,-7.0582717267134285,-3.552713678800501e-15,256,IEEE RTS 24-bus,2,3e3d0737d91acb37be515001f911d304bfce93540e3d063ca4640a87bd55fa9f,13.849191703997349
111,69,6,3,Batch portfolio,0.6805339818412154,14,0.0,-7.0582717267134285,-3.552713678800501e-15,256,IEEE RTS 24-bus,2,3e3d0737d91acb37be515001f911d304bfce93540e3d063ca4640a87bd55fa9f,13.849191703997349
111,69,7,4,Inference portfolio,0.3374214395382333,20,-2.3837185083633834,-7.0582717267134285,-3.552713678800501e-15,256,IEEE RTS 24-bus,2,3e3d0737d91acb37be515001f911d304bfce93540e3d063ca4640a87bd55fa9f,13.849191703997349
111,69,8,4,Batch portfolio,0.6625785604617667,20,-4.674548144004591,-7.0582717267134285,-3.552713678800501e-15,256,IEEE RTS 24-bus,2,3e3d0737d91acb37be515001f911d304bfce93540e3d063ca4640a87bd55fa9f,13.849191703997349
111,70,1,1,Inference portfolio,0.3360858524341381,2,0.15959341344344766,7.0296861770639225,5.329070518200751e-15,256,IEEE RTS 24-bus,2,3e3d0737d91acb37be515001f911d304bfce93540e3d063ca4640a87bd55fa9f,13.849191703997349
111,70,2,1,Batch portfolio,0.6639141475658619,2,0.3152656509530363,7.0296861770639225,5.329070518200751e-15,256,IEEE RTS 24-bus,2,3e3d0737d91acb37be515001f911d304bfce93540e3d063ca4640a87bd55fa9f,13.849191703997349
111,70,3,2,Inference portfolio,0.30397103703587725,7,-0.14434340225013034,7.0296861770639225,5.329070518200751e-15,256,IEEE RTS 24-bus,2,3e3d0737d91acb37be515001f911d304bfce93540e3d063ca4640a87bd55fa9f,13.849191703997349
111,70,4,2,Batch portfolio,0.6960289629641228,7,-0.3305156621451105,7.0296861770639225,5.329070518200751e-15,256,IEEE RTS 24-bus,2,3e3d0737d91acb37be515001f911d304bfce93540e3d063ca4640a87bd55fa9f,13.849191703997349
111,70,5,3,Inference portfolio,0.3194660181587846,14,0.0,7.0296861770639225,5.329070518200751e-15,256,IEEE RTS 24-bus,2,3e3d0737d91acb37be515001f911d304bfce93540e3d063ca4640a87bd55fa9f,13.849191703997349
111,70,6,3,Batch portfolio,0.6805339818412154,14,0.0,7.0296861770639225,5.329070518200751e-15,256,IEEE RTS 24-bus,2,3e3d0737d91acb37be515001f911d304bfce93540e3d063ca4640a87bd55fa9f,13.849191703997349
111,70,7,4,Inference portfolio,0.3374214395382333,20,2.3719668293661926,7.0296861770639225,5.329070518200751e-15,256,IEEE RTS 24-bus,2,3e3d0737d91acb37be515001f911d304bfce93540e3d063ca4640a87bd55fa9f,13.849191703997349
111,70,8,4,Batch portfolio,0.6625785604617667,20,4.657719347696491,7.0296861770639225,5.329070518200751e-15,256,IEEE RTS 24-bus,2,3e3d0737d91acb37be515001f911d304bfce93540e3d063ca4640a87bd55fa9f,13.849191703997349
111,71,1,1,Inference portfolio,0.3360858524341381,2,0.157520771709945,0.0,-3.885780586188048e-16,256,IEEE RTS 24-bus,2,3e3d0737d91acb37be515001f911d304bfce93540e3d063ca4640a87bd55fa9f,13.849191703997349
111,71,2,1,Batch portfolio,0.6639141475658619,2,0.311171291849253,0.0,-3.885780586188048e-16,256,IEEE RTS 24-bus,2,3e3d0737d91acb37be515001f911d304bfce93540e3d063ca4640a87bd55fa9f,13.849191703997349
111,71,3,2,Inference portfolio,0.30397103703587725,7,-0.142468812609574,0.0,-3.885780586188048e-16,256,IEEE RTS 24-bus,2,3e3d0737d91acb37be515001f911d304bfce93540e3d063ca4640a87bd55fa9f,13.849191703997349
111,71,4,2,Batch portfolio,0.6960289629641228,7,-0.3262232509496244,0.0,-3.885780586188048e-16,256,IEEE RTS 24-bus,2,3e3d0737d91acb37be515001f911d304bfce93540e3d063ca4640a87bd55fa9f,13.849191703997349
111,71,5,3,Inference portfolio,0.3194660181587846,14,0.0,0.0,-3.885780586188048e-16,256,IEEE RTS 24-bus,2,3e3d0737d91acb37be515001f911d304bfce93540e3d063ca4640a87bd55fa9f,13.849191703997349
111,71,6,3,Batch portfolio,0.6805339818412154,14,0.0,0.0,-3.885780586188048e-16,256,IEEE RTS 24-bus,2,3e3d0737d91acb37be515001f911d304bfce93540e3d063ca4640a87bd55fa9f,13.849191703997349
111,71,7,4,Inference portfolio,0.3374214395382333,20,0.0,0.0,-3.885780586188048e-16,256,IEEE RTS 24-bus,2,3e3d0737d91acb37be515001f911d304bfce93540e3d063ca4640a87bd55fa9f,13.849191703997349
111,71,8,4,Batch portfolio,0.6625785604617667,20,0.0,0.0,-3.885780586188048e-16,256,IEEE RTS 24-bus,2,3e3d0737d91acb37be515001f911d304bfce93540e3d063ca4640a87bd55fa9f,13.849191703997349
112,64,1,1,Inference portfolio,0.3360858524341381,2,2.0410500260240925,0.0,-7.993605777301127e-15,256,IEEE RTS 24-bus,2,3e3d0737d91acb37be515001f911d304bfce93540e3d063ca4640a87bd55fa9f,14.540764182002022
112,64,2,1,Batch portfolio,0.6639141475658619,2,4.031951890722057,0.0,-7.993605777301127e-15,256,IEEE RTS 24-bus,2,3e3d0737d91acb37be515001f911d304bfce93540e3d063ca4640a87bd55fa9f,14.540764182002022
112,64,3,2,Inference portfolio,0.30397103703587725,7,-1.8460166905539788,0.0,-7.993605777301127e-15,256,IEEE RTS 24-bus,2,3e3d0737d91acb37be515001f911d304bfce93540e3d063ca4640a87bd55fa9f,14.540764182002022
112,64,4,2,Batch portfolio,0.6960289629641228,7,-4.226985226192179,0.0,-7.993605777301127e-15,256,IEEE RTS 24-bus,2,3e3d0737d91acb37be515001f911d304bfce93540e3d063ca4640a87bd55fa9f,14.540764182002022
112,64,5,3,Inference portfolio,0.3194660181587846,14,0.0,0.0,-7.993605777301127e-15,256,IEEE RTS 24-bus,2,3e3d0737d91acb37be515001f911d304bfce93540e3d063ca4640a87bd55fa9f,14.540764182002022
112,64,6,3,Batch portfolio,0.6805339818412154,14,0.0,0.0,-7.993605777301127e-15,256,IEEE RTS 24-bus,2,3e3d0737d91acb37be515001f911d304bfce93540e3d063ca4640a87bd55fa9f,14.540764182002022
112,64,7,4,Inference portfolio,0.3374214395382333,20,0.0,0.0,-7.993605777301127e-15,256,IEEE RTS 24-bus,2,3e3d0737d91acb37be515001f911d304bfce93540e3d063ca4640a87bd55fa9f,14.540764182002022
112,64,8,4,Batch portfolio,0.6625785604617667,20,0.0,0.0,-7.993605777301127e-15,256,IEEE RTS 24-bus,2,3e3d0737d91acb37be515001f911d304bfce93540e3d063ca4640a87bd55fa9f,14.540764182002022
112,65,1,1,Inference portfolio,0.3360858524341381,2,0.5882333633398945,0.0,8.881784197001252e-16,256,IEEE RTS 24-bus,2,3e3d0737d91acb37be515001f911d304bfce93540e3d063ca4640a87bd55fa9f,14.540764182002022
112,65,2,1,Batch portfolio,0.6639141475658619,2,1.162013959119881,0.0,8.881784197001252e-16,256,IEEE RTS 24-bus,2,3e3d0737d91acb37be515001f911d304bfce93540e3d063ca4640a87bd55fa9f,14.540764182002022
112,65,3,2,Inference portfolio,0.30397103703587725,7,-0.5320244936771511,0.0,8.881784197001252e-16,256,IEEE RTS 24-bus,2,3e3d0737d91acb37be515001f911d304bfce93540e3d063ca4640a87bd55fa9f,14.540764182002022
112,65,4,2,Batch portfolio,0.6960289629641228,7,-1.2182228287826236,0.0,8.881784197001252e-16,256,IEEE RTS 24-bus,2,3e3d0737d91acb37be515001f911d304bfce93540e3d063ca4640a87bd55fa9f,14.540764182002022
112,65,5,3,Inference portfolio,0.3194660181587846,14,0.0,0.0,8.881784197001252e-16,256,IEEE RTS 24-bus,2,3e3d0737d91acb37be515001f911d304bfce93540e3d063ca4640a87bd55fa9f,14.540764182002022
112,65,6,3,Batch portfolio,0.6805339818412154,14,0.0,0.0,8.881784197001252e-16,256,IEEE RTS 24-bus,2,3e3d0737d91acb37be515001f911d304bfce93540e3d063ca4640a87bd55fa9f,14.540764182002022
112,65,7,4,Inference portfolio,0.3374214395382333,20,0.0,0.0,8.881784197001252e-16,256,IEEE RTS 24-bus,2,3e3d0737d91acb37be515001f911d304bfce93540e3d063ca4640a87bd55fa9f,14.540764182002022
112,65,8,4,Batch portfolio,0.6625785604617667,20,0.0,0.0,8.881784197001252e-16,256,IEEE RTS 24-bus,2,3e3d0737d91acb37be515001f911d304bfce93540e3d063ca4640a87bd55fa9f,14.540764182002022
112,66,1,1,Inference portfolio,0.3360858524341381,2,0.9809328236081756,0.0,-3.1086244689504383e-15,256,IEEE RTS 24-bus,2,3e3d0737d91acb37be515001f911d304bfce93540e3d063ca4640a87bd55fa9f,14.540764182002022
112,66,2,1,Batch portfolio,0.6639141475658619,2,1.9377643381546172,0.0,-3.1086244689504383e-15,256,IEEE RTS 24-bus,2,3e3d0737d91acb37be515001f911d304bfce93540e3d063ca4640a87bd55fa9f,14.540764182002022
112,66,3,2,Inference portfolio,0.30397103703587725,7,-0.8871994030547896,0.0,-3.1086244689504383e-15,256,IEEE RTS 24-bus,2,3e3d0737d91acb37be515001f911d304bfce93540e3d063ca4640a87bd55fa9f,14.540764182002022
112,66,4,2,Batch portfolio,0.6960289629641228,7,-2.031497758708006,0.0,-3.1086244689504383e-15,256,IEEE RTS 24-bus,2,3e3d0737d91acb37be515001f911d304bfce93540e3d063ca4640a87bd55fa9f,14.540764182002022
112,66,5,3,Inference portfolio,0.3194660181587846,14,0.0,0.0,-3.1086244689504383e-15,256,IEEE RTS 24-bus,2,3e3d0737d91acb37be515001f911d304bfce93540e3d063ca4640a87bd55fa9f,14.540764182002022
112,66,6,3,Batch portfolio,0.6805339818412154,14,0.0,0.0,-3.1086244689504383e-15,256,IEEE RTS 24-bus,2,3e3d0737d91acb37be515001f911d304bfce93540e3d063ca4640a87bd55fa9f,14.540764182002022
112,66,7,4,Inference portfolio,0.3374214395382333,20,0.0,0.0,-3.1086244689504383e-15,256,IEEE RTS 24-bus,2,3e3d0737d91acb37be515001f911d304bfce93540e3d063ca4640a87bd55fa9f,14.540764182002022
112,66,8,4,Batch portfolio,0.6625785604617667,20,0.0,0.0,-3.1086244689504383e-15,256,IEEE RTS 24-bus,2,3e3d0737d91acb37be515001f911d304bfce93540e3d063ca4640a87bd55fa9f,14.540764182002022
112,67,1,1,Inference portfolio,0.3360858524341381,2,0.5658311931175979,3.637978807091713e-12,1.3322676295501878e-15,256,IEEE RTS 24-bus,2,3e3d0737d91acb37be515001f911d304bfce93540e3d063ca4640a87bd55fa9f,14.540764182002022
112,67,2,1,Batch portfolio,0.6639141475658619,2,1.1177600351946562,3.637978807091713e-12,1.3322676295501878e-15,256,IEEE RTS 24-bus,2,3e3d0737d91acb37be515001f911d304bfce93540e3d063ca4640a87bd55fa9f,14.540764182002022
112,67,3,2,Inference portfolio,0.30397103703587725,7,-0.5117629716134313,3.637978807091713e-12,1.3322676295501878e-15,256,IEEE RTS 24-bus,2,3e3d0737d91acb37be515001f911d304bfce93540e3d063ca4640a87bd55fa9f,14.540764182002022
112,67,4,2,Batch portfolio,0.6960289629641228,7,-1.1718282566951834,3.637978807091713e-12,1.3322676295501878e-15,256,IEEE RTS 24-bus,2,3e3d0737d91acb37be515001f911d304bfce93540e3d063ca4640a87bd55fa9f,14.540764182002022
112,67,5,3,Inference portfolio,0.3194660181587846,14,0.0,3.637978807091713e-12,1.3322676295501878e-15,256,IEEE RTS 24-bus,2,3e3d0737d91acb37be515001f911d304bfce93540e3d063ca4640a87bd55fa9f,14.540764182002022
112,67,6,3,Batch portfolio,0.6805339818412154,14,0.0,3.637978807091713e-12,1.3322676295501878e-15,256,IEEE RTS 24-bus,2,3e3d0737d91acb37be515001f911d304bfce93540e3d063ca4640a87bd55fa9f,14.540764182002022
112,67,7,4,Inference portfolio,0.3374214395382333,20,0.0,3.637978807091713e-12,1.3322676295501878e-15,256,IEEE RTS 24-bus,2,3e3d0737d91acb37be515001f911d304bfce93540e3d063ca4640a87bd55fa9f,14.540764182002022
112,67,8,4,Batch portfolio,0.6625785604617667,20,0.0,3.637978807091713e-12,1.3322676295501878e-15,256,IEEE RTS 24-bus,2,3e3d0737d91acb37be515001f911d304bfce93540e3d063ca4640a87bd55fa9f,14.540764182002022
112,68,1,1,Inference portfolio,0.3360858524341381,2,0.7257332978829243,0.0,-2.220446049250313e-15,256,IEEE RTS 24-bus,2,3e3d0737d91acb37be515001f911d304bfce93540e3d063ca4640a87bd55fa9f,14.540764182002022
112,68,2,1,Batch portfolio,0.6639141475658619,2,1.4336354843109491,0.0,-2.220446049250313e-15,256,IEEE RTS 24-bus,2,3e3d0737d91acb37be515001f911d304bfce93540e3d063ca4640a87bd55fa9f,14.540764182002022
112,68,3,2,Inference portfolio,0.30397103703587725,7,-0.6563855680662231,0.0,-2.220446049250313e-15,256,IEEE RTS 24-bus,2,3e3d0737d91acb37be515001f911d304bfce93540e3d063ca4640a87bd55fa9f,14.540764182002022
112,68,4,2,Batch portfolio,0.6960289629641228,7,-1.5029832141276527,0.0,-2.220446049250313e-15,256,IEEE RTS 24-bus,2,3e3d0737d91acb37be515001f911d304bfce93540e3d063ca4640a87bd55fa9f,14.540764182002022
112,68,5,3,Inference portfolio,0.3194660181587846,14,0.0,0.0,-2.220446049250313e-15,256,IEEE RTS 24-bus,2,3e3d0737d91acb37be515001f911d304bfce93540e3d063ca4640a87bd55fa9f,14.540764182002022
112,68,6,3,Batch portfolio,0.6805339818412154,14,0.0,0.0,-2.220446049250313e-15,256,IEEE RTS 24-bus,2,3e3d0737d91acb37be515001f911d304bfce93540e3d063ca4640a87bd55fa9f,14.540764182002022
112,68,7,4,Inference portfolio,0.3374214395382333,20,0.0,0.0,-2.220446049250313e-15,256,IEEE RTS 24-bus,2,3e3d0737d91acb37be515001f911d304bfce93540e3d063ca4640a87bd55fa9f,14.540764182002022
112,68,8,4,Batch portfolio,0.6625785604617667,20,0.0,0.0,-2.220446049250313e-15,256,IEEE RTS 24-bus,2,3e3d0737d91acb37be515001f911d304bfce93540e3d063ca4640a87bd55fa9f,14.540764182002022
112,69,1,1,Inference portfolio,0.3360858524341381,2,0.6202931620609878,0.0,-2.6645352591003757e-15,256,IEEE RTS 24-bus,2,3e3d0737d91acb37be515001f911d304bfce93540e3d063ca4640a87bd55fa9f,14.540764182002022
112,69,2,1,Batch portfolio,0.6639141475658619,2,1.2253458541842213,0.0,-2.6645352591003757e-15,256,IEEE RTS 24-bus,2,3e3d0737d91acb37be515001f911d304bfce93540e3d063ca4640a87bd55fa9f,14.540764182002022
112,69,3,2,Inference portfolio,0.30397103703587725,7,-0.561020805761776,0.0,-2.6645352591003757e-15,256,IEEE RTS 24-bus,2,3e3d0737d91acb37be515001f911d304bfce93540e3d063ca4640a87bd55fa9f,14.540764182002022
112,69,4,2,Batch portfolio,0.6960289629641228,7,-1.2846182104834356,0.0,-2.6645352591003757e-15,256,IEEE RTS 24-bus,2,3e3d0737d91acb37be515001f911d304bfce93540e3d063ca4640a87bd55fa9f,14.540764182002022
112,69,5,3,Inference portfolio,0.3194660181587846,14,0.0,0.0,-2.6645352591003757e-15,256,IEEE RTS 24-bus,2,3e3d0737d91acb37be515001f911d304bfce93540e3d063ca4640a87bd55fa9f,14.540764182002022
112,69,6,3,Batch portfolio,0.6805339818412154,14,0.0,0.0,-2.6645352591003757e-15,256,IEEE RTS 24-bus,2,3e3d0737d91acb37be515001f911d304bfce93540e3d063ca4640a87bd55fa9f,14.540764182002022
112,69,7,4,Inference portfolio,0.3374214395382333,20,0.0,0.0,-2.6645352591003757e-15,256,IEEE RTS 24-bus,2,3e3d0737d91acb37be515001f911d304bfce93540e3d063ca4640a87bd55fa9f,14.540764182002022
112,69,8,4,Batch portfolio,0.6625785604617667,20,0.0,0.0,-2.6645352591003757e-15,256,IEEE RTS 24-bus,2,3e3d0737d91acb37be515001f911d304bfce93540e3d063ca4640a87bd55fa9f,14.540764182002022
112,70,1,1,Inference portfolio,0.3360858524341381,2,0.22618254146270061,0.0,-2.220446049250313e-16,256,IEEE RTS 24-bus,2,3e3d0737d91acb37be515001f911d304bfce93540e3d063ca4640a87bd55fa9f,14.540764182002022
112,70,2,1,Batch portfolio,0.6639141475658619,2,0.44680782639822353,0.0,-2.220446049250313e-16,256,IEEE RTS 24-bus,2,3e3d0737d91acb37be515001f911d304bfce93540e3d063ca4640a87bd55fa9f,14.540764182002022
112,70,3,2,Inference portfolio,0.30397103703587725,7,-0.20456958003387601,0.0,-2.220446049250313e-16,256,IEEE RTS 24-bus,2,3e3d0737d91acb37be515001f911d304bfce93540e3d063ca4640a87bd55fa9f,14.540764182002022
112,70,4,2,Batch portfolio,0.6960289629641228,7,-0.4684207878270484,0.0,-2.220446049250313e-16,256,IEEE RTS 24-bus,2,3e3d0737d91acb37be515001f911d304bfce93540e3d063ca4640a87bd55fa9f,14.540764182002022
112,70,5,3,Inference portfolio,0.3194660181587846,14,0.0,0.0,-2.220446049250313e-16,256,IEEE RTS 24-bus,2,3e3d0737d91acb37be515001f911d304bfce93540e3d063ca4640a87bd55fa9f,14.540764182002022
112,70,6,3,Batch portfolio,0.6805339818412154,14,0.0,0.0,-2.220446049250313e-16,256,IEEE RTS 24-bus,2,3e3d0737d91acb37be515001f911d304bfce93540e3d063ca4640a87bd55fa9f,14.540764182002022
112,70,7,4,Inference portfolio,0.3374214395382333,20,0.0,0.0,-2.220446049250313e-16,256,IEEE RTS 24-bus,2,3e3d0737d91acb37be515001f911d304bfce93540e3d063ca4640a87bd55fa9f,14.540764182002022
112,70,8,4,Batch portfolio,0.6625785604617667,20,0.0,0.0,-2.220446049250313e-16,256,IEEE RTS 24-bus,2,3e3d0737d91acb37be515001f911d304bfce93540e3d063ca4640a87bd55fa9f,14.540764182002022
112,71,1,1,Inference portfolio,0.3360858524341381,2,0.28302584346026083,0.0,6.661338147750939e-16,256,IEEE RTS 24-bus,2,3e3d0737d91acb37be515001f911d304bfce93540e3d063ca4640a87bd55fa9f,14.540764182002022
112,71,2,1,Batch portfolio,0.6639141475658619,2,0.5590978026545308,0.0,6.661338147750939e-16,256,IEEE RTS 24-bus,2,3e3d0737d91acb37be515001f911d304bfce93540e3d063ca4640a87bd55fa9f,14.540764182002022
112,71,3,2,Inference portfolio,0.30397103703587725,7,-0.25598119802149694,0.0,6.661338147750939e-16,256,IEEE RTS 24-bus,2,3e3d0737d91acb37be515001f911d304bfce93540e3d063ca4640a87bd55fa9f,14.540764182002022
112,71,4,2,Batch portfolio,0.6960289629641228,7,-0.586142448093294,0.0,6.661338147750939e-16,256,IEEE RTS 24-bus,2,3e3d0737d91acb37be515001f911d304bfce93540e3d063ca4640a87bd55fa9f,14.540764182002022
112,71,5,3,Inference portfolio,0.3194660181587846,14,0.0,0.0,6.661338147750939e-16,256,IEEE RTS 24-bus,2,3e3d0737d91acb37be515001f911d304bfce93540e3d063ca4640a87bd55fa9f,14.540764182002022
112,71,6,3,Batch portfolio,0.6805339818412154,14,0.0,0.0,6.661338147750939e-16,256,IEEE RTS 24-bus,2,3e3d0737d91acb37be515001f911d304bfce93540e3d063ca4640a87bd55fa9f,14.540764182002022
112,71,7,4,Inference portfolio,0.3374214395382333,20,0.0,0.0,6.661338147750939e-16,256,IEEE RTS 24-bus,2,3e3d0737d91acb37be515001f911d304bfce93540e3d063ca4640a87bd55fa9f,14.540764182002022
112,71,8,4,Batch portfolio,0.6625785604617667,20,0.0,0.0,6.661338147750939e-16,256,IEEE RTS 24-bus,2,3e3d0737d91acb37be515001f911d304bfce93540e3d063ca4640a87bd55fa9f,14.540764182002022
113,64,1,1,Inference portfolio,0.3360858524341381,2,0.8844006373613712,0.0,-5.773159728050814e-15,256,IEEE RTS 24-bus,2,3e3d0737d91acb37be515001f911d304bfce93540e3d063ca4640a87bd55fa9f,14.040261747999466
113,64,2,1,Batch portfolio,0.6639141475658619,2,1.7470717407698697,0.0,-5.773159728050814e-15,256,IEEE RTS 24-bus,2,3e3d0737d91acb37be515001f911d304bfce93540e3d063ca4640a87bd55fa9f,14.040261747999466
113,64,3,2,Inference portfolio,0.30397103703587725,7,-0.7998913877124029,0.0,-5.773159728050814e-15,256,IEEE RTS 24-bus,2,3e3d0737d91acb37be515001f911d304bfce93540e3d063ca4640a87bd55fa9f,14.040261747999466
113,64,4,2,Batch portfolio,0.6960289629641228,7,-1.831580990418844,0.0,-5.773159728050814e-15,256,IEEE RTS 24-bus,2,3e3d0737d91acb37be515001f911d304bfce93540e3d063ca4640a87bd55fa9f,14.040261747999466
113,64,5,3,Inference portfolio,0.3194660181587846,14,0.0,0.0,-5.773159728050814e-15,256,IEEE RTS 24-bus,2,3e3d0737d91acb37be515001f911d304bfce93540e3d063ca4640a87bd55fa9f,14.040261747999466
113,64,6,3,Batch portfolio,0.6805339818412154,14,0.0,0.0,-5.773159728050814e-15,256,IEEE RTS 24-bus,2,3e3d0737d91acb37be515001f911d304bfce93540e3d063ca4640a87bd55fa9f,14.040261747999466
113,64,7,4,Inference portfolio,0.3374214395382333,20,0.0,0.0,-5.773159728050814e-15,256,IEEE RTS 24-bus,2,3e3d0737d91acb37be515001f911d304bfce93540e3d063ca4640a87bd55fa9f,14.040261747999466
113,64,8,4,Batch portfolio,0.6625785604617667,20,0.0,0.0,-5.773159728050814e-15,256,IEEE RTS 24-bus,2,3e3d0737d91acb37be515001f911d304bfce93540e3d063ca4640a87bd55fa9f,14.040261747999466
113,65,1,1,Inference portfolio,0.3360858524341381,2,0.8718765894426135,0.0,2.6645352591003757e-15,256,IEEE RTS 24-bus,2,3e3d0737d91acb37be515001f911d304bfce93540e3d063ca4640a87bd55fa9f,14.040261747999466
113,65,2,1,Batch portfolio,0.6639141475658619,2,1.722331358103324,0.0,2.6645352591003757e-15,256,IEEE RTS 24-bus,2,3e3d0737d91acb37be515001f911d304bfce93540e3d063ca4640a87bd55fa9f,14.040261747999466
113,65,3,2,Inference portfolio,0.30397103703587725,7,-0.7885640801021806,0.0,2.6645352591003757e-15,256,IEEE RTS 24-bus,2,3e3d0737d91acb37be515001f911d304bfce93540e3d063ca4640a87bd55fa9f,14.040261747999466
113,65,4,2,Batch portfolio,0.6960289629641228,7,-1.8056438674437545,0.0,2.6645352591003757e-15,256,IEEE RTS 24-bus,2,3e3d0737d91acb37be515001f911d304bfce93540e3d063ca4640a87bd55fa9f,14.040261747999466
113,65,5,3,Inference portfolio,0.3194660181587846,14,0.0,0.0,2.6645352591003757e-15,256,IEEE RTS 24-bus,2,3e3d0737d91acb37be515001f911d304bfce93540e3d063ca4640a87bd55fa9f,14.040261747999466
113,65,6,3,Batch portfolio,0.6805339818412154,14,0.0,0.0,2.6645352591003757e-15,256,IEEE RTS 24-bus,2,3e3d0737d91acb37be515001f911d304bfce93540e3d063ca4640a87bd55fa9f,14.040261747999466
113,65,7,4,Inference portfolio,0.3374214395382333,20,0.0,0.0,2.6645352591003757e-15,256,IEEE RTS 24-bus,2,3e3d0737d91acb37be515001f911d304bfce93540e3d063ca4640a87bd55fa9f,14.040261747999466
113,65,8,4,Batch portfolio,0.6625785604617667,20,0.0,0.0,2.6645352591003757e-15,256,IEEE RTS 24-bus,2,3e3d0737d91acb37be515001f911d304bfce93540e3d063ca4640a87bd55fa9f,14.040261747999466
113,66,1,1,Inference portfolio,0.3360858524341381,2,13.612547977732378,-2.5376703950678348,9.769962616701378e-15,256,IEEE RTS 24-bus,2,3e3d0737d91acb37be515001f911d304bfce93540e3d063ca4640a87bd55fa9f,14.040261747999466
113,66,2,1,Batch portfolio,0.6639141475658619,2,26.898067544101,-2.5376703950678348,9.769962616701378e-15,256,IEEE RTS 24-bus,2,3e3d0737d91acb37be515001f911d304bfce93540e3d063ca4640a87bd55fa9f,14.040261747999466
113,66,3,2,Inference portfolio,0.30397103703587725,7,-12.311488646402568,-2.5376703950678348,9.769962616701378e-15,256,IEEE RTS 24-bus,2,3e3d0737d91acb37be515001f911d304bfce93540e3d063ca4640a87bd55fa9f,14.040261747999466
113,66,4,2,Batch portfolio,0.6960289629641228,7,-28.199968449454868,-2.5376703950678348,9.769962616701378e-15,256,IEEE RTS 24-bus,2,3e3d0737d91acb37be515001f911d304bfce93540e3d063ca4640a87bd55fa9f,14.040261747999466
113,66,5,3,Inference portfolio,0.3194660181587846,14,-0.8104306022092717,-2.5376703950678348,9.769962616701378e-15,256,IEEE RTS 24-bus,2,3e3d0737d91acb37be515001f911d304bfce93540e3d063ca4640a87bd55fa9f,14.040261747999466
113,66,6,3,Batch portfolio,0.6805339818412154,14,-1.7263982188344953,-2.5376703950678348,9.769962616701378e-15,256,IEEE RTS 24-bus,2,3e3d0737d91acb37be515001f911d304bfce93540e3d063ca4640a87bd55fa9f,14.040261747999466
113,66,7,4,Inference portfolio,0.3374214395382333,20,0.0,-2.5376703950678348,9.769962616701378e-15,256,IEEE RTS 24-bus,2,3e3d0737d91acb37be515001f911d304bfce93540e3d063ca4640a87bd55fa9f,14.040261747999466
113,66,8,4,Batch portfolio,0.6625785604617667,20,0.0,-2.5376703950678348,9.769962616701378e-15,256,IEEE RTS 24-bus,2,3e3d0737d91acb37be515001f911d304bfce93540e3d063ca4640a87bd55fa9f,14.040261747999466
113,67,1,1,Inference portfolio,0.3360858524341381,2,0.4835429064405321,2.512423174295691,1.3322676295501878e-15,256,IEEE RTS 24-bus,2,3e3d0737d91acb37be515001f911d304bfce93540e3d063ca4640a87bd55fa9f,14.040261747999466
113,67,2,1,Batch portfolio,0.6639141475658619,2,0.9552052673923455,2.512423174295691,1.3322676295501878e-15,256,IEEE RTS 24-bus,2,3e3d0737d91acb37be515001f911d304bfce93540e3d063ca4640a87bd55fa9f,14.040261747999466
113,67,3,2,Inference portfolio,0.30397103703587725,7,-0.4373377744328837,2.512423174295691,1.3322676295501878e-15,256,IEEE RTS 24-bus,2,3e3d0737d91acb37be515001f911d304bfce93540e3d063ca4640a87bd55fa9f,14.040261747999466
113,67,4,2,Batch portfolio,0.6960289629641228,7,-1.0014103993977788,2.512423174295691,1.3322676295501878e-15,256,IEEE RTS 24-bus,2,3e3d0737d91acb37be515001f911d304bfce93540e3d063ca4640a87bd55fa9f,14.040261747999466
113,67,5,3,Inference portfolio,0.3194660181587846,14,0.8026338274215964,2.512423174295691,1.3322676295501878e-15,256,IEEE RTS 24-bus,2,3e3d0737d91acb37be515001f911d304bfce93540e3d063ca4640a87bd55fa9f,14.040261747999466
113,67,6,3,Batch portfolio,0.6805339818412154,14,1.7097893468718806,2.512423174295691,1.3322676295501878e-15,256,IEEE RTS 24-bus,2,3e3d0737d91acb37be515001f911d304bfce93540e3d063ca4640a87bd55fa9f,14.040261747999466
113,67,7,4,Inference portfolio,0.3374214395382333,20,0.0,2.512423174295691,1.3322676295501878e-15,256,IEEE RTS 24-bus,2,3e3d0737d91acb37be515001f911d304bfce93540e3d063ca4640a87bd55fa9f,14.040261747999466
113,67,8,4,Batch portfolio,0.6625785604617667,20,0.0,2.512423174295691,1.3322676295501878e-15,256,IEEE RTS 24-bus,2,3e3d0737d91acb37be515001f911d304bfce93540e3d063ca4640a87bd55fa9f,14.040261747999466
113,68,1,1,Inference portfolio,0.3360858524341381,2,0.4364895292245219,-1.107134057654548,0.0,256,IEEE RTS 24-bus,2,3e3d0737d91acb37be515001f911d304bfce93540e3d063ca4640a87bd55fa9f,14.040261747999466
113,68,2,1,Batch portfolio,0.6639141475658619,2,0.8622546043449502,-1.107134057654548,0.0,256,IEEE RTS 24-bus,2,3e3d0737d91acb37be515001f911d304bfce93540e3d063ca4640a87bd55fa9f,14.040261747999466
113,68,3,2,Inference portfolio,0.30397103703587725,7,-0.39478060112511887,-1.107134057654548,0.0,256,IEEE RTS 24-bus,2,3e3d0737d91acb37be515001f911d304bfce93540e3d063ca4640a87bd55fa9f,14.040261747999466
113,68,4,2,Batch portfolio,0.6960289629641228,7,-0.9039635324437768,-1.107134057654548,0.0,256,IEEE RTS 24-bus,2,3e3d0737d91acb37be515001f911d304bfce93540e3d063ca4640a87bd55fa9f,14.040261747999466
113,68,5,3,Inference portfolio,0.3194660181587846,14,-0.3536917089669561,-1.107134057654548,0.0,256,IEEE RTS 24-bus,2,3e3d0737d91acb37be515001f911d304bfce93540e3d063ca4640a87bd55fa9f,14.040261747999466
113,68,6,3,Batch portfolio,0.6805339818412154,14,-0.7534423486881683,-1.107134057654548,0.0,256,IEEE RTS 24-bus,2,3e3d0737d91acb37be515001f911d304bfce93540e3d063ca4640a87bd55fa9f,14.040261747999466
113,68,7,4,Inference portfolio,0.3374214395382333,20,0.0,-1.107134057654548,0.0,256,IEEE RTS 24-bus,2,3e3d0737d91acb37be515001f911d304bfce93540e3d063ca4640a87bd55fa9f,14.040261747999466
113,68,8,4,Batch portfolio,0.6625785604617667,20,0.0,-1.107134057654548,0.0,256,IEEE RTS 24-bus,2,3e3d0737d91acb37be515001f911d304bfce93540e3d063ca4640a87bd55fa9f,14.040261747999466
113,69,1,1,Inference portfolio,0.3360858524341381,2,1.3443507070518543,1.107134057652729,-1.3322676295501878e-15,256,IEEE RTS 24-bus,2,3e3d0737d91acb37be515001f911d304bfce93540e3d063ca4640a87bd55fa9f,14.040261747999466
113,69,2,1,Batch portfolio,0.6639141475658619,2,2.6556710056028354,1.107134057652729,-1.3322676295501878e-15,256,IEEE RTS 24-bus,2,3e3d0737d91acb37be515001f911d304bfce93540e3d063ca4640a87bd55fa9f,14.040261747999466
113,69,3,2,Inference portfolio,0.30397103703587725,7,-1.2158907481616845,1.107134057652729,-1.3322676295501878e-15,256,IEEE RTS 24-bus,2,3e3d0737d91acb37be515001f911d304bfce93540e3d063ca4640a87bd55fa9f,14.040261747999466
113,69,4,2,Batch portfolio,0.6960289629641228,7,-2.784130964494037,1.107134057652729,-1.3322676295501878e-15,256,IEEE RTS 24-bus,2,3e3d0737d91acb37be515001f911d304bfce93540e3d063ca4640a87bd55fa9f,14.040261747999466
113,69,5,3,Inference portfolio,0.3194660181587846,14,0.35369170896637986,1.107134057652729,-1.3322676295501878e-15,256,IEEE RTS 24-bus,2,3e3d0737d91acb37be515001f911d304bfce93540e3d063ca4640a87bd55fa9f,14.040261747999466
113,69,6,3,Batch portfolio,0.6805339818412154,14,0.7534423486873799,1.107134057652729,-1.3322676295501878e-15,256,IEEE RTS 24-bus,2,3e3d0737d91acb37be515001f911d304bfce93540e3d063ca4640a87bd55fa9f,14.040261747999466
113,69,7,4,Inference portfolio,0.3374214395382333,20,0.0,1.107134057652729,-1.3322676295501878e-15,256,IEEE RTS 24-bus,2,3e3d0737d91acb37be515001f911d304bfce93540e3d063ca4640a87bd55fa9f,14.040261747999466
113,69,8,4,Batch portfolio,0.6625785604617667,20,0.0,1.107134057652729,-1.3322676295501878e-15,256,IEEE RTS 24-bus,2,3e3d0737d91acb37be515001f911d304bfce93540e3d063ca4640a87bd55fa9f,14.040261747999466
113,70,1,1,Inference portfolio,0.3360858524341381,2,0.7168253483068834,0.0,4.440892098500626e-16,256,IEEE RTS 24-bus,2,3e3d0737d91acb37be515001f911d304bfce93540e3d063ca4640a87bd55fa9f,14.040261747999466
113,70,2,1,Batch portfolio,0.6639141475658619,2,1.4160384515686621,0.0,4.440892098500626e-16,256,IEEE RTS 24-bus,2,3e3d0737d91acb37be515001f911d304bfce93540e3d063ca4640a87bd55fa9f,14.040261747999466
113,70,3,2,Inference portfolio,0.30397103703587725,7,-0.6483288211038593,0.0,4.440892098500626e-16,256,IEEE RTS 24-bus,2,3e3d0737d91acb37be515001f911d304bfce93540e3d063ca4640a87bd55fa9f,14.040261747999466
113,70,4,2,Batch portfolio,0.6960289629641228,7,-1.484534978771686,0.0,4.440892098500626e-16,256,IEEE RTS 24-bus,2,3e3d0737d91acb37be515001f911d304bfce93540e3d063ca4640a87bd55fa9f,14.040261747999466
113,70,5,3,Inference portfolio,0.3194660181587846,14,0.0,0.0,4.440892098500626e-16,256,IEEE RTS 24-bus,2,3e3d0737d91acb37be515001f911d304bfce93540e3d063ca4640a87bd55fa9f,14.040261747999466
113,70,6,3,Batch portfolio,0.6805339818412154,14,0.0,0.0,4.440892098500626e-16,256,IEEE RTS 24-bus,2,3e3d0737d91acb37be515001f911d304bfce93540e3d063ca4640a87bd55fa9f,14.040261747999466
113,70,7,4,Inference portfolio,0.3374214395382333,20,0.0,0.0,4.440892098500626e-16,256,IEEE RTS 24-bus,2,3e3d0737d91acb37be515001f911d304bfce93540e3d063ca4640a87bd55fa9f,14.040261747999466
113,70,8,4,Batch portfolio,0.6625785604617667,20,0.0,0.0,4.440892098500626e-16,256,IEEE RTS 24-bus,2,3e3d0737d91acb37be515001f911d304bfce93540e3d063ca4640a87bd55fa9f,14.040261747999466
113,71,1,1,Inference portfolio,0.3360858524341381,2,3.3904622143021093,0.0,3.552713678800501e-15,256,IEEE RTS 24-bus,2,3e3d0737d91acb37be515001f911d304bfce93540e3d063ca4640a87bd55fa9f,14.040261747999466
113,71,2,1,Batch portfolio,0.6639141475658619,2,6.699777904903384,0.0,3.552713678800501e-15,256,IEEE RTS 24-bus,2,3e3d0737d91acb37be515001f911d304bfce93540e3d063ca4640a87bd55fa9f,14.040261747999466
113,71,3,2,Inference portfolio,0.30397103703587725,7,-3.0667015765557153,0.0,3.552713678800501e-15,256,IEEE RTS 24-bus,2,3e3d0737d91acb37be515001f911d304bfce93540e3d063ca4640a87bd55fa9f,14.040261747999466
113,71,4,2,Batch portfolio,0.6960289629641228,7,-7.023538542649774,0.0,3.552713678800501e-15,256,IEEE RTS 24-bus,2,3e3d0737d91acb37be515001f911d304bfce93540e3d063ca4640a87bd55fa9f,14.040261747999466
113,71,5,3,Inference portfolio,0.3194660181587846,14,0.0,0.0,3.552713678800501e-15,256,IEEE RTS 24-bus,2,3e3d0737d91acb37be515001f911d304bfce93540e3d063ca4640a87bd55fa9f,14.040261747999466
113,71,6,3,Batch portfolio,0.6805339818412154,14,0.0,0.0,3.552713678800501e-15,256,IEEE RTS 24-bus,2,3e3d0737d91acb37be515001f911d304bfce93540e3d063ca4640a87bd55fa9f,14.040261747999466
113,71,7,4,Inference portfolio,0.3374214395382333,20,0.0,0.0,3.552713678800501e-15,256,IEEE RTS 24-bus,2,3e3d0737d91acb37be515001f911d304bfce93540e3d063ca4640a87bd55fa9f,14.040261747999466
113,71,8,4,Batch portfolio,0.6625785604617667,20,0.0,0.0,3.552713678800501e-15,256,IEEE RTS 24-bus,2,3e3d0737d91acb37be515001f911d304bfce93540e3d063ca4640a87bd55fa9f,14.040261747999466
114,64,1,1,Inference portfolio,0.3360858524341381,2,0.5467364299183827,0.0,1.1102230246251565e-15,256,IEEE RTS 24-bus,2,3e3d0737d91acb37be515001f911d304bfce93540e3d063ca4640a87bd55fa9f,14.31007022599806
114,64,2,1,Batch portfolio,0.6639141475658619,2,1.0800396630293112,0.0,1.1102230246251565e-15,256,IEEE RTS 24-bus,2,3e3d0737d91acb37be515001f911d304bfce93540e3d063ca4640a87bd55fa9f,14.31007022599806
114,64,3,2,Inference portfolio,0.30397103703587725,7,-0.494492815998455,0.0,1.1102230246251565e-15,256,IEEE RTS 24-bus,2,3e3d0737d91acb37be515001f911d304bfce93540e3d063ca4640a87bd55fa9f,14.31007022599806
114,64,4,2,Batch portfolio,0.6960289629641228,7,-1.132283276949238,0.0,1.1102230246251565e-15,256,IEEE RTS 24-bus,2,3e3d0737d91acb37be515001f911d304bfce93540e3d063ca4640a87bd55fa9f,14.31007022599806
114,64,5,3,Inference portfolio,0.3194660181587846,14,0.0,0.0,1.1102230246251565e-15,256,IEEE RTS 24-bus,2,3e3d0737d91acb37be515001f911d304bfce93540e3d063ca4640a87bd55fa9f,14.31007022599806
114,64,6,3,Batch portfolio,0.6805339818412154,14,0.0,0.0,1.1102230246251565e-15,256,IEEE RTS 24-bus,2,3e3d0737d91acb37be515001f911d304bfce93540e3d063ca4640a87bd55fa9f,14.31007022599806
114,64,7,4,Inference portfolio,0.3374214395382333,20,0.0,0.0,1.1102230246251565e-15,256,IEEE RTS 24-bus,2,3e3d0737d91acb37be515001f911d304bfce93540e3d063ca4640a87bd55fa9f,14.31007022599806
114,64,8,4,Batch portfolio,0.6625785604617667,20,0.0,0.0,1.1102230246251565e-15,256,IEEE RTS 24-bus,2,3e3d0737d91acb37be515001f911d304bfce93540e3d063ca4640a87bd55fa9f,14.31007022599806
114,65,1,1,Inference portfolio,0.3360858524341381,2,0.45770103291761144,-2.337545584075997,-1.3322676295501878e-15,256,IEEE RTS 24-bus,2,3e3d0737d91acb37be515001f911d304bfce93540e3d063ca4640a87bd55fa9f,14.31007022599806
114,65,2,1,Batch portfolio,0.6639141475658619,2,0.9041564496362001,-2.337545584075997,-1.3322676295501878e-15,256,IEEE RTS 24-bus,2,3e3d0737d91acb37be515001f911d304bfce93540e3d063ca4640a87bd55fa9f,14.31007022599806
114,65,3,2,Inference portfolio,0.30397103703587725,7,-1.1245113865767653,-2.337545584075997,-1.3322676295501878e-15,256,IEEE RTS 24-bus,2,3e3d0737d91acb37be515001f911d304bfce93540e3d063ca4640a87bd55fa9f,14.31007022599806
114,65,4,2,Batch portfolio,0.6960289629641228,7,-2.5748916800530446,-2.337545584075997,-1.3322676295501878e-15,256,IEEE RTS 24-bus,2,3e3d0737d91acb37be515001f911d304bfce93540e3d063ca4640a87bd55fa9f,14.31007022599806
114,65,5,3,Inference portfolio,0.3194660181587846,14,0.0,-2.337545584075997,-1.3322676295501878e-15,256,IEEE RTS 24-bus,2,3e3d0737d91acb37be515001f911d304bfce93540e3d063ca4640a87bd55fa9f,14.31007022599806
114,65,6,3,Batch portfolio,0.6805339818412154,14,0.0,-2.337545584075997,-1.3322676295501878e-15,256,IEEE RTS 24-bus,2,3e3d0737d91acb37be515001f911d304bfce93540e3d063ca4640a87bd55fa9f,14.31007022599806
114,65,7,4,Inference portfolio,0.3374214395382333,20,0.0,-2.337545584075997,-1.3322676295501878e-15,256,IEEE RTS 24-bus,2,3e3d0737d91acb37be515001f911d304bfce93540e3d063ca4640a87bd55fa9f,14.31007022599806
114,65,8,4,Batch portfolio,0.6625785604617667,20,0.0,-2.337545584075997,-1.3322676295501878e-15,256,IEEE RTS 24-bus,2,3e3d0737d91acb37be515001f911d304bfce93540e3d063ca4640a87bd55fa9f,14.31007022599806
114,66,1,1,Inference portfolio,0.3360858524341381,2,1.2357585104813564,-2.0721816576260608,1.7763568394002505e-15,256,IEEE RTS 24-bus,2,3e3d0737d91acb37be515001f911d304bfce93540e3d063ca4640a87bd55fa9f,14.31007022599806
114,66,2,1,Batch portfolio,0.6639141475658619,2,2.441154699436085,-2.0721816576260608,1.7763568394002505e-15,256,IEEE RTS 24-bus,2,3e3d0737d91acb37be515001f911d304bfce93540e3d063ca4640a87bd55fa9f,14.31007022599806
114,66,3,2,Inference portfolio,0.30397103703587725,7,-0.40712896619919176,-2.0721816576260608,1.7763568394002505e-15,256,IEEE RTS 24-bus,2,3e3d0737d91acb37be515001f911d304bfce93540e3d063ca4640a87bd55fa9f,14.31007022599806
114,66,4,2,Batch portfolio,0.6960289629641228,7,-0.9322386596427964,-2.0721816576260608,1.7763568394002505e-15,256,IEEE RTS 24-bus,2,3e3d0737d91acb37be515001f911d304bfce93540e3d063ca4640a87bd55fa9f,14.31007022599806
114,66,5,3,Inference portfolio,0.3194660181587846,14,-1.4087580030727311,-2.0721816576260608,1.7763568394002505e-15,256,IEEE RTS 24-bus,2,3e3d0737d91acb37be515001f911d304bfce93540e3d063ca4640a87bd55fa9f,14.31007022599806
114,66,6,3,Batch portfolio,0.6805339818412154,14,-3.0009692386287816,-2.0721816576260608,1.7763568394002505e-15,256,IEEE RTS 24-bus,2,3e3d0737d91acb37be515001f911d304bfce93540e3d063ca4640a87bd55fa9f,14.31007022599806
114,66,7,4,Inference portfolio,0.3374214395382333,20,0.0,-2.0721816576260608,1.7763568394002505e-15,256,IEEE RTS 24-bus,2,3e3d0737d91acb37be515001f911d304bfce93540e3d063ca4640a87bd55fa9f,14.31007022599806
114,66,8,4,Batch portfolio,0.6625785604617667,20,0.0,-2.0721816576260608,1.7763568394002505e-15,256,IEEE RTS 24-bus,2,3e3d0737d91acb37be515001f911d304bfce93540e3d063ca4640a87bd55fa9f,14.31007022599806
114,67,1,1,Inference portfolio,0.3360858524341381,2,0.5473979113225448,4.409727241702058,1.7763568394002505e-15,256,IEEE RTS 24-bus,2,3e3d0737d91acb37be515001f911d304bfce93540e3d063ca4640a87bd55fa9f,14.31007022599806
114,67,2,1,Batch portfolio,0.6639141475658619,2,1.0813463733819537,4.409727241702058,1.7763568394002505e-15,256,IEEE RTS 24-bus,2,3e3d0737d91acb37be515001f911d304bfce93540e3d063ca4640a87bd55fa9f,14.31007022599806
114,67,3,2,Inference portfolio,0.30397103703587725,7,-0.4950910892879316,4.409727241702058,1.7763568394002505e-15,256,IEEE RTS 24-bus,2,3e3d0737d91acb37be515001f911d304bfce93540e3d063ca4640a87bd55fa9f,14.31007022599806
114,67,4,2,Batch portfolio,0.6960289629641228,7,-1.1336531954162337,4.409727241702058,1.7763568394002505e-15,256,IEEE RTS 24-bus,2,3e3d0737d91acb37be515001f911d304bfce93540e3d063ca4640a87bd55fa9f,14.31007022599806
114,67,5,3,Inference portfolio,0.3194660181587846,14,1.4087580030729445,4.409727241702058,1.7763568394002505e-15,256,IEEE RTS 24-bus,2,3e3d0737d91acb37be515001f911d304bfce93540e3d063ca4640a87bd55fa9f,14.31007022599806
114,67,6,3,Batch portfolio,0.6805339818412154,14,3.0009692386287816,4.409727241702058,1.7763568394002505e-15,256,IEEE RTS 24-bus,2,3e3d0737d91acb37be515001f911d304bfce93540e3d063ca4640a87bd55fa9f,14.31007022599806
114,67,7,4,Inference portfolio,0.3374214395382333,20,0.0,4.409727241702058,1.7763568394002505e-15,256,IEEE RTS 24-bus,2,3e3d0737d91acb37be515001f911d304bfce93540e3d063ca4640a87bd55fa9f,14.31007022599806
114,67,8,4,Batch portfolio,0.6625785604617667,20,0.0,4.409727241702058,1.7763568394002505e-15,256,IEEE RTS 24-bus,2,3e3d0737d91acb37be515001f911d304bfce93540e3d063ca4640a87bd55fa9f,14.31007022599806
114,68,1,1,Inference portfolio,0.3360858524341381,2,1.8746501044859836,0.0,4.440892098500626e-15,256,IEEE RTS 24-bus,2,3e3d0737d91acb37be515001f911d304bfce93540e3d063ca4640a87bd55fa9f,14.31007022599806
114,68,2,1,Batch portfolio,0.6639141475658619,2,3.703240458024841,0.0,4.440892098500626e-15,256,IEEE RTS 24-bus,2,3e3d0737d91acb37be515001f911d304bfce93540e3d063ca4640a87bd55fa9f,14.31007022599806
114,68,3,2,Inference portfolio,0.30397103703587725,7,-1.6955171787596224,0.0,4.440892098500626e-15,256,IEEE RTS 24-bus,2,3e3d0737d91acb37be515001f911d304bfce93540e3d063ca4640a87bd55fa9f,14.31007022599806
114,68,4,2,Batch portfolio,0.6960289629641228,7,-3.882373383751198,0.0,4.440892098500626e-15,256,IEEE RTS 24-bus,2,3e3d0737d91acb37be515001f911d304bfce93540e3d063ca4640a87bd55fa9f,14.31007022599806
114,68,5,3,Inference portfolio,0.3194660181587846,14,0.0,0.0,4.440892098500626e-15,256,IEEE RTS 24-bus,2,3e3d0737d91acb37be515001f911d304bfce93540e3d063ca4640a87bd55fa9f,14.31007022599806
114,68,6,3,Batch portfolio,0.6805339818412154,14,0.0,0.0,4.440892098500626e-15,256,IEEE RTS 24-bus,2,3e3d0737d91acb37be515001f911d304bfce93540e3d063ca4640a87bd55fa9f,14.31007022599806
114,68,7,4,Inference portfolio,0.3374214395382333,20,0.0,0.0,4.440892098500626e-15,256,IEEE RTS 24-bus,2,3e3d0737d91acb37be515001f911d304bfce93540e3d063ca4640a87bd55fa9f,14.31007022599806
114,68,8,4,Batch portfolio,0.6625785604617667,20,0.0,0.0,4.440892098500626e-15,256,IEEE RTS 24-bus,2,3e3d0737d91acb37be515001f911d304bfce93540e3d063ca4640a87bd55fa9f,14.31007022599806
114,69,1,1,Inference portfolio,0.3360858524341381,2,9.73514500060484,-12.620279150329225,3.552713678800501e-15,256,IEEE RTS 24-bus,2,3e3d0737d91acb37be515001f911d304bfce93540e3d063ca4640a87bd55fa9f,14.31007022599806
114,69,2,1,Batch portfolio,0.6639141475658619,2,19.229624592114185,-12.620279150329225,3.552713678800501e-15,256,IEEE RTS 24-bus,2,3e3d0737d91acb37be515001f911d304bfce93540e3d063ca4640a87bd55fa9f,14.31007022599806
114,69,3,2,Inference portfolio,0.30397103703587725,7,-8.80522346688581,-12.620279150329225,3.552713678800501e-15,256,IEEE RTS 24-bus,2,3e3d0737d91acb37be515001f911d304bfce93540e3d063ca4640a87bd55fa9f,14.31007022599806
114,69,4,2,Batch portfolio,0.6960289629641228,7,-20.168720043188273,-12.620279150329225,3.552713678800501e-15,256,IEEE RTS 24-bus,2,3e3d0737d91acb37be515001f911d304bfce93540e3d063ca4640a87bd55fa9f,14.31007022599806
114,69,5,3,Inference portfolio,0.3194660181587846,14,-1.7944602336401514,-12.620279150329225,3.552713678800501e-15,256,IEEE RTS 24-bus,2,3e3d0737d91acb37be515001f911d304bfce93540e3d063ca4640a87bd55fa9f,14.31007022599806
114,69,6,3,Batch portfolio,0.6805339818412154,14,-3.822581555803738,-12.620279150329225,3.552713678800501e-15,256,IEEE RTS 24-bus,2,3e3d0737d91acb37be515001f911d304bfce93540e3d063ca4640a87bd55fa9f,14.31007022599806
114,69,7,4,Inference portfolio,0.3374214395382333,20,-2.3599566102656437,-12.620279150329225,3.552713678800501e-15,256,IEEE RTS 24-bus,2,3e3d0737d91acb37be515001f911d304bfce93540e3d063ca4640a87bd55fa9f,14.31007022599806
114,69,8,4,Batch portfolio,0.6625785604617667,20,-4.634106833264627,-12.620279150329225,3.552713678800501e-15,256,IEEE RTS 24-bus,2,3e3d0737d91acb37be515001f911d304bfce93540e3d063ca4640a87bd55fa9f,14.31007022599806
114,70,1,1,Inference portfolio,0.3360858524341381,2,0.3923907689477755,6.275206873016941,9.769962616701378e-15,256,IEEE RTS 24-bus,2,3e3d0737d91acb37be515001f911d304bfce93540e3d063ca4640a87bd55fa9f,14.31007022599806
114,70,2,1,Batch portfolio,0.6639141475658619,2,0.7751405808718025,6.275206873016941,9.769962616701378e-15,256,IEEE RTS 24-bus,2,3e3d0737d91acb37be515001f911d304bfce93540e3d063ca4640a87bd55fa9f,14.31007022599806
114,70,3,2,Inference portfolio,0.30397103703587725,7,-2.171348996613621,6.275206873016941,9.769962616701378e-15,256,IEEE RTS 24-bus,2,3e3d0737d91acb37be515001f911d304bfce93540e3d063ca4640a87bd55fa9f,14.31007022599806
114,70,4,2,Batch portfolio,0.6960289629641228,7,-4.971926947658224,6.275206873016941,9.769962616701378e-15,256,IEEE RTS 24-bus,2,3e3d0737d91acb37be515001f911d304bfce93540e3d063ca4640a87bd55fa9f,14.31007022599806
114,70,5,3,Inference portfolio,0.3194660181587846,14,1.7432213140039503,6.275206873016941,9.769962616701378e-15,256,IEEE RTS 24-bus,2,3e3d0737d91acb37be515001f911d304bfce93540e3d063ca4640a87bd55fa9f,14.31007022599806
114,70,6,3,Batch portfolio,0.6805339818412154,14,3.713450804209549,6.275206873016941,9.769962616701378e-15,256,IEEE RTS 24-bus,2,3e3d0737d91acb37be515001f911d304bfce93540e3d063ca4640a87bd55fa9f,14.31007022599806
114,70,7,4,Inference portfolio,0.3374214395382333,20,2.2925355186509138,6.275206873016941,9.769962616701378e-15,256,IEEE RTS 24-bus,2,3e3d0737d91acb37be515001f911d304bfce93540e3d063ca4640a87bd55fa9f,14.31007022599806
114,70,8,4,Batch portfolio,0.6625785604617667,20,4.501743830604804,6.275206873016941,9.769962616701378e-15,256,IEEE RTS 24-bus,2,3e3d0737d91acb37be515001f911d304bfce93540e3d063ca4640a87bd55fa9f,14.31007022599806
114,71,1,1,Inference portfolio,0.3360858524341381,2,0.25480263688253557,5.975744594456046,3.552713678800501e-15,256,IEEE RTS 24-bus,2,3e3d0737d91acb37be515001f911d304bfce93540e3d063ca4640a87bd55fa9f,14.31007022599806
114,71,2,1,Batch portfolio,0.6639141475658619,2,0.5033448276317349,5.975744594456046,3.552713678800501e-15,256,IEEE RTS 24-bus,2,3e3d0737d91acb37be515001f911d304bfce93540e3d063ca4640a87bd55fa9f,14.31007022599806
114,71,3,2,Inference portfolio,0.30397103703587725,7,1.5859984104242066,5.975744594456046,3.552713678800501e-15,256,IEEE RTS 24-bus,2,3e3d0737d91acb37be515001f911d304bfce93540e3d063ca4640a87bd55fa9f,14.31007022599806
114,71,4,2,Batch portfolio,0.6960289629641228,7,3.631598719517572,5.975744594456046,3.552713678800501e-15,256,IEEE RTS 24-bus,2,3e3d0737d91acb37be515001f911d304bfce93540e3d063ca4640a87bd55fa9f,14.31007022599806
114,71,5,3,Inference portfolio,0.3194660181587846,14,0.0,5.975744594456046,3.552713678800501e-15,256,IEEE RTS 24-bus,2,3e3d0737d91acb37be515001f911d304bfce93540e3d063ca4640a87bd55fa9f,14.31007022599806
114,71,6,3,Batch portfolio,0.6805339818412154,14,0.0,5.975744594456046,3.552713678800501e-15,256,IEEE RTS 24-bus,2,3e3d0737d91acb37be515001f911d304bfce93540e3d063ca4640a87bd55fa9f,14.31007022599806
114,71,7,4,Inference portfolio,0.3374214395382333,20,0.0,5.975744594456046,3.552713678800501e-15,256,IEEE RTS 24-bus,2,3e3d0737d91acb37be515001f911d304bfce93540e3d063ca4640a87bd55fa9f,14.31007022599806
114,71,8,4,Batch portfolio,0.6625785604617667,20,0.0,5.975744594456046,3.552713678800501e-15,256,IEEE RTS 24-bus,2,3e3d0737d91acb37be515001f911d304bfce93540e3d063ca4640a87bd55fa9f,14.31007022599806
