day,baseline_quality,allocation_method,participant,participant_bus,participant_payment_usd,oracle_shapley_value_usd,participant_absolute_error_usd,total_payment_usd,estimated_grand_value_usd,realized_grand_value_usd,budget_residual_usd,total_value_error_usd,settlement_schema_version,estimator_checksum
61,Trace-Anchored Reference,Nodal signed linear,1,15,349.0633127952692,348.5998809355817,0.4634318596874891,687.4608634060991,686.4270763123604,686.4270763123604,1.0337870937386242,1.0337870937386242,6,4e34bffdd2dd88657bb7fb55f284cf0521153c917c774c543a2e903a5e5e05ff
61,Trace-Anchored Reference,Nodal signed linear,2,42,-133.30172146927347,-133.39970971247263,0.09798824319915411,687.4608634060991,686.4270763123604,686.4270763123604,1.0337870937386242,1.0337870937386242,6,4e34bffdd2dd88657bb7fb55f284cf0521153c917c774c543a2e903a5e5e05ff
61,Trace-Anchored Reference,Nodal signed linear,3,80,287.2914983528507,287.0498571191219,0.2416412337287852,687.4608634060991,686.4270763123604,686.4270763123604,1.0337870937386242,1.0337870937386242,6,4e34bffdd2dd88657bb7fb55f284cf0521153c917c774c543a2e903a5e5e05ff
61,Trace-Anchored Reference,Nodal signed linear,4,116,184.40777372725265,184.17704797012934,0.23072575712330945,687.4608634060991,686.4270763123604,686.4270763123604,1.0337870937386242,1.0337870937386242,6,4e34bffdd2dd88657bb7fb55f284cf0521153c917c774c543a2e903a5e5e05ff
61,Trace-Anchored Reference,Standalone avoided cost,1,15,348.8788405486448,348.5998809355817,0.2789596130630798,687.2763911594775,686.4270763123604,686.4270763123604,0.8493148471170571,0.8493148471170571,6,4e34bffdd2dd88657bb7fb55f284cf0521153c917c774c543a2e903a5e5e05ff
61,Trace-Anchored Reference,Standalone avoided cost,2,42,-133.30172146927362,-133.39970971247263,0.097988243199012,687.2763911594775,686.4270763123604,686.4270763123604,0.8493148471170571,0.8493148471170571,6,4e34bffdd2dd88657bb7fb55f284cf0521153c917c774c543a2e903a5e5e05ff
61,Trace-Anchored Reference,Standalone avoided cost,3,80,287.2914983528608,287.0498571191219,0.24164123373890334,687.2763911594775,686.4270763123604,686.4270763123604,0.8493148471170571,0.8493148471170571,6,4e34bffdd2dd88657bb7fb55f284cf0521153c917c774c543a2e903a5e5e05ff
61,Trace-Anchored Reference,Standalone avoided cost,4,116,184.4077737272455,184.17704797012934,0.2307257571161756,687.2763911594775,686.4270763123604,686.4270763123604,0.8493148471170571,0.8493148471170571,6,4e34bffdd2dd88657bb7fb55f284cf0521153c917c774c543a2e903a5e5e05ff
61,Trace-Anchored Reference,Leave-one-out marginal,1,15,348.4624737970371,348.5998809355817,0.13740713854463138,686.0107095607345,686.4270763123604,686.4270763123604,-0.4163667516259011,-0.4163667516259011,6,4e34bffdd2dd88657bb7fb55f284cf0521153c917c774c543a2e903a5e5e05ff
61,Trace-Anchored Reference,Leave-one-out marginal,2,42,-133.44663116608717,-133.39970971247263,0.04692145361454436,686.0107095607345,686.4270763123604,686.4270763123604,-0.4163667516259011,-0.4163667516259011,6,4e34bffdd2dd88657bb7fb55f284cf0521153c917c774c543a2e903a5e5e05ff
61,Trace-Anchored Reference,Leave-one-out marginal,3,80,286.9311091702293,287.0498571191219,0.118747948892576,686.0107095607345,686.4270763123604,686.4270763123604,-0.4163667516259011,-0.4163667516259011,6,4e34bffdd2dd88657bb7fb55f284cf0521153c917c774c543a2e903a5e5e05ff
61,Trace-Anchored Reference,Leave-one-out marginal,4,116,184.0637577595553,184.17704797012934,0.11329021057403565,686.0107095607345,686.4270763123604,686.4270763123604,-0.4163667516259011,-0.4163667516259011,6,4e34bffdd2dd88657bb7fb55f284cf0521153c917c774c543a2e903a5e5e05ff
61,Trace-Anchored Reference,Exact Shapley net value,1,15,348.5998809355817,348.5998809355817,0.0,686.4270763123603,686.4270763123604,686.4270763123604,-1.1368683772161603e-13,-1.1368683772161603e-13,6,4e34bffdd2dd88657bb7fb55f284cf0521153c917c774c543a2e903a5e5e05ff
61,Trace-Anchored Reference,Exact Shapley net value,2,42,-133.39970971247263,-133.39970971247263,0.0,686.4270763123603,686.4270763123604,686.4270763123604,-1.1368683772161603e-13,-1.1368683772161603e-13,6,4e34bffdd2dd88657bb7fb55f284cf0521153c917c774c543a2e903a5e5e05ff
61,Trace-Anchored Reference,Exact Shapley net value,3,80,287.0498571191219,287.0498571191219,0.0,686.4270763123603,686.4270763123604,686.4270763123604,-1.1368683772161603e-13,-1.1368683772161603e-13,6,4e34bffdd2dd88657bb7fb55f284cf0521153c917c774c543a2e903a5e5e05ff
61,Trace-Anchored Reference,Exact Shapley net value,4,116,184.17704797012934,184.17704797012934,0.0,686.4270763123603,686.4270763123604,686.4270763123604,-1.1368683772161603e-13,-1.1368683772161603e-13,6,4e34bffdd2dd88657bb7fb55f284cf0521153c917c774c543a2e903a5e5e05ff
61,Risk-Constrained Convex Verifier,Nodal signed linear,1,15,294.08207088039063,348.5998809355817,54.51781005519109,96.18724784113022,96.18724784113874,686.4270763123604,-8.526512829121202e-12,-590.2398284712302,6,4e34bffdd2dd88657bb7fb55f284cf0521153c917c774c543a2e903a5e5e05ff
61,Risk-Constrained Convex Verifier,Nodal signed linear,2,42,-217.6049756762268,-133.39970971247263,84.20526596375416,96.18724784113022,96.18724784113874,686.4270763123604,-8.526512829121202e-12,-590.2398284712302,6,4e34bffdd2dd88657bb7fb55f284cf0521153c917c774c543a2e903a5e5e05ff
61,Risk-Constrained Convex Verifier,Nodal signed linear,3,80,19.71015263696637,287.0498571191219,267.3397044821555,96.18724784113022,96.18724784113874,686.4270763123604,-8.526512829121202e-12,-590.2398284712302,6,4e34bffdd2dd88657bb7fb55f284cf0521153c917c774c543a2e903a5e5e05ff
61,Risk-Constrained Convex Verifier,Nodal signed linear,4,116,0.0,184.17704797012934,184.17704797012934,96.18724784113022,96.18724784113874,686.4270763123604,-8.526512829121202e-12,-590.2398284712302,6,4e34bffdd2dd88657bb7fb55f284cf0521153c917c774c543a2e903a5e5e05ff
61,Risk-Constrained Convex Verifier,Standalone avoided cost,1,15,293.8570826985924,348.5998809355817,54.7427982369893,95.96225965932899,96.18724784113874,686.4270763123604,-0.22498818180974922,-590.4648166530314,6,4e34bffdd2dd88657bb7fb55f284cf0521153c917c774c543a2e903a5e5e05ff
61,Risk-Constrained Convex Verifier,Standalone avoided cost,2,42,-217.60497567622951,-133.39970971247263,84.20526596375689,95.96225965932899,96.18724784113874,686.4270763123604,-0.22498818180974922,-590.4648166530314,6,4e34bffdd2dd88657bb7fb55f284cf0521153c917c774c543a2e903a5e5e05ff
61,Risk-Constrained Convex Verifier,Standalone avoided cost,3,80,19.710152636966086,287.0498571191219,267.3397044821558,95.96225965932899,96.18724784113874,686.4270763123604,-0.22498818180974922,-590.4648166530314,6,4e34bffdd2dd88657bb7fb55f284cf0521153c917c774c543a2e903a5e5e05ff
61,Risk-Constrained Convex Verifier,Standalone avoided cost,4,116,0.0,184.17704797012934,184.17704797012934,95.96225965932899,96.18724784113874,686.4270763123604,-0.22498818180974922,-590.4648166530314,6,4e34bffdd2dd88657bb7fb55f284cf0521153c917c774c543a2e903a5e5e05ff
61,Risk-Constrained Convex Verifier,Leave-one-out marginal,1,15,294.08207088039853,348.5998809355817,54.51781005518319,96.41223602293758,96.18724784113874,686.4270763123604,0.22498818179883529,-590.0148402894229,6,4e34bffdd2dd88657bb7fb55f284cf0521153c917c774c543a2e903a5e5e05ff
61,Risk-Constrained Convex Verifier,Leave-one-out marginal,2,42,-217.3799874944234,-133.39970971247263,83.98027778195078,96.41223602293758,96.18724784113874,686.4270763123604,0.22498818179883529,-590.0148402894229,6,4e34bffdd2dd88657bb7fb55f284cf0521153c917c774c543a2e903a5e5e05ff
61,Risk-Constrained Convex Verifier,Leave-one-out marginal,3,80,19.710152636962448,287.0498571191219,267.33970448215945,96.41223602293758,96.18724784113874,686.4270763123604,0.22498818179883529,-590.0148402894229,6,4e34bffdd2dd88657bb7fb55f284cf0521153c917c774c543a2e903a5e5e05ff
61,Risk-Constrained Convex Verifier,Leave-one-out marginal,4,116,0.0,184.17704797012934,184.17704797012934,96.41223602293758,96.18724784113874,686.4270763123604,0.22498818179883529,-590.0148402894229,6,4e34bffdd2dd88657bb7fb55f284cf0521153c917c774c543a2e903a5e5e05ff
61,Risk-Constrained Convex Verifier,Exact Shapley net value,1,15,293.9695767894973,348.5998809355817,54.63030414608443,96.18724784113874,96.18724784113874,686.4270763123604,0.0,-590.2398284712217,6,4e34bffdd2dd88657bb7fb55f284cf0521153c917c774c543a2e903a5e5e05ff
61,Risk-Constrained Convex Verifier,Exact Shapley net value,2,42,-217.49248158532464,-133.39970971247263,84.09277187285201,96.18724784113874,96.18724784113874,686.4270763123604,0.0,-590.2398284712217,6,4e34bffdd2dd88657bb7fb55f284cf0521153c917c774c543a2e903a5e5e05ff
61,Risk-Constrained Convex Verifier,Exact Shapley net value,3,80,19.710152636966086,287.0498571191219,267.3397044821558,96.18724784113874,96.18724784113874,686.4270763123604,0.0,-590.2398284712217,6,4e34bffdd2dd88657bb7fb55f284cf0521153c917c774c543a2e903a5e5e05ff
61,Risk-Constrained Convex Verifier,Exact Shapley net value,4,116,0.0,184.17704797012934,184.17704797012934,96.18724784113874,96.18724784113874,686.4270763123604,0.0,-590.2398284712217,6,4e34bffdd2dd88657bb7fb55f284cf0521153c917c774c543a2e903a5e5e05ff
62,Trace-Anchored Reference,Nodal signed linear,1,15,607.8994282565797,608.0788569255461,0.17942866896646592,-6.145524254328715,-6.145524254330667,-6.145524254330657,1.951327988081175e-12,1.9415580254644738e-12,6,4e34bffdd2dd88657bb7fb55f284cf0521153c917c774c543a2e903a5e5e05ff
62,Trace-Anchored Reference,Nodal signed linear,2,42,-614.0449525109092,-614.224381179872,0.17942866896282794,-6.145524254328715,-6.145524254330667,-6.145524254330657,1.951327988081175e-12,1.9415580254644738e-12,6,4e34bffdd2dd88657bb7fb55f284cf0521153c917c774c543a2e903a5e5e05ff
62,Trace-Anchored Reference,Nodal signed linear,3,80,4.758972487431443e-13,0.0,4.758972487431443e-13,-6.145524254328715,-6.145524254330667,-6.145524254330657,1.951327988081175e-12,1.9415580254644738e-12,6,4e34bffdd2dd88657bb7fb55f284cf0521153c917c774c543a2e903a5e5e05ff
62,Trace-Anchored Reference,Nodal signed linear,4,116,3.3867773783669753e-13,-4.850638409455617e-12,5.1893161472923145e-12,-6.145524254328715,-6.145524254330667,-6.145524254330657,1.951327988081175e-12,1.9415580254644738e-12,6,4e34bffdd2dd88657bb7fb55f284cf0521153c917c774c543a2e903a5e5e05ff
62,Trace-Anchored Reference,Standalone avoided cost,1,15,607.8994282565836,608.0788569255461,0.17942866896248688,-6.504381592258142,-6.145524254330667,-6.145524254330657,-0.3588573379274749,-0.35885733792748464,6,4e34bffdd2dd88657bb7fb55f284cf0521153c917c774c543a2e903a5e5e05ff
62,Trace-Anchored Reference,Standalone avoided cost,2,42,-614.4038098488345,-614.224381179872,0.17942866896248688,-6.504381592258142,-6.145524254330667,-6.145524254330657,-0.3588573379274749,-0.35885733792748464,6,4e34bffdd2dd88657bb7fb55f284cf0521153c917c774c543a2e903a5e5e05ff
62,Trace-Anchored Reference,Standalone avoided cost,3,80,0.0,0.0,0.0,-6.504381592258142,-6.145524254330667,-6.145524254330657,-0.3588573379274749,-0.35885733792748464,6,4e34bffdd2dd88657bb7fb55f284cf0521153c917c774c543a2e903a5e5e05ff
62,Trace-Anchored Reference,Standalone avoided cost,4,116,-7.275957614183426e-12,-4.850638409455617e-12,2.425319204727809e-12,-6.504381592258142,-6.145524254330667,-6.145524254330657,-0.3588573379274749,-0.35885733792748464,6,4e34bffdd2dd88657bb7fb55f284cf0521153c917c774c543a2e903a5e5e05ff
62,Trace-Anchored Reference,Leave-one-out marginal,1,15,608.2582855945038,608.0788569255461,0.17942866895771203,-5.786666916417744,-6.145524254330667,-6.145524254330657,0.35885733791292296,0.3588573379129132,6,4e34bffdd2dd88657bb7fb55f284cf0521153c917c774c543a2e903a5e5e05ff
62,Trace-Anchored Reference,Leave-one-out marginal,2,42,-614.0449525109143,-614.224381179872,0.17942866895771203,-5.786666916417744,-6.145524254330667,-6.145524254330657,0.35885733791292296,0.3588573379129132,6,4e34bffdd2dd88657bb7fb55f284cf0521153c917c774c543a2e903a5e5e05ff
62,Trace-Anchored Reference,Leave-one-out marginal,3,80,0.0,0.0,0.0,-5.786666916417744,-6.145524254330667,-6.145524254330657,0.35885733791292296,0.3588573379129132,6,4e34bffdd2dd88657bb7fb55f284cf0521153c917c774c543a2e903a5e5e05ff
62,Trace-Anchored Reference,Leave-one-out marginal,4,116,-7.275957614183426e-12,-4.850638409455617e-12,2.425319204727809e-12,-5.786666916417744,-6.145524254330667,-6.145524254330657,0.35885733791292296,0.3588573379129132,6,4e34bffdd2dd88657bb7fb55f284cf0521153c917c774c543a2e903a5e5e05ff
62,Trace-Anchored Reference,Exact Shapley net value,1,15,608.0788569255461,608.0788569255461,0.0,-6.145524254330742,-6.145524254330667,-6.145524254330657,-7.549516567451064e-14,-8.526512829121202e-14,6,4e34bffdd2dd88657bb7fb55f284cf0521153c917c774c543a2e903a5e5e05ff
62,Trace-Anchored Reference,Exact Shapley net value,2,42,-614.224381179872,-614.224381179872,0.0,-6.145524254330742,-6.145524254330667,-6.145524254330657,-7.549516567451064e-14,-8.526512829121202e-14,6,4e34bffdd2dd88657bb7fb55f284cf0521153c917c774c543a2e903a5e5e05ff
62,Trace-Anchored Reference,Exact Shapley net value,3,80,0.0,0.0,0.0,-6.145524254330742,-6.145524254330667,-6.145524254330657,-7.549516567451064e-14,-8.526512829121202e-14,6,4e34bffdd2dd88657bb7fb55f284cf0521153c917c774c543a2e903a5e5e05ff
62,Trace-Anchored Reference,Exact Shapley net value,4,116,-4.850638409455617e-12,-4.850638409455617e-12,0.0,-6.145524254330742,-6.145524254330667,-6.145524254330657,-7.549516567451064e-14,-8.526512829121202e-14,6,4e34bffdd2dd88657bb7fb55f284cf0521153c917c774c543a2e903a5e5e05ff
62,Risk-Constrained Convex Verifier,Nodal signed linear,1,15,607.8994282565784,608.0788569255461,0.17942866896771648,-6.145524254330894,-6.145524254323391,-6.145524254330657,-7.503331289626658e-12,-2.3714363805993344e-13,6,4e34bffdd2dd88657bb7fb55f284cf0521153c917c774c543a2e903a5e5e05ff
62,Risk-Constrained Convex Verifier,Nodal signed linear,2,42,-614.0449525109093,-614.224381179872,0.17942866896271426,-6.145524254330894,-6.145524254323391,-6.145524254330657,-7.503331289626658e-12,-2.3714363805993344e-13,6,4e34bffdd2dd88657bb7fb55f284cf0521153c917c774c543a2e903a5e5e05ff
62,Risk-Constrained Convex Verifier,Nodal signed linear,3,80,0.0,0.0,0.0,-6.145524254330894,-6.145524254323391,-6.145524254330657,-7.503331289626658e-12,-2.3714363805993344e-13,6,4e34bffdd2dd88657bb7fb55f284cf0521153c917c774c543a2e903a5e5e05ff
62,Risk-Constrained Convex Verifier,Nodal signed linear,4,116,0.0,-4.850638409455617e-12,4.850638409455617e-12,-6.145524254330894,-6.145524254323391,-6.145524254330657,-7.503331289626658e-12,-2.3714363805993344e-13,6,4e34bffdd2dd88657bb7fb55f284cf0521153c917c774c543a2e903a5e5e05ff
62,Risk-Constrained Convex Verifier,Standalone avoided cost,1,15,607.8994282565909,608.0788569255461,0.17942866895521092,-6.504381592236314,-6.145524254323391,-6.145524254330657,-0.35885733791292296,-0.35885733790565677,6,4e34bffdd2dd88657bb7fb55f284cf0521153c917c774c543a2e903a5e5e05ff
62,Risk-Constrained Convex Verifier,Standalone avoided cost,2,42,-614.4038098488272,-614.224381179872,0.17942866895521092,-6.504381592236314,-6.145524254323391,-6.145524254330657,-0.35885733791292296,-0.35885733790565677,6,4e34bffdd2dd88657bb7fb55f284cf0521153c917c774c543a2e903a5e5e05ff
62,Risk-Constrained Convex Verifier,Standalone avoided cost,3,80,0.0,0.0,0.0,-6.504381592236314,-6.145524254323391,-6.145524254330657,-0.35885733791292296,-0.35885733790565677,6,4e34bffdd2dd88657bb7fb55f284cf0521153c917c774c543a2e903a5e5e05ff
62,Risk-Constrained Convex Verifier,Standalone avoided cost,4,116,0.0,-4.850638409455617e-12,4.850638409455617e-12,-6.504381592236314,-6.145524254323391,-6.145524254330657,-0.35885733791292296,-0.35885733790565677,6,4e34bffdd2dd88657bb7fb55f284cf0521153c917c774c543a2e903a5e5e05ff
62,Risk-Constrained Convex Verifier,Leave-one-out marginal,1,15,608.2582855945038,608.0788569255461,0.17942866895771203,-5.786666916410468,-6.145524254323391,-6.145524254330657,0.35885733791292296,0.35885733792018915,6,4e34bffdd2dd88657bb7fb55f284cf0521153c917c774c543a2e903a5e5e05ff
62,Risk-Constrained Convex Verifier,Leave-one-out marginal,2,42,-614.0449525109143,-614.224381179872,0.17942866895771203,-5.786666916410468,-6.145524254323391,-6.145524254330657,0.35885733791292296,0.35885733792018915,6,4e34bffdd2dd88657bb7fb55f284cf0521153c917c774c543a2e903a5e5e05ff
62,Risk-Constrained Convex Verifier,Leave-one-out marginal,3,80,0.0,0.0,0.0,-5.786666916410468,-6.145524254323391,-6.145524254330657,0.35885733791292296,0.35885733792018915,6,4e34bffdd2dd88657bb7fb55f284cf0521153c917c774c543a2e903a5e5e05ff
62,Risk-Constrained Convex Verifier,Leave-one-out marginal,4,116,0.0,-4.850638409455617e-12,4.850638409455617e-12,-5.786666916410468,-6.145524254323391,-6.145524254330657,0.35885733791292296,0.35885733792018915,6,4e34bffdd2dd88657bb7fb55f284cf0521153c917c774c543a2e903a5e5e05ff
62,Risk-Constrained Convex Verifier,Exact Shapley net value,1,15,608.0788569255474,608.0788569255461,1.2505552149377763e-12,-6.145524254323391,-6.145524254323391,-6.145524254330657,0.0,7.2661876515667245e-12,6,4e34bffdd2dd88657bb7fb55f284cf0521153c917c774c543a2e903a5e5e05ff
62,Risk-Constrained Convex Verifier,Exact Shapley net value,2,42,-614.2243811798708,-614.224381179872,1.2505552149377763e-12,-6.145524254323391,-6.145524254323391,-6.145524254330657,0.0,7.2661876515667245e-12,6,4e34bffdd2dd88657bb7fb55f284cf0521153c917c774c543a2e903a5e5e05ff
62,Risk-Constrained Convex Verifier,Exact Shapley net value,3,80,0.0,0.0,0.0,-6.145524254323391,-6.145524254323391,-6.145524254330657,0.0,7.2661876515667245e-12,6,4e34bffdd2dd88657bb7fb55f284cf0521153c917c774c543a2e903a5e5e05ff
62,Risk-Constrained Convex Verifier,Exact Shapley net value,4,116,0.0,-4.850638409455617e-12,4.850638409455617e-12,-6.145524254323391,-6.145524254323391,-6.145524254330657,0.0,7.2661876515667245e-12,6,4e34bffdd2dd88657bb7fb55f284cf0521153c917c774c543a2e903a5e5e05ff
63,Trace-Anchored Reference,Nodal signed linear,1,15,812.8939543088724,813.119472458807,0.22551814993460084,814.7769721347242,814.4527900206303,814.4527900206302,0.32418211409390096,0.32418211409401465,6,4e34bffdd2dd88657bb7fb55f284cf0521153c917c774c543a2e903a5e5e05ff
63,Trace-Anchored Reference,Nodal signed linear,2,42,-253.72733322829706,-254.0590487611977,0.33171553290063116,814.7769721347242,814.4527900206303,814.4527900206302,0.32418211409390096,0.32418211409401465,6,4e34bffdd2dd88657bb7fb55f284cf0521153c917c774c543a2e903a5e5e05ff
63,Trace-Anchored Reference,Nodal signed linear,3,80,-1.7888512195082171,-1.926769240952197,0.1379180214439799,814.7769721347242,814.4527900206303,814.4527900206302,0.32418211409390096,0.32418211409401465,6,4e34bffdd2dd88657bb7fb55f284cf0521153c917c774c543a2e903a5e5e05ff
63,Trace-Anchored Reference,Nodal signed linear,4,116,257.39920227365724,257.31913556397313,0.0800667096841039,814.7769721347242,814.4527900206303,814.4527900206302,0.32418211409390096,0.32418211409401465,6,4e34bffdd2dd88657bb7fb55f284cf0521153c917c774c543a2e903a5e5e05ff
63,Trace-Anchored Reference,Standalone avoided cost,1,15,812.8939543088745,813.119472458807,0.2255181499324408,814.1955796003604,814.4527900206303,814.4527900206302,-0.25721042026998475,-0.25721042026987107,6,4e34bffdd2dd88657bb7fb55f284cf0521153c917c774c543a2e903a5e5e05ff
63,Trace-Anchored Reference,Standalone avoided cost,2,42,-254.30872576266484,-254.0590487611977,0.24967700146714833,814.1955796003604,814.4527900206303,814.4527900206302,-0.25721042026998475,-0.25721042026987107,6,4e34bffdd2dd88657bb7fb55f284cf0521153c917c774c543a2e903a5e5e05ff
63,Trace-Anchored Reference,Standalone avoided cost,3,80,-1.7888512195131625,-1.926769240952197,0.13791802143903453,814.1955796003604,814.4527900206303,814.4527900206302,-0.25721042026998475,-0.25721042026987107,6,4e34bffdd2dd88657bb7fb55f284cf0521153c917c774c543a2e903a5e5e05ff
63,Trace-Anchored Reference,Standalone avoided cost,4,116,257.39920227366383,257.31913556397313,0.08006670969069773,814.1955796003604,814.4527900206303,814.4527900206302,-0.25721042026998475,-0.25721042026987107,6,4e34bffdd2dd88657bb7fb55f284cf0521153c917c774c543a2e903a5e5e05ff
63,Trace-Anchored Reference,Leave-one-out marginal,1,15,813.4865267736568,813.119472458807,0.3670543148498382,814.3969982572271,814.4527900206303,814.4527900206302,-0.055791763403249206,-0.05579176340313552,6,4e34bffdd2dd88657bb7fb55f284cf0521153c917c774c543a2e903a5e5e05ff
63,Trace-Anchored Reference,Leave-one-out marginal,2,42,-254.05151534239485,-254.0590487611977,0.007533418802836422,814.3969982572271,814.4527900206303,814.4527900206302,-0.055791763403249206,-0.05579176340313552,6,4e34bffdd2dd88657bb7fb55f284cf0521153c917c774c543a2e903a5e5e05ff
63,Trace-Anchored Reference,Leave-one-out marginal,3,80,-2.1130333336077456,-1.926769240952197,0.18626409265554855,814.3969982572271,814.4527900206303,814.4527900206302,-0.055791763403249206,-0.05579176340313552,6,4e34bffdd2dd88657bb7fb55f284cf0521153c917c774c543a2e903a5e5e05ff
63,Trace-Anchored Reference,Leave-one-out marginal,4,116,257.0750201595729,257.31913556397313,0.24411540440024737,814.3969982572271,814.4527900206303,814.4527900206302,-0.055791763403249206,-0.05579176340313552,6,4e34bffdd2dd88657bb7fb55f284cf0521153c917c774c543a2e903a5e5e05ff
63,Trace-Anchored Reference,Exact Shapley net value,1,15,813.119472458807,813.119472458807,0.0,814.4527900206301,814.4527900206303,814.4527900206302,-2.2737367544323206e-13,-1.1368683772161603e-13,6,4e34bffdd2dd88657bb7fb55f284cf0521153c917c774c543a2e903a5e5e05ff
63,Trace-Anchored Reference,Exact Shapley net value,2,42,-254.0590487611977,-254.0590487611977,0.0,814.4527900206301,814.4527900206303,814.4527900206302,-2.2737367544323206e-13,-1.1368683772161603e-13,6,4e34bffdd2dd88657bb7fb55f284cf0521153c917c774c543a2e903a5e5e05ff
63,Trace-Anchored Reference,Exact Shapley net value,3,80,-1.926769240952197,-1.926769240952197,0.0,814.4527900206301,814.4527900206303,814.4527900206302,-2.2737367544323206e-13,-1.1368683772161603e-13,6,4e34bffdd2dd88657bb7fb55f284cf0521153c917c774c543a2e903a5e5e05ff
63,Trace-Anchored Reference,Exact Shapley net value,4,116,257.31913556397313,257.31913556397313,0.0,814.4527900206301,814.4527900206303,814.4527900206302,-2.2737367544323206e-13,-1.1368683772161603e-13,6,4e34bffdd2dd88657bb7fb55f284cf0521153c917c774c543a2e903a5e5e05ff
63,Risk-Constrained Convex Verifier,Nodal signed linear,1,15,582.8102191671956,813.119472458807,230.3092532916114,55.604946326419764,55.60494632641712,814.4527900206302,2.6432189770275727e-12,-758.8478436942105,6,4e34bffdd2dd88657bb7fb55f284cf0521153c917c774c543a2e903a5e5e05ff
63,Risk-Constrained Convex Verifier,Nodal signed linear,2,42,-527.2151593326668,-254.0590487611977,273.15611057146907,55.604946326419764,55.60494632641712,814.4527900206302,2.6432189770275727e-12,-758.8478436942105,6,4e34bffdd2dd88657bb7fb55f284cf0521153c917c774c543a2e903a5e5e05ff
63,Risk-Constrained Convex Verifier,Nodal signed linear,3,80,0.0,-1.926769240952197,1.926769240952197,55.604946326419764,55.60494632641712,814.4527900206302,2.6432189770275727e-12,-758.8478436942105,6,4e34bffdd2dd88657bb7fb55f284cf0521153c917c774c543a2e903a5e5e05ff
63,Risk-Constrained Convex Verifier,Nodal signed linear,4,116,0.00988649189096974,257.31913556397313,257.30924907208214,55.604946326419764,55.60494632641712,814.4527900206302,2.6432189770275727e-12,-758.8478436942105,6,4e34bffdd2dd88657bb7fb55f284cf0521153c917c774c543a2e903a5e5e05ff
63,Risk-Constrained Convex Verifier,Standalone avoided cost,1,15,582.311591198144,813.119472458807,230.80788126066295,53.856431900196185,55.60494632641712,814.4527900206302,-1.748514426220936,-760.596358120434,6,4e34bffdd2dd88657bb7fb55f284cf0521153c917c774c543a2e903a5e5e05ff
63,Risk-Constrained Convex Verifier,Standalone avoided cost,2,42,-528.4650457898388,-254.0590487611977,274.4059970286411,53.856431900196185,55.60494632641712,814.4527900206302,-1.748514426220936,-760.596358120434,6,4e34bffdd2dd88657bb7fb55f284cf0521153c917c774c543a2e903a5e5e05ff
63,Risk-Constrained Convex Verifier,Standalone avoided cost,3,80,0.0,-1.926769240952197,1.926769240952197,53.856431900196185,55.60494632641712,814.4527900206302,-1.748514426220936,-760.596358120434,6,4e34bffdd2dd88657bb7fb55f284cf0521153c917c774c543a2e903a5e5e05ff
63,Risk-Constrained Convex Verifier,Standalone avoided cost,4,116,0.009886491890938487,257.31913556397313,257.3092490720822,53.856431900196185,55.60494632641712,814.4527900206302,-1.748514426220936,-760.596358120434,6,4e34bffdd2dd88657bb7fb55f284cf0521153c917c774c543a2e903a5e5e05ff
63,Risk-Constrained Convex Verifier,Leave-one-out marginal,1,15,584.060105624365,813.119472458807,229.05936683444202,57.35346075264533,55.60494632641712,814.4527900206302,1.748514426228212,-757.0993292679849,6,4e34bffdd2dd88657bb7fb55f284cf0521153c917c774c543a2e903a5e5e05ff
63,Risk-Constrained Convex Verifier,Leave-one-out marginal,2,42,-526.7165313636215,-254.0590487611977,272.6574826024238,57.35346075264533,55.60494632641712,814.4527900206302,1.748514426228212,-757.0993292679849,6,4e34bffdd2dd88657bb7fb55f284cf0521153c917c774c543a2e903a5e5e05ff
63,Risk-Constrained Convex Verifier,Leave-one-out marginal,3,80,0.0,-1.926769240952197,1.926769240952197,57.35346075264533,55.60494632641712,814.4527900206302,1.748514426228212,-757.0993292679849,6,4e34bffdd2dd88657bb7fb55f284cf0521153c917c774c543a2e903a5e5e05ff
63,Risk-Constrained Convex Verifier,Leave-one-out marginal,4,116,0.009886491901852423,257.31913556397313,257.3092490720713,57.35346075264533,55.60494632641712,814.4527900206302,1.748514426228212,-757.0993292679849,6,4e34bffdd2dd88657bb7fb55f284cf0521153c917c774c543a2e903a5e5e05ff
63,Risk-Constrained Convex Verifier,Exact Shapley net value,1,15,583.1858484112532,813.119472458807,229.93362404755374,55.604946326417156,55.60494632641712,814.4527900206302,3.552713678800501e-14,-758.8478436942131,6,4e34bffdd2dd88657bb7fb55f284cf0521153c917c774c543a2e903a5e5e05ff
63,Risk-Constrained Convex Verifier,Exact Shapley net value,2,42,-527.5907885767313,-254.0590487611977,273.53173981553357,55.604946326417156,55.60494632641712,814.4527900206302,3.552713678800501e-14,-758.8478436942131,6,4e34bffdd2dd88657bb7fb55f284cf0521153c917c774c543a2e903a5e5e05ff
63,Risk-Constrained Convex Verifier,Exact Shapley net value,3,80,0.0,-1.926769240952197,1.926769240952197,55.604946326417156,55.60494632641712,814.4527900206302,3.552713678800501e-14,-758.8478436942131,6,4e34bffdd2dd88657bb7fb55f284cf0521153c917c774c543a2e903a5e5e05ff
63,Risk-Constrained Convex Verifier,Exact Shapley net value,4,116,0.00988649189518287,257.31913556397313,257.30924907207793,55.604946326417156,55.60494632641712,814.4527900206302,3.552713678800501e-14,-758.8478436942131,6,4e34bffdd2dd88657bb7fb55f284cf0521153c917c774c543a2e903a5e5e05ff
64,Trace-Anchored Reference,Nodal signed linear,1,15,775.2476578485513,777.5948580053439,2.34720015679261,392.7995537500897,391.63397969009384,391.63397969009384,1.1655740599958335,1.1655740599958335,6,4e34bffdd2dd88657bb7fb55f284cf0521153c917c774c543a2e903a5e5e05ff
64,Trace-Anchored Reference,Nodal signed linear,2,42,-644.4831916900553,-648.0775310186527,3.5943393285974707,392.7995537500897,391.63397969009384,391.63397969009384,1.1655740599958335,1.1655740599958335,6,4e34bffdd2dd88657bb7fb55f284cf0521153c917c774c543a2e903a5e5e05ff
64,Trace-Anchored Reference,Nodal signed linear,3,80,138.77391646262544,138.82077448037546,0.04685801775002574,392.7995537500897,391.63397969009384,391.63397969009384,1.1655740599958335,1.1655740599958335,6,4e34bffdd2dd88657bb7fb55f284cf0521153c917c774c543a2e903a5e5e05ff
64,Trace-Anchored Reference,Nodal signed linear,4,116,123.26117112896824,123.2958782230271,0.03470709405885941,392.7995537500897,391.63397969009384,391.63397969009384,1.1655740599958335,1.1655740599958335,6,4e34bffdd2dd88657bb7fb55f284cf0521153c917c774c543a2e903a5e5e05ff
64,Trace-Anchored Reference,Standalone avoided cost,1,15,774.0772630312604,777.5948580053439,3.517594974083522,383.9971167897129,391.63397969009384,391.63397969009384,-7.636862900380947,-7.636862900380947,6,4e34bffdd2dd88657bb7fb55f284cf0521153c917c774c543a2e903a5e5e05ff
64,Trace-Anchored Reference,Standalone avoided cost,2,42,-652.0627953222975,-648.0775310186527,3.985264303644726,383.9971167897129,391.63397969009384,391.63397969009384,-7.636862900380947,-7.636862900380947,6,4e34bffdd2dd88657bb7fb55f284cf0521153c917c774c543a2e903a5e5e05ff
64,Trace-Anchored Reference,Standalone avoided cost,3,80,138.76222872658036,138.82077448037546,0.05854575379510152,383.9971167897129,391.63397969009384,391.63397969009384,-7.636862900380947,-7.636862900380947,6,4e34bffdd2dd88657bb7fb55f284cf0521153c917c774c543a2e903a5e5e05ff
64,Trace-Anchored Reference,Standalone avoided cost,4,116,123.22042035416962,123.2958782230271,0.07545786885748385,383.9971167897129,391.63397969009384,391.63397969009384,-7.636862900380947,-7.636862900380947,6,4e34bffdd2dd88657bb7fb55f284cf0521153c917c774c543a2e903a5e5e05ff
64,Trace-Anchored Reference,Leave-one-out marginal,1,15,780.9153465447562,777.5948580053439,3.320488539412281,398.7136631045141,391.63397969009384,391.63397969009384,7.079683414420288,7.079683414420288,6,4e34bffdd2dd88657bb7fb55f284cf0521153c917c774c543a2e903a5e5e05ff
64,Trace-Anchored Reference,Leave-one-out marginal,2,42,-644.2893731496843,-648.0775310186527,3.788157868968483,398.7136631045141,391.63397969009384,391.63397969009384,7.079683414420288,7.079683414420288,6,4e34bffdd2dd88657bb7fb55f284cf0521153c917c774c543a2e903a5e5e05ff
64,Trace-Anchored Reference,Leave-one-out marginal,3,80,138.81567346091833,138.82077448037546,0.005101019457129041,398.7136631045141,391.63397969009384,391.63397969009384,7.079683414420288,7.079683414420288,6,4e34bffdd2dd88657bb7fb55f284cf0521153c917c774c543a2e903a5e5e05ff
64,Trace-Anchored Reference,Leave-one-out marginal,4,116,123.27201624852387,123.2958782230271,0.023861974503233796,398.7136631045141,391.63397969009384,391.63397969009384,7.079683414420288,7.079683414420288,6,4e34bffdd2dd88657bb7fb55f284cf0521153c917c774c543a2e903a5e5e05ff
64,Trace-Anchored Reference,Exact Shapley net value,1,15,777.5948580053439,777.5948580053439,0.0,391.6339796900937,391.63397969009384,391.63397969009384,-1.1368683772161603e-13,-1.1368683772161603e-13,6,4e34bffdd2dd88657bb7fb55f284cf0521153c917c774c543a2e903a5e5e05ff
64,Trace-Anchored Reference,Exact Shapley net value,2,42,-648.0775310186527,-648.0775310186527,0.0,391.6339796900937,391.63397969009384,391.63397969009384,-1.1368683772161603e-13,-1.1368683772161603e-13,6,4e34bffdd2dd88657bb7fb55f284cf0521153c917c774c543a2e903a5e5e05ff
64,Trace-Anchored Reference,Exact Shapley net value,3,80,138.82077448037546,138.82077448037546,0.0,391.6339796900937,391.63397969009384,391.63397969009384,-1.1368683772161603e-13,-1.1368683772161603e-13,6,4e34bffdd2dd88657bb7fb55f284cf0521153c917c774c543a2e903a5e5e05ff
64,Trace-Anchored Reference,Exact Shapley net value,4,116,123.2958782230271,123.2958782230271,0.0,391.6339796900937,391.63397969009384,391.63397969009384,-1.1368683772161603e-13,-1.1368683772161603e-13,6,4e34bffdd2dd88657bb7fb55f284cf0521153c917c774c543a2e903a5e5e05ff
64,Risk-Constrained Convex Verifier,Nodal signed linear,1,15,717.8488686617436,777.5948580053439,59.745989343600286,-6.687129136040767,-7.0108960157194815,391.63397969009384,0.32376687967871476,-398.3211088261346,6,4e34bffdd2dd88657bb7fb55f284cf0521153c917c774c543a2e903a5e5e05ff
64,Risk-Constrained Convex Verifier,Nodal signed linear,2,42,-724.5359977977844,-648.0775310186527,76.45846677913164,-6.687129136040767,-7.0108960157194815,391.63397969009384,0.32376687967871476,-398.3211088261346,6,4e34bffdd2dd88657bb7fb55f284cf0521153c917c774c543a2e903a5e5e05ff
64,Risk-Constrained Convex Verifier,Nodal signed linear,3,80,0.0,138.82077448037546,138.82077448037546,-6.687129136040767,-7.0108960157194815,391.63397969009384,0.32376687967871476,-398.3211088261346,6,4e34bffdd2dd88657bb7fb55f284cf0521153c917c774c543a2e903a5e5e05ff
64,Risk-Constrained Convex Verifier,Nodal signed linear,4,116,0.0,123.2958782230271,123.2958782230271,-6.687129136040767,-7.0108960157194815,391.63397969009384,0.32376687967871476,-398.3211088261346,6,4e34bffdd2dd88657bb7fb55f284cf0521153c917c774c543a2e903a5e5e05ff
64,Risk-Constrained Convex Verifier,Standalone avoided cost,1,15,716.155056626696,777.5948580053439,61.43980137864787,-15.893365458970948,-7.0108960157194815,391.63397969009384,-8.882469443251466,-407.5273451490648,6,4e34bffdd2dd88657bb7fb55f284cf0521153c917c774c543a2e903a5e5e05ff
64,Risk-Constrained Convex Verifier,Standalone avoided cost,2,42,-732.048422085667,-648.0775310186527,83.97089106701424,-15.893365458970948,-7.0108960157194815,391.63397969009384,-8.882469443251466,-407.5273451490648,6,4e34bffdd2dd88657bb7fb55f284cf0521153c917c774c543a2e903a5e5e05ff
64,Risk-Constrained Convex Verifier,Standalone avoided cost,3,80,0.0,138.82077448037546,138.82077448037546,-15.893365458970948,-7.0108960157194815,391.63397969009384,-8.882469443251466,-407.5273451490648,6,4e34bffdd2dd88657bb7fb55f284cf0521153c917c774c543a2e903a5e5e05ff
64,Risk-Constrained Convex Verifier,Standalone avoided cost,4,116,0.0,123.2958782230271,123.2958782230271,-15.893365458970948,-7.0108960157194815,391.63397969009384,-8.882469443251466,-407.5273451490648,6,4e34bffdd2dd88657bb7fb55f284cf0521153c917c774c543a2e903a5e5e05ff
64,Risk-Constrained Convex Verifier,Leave-one-out marginal,1,15,725.0375260699475,777.5948580053439,52.557331935396405,1.8715734275319846,-7.0108960157194815,391.63397969009384,8.882469443251466,-389.76240626256185,6,4e34bffdd2dd88657bb7fb55f284cf0521153c917c774c543a2e903a5e5e05ff
64,Risk-Constrained Convex Verifier,Leave-one-out marginal,2,42,-723.1659526424155,-648.0775310186527,75.08842162376277,1.8715734275319846,-7.0108960157194815,391.63397969009384,8.882469443251466,-389.76240626256185,6,4e34bffdd2dd88657bb7fb55f284cf0521153c917c774c543a2e903a5e5e05ff
64,Risk-Constrained Convex Verifier,Leave-one-out marginal,3,80,0.0,138.82077448037546,138.82077448037546,1.8715734275319846,-7.0108960157194815,391.63397969009384,8.882469443251466,-389.76240626256185,6,4e34bffdd2dd88657bb7fb55f284cf0521153c917c774c543a2e903a5e5e05ff
64,Risk-Constrained Convex Verifier,Leave-one-out marginal,4,116,0.0,123.2958782230271,123.2958782230271,1.8715734275319846,-7.0108960157194815,391.63397969009384,8.882469443251466,-389.76240626256185,6,4e34bffdd2dd88657bb7fb55f284cf0521153c917c774c543a2e903a5e5e05ff
64,Risk-Constrained Convex Verifier,Exact Shapley net value,1,15,720.5962913483218,777.5948580053439,56.99856665702214,-7.0108960157194815,-7.0108960157194815,391.63397969009384,0.0,-398.6448757058133,6,4e34bffdd2dd88657bb7fb55f284cf0521153c917c774c543a2e903a5e5e05ff
64,Risk-Constrained Convex Verifier,Exact Shapley net value,2,42,-727.6071873640412,-648.0775310186527,79.5296563453885,-7.0108960157194815,-7.0108960157194815,391.63397969009384,0.0,-398.6448757058133,6,4e34bffdd2dd88657bb7fb55f284cf0521153c917c774c543a2e903a5e5e05ff
64,Risk-Constrained Convex Verifier,Exact Shapley net value,3,80,0.0,138.82077448037546,138.82077448037546,-7.0108960157194815,-7.0108960157194815,391.63397969009384,0.0,-398.6448757058133,6,4e34bffdd2dd88657bb7fb55f284cf0521153c917c774c543a2e903a5e5e05ff
64,Risk-Constrained Convex Verifier,Exact Shapley net value,4,116,0.0,123.2958782230271,123.2958782230271,-7.0108960157194815,-7.0108960157194815,391.63397969009384,0.0,-398.6448757058133,6,4e34bffdd2dd88657bb7fb55f284cf0521153c917c774c543a2e903a5e5e05ff
65,Trace-Anchored Reference,Nodal signed linear,1,15,286.14005666324,283.7672994853477,2.3727571778923107,207.74398600837867,203.09369912281545,203.0936991228155,4.650286885563219,4.650286885563162,6,4e34bffdd2dd88657bb7fb55f284cf0521153c917c774c543a2e903a5e5e05ff
65,Trace-Anchored Reference,Nodal signed linear,2,42,-43.089500861864806,-44.00210508424637,0.9126042223815602,207.74398600837867,203.09369912281545,203.0936991228155,4.650286885563219,4.650286885563162,6,4e34bffdd2dd88657bb7fb55f284cf0521153c917c774c543a2e903a5e5e05ff
65,Trace-Anchored Reference,Nodal signed linear,3,80,-128.34911494396772,-129.09457126705973,0.7454563230920144,207.74398600837867,203.09369912281545,203.0936991228155,4.650286885563219,4.650286885563162,6,4e34bffdd2dd88657bb7fb55f284cf0521153c917c774c543a2e903a5e5e05ff
65,Trace-Anchored Reference,Nodal signed linear,4,116,93.04254515097118,92.42307598877385,0.6194691621973334,207.74398600837867,203.09369912281545,203.0936991228155,4.650286885563219,4.650286885563162,6,4e34bffdd2dd88657bb7fb55f284cf0521153c917c774c543a2e903a5e5e05ff
65,Trace-Anchored Reference,Standalone avoided cost,1,15,284.97970377347883,283.7672994853477,1.2124042881311539,206.23674604396,203.09369912281545,203.0936991228155,3.1430469211445597,3.143046921144503,6,4e34bffdd2dd88657bb7fb55f284cf0521153c917c774c543a2e903a5e5e05ff
65,Trace-Anchored Reference,Standalone avoided cost,2,42,-43.31827147602962,-44.00210508424637,0.6838336082167444,206.23674604396,203.09369912281545,203.0936991228155,3.1430469211445597,3.143046921144503,6,4e34bffdd2dd88657bb7fb55f284cf0521153c917c774c543a2e903a5e5e05ff
65,Trace-Anchored Reference,Standalone avoided cost,3,80,-128.4337743103897,-129.09457126705973,0.6607969566700262,206.23674604396,203.09369912281545,203.0936991228155,3.1430469211445597,3.143046921144503,6,4e34bffdd2dd88657bb7fb55f284cf0521153c917c774c543a2e903a5e5e05ff
65,Trace-Anchored Reference,Standalone avoided cost,4,116,93.00908805690051,92.42307598877385,0.5860120681266636,206.23674604396,203.09369912281545,203.0936991228155,3.1430469211445597,3.143046921144503,6,4e34bffdd2dd88657bb7fb55f284cf0521153c917c774c543a2e903a5e5e05ff
65,Trace-Anchored Reference,Leave-one-out marginal,1,15,282.9226177387536,283.7672994853477,0.8446817465940626,201.03661308807932,203.09369912281545,203.0936991228155,-2.0570860347361304,-2.0570860347361872,6,4e34bffdd2dd88657bb7fb55f284cf0521153c917c774c543a2e903a5e5e05ff
65,Trace-Anchored Reference,Leave-one-out marginal,2,42,-44.42556788422735,-44.00210508424637,0.4234627999809817,201.03661308807932,203.09369912281545,203.0936991228155,-2.0570860347361304,-2.0570860347361872,6,4e34bffdd2dd88657bb7fb55f284cf0521153c917c774c543a2e903a5e5e05ff
65,Trace-Anchored Reference,Leave-one-out marginal,3,80,-129.51790074335076,-129.09457126705973,0.42332947629103046,201.03661308807932,203.09369912281545,203.0936991228155,-2.0570860347361304,-2.0570860347361872,6,4e34bffdd2dd88657bb7fb55f284cf0521153c917c774c543a2e903a5e5e05ff
65,Trace-Anchored Reference,Leave-one-out marginal,4,116,92.05746397690382,92.42307598877385,0.36561201187002723,201.03661308807932,203.09369912281545,203.0936991228155,-2.0570860347361304,-2.0570860347361872,6,4e34bffdd2dd88657bb7fb55f284cf0521153c917c774c543a2e903a5e5e05ff
65,Trace-Anchored Reference,Exact Shapley net value,1,15,283.7672994853477,283.7672994853477,0.0,203.09369912281545,203.09369912281545,203.0936991228155,0.0,-5.684341886080802e-14,6,4e34bffdd2dd88657bb7fb55f284cf0521153c917c774c543a2e903a5e5e05ff
65,Trace-Anchored Reference,Exact Shapley net value,2,42,-44.00210508424637,-44.00210508424637,0.0,203.09369912281545,203.09369912281545,203.0936991228155,0.0,-5.684341886080802e-14,6,4e34bffdd2dd88657bb7fb55f284cf0521153c917c774c543a2e903a5e5e05ff
65,Trace-Anchored Reference,Exact Shapley net value,3,80,-129.09457126705973,-129.09457126705973,0.0,203.09369912281545,203.09369912281545,203.0936991228155,0.0,-5.684341886080802e-14,6,4e34bffdd2dd88657bb7fb55f284cf0521153c917c774c543a2e903a5e5e05ff
65,Trace-Anchored Reference,Exact Shapley net value,4,116,92.42307598877385,92.42307598877385,0.0,203.09369912281545,203.09369912281545,203.0936991228155,0.0,-5.684341886080802e-14,6,4e34bffdd2dd88657bb7fb55f284cf0521153c917c774c543a2e903a5e5e05ff
65,Risk-Constrained Convex Verifier,Nodal signed linear,1,15,103.84614734868828,283.7672994853477,179.9211521366594,2.5502457119269373,2.550245711932803,203.0936991228155,-5.865530283699627e-12,-200.54345341088856,6,4e34bffdd2dd88657bb7fb55f284cf0521153c917c774c543a2e903a5e5e05ff
65,Risk-Constrained Convex Verifier,Nodal signed linear,2,42,-103.9775793839488,-44.00210508424637,59.97547429970243,2.5502457119269373,2.550245711932803,203.0936991228155,-5.865530283699627e-12,-200.54345341088856,6,4e34bffdd2dd88657bb7fb55f284cf0521153c917c774c543a2e903a5e5e05ff
65,Risk-Constrained Convex Verifier,Nodal signed linear,3,80,0.0,-129.09457126705973,129.09457126705973,2.5502457119269373,2.550245711932803,203.0936991228155,-5.865530283699627e-12,-200.54345341088856,6,4e34bffdd2dd88657bb7fb55f284cf0521153c917c774c543a2e903a5e5e05ff
65,Risk-Constrained Convex Verifier,Nodal signed linear,4,116,2.6816777471874538,92.42307598877385,89.7413982415864,2.5502457119269373,2.550245711932803,203.0936991228155,-5.865530283699627e-12,-200.54345341088856,6,4e34bffdd2dd88657bb7fb55f284cf0521153c917c774c543a2e903a5e5e05ff
65,Risk-Constrained Convex Verifier,Standalone avoided cost,1,15,103.84614734869683,283.7672994853477,179.92115213665085,2.550245711936441,2.550245711932803,203.0936991228155,3.637978807091713e-12,-200.54345341087907,6,4e34bffdd2dd88657bb7fb55f284cf0521153c917c774c543a2e903a5e5e05ff
65,Risk-Constrained Convex Verifier,Standalone avoided cost,2,42,-103.97757938394716,-44.00210508424637,59.97547429970079,2.550245711936441,2.550245711932803,203.0936991228155,3.637978807091713e-12,-200.54345341087907,6,4e34bffdd2dd88657bb7fb55f284cf0521153c917c774c543a2e903a5e5e05ff
65,Risk-Constrained Convex Verifier,Standalone avoided cost,3,80,-3.637978807091713e-12,-129.09457126705973,129.0945712670561,2.550245711936441,2.550245711932803,203.0936991228155,3.637978807091713e-12,-200.54345341087907,6,4e34bffdd2dd88657bb7fb55f284cf0521153c917c774c543a2e903a5e5e05ff
65,Risk-Constrained Convex Verifier,Standalone avoided cost,4,116,2.681677747190406,92.42307598877385,89.74139824158344,2.550245711936441,2.550245711932803,203.0936991228155,3.637978807091713e-12,-200.54345341087907,6,4e34bffdd2dd88657bb7fb55f284cf0521153c917c774c543a2e903a5e5e05ff
65,Risk-Constrained Convex Verifier,Leave-one-out marginal,1,15,103.84614734869683,283.7672994853477,179.92115213665085,2.550245711936441,2.550245711932803,203.0936991228155,3.637978807091713e-12,-200.54345341087907,6,4e34bffdd2dd88657bb7fb55f284cf0521153c917c774c543a2e903a5e5e05ff
65,Risk-Constrained Convex Verifier,Leave-one-out marginal,2,42,-103.9775793839508,-44.00210508424637,59.97547429970443,2.550245711936441,2.550245711932803,203.0936991228155,3.637978807091713e-12,-200.54345341087907,6,4e34bffdd2dd88657bb7fb55f284cf0521153c917c774c543a2e903a5e5e05ff
65,Risk-Constrained Convex Verifier,Leave-one-out marginal,3,80,0.0,-129.09457126705973,129.09457126705973,2.550245711936441,2.550245711932803,203.0936991228155,3.637978807091713e-12,-200.54345341087907,6,4e34bffdd2dd88657bb7fb55f284cf0521153c917c774c543a2e903a5e5e05ff
65,Risk-Constrained Convex Verifier,Leave-one-out marginal,4,116,2.681677747190406,92.42307598877385,89.74139824158344,2.550245711936441,2.550245711932803,203.0936991228155,3.637978807091713e-12,-200.54345341087907,6,4e34bffdd2dd88657bb7fb55f284cf0521153c917c774c543a2e903a5e5e05ff
65,Risk-Constrained Convex Verifier,Exact Shapley net value,1,15,103.84614734869562,283.7672994853477,179.92115213665204,2.550245711932803,2.550245711932803,203.0936991228155,0.0,-200.5434534108827,6,4e34bffdd2dd88657bb7fb55f284cf0521153c917c774c543a2e903a5e5e05ff
65,Risk-Constrained Convex Verifier,Exact Shapley net value,2,42,-103.97757938394898,-44.00210508424637,59.97547429970261,2.550245711932803,2.550245711932803,203.0936991228155,0.0,-200.5434534108827,6,4e34bffdd2dd88657bb7fb55f284cf0521153c917c774c543a2e903a5e5e05ff
65,Risk-Constrained Convex Verifier,Exact Shapley net value,3,80,-3.0340174816956278e-12,-129.09457126705973,129.0945712670567,2.550245711932803,2.550245711932803,203.0936991228155,0.0,-200.5434534108827,6,4e34bffdd2dd88657bb7fb55f284cf0521153c917c774c543a2e903a5e5e05ff
65,Risk-Constrained Convex Verifier,Exact Shapley net value,4,116,2.681677747189191,92.42307598877385,89.74139824158465,2.550245711932803,2.550245711932803,203.0936991228155,0.0,-200.5434534108827,6,4e34bffdd2dd88657bb7fb55f284cf0521153c917c774c543a2e903a5e5e05ff
66,Trace-Anchored Reference,Nodal signed linear,1,15,421.8094492071835,423.09361741049844,1.2841682033149482,188.7954325807405,127.62052915051027,127.62052915051027,61.174903430230245,61.174903430230245,6,4e34bffdd2dd88657bb7fb55f284cf0521153c917c774c543a2e903a5e5e05ff
66,Trace-Anchored Reference,Nodal signed linear,2,42,-359.9180088798138,-415.77246369465814,55.85445481484436,188.7954325807405,127.62052915051027,127.62052915051027,61.174903430230245,61.174903430230245,6,4e34bffdd2dd88657bb7fb55f284cf0521153c917c774c543a2e903a5e5e05ff
66,Trace-Anchored Reference,Nodal signed linear,3,80,6.476136870415431,1.8267725469091545,4.649364323506276,188.7954325807405,127.62052915051027,127.62052915051027,61.174903430230245,61.174903430230245,6,4e34bffdd2dd88657bb7fb55f284cf0521153c917c774c543a2e903a5e5e05ff
66,Trace-Anchored Reference,Nodal signed linear,4,116,120.42785538295536,118.47260288776062,1.9552524951947419,188.7954325807405,127.62052915051027,127.62052915051027,61.174903430230245,61.174903430230245,6,4e34bffdd2dd88657bb7fb55f284cf0521153c917c774c543a2e903a5e5e05ff
66,Trace-Anchored Reference,Standalone avoided cost,1,15,421.80944920718684,423.09361741049844,1.2841682033115944,137.43982423085254,127.62052915051027,127.62052915051027,9.819295080342272,9.819295080342272,6,4e34bffdd2dd88657bb7fb55f284cf0521153c917c774c543a2e903a5e5e05ff
66,Trace-Anchored Reference,Standalone avoided cost,2,42,-411.27361722969,-415.77246369465814,4.498846464968153,137.43982423085254,127.62052915051027,127.62052915051027,9.819295080342272,9.819295080342272,6,4e34bffdd2dd88657bb7fb55f284cf0521153c917c774c543a2e903a5e5e05ff
66,Trace-Anchored Reference,Standalone avoided cost,3,80,6.476136870413029,1.8267725469091545,4.649364323503875,137.43982423085254,127.62052915051027,127.62052915051027,9.819295080342272,9.819295080342272,6,4e34bffdd2dd88657bb7fb55f284cf0521153c917c774c543a2e903a5e5e05ff
66,Trace-Anchored Reference,Standalone avoided cost,4,116,120.42785538294265,118.47260288776062,1.9552524951820374,137.43982423085254,127.62052915051027,127.62052915051027,9.819295080342272,9.819295080342272,6,4e34bffdd2dd88657bb7fb55f284cf0521153c917c774c543a2e903a5e5e05ff
66,Trace-Anchored Reference,Leave-one-out marginal,1,15,424.0626340818635,423.09361741049844,0.9690166713650683,116.09610354664983,127.62052915051027,127.62052915051027,-11.524425603860436,-11.524425603860436,6,4e34bffdd2dd88657bb7fb55f284cf0521153c917c774c543a2e903a5e5e05ff
66,Trace-Anchored Reference,Leave-one-out marginal,2,42,-421.0929123100286,-415.77246369465814,5.320448615370481,116.09610354664983,127.62052915051027,127.62052915051027,-11.524425603860436,-11.524425603860436,6,4e34bffdd2dd88657bb7fb55f284cf0521153c917c774c543a2e903a5e5e05ff
66,Trace-Anchored Reference,Leave-one-out marginal,3,80,-3.1312286185820994,1.8267725469091545,4.958001165491254,116.09610354664983,127.62052915051027,127.62052915051027,-11.524425603860436,-11.524425603860436,6,4e34bffdd2dd88657bb7fb55f284cf0521153c917c774c543a2e903a5e5e05ff
66,Trace-Anchored Reference,Leave-one-out marginal,4,116,116.25761039339704,118.47260288776062,2.214992494363571,116.09610354664983,127.62052915051027,127.62052915051027,-11.524425603860436,-11.524425603860436,6,4e34bffdd2dd88657bb7fb55f284cf0521153c917c774c543a2e903a5e5e05ff
66,Trace-Anchored Reference,Exact Shapley net value,1,15,423.09361741049844,423.09361741049844,0.0,127.62052915051007,127.62052915051027,127.62052915051027,-1.9895196601282805e-13,-1.9895196601282805e-13,6,4e34bffdd2dd88657bb7fb55f284cf0521153c917c774c543a2e903a5e5e05ff
66,Trace-Anchored Reference,Exact Shapley net value,2,42,-415.77246369465814,-415.77246369465814,0.0,127.62052915051007,127.62052915051027,127.62052915051027,-1.9895196601282805e-13,-1.9895196601282805e-13,6,4e34bffdd2dd88657bb7fb55f284cf0521153c917c774c543a2e903a5e5e05ff
66,Trace-Anchored Reference,Exact Shapley net value,3,80,1.8267725469091545,1.8267725469091545,0.0,127.62052915051007,127.62052915051027,127.62052915051027,-1.9895196601282805e-13,-1.9895196601282805e-13,6,4e34bffdd2dd88657bb7fb55f284cf0521153c917c774c543a2e903a5e5e05ff
66,Trace-Anchored Reference,Exact Shapley net value,4,116,118.47260288776062,118.47260288776062,0.0,127.62052915051007,127.62052915051027,127.62052915051027,-1.9895196601282805e-13,-1.9895196601282805e-13,6,4e34bffdd2dd88657bb7fb55f284cf0521153c917c774c543a2e903a5e5e05ff
66,Risk-Constrained Convex Verifier,Nodal signed linear,1,15,387.21593730716563,423.09361741049844,35.87768010333281,-10.18316120024199,-35.512909964039864,127.62052915051027,25.329748763797873,-137.80369035075225,6,4e34bffdd2dd88657bb7fb55f284cf0521153c917c774c543a2e903a5e5e05ff
66,Risk-Constrained Convex Verifier,Nodal signed linear,2,42,-396.2364964084797,-415.77246369465814,19.535967286178447,-10.18316120024199,-35.512909964039864,127.62052915051027,25.329748763797873,-137.80369035075225,6,4e34bffdd2dd88657bb7fb55f284cf0521153c917c774c543a2e903a5e5e05ff
66,Risk-Constrained Convex Verifier,Nodal signed linear,3,80,-0.49987312233199077,1.8267725469091545,2.3266456692411452,-10.18316120024199,-35.512909964039864,127.62052915051027,25.329748763797873,-137.80369035075225,6,4e34bffdd2dd88657bb7fb55f284cf0521153c917c774c543a2e903a5e5e05ff
66,Risk-Constrained Convex Verifier,Nodal signed linear,4,116,-0.6627289765959361,118.47260288776062,119.13533186435654,-10.18316120024199,-35.512909964039864,127.62052915051027,25.329748763797873,-137.80369035075225,6,4e34bffdd2dd88657bb7fb55f284cf0521153c917c774c543a2e903a5e5e05ff
66,Risk-Constrained Convex Verifier,Standalone avoided cost,1,15,387.2159373071736,423.09361741049844,35.87768010332485,-71.91076824454285,-35.512909964039864,127.62052915051027,-36.39785828050299,-199.53129739505312,6,4e34bffdd2dd88657bb7fb55f284cf0521153c917c774c543a2e903a5e5e05ff
66,Risk-Constrained Convex Verifier,Standalone avoided cost,2,42,-457.96410345279946,-415.77246369465814,42.19163975814132,-71.91076824454285,-35.512909964039864,127.62052915051027,-36.39785828050299,-199.53129739505312,6,4e34bffdd2dd88657bb7fb55f284cf0521153c917c774c543a2e903a5e5e05ff
66,Risk-Constrained Convex Verifier,Standalone avoided cost,3,80,-0.49987312233133707,1.8267725469091545,2.3266456692404915,-71.91076824454285,-35.512909964039864,127.62052915051027,-36.39785828050299,-199.53129739505312,6,4e34bffdd2dd88657bb7fb55f284cf0521153c917c774c543a2e903a5e5e05ff
66,Risk-Constrained Convex Verifier,Standalone avoided cost,4,116,-0.6627289765856403,118.47260288776062,119.13533186434626,-71.91076824454285,-35.512909964039864,127.62052915051027,-36.39785828050299,-199.53129739505312,6,4e34bffdd2dd88657bb7fb55f284cf0521153c917c774c543a2e903a5e5e05ff
66,Risk-Constrained Convex Verifier,Leave-one-out marginal,1,15,424.32310973283893,423.09361741049844,1.2294923223404908,0.8849483164740377,-35.512909964039864,127.62052915051027,36.3978582805139,-126.73558083403623,6,4e34bffdd2dd88657bb7fb55f284cf0521153c917c774c543a2e903a5e5e05ff
66,Risk-Constrained Convex Verifier,Leave-one-out marginal,2,42,-421.56624517228556,-415.77246369465814,5.7937814776274195,0.8849483164740377,-35.512909964039864,127.62052915051027,36.3978582805139,-126.73558083403623,6,4e34bffdd2dd88657bb7fb55f284cf0521153c917c774c543a2e903a5e5e05ff
66,Risk-Constrained Convex Verifier,Leave-one-out marginal,3,80,-0.8328252762148622,1.8267725469091545,2.6595978231240167,0.8849483164740377,-35.512909964039864,127.62052915051027,36.3978582805139,-126.73558083403623,6,4e34bffdd2dd88657bb7fb55f284cf0521153c917c774c543a2e903a5e5e05ff
66,Risk-Constrained Convex Verifier,Leave-one-out marginal,4,116,-1.0390909678644675,118.47260288776062,119.51169385562508,0.8849483164740377,-35.512909964039864,127.62052915051027,36.3978582805139,-126.73558083403623,6,4e34bffdd2dd88657bb7fb55f284cf0521153c917c774c543a2e903a5e5e05ff
66,Risk-Constrained Convex Verifier,Exact Shapley net value,1,15,405.769523520005,423.09361741049844,17.32409389049343,-35.51290996403992,-35.512909964039864,127.62052915051027,-5.684341886080802e-14,-163.13343911455019,6,4e34bffdd2dd88657bb7fb55f284cf0521153c917c774c543a2e903a5e5e05ff
66,Risk-Constrained Convex Verifier,Exact Shapley net value,2,42,-439.76517431254314,-415.77246369465814,23.992710617884995,-35.51290996403992,-35.512909964039864,127.62052915051027,-5.684341886080802e-14,-163.13343911455019,6,4e34bffdd2dd88657bb7fb55f284cf0521153c917c774c543a2e903a5e5e05ff
66,Risk-Constrained Convex Verifier,Exact Shapley net value,3,80,-0.6663491992743147,1.8267725469091545,2.493121746183469,-35.51290996403992,-35.512909964039864,127.62052915051027,-5.684341886080802e-14,-163.13343911455019,6,4e34bffdd2dd88657bb7fb55f284cf0521153c917c774c543a2e903a5e5e05ff
66,Risk-Constrained Convex Verifier,Exact Shapley net value,4,116,-0.8509099722274769,118.47260288776062,119.32351285998809,-35.51290996403992,-35.512909964039864,127.62052915051027,-5.684341886080802e-14,-163.13343911455019,6,4e34bffdd2dd88657bb7fb55f284cf0521153c917c774c543a2e903a5e5e05ff
67,Trace-Anchored Reference,Nodal signed linear,1,15,267.51475161449684,266.1605333076289,1.3542183068679492,1015.2088051601776,1010.8036937848592,1010.8036937848592,4.40511137531837,4.40511137531837,6,4e34bffdd2dd88657bb7fb55f284cf0521153c917c774c543a2e903a5e5e05ff
67,Trace-Anchored Reference,Nodal signed linear,2,42,177.23975486323093,175.6116696504711,1.628085212759828,1015.2088051601776,1010.8036937848592,1010.8036937848592,4.40511137531837,4.40511137531837,6,4e34bffdd2dd88657bb7fb55f284cf0521153c917c774c543a2e903a5e5e05ff
67,Trace-Anchored Reference,Nodal signed linear,3,80,254.96565298202086,254.41043395080365,0.5552190312172058,1015.2088051601776,1010.8036937848592,1010.8036937848592,4.40511137531837,4.40511137531837,6,4e34bffdd2dd88657bb7fb55f284cf0521153c917c774c543a2e903a5e5e05ff
67,Trace-Anchored Reference,Nodal signed linear,4,116,315.48864570042895,314.6210568759555,0.8675888244734438,1015.2088051601776,1010.8036937848592,1010.8036937848592,4.40511137531837,4.40511137531837,6,4e34bffdd2dd88657bb7fb55f284cf0521153c917c774c543a2e903a5e5e05ff
67,Trace-Anchored Reference,Standalone avoided cost,1,15,267.5147516145116,266.1605333076289,1.3542183068827285,1015.2088051601786,1010.8036937848592,1010.8036937848592,4.405111375319393,4.405111375319393,6,4e34bffdd2dd88657bb7fb55f284cf0521153c917c774c543a2e903a5e5e05ff
67,Trace-Anchored Reference,Standalone avoided cost,2,42,177.23975486322888,175.6116696504711,1.6280852127577816,1015.2088051601786,1010.8036937848592,1010.8036937848592,4.405111375319393,4.405111375319393,6,4e34bffdd2dd88657bb7fb55f284cf0521153c917c774c543a2e903a5e5e05ff
67,Trace-Anchored Reference,Standalone avoided cost,3,80,254.9656529820204,254.41043395080365,0.5552190312167511,1015.2088051601786,1010.8036937848592,1010.8036937848592,4.405111375319393,4.405111375319393,6,4e34bffdd2dd88657bb7fb55f284cf0521153c917c774c543a2e903a5e5e05ff
67,Trace-Anchored Reference,Standalone avoided cost,4,116,315.4886457004177,314.6210568759555,0.8675888244621888,1015.2088051601786,1010.8036937848592,1010.8036937848592,4.405111375319393,4.405111375319393,6,4e34bffdd2dd88657bb7fb55f284cf0521153c917c774c543a2e903a5e5e05ff
67,Trace-Anchored Reference,Leave-one-out marginal,1,15,264.7163113650313,266.1605333076289,1.4442219425976077,1006.2679472348173,1010.8036937848592,1010.8036937848592,-4.535746550041949,-4.535746550041949,6,4e34bffdd2dd88657bb7fb55f284cf0521153c917c774c543a2e903a5e5e05ff
67,Trace-Anchored Reference,Leave-one-out marginal,2,42,174.05158385298637,175.6116696504711,1.5600857974847315,1006.2679472348173,1010.8036937848592,1010.8036937848592,-4.535746550041949,-4.535746550041949,6,4e34bffdd2dd88657bb7fb55f284cf0521153c917c774c543a2e903a5e5e05ff
67,Trace-Anchored Reference,Leave-one-out marginal,3,80,253.8365876010248,254.41043395080365,0.5738463497788473,1006.2679472348173,1010.8036937848592,1010.8036937848592,-4.535746550041949,-4.535746550041949,6,4e34bffdd2dd88657bb7fb55f284cf0521153c917c774c543a2e903a5e5e05ff
67,Trace-Anchored Reference,Leave-one-out marginal,4,116,313.6634644157748,314.6210568759555,0.957592460180706,1006.2679472348173,1010.8036937848592,1010.8036937848592,-4.535746550041949,-4.535746550041949,6,4e34bffdd2dd88657bb7fb55f284cf0521153c917c774c543a2e903a5e5e05ff
67,Trace-Anchored Reference,Exact Shapley net value,1,15,266.1605333076289,266.1605333076289,0.0,1010.8036937848592,1010.8036937848592,1010.8036937848592,0.0,0.0,6,4e34bffdd2dd88657bb7fb55f284cf0521153c917c774c543a2e903a5e5e05ff
67,Trace-Anchored Reference,Exact Shapley net value,2,42,175.6116696504711,175.6116696504711,0.0,1010.8036937848592,1010.8036937848592,1010.8036937848592,0.0,0.0,6,4e34bffdd2dd88657bb7fb55f284cf0521153c917c774c543a2e903a5e5e05ff
67,Trace-Anchored Reference,Exact Shapley net value,3,80,254.41043395080365,254.41043395080365,0.0,1010.8036937848592,1010.8036937848592,1010.8036937848592,0.0,0.0,6,4e34bffdd2dd88657bb7fb55f284cf0521153c917c774c543a2e903a5e5e05ff
67,Trace-Anchored Reference,Exact Shapley net value,4,116,314.6210568759555,314.6210568759555,0.0,1010.8036937848592,1010.8036937848592,1010.8036937848592,0.0,0.0,6,4e34bffdd2dd88657bb7fb55f284cf0521153c917c774c543a2e903a5e5e05ff
67,Risk-Constrained Convex Verifier,Nodal signed linear,1,15,28.12970814711462,266.1605333076289,238.03082516051427,-0.08374086783967982,-0.08374086784169776,1010.8036937848592,2.0179413695586845e-12,-1010.8874346526989,6,4e34bffdd2dd88657bb7fb55f284cf0521153c917c774c543a2e903a5e5e05ff
67,Risk-Constrained Convex Verifier,Nodal signed linear,2,42,-28.2134490149543,175.6116696504711,203.8251186654254,-0.08374086783967982,-0.08374086784169776,1010.8036937848592,2.0179413695586845e-12,-1010.8874346526989,6,4e34bffdd2dd88657bb7fb55f284cf0521153c917c774c543a2e903a5e5e05ff
67,Risk-Constrained Convex Verifier,Nodal signed linear,3,80,0.0,254.41043395080365,254.41043395080365,-0.08374086783967982,-0.08374086784169776,1010.8036937848592,2.0179413695586845e-12,-1010.8874346526989,6,4e34bffdd2dd88657bb7fb55f284cf0521153c917c774c543a2e903a5e5e05ff
67,Risk-Constrained Convex Verifier,Nodal signed linear,4,116,0.0,314.6210568759555,314.6210568759555,-0.08374086783967982,-0.08374086784169776,1010.8036937848592,2.0179413695586845e-12,-1010.8874346526989,6,4e34bffdd2dd88657bb7fb55f284cf0521153c917c774c543a2e903a5e5e05ff
67,Risk-Constrained Convex Verifier,Standalone avoided cost,1,15,28.12970814710934,266.1605333076289,238.03082516051956,-0.0837408678526117,-0.08374086784169776,1010.8036937848592,-1.0913936421275139e-11,-1010.8874346527118,6,4e34bffdd2dd88657bb7fb55f284cf0521153c917c774c543a2e903a5e5e05ff
67,Risk-Constrained Convex Verifier,Standalone avoided cost,2,42,-28.213449014961952,175.6116696504711,203.82511866543305,-0.0837408678526117,-0.08374086784169776,1010.8036937848592,-1.0913936421275139e-11,-1010.8874346527118,6,4e34bffdd2dd88657bb7fb55f284cf0521153c917c774c543a2e903a5e5e05ff
67,Risk-Constrained Convex Verifier,Standalone avoided cost,3,80,0.0,254.41043395080365,254.41043395080365,-0.0837408678526117,-0.08374086784169776,1010.8036937848592,-1.0913936421275139e-11,-1010.8874346527118,6,4e34bffdd2dd88657bb7fb55f284cf0521153c917c774c543a2e903a5e5e05ff
67,Risk-Constrained Convex Verifier,Standalone avoided cost,4,116,0.0,314.6210568759555,314.6210568759555,-0.0837408678526117,-0.08374086784169776,1010.8036937848592,-1.0913936421275139e-11,-1010.8874346527118,6,4e34bffdd2dd88657bb7fb55f284cf0521153c917c774c543a2e903a5e5e05ff
67,Risk-Constrained Convex Verifier,Leave-one-out marginal,1,15,28.129708147120255,266.1605333076289,238.03082516050864,-0.08374086783078383,-0.08374086784169776,1010.8036937848592,1.0913936421275139e-11,-1010.88743465269,6,4e34bffdd2dd88657bb7fb55f284cf0521153c917c774c543a2e903a5e5e05ff
67,Risk-Constrained Convex Verifier,Leave-one-out marginal,2,42,-28.21344901495104,175.6116696504711,203.82511866542214,-0.08374086783078383,-0.08374086784169776,1010.8036937848592,1.0913936421275139e-11,-1010.88743465269,6,4e34bffdd2dd88657bb7fb55f284cf0521153c917c774c543a2e903a5e5e05ff
67,Risk-Constrained Convex Verifier,Leave-one-out marginal,3,80,0.0,254.41043395080365,254.41043395080365,-0.08374086783078383,-0.08374086784169776,1010.8036937848592,1.0913936421275139e-11,-1010.88743465269,6,4e34bffdd2dd88657bb7fb55f284cf0521153c917c774c543a2e903a5e5e05ff
67,Risk-Constrained Convex Verifier,Leave-one-out marginal,4,116,0.0,314.6210568759555,314.6210568759555,-0.08374086783078383,-0.08374086784169776,1010.8036937848592,1.0913936421275139e-11,-1010.88743465269,6,4e34bffdd2dd88657bb7fb55f284cf0521153c917c774c543a2e903a5e5e05ff
67,Risk-Constrained Convex Verifier,Exact Shapley net value,1,15,28.129708147114798,266.1605333076289,238.0308251605141,-0.08374086784169776,-0.08374086784169776,1010.8036937848592,0.0,-1010.8874346527009,6,4e34bffdd2dd88657bb7fb55f284cf0521153c917c774c543a2e903a5e5e05ff
67,Risk-Constrained Convex Verifier,Exact Shapley net value,2,42,-28.213449014956495,175.6116696504711,203.8251186654276,-0.08374086784169776,-0.08374086784169776,1010.8036937848592,0.0,-1010.8874346527009,6,4e34bffdd2dd88657bb7fb55f284cf0521153c917c774c543a2e903a5e5e05ff
67,Risk-Constrained Convex Verifier,Exact Shapley net value,3,80,0.0,254.41043395080365,254.41043395080365,-0.08374086784169776,-0.08374086784169776,1010.8036937848592,0.0,-1010.8874346527009,6,4e34bffdd2dd88657bb7fb55f284cf0521153c917c774c543a2e903a5e5e05ff
67,Risk-Constrained Convex Verifier,Exact Shapley net value,4,116,0.0,314.6210568759555,314.6210568759555,-0.08374086784169776,-0.08374086784169776,1010.8036937848592,0.0,-1010.8874346527009,6,4e34bffdd2dd88657bb7fb55f284cf0521153c917c774c543a2e903a5e5e05ff
68,Trace-Anchored Reference,Nodal signed linear,1,15,265.07571197568393,265.0757119756869,2.9558577807620168e-12,69.9027957184727,69.90279571845167,69.90279571845167,2.1032064978498966e-11,2.1032064978498966e-11,6,4e34bffdd2dd88657bb7fb55f284cf0521153c917c774c543a2e903a5e5e05ff
68,Trace-Anchored Reference,Nodal signed linear,2,42,-191.48989725200144,-191.48989725201164,1.0203393685515039e-11,69.9027957184727,69.90279571845167,69.90279571845167,2.1032064978498966e-11,2.1032064978498966e-11,6,4e34bffdd2dd88657bb7fb55f284cf0521153c917c774c543a2e903a5e5e05ff
68,Trace-Anchored Reference,Nodal signed linear,3,80,-21.07356808211476,-21.07356808212383,9.070078021977679e-12,69.9027957184727,69.90279571845167,69.90279571845167,2.1032064978498966e-11,2.1032064978498966e-11,6,4e34bffdd2dd88657bb7fb55f284cf0521153c917c774c543a2e903a5e5e05ff
68,Trace-Anchored Reference,Nodal signed linear,4,116,17.390549076904982,17.390549076900236,4.746425474877469e-12,69.9027957184727,69.90279571845167,69.90279571845167,2.1032064978498966e-11,2.1032064978498966e-11,6,4e34bffdd2dd88657bb7fb55f284cf0521153c917c774c543a2e903a5e5e05ff
68,Trace-Anchored Reference,Standalone avoided cost,1,15,265.07571197568905,265.0757119756869,2.1600499167107046e-12,69.90279571845167,69.90279571845167,69.90279571845167,0.0,0.0,6,4e34bffdd2dd88657bb7fb55f284cf0521153c917c774c543a2e903a5e5e05ff
68,Trace-Anchored Reference,Standalone avoided cost,2,42,-191.48989725200954,-191.48989725201164,2.1032064978498966e-12,69.90279571845167,69.90279571845167,69.90279571845167,0.0,0.0,6,4e34bffdd2dd88657bb7fb55f284cf0521153c917c774c543a2e903a5e5e05ff
68,Trace-Anchored Reference,Standalone avoided cost,3,80,-21.073568082127167,-21.07356808212383,3.3359981443936704e-12,69.90279571845167,69.90279571845167,69.90279571845167,0.0,0.0,6,4e34bffdd2dd88657bb7fb55f284cf0521153c917c774c543a2e903a5e5e05ff
68,Trace-Anchored Reference,Standalone avoided cost,4,116,17.390549076899333,17.390549076900236,9.023892744153272e-13,69.90279571845167,69.90279571845167,69.90279571845167,0.0,0.0,6,4e34bffdd2dd88657bb7fb55f284cf0521153c917c774c543a2e903a5e5e05ff
68,Trace-Anchored Reference,Leave-one-out marginal,1,15,265.07571197568177,265.0757119756869,5.115907697472721e-12,69.90279571843348,69.90279571845167,69.90279571845167,-1.8189894035458565e-11,-1.8189894035458565e-11,6,4e34bffdd2dd88657bb7fb55f284cf0521153c917c774c543a2e903a5e5e05ff
68,Trace-Anchored Reference,Leave-one-out marginal,2,42,-191.48989725201682,-191.48989725201164,5.172751116333529e-12,69.90279571843348,69.90279571845167,69.90279571845167,-1.8189894035458565e-11,-1.8189894035458565e-11,6,4e34bffdd2dd88657bb7fb55f284cf0521153c917c774c543a2e903a5e5e05ff
68,Trace-Anchored Reference,Leave-one-out marginal,3,80,-21.073568082127167,-21.07356808212383,3.3359981443936704e-12,69.90279571843348,69.90279571845167,69.90279571845167,-1.8189894035458565e-11,-1.8189894035458565e-11,6,4e34bffdd2dd88657bb7fb55f284cf0521153c917c774c543a2e903a5e5e05ff
68,Trace-Anchored Reference,Leave-one-out marginal,4,116,17.390549076895695,17.390549076900236,4.54036808150704e-12,69.90279571843348,69.90279571845167,69.90279571845167,-1.8189894035458565e-11,-1.8189894035458565e-11,6,4e34bffdd2dd88657bb7fb55f284cf0521153c917c774c543a2e903a5e5e05ff
68,Trace-Anchored Reference,Exact Shapley net value,1,15,265.0757119756869,265.0757119756869,0.0,69.90279571845164,69.90279571845167,69.90279571845167,-2.842170943040401e-14,-2.842170943040401e-14,6,4e34bffdd2dd88657bb7fb55f284cf0521153c917c774c543a2e903a5e5e05ff
68,Trace-Anchored Reference,Exact Shapley net value,2,42,-191.48989725201164,-191.48989725201164,0.0,69.90279571845164,69.90279571845167,69.90279571845167,-2.842170943040401e-14,-2.842170943040401e-14,6,4e34bffdd2dd88657bb7fb55f284cf0521153c917c774c543a2e903a5e5e05ff
68,Trace-Anchored Reference,Exact Shapley net value,3,80,-21.07356808212383,-21.07356808212383,0.0,69.90279571845164,69.90279571845167,69.90279571845167,-2.842170943040401e-14,-2.842170943040401e-14,6,4e34bffdd2dd88657bb7fb55f284cf0521153c917c774c543a2e903a5e5e05ff
68,Trace-Anchored Reference,Exact Shapley net value,4,116,17.390549076900236,17.390549076900236,0.0,69.90279571845164,69.90279571845167,69.90279571845167,-2.842170943040401e-14,-2.842170943040401e-14,6,4e34bffdd2dd88657bb7fb55f284cf0521153c917c774c543a2e903a5e5e05ff
68,Risk-Constrained Convex Verifier,Nodal signed linear,1,15,237.77453390956106,265.0757119756869,27.30117806612583,-1.5663421950197112,-1.5663421950266638,69.90279571845167,6.95266066941258e-12,-71.46913791347139,6,4e34bffdd2dd88657bb7fb55f284cf0521153c917c774c543a2e903a5e5e05ff
68,Risk-Constrained Convex Verifier,Nodal signed linear,2,42,-239.01783446728672,-191.48989725201164,47.527937215275074,-1.5663421950197112,-1.5663421950266638,69.90279571845167,6.95266066941258e-12,-71.46913791347139,6,4e34bffdd2dd88657bb7fb55f284cf0521153c917c774c543a2e903a5e5e05ff
68,Risk-Constrained Convex Verifier,Nodal signed linear,3,80,0.0,-21.07356808212383,21.07356808212383,-1.5663421950197112,-1.5663421950266638,69.90279571845167,6.95266066941258e-12,-71.46913791347139,6,4e34bffdd2dd88657bb7fb55f284cf0521153c917c774c543a2e903a5e5e05ff
68,Risk-Constrained Convex Verifier,Nodal signed linear,4,116,-0.32304163729405033,17.390549076900236,17.713590714194286,-1.5663421950197112,-1.5663421950266638,69.90279571845167,6.95266066941258e-12,-71.46913791347139,6,4e34bffdd2dd88657bb7fb55f284cf0521153c917c774c543a2e903a5e5e05ff
68,Risk-Constrained Convex Verifier,Standalone avoided cost,1,15,237.77453390956362,265.0757119756869,27.30117806612327,-1.5663421950193879,-1.5663421950266638,69.90279571845167,7.275957614183426e-12,-71.46913791347106,6,4e34bffdd2dd88657bb7fb55f284cf0521153c917c774c543a2e903a5e5e05ff
68,Risk-Constrained Convex Verifier,Standalone avoided cost,2,42,-239.01783446728587,-191.48989725201164,47.52793721527422,-1.5663421950193879,-1.5663421950266638,69.90279571845167,7.275957614183426e-12,-71.46913791347106,6,4e34bffdd2dd88657bb7fb55f284cf0521153c917c774c543a2e903a5e5e05ff
68,Risk-Constrained Convex Verifier,Standalone avoided cost,3,80,0.0,-21.07356808212383,21.07356808212383,-1.5663421950193879,-1.5663421950266638,69.90279571845167,7.275957614183426e-12,-71.46913791347106,6,4e34bffdd2dd88657bb7fb55f284cf0521153c917c774c543a2e903a5e5e05ff
68,Risk-Constrained Convex Verifier,Standalone avoided cost,4,116,-0.32304163729713764,17.390549076900236,17.713590714197373,-1.5663421950193879,-1.5663421950266638,69.90279571845167,7.275957614183426e-12,-71.46913791347106,6,4e34bffdd2dd88657bb7fb55f284cf0521153c917c774c543a2e903a5e5e05ff
68,Risk-Constrained Convex Verifier,Leave-one-out marginal,1,15,237.77453390956362,265.0757119756869,27.30117806612327,-1.5663421950230259,-1.5663421950266638,69.90279571845167,3.637978807091713e-12,-71.4691379134747,6,4e34bffdd2dd88657bb7fb55f284cf0521153c917c774c543a2e903a5e5e05ff
68,Risk-Constrained Convex Verifier,Leave-one-out marginal,2,42,-239.01783446728587,-191.48989725201164,47.52793721527422,-1.5663421950230259,-1.5663421950266638,69.90279571845167,3.637978807091713e-12,-71.4691379134747,6,4e34bffdd2dd88657bb7fb55f284cf0521153c917c774c543a2e903a5e5e05ff
68,Risk-Constrained Convex Verifier,Leave-one-out marginal,3,80,0.0,-21.07356808212383,21.07356808212383,-1.5663421950230259,-1.5663421950266638,69.90279571845167,3.637978807091713e-12,-71.4691379134747,6,4e34bffdd2dd88657bb7fb55f284cf0521153c917c774c543a2e903a5e5e05ff
68,Risk-Constrained Convex Verifier,Leave-one-out marginal,4,116,-0.3230416373007756,17.390549076900236,17.71359071420101,-1.5663421950230259,-1.5663421950266638,69.90279571845167,3.637978807091713e-12,-71.4691379134747,6,4e34bffdd2dd88657bb7fb55f284cf0521153c917c774c543a2e903a5e5e05ff
68,Risk-Constrained Convex Verifier,Exact Shapley net value,1,15,237.77453390956177,265.0757119756869,27.301178066125118,-1.5663421950266958,-1.5663421950266638,69.90279571845167,-3.197442310920451e-14,-71.46913791347836,6,4e34bffdd2dd88657bb7fb55f284cf0521153c917c774c543a2e903a5e5e05ff
68,Risk-Constrained Convex Verifier,Exact Shapley net value,2,42,-239.01783446728768,-191.48989725201164,47.52793721527604,-1.5663421950266958,-1.5663421950266638,69.90279571845167,-3.197442310920451e-14,-71.46913791347836,6,4e34bffdd2dd88657bb7fb55f284cf0521153c917c774c543a2e903a5e5e05ff
68,Risk-Constrained Convex Verifier,Exact Shapley net value,3,80,0.0,-21.07356808212383,21.07356808212383,-1.5663421950266958,-1.5663421950266638,69.90279571845167,-3.197442310920451e-14,-71.46913791347836,6,4e34bffdd2dd88657bb7fb55f284cf0521153c917c774c543a2e903a5e5e05ff
68,Risk-Constrained Convex Verifier,Exact Shapley net value,4,116,-0.32304163730077917,17.390549076900236,17.713590714201015,-1.5663421950266958,-1.5663421950266638,69.90279571845167,-3.197442310920451e-14,-71.46913791347836,6,4e34bffdd2dd88657bb7fb55f284cf0521153c917c774c543a2e903a5e5e05ff
69,Trace-Anchored Reference,Nodal signed linear,1,15,704.195591858604,704.8285348710097,0.6329430124056898,132.488079685746,132.48807968573965,132.48807968573965,6.338041202980094e-12,6.338041202980094e-12,6,4e34bffdd2dd88657bb7fb55f284cf0521153c917c774c543a2e903a5e5e05ff
69,Trace-Anchored Reference,Nodal signed linear,2,42,-663.5010527182826,-664.175217277016,0.6741645587334233,132.488079685746,132.48807968573965,132.48807968573965,6.338041202980094e-12,6.338041202980094e-12,6,4e34bffdd2dd88657bb7fb55f284cf0521153c917c774c543a2e903a5e5e05ff
69,Trace-Anchored Reference,Nodal signed linear,3,80,26.817355748525088,26.8285918376705,0.011236089145413075,132.488079685746,132.48807968573965,132.48807968573965,6.338041202980094e-12,6.338041202980094e-12,6,4e34bffdd2dd88657bb7fb55f284cf0521153c917c774c543a2e903a5e5e05ff
69,Trace-Anchored Reference,Nodal signed linear,4,116,64.97618479689955,65.00617025407549,0.0299854571759397,132.488079685746,132.48807968573965,132.48807968573965,6.338041202980094e-12,6.338041202980094e-12,6,4e34bffdd2dd88657bb7fb55f284cf0521153c917c774c543a2e903a5e5e05ff
69,Trace-Anchored Reference,Standalone avoided cost,1,15,704.19559185861,704.8285348710097,0.6329430123996644,131.0573074756685,132.48807968573965,132.48807968573965,-1.4307722100711544,-1.4307722100711544,6,4e34bffdd2dd88657bb7fb55f284cf0521153c917c774c543a2e903a5e5e05ff
69,Trace-Anchored Reference,Standalone avoided cost,2,42,-664.9318249283788,-664.175217277016,0.7566076513627422,131.0573074756685,132.48807968573965,132.48807968573965,-1.4307722100711544,-1.4307722100711544,6,4e34bffdd2dd88657bb7fb55f284cf0521153c917c774c543a2e903a5e5e05ff
69,Trace-Anchored Reference,Standalone avoided cost,3,80,26.817355748535192,26.8285918376705,0.011236089135309157,131.0573074756685,132.48807968573965,132.48807968573965,-1.4307722100711544,-1.4307722100711544,6,4e34bffdd2dd88657bb7fb55f284cf0521153c917c774c543a2e903a5e5e05ff
69,Trace-Anchored Reference,Standalone avoided cost,4,116,64.97618479690209,65.00617025407549,0.029985457173395957,131.0573074756685,132.48807968573965,132.48807968573965,-1.4307722100711544,-1.4307722100711544,6,4e34bffdd2dd88657bb7fb55f284cf0521153c917c774c543a2e903a5e5e05ff
69,Trace-Anchored Reference,Leave-one-out marginal,1,15,705.379034790778,704.8285348710097,0.5504999197682992,133.67152261792216,132.48807968573965,132.48807968573965,1.1834429321825155,1.1834429321825155,6,4e34bffdd2dd88657bb7fb55f284cf0521153c917c774c543a2e903a5e5e05ff
69,Trace-Anchored Reference,Leave-one-out marginal,2,42,-663.5010527182858,-664.175217277016,0.6741645587302401,133.67152261792216,132.48807968573965,132.48807968573965,1.1834429321825155,1.1834429321825155,6,4e34bffdd2dd88657bb7fb55f284cf0521153c917c774c543a2e903a5e5e05ff
69,Trace-Anchored Reference,Leave-one-out marginal,3,80,26.817355748527916,26.8285918376705,0.011236089142585115,133.67152261792216,132.48807968573965,132.48807968573965,1.1834429321825155,1.1834429321825155,6,4e34bffdd2dd88657bb7fb55f284cf0521153c917c774c543a2e903a5e5e05ff
69,Trace-Anchored Reference,Leave-one-out marginal,4,116,64.97618479690209,65.00617025407549,0.029985457173395957,133.67152261792216,132.48807968573965,132.48807968573965,1.1834429321825155,1.1834429321825155,6,4e34bffdd2dd88657bb7fb55f284cf0521153c917c774c543a2e903a5e5e05ff
69,Trace-Anchored Reference,Exact Shapley net value,1,15,704.8285348710097,704.8285348710097,0.0,132.4880796857396,132.48807968573965,132.48807968573965,-5.684341886080802e-14,-5.684341886080802e-14,6,4e34bffdd2dd88657bb7fb55f284cf0521153c917c774c543a2e903a5e5e05ff
69,Trace-Anchored Reference,Exact Shapley net value,2,42,-664.175217277016,-664.175217277016,0.0,132.4880796857396,132.48807968573965,132.48807968573965,-5.684341886080802e-14,-5.684341886080802e-14,6,4e34bffdd2dd88657bb7fb55f284cf0521153c917c774c543a2e903a5e5e05ff
69,Trace-Anchored Reference,Exact Shapley net value,3,80,26.8285918376705,26.8285918376705,0.0,132.4880796857396,132.48807968573965,132.48807968573965,-5.684341886080802e-14,-5.684341886080802e-14,6,4e34bffdd2dd88657bb7fb55f284cf0521153c917c774c543a2e903a5e5e05ff
69,Trace-Anchored Reference,Exact Shapley net value,4,116,65.00617025407549,65.00617025407549,0.0,132.4880796857396,132.48807968573965,132.48807968573965,-5.684341886080802e-14,-5.684341886080802e-14,6,4e34bffdd2dd88657bb7fb55f284cf0521153c917c774c543a2e903a5e5e05ff
69,Risk-Constrained Convex Verifier,Nodal signed linear,1,15,681.6175638427222,704.8285348710097,23.210971028287418,-7.1449752239668385,-7.1449752239605,132.48807968573965,-6.338041202980094e-12,-139.6330549097065,6,4e34bffdd2dd88657bb7fb55f284cf0521153c917c774c543a2e903a5e5e05ff
69,Risk-Constrained Convex Verifier,Nodal signed linear,2,42,-688.570133881826,-664.175217277016,24.394916604809964,-7.1449752239668385,-7.1449752239605,132.48807968573965,-6.338041202980094e-12,-139.6330549097065,6,4e34bffdd2dd88657bb7fb55f284cf0521153c917c774c543a2e903a5e5e05ff
69,Risk-Constrained Convex Verifier,Nodal signed linear,3,80,-0.19240518486307676,26.8285918376705,27.020997022533578,-7.1449752239668385,-7.1449752239605,132.48807968573965,-6.338041202980094e-12,-139.6330549097065,6,4e34bffdd2dd88657bb7fb55f284cf0521153c917c774c543a2e903a5e5e05ff
69,Risk-Constrained Convex Verifier,Nodal signed linear,4,116,0.0,65.00617025407549,65.00617025407549,-7.1449752239668385,-7.1449752239605,132.48807968573965,-6.338041202980094e-12,-139.6330549097065,6,4e34bffdd2dd88657bb7fb55f284cf0521153c917c774c543a2e903a5e5e05ff
69,Risk-Constrained Convex Verifier,Standalone avoided cost,1,15,681.617563842723,704.8285348710097,23.21097102828662,-8.197056977860484,-7.1449752239605,132.48807968573965,-1.0520817538999836,-140.68513666360013,6,4e34bffdd2dd88657bb7fb55f284cf0521153c917c774c543a2e903a5e5e05ff
69,Risk-Constrained Convex Verifier,Standalone avoided cost,2,42,-689.6222156357217,-664.175217277016,25.446998358705628,-8.197056977860484,-7.1449752239605,132.48807968573965,-1.0520817538999836,-140.68513666360013,6,4e34bffdd2dd88657bb7fb55f284cf0521153c917c774c543a2e903a5e5e05ff
69,Risk-Constrained Convex Verifier,Standalone avoided cost,3,80,-0.19240518486185465,26.8285918376705,27.020997022532356,-8.197056977860484,-7.1449752239605,132.48807968573965,-1.0520817538999836,-140.68513666360013,6,4e34bffdd2dd88657bb7fb55f284cf0521153c917c774c543a2e903a5e5e05ff
69,Risk-Constrained Convex Verifier,Standalone avoided cost,4,116,0.0,65.00617025407549,65.00617025407549,-8.197056977860484,-7.1449752239605,132.48807968573965,-1.0520817538999836,-140.68513666360013,6,4e34bffdd2dd88657bb7fb55f284cf0521153c917c774c543a2e903a5e5e05ff
69,Risk-Constrained Convex Verifier,Leave-one-out marginal,1,15,682.6696455966267,704.8285348710097,22.158889274383,-6.092893470056879,-7.1449752239605,132.48807968573965,1.0520817539036216,-138.58097315579653,6,4e34bffdd2dd88657bb7fb55f284cf0521153c917c774c543a2e903a5e5e05ff
69,Risk-Constrained Convex Verifier,Leave-one-out marginal,2,42,-688.570133881818,-664.175217277016,24.394916604802006,-6.092893470056879,-7.1449752239605,132.48807968573965,1.0520817539036216,-138.58097315579653,6,4e34bffdd2dd88657bb7fb55f284cf0521153c917c774c543a2e903a5e5e05ff
69,Risk-Constrained Convex Verifier,Leave-one-out marginal,3,80,-0.19240518486549263,26.8285918376705,27.020997022535994,-6.092893470056879,-7.1449752239605,132.48807968573965,1.0520817539036216,-138.58097315579653,6,4e34bffdd2dd88657bb7fb55f284cf0521153c917c774c543a2e903a5e5e05ff
69,Risk-Constrained Convex Verifier,Leave-one-out marginal,4,116,0.0,65.00617025407549,65.00617025407549,-6.092893470056879,-7.1449752239605,132.48807968573965,1.0520817539036216,-138.58097315579653,6,4e34bffdd2dd88657bb7fb55f284cf0521153c917c774c543a2e903a5e5e05ff
69,Risk-Constrained Convex Verifier,Exact Shapley net value,1,15,682.1436047196743,704.8285348710097,22.68493015133538,-7.144975223960425,-7.1449752239605,132.48807968573965,7.549516567451064e-14,-139.63305490970006,6,4e34bffdd2dd88657bb7fb55f284cf0521153c917c774c543a2e903a5e5e05ff
69,Risk-Constrained Convex Verifier,Exact Shapley net value,2,42,-689.0961747587704,-664.175217277016,24.920957481754385,-7.144975223960425,-7.1449752239605,132.48807968573965,7.549516567451064e-14,-139.63305490970006,6,4e34bffdd2dd88657bb7fb55f284cf0521153c917c774c543a2e903a5e5e05ff
69,Risk-Constrained Convex Verifier,Exact Shapley net value,3,80,-0.19240518486427996,26.8285918376705,27.020997022534782,-7.144975223960425,-7.1449752239605,132.48807968573965,7.549516567451064e-14,-139.63305490970006,6,4e34bffdd2dd88657bb7fb55f284cf0521153c917c774c543a2e903a5e5e05ff
69,Risk-Constrained Convex Verifier,Exact Shapley net value,4,116,0.0,65.00617025407549,65.00617025407549,-7.144975223960425,-7.1449752239605,132.48807968573965,7.549516567451064e-14,-139.63305490970006,6,4e34bffdd2dd88657bb7fb55f284cf0521153c917c774c543a2e903a5e5e05ff
70,Trace-Anchored Reference,Nodal signed linear,1,15,475.2386135679356,475.2386135679386,3.0127011996228248e-12,66.03357437926358,66.03357437925297,66.03357437925293,1.0615508472255897e-11,1.0658141036401503e-11,6,4e34bffdd2dd88657bb7fb55f284cf0521153c917c774c543a2e903a5e5e05ff
70,Trace-Anchored Reference,Nodal signed linear,2,42,-444.24167174743343,-444.2416717474367,3.296918293926865e-12,66.03357437926358,66.03357437925297,66.03357437925293,1.0615508472255897e-11,1.0658141036401503e-11,6,4e34bffdd2dd88657bb7fb55f284cf0521153c917c774c543a2e903a5e5e05ff
70,Trace-Anchored Reference,Nodal signed linear,3,80,16.741427658996262,16.7414276589919,4.362732397567015e-12,66.03357437926358,66.03357437925297,66.03357437925293,1.0615508472255897e-11,1.0658141036401503e-11,6,4e34bffdd2dd88657bb7fb55f284cf0521153c917c774c543a2e903a5e5e05ff
70,Trace-Anchored Reference,Nodal signed linear,4,116,18.295204899765153,18.295204899759177,5.9756644077424426e-12,66.03357437926358,66.03357437925297,66.03357437925293,1.0615508472255897e-11,1.0658141036401503e-11,6,4e34bffdd2dd88657bb7fb55f284cf0521153c917c774c543a2e903a5e5e05ff
70,Trace-Anchored Reference,Standalone avoided cost,1,15,475.23861356795896,475.2386135679386,2.034994395216927e-11,66.03357437931118,66.03357437925297,66.03357437925293,5.820766091346741e-11,5.825029347761301e-11,6,4e34bffdd2dd88657bb7fb55f284cf0521153c917c774c543a2e903a5e5e05ff
70,Trace-Anchored Reference,Standalone avoided cost,2,42,-444.2416717474298,-444.2416717474367,6.934897101018578e-12,66.03357437931118,66.03357437925297,66.03357437925293,5.820766091346741e-11,5.825029347761301e-11,6,4e34bffdd2dd88657bb7fb55f284cf0521153c917c774c543a2e903a5e5e05ff
70,Trace-Anchored Reference,Standalone avoided cost,3,80,16.74142765900251,16.7414276589919,1.0611955758577096e-11,66.03357437931118,66.03357437925297,66.03357437925293,5.820766091346741e-11,5.825029347761301e-11,6,4e34bffdd2dd88657bb7fb55f284cf0521153c917c774c543a2e903a5e5e05ff
70,Trace-Anchored Reference,Standalone avoided cost,4,116,18.295204899779492,18.295204899759177,2.0314416815381264e-11,66.03357437931118,66.03357437925297,66.03357437925293,5.820766091346741e-11,5.825029347761301e-11,6,4e34bffdd2dd88657bb7fb55f284cf0521153c917c774c543a2e903a5e5e05ff
70,Trace-Anchored Reference,Leave-one-out marginal,1,15,475.2386135679262,475.2386135679386,1.2391865311656147e-11,66.03357437921659,66.03357437925297,66.03357437925293,-3.637978807091713e-11,-3.6337155506771524e-11,6,4e34bffdd2dd88657bb7fb55f284cf0521153c917c774c543a2e903a5e5e05ff
70,Trace-Anchored Reference,Leave-one-out marginal,2,42,-444.24167174743707,-444.2416717474367,3.410605131648481e-13,66.03357437921659,66.03357437925297,66.03357437925293,-3.637978807091713e-11,-3.6337155506771524e-11,6,4e34bffdd2dd88657bb7fb55f284cf0521153c917c774c543a2e903a5e5e05ff
70,Trace-Anchored Reference,Leave-one-out marginal,3,80,16.74142765898796,16.7414276589919,3.9399594697897555e-12,66.03357437921659,66.03357437925297,66.03357437925293,-3.637978807091713e-11,-3.6337155506771524e-11,6,4e34bffdd2dd88657bb7fb55f284cf0521153c917c774c543a2e903a5e5e05ff
70,Trace-Anchored Reference,Leave-one-out marginal,4,116,18.295204899739474,18.295204899759177,1.9703350062627578e-11,66.03357437921659,66.03357437925297,66.03357437925293,-3.637978807091713e-11,-3.6337155506771524e-11,6,4e34bffdd2dd88657bb7fb55f284cf0521153c917c774c543a2e903a5e5e05ff
70,Trace-Anchored Reference,Exact Shapley net value,1,15,475.2386135679386,475.2386135679386,0.0,66.03357437925297,66.03357437925297,66.03357437925293,0.0,4.263256414560601e-14,6,4e34bffdd2dd88657bb7fb55f284cf0521153c917c774c543a2e903a5e5e05ff
70,Trace-Anchored Reference,Exact Shapley net value,2,42,-444.2416717474367,-444.2416717474367,0.0,66.03357437925297,66.03357437925297,66.03357437925293,0.0,4.263256414560601e-14,6,4e34bffdd2dd88657bb7fb55f284cf0521153c917c774c543a2e903a5e5e05ff
70,Trace-Anchored Reference,Exact Shapley net value,3,80,16.7414276589919,16.7414276589919,0.0,66.03357437925297,66.03357437925297,66.03357437925293,0.0,4.263256414560601e-14,6,4e34bffdd2dd88657bb7fb55f284cf0521153c917c774c543a2e903a5e5e05ff
70,Trace-Anchored Reference,Exact Shapley net value,4,116,18.295204899759177,18.295204899759177,0.0,66.03357437925297,66.03357437925297,66.03357437925293,0.0,4.263256414560601e-14,6,4e34bffdd2dd88657bb7fb55f284cf0521153c917c774c543a2e903a5e5e05ff
70,Risk-Constrained Convex Verifier,Nodal signed linear,1,15,460.33086248472773,475.2386135679386,14.907751083210883,-3.6474716669847567,-3.6474716669981717,66.03357437925293,1.3415046851150692e-11,-69.68104604623768,6,4e34bffdd2dd88657bb7fb55f284cf0521153c917c774c543a2e903a5e5e05ff
70,Risk-Constrained Convex Verifier,Nodal signed linear,2,42,-463.9783341517125,-444.2416717474367,19.736662404275762,-3.6474716669847567,-3.6474716669981717,66.03357437925293,1.3415046851150692e-11,-69.68104604623768,6,4e34bffdd2dd88657bb7fb55f284cf0521153c917c774c543a2e903a5e5e05ff
70,Risk-Constrained Convex Verifier,Nodal signed linear,3,80,0.0,16.7414276589919,16.7414276589919,-3.6474716669847567,-3.6474716669981717,66.03357437925293,1.3415046851150692e-11,-69.68104604623768,6,4e34bffdd2dd88657bb7fb55f284cf0521153c917c774c543a2e903a5e5e05ff
70,Risk-Constrained Convex Verifier,Nodal signed linear,4,116,0.0,18.295204899759177,18.295204899759177,-3.6474716669847567,-3.6474716669981717,66.03357437925293,1.3415046851150692e-11,-69.68104604623768,6,4e34bffdd2dd88657bb7fb55f284cf0521153c917c774c543a2e903a5e5e05ff
70,Risk-Constrained Convex Verifier,Standalone avoided cost,1,15,460.3308624847159,475.2386135679386,14.907751083222706,-3.6474716670054477,-3.6474716669981717,66.03357437925293,-7.275957614183426e-12,-69.68104604625837,6,4e34bffdd2dd88657bb7fb55f284cf0521153c917c774c543a2e903a5e5e05ff
70,Risk-Constrained Convex Verifier,Standalone avoided cost,2,42,-463.97833415172136,-444.2416717474367,19.73666240428463,-3.6474716670054477,-3.6474716669981717,66.03357437925293,-7.275957614183426e-12,-69.68104604625837,6,4e34bffdd2dd88657bb7fb55f284cf0521153c917c774c543a2e903a5e5e05ff
70,Risk-Constrained Convex Verifier,Standalone avoided cost,3,80,0.0,16.7414276589919,16.7414276589919,-3.6474716670054477,-3.6474716669981717,66.03357437925293,-7.275957614183426e-12,-69.68104604625837,6,4e34bffdd2dd88657bb7fb55f284cf0521153c917c774c543a2e903a5e5e05ff
70,Risk-Constrained Convex Verifier,Standalone avoided cost,4,116,0.0,18.295204899759177,18.295204899759177,-3.6474716670054477,-3.6474716669981717,66.03357437925293,-7.275957614183426e-12,-69.68104604625837,6,4e34bffdd2dd88657bb7fb55f284cf0521153c917c774c543a2e903a5e5e05ff
70,Risk-Constrained Convex Verifier,Leave-one-out marginal,1,15,460.3308624847232,475.2386135679386,14.90775108321543,-3.6474716669908958,-3.6474716669981717,66.03357437925293,7.275957614183426e-12,-69.68104604624382,6,4e34bffdd2dd88657bb7fb55f284cf0521153c917c774c543a2e903a5e5e05ff
70,Risk-Constrained Convex Verifier,Leave-one-out marginal,2,42,-463.9783341517141,-444.2416717474367,19.736662404277354,-3.6474716669908958,-3.6474716669981717,66.03357437925293,7.275957614183426e-12,-69.68104604624382,6,4e34bffdd2dd88657bb7fb55f284cf0521153c917c774c543a2e903a5e5e05ff
70,Risk-Constrained Convex Verifier,Leave-one-out marginal,3,80,0.0,16.7414276589919,16.7414276589919,-3.6474716669908958,-3.6474716669981717,66.03357437925293,7.275957614183426e-12,-69.68104604624382,6,4e34bffdd2dd88657bb7fb55f284cf0521153c917c774c543a2e903a5e5e05ff
70,Risk-Constrained Convex Verifier,Leave-one-out marginal,4,116,0.0,18.295204899759177,18.295204899759177,-3.6474716669908958,-3.6474716669981717,66.03357437925293,7.275957614183426e-12,-69.68104604624382,6,4e34bffdd2dd88657bb7fb55f284cf0521153c917c774c543a2e903a5e5e05ff
70,Risk-Constrained Convex Verifier,Exact Shapley net value,1,15,460.33086248471955,475.2386135679386,14.907751083219068,-3.6474716669981717,-3.6474716669981717,66.03357437925293,0.0,-69.6810460462511,6,4e34bffdd2dd88657bb7fb55f284cf0521153c917c774c543a2e903a5e5e05ff
70,Risk-Constrained Convex Verifier,Exact Shapley net value,2,42,-463.9783341517177,-444.2416717474367,19.73666240428099,-3.6474716669981717,-3.6474716669981717,66.03357437925293,0.0,-69.6810460462511,6,4e34bffdd2dd88657bb7fb55f284cf0521153c917c774c543a2e903a5e5e05ff
70,Risk-Constrained Convex Verifier,Exact Shapley net value,3,80,0.0,16.7414276589919,16.7414276589919,-3.6474716669981717,-3.6474716669981717,66.03357437925293,0.0,-69.6810460462511,6,4e34bffdd2dd88657bb7fb55f284cf0521153c917c774c543a2e903a5e5e05ff
70,Risk-Constrained Convex Verifier,Exact Shapley net value,4,116,0.0,18.295204899759177,18.295204899759177,-3.6474716669981717,-3.6474716669981717,66.03357437925293,0.0,-69.6810460462511,6,4e34bffdd2dd88657bb7fb55f284cf0521153c917c774c543a2e903a5e5e05ff
71,Trace-Anchored Reference,Nodal signed linear,1,15,1003.7161738031023,1000.4618823445486,3.2542914585536664,1425.8721721721981,1423.1319812161273,1423.1319812161273,2.740190956070819,2.740190956070819,6,4e34bffdd2dd88657bb7fb55f284cf0521153c917c774c543a2e903a5e5e05ff
71,Trace-Anchored Reference,Nodal signed linear,2,42,-362.498922091913,-361.30704130030693,1.1918807916060814,1425.8721721721981,1423.1319812161273,1423.1319812161273,2.740190956070819,2.740190956070819,6,4e34bffdd2dd88657bb7fb55f284cf0521153c917c774c543a2e903a5e5e05ff
71,Trace-Anchored Reference,Nodal signed linear,3,80,439.3792432787947,438.9647959842705,0.4144472945242228,1425.8721721721981,1423.1319812161273,1423.1319812161273,2.740190956070819,2.740190956070819,6,4e34bffdd2dd88657bb7fb55f284cf0521153c917c774c543a2e903a5e5e05ff
71,Trace-Anchored Reference,Nodal signed linear,4,116,345.2756771822141,345.01234418761516,0.26333299459895443,1425.8721721721981,1423.1319812161273,1423.1319812161273,2.740190956070819,2.740190956070819,6,4e34bffdd2dd88657bb7fb55f284cf0521153c917c774c543a2e903a5e5e05ff
71,Trace-Anchored Reference,Standalone avoided cost,1,15,998.630762884688,1000.4618823445486,1.831119459860588,1418.4534031116018,1423.1319812161273,1423.1319812161273,-4.6785781045255135,-4.6785781045255135,6,4e34bffdd2dd88657bb7fb55f284cf0521153c917c774c543a2e903a5e5e05ff
71,Trace-Anchored Reference,Standalone avoided cost,2,42,-364.8056468324721,-361.30704130030693,3.498605532165186,1418.4534031116018,1423.1319812161273,1423.1319812161273,-4.6785781045255135,-4.6785781045255135,6,4e34bffdd2dd88657bb7fb55f284cf0521153c917c774c543a2e903a5e5e05ff
71,Trace-Anchored Reference,Standalone avoided cost,3,80,439.3526098771763,438.9647959842705,0.3878138929057968,1418.4534031116018,1423.1319812161273,1423.1319812161273,-4.6785781045255135,-4.6785781045255135,6,4e34bffdd2dd88657bb7fb55f284cf0521153c917c774c543a2e903a5e5e05ff
71,Trace-Anchored Reference,Standalone avoided cost,4,116,345.2756771822096,345.01234418761516,0.2633329945944638,1418.4534031116018,1423.1319812161273,1423.1319812161273,-4.6785781045255135,-4.6785781045255135,6,4e34bffdd2dd88657bb7fb55f284cf0521153c917c774c543a2e903a5e5e05ff
71,Trace-Anchored Reference,Leave-one-out marginal,1,15,1001.9156255845483,1000.4618823445486,1.4537432399996533,1426.8513581788175,1423.1319812161273,1423.1319812161273,3.7193769626901485,3.7193769626901485,6,4e34bffdd2dd88657bb7fb55f284cf0521153c917c774c543a2e903a5e5e05ff
71,Trace-Anchored Reference,Leave-one-out marginal,2,42,-358.18581198800166,-361.30704130030693,3.1212293123052746,1426.8513581788175,1423.1319812161273,1423.1319812161273,3.7193769626901485,3.7193769626901485,6,4e34bffdd2dd88657bb7fb55f284cf0521153c917c774c543a2e903a5e5e05ff
71,Trace-Anchored Reference,Leave-one-out marginal,3,80,438.4349148433139,438.9647959842705,0.5298811409566042,1426.8513581788175,1423.1319812161273,1423.1319812161273,3.7193769626901485,3.7193769626901485,6,4e34bffdd2dd88657bb7fb55f284cf0521153c917c774c543a2e903a5e5e05ff
71,Trace-Anchored Reference,Leave-one-out marginal,4,116,344.686629738957,345.01234418761516,0.3257144486581751,1426.8513581788175,1423.1319812161273,1423.1319812161273,3.7193769626901485,3.7193769626901485,6,4e34bffdd2dd88657bb7fb55f284cf0521153c917c774c543a2e903a5e5e05ff
71,Trace-Anchored Reference,Exact Shapley net value,1,15,1000.4618823445486,1000.4618823445486,0.0,1423.1319812161273,1423.1319812161273,1423.1319812161273,0.0,0.0,6,4e34bffdd2dd88657bb7fb55f284cf0521153c917c774c543a2e903a5e5e05ff
71,Trace-Anchored Reference,Exact Shapley net value,2,42,-361.30704130030693,-361.30704130030693,0.0,1423.1319812161273,1423.1319812161273,1423.1319812161273,0.0,0.0,6,4e34bffdd2dd88657bb7fb55f284cf0521153c917c774c543a2e903a5e5e05ff
71,Trace-Anchored Reference,Exact Shapley net value,3,80,438.9647959842705,438.9647959842705,0.0,1423.1319812161273,1423.1319812161273,1423.1319812161273,0.0,0.0,6,4e34bffdd2dd88657bb7fb55f284cf0521153c917c774c543a2e903a5e5e05ff
71,Trace-Anchored Reference,Exact Shapley net value,4,116,345.01234418761516,345.01234418761516,0.0,1423.1319812161273,1423.1319812161273,1423.1319812161273,0.0,0.0,6,4e34bffdd2dd88657bb7fb55f284cf0521153c917c774c543a2e903a5e5e05ff
71,Risk-Constrained Convex Verifier,Nodal signed linear,1,15,636.7746325167063,1000.4618823445486,363.68724982784227,-6.056938115513731,-6.120375342656189,1423.1319812161273,0.06343722714245814,-1429.188919331641,6,4e34bffdd2dd88657bb7fb55f284cf0521153c917c774c543a2e903a5e5e05ff
71,Risk-Constrained Convex Verifier,Nodal signed linear,2,42,-642.8315706322201,-361.30704130030693,281.52452933191313,-6.056938115513731,-6.120375342656189,1423.1319812161273,0.06343722714245814,-1429.188919331641,6,4e34bffdd2dd88657bb7fb55f284cf0521153c917c774c543a2e903a5e5e05ff
71,Risk-Constrained Convex Verifier,Nodal signed linear,3,80,0.0,438.9647959842705,438.9647959842705,-6.056938115513731,-6.120375342656189,1423.1319812161273,0.06343722714245814,-1429.188919331641,6,4e34bffdd2dd88657bb7fb55f284cf0521153c917c774c543a2e903a5e5e05ff
71,Risk-Constrained Convex Verifier,Nodal signed linear,4,116,0.0,345.01234418761516,345.01234418761516,-6.056938115513731,-6.120375342656189,1423.1319812161273,0.06343722714245814,-1429.188919331641,6,4e34bffdd2dd88657bb7fb55f284cf0521153c917c774c543a2e903a5e5e05ff
71,Risk-Constrained Convex Verifier,Standalone avoided cost,1,15,636.77463251671,1000.4618823445486,363.6872498278386,-8.377363572606555,-6.120375342656189,1423.1319812161273,-2.256988229950366,-1431.5093447887339,6,4e34bffdd2dd88657bb7fb55f284cf0521153c917c774c543a2e903a5e5e05ff
71,Risk-Constrained Convex Verifier,Standalone avoided cost,2,42,-645.1519960893165,-361.30704130030693,283.8449547890096,-8.377363572606555,-6.120375342656189,1423.1319812161273,-2.256988229950366,-1431.5093447887339,6,4e34bffdd2dd88657bb7fb55f284cf0521153c917c774c543a2e903a5e5e05ff
71,Risk-Constrained Convex Verifier,Standalone avoided cost,3,80,0.0,438.9647959842705,438.9647959842705,-8.377363572606555,-6.120375342656189,1423.1319812161273,-2.256988229950366,-1431.5093447887339,6,4e34bffdd2dd88657bb7fb55f284cf0521153c917c774c543a2e903a5e5e05ff
71,Risk-Constrained Convex Verifier,Standalone avoided cost,4,116,0.0,345.01234418761516,345.01234418761516,-8.377363572606555,-6.120375342656189,1423.1319812161273,-2.256988229950366,-1431.5093447887339,6,4e34bffdd2dd88657bb7fb55f284cf0521153c917c774c543a2e903a5e5e05ff
71,Risk-Constrained Convex Verifier,Leave-one-out marginal,1,15,639.0316207466603,1000.4618823445486,361.43026159788826,-3.863387112705823,-6.120375342656189,1423.1319812161273,2.256988229950366,-1426.9953683288331,6,4e34bffdd2dd88657bb7fb55f284cf0521153c917c774c543a2e903a5e5e05ff
71,Risk-Constrained Convex Verifier,Leave-one-out marginal,2,42,-642.8950078593662,-361.30704130030693,281.5879665590592,-3.863387112705823,-6.120375342656189,1423.1319812161273,2.256988229950366,-1426.9953683288331,6,4e34bffdd2dd88657bb7fb55f284cf0521153c917c774c543a2e903a5e5e05ff
71,Risk-Constrained Convex Verifier,Leave-one-out marginal,3,80,0.0,438.9647959842705,438.9647959842705,-3.863387112705823,-6.120375342656189,1423.1319812161273,2.256988229950366,-1426.9953683288331,6,4e34bffdd2dd88657bb7fb55f284cf0521153c917c774c543a2e903a5e5e05ff
71,Risk-Constrained Convex Verifier,Leave-one-out marginal,4,116,0.0,345.01234418761516,345.01234418761516,-3.863387112705823,-6.120375342656189,1423.1319812161273,2.256988229950366,-1426.9953683288331,6,4e34bffdd2dd88657bb7fb55f284cf0521153c917c774c543a2e903a5e5e05ff
71,Risk-Constrained Convex Verifier,Exact Shapley net value,1,15,637.9031266316852,1000.4618823445486,362.55875571286344,-6.120375342656189,-6.120375342656189,1423.1319812161273,0.0,-1429.2523565587835,6,4e34bffdd2dd88657bb7fb55f284cf0521153c917c774c543a2e903a5e5e05ff
71,Risk-Constrained Convex Verifier,Exact Shapley net value,2,42,-644.0235019743413,-361.30704130030693,282.7164606740344,-6.120375342656189,-6.120375342656189,1423.1319812161273,0.0,-1429.2523565587835,6,4e34bffdd2dd88657bb7fb55f284cf0521153c917c774c543a2e903a5e5e05ff
71,Risk-Constrained Convex Verifier,Exact Shapley net value,3,80,0.0,438.9647959842705,438.9647959842705,-6.120375342656189,-6.120375342656189,1423.1319812161273,0.0,-1429.2523565587835,6,4e34bffdd2dd88657bb7fb55f284cf0521153c917c774c543a2e903a5e5e05ff
71,Risk-Constrained Convex Verifier,Exact Shapley net value,4,116,0.0,345.01234418761516,345.01234418761516,-6.120375342656189,-6.120375342656189,1423.1319812161273,0.0,-1429.2523565587835,6,4e34bffdd2dd88657bb7fb55f284cf0521153c917c774c543a2e903a5e5e05ff
72,Trace-Anchored Reference,Nodal signed linear,1,15,496.88020794104085,496.8802079410488,7.958078640513122e-12,244.65263889015876,244.6526388901584,244.6526388901584,3.410605131648481e-13,3.410605131648481e-13,6,4e34bffdd2dd88657bb7fb55f284cf0521153c917c774c543a2e903a5e5e05ff
72,Trace-Anchored Reference,Nodal signed linear,2,42,-381.2144034455875,-381.2144034455917,4.206412995699793e-12,244.65263889015876,244.6526388901584,244.6526388901584,3.410605131648481e-13,3.410605131648481e-13,6,4e34bffdd2dd88657bb7fb55f284cf0521153c917c774c543a2e903a5e5e05ff
72,Trace-Anchored Reference,Nodal signed linear,3,80,60.5904676750107,60.590467675007545,3.154809746774845e-12,244.65263889015876,244.6526388901584,244.6526388901584,3.410605131648481e-13,3.410605131648481e-13,6,4e34bffdd2dd88657bb7fb55f284cf0521153c917c774c543a2e903a5e5e05ff
72,Trace-Anchored Reference,Nodal signed linear,4,116,68.3963667196947,68.39636671969372,9.805489753489383e-13,244.65263889015876,244.6526388901584,244.6526388901584,3.410605131648481e-13,3.410605131648481e-13,6,4e34bffdd2dd88657bb7fb55f284cf0521153c917c774c543a2e903a5e5e05ff
72,Trace-Anchored Reference,Standalone avoided cost,1,15,496.88020794106706,496.8802079410488,1.8246737454319373e-11,244.65263889019843,244.6526388901584,244.6526388901584,4.001776687800884e-11,4.001776687800884e-11,6,4e34bffdd2dd88657bb7fb55f284cf0521153c917c774c543a2e903a5e5e05ff
72,Trace-Anchored Reference,Standalone avoided cost,2,42,-381.2144034455778,-381.2144034455917,1.3926637620897964e-11,244.65263889019843,244.6526388901584,244.6526388901584,4.001776687800884e-11,4.001776687800884e-11,6,4e34bffdd2dd88657bb7fb55f284cf0521153c917c774c543a2e903a5e5e05ff
72,Trace-Anchored Reference,Standalone avoided cost,3,80,60.590467675014224,60.590467675007545,6.679101716144942e-12,244.65263889019843,244.6526388901584,244.6526388901584,4.001776687800884e-11,4.001776687800884e-11,6,4e34bffdd2dd88657bb7fb55f284cf0521153c917c774c543a2e903a5e5e05ff
72,Trace-Anchored Reference,Standalone avoided cost,4,116,68.39636671969492,68.39636671969372,1.2079226507921703e-12,244.65263889019843,244.6526388901584,244.6526388901584,4.001776687800884e-11,4.001776687800884e-11,6,4e34bffdd2dd88657bb7fb55f284cf0521153c917c774c543a2e903a5e5e05ff
72,Trace-Anchored Reference,Leave-one-out marginal,1,15,496.8802079410307,496.8802079410488,1.8133050616597757e-11,244.6526388901184,244.6526388901584,244.6526388901584,-4.001776687800884e-11,-4.001776687800884e-11,6,4e34bffdd2dd88657bb7fb55f284cf0521153c917c774c543a2e903a5e5e05ff
72,Trace-Anchored Reference,Leave-one-out marginal,2,42,-381.21440344560324,-381.2144034455917,1.1539214028744027e-11,244.6526388901184,244.6526388901584,244.6526388901584,-4.001776687800884e-11,-4.001776687800884e-11,6,4e34bffdd2dd88657bb7fb55f284cf0521153c917c774c543a2e903a5e5e05ff
72,Trace-Anchored Reference,Leave-one-out marginal,3,80,60.59046767500331,60.590467675007545,4.234834705130197e-12,244.6526388901184,244.6526388901584,244.6526388901584,-4.001776687800884e-11,-4.001776687800884e-11,6,4e34bffdd2dd88657bb7fb55f284cf0521153c917c774c543a2e903a5e5e05ff
72,Trace-Anchored Reference,Leave-one-out marginal,4,116,68.39636671968765,68.39636671969372,6.0680349633912556e-12,244.6526388901184,244.6526388901584,244.6526388901584,-4.001776687800884e-11,-4.001776687800884e-11,6,4e34bffdd2dd88657bb7fb55f284cf0521153c917c774c543a2e903a5e5e05ff
72,Trace-Anchored Reference,Exact Shapley net value,1,15,496.8802079410488,496.8802079410488,0.0,244.65263889015836,244.6526388901584,244.6526388901584,-5.684341886080802e-14,-5.684341886080802e-14,6,4e34bffdd2dd88657bb7fb55f284cf0521153c917c774c543a2e903a5e5e05ff
72,Trace-Anchored Reference,Exact Shapley net value,2,42,-381.2144034455917,-381.2144034455917,0.0,244.65263889015836,244.6526388901584,244.6526388901584,-5.684341886080802e-14,-5.684341886080802e-14,6,4e34bffdd2dd88657bb7fb55f284cf0521153c917c774c543a2e903a5e5e05ff
72,Trace-Anchored Reference,Exact Shapley net value,3,80,60.590467675007545,60.590467675007545,0.0,244.65263889015836,244.6526388901584,244.6526388901584,-5.684341886080802e-14,-5.684341886080802e-14,6,4e34bffdd2dd88657bb7fb55f284cf0521153c917c774c543a2e903a5e5e05ff
72,Trace-Anchored Reference,Exact Shapley net value,4,116,68.39636671969372,68.39636671969372,0.0,244.65263889015836,244.6526388901584,244.6526388901584,-5.684341886080802e-14,-5.684341886080802e-14,6,4e34bffdd2dd88657bb7fb55f284cf0521153c917c774c543a2e903a5e5e05ff
72,Risk-Constrained Convex Verifier,Nodal signed linear,1,15,411.8665998393383,496.8802079410488,85.01360810171053,-4.807882103695533,-4.807882103690645,244.6526388901584,-4.888534022029489e-12,-249.46052099385395,6,4e34bffdd2dd88657bb7fb55f284cf0521153c917c774c543a2e903a5e5e05ff
72,Risk-Constrained Convex Verifier,Nodal signed linear,2,42,-416.6744819430338,-381.2144034455917,35.46007849744211,-4.807882103695533,-4.807882103690645,244.6526388901584,-4.888534022029489e-12,-249.46052099385395,6,4e34bffdd2dd88657bb7fb55f284cf0521153c917c774c543a2e903a5e5e05ff
72,Risk-Constrained Convex Verifier,Nodal signed linear,3,80,0.0,60.590467675007545,60.590467675007545,-4.807882103695533,-4.807882103690645,244.6526388901584,-4.888534022029489e-12,-249.46052099385395,6,4e34bffdd2dd88657bb7fb55f284cf0521153c917c774c543a2e903a5e5e05ff
72,Risk-Constrained Convex Verifier,Nodal signed linear,4,116,0.0,68.39636671969372,68.39636671969372,-4.807882103695533,-4.807882103690645,244.6526388901584,-4.888534022029489e-12,-249.46052099385395,6,4e34bffdd2dd88657bb7fb55f284cf0521153c917c774c543a2e903a5e5e05ff
72,Risk-Constrained Convex Verifier,Standalone avoided cost,1,15,411.86659983936624,496.8802079410488,85.01360810168256,-4.807882103639713,-4.807882103690645,244.6526388901584,5.093170329928398e-11,-249.46052099379813,6,4e34bffdd2dd88657bb7fb55f284cf0521153c917c774c543a2e903a5e5e05ff
72,Risk-Constrained Convex Verifier,Standalone avoided cost,2,42,-416.67448194300596,-381.2144034455917,35.46007849741426,-4.807882103639713,-4.807882103690645,244.6526388901584,5.093170329928398e-11,-249.46052099379813,6,4e34bffdd2dd88657bb7fb55f284cf0521153c917c774c543a2e903a5e5e05ff
72,Risk-Constrained Convex Verifier,Standalone avoided cost,3,80,0.0,60.590467675007545,60.590467675007545,-4.807882103639713,-4.807882103690645,244.6526388901584,5.093170329928398e-11,-249.46052099379813,6,4e34bffdd2dd88657bb7fb55f284cf0521153c917c774c543a2e903a5e5e05ff
72,Risk-Constrained Convex Verifier,Standalone avoided cost,4,116,0.0,68.39636671969372,68.39636671969372,-4.807882103639713,-4.807882103690645,244.6526388901584,5.093170329928398e-11,-249.46052099379813,6,4e34bffdd2dd88657bb7fb55f284cf0521153c917c774c543a2e903a5e5e05ff
72,Risk-Constrained Convex Verifier,Leave-one-out marginal,1,15,411.8665998393153,496.8802079410488,85.0136081017335,-4.807882103741576,-4.807882103690645,244.6526388901584,-5.093170329928398e-11,-249.4605209939,6,4e34bffdd2dd88657bb7fb55f284cf0521153c917c774c543a2e903a5e5e05ff
72,Risk-Constrained Convex Verifier,Leave-one-out marginal,2,42,-416.6744819430569,-381.2144034455917,35.46007849746519,-4.807882103741576,-4.807882103690645,244.6526388901584,-5.093170329928398e-11,-249.4605209939,6,4e34bffdd2dd88657bb7fb55f284cf0521153c917c774c543a2e903a5e5e05ff
72,Risk-Constrained Convex Verifier,Leave-one-out marginal,3,80,0.0,60.590467675007545,60.590467675007545,-4.807882103741576,-4.807882103690645,244.6526388901584,-5.093170329928398e-11,-249.4605209939,6,4e34bffdd2dd88657bb7fb55f284cf0521153c917c774c543a2e903a5e5e05ff
72,Risk-Constrained Convex Verifier,Leave-one-out marginal,4,116,0.0,68.39636671969372,68.39636671969372,-4.807882103741576,-4.807882103690645,244.6526388901584,-5.093170329928398e-11,-249.4605209939,6,4e34bffdd2dd88657bb7fb55f284cf0521153c917c774c543a2e903a5e5e05ff
72,Risk-Constrained Convex Verifier,Exact Shapley net value,1,15,411.8665998393408,496.8802079410488,85.01360810170803,-4.807882103690645,-4.807882103690645,244.6526388901584,0.0,-249.46052099384906,6,4e34bffdd2dd88657bb7fb55f284cf0521153c917c774c543a2e903a5e5e05ff
72,Risk-Constrained Convex Verifier,Exact Shapley net value,2,42,-416.6744819430314,-381.2144034455917,35.460078497439724,-4.807882103690645,-4.807882103690645,244.6526388901584,0.0,-249.46052099384906,6,4e34bffdd2dd88657bb7fb55f284cf0521153c917c774c543a2e903a5e5e05ff
72,Risk-Constrained Convex Verifier,Exact Shapley net value,3,80,0.0,60.590467675007545,60.590467675007545,-4.807882103690645,-4.807882103690645,244.6526388901584,0.0,-249.46052099384906,6,4e34bffdd2dd88657bb7fb55f284cf0521153c917c774c543a2e903a5e5e05ff
72,Risk-Constrained Convex Verifier,Exact Shapley net value,4,116,0.0,68.39636671969372,68.39636671969372,-4.807882103690645,-4.807882103690645,244.6526388901584,0.0,-249.46052099384906,6,4e34bffdd2dd88657bb7fb55f284cf0521153c917c774c543a2e903a5e5e05ff
73,Trace-Anchored Reference,Nodal signed linear,1,15,539.2881124258191,541.4707437972617,2.1826313714425396,224.75851750413023,221.5429576553979,221.54295765539797,3.215559848732312,3.215559848732255,6,4e34bffdd2dd88657bb7fb55f284cf0521153c917c774c543a2e903a5e5e05ff
73,Trace-Anchored Reference,Nodal signed linear,2,42,-420.0963149438947,-424.2120987151423,4.115783771247607,224.75851750413023,221.5429576553979,221.54295765539797,3.215559848732312,3.215559848732255,6,4e34bffdd2dd88657bb7fb55f284cf0521153c917c774c543a2e903a5e5e05ff
73,Trace-Anchored Reference,Nodal signed linear,3,80,44.401626881161775,44.200440658549276,0.20118622261249897,224.75851750413023,221.5429576553979,221.54295765539797,3.215559848732312,3.215559848732255,6,4e34bffdd2dd88657bb7fb55f284cf0521153c917c774c543a2e903a5e5e05ff
73,Trace-Anchored Reference,Nodal signed linear,4,116,61.165093141044025,60.08387191472927,1.081221226314753,224.75851750413023,221.5429576553979,221.54295765539797,3.215559848732312,3.215559848732255,6,4e34bffdd2dd88657bb7fb55f284cf0521153c917c774c543a2e903a5e5e05ff
73,Trace-Anchored Reference,Standalone avoided cost,1,15,539.2881124258311,541.4707437972617,2.1826313714306025,219.88675986242743,221.5429576553979,221.54295765539797,-1.656197792970488,-1.656197792970545,6,4e34bffdd2dd88657bb7fb55f284cf0521153c917c774c543a2e903a5e5e05ff
73,Trace-Anchored Reference,Standalone avoided cost,2,42,-424.9680725855869,-424.2120987151423,0.7559738704446204,219.88675986242743,221.5429576553979,221.54295765539797,-1.656197792970488,-1.656197792970545,6,4e34bffdd2dd88657bb7fb55f284cf0521153c917c774c543a2e903a5e5e05ff
73,Trace-Anchored Reference,Standalone avoided cost,3,80,44.40162688115379,44.200440658549276,0.20118622260451247,219.88675986242743,221.5429576553979,221.54295765539797,-1.656197792970488,-1.656197792970545,6,4e34bffdd2dd88657bb7fb55f284cf0521153c917c774c543a2e903a5e5e05ff
73,Trace-Anchored Reference,Standalone avoided cost,4,116,61.1650931410295,60.08387191472927,1.0812212263002294,219.88675986242743,221.5429576553979,221.54295765539797,-1.656197792970488,-1.656197792970545,6,4e34bffdd2dd88657bb7fb55f284cf0521153c917c774c543a2e903a5e5e05ff
73,Trace-Anchored Reference,Leave-one-out marginal,1,15,543.7976252207518,541.4707437972617,2.3268814234901356,223.44862211801228,221.5429576553979,221.54295765539797,1.905664462614368,1.905664462614311,6,4e34bffdd2dd88657bb7fb55f284cf0521153c917c774c543a2e903a5e5e05ff
73,Trace-Anchored Reference,Leave-one-out marginal,2,42,-423.31187479263826,-424.2120987151423,0.9002239225040398,223.44862211801228,221.5429576553979,221.54295765539797,1.905664462614368,1.905664462614311,6,4e34bffdd2dd88657bb7fb55f284cf0521153c917c774c543a2e903a5e5e05ff
73,Trace-Anchored Reference,Leave-one-out marginal,3,80,43.9191843178196,44.200440658549276,0.2812563407296764,223.44862211801228,221.5429576553979,221.54295765539797,1.905664462614368,1.905664462614311,6,4e34bffdd2dd88657bb7fb55f284cf0521153c917c774c543a2e903a5e5e05ff
73,Trace-Anchored Reference,Leave-one-out marginal,4,116,59.04368737207915,60.08387191472927,1.040184542650124,223.44862211801228,221.5429576553979,221.54295765539797,1.905664462614368,1.905664462614311,6,4e34bffdd2dd88657bb7fb55f284cf0521153c917c774c543a2e903a5e5e05ff
73,Trace-Anchored Reference,Exact Shapley net value,1,15,541.4707437972617,541.4707437972617,0.0,221.5429576553979,221.5429576553979,221.54295765539797,0.0,-5.684341886080802e-14,6,4e34bffdd2dd88657bb7fb55f284cf0521153c917c774c543a2e903a5e5e05ff
73,Trace-Anchored Reference,Exact Shapley net value,2,42,-424.2120987151423,-424.2120987151423,0.0,221.5429576553979,221.5429576553979,221.54295765539797,0.0,-5.684341886080802e-14,6,4e34bffdd2dd88657bb7fb55f284cf0521153c917c774c543a2e903a5e5e05ff
73,Trace-Anchored Reference,Exact Shapley net value,3,80,44.200440658549276,44.200440658549276,0.0,221.5429576553979,221.5429576553979,221.54295765539797,0.0,-5.684341886080802e-14,6,4e34bffdd2dd88657bb7fb55f284cf0521153c917c774c543a2e903a5e5e05ff
73,Trace-Anchored Reference,Exact Shapley net value,4,116,60.08387191472927,60.08387191472927,0.0,221.5429576553979,221.5429576553979,221.54295765539797,0.0,-5.684341886080802e-14,6,4e34bffdd2dd88657bb7fb55f284cf0521153c917c774c543a2e903a5e5e05ff
73,Risk-Constrained Convex Verifier,Nodal signed linear,1,15,473.9601719461484,541.4707437972617,67.51057185111324,-3.028592175418817,-4.7080605774972355,221.54295765539797,1.6794684020784185,-224.5715498308168,6,4e34bffdd2dd88657bb7fb55f284cf0521153c917c774c543a2e903a5e5e05ff
73,Risk-Constrained Convex Verifier,Nodal signed linear,2,42,-477.15796387011784,-424.2120987151423,52.945865154975536,-3.028592175418817,-4.7080605774972355,221.54295765539797,1.6794684020784185,-224.5715498308168,6,4e34bffdd2dd88657bb7fb55f284cf0521153c917c774c543a2e903a5e5e05ff
73,Risk-Constrained Convex Verifier,Nodal signed linear,3,80,0.07360927363982128,44.200440658549276,44.12683138490945,-3.028592175418817,-4.7080605774972355,221.54295765539797,1.6794684020784185,-224.5715498308168,6,4e34bffdd2dd88657bb7fb55f284cf0521153c917c774c543a2e903a5e5e05ff
73,Risk-Constrained Convex Verifier,Nodal signed linear,4,116,0.09559047491078054,60.08387191472927,59.98828143981849,-3.028592175418817,-4.7080605774972355,221.54295765539797,1.6794684020784185,-224.5715498308168,6,4e34bffdd2dd88657bb7fb55f284cf0521153c917c774c543a2e903a5e5e05ff
73,Risk-Constrained Convex Verifier,Standalone avoided cost,1,15,473.42245443809225,541.4707437972617,68.04828935916942,-10.0502794417298,-4.7080605774972355,221.54295765539797,-5.342218864232564,-231.59323709712777,6,4e34bffdd2dd88657bb7fb55f284cf0521153c917c774c543a2e903a5e5e05ff
73,Risk-Constrained Convex Verifier,Standalone avoided cost,2,42,-483.6419336283652,-424.2120987151423,59.42983491322292,-10.0502794417298,-4.7080605774972355,221.54295765539797,-5.342218864232564,-231.59323709712777,6,4e34bffdd2dd88657bb7fb55f284cf0521153c917c774c543a2e903a5e5e05ff
73,Risk-Constrained Convex Verifier,Standalone avoided cost,3,80,0.07360927363697556,44.200440658549276,44.1268313849123,-10.0502794417298,-4.7080605774972355,221.54295765539797,-5.342218864232564,-231.59323709712777,6,4e34bffdd2dd88657bb7fb55f284cf0521153c917c774c543a2e903a5e5e05ff
73,Risk-Constrained Convex Verifier,Standalone avoided cost,4,116,0.09559047490620287,60.08387191472927,59.98828143982307,-10.0502794417298,-4.7080605774972355,221.54295765539797,-5.342218864232564,-231.59323709712777,6,4e34bffdd2dd88657bb7fb55f284cf0521153c917c774c543a2e903a5e5e05ff
73,Risk-Constrained Convex Verifier,Leave-one-out marginal,1,15,478.933873050868,541.4707437972617,62.536870746393674,0.5708392256419756,-4.7080605774972355,221.54295765539797,5.278899803139211,-220.972118429756,6,4e34bffdd2dd88657bb7fb55f284cf0521153c917c774c543a2e903a5e5e05ff
73,Risk-Constrained Convex Verifier,Leave-one-out marginal,2,42,-478.363033825226,-424.2120987151423,54.15093511008371,0.5708392256419756,-4.7080605774972355,221.54295765539797,5.278899803139211,-220.972118429756,6,4e34bffdd2dd88657bb7fb55f284cf0521153c917c774c543a2e903a5e5e05ff
73,Risk-Constrained Convex Verifier,Leave-one-out marginal,3,80,0.0,44.200440658549276,44.200440658549276,0.5708392256419756,-4.7080605774972355,221.54295765539797,5.278899803139211,-220.972118429756,6,4e34bffdd2dd88657bb7fb55f284cf0521153c917c774c543a2e903a5e5e05ff
73,Risk-Constrained Convex Verifier,Leave-one-out marginal,4,116,0.0,60.08387191472927,60.08387191472927,0.5708392256419756,-4.7080605774972355,221.54295765539797,5.278899803139211,-220.972118429756,6,4e34bffdd2dd88657bb7fb55f284cf0521153c917c774c543a2e903a5e5e05ff
73,Risk-Constrained Convex Verifier,Exact Shapley net value,1,15,476.18871692132933,541.4707437972617,65.28202687593233,-4.7080605774972355,-4.7080605774972355,221.54295765539797,0.0,-226.2510182328952,6,4e34bffdd2dd88657bb7fb55f284cf0521153c917c774c543a2e903a5e5e05ff
73,Risk-Constrained Convex Verifier,Exact Shapley net value,2,42,-480.99193054994583,-424.2120987151423,56.77983183480353,-4.7080605774972355,-4.7080605774972355,221.54295765539797,0.0,-226.2510182328952,6,4e34bffdd2dd88657bb7fb55f284cf0521153c917c774c543a2e903a5e5e05ff
73,Risk-Constrained Convex Verifier,Exact Shapley net value,3,80,0.04139572923516699,44.200440658549276,44.159044929314106,-4.7080605774972355,-4.7080605774972355,221.54295765539797,0.0,-226.2510182328952,6,4e34bffdd2dd88657bb7fb55f284cf0521153c917c774c543a2e903a5e5e05ff
73,Risk-Constrained Convex Verifier,Exact Shapley net value,4,116,0.05375732188410165,60.08387191472927,60.03011459284517,-4.7080605774972355,-4.7080605774972355,221.54295765539797,0.0,-226.2510182328952,6,4e34bffdd2dd88657bb7fb55f284cf0521153c917c774c543a2e903a5e5e05ff
74,Trace-Anchored Reference,Nodal signed linear,1,15,402.3339215122927,403.4007240508083,1.066802538515617,357.8619154085961,357.6215338085167,357.6215338085166,0.24038160007938814,0.24038160007950182,6,4e34bffdd2dd88657bb7fb55f284cf0521153c917c774c543a2e903a5e5e05ff
74,Trace-Anchored Reference,Nodal signed linear,2,42,-257.71679736022867,-258.8468892228581,1.130091862629456,357.8619154085961,357.6215338085167,357.6215338085166,0.24038160007938814,0.24038160007950182,6,4e34bffdd2dd88657bb7fb55f284cf0521153c917c774c543a2e903a5e5e05ff
74,Trace-Anchored Reference,Nodal signed linear,3,80,151.6397527527488,151.54478272063048,0.09497003211831156,357.8619154085961,357.6215338085167,357.6215338085166,0.24038160007938814,0.24038160007950182,6,4e34bffdd2dd88657bb7fb55f284cf0521153c917c774c543a2e903a5e5e05ff
74,Trace-Anchored Reference,Nodal signed linear,4,116,61.60503850378325,61.52291625993591,0.08212224384733702,357.8619154085961,357.6215338085167,357.6215338085166,0.24038160007938814,0.24038160007950182,6,4e34bffdd2dd88657bb7fb55f284cf0521153c917c774c543a2e903a5e5e05ff
74,Trace-Anchored Reference,Standalone avoided cost,1,15,402.33392151230146,403.4007240508083,1.0668025385068631,355.98009419217124,357.6215338085167,357.6215338085166,-1.6414396163454512,-1.6414396163453375,6,4e34bffdd2dd88657bb7fb55f284cf0521153c917c774c543a2e903a5e5e05ff
74,Trace-Anchored Reference,Standalone avoided cost,2,42,-259.59861857667056,-258.8468892228581,0.7517293538124363,355.98009419217124,357.6215338085167,357.6215338085166,-1.6414396163454512,-1.6414396163453375,6,4e34bffdd2dd88657bb7fb55f284cf0521153c917c774c543a2e903a5e5e05ff
74,Trace-Anchored Reference,Standalone avoided cost,3,80,151.63975275275516,151.54478272063048,0.09497003212467803,355.98009419217124,357.6215338085167,357.6215338085166,-1.6414396163454512,-1.6414396163453375,6,4e34bffdd2dd88657bb7fb55f284cf0521153c917c774c543a2e903a5e5e05ff
74,Trace-Anchored Reference,Standalone avoided cost,4,116,61.60503850378518,61.52291625993591,0.0821222438492697,355.98009419217124,357.6215338085167,357.6215338085166,-1.6414396163454512,-1.6414396163453375,6,4e34bffdd2dd88657bb7fb55f284cf0521153c917c774c543a2e903a5e5e05ff
74,Trace-Anchored Reference,Leave-one-out marginal,1,15,404.6055074980468,403.4007240508083,1.2047834472384693,359.67691615105286,357.6215338085167,357.6215338085166,2.055382342536177,2.0553823425362907,6,4e34bffdd2dd88657bb7fb55f284cf0521153c917c774c543a2e903a5e5e05ff
74,Trace-Anchored Reference,Leave-one-out marginal,2,42,-257.9571789603142,-258.8468892228581,0.8897102625439288,359.67691615105286,357.6215338085167,357.6215338085166,2.055382342536177,2.0553823425362907,6,4e34bffdd2dd88657bb7fb55f284cf0521153c917c774c543a2e903a5e5e05ff
74,Trace-Anchored Reference,Leave-one-out marginal,3,80,151.52195473388565,151.54478272063048,0.02282798674482933,359.67691615105286,357.6215338085167,357.6215338085166,2.055382342536177,2.0553823425362907,6,4e34bffdd2dd88657bb7fb55f284cf0521153c917c774c543a2e903a5e5e05ff
74,Trace-Anchored Reference,Leave-one-out marginal,4,116,61.50663287943462,61.52291625993591,0.0162833805012923,359.67691615105286,357.6215338085167,357.6215338085166,2.055382342536177,2.0553823425362907,6,4e34bffdd2dd88657bb7fb55f284cf0521153c917c774c543a2e903a5e5e05ff
74,Trace-Anchored Reference,Exact Shapley net value,1,15,403.4007240508083,403.4007240508083,0.0,357.62153380851663,357.6215338085167,357.6215338085166,-5.684341886080802e-14,5.684341886080802e-14,6,4e34bffdd2dd88657bb7fb55f284cf0521153c917c774c543a2e903a5e5e05ff
74,Trace-Anchored Reference,Exact Shapley net value,2,42,-258.8468892228581,-258.8468892228581,0.0,357.62153380851663,357.6215338085167,357.6215338085166,-5.684341886080802e-14,5.684341886080802e-14,6,4e34bffdd2dd88657bb7fb55f284cf0521153c917c774c543a2e903a5e5e05ff
74,Trace-Anchored Reference,Exact Shapley net value,3,80,151.54478272063048,151.54478272063048,0.0,357.62153380851663,357.6215338085167,357.6215338085166,-5.684341886080802e-14,5.684341886080802e-14,6,4e34bffdd2dd88657bb7fb55f284cf0521153c917c774c543a2e903a5e5e05ff
74,Trace-Anchored Reference,Exact Shapley net value,4,116,61.52291625993591,61.52291625993591,0.0,357.62153380851663,357.6215338085167,357.6215338085166,-5.684341886080802e-14,5.684341886080802e-14,6,4e34bffdd2dd88657bb7fb55f284cf0521153c917c774c543a2e903a5e5e05ff
74,Risk-Constrained Convex Verifier,Nodal signed linear,1,15,319.24883468546767,403.4007240508083,84.15188936534065,-0.06091266139077334,-0.301294261473231,357.6215338085166,0.24038160008245768,-357.68244646990735,6,4e34bffdd2dd88657bb7fb55f284cf0521153c917c774c543a2e903a5e5e05ff
74,Risk-Constrained Convex Verifier,Nodal signed linear,2,42,-319.30974734685844,-258.8468892228581,60.46285812400032,-0.06091266139077334,-0.301294261473231,357.6215338085166,0.24038160008245768,-357.68244646990735,6,4e34bffdd2dd88657bb7fb55f284cf0521153c917c774c543a2e903a5e5e05ff
74,Risk-Constrained Convex Verifier,Nodal signed linear,3,80,0.0,151.54478272063048,151.54478272063048,-0.06091266139077334,-0.301294261473231,357.6215338085166,0.24038160008245768,-357.68244646990735,6,4e34bffdd2dd88657bb7fb55f284cf0521153c917c774c543a2e903a5e5e05ff
74,Risk-Constrained Convex Verifier,Nodal signed linear,4,116,0.0,61.52291625993591,61.52291625993591,-0.06091266139077334,-0.301294261473231,357.6215338085166,0.24038160008245768,-357.68244646990735,6,4e34bffdd2dd88657bb7fb55f284cf0521153c917c774c543a2e903a5e5e05ff
74,Risk-Constrained Convex Verifier,Standalone avoided cost,1,15,319.24883468547705,403.4007240508083,84.15188936533127,-2.995696560403303,-0.301294261473231,357.6215338085166,-2.694402298930072,-360.6172303689199,6,4e34bffdd2dd88657bb7fb55f284cf0521153c917c774c543a2e903a5e5e05ff
74,Risk-Constrained Convex Verifier,Standalone avoided cost,2,42,-322.24453124588035,-258.8468892228581,63.39764202302223,-2.995696560403303,-0.301294261473231,357.6215338085166,-2.694402298930072,-360.6172303689199,6,4e34bffdd2dd88657bb7fb55f284cf0521153c917c774c543a2e903a5e5e05ff
74,Risk-Constrained Convex Verifier,Standalone avoided cost,3,80,0.0,151.54478272063048,151.54478272063048,-2.995696560403303,-0.301294261473231,357.6215338085166,-2.694402298930072,-360.6172303689199,6,4e34bffdd2dd88657bb7fb55f284cf0521153c917c774c543a2e903a5e5e05ff
74,Risk-Constrained Convex Verifier,Standalone avoided cost,4,116,0.0,61.52291625993591,61.52291625993591,-2.995696560403303,-0.301294261473231,357.6215338085166,-2.694402298930072,-360.6172303689199,6,4e34bffdd2dd88657bb7fb55f284cf0521153c917c774c543a2e903a5e5e05ff
74,Risk-Constrained Convex Verifier,Leave-one-out marginal,1,15,321.9432369844071,403.4007240508083,81.4574870664012,2.393108037456841,-0.301294261473231,357.6215338085166,2.694402298930072,-355.22842577105973,6,4e34bffdd2dd88657bb7fb55f284cf0521153c917c774c543a2e903a5e5e05ff
74,Risk-Constrained Convex Verifier,Leave-one-out marginal,2,42,-319.5501289469503,-258.8468892228581,60.70323972409216,2.393108037456841,-0.301294261473231,357.6215338085166,2.694402298930072,-355.22842577105973,6,4e34bffdd2dd88657bb7fb55f284cf0521153c917c774c543a2e903a5e5e05ff
74,Risk-Constrained Convex Verifier,Leave-one-out marginal,3,80,0.0,151.54478272063048,151.54478272063048,2.393108037456841,-0.301294261473231,357.6215338085166,2.694402298930072,-355.22842577105973,6,4e34bffdd2dd88657bb7fb55f284cf0521153c917c774c543a2e903a5e5e05ff
74,Risk-Constrained Convex Verifier,Leave-one-out marginal,4,116,0.0,61.52291625993591,61.52291625993591,2.393108037456841,-0.301294261473231,357.6215338085166,2.694402298930072,-355.22842577105973,6,4e34bffdd2dd88657bb7fb55f284cf0521153c917c774c543a2e903a5e5e05ff
74,Risk-Constrained Convex Verifier,Exact Shapley net value,1,15,320.5960358349421,403.4007240508083,82.80468821586624,-0.301294261473231,-0.301294261473231,357.6215338085166,0.0,-357.9228280699898,6,4e34bffdd2dd88657bb7fb55f284cf0521153c917c774c543a2e903a5e5e05ff
74,Risk-Constrained Convex Verifier,Exact Shapley net value,2,42,-320.8973300964153,-258.8468892228581,62.05044087355719,-0.301294261473231,-0.301294261473231,357.6215338085166,0.0,-357.9228280699898,6,4e34bffdd2dd88657bb7fb55f284cf0521153c917c774c543a2e903a5e5e05ff
74,Risk-Constrained Convex Verifier,Exact Shapley net value,3,80,0.0,151.54478272063048,151.54478272063048,-0.301294261473231,-0.301294261473231,357.6215338085166,0.0,-357.9228280699898,6,4e34bffdd2dd88657bb7fb55f284cf0521153c917c774c543a2e903a5e5e05ff
74,Risk-Constrained Convex Verifier,Exact Shapley net value,4,116,0.0,61.52291625993591,61.52291625993591,-0.301294261473231,-0.301294261473231,357.6215338085166,0.0,-357.9228280699898,6,4e34bffdd2dd88657bb7fb55f284cf0521153c917c774c543a2e903a5e5e05ff
75,Trace-Anchored Reference,Nodal signed linear,1,15,859.6720809318077,869.7221689759153,10.05008804410761,-12.565950131194185,-34.50988389889244,-34.50988389889237,21.943933767698255,21.943933767698184,6,4e34bffdd2dd88657bb7fb55f284cf0521153c917c774c543a2e903a5e5e05ff
75,Trace-Anchored Reference,Nodal signed linear,2,42,-789.9832997640843,-817.2418993958024,27.258599631718084,-12.565950131194185,-34.50988389889244,-34.50988389889237,21.943933767698255,21.943933767698184,6,4e34bffdd2dd88657bb7fb55f284cf0521153c917c774c543a2e903a5e5e05ff
75,Trace-Anchored Reference,Nodal signed linear,3,80,-41.06912108237979,-43.90378049653858,2.834659414158793,-12.565950131194185,-34.50988389889244,-34.50988389889237,21.943933767698255,21.943933767698184,6,4e34bffdd2dd88657bb7fb55f284cf0521153c917c774c543a2e903a5e5e05ff
75,Trace-Anchored Reference,Nodal signed linear,4,116,-41.18561021653779,-43.08637298246686,1.9007627659290733,-12.565950131194185,-34.50988389889244,-34.50988389889237,21.943933767698255,21.943933767698184,6,4e34bffdd2dd88657bb7fb55f284cf0521153c917c774c543a2e903a5e5e05ff
75,Trace-Anchored Reference,Standalone avoided cost,1,15,858.6922613546812,869.7221689759153,11.029907621234088,-46.59581804033951,-34.50988389889244,-34.50988389889237,-12.08593414144707,-12.08593414144714,6,4e34bffdd2dd88657bb7fb55f284cf0521153c917c774c543a2e903a5e5e05ff
75,Trace-Anchored Reference,Standalone avoided cost,2,42,-822.9197249870303,-817.2418993958024,5.677825591227929,-46.59581804033951,-34.50988389889244,-34.50988389889237,-12.08593414144707,-12.08593414144714,6,4e34bffdd2dd88657bb7fb55f284cf0521153c917c774c543a2e903a5e5e05ff
75,Trace-Anchored Reference,Standalone avoided cost,3,80,-41.18274419143563,-43.90378049653858,2.721036305102949,-46.59581804033951,-34.50988389889244,-34.50988389889237,-12.08593414144707,-12.08593414144714,6,4e34bffdd2dd88657bb7fb55f284cf0521153c917c774c543a2e903a5e5e05ff
75,Trace-Anchored Reference,Standalone avoided cost,4,116,-41.18561021655478,-43.08637298246686,1.9007627659120843,-46.59581804033951,-34.50988389889244,-34.50988389889237,-12.08593414144707,-12.08593414144714,6,4e34bffdd2dd88657bb7fb55f284cf0521153c917c774c543a2e903a5e5e05ff
75,Trace-Anchored Reference,Leave-one-out marginal,1,15,880.6060153897379,869.7221689759153,10.883846413822539,-23.607878567971056,-34.50988389889244,-34.50988389889237,10.902005330921384,10.902005330921313,6,4e34bffdd2dd88657bb7fb55f284cf0521153c917c774c543a2e903a5e5e05ff
75,Trace-Anchored Reference,Leave-one-out marginal,2,42,-811.7170651706074,-817.2418993958024,5.524834225195036,-23.607878567971056,-34.50988389889244,-34.50988389889237,10.902005330921384,10.902005330921313,6,4e34bffdd2dd88657bb7fb55f284cf0521153c917c774c543a2e903a5e5e05ff
75,Trace-Anchored Reference,Leave-one-out marginal,3,80,-47.098355781898135,-43.90378049653858,3.194575285359555,-23.607878567971056,-34.50988389889244,-34.50988389889237,10.902005330921384,10.902005330921313,6,4e34bffdd2dd88657bb7fb55f284cf0521153c917c774c543a2e903a5e5e05ff
75,Trace-Anchored Reference,Leave-one-out marginal,4,116,-45.398473005203414,-43.08637298246686,2.3121000227365514,-23.607878567971056,-34.50988389889244,-34.50988389889237,10.902005330921384,10.902005330921313,6,4e34bffdd2dd88657bb7fb55f284cf0521153c917c774c543a2e903a5e5e05ff
75,Trace-Anchored Reference,Exact Shapley net value,1,15,869.7221689759153,869.7221689759153,0.0,-34.509883898892525,-34.50988389889244,-34.50988389889237,-8.526512829121202e-14,-1.5631940186722204e-13,6,4e34bffdd2dd88657bb7fb55f284cf0521153c917c774c543a2e903a5e5e05ff
75,Trace-Anchored Reference,Exact Shapley net value,2,42,-817.2418993958024,-817.2418993958024,0.0,-34.509883898892525,-34.50988389889244,-34.50988389889237,-8.526512829121202e-14,-1.5631940186722204e-13,6,4e34bffdd2dd88657bb7fb55f284cf0521153c917c774c543a2e903a5e5e05ff
75,Trace-Anchored Reference,Exact Shapley net value,3,80,-43.90378049653858,-43.90378049653858,0.0,-34.509883898892525,-34.50988389889244,-34.50988389889237,-8.526512829121202e-14,-1.5631940186722204e-13,6,4e34bffdd2dd88657bb7fb55f284cf0521153c917c774c543a2e903a5e5e05ff
75,Trace-Anchored Reference,Exact Shapley net value,4,116,-43.08637298246686,-43.08637298246686,0.0,-34.509883898892525,-34.50988389889244,-34.50988389889237,-8.526512829121202e-14,-1.5631940186722204e-13,6,4e34bffdd2dd88657bb7fb55f284cf0521153c917c774c543a2e903a5e5e05ff
75,Risk-Constrained Convex Verifier,Nodal signed linear,1,15,793.324029430748,869.7221689759153,76.39813954516728,-11.29072832866052,-17.15952582891623,-34.50988389889237,5.86879750025571,23.219155570231848,6,4e34bffdd2dd88657bb7fb55f284cf0521153c917c774c543a2e903a5e5e05ff
75,Risk-Constrained Convex Verifier,Nodal signed linear,2,42,-804.6147577594086,-817.2418993958024,12.627141636393844,-11.29072832866052,-17.15952582891623,-34.50988389889237,5.86879750025571,23.219155570231848,6,4e34bffdd2dd88657bb7fb55f284cf0521153c917c774c543a2e903a5e5e05ff
75,Risk-Constrained Convex Verifier,Nodal signed linear,3,80,0.0,-43.90378049653858,43.90378049653858,-11.29072832866052,-17.15952582891623,-34.50988389889237,5.86879750025571,23.219155570231848,6,4e34bffdd2dd88657bb7fb55f284cf0521153c917c774c543a2e903a5e5e05ff
75,Risk-Constrained Convex Verifier,Nodal signed linear,4,116,0.0,-43.08637298246686,43.08637298246686,-11.29072832866052,-17.15952582891623,-34.50988389889237,5.86879750025571,23.219155570231848,6,4e34bffdd2dd88657bb7fb55f284cf0521153c917c774c543a2e903a5e5e05ff
75,Risk-Constrained Convex Verifier,Standalone avoided cost,1,15,793.324029430787,869.7221689759153,76.39813954512829,-53.50552410499586,-17.15952582891623,-34.50988389889237,-36.34599827607963,-18.995640206103488,6,4e34bffdd2dd88657bb7fb55f284cf0521153c917c774c543a2e903a5e5e05ff
75,Risk-Constrained Convex Verifier,Standalone avoided cost,2,42,-846.8295535357829,-817.2418993958024,29.587654139980486,-53.50552410499586,-17.15952582891623,-34.50988389889237,-36.34599827607963,-18.995640206103488,6,4e34bffdd2dd88657bb7fb55f284cf0521153c917c774c543a2e903a5e5e05ff
75,Risk-Constrained Convex Verifier,Standalone avoided cost,3,80,0.0,-43.90378049653858,43.90378049653858,-53.50552410499586,-17.15952582891623,-34.50988389889237,-36.34599827607963,-18.995640206103488,6,4e34bffdd2dd88657bb7fb55f284cf0521153c917c774c543a2e903a5e5e05ff
75,Risk-Constrained Convex Verifier,Standalone avoided cost,4,116,0.0,-43.08637298246686,43.08637298246686,-53.50552410499586,-17.15952582891623,-34.50988389889237,-36.34599827607963,-18.995640206103488,6,4e34bffdd2dd88657bb7fb55f284cf0521153c917c774c543a2e903a5e5e05ff
75,Risk-Constrained Convex Verifier,Leave-one-out marginal,1,15,829.6700277068667,869.7221689759153,40.05214126904866,19.186472447163396,-17.15952582891623,-34.50988389889237,36.34599827607963,53.696356346055765,6,4e34bffdd2dd88657bb7fb55f284cf0521153c917c774c543a2e903a5e5e05ff
75,Risk-Constrained Convex Verifier,Leave-one-out marginal,2,42,-810.4835552597033,-817.2418993958024,6.75834413609914,19.186472447163396,-17.15952582891623,-34.50988389889237,36.34599827607963,53.696356346055765,6,4e34bffdd2dd88657bb7fb55f284cf0521153c917c774c543a2e903a5e5e05ff
75,Risk-Constrained Convex Verifier,Leave-one-out marginal,3,80,0.0,-43.90378049653858,43.90378049653858,19.186472447163396,-17.15952582891623,-34.50988389889237,36.34599827607963,53.696356346055765,6,4e34bffdd2dd88657bb7fb55f284cf0521153c917c774c543a2e903a5e5e05ff
75,Risk-Constrained Convex Verifier,Leave-one-out marginal,4,116,0.0,-43.08637298246686,43.08637298246686,19.186472447163396,-17.15952582891623,-34.50988389889237,36.34599827607963,53.696356346055765,6,4e34bffdd2dd88657bb7fb55f284cf0521153c917c774c543a2e903a5e5e05ff
75,Risk-Constrained Convex Verifier,Exact Shapley net value,1,15,811.4970285688269,869.7221689759153,58.225140407088475,-17.15952582891623,-17.15952582891623,-34.50988389889237,0.0,17.35035806997614,6,4e34bffdd2dd88657bb7fb55f284cf0521153c917c774c543a2e903a5e5e05ff
75,Risk-Constrained Convex Verifier,Exact Shapley net value,2,42,-828.6565543977431,-817.2418993958024,11.414655001940673,-17.15952582891623,-17.15952582891623,-34.50988389889237,0.0,17.35035806997614,6,4e34bffdd2dd88657bb7fb55f284cf0521153c917c774c543a2e903a5e5e05ff
75,Risk-Constrained Convex Verifier,Exact Shapley net value,3,80,0.0,-43.90378049653858,43.90378049653858,-17.15952582891623,-17.15952582891623,-34.50988389889237,0.0,17.35035806997614,6,4e34bffdd2dd88657bb7fb55f284cf0521153c917c774c543a2e903a5e5e05ff
75,Risk-Constrained Convex Verifier,Exact Shapley net value,4,116,0.0,-43.08637298246686,43.08637298246686,-17.15952582891623,-17.15952582891623,-34.50988389889237,0.0,17.35035806997614,6,4e34bffdd2dd88657bb7fb55f284cf0521153c917c774c543a2e903a5e5e05ff
76,Trace-Anchored Reference,Nodal signed linear,1,15,429.08162776304886,429.08162776305073,1.8758328224066645e-12,387.5250753345331,387.5250753345208,387.5250753345208,1.2278178473934531e-11,1.2278178473934531e-11,6,4e34bffdd2dd88657bb7fb55f284cf0521153c917c774c543a2e903a5e5e05ff
76,Trace-Anchored Reference,Nodal signed linear,2,42,-309.599690161099,-309.59969016110307,4.092726157978177e-12,387.5250753345331,387.5250753345208,387.5250753345208,1.2278178473934531e-11,1.2278178473934531e-11,6,4e34bffdd2dd88657bb7fb55f284cf0521153c917c774c543a2e903a5e5e05ff
76,Trace-Anchored Reference,Nodal signed linear,3,80,185.53743966782545,185.53743966781954,5.9117155615240335e-12,387.5250753345331,387.5250753345208,387.5250753345208,1.2278178473934531e-11,1.2278178473934531e-11,6,4e34bffdd2dd88657bb7fb55f284cf0521153c917c774c543a2e903a5e5e05ff
76,Trace-Anchored Reference,Nodal signed linear,4,116,82.50569806475778,82.50569806475355,4.234834705130197e-12,387.5250753345331,387.5250753345208,387.5250753345208,1.2278178473934531e-11,1.2278178473934531e-11,6,4e34bffdd2dd88657bb7fb55f284cf0521153c917c774c543a2e903a5e5e05ff
76,Trace-Anchored Reference,Standalone avoided cost,1,15,429.0816277630547,429.08162776305073,3.979039320256561e-12,387.5250753345281,387.5250753345208,387.5250753345208,7.275957614183426e-12,7.275957614183426e-12,6,4e34bffdd2dd88657bb7fb55f284cf0521153c917c774c543a2e903a5e5e05ff
76,Trace-Anchored Reference,Standalone avoided cost,2,42,-309.5996901610997,-309.59969016110307,3.353761712787673e-12,387.5250753345281,387.5250753345208,387.5250753345208,7.275957614183426e-12,7.275957614183426e-12,6,4e34bffdd2dd88657bb7fb55f284cf0521153c917c774c543a2e903a5e5e05ff
76,Trace-Anchored Reference,Standalone avoided cost,3,80,185.53743966781622,185.53743966781954,3.325340003357269e-12,387.5250753345281,387.5250753345208,387.5250753345208,7.275957614183426e-12,7.275957614183426e-12,6,4e34bffdd2dd88657bb7fb55f284cf0521153c917c774c543a2e903a5e5e05ff
76,Trace-Anchored Reference,Standalone avoided cost,4,116,82.50569806475687,82.50569806475355,3.325340003357269e-12,387.5250753345281,387.5250753345208,387.5250753345208,7.275957614183426e-12,7.275957614183426e-12,6,4e34bffdd2dd88657bb7fb55f284cf0521153c917c774c543a2e903a5e5e05ff
76,Trace-Anchored Reference,Leave-one-out marginal,1,15,429.0816277630547,429.08162776305073,3.979039320256561e-12,387.525075334539,387.5250753345208,387.5250753345208,1.8189894035458565e-11,1.8189894035458565e-11,6,4e34bffdd2dd88657bb7fb55f284cf0521153c917c774c543a2e903a5e5e05ff
76,Trace-Anchored Reference,Leave-one-out marginal,2,42,-309.59969016110335,-309.59969016110307,2.8421709430404007e-13,387.525075334539,387.5250753345208,387.5250753345208,1.8189894035458565e-11,1.8189894035458565e-11,6,4e34bffdd2dd88657bb7fb55f284cf0521153c917c774c543a2e903a5e5e05ff
76,Trace-Anchored Reference,Leave-one-out marginal,3,80,185.53743966782713,185.53743966781954,7.58859641791787e-12,387.525075334539,387.5250753345208,387.5250753345208,1.8189894035458565e-11,1.8189894035458565e-11,6,4e34bffdd2dd88657bb7fb55f284cf0521153c917c774c543a2e903a5e5e05ff
76,Trace-Anchored Reference,Leave-one-out marginal,4,116,82.50569806476051,82.50569806475355,6.963318810448982e-12,387.525075334539,387.5250753345208,387.5250753345208,1.8189894035458565e-11,1.8189894035458565e-11,6,4e34bffdd2dd88657bb7fb55f284cf0521153c917c774c543a2e903a5e5e05ff
76,Trace-Anchored Reference,Exact Shapley net value,1,15,429.08162776305073,429.08162776305073,0.0,387.5250753345208,387.5250753345208,387.5250753345208,0.0,0.0,6,4e34bffdd2dd88657bb7fb55f284cf0521153c917c774c543a2e903a5e5e05ff
76,Trace-Anchored Reference,Exact Shapley net value,2,42,-309.59969016110307,-309.59969016110307,0.0,387.5250753345208,387.5250753345208,387.5250753345208,0.0,0.0,6,4e34bffdd2dd88657bb7fb55f284cf0521153c917c774c543a2e903a5e5e05ff
76,Trace-Anchored Reference,Exact Shapley net value,3,80,185.53743966781954,185.53743966781954,0.0,387.5250753345208,387.5250753345208,387.5250753345208,0.0,0.0,6,4e34bffdd2dd88657bb7fb55f284cf0521153c917c774c543a2e903a5e5e05ff
76,Trace-Anchored Reference,Exact Shapley net value,4,116,82.50569806475355,82.50569806475355,0.0,387.5250753345208,387.5250753345208,387.5250753345208,0.0,0.0,6,4e34bffdd2dd88657bb7fb55f284cf0521153c917c774c543a2e903a5e5e05ff
76,Risk-Constrained Convex Verifier,Nodal signed linear,1,15,351.04766967350065,429.08162776305073,78.03395808955008,-4.793003317138641,-4.793003317139664,387.5250753345208,1.0231815394945443e-12,-392.31807865165945,6,4e34bffdd2dd88657bb7fb55f284cf0521153c917c774c543a2e903a5e5e05ff
76,Risk-Constrained Convex Verifier,Nodal signed linear,2,42,-355.8406729906393,-309.59969016110307,46.24098282953622,-4.793003317138641,-4.793003317139664,387.5250753345208,1.0231815394945443e-12,-392.31807865165945,6,4e34bffdd2dd88657bb7fb55f284cf0521153c917c774c543a2e903a5e5e05ff
76,Risk-Constrained Convex Verifier,Nodal signed linear,3,80,0.0,185.53743966781954,185.53743966781954,-4.793003317138641,-4.793003317139664,387.5250753345208,1.0231815394945443e-12,-392.31807865165945,6,4e34bffdd2dd88657bb7fb55f284cf0521153c917c774c543a2e903a5e5e05ff
76,Risk-Constrained Convex Verifier,Nodal signed linear,4,116,0.0,82.50569806475355,82.50569806475355,-4.793003317138641,-4.793003317139664,387.5250753345208,1.0231815394945443e-12,-392.31807865165945,6,4e34bffdd2dd88657bb7fb55f284cf0521153c917c774c543a2e903a5e5e05ff
76,Risk-Constrained Convex Verifier,Standalone avoided cost,1,15,351.0476696734986,429.08162776305073,78.03395808955213,-4.793003317139664,-4.793003317139664,387.5250753345208,0.0,-392.31807865166047,6,4e34bffdd2dd88657bb7fb55f284cf0521153c917c774c543a2e903a5e5e05ff
76,Risk-Constrained Convex Verifier,Standalone avoided cost,2,42,-355.84067299063827,-309.59969016110307,46.2409828295352,-4.793003317139664,-4.793003317139664,387.5250753345208,0.0,-392.31807865166047,6,4e34bffdd2dd88657bb7fb55f284cf0521153c917c774c543a2e903a5e5e05ff
76,Risk-Constrained Convex Verifier,Standalone avoided cost,3,80,0.0,185.53743966781954,185.53743966781954,-4.793003317139664,-4.793003317139664,387.5250753345208,0.0,-392.31807865166047,6,4e34bffdd2dd88657bb7fb55f284cf0521153c917c774c543a2e903a5e5e05ff
76,Risk-Constrained Convex Verifier,Standalone avoided cost,4,116,0.0,82.50569806475355,82.50569806475355,-4.793003317139664,-4.793003317139664,387.5250753345208,0.0,-392.31807865166047,6,4e34bffdd2dd88657bb7fb55f284cf0521153c917c774c543a2e903a5e5e05ff
76,Risk-Constrained Convex Verifier,Leave-one-out marginal,1,15,351.0476696734986,429.08162776305073,78.03395808955213,-4.793003317139664,-4.793003317139664,387.5250753345208,0.0,-392.31807865166047,6,4e34bffdd2dd88657bb7fb55f284cf0521153c917c774c543a2e903a5e5e05ff
76,Risk-Constrained Convex Verifier,Leave-one-out marginal,2,42,-355.84067299063827,-309.59969016110307,46.2409828295352,-4.793003317139664,-4.793003317139664,387.5250753345208,0.0,-392.31807865166047,6,4e34bffdd2dd88657bb7fb55f284cf0521153c917c774c543a2e903a5e5e05ff
76,Risk-Constrained Convex Verifier,Leave-one-out marginal,3,80,0.0,185.53743966781954,185.53743966781954,-4.793003317139664,-4.793003317139664,387.5250753345208,0.0,-392.31807865166047,6,4e34bffdd2dd88657bb7fb55f284cf0521153c917c774c543a2e903a5e5e05ff
76,Risk-Constrained Convex Verifier,Leave-one-out marginal,4,116,0.0,82.50569806475355,82.50569806475355,-4.793003317139664,-4.793003317139664,387.5250753345208,0.0,-392.31807865166047,6,4e34bffdd2dd88657bb7fb55f284cf0521153c917c774c543a2e903a5e5e05ff
76,Risk-Constrained Convex Verifier,Exact Shapley net value,1,15,351.0476696734986,429.08162776305073,78.03395808955213,-4.793003317139664,-4.793003317139664,387.5250753345208,0.0,-392.31807865166047,6,4e34bffdd2dd88657bb7fb55f284cf0521153c917c774c543a2e903a5e5e05ff
76,Risk-Constrained Convex Verifier,Exact Shapley net value,2,42,-355.84067299063827,-309.59969016110307,46.2409828295352,-4.793003317139664,-4.793003317139664,387.5250753345208,0.0,-392.31807865166047,6,4e34bffdd2dd88657bb7fb55f284cf0521153c917c774c543a2e903a5e5e05ff
76,Risk-Constrained Convex Verifier,Exact Shapley net value,3,80,0.0,185.53743966781954,185.53743966781954,-4.793003317139664,-4.793003317139664,387.5250753345208,0.0,-392.31807865166047,6,4e34bffdd2dd88657bb7fb55f284cf0521153c917c774c543a2e903a5e5e05ff
76,Risk-Constrained Convex Verifier,Exact Shapley net value,4,116,0.0,82.50569806475355,82.50569806475355,-4.793003317139664,-4.793003317139664,387.5250753345208,0.0,-392.31807865166047,6,4e34bffdd2dd88657bb7fb55f284cf0521153c917c774c543a2e903a5e5e05ff
77,Trace-Anchored Reference,Nodal signed linear,1,15,145.1962658656812,143.32229745674857,1.873968408932626,671.9456978609213,666.6520290687004,666.6520290687004,5.293668792220956,5.293668792220956,6,4e34bffdd2dd88657bb7fb55f284cf0521153c917c774c543a2e903a5e5e05ff
77,Trace-Anchored Reference,Nodal signed linear,2,42,40.568583423708446,39.89326732070579,0.6753161030026575,671.9456978609213,666.6520290687004,666.6520290687004,5.293668792220956,5.293668792220956,6,4e34bffdd2dd88657bb7fb55f284cf0521153c917c774c543a2e903a5e5e05ff
77,Trace-Anchored Reference,Nodal signed linear,3,80,286.3493268421675,284.8569503280368,1.492376514130683,671.9456978609213,666.6520290687004,666.6520290687004,5.293668792220956,5.293668792220956,6,4e34bffdd2dd88657bb7fb55f284cf0521153c917c774c543a2e903a5e5e05ff
77,Trace-Anchored Reference,Nodal signed linear,4,116,199.8315217293642,198.57951396320914,1.2520077661550602,671.9456978609213,666.6520290687004,666.6520290687004,5.293668792220956,5.293668792220956,6,4e34bffdd2dd88657bb7fb55f284cf0521153c917c774c543a2e903a5e5e05ff
77,Trace-Anchored Reference,Standalone avoided cost,1,15,143.65662348635306,143.32229745674857,0.3343260296044832,667.6747434019308,666.6520290687004,666.6520290687004,1.0227143332303967,1.0227143332303967,6,4e34bffdd2dd88657bb7fb55f284cf0521153c917c774c543a2e903a5e5e05ff
77,Trace-Anchored Reference,Standalone avoided cost,2,42,39.87999141466935,39.89326732070579,0.013275906036440688,667.6747434019308,666.6520290687004,666.6520290687004,1.0227143332303967,1.0227143332303967,6,4e34bffdd2dd88657bb7fb55f284cf0521153c917c774c543a2e903a5e5e05ff
77,Trace-Anchored Reference,Standalone avoided cost,3,80,285.2256457146832,284.8569503280368,0.3686953866463796,667.6747434019308,666.6520290687004,666.6520290687004,1.0227143332303967,1.0227143332303967,6,4e34bffdd2dd88657bb7fb55f284cf0521153c917c774c543a2e903a5e5e05ff
77,Trace-Anchored Reference,Standalone avoided cost,4,116,198.91248278622515,198.57951396320914,0.33296882301601727,667.6747434019308,666.6520290687004,666.6520290687004,1.0227143332303967,1.0227143332303967,6,4e34bffdd2dd88657bb7fb55f284cf0521153c917c774c543a2e903a5e5e05ff
77,Trace-Anchored Reference,Leave-one-out marginal,1,15,143.11782689695247,143.32229745674857,0.20447055979610695,666.1132324792925,666.6520290687004,666.6520290687004,-0.5387965894078661,-0.5387965894078661,6,4e34bffdd2dd88657bb7fb55f284cf0521153c917c774c543a2e903a5e5e05ff
77,Trace-Anchored Reference,Leave-one-out marginal,2,42,39.934870260214666,39.89326732070579,0.04160293950887706,666.1132324792925,666.6520290687004,666.6520290687004,-0.5387965894078661,-0.5387965894078661,6,4e34bffdd2dd88657bb7fb55f284cf0521153c917c774c543a2e903a5e5e05ff
77,Trace-Anchored Reference,Leave-one-out marginal,3,80,284.68684912528624,284.8569503280368,0.1701012027505726,666.1132324792925,666.6520290687004,666.6520290687004,-0.5387965894078661,-0.5387965894078661,6,4e34bffdd2dd88657bb7fb55f284cf0521153c917c774c543a2e903a5e5e05ff
77,Trace-Anchored Reference,Leave-one-out marginal,4,116,198.37368619683912,198.57951396320914,0.20582776637002098,666.1132324792925,666.6520290687004,666.6520290687004,-0.5387965894078661,-0.5387965894078661,6,4e34bffdd2dd88657bb7fb55f284cf0521153c917c774c543a2e903a5e5e05ff
77,Trace-Anchored Reference,Exact Shapley net value,1,15,143.32229745674857,143.32229745674857,0.0,666.6520290687004,666.6520290687004,666.6520290687004,0.0,0.0,6,4e34bffdd2dd88657bb7fb55f284cf0521153c917c774c543a2e903a5e5e05ff
77,Trace-Anchored Reference,Exact Shapley net value,2,42,39.89326732070579,39.89326732070579,0.0,666.6520290687004,666.6520290687004,666.6520290687004,0.0,0.0,6,4e34bffdd2dd88657bb7fb55f284cf0521153c917c774c543a2e903a5e5e05ff
77,Trace-Anchored Reference,Exact Shapley net value,3,80,284.8569503280368,284.8569503280368,0.0,666.6520290687004,666.6520290687004,666.6520290687004,0.0,0.0,6,4e34bffdd2dd88657bb7fb55f284cf0521153c917c774c543a2e903a5e5e05ff
77,Trace-Anchored Reference,Exact Shapley net value,4,116,198.57951396320914,198.57951396320914,0.0,666.6520290687004,666.6520290687004,666.6520290687004,0.0,0.0,6,4e34bffdd2dd88657bb7fb55f284cf0521153c917c774c543a2e903a5e5e05ff
77,Risk-Constrained Convex Verifier,Nodal signed linear,1,15,23.520531715861576,143.32229745674857,119.80176574088699,-0.025497855974141004,-0.025497855982393958,666.6520290687004,8.252953875853564e-12,-666.6775269246745,6,4e34bffdd2dd88657bb7fb55f284cf0521153c917c774c543a2e903a5e5e05ff
77,Risk-Constrained Convex Verifier,Nodal signed linear,2,42,-23.546029571836034,39.89326732070579,63.43929689254182,-0.025497855974141004,-0.025497855982393958,666.6520290687004,8.252953875853564e-12,-666.6775269246745,6,4e34bffdd2dd88657bb7fb55f284cf0521153c917c774c543a2e903a5e5e05ff
77,Risk-Constrained Convex Verifier,Nodal signed linear,3,80,3.161915174132446e-13,284.8569503280368,284.8569503280365,-0.025497855974141004,-0.025497855982393958,666.6520290687004,8.252953875853564e-12,-666.6775269246745,6,4e34bffdd2dd88657bb7fb55f284cf0521153c917c774c543a2e903a5e5e05ff
77,Risk-Constrained Convex Verifier,Nodal signed linear,4,116,0.0,198.57951396320914,198.57951396320914,-0.025497855974141004,-0.025497855982393958,666.6520290687004,8.252953875853564e-12,-666.6775269246745,6,4e34bffdd2dd88657bb7fb55f284cf0521153c917c774c543a2e903a5e5e05ff
77,Risk-Constrained Convex Verifier,Standalone avoided cost,1,15,23.520531715865218,143.32229745674857,119.80176574088335,-0.025497855964204064,-0.025497855982393958,666.6520290687004,1.8189894035458565e-11,-666.6775269246646,6,4e34bffdd2dd88657bb7fb55f284cf0521153c917c774c543a2e903a5e5e05ff
77,Risk-Constrained Convex Verifier,Standalone avoided cost,2,42,-23.546029571829422,39.89326732070579,63.43929689253521,-0.025497855964204064,-0.025497855982393958,666.6520290687004,1.8189894035458565e-11,-666.6775269246646,6,4e34bffdd2dd88657bb7fb55f284cf0521153c917c774c543a2e903a5e5e05ff
77,Risk-Constrained Convex Verifier,Standalone avoided cost,3,80,0.0,284.8569503280368,284.8569503280368,-0.025497855964204064,-0.025497855982393958,666.6520290687004,1.8189894035458565e-11,-666.6775269246646,6,4e34bffdd2dd88657bb7fb55f284cf0521153c917c774c543a2e903a5e5e05ff
77,Risk-Constrained Convex Verifier,Standalone avoided cost,4,116,0.0,198.57951396320914,198.57951396320914,-0.025497855964204064,-0.025497855982393958,666.6520290687004,1.8189894035458565e-11,-666.6775269246646,6,4e34bffdd2dd88657bb7fb55f284cf0521153c917c774c543a2e903a5e5e05ff
77,Risk-Constrained Convex Verifier,Leave-one-out marginal,1,15,23.520531715847028,143.32229745674857,119.80176574090154,-0.02549785600422183,-0.025497855982393958,666.6520290687004,-2.1827872842550278e-11,-666.6775269247046,6,4e34bffdd2dd88657bb7fb55f284cf0521153c917c774c543a2e903a5e5e05ff
77,Risk-Constrained Convex Verifier,Leave-one-out marginal,2,42,-23.546029571847612,39.89326732070579,63.4392968925534,-0.02549785600422183,-0.025497855982393958,666.6520290687004,-2.1827872842550278e-11,-666.6775269247046,6,4e34bffdd2dd88657bb7fb55f284cf0521153c917c774c543a2e903a5e5e05ff
77,Risk-Constrained Convex Verifier,Leave-one-out marginal,3,80,-3.637978807091713e-12,284.8569503280368,284.85695032804045,-0.02549785600422183,-0.025497855982393958,666.6520290687004,-2.1827872842550278e-11,-666.6775269247046,6,4e34bffdd2dd88657bb7fb55f284cf0521153c917c774c543a2e903a5e5e05ff
77,Risk-Constrained Convex Verifier,Leave-one-out marginal,4,116,0.0,198.57951396320914,198.57951396320914,-0.02549785600422183,-0.025497855982393958,666.6520290687004,-2.1827872842550278e-11,-666.6775269247046,6,4e34bffdd2dd88657bb7fb55f284cf0521153c917c774c543a2e903a5e5e05ff
77,Risk-Constrained Convex Verifier,Exact Shapley net value,1,15,23.520531715856727,143.32229745674857,119.80176574089185,-0.02549785598239751,-0.025497855982393958,666.6520290687004,-3.552713678800501e-15,-666.6775269246828,6,4e34bffdd2dd88657bb7fb55f284cf0521153c917c774c543a2e903a5e5e05ff
77,Risk-Constrained Convex Verifier,Exact Shapley net value,2,42,-23.54602957183791,39.89326732070579,63.439296892543695,-0.02549785598239751,-0.025497855982393958,666.6520290687004,-3.552713678800501e-15,-666.6775269246828,6,4e34bffdd2dd88657bb7fb55f284cf0521153c917c774c543a2e903a5e5e05ff
77,Risk-Constrained Convex Verifier,Exact Shapley net value,3,80,-1.2150280781497713e-12,284.8569503280368,284.856950328038,-0.02549785598239751,-0.025497855982393958,666.6520290687004,-3.552713678800501e-15,-666.6775269246828,6,4e34bffdd2dd88657bb7fb55f284cf0521153c917c774c543a2e903a5e5e05ff
77,Risk-Constrained Convex Verifier,Exact Shapley net value,4,116,0.0,198.57951396320914,198.57951396320914,-0.02549785598239751,-0.025497855982393958,666.6520290687004,-3.552713678800501e-15,-666.6775269246828,6,4e34bffdd2dd88657bb7fb55f284cf0521153c917c774c543a2e903a5e5e05ff
78,Trace-Anchored Reference,Nodal signed linear,1,15,180.65613090694757,180.35529539536736,0.3008355115802033,92.1551340664253,91.46952208642688,91.4695220864269,0.685611979998427,0.6856119799983986,6,4e34bffdd2dd88657bb7fb55f284cf0521153c917c774c543a2e903a5e5e05ff
78,Trace-Anchored Reference,Nodal signed linear,2,42,-125.14746438404839,-125.52491733683169,0.37745295278330104,92.1551340664253,91.46952208642688,91.4695220864269,0.685611979998427,0.6856119799983986,6,4e34bffdd2dd88657bb7fb55f284cf0521153c917c774c543a2e903a5e5e05ff
78,Trace-Anchored Reference,Nodal signed linear,3,80,-0.17464983028004388,-0.17179570305749303,0.0028541272225508507,92.1551340664253,91.46952208642688,91.4695220864269,0.685611979998427,0.6856119799983986,6,4e34bffdd2dd88657bb7fb55f284cf0521153c917c774c543a2e903a5e5e05ff
78,Trace-Anchored Reference,Nodal signed linear,4,116,36.821117373806175,36.810939730948725,0.010177642857449598,92.1551340664253,91.46952208642688,91.4695220864269,0.685611979998427,0.6856119799983986,6,4e34bffdd2dd88657bb7fb55f284cf0521153c917c774c543a2e903a5e5e05ff
78,Trace-Anchored Reference,Standalone avoided cost,1,15,180.27622474404416,180.35529539536736,0.07907065132320668,91.19141739617407,91.46952208642688,91.4695220864269,-0.27810469025280327,-0.2781046902528317,6,4e34bffdd2dd88657bb7fb55f284cf0521153c917c774c543a2e903a5e5e05ff
78,Trace-Anchored Reference,Standalone avoided cost,2,42,-125.73127489138642,-125.52491733683169,0.20635755455472804,91.19141739617407,91.46952208642688,91.4695220864269,-0.27810469025280327,-0.2781046902528317,6,4e34bffdd2dd88657bb7fb55f284cf0521153c917c774c543a2e903a5e5e05ff
78,Trace-Anchored Reference,Standalone avoided cost,3,80,-0.17464983028185088,-0.17179570305749303,0.0028541272243578497,91.19141739617407,91.46952208642688,91.4695220864269,-0.27810469025280327,-0.2781046902528317,6,4e34bffdd2dd88657bb7fb55f284cf0521153c917c774c543a2e903a5e5e05ff
78,Trace-Anchored Reference,Standalone avoided cost,4,116,36.82111737379819,36.810939730948725,0.010177642849463098,91.19141739617407,91.46952208642688,91.4695220864269,-0.27810469025280327,-0.2781046902528317,6,4e34bffdd2dd88657bb7fb55f284cf0521153c917c774c543a2e903a5e5e05ff
78,Trace-Anchored Reference,Leave-one-out marginal,1,15,180.4673514782262,180.35529539536736,0.11205608285882818,91.8291821062594,91.46952208642688,91.4695220864269,0.3596600198325177,0.3596600198324893,6,4e34bffdd2dd88657bb7fb55f284cf0521153c917c774c543a2e903a5e5e05ff
78,Trace-Anchored Reference,Leave-one-out marginal,2,42,-125.29769590565411,-125.52491733683169,0.22722143117758264,91.8291821062594,91.46952208642688,91.4695220864269,0.3596600198325177,0.3596600198324893,6,4e34bffdd2dd88657bb7fb55f284cf0521153c917c774c543a2e903a5e5e05ff
78,Trace-Anchored Reference,Leave-one-out marginal,3,80,-0.1626203425876156,-0.17179570305749303,0.009175360469877436,91.8291821062594,91.46952208642688,91.4695220864269,0.3596600198325177,0.3596600198324893,6,4e34bffdd2dd88657bb7fb55f284cf0521153c917c774c543a2e903a5e5e05ff
78,Trace-Anchored Reference,Leave-one-out marginal,4,116,36.82214687627493,36.810939730948725,0.01120714532620326,91.8291821062594,91.46952208642688,91.4695220864269,0.3596600198325177,0.3596600198324893,6,4e34bffdd2dd88657bb7fb55f284cf0521153c917c774c543a2e903a5e5e05ff
78,Trace-Anchored Reference,Exact Shapley net value,1,15,180.35529539536736,180.35529539536736,0.0,91.4695220864269,91.46952208642688,91.4695220864269,2.842170943040401e-14,0.0,6,4e34bffdd2dd88657bb7fb55f284cf0521153c917c774c543a2e903a5e5e05ff
78,Trace-Anchored Reference,Exact Shapley net value,2,42,-125.52491733683169,-125.52491733683169,0.0,91.4695220864269,91.46952208642688,91.4695220864269,2.842170943040401e-14,0.0,6,4e34bffdd2dd88657bb7fb55f284cf0521153c917c774c543a2e903a5e5e05ff
78,Trace-Anchored Reference,Exact Shapley net value,3,80,-0.17179570305749303,-0.17179570305749303,0.0,91.4695220864269,91.46952208642688,91.4695220864269,2.842170943040401e-14,0.0,6,4e34bffdd2dd88657bb7fb55f284cf0521153c917c774c543a2e903a5e5e05ff
78,Trace-Anchored Reference,Exact Shapley net value,4,116,36.810939730948725,36.810939730948725,0.0,91.4695220864269,91.46952208642688,91.4695220864269,2.842170943040401e-14,0.0,6,4e34bffdd2dd88657bb7fb55f284cf0521153c917c774c543a2e903a5e5e05ff
78,Risk-Constrained Convex Verifier,Nodal signed linear,1,15,151.19716124976432,180.35529539536736,29.158134145603043,-0.3092604781221713,-0.3794994048839726,91.4695220864269,0.07023892676180132,-91.77878256454908,6,4e34bffdd2dd88657bb7fb55f284cf0521153c917c774c543a2e903a5e5e05ff
78,Risk-Constrained Convex Verifier,Nodal signed linear,2,42,-151.50642172788656,-125.52491733683169,25.98150439105487,-0.3092604781221713,-0.3794994048839726,91.4695220864269,0.07023892676180132,-91.77878256454908,6,4e34bffdd2dd88657bb7fb55f284cf0521153c917c774c543a2e903a5e5e05ff
78,Risk-Constrained Convex Verifier,Nodal signed linear,3,80,1.4921397450962104e-13,-0.17179570305749303,0.17179570305764225,-0.3092604781221713,-0.3794994048839726,91.4695220864269,0.07023892676180132,-91.77878256454908,6,4e34bffdd2dd88657bb7fb55f284cf0521153c917c774c543a2e903a5e5e05ff
78,Risk-Constrained Convex Verifier,Nodal signed linear,4,116,-7.993605777301127e-14,36.810939730948725,36.8109397309488,-0.3092604781221713,-0.3794994048839726,91.4695220864269,0.07023892676180132,-91.77878256454908,6,4e34bffdd2dd88657bb7fb55f284cf0521153c917c774c543a2e903a5e5e05ff
78,Risk-Constrained Convex Verifier,Standalone avoided cost,1,15,151.19716124975093,180.35529539536736,29.15813414561643,-1.173704946602811,-0.3794994048839726,91.4695220864269,-0.7942055417188385,-92.64322703302972,6,4e34bffdd2dd88657bb7fb55f284cf0521153c917c774c543a2e903a5e5e05ff
78,Risk-Constrained Convex Verifier,Standalone avoided cost,2,42,-152.37086619635375,-125.52491733683169,26.845948859522053,-1.173704946602811,-0.3794994048839726,91.4695220864269,-0.7942055417188385,-92.64322703302972,6,4e34bffdd2dd88657bb7fb55f284cf0521153c917c774c543a2e903a5e5e05ff
78,Risk-Constrained Convex Verifier,Standalone avoided cost,3,80,0.0,-0.17179570305749303,0.17179570305749303,-1.173704946602811,-0.3794994048839726,91.4695220864269,-0.7942055417188385,-92.64322703302972,6,4e34bffdd2dd88657bb7fb55f284cf0521153c917c774c543a2e903a5e5e05ff
78,Risk-Constrained Convex Verifier,Standalone avoided cost,4,116,0.0,36.810939730948725,36.810939730948725,-1.173704946602811,-0.3794994048839726,91.4695220864269,-0.7942055417188385,-92.64322703302972,6,4e34bffdd2dd88657bb7fb55f284cf0521153c917c774c543a2e903a5e5e05ff
78,Risk-Constrained Convex Verifier,Leave-one-out marginal,1,15,151.99136679146613,180.35529539536736,28.36392860390123,0.4147061368312279,-0.3794994048839726,91.4695220864269,0.7942055417152005,-91.05481594959568,6,4e34bffdd2dd88657bb7fb55f284cf0521153c917c774c543a2e903a5e5e05ff
78,Risk-Constrained Convex Verifier,Leave-one-out marginal,2,42,-151.5766606546349,-125.52491733683169,26.051743317803215,0.4147061368312279,-0.3794994048839726,91.4695220864269,0.7942055417152005,-91.05481594959568,6,4e34bffdd2dd88657bb7fb55f284cf0521153c917c774c543a2e903a5e5e05ff
78,Risk-Constrained Convex Verifier,Leave-one-out marginal,3,80,0.0,-0.17179570305749303,0.17179570305749303,0.4147061368312279,-0.3794994048839726,91.4695220864269,0.7942055417152005,-91.05481594959568,6,4e34bffdd2dd88657bb7fb55f284cf0521153c917c774c543a2e903a5e5e05ff
78,Risk-Constrained Convex Verifier,Leave-one-out marginal,4,116,0.0,36.810939730948725,36.810939730948725,0.4147061368312279,-0.3794994048839726,91.4695220864269,0.7942055417152005,-91.05481594959568,6,4e34bffdd2dd88657bb7fb55f284cf0521153c917c774c543a2e903a5e5e05ff
78,Risk-Constrained Convex Verifier,Exact Shapley net value,1,15,151.59426402060853,180.35529539536736,28.76103137475883,-0.37949940488396194,-0.3794994048839726,91.4695220864269,1.0658141036401503e-14,-91.84902149131086,6,4e34bffdd2dd88657bb7fb55f284cf0521153c917c774c543a2e903a5e5e05ff
78,Risk-Constrained Convex Verifier,Exact Shapley net value,2,42,-151.9737634254931,-125.52491733683169,26.448846088661412,-0.37949940488396194,-0.3794994048839726,91.4695220864269,1.0658141036401503e-14,-91.84902149131086,6,4e34bffdd2dd88657bb7fb55f284cf0521153c917c774c543a2e903a5e5e05ff
78,Risk-Constrained Convex Verifier,Exact Shapley net value,3,80,6.075140390748857e-13,-0.17179570305749303,0.17179570305810055,-0.37949940488396194,-0.3794994048839726,91.4695220864269,1.0658141036401503e-14,-91.84902149131086,6,4e34bffdd2dd88657bb7fb55f284cf0521153c917c774c543a2e903a5e5e05ff
78,Risk-Constrained Convex Verifier,Exact Shapley net value,4,116,0.0,36.810939730948725,36.810939730948725,-0.37949940488396194,-0.3794994048839726,91.4695220864269,1.0658141036401503e-14,-91.84902149131086,6,4e34bffdd2dd88657bb7fb55f284cf0521153c917c774c543a2e903a5e5e05ff
79,Trace-Anchored Reference,Nodal signed linear,1,15,526.7057286624326,536.7350435717599,10.02931490932724,-1178.0494511951333,-1294.3691508828852,-1294.3691508828852,116.31969968775184,116.31969968775184,6,4e34bffdd2dd88657bb7fb55f284cf0521153c917c774c543a2e903a5e5e05ff
79,Trace-Anchored Reference,Nodal signed linear,2,42,-1583.8051495113098,-1709.3176685517853,125.51251904047558,-1178.0494511951333,-1294.3691508828852,-1294.3691508828852,116.31969968775184,116.31969968775184,6,4e34bffdd2dd88657bb7fb55f284cf0521153c917c774c543a2e903a5e5e05ff
79,Trace-Anchored Reference,Nodal signed linear,3,80,-111.42642061252624,-111.83431420334637,0.4078935908201231,-1178.0494511951333,-1294.3691508828852,-1294.3691508828852,116.31969968775184,116.31969968775184,6,4e34bffdd2dd88657bb7fb55f284cf0521153c917c774c543a2e903a5e5e05ff
79,Trace-Anchored Reference,Nodal signed linear,4,116,-9.523609733729986,-9.952211699513406,0.4286019657834199,-1178.0494511951333,-1294.3691508828852,-1294.3691508828852,116.31969968775184,116.31969968775184,6,4e34bffdd2dd88657bb7fb55f284cf0521153c917c774c543a2e903a5e5e05ff
79,Trace-Anchored Reference,Standalone avoided cost,1,15,526.7057286624622,536.7350435717599,10.029314909297682,-1312.5981025618457,-1294.3691508828852,-1294.3691508828852,-18.228951678960584,-18.228951678960584,6,4e34bffdd2dd88657bb7fb55f284cf0521153c917c774c543a2e903a5e5e05ff
79,Trace-Anchored Reference,Standalone avoided cost,2,42,-1718.353800878056,-1709.3176685517853,9.036132326270717,-1312.5981025618457,-1294.3691508828852,-1294.3691508828852,-18.228951678960584,-18.228951678960584,6,4e34bffdd2dd88657bb7fb55f284cf0521153c917c774c543a2e903a5e5e05ff
79,Trace-Anchored Reference,Standalone avoided cost,3,80,-111.42642061252991,-111.83431420334637,0.4078935908164567,-1312.5981025618457,-1294.3691508828852,-1294.3691508828852,-18.228951678960584,-18.228951678960584,6,4e34bffdd2dd88657bb7fb55f284cf0521153c917c774c543a2e903a5e5e05ff
79,Trace-Anchored Reference,Standalone avoided cost,4,116,-9.523609733721969,-9.952211699513406,0.4286019657914366,-1312.5981025618457,-1294.3691508828852,-1294.3691508828852,-18.228951678960584,-18.228951678960584,6,4e34bffdd2dd88657bb7fb55f284cf0521153c917c774c543a2e903a5e5e05ff
79,Trace-Anchored Reference,Leave-one-out marginal,1,15,547.070169085644,536.7350435717599,10.335125513884122,-1275.3650636732964,-1294.3691508828852,-1294.3691508828852,19.00408720958876,19.00408720958876,6,4e34bffdd2dd88657bb7fb55f284cf0521153c917c774c543a2e903a5e5e05ff
79,Trace-Anchored Reference,Leave-one-out marginal,2,42,-1700.1248491990773,-1709.3176685517853,9.192819352708057,-1275.3650636732964,-1294.3691508828852,-1294.3691508828852,19.00408720958876,19.00408720958876,6,4e34bffdd2dd88657bb7fb55f284cf0521153c917c774c543a2e903a5e5e05ff
79,Trace-Anchored Reference,Leave-one-out marginal,3,80,-112.14051631039911,-111.83431420334637,0.30620210705274076,-1275.3650636732964,-1294.3691508828852,-1294.3691508828852,19.00408720958876,19.00408720958876,6,4e34bffdd2dd88657bb7fb55f284cf0521153c917c774c543a2e903a5e5e05ff
79,Trace-Anchored Reference,Leave-one-out marginal,4,116,-10.169867249464005,-9.952211699513406,0.21765554995059944,-1275.3650636732964,-1294.3691508828852,-1294.3691508828852,19.00408720958876,19.00408720958876,6,4e34bffdd2dd88657bb7fb55f284cf0521153c917c774c543a2e903a5e5e05ff
79,Trace-Anchored Reference,Exact Shapley net value,1,15,536.7350435717599,536.7350435717599,0.0,-1294.3691508828852,-1294.3691508828852,-1294.3691508828852,0.0,0.0,6,4e34bffdd2dd88657bb7fb55f284cf0521153c917c774c543a2e903a5e5e05ff
79,Trace-Anchored Reference,Exact Shapley net value,2,42,-1709.3176685517853,-1709.3176685517853,0.0,-1294.3691508828852,-1294.3691508828852,-1294.3691508828852,0.0,0.0,6,4e34bffdd2dd88657bb7fb55f284cf0521153c917c774c543a2e903a5e5e05ff
79,Trace-Anchored Reference,Exact Shapley net value,3,80,-111.83431420334637,-111.83431420334637,0.0,-1294.3691508828852,-1294.3691508828852,-1294.3691508828852,0.0,0.0,6,4e34bffdd2dd88657bb7fb55f284cf0521153c917c774c543a2e903a5e5e05ff
79,Trace-Anchored Reference,Exact Shapley net value,4,116,-9.952211699513406,-9.952211699513406,0.0,-1294.3691508828852,-1294.3691508828852,-1294.3691508828852,0.0,0.0,6,4e34bffdd2dd88657bb7fb55f284cf0521153c917c774c543a2e903a5e5e05ff
79,Risk-Constrained Convex Verifier,Nodal signed linear,1,15,624.8246392305925,536.7350435717599,88.08959565883265,-2.7098318572801308,-3.131607518727833,-1294.3691508828852,0.4217756614477022,1291.659319025605,6,4e34bffdd2dd88657bb7fb55f284cf0521153c917c774c543a2e903a5e5e05ff
79,Risk-Constrained Convex Verifier,Nodal signed linear,2,42,-521.7483564479833,-1709.3176685517853,1187.569312103802,-2.7098318572801308,-3.131607518727833,-1294.3691508828852,0.4217756614477022,1291.659319025605,6,4e34bffdd2dd88657bb7fb55f284cf0521153c917c774c543a2e903a5e5e05ff
79,Risk-Constrained Convex Verifier,Nodal signed linear,3,80,-105.78611463988943,-111.83431420334637,6.048199563456933,-2.7098318572801308,-3.131607518727833,-1294.3691508828852,0.4217756614477022,1291.659319025605,6,4e34bffdd2dd88657bb7fb55f284cf0521153c917c774c543a2e903a5e5e05ff
79,Risk-Constrained Convex Verifier,Nodal signed linear,4,116,3.375077994860476e-14,-9.952211699513406,9.95221169951344,-2.7098318572801308,-3.131607518727833,-1294.3691508828852,0.4217756614477022,1291.659319025605,6,4e34bffdd2dd88657bb7fb55f284cf0521153c917c774c543a2e903a5e5e05ff
79,Risk-Constrained Convex Verifier,Standalone avoided cost,1,15,624.8246392305955,536.7350435717599,88.0895956588356,-4.3257105976954335,-3.131607518727833,-1294.3691508828852,-1.1941030789676006,1290.0434402851897,6,4e34bffdd2dd88657bb7fb55f284cf0521153c917c774c543a2e903a5e5e05ff
79,Risk-Constrained Convex Verifier,Standalone avoided cost,2,42,-523.3642351883936,-1709.3176685517853,1185.9534333633917,-4.3257105976954335,-3.131607518727833,-1294.3691508828852,-1.1941030789676006,1290.0434402851897,6,4e34bffdd2dd88657bb7fb55f284cf0521153c917c774c543a2e903a5e5e05ff
79,Risk-Constrained Convex Verifier,Standalone avoided cost,3,80,-105.78611463989364,-111.83431420334637,6.048199563452727,-4.3257105976954335,-3.131607518727833,-1294.3691508828852,-1.1941030789676006,1290.0434402851897,6,4e34bffdd2dd88657bb7fb55f284cf0521153c917c774c543a2e903a5e5e05ff
79,Risk-Constrained Convex Verifier,Standalone avoided cost,4,116,-3.637978807091713e-12,-9.952211699513406,9.952211699509768,-4.3257105976954335,-3.131607518727833,-1294.3691508828852,-1.1941030789676006,1290.0434402851897,6,4e34bffdd2dd88657bb7fb55f284cf0521153c917c774c543a2e903a5e5e05ff
79,Risk-Constrained Convex Verifier,Leave-one-out marginal,1,15,626.2062256470963,536.7350435717599,89.4711820753364,-1.8010761928671855,-3.131607518727833,-1294.3691508828852,1.3305313258606475,1292.568074690018,6,4e34bffdd2dd88657bb7fb55f284cf0521153c917c774c543a2e903a5e5e05ff
79,Risk-Constrained Convex Verifier,Leave-one-out marginal,2,42,-522.1701321094224,-1709.3176685517853,1187.147536442363,-1.8010761928671855,-3.131607518727833,-1294.3691508828852,1.3305313258606475,1292.568074690018,6,4e34bffdd2dd88657bb7fb55f284cf0521153c917c774c543a2e903a5e5e05ff
79,Risk-Constrained Convex Verifier,Leave-one-out marginal,3,80,-105.78611463989364,-111.83431420334637,6.048199563452727,-1.8010761928671855,-3.131607518727833,-1294.3691508828852,1.3305313258606475,1292.568074690018,6,4e34bffdd2dd88657bb7fb55f284cf0521153c917c774c543a2e903a5e5e05ff
79,Risk-Constrained Convex Verifier,Leave-one-out marginal,4,116,-0.05105509064742364,-9.952211699513406,9.901156608865982,-1.8010761928671855,-3.131607518727833,-1294.3691508828852,1.3305313258606475,1292.568074690018,6,4e34bffdd2dd88657bb7fb55f284cf0521153c917c774c543a2e903a5e5e05ff
79,Risk-Constrained Convex Verifier,Exact Shapley net value,1,15,625.492694397697,536.7350435717599,88.75765082593716,-3.131607518727833,-3.131607518727833,-1294.3691508828852,0.0,1291.2375433641573,6,4e34bffdd2dd88657bb7fb55f284cf0521153c917c774c543a2e903a5e5e05ff
79,Risk-Constrained Convex Verifier,Exact Shapley net value,2,42,-522.7899216900569,-1709.3176685517853,1186.5277468617285,-3.131607518727833,-3.131607518727833,-1294.3691508828852,0.0,1291.2375433641573,6,4e34bffdd2dd88657bb7fb55f284cf0521153c917c774c543a2e903a5e5e05ff
79,Risk-Constrained Convex Verifier,Exact Shapley net value,3,80,-105.78611463989364,-111.83431420334637,6.048199563452727,-3.131607518727833,-3.131607518727833,-1294.3691508828852,0.0,1291.2375433641573,6,4e34bffdd2dd88657bb7fb55f284cf0521153c917c774c543a2e903a5e5e05ff
79,Risk-Constrained Convex Verifier,Exact Shapley net value,4,116,-0.04826558647437196,-9.952211699513406,9.903946113039034,-3.131607518727833,-3.131607518727833,-1294.3691508828852,0.0,1291.2375433641573,6,4e34bffdd2dd88657bb7fb55f284cf0521153c917c774c543a2e903a5e5e05ff
80,Trace-Anchored Reference,Nodal signed linear,1,15,520.5190195537364,520.5190996727275,8.011899114990229e-05,410.00760571542855,409.57410789317146,409.57410789317146,0.4334978222570953,0.4334978222570953,6,4e34bffdd2dd88657bb7fb55f284cf0521153c917c774c543a2e903a5e5e05ff
80,Trace-Anchored Reference,Nodal signed linear,2,42,-262.41122329154337,-262.6129026981489,0.2016794066055354,410.00760571542855,409.57410789317146,409.57410789317146,0.4334978222570953,0.4334978222570953,6,4e34bffdd2dd88657bb7fb55f284cf0521153c917c774c543a2e903a5e5e05ff
80,Trace-Anchored Reference,Nodal signed linear,3,80,91.48771977506138,91.40883670965255,0.0788830654088315,410.00760571542855,409.57410789317146,409.57410789317146,0.4334978222570953,0.4334978222570953,6,4e34bffdd2dd88657bb7fb55f284cf0521153c917c774c543a2e903a5e5e05ff
80,Trace-Anchored Reference,Nodal signed linear,4,116,60.41208967817417,60.259074208940234,0.15301546923393516,410.00760571542855,409.57410789317146,409.57410789317146,0.4334978222570953,0.4334978222570953,6,4e34bffdd2dd88657bb7fb55f284cf0521153c917c774c543a2e903a5e5e05ff
80,Trace-Anchored Reference,Standalone avoided cost,1,15,520.292632299981,520.5190996727275,0.22646737274646966,409.180194007251,409.57410789317146,409.57410789317146,-0.39391388592048315,-0.39391388592048315,6,4e34bffdd2dd88657bb7fb55f284cf0521153c917c774c543a2e903a5e5e05ff
80,Trace-Anchored Reference,Standalone avoided cost,2,42,-263.01224774596994,-262.6129026981489,0.3993450478210434,409.180194007251,409.57410789317146,409.57410789317146,-0.39391388592048315,-0.39391388592048315,6,4e34bffdd2dd88657bb7fb55f284cf0521153c917c774c543a2e903a5e5e05ff
80,Trace-Anchored Reference,Standalone avoided cost,3,80,91.4877197750684,91.40883670965255,0.07888306541585166,409.180194007251,409.57410789317146,409.57410789317146,-0.39391388592048315,-0.39391388592048315,6,4e34bffdd2dd88657bb7fb55f284cf0521153c917c774c543a2e903a5e5e05ff
80,Trace-Anchored Reference,Standalone avoided cost,4,116,60.41208967817147,60.259074208940234,0.1530154692312351,409.180194007251,409.57410789317146,409.57410789317146,-0.39391388592048315,-0.39391388592048315,6,4e34bffdd2dd88657bb7fb55f284cf0521153c917c774c543a2e903a5e5e05ff
80,Trace-Anchored Reference,Leave-one-out marginal,1,15,520.7668004279076,520.5190996727275,0.24770075518006252,410.0482760210725,409.57410789317146,409.57410789317146,0.4741681279010663,0.4741681279010663,6,4e34bffdd2dd88657bb7fb55f284cf0521153c917c774c543a2e903a5e5e05ff
80,Trace-Anchored Reference,Leave-one-out marginal,2,42,-262.1923242678931,-262.6129026981489,0.42057843025577313,410.0482760210725,409.57410789317146,409.57410789317146,0.4741681279010663,0.4741681279010663,6,4e34bffdd2dd88657bb7fb55f284cf0521153c917c774c543a2e903a5e5e05ff
80,Trace-Anchored Reference,Leave-one-out marginal,3,80,91.33999932767256,91.40883670965255,0.06883738197998923,410.0482760210725,409.57410789317146,409.57410789317146,0.4741681279010663,0.4741681279010663,6,4e34bffdd2dd88657bb7fb55f284cf0521153c917c774c543a2e903a5e5e05ff
80,Trace-Anchored Reference,Leave-one-out marginal,4,116,60.13380053338551,60.259074208940234,0.12527367555472324,410.0482760210725,409.57410789317146,409.57410789317146,0.4741681279010663,0.4741681279010663,6,4e34bffdd2dd88657bb7fb55f284cf0521153c917c774c543a2e903a5e5e05ff
80,Trace-Anchored Reference,Exact Shapley net value,1,15,520.5190996727275,520.5190996727275,0.0,409.57410789317134,409.57410789317146,409.57410789317146,-1.1368683772161603e-13,-1.1368683772161603e-13,6,4e34bffdd2dd88657bb7fb55f284cf0521153c917c774c543a2e903a5e5e05ff
80,Trace-Anchored Reference,Exact Shapley net value,2,42,-262.6129026981489,-262.6129026981489,0.0,409.57410789317134,409.57410789317146,409.57410789317146,-1.1368683772161603e-13,-1.1368683772161603e-13,6,4e34bffdd2dd88657bb7fb55f284cf0521153c917c774c543a2e903a5e5e05ff
80,Trace-Anchored Reference,Exact Shapley net value,3,80,91.40883670965255,91.40883670965255,0.0,409.57410789317134,409.57410789317146,409.57410789317146,-1.1368683772161603e-13,-1.1368683772161603e-13,6,4e34bffdd2dd88657bb7fb55f284cf0521153c917c774c543a2e903a5e5e05ff
80,Trace-Anchored Reference,Exact Shapley net value,4,116,60.259074208940234,60.259074208940234,0.0,409.57410789317134,409.57410789317146,409.57410789317146,-1.1368683772161603e-13,-1.1368683772161603e-13,6,4e34bffdd2dd88657bb7fb55f284cf0521153c917c774c543a2e903a5e5e05ff
80,Risk-Constrained Convex Verifier,Nodal signed linear,1,15,377.71658681739916,520.5190996727275,142.80251285532836,-2.0608285281874945,-2.06082852819236,409.57410789317146,4.865441383117286e-12,-411.63493642135893,6,4e34bffdd2dd88657bb7fb55f284cf0521153c917c774c543a2e903a5e5e05ff
80,Risk-Constrained Convex Verifier,Nodal signed linear,2,42,-379.894954072527,-262.6129026981489,117.28205137437811,-2.0608285281874945,-2.06082852819236,409.57410789317146,4.865441383117286e-12,-411.63493642135893,6,4e34bffdd2dd88657bb7fb55f284cf0521153c917c774c543a2e903a5e5e05ff
80,Risk-Constrained Convex Verifier,Nodal signed linear,3,80,0.027997342659686453,91.40883670965255,91.38083936699286,-2.0608285281874945,-2.06082852819236,409.57410789317146,4.865441383117286e-12,-411.63493642135893,6,4e34bffdd2dd88657bb7fb55f284cf0521153c917c774c543a2e903a5e5e05ff
80,Risk-Constrained Convex Verifier,Nodal signed linear,4,116,0.08954138428067182,60.259074208940234,60.16953282465956,-2.0608285281874945,-2.06082852819236,409.57410789317146,4.865441383117286e-12,-411.63493642135893,6,4e34bffdd2dd88657bb7fb55f284cf0521153c917c774c543a2e903a5e5e05ff
80,Risk-Constrained Convex Verifier,Standalone avoided cost,1,15,377.7165868174088,520.5190996727275,142.8025128553187,-3.0863879263561103,-2.06082852819236,409.57410789317146,-1.0255593981637503,-412.66049581952757,6,4e34bffdd2dd88657bb7fb55f284cf0521153c917c774c543a2e903a5e5e05ff
80,Risk-Constrained Convex Verifier,Standalone avoided cost,2,42,-380.9205134707154,-262.6129026981489,118.30761077256648,-3.0863879263561103,-2.06082852819236,409.57410789317146,-1.0255593981637503,-412.66049581952757,6,4e34bffdd2dd88657bb7fb55f284cf0521153c917c774c543a2e903a5e5e05ff
80,Risk-Constrained Convex Verifier,Standalone avoided cost,3,80,0.027997342662274605,91.40883670965255,91.38083936699027,-3.0863879263561103,-2.06082852819236,409.57410789317146,-1.0255593981637503,-412.66049581952757,6,4e34bffdd2dd88657bb7fb55f284cf0521153c917c774c543a2e903a5e5e05ff
80,Risk-Constrained Convex Verifier,Standalone avoided cost,4,116,0.08954138428816805,60.259074208940234,60.169532824652066,-3.0863879263561103,-2.06082852819236,409.57410789317146,-1.0255593981637503,-412.66049581952757,6,4e34bffdd2dd88657bb7fb55f284cf0521153c917c774c543a2e903a5e5e05ff
80,Risk-Constrained Convex Verifier,Leave-one-out marginal,1,15,378.47329089889536,520.5190996727275,142.04580877383216,-1.2094925908422738,-2.06082852819236,409.57410789317146,0.8513359373500862,-410.78360048401373,6,4e34bffdd2dd88657bb7fb55f284cf0521153c917c774c543a2e903a5e5e05ff
80,Risk-Constrained Convex Verifier,Leave-one-out marginal,2,42,-379.8003222166699,-262.6129026981489,117.18741951852098,-1.2094925908422738,-2.06082852819236,409.57410789317146,0.8513359373500862,-410.78360048401373,6,4e34bffdd2dd88657bb7fb55f284cf0521153c917c774c543a2e903a5e5e05ff
80,Risk-Constrained Convex Verifier,Leave-one-out marginal,3,80,0.027997342658636626,91.40883670965255,91.38083936699391,-1.2094925908422738,-2.06082852819236,409.57410789317146,0.8513359373500862,-410.78360048401373,6,4e34bffdd2dd88657bb7fb55f284cf0521153c917c774c543a2e903a5e5e05ff
80,Risk-Constrained Convex Verifier,Leave-one-out marginal,4,116,0.08954138427361613,60.259074208940234,60.16953282466662,-1.2094925908422738,-2.06082852819236,409.57410789317146,0.8513359373500862,-410.78360048401373,6,4e34bffdd2dd88657bb7fb55f284cf0521153c917c774c543a2e903a5e5e05ff
80,Risk-Constrained Convex Verifier,Exact Shapley net value,1,15,378.1202070195911,520.5190996727275,142.39889265313644,-2.0608285281923626,-2.06082852819236,409.57410789317146,-2.6645352591003757e-15,-411.6349364213638,6,4e34bffdd2dd88657bb7fb55f284cf0521153c917c774c543a2e903a5e5e05ff
80,Risk-Constrained Convex Verifier,Exact Shapley net value,2,42,-380.3276115181931,-262.6129026981489,117.71470882004422,-2.0608285281923626,-2.06082852819236,409.57410789317146,-2.6645352591003757e-15,-411.6349364213638,6,4e34bffdd2dd88657bb7fb55f284cf0521153c917c774c543a2e903a5e5e05ff
80,Risk-Constrained Convex Verifier,Exact Shapley net value,3,80,0.036697237210319145,91.40883670965255,91.37213947244223,-2.0608285281923626,-2.06082852819236,409.57410789317146,-2.6645352591003757e-15,-411.6349364213638,6,4e34bffdd2dd88657bb7fb55f284cf0521153c917c774c543a2e903a5e5e05ff
80,Risk-Constrained Convex Verifier,Exact Shapley net value,4,116,0.10987873319936359,60.259074208940234,60.14919547574087,-2.0608285281923626,-2.06082852819236,409.57410789317146,-2.6645352591003757e-15,-411.6349364213638,6,4e34bffdd2dd88657bb7fb55f284cf0521153c917c774c543a2e903a5e5e05ff
81,Trace-Anchored Reference,Nodal signed linear,1,15,770.5849778188807,775.9417885208343,5.356810701953577,-758.3372536252177,-852.0244530545424,-852.0244530545424,93.68719942932466,93.68719942932466,6,4e34bffdd2dd88657bb7fb55f284cf0521153c917c774c543a2e903a5e5e05ff
81,Trace-Anchored Reference,Nodal signed linear,2,42,-1111.9131266389677,-1199.9609172221346,88.04779058316694,-758.3372536252177,-852.0244530545424,-852.0244530545424,93.68719942932466,93.68719942932466,6,4e34bffdd2dd88657bb7fb55f284cf0521153c917c774c543a2e903a5e5e05ff
81,Trace-Anchored Reference,Nodal signed linear,3,80,-285.0290070216936,-291.6346544308446,6.605647409151004,-758.3372536252177,-852.0244530545424,-852.0244530545424,93.68719942932466,93.68719942932466,6,4e34bffdd2dd88657bb7fb55f284cf0521153c917c774c543a2e903a5e5e05ff
81,Trace-Anchored Reference,Nodal signed linear,4,116,-131.98009778343712,-136.3706699223973,4.390572138960181,-758.3372536252177,-852.0244530545424,-852.0244530545424,93.68719942932466,93.68719942932466,6,4e34bffdd2dd88657bb7fb55f284cf0521153c917c774c543a2e903a5e5e05ff
81,Trace-Anchored Reference,Standalone avoided cost,1,15,770.5849778188895,775.9417885208343,5.3568107019448234,-842.3965951575556,-852.0244530545424,-852.0244530545424,9.627857896986825,9.627857896986825,6,4e34bffdd2dd88657bb7fb55f284cf0521153c917c774c543a2e903a5e5e05ff
81,Trace-Anchored Reference,Standalone avoided cost,2,42,-1195.7247338882225,-1199.9609172221346,4.236183333912095,-842.3965951575556,-852.0244530545424,-852.0244530545424,9.627857896986825,9.627857896986825,6,4e34bffdd2dd88657bb7fb55f284cf0521153c917c774c543a2e903a5e5e05ff
81,Trace-Anchored Reference,Standalone avoided cost,3,80,-285.2767413047877,-291.6346544308446,6.3579131260568715,-842.3965951575556,-852.0244530545424,-852.0244530545424,9.627857896986825,9.627857896986825,6,4e34bffdd2dd88657bb7fb55f284cf0521153c917c774c543a2e903a5e5e05ff
81,Trace-Anchored Reference,Standalone avoided cost,4,116,-131.98009778343476,-136.3706699223973,4.39057213896254,-842.3965951575556,-852.0244530545424,-852.0244530545424,9.627857896986825,9.627857896986825,6,4e34bffdd2dd88657bb7fb55f284cf0521153c917c774c543a2e903a5e5e05ff
81,Trace-Anchored Reference,Leave-one-out marginal,1,15,780.6786371539201,775.9417885208343,4.736848633085856,-862.2735512739819,-852.0244530545424,-852.0244530545424,-10.249098219439475,-10.249098219439475,6,4e34bffdd2dd88657bb7fb55f284cf0521153c917c774c543a2e903a5e5e05ff
81,Trace-Anchored Reference,Leave-one-out marginal,2,42,-1204.6947269609445,-1199.9609172221346,4.733809738809896,-862.2735512739819,-852.0244530545424,-852.0244530545424,-10.249098219439475,-10.249098219439475,6,4e34bffdd2dd88657bb7fb55f284cf0521153c917c774c543a2e903a5e5e05ff
81,Trace-Anchored Reference,Leave-one-out marginal,3,80,-297.793366182661,-291.6346544308446,6.158711751816384,-862.2735512739819,-852.0244530545424,-852.0244530545424,-10.249098219439475,-10.249098219439475,6,4e34bffdd2dd88657bb7fb55f284cf0521153c917c774c543a2e903a5e5e05ff
81,Trace-Anchored Reference,Leave-one-out marginal,4,116,-140.4640952842965,-136.3706699223973,4.093425361899193,-862.2735512739819,-852.0244530545424,-852.0244530545424,-10.249098219439475,-10.249098219439475,6,4e34bffdd2dd88657bb7fb55f284cf0521153c917c774c543a2e903a5e5e05ff
81,Trace-Anchored Reference,Exact Shapley net value,1,15,775.9417885208343,775.9417885208343,0.0,-852.0244530545423,-852.0244530545424,-852.0244530545424,1.1368683772161603e-13,1.1368683772161603e-13,6,4e34bffdd2dd88657bb7fb55f284cf0521153c917c774c543a2e903a5e5e05ff
81,Trace-Anchored Reference,Exact Shapley net value,2,42,-1199.9609172221346,-1199.9609172221346,0.0,-852.0244530545423,-852.0244530545424,-852.0244530545424,1.1368683772161603e-13,1.1368683772161603e-13,6,4e34bffdd2dd88657bb7fb55f284cf0521153c917c774c543a2e903a5e5e05ff
81,Trace-Anchored Reference,Exact Shapley net value,3,80,-291.6346544308446,-291.6346544308446,0.0,-852.0244530545423,-852.0244530545424,-852.0244530545424,1.1368683772161603e-13,1.1368683772161603e-13,6,4e34bffdd2dd88657bb7fb55f284cf0521153c917c774c543a2e903a5e5e05ff
81,Trace-Anchored Reference,Exact Shapley net value,4,116,-136.3706699223973,-136.3706699223973,0.0,-852.0244530545423,-852.0244530545424,-852.0244530545424,1.1368683772161603e-13,1.1368683772161603e-13,6,4e34bffdd2dd88657bb7fb55f284cf0521153c917c774c543a2e903a5e5e05ff
81,Risk-Constrained Convex Verifier,Nodal signed linear,1,15,1119.9591158933042,775.9417885208343,344.01732737246994,-45.74663247338276,-45.746632473383215,-852.0244530545424,4.547473508864641e-13,806.2778205811596,6,4e34bffdd2dd88657bb7fb55f284cf0521153c917c774c543a2e903a5e5e05ff
81,Risk-Constrained Convex Verifier,Nodal signed linear,2,42,-1165.705748366687,-1199.9609172221346,34.255168855447664,-45.74663247338276,-45.746632473383215,-852.0244530545424,4.547473508864641e-13,806.2778205811596,6,4e34bffdd2dd88657bb7fb55f284cf0521153c917c774c543a2e903a5e5e05ff
81,Risk-Constrained Convex Verifier,Nodal signed linear,3,80,0.0,-291.6346544308446,291.6346544308446,-45.74663247338276,-45.746632473383215,-852.0244530545424,4.547473508864641e-13,806.2778205811596,6,4e34bffdd2dd88657bb7fb55f284cf0521153c917c774c543a2e903a5e5e05ff
81,Risk-Constrained Convex Verifier,Nodal signed linear,4,116,0.0,-136.3706699223973,136.3706699223973,-45.74663247338276,-45.746632473383215,-852.0244530545424,4.547473508864641e-13,806.2778205811596,6,4e34bffdd2dd88657bb7fb55f284cf0521153c917c774c543a2e903a5e5e05ff
81,Risk-Constrained Convex Verifier,Standalone avoided cost,1,15,1097.7163805828532,775.9417885208343,321.7745920620189,-1152.080153910647,-45.746632473383215,-852.0244530545424,-1106.3335214372637,-300.0557008561045,6,4e34bffdd2dd88657bb7fb55f284cf0521153c917c774c543a2e903a5e5e05ff
81,Risk-Constrained Convex Verifier,Standalone avoided cost,2,42,-2249.7965344935,-1199.9609172221346,1049.8356172713654,-1152.080153910647,-45.746632473383215,-852.0244530545424,-1106.3335214372637,-300.0557008561045,6,4e34bffdd2dd88657bb7fb55f284cf0521153c917c774c543a2e903a5e5e05ff
81,Risk-Constrained Convex Verifier,Standalone avoided cost,3,80,0.0,-291.6346544308446,291.6346544308446,-1152.080153910647,-45.746632473383215,-852.0244530545424,-1106.3335214372637,-300.0557008561045,6,4e34bffdd2dd88657bb7fb55f284cf0521153c917c774c543a2e903a5e5e05ff
81,Risk-Constrained Convex Verifier,Standalone avoided cost,4,116,0.0,-136.3706699223973,136.3706699223973,-1152.080153910647,-45.746632473383215,-852.0244530545424,-1106.3335214372637,-300.0557008561045,6,4e34bffdd2dd88657bb7fb55f284cf0521153c917c774c543a2e903a5e5e05ff
81,Risk-Constrained Convex Verifier,Leave-one-out marginal,1,15,2204.049902020117,775.9417885208343,1428.1081134992826,1060.5868889638805,-45.746632473383215,-852.0244530545424,1106.3335214372637,1912.6113420184229,6,4e34bffdd2dd88657bb7fb55f284cf0521153c917c774c543a2e903a5e5e05ff
81,Risk-Constrained Convex Verifier,Leave-one-out marginal,2,42,-1143.4630130562364,-1199.9609172221346,56.49790416589826,1060.5868889638805,-45.746632473383215,-852.0244530545424,1106.3335214372637,1912.6113420184229,6,4e34bffdd2dd88657bb7fb55f284cf0521153c917c774c543a2e903a5e5e05ff
81,Risk-Constrained Convex Verifier,Leave-one-out marginal,3,80,0.0,-291.6346544308446,291.6346544308446,1060.5868889638805,-45.746632473383215,-852.0244530545424,1106.3335214372637,1912.6113420184229,6,4e34bffdd2dd88657bb7fb55f284cf0521153c917c774c543a2e903a5e5e05ff
81,Risk-Constrained Convex Verifier,Leave-one-out marginal,4,116,0.0,-136.3706699223973,136.3706699223973,1060.5868889638805,-45.746632473383215,-852.0244530545424,1106.3335214372637,1912.6113420184229,6,4e34bffdd2dd88657bb7fb55f284cf0521153c917c774c543a2e903a5e5e05ff
81,Risk-Constrained Convex Verifier,Exact Shapley net value,1,15,1650.883141301485,775.9417885208343,874.9413527806507,-45.746632473383215,-45.746632473383215,-852.0244530545424,0.0,806.2778205811592,6,4e34bffdd2dd88657bb7fb55f284cf0521153c917c774c543a2e903a5e5e05ff
81,Risk-Constrained Convex Verifier,Exact Shapley net value,2,42,-1696.6297737748682,-1199.9609172221346,496.6688565527336,-45.746632473383215,-45.746632473383215,-852.0244530545424,0.0,806.2778205811592,6,4e34bffdd2dd88657bb7fb55f284cf0521153c917c774c543a2e903a5e5e05ff
81,Risk-Constrained Convex Verifier,Exact Shapley net value,3,80,0.0,-291.6346544308446,291.6346544308446,-45.746632473383215,-45.746632473383215,-852.0244530545424,0.0,806.2778205811592,6,4e34bffdd2dd88657bb7fb55f284cf0521153c917c774c543a2e903a5e5e05ff
81,Risk-Constrained Convex Verifier,Exact Shapley net value,4,116,0.0,-136.3706699223973,136.3706699223973,-45.746632473383215,-45.746632473383215,-852.0244530545424,0.0,806.2778205811592,6,4e34bffdd2dd88657bb7fb55f284cf0521153c917c774c543a2e903a5e5e05ff
82,Trace-Anchored Reference,Nodal signed linear,1,15,401.42383194961957,401.4238319496335,1.3926637620897964e-11,375.43418744231013,375.43418744231894,375.43418744231894,-8.810729923425242e-12,-8.810729923425242e-12,6,4e34bffdd2dd88657bb7fb55f284cf0521153c917c774c543a2e903a5e5e05ff
82,Trace-Anchored Reference,Nodal signed linear,2,42,-255.8615003102797,-255.86150031028197,2.2737367544323206e-12,375.43418744231013,375.43418744231894,375.43418744231894,-8.810729923425242e-12,-8.810729923425242e-12,6,4e34bffdd2dd88657bb7fb55f284cf0521153c917c774c543a2e903a5e5e05ff
82,Trace-Anchored Reference,Nodal signed linear,3,80,163.71895227198846,163.7189522719912,2.7569058147491887e-12,375.43418744231013,375.43418744231894,375.43418744231894,-8.810729923425242e-12,-8.810729923425242e-12,6,4e34bffdd2dd88657bb7fb55f284cf0521153c917c774c543a2e903a5e5e05ff
82,Trace-Anchored Reference,Nodal signed linear,4,116,66.15290353098182,66.1529035309762,5.6132876125047915e-12,375.43418744231013,375.43418744231894,375.43418744231894,-8.810729923425242e-12,-8.810729923425242e-12,6,4e34bffdd2dd88657bb7fb55f284cf0521153c917c774c543a2e903a5e5e05ff
82,Trace-Anchored Reference,Standalone avoided cost,1,15,401.42383194963986,401.4238319496335,6.366462912410498e-12,375.4341874423444,375.43418744231894,375.43418744231894,2.546585164964199e-11,2.546585164964199e-11,6,4e34bffdd2dd88657bb7fb55f284cf0521153c917c774c543a2e903a5e5e05ff
82,Trace-Anchored Reference,Standalone avoided cost,2,42,-255.861500310275,-255.86150031028197,6.963318810448982e-12,375.4341874423444,375.43418744231894,375.43418744231894,2.546585164964199e-11,2.546585164964199e-11,6,4e34bffdd2dd88657bb7fb55f284cf0521153c917c774c543a2e903a5e5e05ff
82,Trace-Anchored Reference,Standalone avoided cost,3,80,163.71895227200002,163.7189522719912,8.810729923425242e-12,375.4341874423444,375.43418744231894,375.43418744231894,2.546585164964199e-11,2.546585164964199e-11,6,4e34bffdd2dd88657bb7fb55f284cf0521153c917c774c543a2e903a5e5e05ff
82,Trace-Anchored Reference,Standalone avoided cost,4,116,66.15290353097953,66.1529035309762,3.325340003357269e-12,375.4341874423444,375.43418744231894,375.43418744231894,2.546585164964199e-11,2.546585164964199e-11,6,4e34bffdd2dd88657bb7fb55f284cf0521153c917c774c543a2e903a5e5e05ff
82,Trace-Anchored Reference,Leave-one-out marginal,1,15,401.4238319496362,401.4238319496335,2.7284841053187847e-12,375.4341874423226,375.43418744231894,375.43418744231894,3.637978807091713e-12,3.637978807091713e-12,6,4e34bffdd2dd88657bb7fb55f284cf0521153c917c774c543a2e903a5e5e05ff
82,Trace-Anchored Reference,Leave-one-out marginal,2,42,-255.86150031028228,-255.86150031028197,3.126388037344441e-13,375.4341874423226,375.43418744231894,375.43418744231894,3.637978807091713e-12,3.637978807091713e-12,6,4e34bffdd2dd88657bb7fb55f284cf0521153c917c774c543a2e903a5e5e05ff
82,Trace-Anchored Reference,Leave-one-out marginal,3,80,163.71895227199275,163.7189522719912,1.5347723092418164e-12,375.4341874423226,375.43418744231894,375.43418744231894,3.637978807091713e-12,3.637978807091713e-12,6,4e34bffdd2dd88657bb7fb55f284cf0521153c917c774c543a2e903a5e5e05ff
82,Trace-Anchored Reference,Leave-one-out marginal,4,116,66.15290353097589,66.1529035309762,3.126388037344441e-13,375.4341874423226,375.43418744231894,375.43418744231894,3.637978807091713e-12,3.637978807091713e-12,6,4e34bffdd2dd88657bb7fb55f284cf0521153c917c774c543a2e903a5e5e05ff
82,Trace-Anchored Reference,Exact Shapley net value,1,15,401.4238319496335,401.4238319496335,0.0,375.43418744231894,375.43418744231894,375.43418744231894,0.0,0.0,6,4e34bffdd2dd88657bb7fb55f284cf0521153c917c774c543a2e903a5e5e05ff
82,Trace-Anchored Reference,Exact Shapley net value,2,42,-255.86150031028197,-255.86150031028197,0.0,375.43418744231894,375.43418744231894,375.43418744231894,0.0,0.0,6,4e34bffdd2dd88657bb7fb55f284cf0521153c917c774c543a2e903a5e5e05ff
82,Trace-Anchored Reference,Exact Shapley net value,3,80,163.7189522719912,163.7189522719912,0.0,375.43418744231894,375.43418744231894,375.43418744231894,0.0,0.0,6,4e34bffdd2dd88657bb7fb55f284cf0521153c917c774c543a2e903a5e5e05ff
82,Trace-Anchored Reference,Exact Shapley net value,4,116,66.1529035309762,66.1529035309762,0.0,375.43418744231894,375.43418744231894,375.43418744231894,0.0,0.0,6,4e34bffdd2dd88657bb7fb55f284cf0521153c917c774c543a2e903a5e5e05ff
82,Risk-Constrained Convex Verifier,Nodal signed linear,1,15,357.06449113364806,401.4238319496335,44.35934081598543,-4.129961713960654,-4.129961713952071,375.43418744231894,-8.58335624798201e-12,-379.5641491562796,6,4e34bffdd2dd88657bb7fb55f284cf0521153c917c774c543a2e903a5e5e05ff
82,Risk-Constrained Convex Verifier,Nodal signed linear,2,42,-361.1944528476087,-255.86150031028197,105.33295253732675,-4.129961713960654,-4.129961713952071,375.43418744231894,-8.58335624798201e-12,-379.5641491562796,6,4e34bffdd2dd88657bb7fb55f284cf0521153c917c774c543a2e903a5e5e05ff
82,Risk-Constrained Convex Verifier,Nodal signed linear,3,80,0.0,163.7189522719912,163.7189522719912,-4.129961713960654,-4.129961713952071,375.43418744231894,-8.58335624798201e-12,-379.5641491562796,6,4e34bffdd2dd88657bb7fb55f284cf0521153c917c774c543a2e903a5e5e05ff
82,Risk-Constrained Convex Verifier,Nodal signed linear,4,116,0.0,66.1529035309762,66.1529035309762,-4.129961713960654,-4.129961713952071,375.43418744231894,-8.58335624798201e-12,-379.5641491562796,6,4e34bffdd2dd88657bb7fb55f284cf0521153c917c774c543a2e903a5e5e05ff
82,Risk-Constrained Convex Verifier,Standalone avoided cost,1,15,357.06449113367125,401.4238319496335,44.35934081596224,-4.129961713941157,-4.129961713952071,375.43418744231894,1.0913936421275139e-11,-379.5641491562601,6,4e34bffdd2dd88657bb7fb55f284cf0521153c917c774c543a2e903a5e5e05ff
82,Risk-Constrained Convex Verifier,Standalone avoided cost,2,42,-361.1944528476124,-255.86150031028197,105.33295253733044,-4.129961713941157,-4.129961713952071,375.43418744231894,1.0913936421275139e-11,-379.5641491562601,6,4e34bffdd2dd88657bb7fb55f284cf0521153c917c774c543a2e903a5e5e05ff
82,Risk-Constrained Convex Verifier,Standalone avoided cost,3,80,0.0,163.7189522719912,163.7189522719912,-4.129961713941157,-4.129961713952071,375.43418744231894,1.0913936421275139e-11,-379.5641491562601,6,4e34bffdd2dd88657bb7fb55f284cf0521153c917c774c543a2e903a5e5e05ff
82,Risk-Constrained Convex Verifier,Standalone avoided cost,4,116,0.0,66.1529035309762,66.1529035309762,-4.129961713941157,-4.129961713952071,375.43418744231894,1.0913936421275139e-11,-379.5641491562601,6,4e34bffdd2dd88657bb7fb55f284cf0521153c917c774c543a2e903a5e5e05ff
82,Risk-Constrained Convex Verifier,Leave-one-out marginal,1,15,357.06449113366034,401.4238319496335,44.359340815973155,-4.1299617139629845,-4.129961713952071,375.43418744231894,-1.0913936421275139e-11,-379.5641491562819,6,4e34bffdd2dd88657bb7fb55f284cf0521153c917c774c543a2e903a5e5e05ff
82,Risk-Constrained Convex Verifier,Leave-one-out marginal,2,42,-361.1944528476233,-255.86150031028197,105.33295253734136,-4.1299617139629845,-4.129961713952071,375.43418744231894,-1.0913936421275139e-11,-379.5641491562819,6,4e34bffdd2dd88657bb7fb55f284cf0521153c917c774c543a2e903a5e5e05ff
82,Risk-Constrained Convex Verifier,Leave-one-out marginal,3,80,0.0,163.7189522719912,163.7189522719912,-4.1299617139629845,-4.129961713952071,375.43418744231894,-1.0913936421275139e-11,-379.5641491562819,6,4e34bffdd2dd88657bb7fb55f284cf0521153c917c774c543a2e903a5e5e05ff
82,Risk-Constrained Convex Verifier,Leave-one-out marginal,4,116,0.0,66.1529035309762,66.1529035309762,-4.1299617139629845,-4.129961713952071,375.43418744231894,-1.0913936421275139e-11,-379.5641491562819,6,4e34bffdd2dd88657bb7fb55f284cf0521153c917c774c543a2e903a5e5e05ff
82,Risk-Constrained Convex Verifier,Exact Shapley net value,1,15,357.0644911336658,401.4238319496335,44.3593408159677,-4.129961713952071,-4.129961713952071,375.43418744231894,0.0,-379.564149156271,6,4e34bffdd2dd88657bb7fb55f284cf0521153c917c774c543a2e903a5e5e05ff
82,Risk-Constrained Convex Verifier,Exact Shapley net value,2,42,-361.19445284761787,-255.86150031028197,105.3329525373359,-4.129961713952071,-4.129961713952071,375.43418744231894,0.0,-379.564149156271,6,4e34bffdd2dd88657bb7fb55f284cf0521153c917c774c543a2e903a5e5e05ff
82,Risk-Constrained Convex Verifier,Exact Shapley net value,3,80,0.0,163.7189522719912,163.7189522719912,-4.129961713952071,-4.129961713952071,375.43418744231894,0.0,-379.564149156271,6,4e34bffdd2dd88657bb7fb55f284cf0521153c917c774c543a2e903a5e5e05ff
82,Risk-Constrained Convex Verifier,Exact Shapley net value,4,116,0.0,66.1529035309762,66.1529035309762,-4.129961713952071,-4.129961713952071,375.43418744231894,0.0,-379.564149156271,6,4e34bffdd2dd88657bb7fb55f284cf0521153c917c774c543a2e903a5e5e05ff
83,Trace-Anchored Reference,Nodal signed linear,1,15,142.96048868494353,142.96048868494864,5.115907697472721e-12,184.72874668837198,184.72874668836812,184.72874668836812,3.865352482534945e-12,3.865352482534945e-12,6,4e34bffdd2dd88657bb7fb55f284cf0521153c917c774c543a2e903a5e5e05ff
83,Trace-Anchored Reference,Nodal signed linear,2,42,-57.157691251944875,-57.157691251940975,3.90087961932295e-12,184.72874668837198,184.72874668836812,184.72874668836812,3.865352482534945e-12,3.865352482534945e-12,6,4e34bffdd2dd88657bb7fb55f284cf0521153c917c774c543a2e903a5e5e05ff
83,Trace-Anchored Reference,Nodal signed linear,3,80,49.92386087797384,49.923860877966646,7.190692485892214e-12,184.72874668837198,184.72874668836812,184.72874668836812,3.865352482534945e-12,3.865352482534945e-12,6,4e34bffdd2dd88657bb7fb55f284cf0521153c917c774c543a2e903a5e5e05ff
83,Trace-Anchored Reference,Nodal signed linear,4,116,49.00208837739952,49.0020883773938,5.7198690228688065e-12,184.72874668837198,184.72874668836812,184.72874668836812,3.865352482534945e-12,3.865352482534945e-12,6,4e34bffdd2dd88657bb7fb55f284cf0521153c917c774c543a2e903a5e5e05ff
83,Trace-Anchored Reference,Standalone avoided cost,1,15,142.960488684952,142.96048868494864,3.353761712787673e-12,184.7287466883863,184.72874668836812,184.72874668836812,1.8189894035458565e-11,1.8189894035458565e-11,6,4e34bffdd2dd88657bb7fb55f284cf0521153c917c774c543a2e903a5e5e05ff
83,Trace-Anchored Reference,Standalone avoided cost,2,42,-57.157691251944925,-57.157691251940975,3.950617610826157e-12,184.7287466883863,184.72874668836812,184.72874668836812,1.8189894035458565e-11,1.8189894035458565e-11,6,4e34bffdd2dd88657bb7fb55f284cf0521153c917c774c543a2e903a5e5e05ff
83,Trace-Anchored Reference,Standalone avoided cost,3,80,49.92386087797786,49.923860877966646,1.1212364370294381e-11,184.7287466883863,184.72874668836812,184.72874668836812,1.8189894035458565e-11,1.8189894035458565e-11,6,4e34bffdd2dd88657bb7fb55f284cf0521153c917c774c543a2e903a5e5e05ff
83,Trace-Anchored Reference,Standalone avoided cost,4,116,49.00208837740138,49.0020883773938,7.581490990560269e-12,184.7287466883863,184.72874668836812,184.72874668836812,1.8189894035458565e-11,1.8189894035458565e-11,6,4e34bffdd2dd88657bb7fb55f284cf0521153c917c774c543a2e903a5e5e05ff
83,Trace-Anchored Reference,Leave-one-out marginal,1,15,142.96048868493745,142.96048868494864,1.1198153515579179e-11,184.72874668833174,184.72874668836812,184.72874668836812,-3.637978807091713e-11,-3.637978807091713e-11,6,4e34bffdd2dd88657bb7fb55f284cf0521153c917c774c543a2e903a5e5e05ff
83,Trace-Anchored Reference,Leave-one-out marginal,2,42,-57.15769125194129,-57.157691251940975,3.126388037344441e-13,184.72874668833174,184.72874668836812,184.72874668836812,-3.637978807091713e-11,-3.637978807091713e-11,6,4e34bffdd2dd88657bb7fb55f284cf0521153c917c774c543a2e903a5e5e05ff
83,Trace-Anchored Reference,Leave-one-out marginal,3,80,49.923860877948755,49.923860877966646,1.7891466086439323e-11,184.72874668833174,184.72874668836812,184.72874668836812,-3.637978807091713e-11,-3.637978807091713e-11,6,4e34bffdd2dd88657bb7fb55f284cf0521153c917c774c543a2e903a5e5e05ff
83,Trace-Anchored Reference,Leave-one-out marginal,4,116,49.002088377386826,49.0020883773938,6.970424237806583e-12,184.72874668833174,184.72874668836812,184.72874668836812,-3.637978807091713e-11,-3.637978807091713e-11,6,4e34bffdd2dd88657bb7fb55f284cf0521153c917c774c543a2e903a5e5e05ff
83,Trace-Anchored Reference,Exact Shapley net value,1,15,142.96048868494864,142.96048868494864,0.0,184.7287466883681,184.72874668836812,184.72874668836812,-2.842170943040401e-14,-2.842170943040401e-14,6,4e34bffdd2dd88657bb7fb55f284cf0521153c917c774c543a2e903a5e5e05ff
83,Trace-Anchored Reference,Exact Shapley net value,2,42,-57.157691251940975,-57.157691251940975,0.0,184.7287466883681,184.72874668836812,184.72874668836812,-2.842170943040401e-14,-2.842170943040401e-14,6,4e34bffdd2dd88657bb7fb55f284cf0521153c917c774c543a2e903a5e5e05ff
83,Trace-Anchored Reference,Exact Shapley net value,3,80,49.923860877966646,49.923860877966646,0.0,184.7287466883681,184.72874668836812,184.72874668836812,-2.842170943040401e-14,-2.842170943040401e-14,6,4e34bffdd2dd88657bb7fb55f284cf0521153c917c774c543a2e903a5e5e05ff
83,Trace-Anchored Reference,Exact Shapley net value,4,116,49.0020883773938,49.0020883773938,0.0,184.7287466883681,184.72874668836812,184.72874668836812,-2.842170943040401e-14,-2.842170943040401e-14,6,4e34bffdd2dd88657bb7fb55f284cf0521153c917c774c543a2e903a5e5e05ff
83,Risk-Constrained Convex Verifier,Nodal signed linear,1,15,90.0346201720859,142.96048868494864,52.92586851286275,-0.6532096555046465,-0.6532096555129101,184.72874668836812,8.263612016889965e-12,-185.38195634387276,6,4e34bffdd2dd88657bb7fb55f284cf0521153c917c774c543a2e903a5e5e05ff
83,Risk-Constrained Convex Verifier,Nodal signed linear,2,42,-90.68782982759039,-57.157691251940975,33.53013857564942,-0.6532096555046465,-0.6532096555129101,184.72874668836812,8.263612016889965e-12,-185.38195634387276,6,4e34bffdd2dd88657bb7fb55f284cf0521153c917c774c543a2e903a5e5e05ff
83,Risk-Constrained Convex Verifier,Nodal signed linear,3,80,-1.4921397450962104e-13,49.923860877966646,49.923860877966796,-0.6532096555046465,-0.6532096555129101,184.72874668836812,8.263612016889965e-12,-185.38195634387276,6,4e34bffdd2dd88657bb7fb55f284cf0521153c917c774c543a2e903a5e5e05ff
83,Risk-Constrained Convex Verifier,Nodal signed linear,4,116,0.0,49.0020883773938,49.0020883773938,-0.6532096555046465,-0.6532096555129101,184.72874668836812,8.263612016889965e-12,-185.38195634387276,6,4e34bffdd2dd88657bb7fb55f284cf0521153c917c774c543a2e903a5e5e05ff
83,Risk-Constrained Convex Verifier,Standalone avoided cost,1,15,89.95432103268104,142.96048868494864,53.00616765226761,-0.733508794917725,-0.6532096555129101,184.72874668836812,-0.08029913940481492,-185.46225548328584,6,4e34bffdd2dd88657bb7fb55f284cf0521153c917c774c543a2e903a5e5e05ff
83,Risk-Constrained Convex Verifier,Standalone avoided cost,2,42,-90.68782982759876,-57.157691251940975,33.53013857565779,-0.733508794917725,-0.6532096555129101,184.72874668836812,-0.08029913940481492,-185.46225548328584,6,4e34bffdd2dd88657bb7fb55f284cf0521153c917c774c543a2e903a5e5e05ff
83,Risk-Constrained Convex Verifier,Standalone avoided cost,3,80,0.0,49.923860877966646,49.923860877966646,-0.733508794917725,-0.6532096555129101,184.72874668836812,-0.08029913940481492,-185.46225548328584,6,4e34bffdd2dd88657bb7fb55f284cf0521153c917c774c543a2e903a5e5e05ff
83,Risk-Constrained Convex Verifier,Standalone avoided cost,4,116,0.0,49.0020883773938,49.0020883773938,-0.733508794917725,-0.6532096555129101,184.72874668836812,-0.08029913940481492,-185.46225548328584,6,4e34bffdd2dd88657bb7fb55f284cf0521153c917c774c543a2e903a5e5e05ff
83,Risk-Constrained Convex Verifier,Leave-one-out marginal,1,15,90.03462017208585,142.96048868494864,52.92586851286279,-0.5729105161044572,-0.6532096555129101,184.72874668836812,0.0802991394084529,-185.30165720447258,6,4e34bffdd2dd88657bb7fb55f284cf0521153c917c774c543a2e903a5e5e05ff
83,Risk-Constrained Convex Verifier,Leave-one-out marginal,2,42,-90.60753068819031,-57.157691251940975,33.449839436249334,-0.5729105161044572,-0.6532096555129101,184.72874668836812,0.0802991394084529,-185.30165720447258,6,4e34bffdd2dd88657bb7fb55f284cf0521153c917c774c543a2e903a5e5e05ff
83,Risk-Constrained Convex Verifier,Leave-one-out marginal,3,80,0.0,49.923860877966646,49.923860877966646,-0.5729105161044572,-0.6532096555129101,184.72874668836812,0.0802991394084529,-185.30165720447258,6,4e34bffdd2dd88657bb7fb55f284cf0521153c917c774c543a2e903a5e5e05ff
83,Risk-Constrained Convex Verifier,Leave-one-out marginal,4,116,0.0,49.0020883773938,49.0020883773938,-0.5729105161044572,-0.6532096555129101,184.72874668836812,0.0802991394084529,-185.30165720447258,6,4e34bffdd2dd88657bb7fb55f284cf0521153c917c774c543a2e903a5e5e05ff
83,Risk-Constrained Convex Verifier,Exact Shapley net value,1,15,89.99447060238285,142.96048868494864,52.966018082565796,-0.6532096555128906,-0.6532096555129101,184.72874668836812,1.9539925233402755e-14,-185.381956343881,6,4e34bffdd2dd88657bb7fb55f284cf0521153c917c774c543a2e903a5e5e05ff
83,Risk-Constrained Convex Verifier,Exact Shapley net value,2,42,-90.64768025789513,-57.157691251940975,33.48998900595416,-0.6532096555128906,-0.6532096555129101,184.72874668836812,1.9539925233402755e-14,-185.381956343881,6,4e34bffdd2dd88657bb7fb55f284cf0521153c917c774c543a2e903a5e5e05ff
83,Risk-Constrained Convex Verifier,Exact Shapley net value,3,80,-6.057376822354854e-13,49.923860877966646,49.92386087796725,-0.6532096555128906,-0.6532096555129101,184.72874668836812,1.9539925233402755e-14,-185.381956343881,6,4e34bffdd2dd88657bb7fb55f284cf0521153c917c774c543a2e903a5e5e05ff
83,Risk-Constrained Convex Verifier,Exact Shapley net value,4,116,0.0,49.0020883773938,49.0020883773938,-0.6532096555128906,-0.6532096555129101,184.72874668836812,1.9539925233402755e-14,-185.381956343881,6,4e34bffdd2dd88657bb7fb55f284cf0521153c917c774c543a2e903a5e5e05ff
84,Trace-Anchored Reference,Nodal signed linear,1,15,252.06920927991132,249.99656128260236,2.0726479973089624,592.482786588058,588.4396603418863,588.4396603418863,4.04312624617171,4.04312624617171,6,4e34bffdd2dd88657bb7fb55f284cf0521153c917c774c543a2e903a5e5e05ff
84,Trace-Anchored Reference,Nodal signed linear,2,42,76.89424368722673,75.8870094067485,1.0072342804782295,592.482786588058,588.4396603418863,588.4396603418863,4.04312624617171,4.04312624617171,6,4e34bffdd2dd88657bb7fb55f284cf0521153c917c774c543a2e903a5e5e05ff
84,Trace-Anchored Reference,Nodal signed linear,3,80,125.63661113500555,125.22495141457512,0.4116597204304355,592.482786588058,588.4396603418863,588.4396603418863,4.04312624617171,4.04312624617171,6,4e34bffdd2dd88657bb7fb55f284cf0521153c917c774c543a2e903a5e5e05ff
84,Trace-Anchored Reference,Nodal signed linear,4,116,137.88272248591443,137.33113823796035,0.5515842479540822,592.482786588058,588.4396603418863,588.4396603418863,4.04312624617171,4.04312624617171,6,4e34bffdd2dd88657bb7fb55f284cf0521153c917c774c543a2e903a5e5e05ff
84,Trace-Anchored Reference,Standalone avoided cost,1,15,251.1070352408533,249.99656128260236,1.1104739582509353,591.2577998266206,588.4396603418863,588.4396603418863,2.8181394847342744,2.8181394847342744,6,4e34bffdd2dd88657bb7fb55f284cf0521153c917c774c543a2e903a5e5e05ff
84,Trace-Anchored Reference,Standalone avoided cost,2,42,76.6314309648551,75.8870094067485,0.7444215581065947,591.2577998266206,588.4396603418863,588.4396603418863,2.8181394847342744,2.8181394847342744,6,4e34bffdd2dd88657bb7fb55f284cf0521153c917c774c543a2e903a5e5e05ff
84,Trace-Anchored Reference,Standalone avoided cost,3,80,125.63661113500712,125.22495141457512,0.4116597204319987,591.2577998266206,588.4396603418863,588.4396603418863,2.8181394847342744,2.8181394847342744,6,4e34bffdd2dd88657bb7fb55f284cf0521153c917c774c543a2e903a5e5e05ff
84,Trace-Anchored Reference,Standalone avoided cost,4,116,137.8827224859051,137.33113823796035,0.5515842479447599,591.2577998266206,588.4396603418863,588.4396603418863,2.8181394847342744,2.8181394847342744,6,4e34bffdd2dd88657bb7fb55f284cf0521153c917c774c543a2e903a5e5e05ff
84,Trace-Anchored Reference,Leave-one-out marginal,1,15,249.22317762575403,249.99656128260236,0.7733836568483241,586.5558027267834,588.4396603418863,588.4396603418863,-1.8838576151028974,-1.8838576151028974,6,4e34bffdd2dd88657bb7fb55f284cf0521153c917c774c543a2e903a5e5e05ff
84,Trace-Anchored Reference,Leave-one-out marginal,2,42,75.40256345700254,75.8870094067485,0.484445949745961,586.5558027267834,588.4396603418863,588.4396603418863,-1.8838576151028974,-1.8838576151028974,6,4e34bffdd2dd88657bb7fb55f284cf0521153c917c774c543a2e903a5e5e05ff
84,Trace-Anchored Reference,Leave-one-out marginal,3,80,124.95742517309918,125.22495141457512,0.2675262414759345,586.5558027267834,588.4396603418863,588.4396603418863,-1.8838576151028974,-1.8838576151028974,6,4e34bffdd2dd88657bb7fb55f284cf0521153c917c774c543a2e903a5e5e05ff
84,Trace-Anchored Reference,Leave-one-out marginal,4,116,136.97263647092768,137.33113823796035,0.35850176703266357,586.5558027267834,588.4396603418863,588.4396603418863,-1.8838576151028974,-1.8838576151028974,6,4e34bffdd2dd88657bb7fb55f284cf0521153c917c774c543a2e903a5e5e05ff
84,Trace-Anchored Reference,Exact Shapley net value,1,15,249.99656128260236,249.99656128260236,0.0,588.4396603418863,588.4396603418863,588.4396603418863,0.0,0.0,6,4e34bffdd2dd88657bb7fb55f284cf0521153c917c774c543a2e903a5e5e05ff
84,Trace-Anchored Reference,Exact Shapley net value,2,42,75.8870094067485,75.8870094067485,0.0,588.4396603418863,588.4396603418863,588.4396603418863,0.0,0.0,6,4e34bffdd2dd88657bb7fb55f284cf0521153c917c774c543a2e903a5e5e05ff
84,Trace-Anchored Reference,Exact Shapley net value,3,80,125.22495141457512,125.22495141457512,0.0,588.4396603418863,588.4396603418863,588.4396603418863,0.0,0.0,6,4e34bffdd2dd88657bb7fb55f284cf0521153c917c774c543a2e903a5e5e05ff
84,Trace-Anchored Reference,Exact Shapley net value,4,116,137.33113823796035,137.33113823796035,0.0,588.4396603418863,588.4396603418863,588.4396603418863,0.0,0.0,6,4e34bffdd2dd88657bb7fb55f284cf0521153c917c774c543a2e903a5e5e05ff
84,Risk-Constrained Convex Verifier,Nodal signed linear,1,15,70.00487574099829,249.99656128260236,179.99168554160406,-0.20332318120993875,-0.20332318120199488,588.4396603418863,-7.94386778579792e-12,-588.6429835230963,6,4e34bffdd2dd88657bb7fb55f284cf0521153c917c774c543a2e903a5e5e05ff
84,Risk-Constrained Convex Verifier,Nodal signed linear,2,42,-70.20819892220823,75.8870094067485,146.09520832895674,-0.20332318120993875,-0.20332318120199488,588.4396603418863,-7.94386778579792e-12,-588.6429835230963,6,4e34bffdd2dd88657bb7fb55f284cf0521153c917c774c543a2e903a5e5e05ff
84,Risk-Constrained Convex Verifier,Nodal signed linear,3,80,0.0,125.22495141457512,125.22495141457512,-0.20332318120993875,-0.20332318120199488,588.4396603418863,-7.94386778579792e-12,-588.6429835230963,6,4e34bffdd2dd88657bb7fb55f284cf0521153c917c774c543a2e903a5e5e05ff
84,Risk-Constrained Convex Verifier,Nodal signed linear,4,116,0.0,137.33113823796035,137.33113823796035,-0.20332318120993875,-0.20332318120199488,588.4396603418863,-7.94386778579792e-12,-588.6429835230963,6,4e34bffdd2dd88657bb7fb55f284cf0521153c917c774c543a2e903a5e5e05ff
84,Risk-Constrained Convex Verifier,Standalone avoided cost,1,15,70.00487574098952,249.99656128260236,179.99168554161284,-0.20332318120563286,-0.20332318120199488,588.4396603418863,-3.637978807091713e-12,-588.642983523092,6,4e34bffdd2dd88657bb7fb55f284cf0521153c917c774c543a2e903a5e5e05ff
84,Risk-Constrained Convex Verifier,Standalone avoided cost,2,42,-70.20819892219515,75.8870094067485,146.09520832894367,-0.20332318120563286,-0.20332318120199488,588.4396603418863,-3.637978807091713e-12,-588.642983523092,6,4e34bffdd2dd88657bb7fb55f284cf0521153c917c774c543a2e903a5e5e05ff
84,Risk-Constrained Convex Verifier,Standalone avoided cost,3,80,0.0,125.22495141457512,125.22495141457512,-0.20332318120563286,-0.20332318120199488,588.4396603418863,-3.637978807091713e-12,-588.642983523092,6,4e34bffdd2dd88657bb7fb55f284cf0521153c917c774c543a2e903a5e5e05ff
84,Risk-Constrained Convex Verifier,Standalone avoided cost,4,116,0.0,137.33113823796035,137.33113823796035,-0.20332318120563286,-0.20332318120199488,588.4396603418863,-3.637978807091713e-12,-588.642983523092,6,4e34bffdd2dd88657bb7fb55f284cf0521153c917c774c543a2e903a5e5e05ff
84,Risk-Constrained Convex Verifier,Leave-one-out marginal,1,15,70.00487574099316,249.99656128260236,179.9916855416092,-0.2033231811983569,-0.20332318120199488,588.4396603418863,3.637978807091713e-12,-588.6429835230847,6,4e34bffdd2dd88657bb7fb55f284cf0521153c917c774c543a2e903a5e5e05ff
84,Risk-Constrained Convex Verifier,Leave-one-out marginal,2,42,-70.20819892219151,75.8870094067485,146.09520832894003,-0.2033231811983569,-0.20332318120199488,588.4396603418863,3.637978807091713e-12,-588.6429835230847,6,4e34bffdd2dd88657bb7fb55f284cf0521153c917c774c543a2e903a5e5e05ff
84,Risk-Constrained Convex Verifier,Leave-one-out marginal,3,80,0.0,125.22495141457512,125.22495141457512,-0.2033231811983569,-0.20332318120199488,588.4396603418863,3.637978807091713e-12,-588.6429835230847,6,4e34bffdd2dd88657bb7fb55f284cf0521153c917c774c543a2e903a5e5e05ff
84,Risk-Constrained Convex Verifier,Leave-one-out marginal,4,116,0.0,137.33113823796035,137.33113823796035,-0.2033231811983569,-0.20332318120199488,588.4396603418863,3.637978807091713e-12,-588.6429835230847,6,4e34bffdd2dd88657bb7fb55f284cf0521153c917c774c543a2e903a5e5e05ff
84,Risk-Constrained Convex Verifier,Exact Shapley net value,1,15,70.00487574099134,249.99656128260236,179.99168554161102,-0.20332318120199488,-0.20332318120199488,588.4396603418863,0.0,-588.6429835230883,6,4e34bffdd2dd88657bb7fb55f284cf0521153c917c774c543a2e903a5e5e05ff
84,Risk-Constrained Convex Verifier,Exact Shapley net value,2,42,-70.20819892219333,75.8870094067485,146.09520832894185,-0.20332318120199488,-0.20332318120199488,588.4396603418863,0.0,-588.6429835230883,6,4e34bffdd2dd88657bb7fb55f284cf0521153c917c774c543a2e903a5e5e05ff
84,Risk-Constrained Convex Verifier,Exact Shapley net value,3,80,0.0,125.22495141457512,125.22495141457512,-0.20332318120199488,-0.20332318120199488,588.4396603418863,0.0,-588.6429835230883,6,4e34bffdd2dd88657bb7fb55f284cf0521153c917c774c543a2e903a5e5e05ff
84,Risk-Constrained Convex Verifier,Exact Shapley net value,4,116,0.0,137.33113823796035,137.33113823796035,-0.20332318120199488,-0.20332318120199488,588.4396603418863,0.0,-588.6429835230883,6,4e34bffdd2dd88657bb7fb55f284cf0521153c917c774c543a2e903a5e5e05ff
85,Trace-Anchored Reference,Nodal signed linear,1,15,555.7210148151913,555.8657204120364,0.1447055968450286,152.65228821043766,152.65228821045093,152.65228821045093,-1.3272938303998671e-11,-1.3272938303998671e-11,6,4e34bffdd2dd88657bb7fb55f284cf0521153c917c774c543a2e903a5e5e05ff
85,Trace-Anchored Reference,Nodal signed linear,2,42,-294.3592677540293,-294.43296583026586,0.07369807623655333,152.65228821043766,152.65228821045093,152.65228821045093,-1.3272938303998671e-11,-1.3272938303998671e-11,6,4e34bffdd2dd88657bb7fb55f284cf0521153c917c774c543a2e903a5e5e05ff
85,Trace-Anchored Reference,Nodal signed linear,3,80,-152.29261434795563,-152.3663124241863,0.07369807623067004,152.65228821043766,152.65228821045093,152.65228821045093,-1.3272938303998671e-11,-1.3272938303998671e-11,6,4e34bffdd2dd88657bb7fb55f284cf0521153c917c774c543a2e903a5e5e05ff
85,Trace-Anchored Reference,Nodal signed linear,4,116,43.583155497231274,43.58584605286675,0.002690555635474823,152.65228821043766,152.65228821045093,152.65228821045093,-1.3272938303998671e-11,-1.3272938303998671e-11,6,4e34bffdd2dd88657bb7fb55f284cf0521153c917c774c543a2e903a5e5e05ff
85,Trace-Anchored Reference,Standalone avoided cost,1,15,555.7210148152226,555.8657204120364,0.14470559681376471,152.6522882105055,152.65228821045093,152.65228821045093,5.4569682106375694e-11,5.4569682106375694e-11,6,4e34bffdd2dd88657bb7fb55f284cf0521153c917c774c543a2e903a5e5e05ff
85,Trace-Anchored Reference,Standalone avoided cost,2,42,-294.35926775401094,-294.43296583026586,0.07369807625491376,152.6522882105055,152.65228821045093,152.65228821045093,5.4569682106375694e-11,5.4569682106375694e-11,6,4e34bffdd2dd88657bb7fb55f284cf0521153c917c774c543a2e903a5e5e05ff
85,Trace-Anchored Reference,Standalone avoided cost,3,80,-152.29261434794535,-152.3663124241863,0.0736980762409587,152.6522882105055,152.65228821045093,152.65228821045093,5.4569682106375694e-11,5.4569682106375694e-11,6,4e34bffdd2dd88657bb7fb55f284cf0521153c917c774c543a2e903a5e5e05ff
85,Trace-Anchored Reference,Standalone avoided cost,4,116,43.583155497239204,43.58584605286675,0.002690555627545166,152.6522882105055,152.65228821045093,152.65228821045093,5.4569682106375694e-11,5.4569682106375694e-11,6,4e34bffdd2dd88657bb7fb55f284cf0521153c917c774c543a2e903a5e5e05ff
85,Trace-Anchored Reference,Leave-one-out marginal,1,15,556.1470599387758,555.8657204120364,0.28133952673942986,153.07833333398958,152.65228821045093,152.65228821045093,0.42604512353864266,0.42604512353864266,6,4e34bffdd2dd88657bb7fb55f284cf0521153c917c774c543a2e903a5e5e05ff
85,Trace-Anchored Reference,Leave-one-out marginal,2,42,-294.35926775405824,-294.43296583026586,0.07369807620762003,153.07833333398958,152.65228821045093,152.65228821045093,0.42604512353864266,0.42604512353864266,6,4e34bffdd2dd88657bb7fb55f284cf0521153c917c774c543a2e903a5e5e05ff
85,Trace-Anchored Reference,Leave-one-out marginal,3,80,-152.2926143479599,-152.3663124241863,0.07369807622640678,153.07833333398958,152.65228821045093,152.65228821045093,0.42604512353864266,0.42604512353864266,6,4e34bffdd2dd88657bb7fb55f284cf0521153c917c774c543a2e903a5e5e05ff
85,Trace-Anchored Reference,Leave-one-out marginal,4,116,43.58315549723193,43.58584605286675,0.0026905556348211235,153.07833333398958,152.65228821045093,152.65228821045093,0.42604512353864266,0.42604512353864266,6,4e34bffdd2dd88657bb7fb55f284cf0521153c917c774c543a2e903a5e5e05ff
85,Trace-Anchored Reference,Exact Shapley net value,1,15,555.8657204120364,555.8657204120364,0.0,152.65228821045093,152.65228821045093,152.65228821045093,0.0,0.0,6,4e34bffdd2dd88657bb7fb55f284cf0521153c917c774c543a2e903a5e5e05ff
85,Trace-Anchored Reference,Exact Shapley net value,2,42,-294.43296583026586,-294.43296583026586,0.0,152.65228821045093,152.65228821045093,152.65228821045093,0.0,0.0,6,4e34bffdd2dd88657bb7fb55f284cf0521153c917c774c543a2e903a5e5e05ff
85,Trace-Anchored Reference,Exact Shapley net value,3,80,-152.3663124241863,-152.3663124241863,0.0,152.65228821045093,152.65228821045093,152.65228821045093,0.0,0.0,6,4e34bffdd2dd88657bb7fb55f284cf0521153c917c774c543a2e903a5e5e05ff
85,Trace-Anchored Reference,Exact Shapley net value,4,116,43.58584605286675,43.58584605286675,0.0,152.65228821045093,152.65228821045093,152.65228821045093,0.0,0.0,6,4e34bffdd2dd88657bb7fb55f284cf0521153c917c774c543a2e903a5e5e05ff
85,Risk-Constrained Convex Verifier,Nodal signed linear,1,15,438.1137138290199,555.8657204120364,117.75200658301645,-4.357881512934796,-4.3578815129403665,152.65228821045093,5.5706550483591855e-12,-157.01016972338573,6,4e34bffdd2dd88657bb7fb55f284cf0521153c917c774c543a2e903a5e5e05ff
85,Risk-Constrained Convex Verifier,Nodal signed linear,2,42,-442.4715953419547,-294.43296583026586,148.03862951168884,-4.357881512934796,-4.3578815129403665,152.65228821045093,5.5706550483591855e-12,-157.01016972338573,6,4e34bffdd2dd88657bb7fb55f284cf0521153c917c774c543a2e903a5e5e05ff
85,Risk-Constrained Convex Verifier,Nodal signed linear,3,80,0.0,-152.3663124241863,152.3663124241863,-4.357881512934796,-4.3578815129403665,152.65228821045093,5.5706550483591855e-12,-157.01016972338573,6,4e34bffdd2dd88657bb7fb55f284cf0521153c917c774c543a2e903a5e5e05ff
85,Risk-Constrained Convex Verifier,Nodal signed linear,4,116,0.0,43.58584605286675,43.58584605286675,-4.357881512934796,-4.3578815129403665,152.65228821045093,5.5706550483591855e-12,-157.01016972338573,6,4e34bffdd2dd88657bb7fb55f284cf0521153c917c774c543a2e903a5e5e05ff
85,Risk-Constrained Convex Verifier,Standalone avoided cost,1,15,438.11371382904326,555.8657204120364,117.75200658299309,-4.954458896063443,-4.3578815129403665,152.65228821045093,-0.5965773831230763,-157.60674710651438,6,4e34bffdd2dd88657bb7fb55f284cf0521153c917c774c543a2e903a5e5e05ff
85,Risk-Constrained Convex Verifier,Standalone avoided cost,2,42,-443.0681727251067,-294.43296583026586,148.63520689484085,-4.954458896063443,-4.3578815129403665,152.65228821045093,-0.5965773831230763,-157.60674710651438,6,4e34bffdd2dd88657bb7fb55f284cf0521153c917c774c543a2e903a5e5e05ff
85,Risk-Constrained Convex Verifier,Standalone avoided cost,3,80,0.0,-152.3663124241863,152.3663124241863,-4.954458896063443,-4.3578815129403665,152.65228821045093,-0.5965773831230763,-157.60674710651438,6,4e34bffdd2dd88657bb7fb55f284cf0521153c917c774c543a2e903a5e5e05ff
85,Risk-Constrained Convex Verifier,Standalone avoided cost,4,116,0.0,43.58584605286675,43.58584605286675,-4.954458896063443,-4.3578815129403665,152.65228821045093,-0.5965773831230763,-157.60674710651438,6,4e34bffdd2dd88657bb7fb55f284cf0521153c917c774c543a2e903a5e5e05ff
85,Risk-Constrained Convex Verifier,Leave-one-out marginal,1,15,438.71029121216634,555.8657204120364,117.15542919987001,-3.7613041298172902,-4.3578815129403665,152.65228821045093,0.5965773831230763,-156.41359234026822,6,4e34bffdd2dd88657bb7fb55f284cf0521153c917c774c543a2e903a5e5e05ff
85,Risk-Constrained Convex Verifier,Leave-one-out marginal,2,42,-442.47159534198363,-294.43296583026586,148.03862951171777,-3.7613041298172902,-4.3578815129403665,152.65228821045093,0.5965773831230763,-156.41359234026822,6,4e34bffdd2dd88657bb7fb55f284cf0521153c917c774c543a2e903a5e5e05ff
85,Risk-Constrained Convex Verifier,Leave-one-out marginal,3,80,0.0,-152.3663124241863,152.3663124241863,-3.7613041298172902,-4.3578815129403665,152.65228821045093,0.5965773831230763,-156.41359234026822,6,4e34bffdd2dd88657bb7fb55f284cf0521153c917c774c543a2e903a5e5e05ff
85,Risk-Constrained Convex Verifier,Leave-one-out marginal,4,116,0.0,43.58584605286675,43.58584605286675,-3.7613041298172902,-4.3578815129403665,152.65228821045093,0.5965773831230763,-156.41359234026822,6,4e34bffdd2dd88657bb7fb55f284cf0521153c917c774c543a2e903a5e5e05ff
85,Risk-Constrained Convex Verifier,Exact Shapley net value,1,15,438.4120025206048,555.8657204120364,117.45371789143155,-4.3578815129403665,-4.3578815129403665,152.65228821045093,0.0,-157.0101697233913,6,4e34bffdd2dd88657bb7fb55f284cf0521153c917c774c543a2e903a5e5e05ff
85,Risk-Constrained Convex Verifier,Exact Shapley net value,2,42,-442.76988403354517,-294.43296583026586,148.3369182032793,-4.3578815129403665,-4.3578815129403665,152.65228821045093,0.0,-157.0101697233913,6,4e34bffdd2dd88657bb7fb55f284cf0521153c917c774c543a2e903a5e5e05ff
85,Risk-Constrained Convex Verifier,Exact Shapley net value,3,80,0.0,-152.3663124241863,152.3663124241863,-4.3578815129403665,-4.3578815129403665,152.65228821045093,0.0,-157.0101697233913,6,4e34bffdd2dd88657bb7fb55f284cf0521153c917c774c543a2e903a5e5e05ff
85,Risk-Constrained Convex Verifier,Exact Shapley net value,4,116,0.0,43.58584605286675,43.58584605286675,-4.3578815129403665,-4.3578815129403665,152.65228821045093,0.0,-157.0101697233913,6,4e34bffdd2dd88657bb7fb55f284cf0521153c917c774c543a2e903a5e5e05ff
86,Trace-Anchored Reference,Nodal signed linear,1,15,392.04435763533195,392.04236838273033,0.0019892526016178635,117.49739008177679,117.49739008179313,117.49739008179313,-1.6342482922482304e-11,-1.6342482922482304e-11,6,4e34bffdd2dd88657bb7fb55f284cf0521153c917c774c543a2e903a5e5e05ff
86,Trace-Anchored Reference,Nodal signed linear,2,42,-342.7230935910646,-342.71712583323887,0.005967757825715125,117.49739008177679,117.49739008179313,117.49739008179313,-1.6342482922482304e-11,-1.6342482922482304e-11,6,4e34bffdd2dd88657bb7fb55f284cf0521153c917c774c543a2e903a5e5e05ff
86,Trace-Anchored Reference,Nodal signed linear,3,80,14.211289055571262,14.209299802968115,0.001989252603147307,117.49739008177679,117.49739008179313,117.49739008179313,-1.6342482922482304e-11,-1.6342482922482304e-11,6,4e34bffdd2dd88657bb7fb55f284cf0521153c917c774c543a2e903a5e5e05ff
86,Trace-Anchored Reference,Nodal signed linear,4,116,53.96483698193815,53.96284772933358,0.001989252604566616,117.49739008177679,117.49739008179313,117.49739008179313,-1.6342482922482304e-11,-1.6342482922482304e-11,6,4e34bffdd2dd88657bb7fb55f284cf0521153c917c774c543a2e903a5e5e05ff
86,Trace-Anchored Reference,Standalone avoided cost,1,15,392.04435763535,392.04236838273033,0.0019892526196940707,117.49739008185861,117.49739008179313,117.49739008179313,6.548361852765083e-11,6.548361852765083e-11,6,4e34bffdd2dd88657bb7fb55f284cf0521153c917c774c543a2e903a5e5e05ff
86,Trace-Anchored Reference,Standalone avoided cost,2,42,-342.7230935910411,-342.71712583323887,0.005967757802238793,117.49739008185861,117.49739008179313,117.49739008179313,6.548361852765083e-11,6.548361852765083e-11,6,4e34bffdd2dd88657bb7fb55f284cf0521153c917c774c543a2e903a5e5e05ff
86,Trace-Anchored Reference,Standalone avoided cost,3,80,14.211289055598172,14.209299802968115,0.0019892526300573365,117.49739008185861,117.49739008179313,117.49739008179313,6.548361852765083e-11,6.548361852765083e-11,6,4e34bffdd2dd88657bb7fb55f284cf0521153c917c774c543a2e903a5e5e05ff
86,Trace-Anchored Reference,Standalone avoided cost,4,116,53.96483698195152,53.96284772933358,0.00198925261793903,117.49739008185861,117.49739008179313,117.49739008179313,6.548361852765083e-11,6.548361852765083e-11,6,4e34bffdd2dd88657bb7fb55f284cf0521153c917c774c543a2e903a5e5e05ff
86,Trace-Anchored Reference,Leave-one-out marginal,1,15,392.04435763533183,392.04236838273033,0.0019892526015041767,117.5212611130446,117.49739008179313,117.49739008179313,0.02387103125147405,0.02387103125147405,6,4e34bffdd2dd88657bb7fb55f284cf0521153c917c774c543a2e903a5e5e05ff
86,Trace-Anchored Reference,Leave-one-out marginal,2,42,-342.699222559786,-342.71712583323887,0.017903273452873236,117.5212611130446,117.49739008179313,117.49739008179313,0.02387103125147405,0.02387103125147405,6,4e34bffdd2dd88657bb7fb55f284cf0521153c917c774c543a2e903a5e5e05ff
86,Trace-Anchored Reference,Leave-one-out marginal,3,80,14.211289055561792,14.209299802968115,0.0019892525936775485,117.5212611130446,117.49739008179313,117.49739008179313,0.02387103125147405,0.02387103125147405,6,4e34bffdd2dd88657bb7fb55f284cf0521153c917c774c543a2e903a5e5e05ff
86,Trace-Anchored Reference,Leave-one-out marginal,4,116,53.96483698193697,53.96284772933358,0.001989252603387115,117.5212611130446,117.49739008179313,117.49739008179313,0.02387103125147405,0.02387103125147405,6,4e34bffdd2dd88657bb7fb55f284cf0521153c917c774c543a2e903a5e5e05ff
86,Trace-Anchored Reference,Exact Shapley net value,1,15,392.04236838273033,392.04236838273033,0.0,117.49739008179316,117.49739008179313,117.49739008179313,2.842170943040401e-14,2.842170943040401e-14,6,4e34bffdd2dd88657bb7fb55f284cf0521153c917c774c543a2e903a5e5e05ff
86,Trace-Anchored Reference,Exact Shapley net value,2,42,-342.71712583323887,-342.71712583323887,0.0,117.49739008179316,117.49739008179313,117.49739008179313,2.842170943040401e-14,2.842170943040401e-14,6,4e34bffdd2dd88657bb7fb55f284cf0521153c917c774c543a2e903a5e5e05ff
86,Trace-Anchored Reference,Exact Shapley net value,3,80,14.209299802968115,14.209299802968115,0.0,117.49739008179316,117.49739008179313,117.49739008179313,2.842170943040401e-14,2.842170943040401e-14,6,4e34bffdd2dd88657bb7fb55f284cf0521153c917c774c543a2e903a5e5e05ff
86,Trace-Anchored Reference,Exact Shapley net value,4,116,53.96284772933358,53.96284772933358,0.0,117.49739008179316,117.49739008179313,117.49739008179313,2.842170943040401e-14,2.842170943040401e-14,6,4e34bffdd2dd88657bb7fb55f284cf0521153c917c774c543a2e903a5e5e05ff
86,Risk-Constrained Convex Verifier,Nodal signed linear,1,15,338.07186690412095,392.04236838273033,53.97050147860938,-2.132086146276888,-2.132086146277288,117.49739008179313,4.001243780749064e-13,-119.62947622807002,6,4e34bffdd2dd88657bb7fb55f284cf0521153c917c774c543a2e903a5e5e05ff
86,Risk-Constrained Convex Verifier,Nodal signed linear,2,42,-340.20461451150925,-342.71712583323887,2.512511321729619,-2.132086146276888,-2.132086146277288,117.49739008179313,4.001243780749064e-13,-119.62947622807002,6,4e34bffdd2dd88657bb7fb55f284cf0521153c917c774c543a2e903a5e5e05ff
86,Risk-Constrained Convex Verifier,Nodal signed linear,3,80,0.0,14.209299802968115,14.209299802968115,-2.132086146276888,-2.132086146277288,117.49739008179313,4.001243780749064e-13,-119.62947622807002,6,4e34bffdd2dd88657bb7fb55f284cf0521153c917c774c543a2e903a5e5e05ff
86,Risk-Constrained Convex Verifier,Nodal signed linear,4,116,0.0006614611114083846,53.96284772933358,53.962186268222176,-2.132086146276888,-2.132086146277288,117.49739008179313,4.001243780749064e-13,-119.62947622807002,6,4e34bffdd2dd88657bb7fb55f284cf0521153c917c774c543a2e903a5e5e05ff
86,Risk-Constrained Convex Verifier,Standalone avoided cost,1,15,338.07186690412345,392.04236838273033,53.97050147860688,-2.1320861462736502,-2.132086146277288,117.49739008179313,3.637978807091713e-12,-119.62947622806678,6,4e34bffdd2dd88657bb7fb55f284cf0521153c917c774c543a2e903a5e5e05ff
86,Risk-Constrained Convex Verifier,Standalone avoided cost,2,42,-340.20461451150913,-342.71712583323887,2.5125113217297326,-2.1320861462736502,-2.132086146277288,117.49739008179313,3.637978807091713e-12,-119.62947622806678,6,4e34bffdd2dd88657bb7fb55f284cf0521153c917c774c543a2e903a5e5e05ff
86,Risk-Constrained Convex Verifier,Standalone avoided cost,3,80,3.637978807091713e-12,14.209299802968115,14.209299802964477,-2.1320861462736502,-2.132086146277288,117.49739008179313,3.637978807091713e-12,-119.62947622806678,6,4e34bffdd2dd88657bb7fb55f284cf0521153c917c774c543a2e903a5e5e05ff
86,Risk-Constrained Convex Verifier,Standalone avoided cost,4,116,0.0006614611083932687,53.96284772933358,53.96218626822519,-2.1320861462736502,-2.132086146277288,117.49739008179313,3.637978807091713e-12,-119.62947622806678,6,4e34bffdd2dd88657bb7fb55f284cf0521153c917c774c543a2e903a5e5e05ff
86,Risk-Constrained Convex Verifier,Leave-one-out marginal,1,15,338.0718669041271,392.04236838273033,53.97050147860324,-2.132086146280926,-2.132086146277288,117.49739008179313,-3.637978807091713e-12,-119.62947622807405,6,4e34bffdd2dd88657bb7fb55f284cf0521153c917c774c543a2e903a5e5e05ff
86,Risk-Constrained Convex Verifier,Leave-one-out marginal,2,42,-340.2046145115164,-342.71712583323887,2.5125113217224566,-2.132086146280926,-2.132086146277288,117.49739008179313,-3.637978807091713e-12,-119.62947622807405,6,4e34bffdd2dd88657bb7fb55f284cf0521153c917c774c543a2e903a5e5e05ff
86,Risk-Constrained Convex Verifier,Leave-one-out marginal,3,80,0.0,14.209299802968115,14.209299802968115,-2.132086146280926,-2.132086146277288,117.49739008179313,-3.637978807091713e-12,-119.62947622807405,6,4e34bffdd2dd88657bb7fb55f284cf0521153c917c774c543a2e903a5e5e05ff
86,Risk-Constrained Convex Verifier,Leave-one-out marginal,4,116,0.0006614611083932687,53.96284772933358,53.96218626822519,-2.132086146280926,-2.132086146277288,117.49739008179313,-3.637978807091713e-12,-119.62947622807405,6,4e34bffdd2dd88657bb7fb55f284cf0521153c917c774c543a2e903a5e5e05ff
86,Risk-Constrained Convex Verifier,Exact Shapley net value,1,15,338.0718669041253,392.04236838273033,53.97050147860506,-2.1320861462772887,-2.132086146277288,117.49739008179313,-4.440892098500626e-16,-119.62947622807042,6,4e34bffdd2dd88657bb7fb55f284cf0521153c917c774c543a2e903a5e5e05ff
86,Risk-Constrained Convex Verifier,Exact Shapley net value,2,42,-340.2046145115128,-342.71712583323887,2.5125113217260946,-2.1320861462772887,-2.132086146277288,117.49739008179313,-4.440892098500626e-16,-119.62947622807042,6,4e34bffdd2dd88657bb7fb55f284cf0521153c917c774c543a2e903a5e5e05ff
86,Risk-Constrained Convex Verifier,Exact Shapley net value,3,80,1.212363542890671e-12,14.209299802968115,14.209299802966903,-2.1320861462772887,-2.132086146277288,117.49739008179313,-4.440892098500626e-16,-119.62947622807042,6,4e34bffdd2dd88657bb7fb55f284cf0521153c917c774c543a2e903a5e5e05ff
86,Risk-Constrained Convex Verifier,Exact Shapley net value,4,116,0.0006614611089995892,53.96284772933358,53.962186268224585,-2.1320861462772887,-2.132086146277288,117.49739008179313,-4.440892098500626e-16,-119.62947622807042,6,4e34bffdd2dd88657bb7fb55f284cf0521153c917c774c543a2e903a5e5e05ff
87,Trace-Anchored Reference,Nodal signed linear,1,15,798.8139719876151,799.0257411558138,0.2117691681986571,378.3736508292203,378.373650829235,378.373650829235,-1.4665602066088468e-11,-1.4665602066088468e-11,6,4e34bffdd2dd88657bb7fb55f284cf0521153c917c774c543a2e903a5e5e05ff
87,Trace-Anchored Reference,Nodal signed linear,2,42,-644.0211084517998,-644.2488320656203,0.22772361382044437,378.3736508292203,378.373650829235,378.373650829235,-1.4665602066088468e-11,-1.4665602066088468e-11,6,4e34bffdd2dd88657bb7fb55f284cf0521153c917c774c543a2e903a5e5e05ff
87,Trace-Anchored Reference,Nodal signed linear,3,80,81.40084265759279,81.40817073010506,0.007328072512265749,378.3736508292203,378.373650829235,378.373650829235,-1.4665602066088468e-11,-1.4665602066088468e-11,6,4e34bffdd2dd88657bb7fb55f284cf0521153c917c774c543a2e903a5e5e05ff
87,Trace-Anchored Reference,Nodal signed linear,4,116,142.17994463581223,142.18857100893638,0.008626373124144493,378.3736508292203,378.373650829235,378.373650829235,-1.4665602066088468e-11,-1.4665602066088468e-11,6,4e34bffdd2dd88657bb7fb55f284cf0521153c917c774c543a2e903a5e5e05ff
87,Trace-Anchored Reference,Standalone avoided cost,1,15,798.8139719876235,799.0257411558138,0.21176916819024427,377.8841564065442,378.373650829235,378.373650829235,-0.48949442269076826,-0.48949442269076826,6,4e34bffdd2dd88657bb7fb55f284cf0521153c917c774c543a2e903a5e5e05ff
87,Trace-Anchored Reference,Standalone avoided cost,2,42,-644.5106028744776,-644.2488320656203,0.2617708088573636,377.8841564065442,378.373650829235,378.373650829235,-0.48949442269076826,-0.48949442269076826,6,4e34bffdd2dd88657bb7fb55f284cf0521153c917c774c543a2e903a5e5e05ff
87,Trace-Anchored Reference,Standalone avoided cost,3,80,81.40084265758924,81.40817073010506,0.007328072515818462,377.8841564065442,378.373650829235,378.373650829235,-0.48949442269076826,-0.48949442269076826,6,4e34bffdd2dd88657bb7fb55f284cf0521153c917c774c543a2e903a5e5e05ff
87,Trace-Anchored Reference,Standalone avoided cost,4,116,142.17994463580908,142.18857100893638,0.008626373127299303,377.8841564065442,378.373650829235,378.373650829235,-0.48949442269076826,-0.48949442269076826,6,4e34bffdd2dd88657bb7fb55f284cf0521153c917c774c543a2e903a5e5e05ff
87,Trace-Anchored Reference,Leave-one-out marginal,1,15,799.2077397365174,799.0257411558138,0.18199858070363462,378.7674185781543,378.373650829235,378.373650829235,0.39376774891934474,0.39376774891934474,6,4e34bffdd2dd88657bb7fb55f284cf0521153c917c774c543a2e903a5e5e05ff
87,Trace-Anchored Reference,Leave-one-out marginal,2,42,-644.0211084517905,-644.2488320656203,0.2277236138297667,378.7674185781543,378.373650829235,378.373650829235,0.39376774891934474,0.39376774891934474,6,4e34bffdd2dd88657bb7fb55f284cf0521153c917c774c543a2e903a5e5e05ff
87,Trace-Anchored Reference,Leave-one-out marginal,3,80,81.40084265760379,81.40817073010506,0.007328072501266547,378.7674185781543,378.373650829235,378.373650829235,0.39376774891934474,0.39376774891934474,6,4e34bffdd2dd88657bb7fb55f284cf0521153c917c774c543a2e903a5e5e05ff
87,Trace-Anchored Reference,Leave-one-out marginal,4,116,142.17994463582363,142.18857100893638,0.008626373112747387,378.7674185781543,378.373650829235,378.373650829235,0.39376774891934474,0.39376774891934474,6,4e34bffdd2dd88657bb7fb55f284cf0521153c917c774c543a2e903a5e5e05ff
87,Trace-Anchored Reference,Exact Shapley net value,1,15,799.0257411558138,799.0257411558138,0.0,378.3736508292349,378.373650829235,378.373650829235,-5.684341886080802e-14,-5.684341886080802e-14,6,4e34bffdd2dd88657bb7fb55f284cf0521153c917c774c543a2e903a5e5e05ff
87,Trace-Anchored Reference,Exact Shapley net value,2,42,-644.2488320656203,-644.2488320656203,0.0,378.3736508292349,378.373650829235,378.373650829235,-5.684341886080802e-14,-5.684341886080802e-14,6,4e34bffdd2dd88657bb7fb55f284cf0521153c917c774c543a2e903a5e5e05ff
87,Trace-Anchored Reference,Exact Shapley net value,3,80,81.40817073010506,81.40817073010506,0.0,378.3736508292349,378.373650829235,378.373650829235,-5.684341886080802e-14,-5.684341886080802e-14,6,4e34bffdd2dd88657bb7fb55f284cf0521153c917c774c543a2e903a5e5e05ff
87,Trace-Anchored Reference,Exact Shapley net value,4,116,142.18857100893638,142.18857100893638,0.0,378.3736508292349,378.373650829235,378.373650829235,-5.684341886080802e-14,-5.684341886080802e-14,6,4e34bffdd2dd88657bb7fb55f284cf0521153c917c774c543a2e903a5e5e05ff
87,Risk-Constrained Convex Verifier,Nodal signed linear,1,15,810.1971399350505,799.0257411558138,11.17139877923671,68.49060332493127,68.49060332492809,378.373650829235,3.183231456205249e-12,-309.8830475043037,6,4e34bffdd2dd88657bb7fb55f284cf0521153c917c774c543a2e903a5e5e05ff
87,Risk-Constrained Convex Verifier,Nodal signed linear,2,42,-741.7065366101192,-644.2488320656203,97.45770454449894,68.49060332493127,68.49060332492809,378.373650829235,3.183231456205249e-12,-309.8830475043037,6,4e34bffdd2dd88657bb7fb55f284cf0521153c917c774c543a2e903a5e5e05ff
87,Risk-Constrained Convex Verifier,Nodal signed linear,3,80,0.0,81.40817073010506,81.40817073010506,68.49060332493127,68.49060332492809,378.373650829235,3.183231456205249e-12,-309.8830475043037,6,4e34bffdd2dd88657bb7fb55f284cf0521153c917c774c543a2e903a5e5e05ff
87,Risk-Constrained Convex Verifier,Nodal signed linear,4,116,0.0,142.18857100893638,142.18857100893638,68.49060332493127,68.49060332492809,378.373650829235,3.183231456205249e-12,-309.8830475043037,6,4e34bffdd2dd88657bb7fb55f284cf0521153c917c774c543a2e903a5e5e05ff
87,Risk-Constrained Convex Verifier,Standalone avoided cost,1,15,810.1971399350332,799.0257411558138,11.17139877921943,66.41618700613253,68.49060332492809,378.373650829235,-2.0744163187955564,-311.95746382310244,6,4e34bffdd2dd88657bb7fb55f284cf0521153c917c774c543a2e903a5e5e05ff
87,Risk-Constrained Convex Verifier,Standalone avoided cost,2,42,-743.7809529289007,-644.2488320656203,99.5321208632804,66.41618700613253,68.49060332492809,378.373650829235,-2.0744163187955564,-311.95746382310244,6,4e34bffdd2dd88657bb7fb55f284cf0521153c917c774c543a2e903a5e5e05ff
87,Risk-Constrained Convex Verifier,Standalone avoided cost,3,80,0.0,81.40817073010506,81.40817073010506,66.41618700613253,68.49060332492809,378.373650829235,-2.0744163187955564,-311.95746382310244,6,4e34bffdd2dd88657bb7fb55f284cf0521153c917c774c543a2e903a5e5e05ff
87,Risk-Constrained Convex Verifier,Standalone avoided cost,4,116,0.0,142.18857100893638,142.18857100893638,66.41618700613253,68.49060332492809,378.373650829235,-2.0744163187955564,-311.95746382310244,6,4e34bffdd2dd88657bb7fb55f284cf0521153c917c774c543a2e903a5e5e05ff
87,Risk-Constrained Convex Verifier,Leave-one-out marginal,1,15,812.2715562538287,799.0257411558138,13.245815098014987,70.56501964372364,68.49060332492809,378.373650829235,2.0744163187955564,-307.80863118551133,6,4e34bffdd2dd88657bb7fb55f284cf0521153c917c774c543a2e903a5e5e05ff
87,Risk-Constrained Convex Verifier,Leave-one-out marginal,2,42,-741.7065366101051,-644.2488320656203,97.45770454448484,70.56501964372364,68.49060332492809,378.373650829235,2.0744163187955564,-307.80863118551133,6,4e34bffdd2dd88657bb7fb55f284cf0521153c917c774c543a2e903a5e5e05ff
87,Risk-Constrained Convex Verifier,Leave-one-out marginal,3,80,0.0,81.40817073010506,81.40817073010506,70.56501964372364,68.49060332492809,378.373650829235,2.0744163187955564,-307.80863118551133,6,4e34bffdd2dd88657bb7fb55f284cf0521153c917c774c543a2e903a5e5e05ff
87,Risk-Constrained Convex Verifier,Leave-one-out marginal,4,116,0.0,142.18857100893638,142.18857100893638,70.56501964372364,68.49060332492809,378.373650829235,2.0744163187955564,-307.80863118551133,6,4e34bffdd2dd88657bb7fb55f284cf0521153c917c774c543a2e903a5e5e05ff
87,Risk-Constrained Convex Verifier,Exact Shapley net value,1,15,811.2343480944309,799.0257411558138,12.208606938617095,68.49060332492797,68.49060332492809,378.373650829235,-1.1368683772161603e-13,-309.883047504307,6,4e34bffdd2dd88657bb7fb55f284cf0521153c917c774c543a2e903a5e5e05ff
87,Risk-Constrained Convex Verifier,Exact Shapley net value,2,42,-742.7437447695029,-644.2488320656203,98.49491270388262,68.49060332492797,68.49060332492809,378.373650829235,-1.1368683772161603e-13,-309.883047504307,6,4e34bffdd2dd88657bb7fb55f284cf0521153c917c774c543a2e903a5e5e05ff
87,Risk-Constrained Convex Verifier,Exact Shapley net value,3,80,0.0,81.40817073010506,81.40817073010506,68.49060332492797,68.49060332492809,378.373650829235,-1.1368683772161603e-13,-309.883047504307,6,4e34bffdd2dd88657bb7fb55f284cf0521153c917c774c543a2e903a5e5e05ff
87,Risk-Constrained Convex Verifier,Exact Shapley net value,4,116,0.0,142.18857100893638,142.18857100893638,68.49060332492797,68.49060332492809,378.373650829235,-1.1368683772161603e-13,-309.883047504307,6,4e34bffdd2dd88657bb7fb55f284cf0521153c917c774c543a2e903a5e5e05ff
88,Trace-Anchored Reference,Nodal signed linear,1,15,487.04032886736394,487.0403288673809,1.693933882052079e-11,267.82286477870946,267.8228647787146,267.8228647787146,-5.115907697472721e-12,-5.115907697472721e-12,6,4e34bffdd2dd88657bb7fb55f284cf0521153c917c774c543a2e903a5e5e05ff
88,Trace-Anchored Reference,Nodal signed linear,2,42,-364.6053996099415,-364.6053996099542,1.2676082405960187e-11,267.82286477870946,267.8228647787146,267.8228647787146,-5.115907697472721e-12,-5.115907697472721e-12,6,4e34bffdd2dd88657bb7fb55f284cf0521153c917c774c543a2e903a5e5e05ff
88,Trace-Anchored Reference,Nodal signed linear,3,80,74.85758009521015,74.85758009521274,2.5863755581667647e-12,267.82286477870946,267.8228647787146,267.8228647787146,-5.115907697472721e-12,-5.115907697472721e-12,6,4e34bffdd2dd88657bb7fb55f284cf0521153c917c774c543a2e903a5e5e05ff
88,Trace-Anchored Reference,Nodal signed linear,4,116,70.53035542607691,70.53035542607509,1.8189894035458565e-12,267.82286477870946,267.8228647787146,267.8228647787146,-5.115907697472721e-12,-5.115907697472721e-12,6,4e34bffdd2dd88657bb7fb55f284cf0521153c917c774c543a2e903a5e5e05ff
88,Trace-Anchored Reference,Standalone avoided cost,1,15,487.04032886739515,487.0403288673809,1.4267698134062812e-11,267.8228647787546,267.8228647787146,267.8228647787146,4.001776687800884e-11,4.001776687800884e-11,6,4e34bffdd2dd88657bb7fb55f284cf0521153c917c774c543a2e903a5e5e05ff
88,Trace-Anchored Reference,Standalone avoided cost,2,42,-364.60539960994356,-364.6053996099542,1.0629719326971099e-11,267.8228647787546,267.8228647787146,267.8228647787146,4.001776687800884e-11,4.001776687800884e-11,6,4e34bffdd2dd88657bb7fb55f284cf0521153c917c774c543a2e903a5e5e05ff
88,Trace-Anchored Reference,Standalone avoided cost,3,80,74.85758009522397,74.85758009521274,1.1226575225009583e-11,267.8228647787546,267.8228647787146,267.8228647787146,4.001776687800884e-11,4.001776687800884e-11,6,4e34bffdd2dd88657bb7fb55f284cf0521153c917c774c543a2e903a5e5e05ff
88,Trace-Anchored Reference,Standalone avoided cost,4,116,70.53035542607904,70.53035542607509,3.950617610826157e-12,267.8228647787546,267.8228647787146,267.8228647787146,4.001776687800884e-11,4.001776687800884e-11,6,4e34bffdd2dd88657bb7fb55f284cf0521153c917c774c543a2e903a5e5e05ff
88,Trace-Anchored Reference,Leave-one-out marginal,1,15,487.0403288673697,487.0403288673809,1.1198153515579179e-11,267.82286477869275,267.8228647787146,267.8228647787146,-2.1827872842550278e-11,-2.1827872842550278e-11,6,4e34bffdd2dd88657bb7fb55f284cf0521153c917c774c543a2e903a5e5e05ff
88,Trace-Anchored Reference,Leave-one-out marginal,2,42,-364.6053996099581,-364.6053996099542,3.922195901395753e-12,267.82286477869275,267.8228647787146,267.8228647787146,-2.1827872842550278e-11,-2.1827872842550278e-11,6,4e34bffdd2dd88657bb7fb55f284cf0521153c917c774c543a2e903a5e5e05ff
88,Trace-Anchored Reference,Leave-one-out marginal,3,80,74.85758009520578,74.85758009521274,6.963318810448982e-12,267.82286477869275,267.8228647787146,267.8228647787146,-2.1827872842550278e-11,-2.1827872842550278e-11,6,4e34bffdd2dd88657bb7fb55f284cf0521153c917c774c543a2e903a5e5e05ff
88,Trace-Anchored Reference,Leave-one-out marginal,4,116,70.5303554260754,70.53035542607509,3.126388037344441e-13,267.82286477869275,267.8228647787146,267.8228647787146,-2.1827872842550278e-11,-2.1827872842550278e-11,6,4e34bffdd2dd88657bb7fb55f284cf0521153c917c774c543a2e903a5e5e05ff
88,Trace-Anchored Reference,Exact Shapley net value,1,15,487.0403288673809,487.0403288673809,0.0,267.8228647787145,267.8228647787146,267.8228647787146,-5.684341886080802e-14,-5.684341886080802e-14,6,4e34bffdd2dd88657bb7fb55f284cf0521153c917c774c543a2e903a5e5e05ff
88,Trace-Anchored Reference,Exact Shapley net value,2,42,-364.6053996099542,-364.6053996099542,0.0,267.8228647787145,267.8228647787146,267.8228647787146,-5.684341886080802e-14,-5.684341886080802e-14,6,4e34bffdd2dd88657bb7fb55f284cf0521153c917c774c543a2e903a5e5e05ff
88,Trace-Anchored Reference,Exact Shapley net value,3,80,74.85758009521274,74.85758009521274,0.0,267.8228647787145,267.8228647787146,267.8228647787146,-5.684341886080802e-14,-5.684341886080802e-14,6,4e34bffdd2dd88657bb7fb55f284cf0521153c917c774c543a2e903a5e5e05ff
88,Trace-Anchored Reference,Exact Shapley net value,4,116,70.53035542607509,70.53035542607509,0.0,267.8228647787145,267.8228647787146,267.8228647787146,-5.684341886080802e-14,-5.684341886080802e-14,6,4e34bffdd2dd88657bb7fb55f284cf0521153c917c774c543a2e903a5e5e05ff
88,Risk-Constrained Convex Verifier,Nodal signed linear,1,15,397.073160337365,487.0403288673809,89.9671685300159,-4.089743447281364,-4.089743447279034,267.8228647787146,-2.3305801732931286e-12,-271.91260822599594,6,4e34bffdd2dd88657bb7fb55f284cf0521153c917c774c543a2e903a5e5e05ff
88,Risk-Constrained Convex Verifier,Nodal signed linear,2,42,-401.16290378464635,-364.6053996099542,36.557504174692156,-4.089743447281364,-4.089743447279034,267.8228647787146,-2.3305801732931286e-12,-271.91260822599594,6,4e34bffdd2dd88657bb7fb55f284cf0521153c917c774c543a2e903a5e5e05ff
88,Risk-Constrained Convex Verifier,Nodal signed linear,3,80,0.0,74.85758009521274,74.85758009521274,-4.089743447281364,-4.089743447279034,267.8228647787146,-2.3305801732931286e-12,-271.91260822599594,6,4e34bffdd2dd88657bb7fb55f284cf0521153c917c774c543a2e903a5e5e05ff
88,Risk-Constrained Convex Verifier,Nodal signed linear,4,116,0.0,70.53035542607509,70.53035542607509,-4.089743447281364,-4.089743447279034,267.8228647787146,-2.3305801732931286e-12,-271.91260822599594,6,4e34bffdd2dd88657bb7fb55f284cf0521153c917c774c543a2e903a5e5e05ff
88,Risk-Constrained Convex Verifier,Standalone avoided cost,1,15,397.07316033738607,487.0403288673809,89.96716852999481,-4.089743447275396,-4.089743447279034,267.8228647787146,3.637978807091713e-12,-271.91260822598997,6,4e34bffdd2dd88657bb7fb55f284cf0521153c917c774c543a2e903a5e5e05ff
88,Risk-Constrained Convex Verifier,Standalone avoided cost,2,42,-401.16290378466147,-364.6053996099542,36.557504174707276,-4.089743447275396,-4.089743447279034,267.8228647787146,3.637978807091713e-12,-271.91260822598997,6,4e34bffdd2dd88657bb7fb55f284cf0521153c917c774c543a2e903a5e5e05ff
88,Risk-Constrained Convex Verifier,Standalone avoided cost,3,80,0.0,74.85758009521274,74.85758009521274,-4.089743447275396,-4.089743447279034,267.8228647787146,3.637978807091713e-12,-271.91260822598997,6,4e34bffdd2dd88657bb7fb55f284cf0521153c917c774c543a2e903a5e5e05ff
88,Risk-Constrained Convex Verifier,Standalone avoided cost,4,116,0.0,70.53035542607509,70.53035542607509,-4.089743447275396,-4.089743447279034,267.8228647787146,3.637978807091713e-12,-271.91260822598997,6,4e34bffdd2dd88657bb7fb55f284cf0521153c917c774c543a2e903a5e5e05ff
88,Risk-Constrained Convex Verifier,Leave-one-out marginal,1,15,397.07316033738243,487.0403288673809,89.96716852999845,-4.089743447282672,-4.089743447279034,267.8228647787146,-3.637978807091713e-12,-271.91260822599725,6,4e34bffdd2dd88657bb7fb55f284cf0521153c917c774c543a2e903a5e5e05ff
88,Risk-Constrained Convex Verifier,Leave-one-out marginal,2,42,-401.1629037846651,-364.6053996099542,36.557504174710914,-4.089743447282672,-4.089743447279034,267.8228647787146,-3.637978807091713e-12,-271.91260822599725,6,4e34bffdd2dd88657bb7fb55f284cf0521153c917c774c543a2e903a5e5e05ff
88,Risk-Constrained Convex Verifier,Leave-one-out marginal,3,80,0.0,74.85758009521274,74.85758009521274,-4.089743447282672,-4.089743447279034,267.8228647787146,-3.637978807091713e-12,-271.91260822599725,6,4e34bffdd2dd88657bb7fb55f284cf0521153c917c774c543a2e903a5e5e05ff
88,Risk-Constrained Convex Verifier,Leave-one-out marginal,4,116,0.0,70.53035542607509,70.53035542607509,-4.089743447282672,-4.089743447279034,267.8228647787146,-3.637978807091713e-12,-271.91260822599725,6,4e34bffdd2dd88657bb7fb55f284cf0521153c917c774c543a2e903a5e5e05ff
88,Risk-Constrained Convex Verifier,Exact Shapley net value,1,15,397.07316033738425,487.0403288673809,89.96716852999663,-4.089743447279034,-4.089743447279034,267.8228647787146,0.0,-271.9126082259936,6,4e34bffdd2dd88657bb7fb55f284cf0521153c917c774c543a2e903a5e5e05ff
88,Risk-Constrained Convex Verifier,Exact Shapley net value,2,42,-401.1629037846633,-364.6053996099542,36.557504174709095,-4.089743447279034,-4.089743447279034,267.8228647787146,0.0,-271.9126082259936,6,4e34bffdd2dd88657bb7fb55f284cf0521153c917c774c543a2e903a5e5e05ff
88,Risk-Constrained Convex Verifier,Exact Shapley net value,3,80,0.0,74.85758009521274,74.85758009521274,-4.089743447279034,-4.089743447279034,267.8228647787146,0.0,-271.9126082259936,6,4e34bffdd2dd88657bb7fb55f284cf0521153c917c774c543a2e903a5e5e05ff
88,Risk-Constrained Convex Verifier,Exact Shapley net value,4,116,0.0,70.53035542607509,70.53035542607509,-4.089743447279034,-4.089743447279034,267.8228647787146,0.0,-271.9126082259936,6,4e34bffdd2dd88657bb7fb55f284cf0521153c917c774c543a2e903a5e5e05ff
89,Trace-Anchored Reference,Nodal signed linear,1,15,294.6817340197748,293.1935005727904,1.4882334469843954,366.8399897192075,364.0556851382862,364.0556851382862,2.7843045809212867,2.7843045809212867,6,4e34bffdd2dd88657bb7fb55f284cf0521153c917c774c543a2e903a5e5e05ff
89,Trace-Anchored Reference,Nodal signed linear,2,42,-119.06961589723369,-119.55251795377109,0.48290205653739804,366.8399897192075,364.0556851382862,364.0556851382862,2.7843045809212867,2.7843045809212867,6,4e34bffdd2dd88657bb7fb55f284cf0521153c917c774c543a2e903a5e5e05ff
89,Trace-Anchored Reference,Nodal signed linear,3,80,82.95920820028905,82.7442694236006,0.21493877668845585,366.8399897192075,364.0556851382862,364.0556851382862,2.7843045809212867,2.7843045809212867,6,4e34bffdd2dd88657bb7fb55f284cf0521153c917c774c543a2e903a5e5e05ff
89,Trace-Anchored Reference,Nodal signed linear,4,116,108.26866339637733,107.67043309566633,0.598230300711009,366.8399897192075,364.0556851382862,364.0556851382862,2.7843045809212867,2.7843045809212867,6,4e34bffdd2dd88657bb7fb55f284cf0521153c917c774c543a2e903a5e5e05ff
89,Trace-Anchored Reference,Standalone avoided cost,1,15,293.3965765232897,293.1935005727904,0.20307595049928295,364.61417304161296,364.0556851382862,364.0556851382862,0.5584879033267498,0.5584879033267498,6,4e34bffdd2dd88657bb7fb55f284cf0521153c917c774c543a2e903a5e5e05ff
89,Trace-Anchored Reference,Standalone avoided cost,2,42,-119.57033342325303,-119.55251795377109,0.017815469481945456,364.61417304161296,364.0556851382862,364.0556851382862,0.5584879033267498,0.5584879033267498,6,4e34bffdd2dd88657bb7fb55f284cf0521153c917c774c543a2e903a5e5e05ff
89,Trace-Anchored Reference,Standalone avoided cost,3,80,82.84284075136748,82.7442694236006,0.0985713277668765,364.61417304161296,364.0556851382862,364.0556851382862,0.5584879033267498,0.5584879033267498,6,4e34bffdd2dd88657bb7fb55f284cf0521153c917c774c543a2e903a5e5e05ff
89,Trace-Anchored Reference,Standalone avoided cost,4,116,107.94508919020882,107.67043309566633,0.2746560945424932,364.61417304161296,364.0556851382862,364.0556851382862,0.5584879033267498,0.5584879033267498,6,4e34bffdd2dd88657bb7fb55f284cf0521153c917c774c543a2e903a5e5e05ff
89,Trace-Anchored Reference,Leave-one-out marginal,1,15,293.2084189052148,293.1935005727904,0.014918332424372238,364.21229706122176,364.0556851382862,364.0556851382862,0.1566119229355536,0.1566119229355536,6,4e34bffdd2dd88657bb7fb55f284cf0521153c917c774c543a2e903a5e5e05ff
89,Trace-Anchored Reference,Leave-one-out marginal,2,42,-119.33101528353654,-119.55251795377109,0.22150267023454262,364.21229706122176,364.0556851382862,364.0556851382862,0.1566119229355536,0.1566119229355536,6,4e34bffdd2dd88657bb7fb55f284cf0521153c917c774c543a2e903a5e5e05ff
89,Trace-Anchored Reference,Leave-one-out marginal,3,80,82.73799365347077,82.7442694236006,0.006275770129832381,364.21229706122176,364.0556851382862,364.0556851382862,0.1566119229355536,0.1566119229355536,6,4e34bffdd2dd88657bb7fb55f284cf0521153c917c774c543a2e903a5e5e05ff
89,Trace-Anchored Reference,Leave-one-out marginal,4,116,107.59689978607275,107.67043309566633,0.07353330959357152,364.21229706122176,364.0556851382862,364.0556851382862,0.1566119229355536,0.1566119229355536,6,4e34bffdd2dd88657bb7fb55f284cf0521153c917c774c543a2e903a5e5e05ff
89,Trace-Anchored Reference,Exact Shapley net value,1,15,293.1935005727904,293.1935005727904,0.0,364.05568513828626,364.0556851382862,364.0556851382862,5.684341886080802e-14,5.684341886080802e-14,6,4e34bffdd2dd88657bb7fb55f284cf0521153c917c774c543a2e903a5e5e05ff
89,Trace-Anchored Reference,Exact Shapley net value,2,42,-119.55251795377109,-119.55251795377109,0.0,364.05568513828626,364.0556851382862,364.0556851382862,5.684341886080802e-14,5.684341886080802e-14,6,4e34bffdd2dd88657bb7fb55f284cf0521153c917c774c543a2e903a5e5e05ff
89,Trace-Anchored Reference,Exact Shapley net value,3,80,82.7442694236006,82.7442694236006,0.0,364.05568513828626,364.0556851382862,364.0556851382862,5.684341886080802e-14,5.684341886080802e-14,6,4e34bffdd2dd88657bb7fb55f284cf0521153c917c774c543a2e903a5e5e05ff
89,Trace-Anchored Reference,Exact Shapley net value,4,116,107.67043309566633,107.67043309566633,0.0,364.05568513828626,364.0556851382862,364.0556851382862,5.684341886080802e-14,5.684341886080802e-14,6,4e34bffdd2dd88657bb7fb55f284cf0521153c917c774c543a2e903a5e5e05ff
89,Risk-Constrained Convex Verifier,Nodal signed linear,1,15,125.87989854533643,293.1935005727904,167.31360202745398,-0.5792391232480334,-0.579239123260777,364.0556851382862,1.2743583965857397e-11,-364.63492426153425,6,4e34bffdd2dd88657bb7fb55f284cf0521153c917c774c543a2e903a5e5e05ff
89,Risk-Constrained Convex Verifier,Nodal signed linear,2,42,-126.45913766858453,-119.55251795377109,6.906619714813445,-0.5792391232480334,-0.579239123260777,364.0556851382862,1.2743583965857397e-11,-364.63492426153425,6,4e34bffdd2dd88657bb7fb55f284cf0521153c917c774c543a2e903a5e5e05ff
89,Risk-Constrained Convex Verifier,Nodal signed linear,3,80,1.0658141036401503e-14,82.7442694236006,82.74426942360058,-0.5792391232480334,-0.579239123260777,364.0556851382862,1.2743583965857397e-11,-364.63492426153425,6,4e34bffdd2dd88657bb7fb55f284cf0521153c917c774c543a2e903a5e5e05ff
89,Risk-Constrained Convex Verifier,Nodal signed linear,4,116,5.684341886080802e-14,107.67043309566633,107.67043309566627,-0.5792391232480334,-0.579239123260777,364.0556851382862,1.2743583965857397e-11,-364.63492426153425,6,4e34bffdd2dd88657bb7fb55f284cf0521153c917c774c543a2e903a5e5e05ff
89,Risk-Constrained Convex Verifier,Standalone avoided cost,1,15,125.87432923783854,293.1935005727904,167.31917133495187,-0.666586587409256,-0.579239123260777,364.0556851382862,-0.08734746414847905,-364.72227172569546,6,4e34bffdd2dd88657bb7fb55f284cf0521153c917c774c543a2e903a5e5e05ff
89,Risk-Constrained Convex Verifier,Standalone avoided cost,2,42,-126.54091582525507,-119.55251795377109,6.988397871483983,-0.666586587409256,-0.579239123260777,364.0556851382862,-0.08734746414847905,-364.72227172569546,6,4e34bffdd2dd88657bb7fb55f284cf0521153c917c774c543a2e903a5e5e05ff
89,Risk-Constrained Convex Verifier,Standalone avoided cost,3,80,7.275957614183426e-12,82.7442694236006,82.74426942359332,-0.666586587409256,-0.579239123260777,364.0556851382862,-0.08734746414847905,-364.72227172569546,6,4e34bffdd2dd88657bb7fb55f284cf0521153c917c774c543a2e903a5e5e05ff
89,Risk-Constrained Convex Verifier,Standalone avoided cost,4,116,0.0,107.67043309566633,107.67043309566633,-0.666586587409256,-0.579239123260777,364.0556851382862,-0.08734746414847905,-364.72227172569546,6,4e34bffdd2dd88657bb7fb55f284cf0521153c917c774c543a2e903a5e5e05ff
89,Risk-Constrained Convex Verifier,Leave-one-out marginal,1,15,125.96167670199429,293.1935005727904,167.23182387079612,-0.49189165911229793,-0.579239123260777,364.0556851382862,0.08734746414847905,-364.5475767973985,6,4e34bffdd2dd88657bb7fb55f284cf0521153c917c774c543a2e903a5e5e05ff
89,Risk-Constrained Convex Verifier,Leave-one-out marginal,2,42,-126.45356836110295,-119.55251795377109,6.901050407331866,-0.49189165911229793,-0.579239123260777,364.0556851382862,0.08734746414847905,-364.5475767973985,6,4e34bffdd2dd88657bb7fb55f284cf0521153c917c774c543a2e903a5e5e05ff
89,Risk-Constrained Convex Verifier,Leave-one-out marginal,3,80,-3.637978807091713e-12,82.7442694236006,82.74426942360424,-0.49189165911229793,-0.579239123260777,364.0556851382862,0.08734746414847905,-364.5475767973985,6,4e34bffdd2dd88657bb7fb55f284cf0521153c917c774c543a2e903a5e5e05ff
89,Risk-Constrained Convex Verifier,Leave-one-out marginal,4,116,0.0,107.67043309566633,107.67043309566633,-0.49189165911229793,-0.579239123260777,364.0556851382862,0.08734746414847905,-364.5475767973985,6,4e34bffdd2dd88657bb7fb55f284cf0521153c917c774c543a2e903a5e5e05ff
89,Risk-Constrained Convex Verifier,Exact Shapley net value,1,15,125.91800296991643,293.1935005727904,167.275497602874,-0.5792391232607645,-0.579239123260777,364.0556851382862,1.2434497875801753e-14,-364.634924261547,6,4e34bffdd2dd88657bb7fb55f284cf0521153c917c774c543a2e903a5e5e05ff
89,Risk-Constrained Convex Verifier,Exact Shapley net value,2,42,-126.49724209317901,-119.55251795377109,6.944724139407924,-0.5792391232607645,-0.579239123260777,364.0556851382862,1.2434497875801753e-14,-364.634924261547,6,4e34bffdd2dd88657bb7fb55f284cf0521153c917c774c543a2e903a5e5e05ff
89,Risk-Constrained Convex Verifier,Exact Shapley net value,3,80,1.8189894035458565e-12,82.7442694236006,82.74426942359878,-0.5792391232607645,-0.579239123260777,364.0556851382862,1.2434497875801753e-14,-364.634924261547,6,4e34bffdd2dd88657bb7fb55f284cf0521153c917c774c543a2e903a5e5e05ff
89,Risk-Constrained Convex Verifier,Exact Shapley net value,4,116,-1.7763568394002505e-15,107.67043309566633,107.67043309566633,-0.5792391232607645,-0.579239123260777,364.0556851382862,1.2434497875801753e-14,-364.634924261547,6,4e34bffdd2dd88657bb7fb55f284cf0521153c917c774c543a2e903a5e5e05ff
90,Trace-Anchored Reference,Nodal signed linear,1,15,76.99006061768604,76.99006061767977,6.266986929404084e-12,-0.23922063784715883,-0.23922063784630154,-0.23922063784630065,-8.572864640399303e-13,-8.581746424596304e-13,6,4e34bffdd2dd88657bb7fb55f284cf0521153c917c774c543a2e903a5e5e05ff
90,Trace-Anchored Reference,Nodal signed linear,2,42,-77.22928125553274,-77.22928125552608,6.66489086142974e-12,-0.23922063784715883,-0.23922063784630154,-0.23922063784630065,-8.572864640399303e-13,-8.581746424596304e-13,6,4e34bffdd2dd88657bb7fb55f284cf0521153c917c774c543a2e903a5e5e05ff
90,Trace-Anchored Reference,Nodal signed linear,3,80,-2.983938317831266e-13,0.0,2.983938317831266e-13,-0.23922063784715883,-0.23922063784630154,-0.23922063784630065,-8.572864640399303e-13,-8.581746424596304e-13,6,4e34bffdd2dd88657bb7fb55f284cf0521153c917c774c543a2e903a5e5e05ff
90,Trace-Anchored Reference,Nodal signed linear,4,116,-1.6097265833336755e-13,0.0,1.6097265833336755e-13,-0.23922063784715883,-0.23922063784630154,-0.23922063784630065,-8.572864640399303e-13,-8.581746424596304e-13,6,4e34bffdd2dd88657bb7fb55f284cf0521153c917c774c543a2e903a5e5e05ff
90,Trace-Anchored Reference,Standalone avoided cost,1,15,76.99006061766704,76.99006061767977,1.2732925824820995e-11,-0.2392206378717674,-0.23922063784630154,-0.23922063784630065,-2.546585164964199e-11,-2.546673982806169e-11,6,4e34bffdd2dd88657bb7fb55f284cf0521153c917c774c543a2e903a5e5e05ff
90,Trace-Anchored Reference,Standalone avoided cost,2,42,-77.22928125553881,-77.22928125552608,1.2732925824820995e-11,-0.2392206378717674,-0.23922063784630154,-0.23922063784630065,-2.546585164964199e-11,-2.546673982806169e-11,6,4e34bffdd2dd88657bb7fb55f284cf0521153c917c774c543a2e903a5e5e05ff
90,Trace-Anchored Reference,Standalone avoided cost,3,80,0.0,0.0,0.0,-0.2392206378717674,-0.23922063784630154,-0.23922063784630065,-2.546585164964199e-11,-2.546673982806169e-11,6,4e34bffdd2dd88657bb7fb55f284cf0521153c917c774c543a2e903a5e5e05ff
90,Trace-Anchored Reference,Standalone avoided cost,4,116,0.0,0.0,0.0,-0.2392206378717674,-0.23922063784630154,-0.23922063784630065,-2.546585164964199e-11,-2.546673982806169e-11,6,4e34bffdd2dd88657bb7fb55f284cf0521153c917c774c543a2e903a5e5e05ff
90,Trace-Anchored Reference,Leave-one-out marginal,1,15,76.9900606176925,76.99006061767977,1.2732925824820995e-11,-0.2392206378208357,-0.23922063784630154,-0.23922063784630065,2.546585164964199e-11,2.546496347122229e-11,6,4e34bffdd2dd88657bb7fb55f284cf0521153c917c774c543a2e903a5e5e05ff
90,Trace-Anchored Reference,Leave-one-out marginal,2,42,-77.22928125551334,-77.22928125552608,1.2732925824820995e-11,-0.2392206378208357,-0.23922063784630154,-0.23922063784630065,2.546585164964199e-11,2.546496347122229e-11,6,4e34bffdd2dd88657bb7fb55f284cf0521153c917c774c543a2e903a5e5e05ff
90,Trace-Anchored Reference,Leave-one-out marginal,3,80,0.0,0.0,0.0,-0.2392206378208357,-0.23922063784630154,-0.23922063784630065,2.546585164964199e-11,2.546496347122229e-11,6,4e34bffdd2dd88657bb7fb55f284cf0521153c917c774c543a2e903a5e5e05ff
90,Trace-Anchored Reference,Leave-one-out marginal,4,116,0.0,0.0,0.0,-0.2392206378208357,-0.23922063784630154,-0.23922063784630065,2.546585164964199e-11,2.546496347122229e-11,6,4e34bffdd2dd88657bb7fb55f284cf0521153c917c774c543a2e903a5e5e05ff
90,Trace-Anchored Reference,Exact Shapley net value,1,15,76.99006061767977,76.99006061767977,0.0,-0.23922063784630154,-0.23922063784630154,-0.23922063784630065,0.0,-8.881784197001252e-16,6,4e34bffdd2dd88657bb7fb55f284cf0521153c917c774c543a2e903a5e5e05ff
90,Trace-Anchored Reference,Exact Shapley net value,2,42,-77.22928125552608,-77.22928125552608,0.0,-0.23922063784630154,-0.23922063784630154,-0.23922063784630065,0.0,-8.881784197001252e-16,6,4e34bffdd2dd88657bb7fb55f284cf0521153c917c774c543a2e903a5e5e05ff
90,Trace-Anchored Reference,Exact Shapley net value,3,80,0.0,0.0,0.0,-0.23922063784630154,-0.23922063784630154,-0.23922063784630065,0.0,-8.881784197001252e-16,6,4e34bffdd2dd88657bb7fb55f284cf0521153c917c774c543a2e903a5e5e05ff
90,Trace-Anchored Reference,Exact Shapley net value,4,116,0.0,0.0,0.0,-0.23922063784630154,-0.23922063784630154,-0.23922063784630065,0.0,-8.881784197001252e-16,6,4e34bffdd2dd88657bb7fb55f284cf0521153c917c774c543a2e903a5e5e05ff
90,Risk-Constrained Convex Verifier,Nodal signed linear,1,15,76.99006061768614,76.99006061767977,6.366462912410498e-12,-0.23922063784661418,-0.23922063784630154,-0.23922063784630065,-3.126388037344441e-13,-3.135269821541442e-13,6,4e34bffdd2dd88657bb7fb55f284cf0521153c917c774c543a2e903a5e5e05ff
90,Risk-Constrained Convex Verifier,Nodal signed linear,2,42,-77.22928125553275,-77.22928125552608,6.679101716144942e-12,-0.23922063784661418,-0.23922063784630154,-0.23922063784630065,-3.126388037344441e-13,-3.135269821541442e-13,6,4e34bffdd2dd88657bb7fb55f284cf0521153c917c774c543a2e903a5e5e05ff
90,Risk-Constrained Convex Verifier,Nodal signed linear,3,80,0.0,0.0,0.0,-0.23922063784661418,-0.23922063784630154,-0.23922063784630065,-3.126388037344441e-13,-3.135269821541442e-13,6,4e34bffdd2dd88657bb7fb55f284cf0521153c917c774c543a2e903a5e5e05ff
90,Risk-Constrained Convex Verifier,Nodal signed linear,4,116,0.0,0.0,0.0,-0.23922063784661418,-0.23922063784630154,-0.23922063784630065,-3.126388037344441e-13,-3.135269821541442e-13,6,4e34bffdd2dd88657bb7fb55f284cf0521153c917c774c543a2e903a5e5e05ff
90,Risk-Constrained Convex Verifier,Standalone avoided cost,1,15,76.99006061766704,76.99006061767977,1.2732925824820995e-11,-0.2392206378717674,-0.23922063784630154,-0.23922063784630065,-2.546585164964199e-11,-2.546673982806169e-11,6,4e34bffdd2dd88657bb7fb55f284cf0521153c917c774c543a2e903a5e5e05ff
90,Risk-Constrained Convex Verifier,Standalone avoided cost,2,42,-77.22928125553881,-77.22928125552608,1.2732925824820995e-11,-0.2392206378717674,-0.23922063784630154,-0.23922063784630065,-2.546585164964199e-11,-2.546673982806169e-11,6,4e34bffdd2dd88657bb7fb55f284cf0521153c917c774c543a2e903a5e5e05ff
90,Risk-Constrained Convex Verifier,Standalone avoided cost,3,80,0.0,0.0,0.0,-0.2392206378717674,-0.23922063784630154,-0.23922063784630065,-2.546585164964199e-11,-2.546673982806169e-11,6,4e34bffdd2dd88657bb7fb55f284cf0521153c917c774c543a2e903a5e5e05ff
90,Risk-Constrained Convex Verifier,Standalone avoided cost,4,116,0.0,0.0,0.0,-0.2392206378717674,-0.23922063784630154,-0.23922063784630065,-2.546585164964199e-11,-2.546673982806169e-11,6,4e34bffdd2dd88657bb7fb55f284cf0521153c917c774c543a2e903a5e5e05ff
90,Risk-Constrained Convex Verifier,Leave-one-out marginal,1,15,76.9900606176925,76.99006061767977,1.2732925824820995e-11,-0.2392206378208357,-0.23922063784630154,-0.23922063784630065,2.546585164964199e-11,2.546496347122229e-11,6,4e34bffdd2dd88657bb7fb55f284cf0521153c917c774c543a2e903a5e5e05ff
90,Risk-Constrained Convex Verifier,Leave-one-out marginal,2,42,-77.22928125551334,-77.22928125552608,1.2732925824820995e-11,-0.2392206378208357,-0.23922063784630154,-0.23922063784630065,2.546585164964199e-11,2.546496347122229e-11,6,4e34bffdd2dd88657bb7fb55f284cf0521153c917c774c543a2e903a5e5e05ff
90,Risk-Constrained Convex Verifier,Leave-one-out marginal,3,80,0.0,0.0,0.0,-0.2392206378208357,-0.23922063784630154,-0.23922063784630065,2.546585164964199e-11,2.546496347122229e-11,6,4e34bffdd2dd88657bb7fb55f284cf0521153c917c774c543a2e903a5e5e05ff
90,Risk-Constrained Convex Verifier,Leave-one-out marginal,4,116,0.0,0.0,0.0,-0.2392206378208357,-0.23922063784630154,-0.23922063784630065,2.546585164964199e-11,2.546496347122229e-11,6,4e34bffdd2dd88657bb7fb55f284cf0521153c917c774c543a2e903a5e5e05ff
90,Risk-Constrained Convex Verifier,Exact Shapley net value,1,15,76.99006061767977,76.99006061767977,0.0,-0.23922063784630154,-0.23922063784630154,-0.23922063784630065,0.0,-8.881784197001252e-16,6,4e34bffdd2dd88657bb7fb55f284cf0521153c917c774c543a2e903a5e5e05ff
90,Risk-Constrained Convex Verifier,Exact Shapley net value,2,42,-77.22928125552608,-77.22928125552608,0.0,-0.23922063784630154,-0.23922063784630154,-0.23922063784630065,0.0,-8.881784197001252e-16,6,4e34bffdd2dd88657bb7fb55f284cf0521153c917c774c543a2e903a5e5e05ff
90,Risk-Constrained Convex Verifier,Exact Shapley net value,3,80,0.0,0.0,0.0,-0.23922063784630154,-0.23922063784630154,-0.23922063784630065,0.0,-8.881784197001252e-16,6,4e34bffdd2dd88657bb7fb55f284cf0521153c917c774c543a2e903a5e5e05ff
90,Risk-Constrained Convex Verifier,Exact Shapley net value,4,116,0.0,0.0,0.0,-0.23922063784630154,-0.23922063784630154,-0.23922063784630065,0.0,-8.881784197001252e-16,6,4e34bffdd2dd88657bb7fb55f284cf0521153c917c774c543a2e903a5e5e05ff
91,Trace-Anchored Reference,Nodal signed linear,1,15,502.7810539196875,507.970845020173,5.189791100485479,-25.391853848393595,-48.90519048176429,-48.90519048176424,23.5133366333707,23.513336633370642,6,4e34bffdd2dd88657bb7fb55f284cf0521153c917c774c543a2e903a5e5e05ff
91,Trace-Anchored Reference,Nodal signed linear,2,42,-820.9319766050502,-850.5648366152593,29.63286001020913,-25.391853848393595,-48.90519048176429,-48.90519048176424,23.5133366333707,23.513336633370642,6,4e34bffdd2dd88657bb7fb55f284cf0521153c917c774c543a2e903a5e5e05ff
91,Trace-Anchored Reference,Nodal signed linear,3,80,192.5731949939998,192.82694971096012,0.2537547169603158,-25.391853848393595,-48.90519048176429,-48.90519048176424,23.5133366333707,23.513336633370642,6,4e34bffdd2dd88657bb7fb55f284cf0521153c917c774c543a2e903a5e5e05ff
91,Trace-Anchored Reference,Nodal signed linear,4,116,100.18587384296927,100.8618514023619,0.6759775593926349,-25.391853848393595,-48.90519048176429,-48.90519048176424,23.5133366333707,23.513336633370642,6,4e34bffdd2dd88657bb7fb55f284cf0521153c917c774c543a2e903a5e5e05ff
91,Trace-Anchored Reference,Standalone avoided cost,1,15,502.781053919698,507.970845020173,5.189791100474963,-61.14632226281901,-48.90519048176429,-48.90519048176424,-12.241131781054719,-12.241131781054776,6,4e34bffdd2dd88657bb7fb55f284cf0521153c917c774c543a2e903a5e5e05ff
91,Trace-Anchored Reference,Standalone avoided cost,2,42,-856.6864450194771,-850.5648366152593,6.121608404217795,-61.14632226281901,-48.90519048176429,-48.90519048176424,-12.241131781054719,-12.241131781054776,6,4e34bffdd2dd88657bb7fb55f284cf0521153c917c774c543a2e903a5e5e05ff
91,Trace-Anchored Reference,Standalone avoided cost,3,80,192.5731949939982,192.82694971096012,0.25375471696193586,-61.14632226281901,-48.90519048176429,-48.90519048176424,-12.241131781054719,-12.241131781054776,6,4e34bffdd2dd88657bb7fb55f284cf0521153c917c774c543a2e903a5e5e05ff
91,Trace-Anchored Reference,Standalone avoided cost,4,116,100.18587384296188,100.8618514023619,0.6759775594000246,-61.14632226281901,-48.90519048176429,-48.90519048176424,-12.241131781054719,-12.241131781054776,6,4e34bffdd2dd88657bb7fb55f284cf0521153c917c774c543a2e903a5e5e05ff
91,Trace-Anchored Reference,Leave-one-out marginal,1,15,513.1567525339742,507.970845020173,5.185907513801226,-36.67301162181684,-48.90519048176429,-48.90519048176424,12.232178859947453,12.232178859947396,6,4e34bffdd2dd88657bb7fb55f284cf0521153c917c774c543a2e903a5e5e05ff
91,Trace-Anchored Reference,Leave-one-out marginal,2,42,-844.4453132384406,-850.5648366152593,6.119523376818734,-36.67301162181684,-48.90519048176429,-48.90519048176424,12.232178859947453,12.232178859947396,6,4e34bffdd2dd88657bb7fb55f284cf0521153c917c774c543a2e903a5e5e05ff
91,Trace-Anchored Reference,Leave-one-out marginal,3,80,193.07682084124826,192.82694971096012,0.24987113028814179,-36.67301162181684,-48.90519048176429,-48.90519048176424,12.232178859947453,12.232178859947396,6,4e34bffdd2dd88657bb7fb55f284cf0521153c917c774c543a2e903a5e5e05ff
91,Trace-Anchored Reference,Leave-one-out marginal,4,116,101.53872824140126,100.8618514023619,0.6768768390393518,-36.67301162181684,-48.90519048176429,-48.90519048176424,12.232178859947453,12.232178859947396,6,4e34bffdd2dd88657bb7fb55f284cf0521153c917c774c543a2e903a5e5e05ff
91,Trace-Anchored Reference,Exact Shapley net value,1,15,507.970845020173,507.970845020173,0.0,-48.90519048176429,-48.90519048176429,-48.90519048176424,0.0,-5.684341886080802e-14,6,4e34bffdd2dd88657bb7fb55f284cf0521153c917c774c543a2e903a5e5e05ff
91,Trace-Anchored Reference,Exact Shapley net value,2,42,-850.5648366152593,-850.5648366152593,0.0,-48.90519048176429,-48.90519048176429,-48.90519048176424,0.0,-5.684341886080802e-14,6,4e34bffdd2dd88657bb7fb55f284cf0521153c917c774c543a2e903a5e5e05ff
91,Trace-Anchored Reference,Exact Shapley net value,3,80,192.82694971096012,192.82694971096012,0.0,-48.90519048176429,-48.90519048176429,-48.90519048176424,0.0,-5.684341886080802e-14,6,4e34bffdd2dd88657bb7fb55f284cf0521153c917c774c543a2e903a5e5e05ff
91,Trace-Anchored Reference,Exact Shapley net value,4,116,100.8618514023619,100.8618514023619,0.0,-48.90519048176429,-48.90519048176429,-48.90519048176424,0.0,-5.684341886080802e-14,6,4e34bffdd2dd88657bb7fb55f284cf0521153c917c774c543a2e903a5e5e05ff
91,Risk-Constrained Convex Verifier,Nodal signed linear,1,15,390.1228541140879,507.970845020173,117.8479909060851,-5.257187139996063,-8.242993947184004,-48.90519048176424,2.9858068071879416,43.648003341768174,6,4e34bffdd2dd88657bb7fb55f284cf0521153c917c774c543a2e903a5e5e05ff
91,Risk-Constrained Convex Verifier,Nodal signed linear,2,42,-395.38004125408395,-850.5648366152593,455.18479536117536,-5.257187139996063,-8.242993947184004,-48.90519048176424,2.9858068071879416,43.648003341768174,6,4e34bffdd2dd88657bb7fb55f284cf0521153c917c774c543a2e903a5e5e05ff
91,Risk-Constrained Convex Verifier,Nodal signed linear,3,80,0.0,192.82694971096012,192.82694971096012,-5.257187139996063,-8.242993947184004,-48.90519048176424,2.9858068071879416,43.648003341768174,6,4e34bffdd2dd88657bb7fb55f284cf0521153c917c774c543a2e903a5e5e05ff
91,Risk-Constrained Convex Verifier,Nodal signed linear,4,116,0.0,100.8618514023619,100.8618514023619,-5.257187139996063,-8.242993947184004,-48.90519048176424,2.9858068071879416,43.648003341768174,6,4e34bffdd2dd88657bb7fb55f284cf0521153c917c774c543a2e903a5e5e05ff
91,Risk-Constrained Convex Verifier,Standalone avoided cost,1,15,390.1228541140954,507.970845020173,117.8479909060776,-14.364312504163536,-8.242993947184004,-48.90519048176424,-6.121318556979531,34.5408779776007,6,4e34bffdd2dd88657bb7fb55f284cf0521153c917c774c543a2e903a5e5e05ff
91,Risk-Constrained Convex Verifier,Standalone avoided cost,2,42,-404.4871666182589,-850.5648366152593,446.0776699970004,-14.364312504163536,-8.242993947184004,-48.90519048176424,-6.121318556979531,34.5408779776007,6,4e34bffdd2dd88657bb7fb55f284cf0521153c917c774c543a2e903a5e5e05ff
91,Risk-Constrained Convex Verifier,Standalone avoided cost,3,80,0.0,192.82694971096012,192.82694971096012,-14.364312504163536,-8.242993947184004,-48.90519048176424,-6.121318556979531,34.5408779776007,6,4e34bffdd2dd88657bb7fb55f284cf0521153c917c774c543a2e903a5e5e05ff
91,Risk-Constrained Convex Verifier,Standalone avoided cost,4,116,0.0,100.8618514023619,100.8618514023619,-14.364312504163536,-8.242993947184004,-48.90519048176424,-6.121318556979531,34.5408779776007,6,4e34bffdd2dd88657bb7fb55f284cf0521153c917c774c543a2e903a5e5e05ff
91,Risk-Constrained Convex Verifier,Leave-one-out marginal,1,15,396.2441726710749,507.970845020173,111.72667234909807,-2.121675390204473,-8.242993947184004,-48.90519048176424,6.121318556979531,46.783515091559764,6,4e34bffdd2dd88657bb7fb55f284cf0521153c917c774c543a2e903a5e5e05ff
91,Risk-Constrained Convex Verifier,Leave-one-out marginal,2,42,-398.3658480612794,-850.5648366152593,452.1989885539799,-2.121675390204473,-8.242993947184004,-48.90519048176424,6.121318556979531,46.783515091559764,6,4e34bffdd2dd88657bb7fb55f284cf0521153c917c774c543a2e903a5e5e05ff
91,Risk-Constrained Convex Verifier,Leave-one-out marginal,3,80,0.0,192.82694971096012,192.82694971096012,-2.121675390204473,-8.242993947184004,-48.90519048176424,6.121318556979531,46.783515091559764,6,4e34bffdd2dd88657bb7fb55f284cf0521153c917c774c543a2e903a5e5e05ff
91,Risk-Constrained Convex Verifier,Leave-one-out marginal,4,116,0.0,100.8618514023619,100.8618514023619,-2.121675390204473,-8.242993947184004,-48.90519048176424,6.121318556979531,46.783515091559764,6,4e34bffdd2dd88657bb7fb55f284cf0521153c917c774c543a2e903a5e5e05ff
91,Risk-Constrained Convex Verifier,Exact Shapley net value,1,15,393.18351339258516,507.970845020173,114.78733162758783,-8.242993947184004,-8.242993947184004,-48.90519048176424,0.0,40.66219653458023,6,4e34bffdd2dd88657bb7fb55f284cf0521153c917c774c543a2e903a5e5e05ff
91,Risk-Constrained Convex Verifier,Exact Shapley net value,2,42,-401.42650733976916,-850.5648366152593,449.13832927549015,-8.242993947184004,-8.242993947184004,-48.90519048176424,0.0,40.66219653458023,6,4e34bffdd2dd88657bb7fb55f284cf0521153c917c774c543a2e903a5e5e05ff
91,Risk-Constrained Convex Verifier,Exact Shapley net value,3,80,0.0,192.82694971096012,192.82694971096012,-8.242993947184004,-8.242993947184004,-48.90519048176424,0.0,40.66219653458023,6,4e34bffdd2dd88657bb7fb55f284cf0521153c917c774c543a2e903a5e5e05ff
91,Risk-Constrained Convex Verifier,Exact Shapley net value,4,116,0.0,100.8618514023619,100.8618514023619,-8.242993947184004,-8.242993947184004,-48.90519048176424,0.0,40.66219653458023,6,4e34bffdd2dd88657bb7fb55f284cf0521153c917c774c543a2e903a5e5e05ff
92,Trace-Anchored Reference,Nodal signed linear,1,15,101.52519789818119,101.67946883480029,0.15427093661909907,103.00023090583115,99.92395097727785,99.92395097727785,3.0762799285532907,3.0762799285532907,6,4e34bffdd2dd88657bb7fb55f284cf0521153c917c774c543a2e903a5e5e05ff
92,Trace-Anchored Reference,Nodal signed linear,2,42,-38.124741455001605,-41.04753097637787,2.9227895213762665,103.00023090583115,99.92395097727785,99.92395097727785,3.0762799285532907,3.0762799285532907,6,4e34bffdd2dd88657bb7fb55f284cf0521153c917c774c543a2e903a5e5e05ff
92,Trace-Anchored Reference,Nodal signed linear,3,80,38.52603692518237,38.418564006038345,0.10747291914402268,103.00023090583115,99.92395097727785,99.92395097727785,3.0762799285532907,3.0762799285532907,6,4e34bffdd2dd88657bb7fb55f284cf0521153c917c774c543a2e903a5e5e05ff
92,Trace-Anchored Reference,Nodal signed linear,4,116,1.0737375374691966,0.8734491128170703,0.20028842465212637,103.00023090583115,99.92395097727785,99.92395097727785,3.0762799285532907,3.0762799285532907,6,4e34bffdd2dd88657bb7fb55f284cf0521153c917c774c543a2e903a5e5e05ff
92,Trace-Anchored Reference,Standalone avoided cost,1,15,101.52519789815778,101.67946883480029,0.15427093664250435,100.2290428163833,99.92395097727785,99.92395097727785,0.3050918391054438,0.3050918391054438,6,4e34bffdd2dd88657bb7fb55f284cf0521153c917c774c543a2e903a5e5e05ff
92,Trace-Anchored Reference,Standalone avoided cost,2,42,-40.89592954442196,-41.04753097637787,0.15160143195591047,100.2290428163833,99.92395097727785,99.92395097727785,0.3050918391054438,0.3050918391054438,6,4e34bffdd2dd88657bb7fb55f284cf0521153c917c774c543a2e903a5e5e05ff
92,Trace-Anchored Reference,Standalone avoided cost,3,80,38.52603692517732,38.418564006038345,0.10747291913897783,100.2290428163833,99.92395097727785,99.92395097727785,0.3050918391054438,0.3050918391054438,6,4e34bffdd2dd88657bb7fb55f284cf0521153c917c774c543a2e903a5e5e05ff
92,Trace-Anchored Reference,Standalone avoided cost,4,116,1.0737375374701514,0.8734491128170703,0.20028842465308117,100.2290428163833,99.92395097727785,99.92395097727785,0.3050918391054438,0.3050918391054438,6,4e34bffdd2dd88657bb7fb55f284cf0521153c917c774c543a2e903a5e5e05ff
92,Trace-Anchored Reference,Leave-one-out marginal,1,15,101.83185079623217,101.67946883480029,0.15238196143188532,99.61885913817241,99.92395097727785,99.92395097727785,-0.3050918391054438,-0.3050918391054438,6,4e34bffdd2dd88657bb7fb55f284cf0521153c917c774c543a2e903a5e5e05ff
92,Trace-Anchored Reference,Leave-one-out marginal,2,42,-41.20102138353832,-41.04753097637787,0.15349040716044726,99.61885913817241,99.92395097727785,99.92395097727785,-0.3050918391054438,-0.3050918391054438,6,4e34bffdd2dd88657bb7fb55f284cf0521153c917c774c543a2e903a5e5e05ff
92,Trace-Anchored Reference,Leave-one-out marginal,3,80,38.31298006211,38.418564006038345,0.10558394392834458,99.61885913817241,99.92395097727785,99.92395097727785,-0.3050918391054438,-0.3050918391054438,6,4e34bffdd2dd88657bb7fb55f284cf0521153c917c774c543a2e903a5e5e05ff
92,Trace-Anchored Reference,Leave-one-out marginal,4,116,0.6750496633685543,0.8734491128170703,0.19839944944851595,99.61885913817241,99.92395097727785,99.92395097727785,-0.3050918391054438,-0.3050918391054438,6,4e34bffdd2dd88657bb7fb55f284cf0521153c917c774c543a2e903a5e5e05ff
92,Trace-Anchored Reference,Exact Shapley net value,1,15,101.67946883480029,101.67946883480029,0.0,99.92395097727783,99.92395097727785,99.92395097727785,-2.842170943040401e-14,-2.842170943040401e-14,6,4e34bffdd2dd88657bb7fb55f284cf0521153c917c774c543a2e903a5e5e05ff
92,Trace-Anchored Reference,Exact Shapley net value,2,42,-41.04753097637787,-41.04753097637787,0.0,99.92395097727783,99.92395097727785,99.92395097727785,-2.842170943040401e-14,-2.842170943040401e-14,6,4e34bffdd2dd88657bb7fb55f284cf0521153c917c774c543a2e903a5e5e05ff
92,Trace-Anchored Reference,Exact Shapley net value,3,80,38.418564006038345,38.418564006038345,0.0,99.92395097727783,99.92395097727785,99.92395097727785,-2.842170943040401e-14,-2.842170943040401e-14,6,4e34bffdd2dd88657bb7fb55f284cf0521153c917c774c543a2e903a5e5e05ff
92,Trace-Anchored Reference,Exact Shapley net value,4,116,0.8734491128170703,0.8734491128170703,0.0,99.92395097727783,99.92395097727785,99.92395097727785,-2.842170943040401e-14,-2.842170943040401e-14,6,4e34bffdd2dd88657bb7fb55f284cf0521153c917c774c543a2e903a5e5e05ff
92,Risk-Constrained Convex Verifier,Nodal signed linear,1,15,78.92361810995409,101.67946883480029,22.755850724846198,-2.2133174353723213,-2.2133174353766663,99.92395097727785,4.344968829173013e-12,-102.13726841265017,6,4e34bffdd2dd88657bb7fb55f284cf0521153c917c774c543a2e903a5e5e05ff
92,Risk-Constrained Convex Verifier,Nodal signed linear,2,42,-80.8584225551413,-41.04753097637787,39.81089157876343,-2.2133174353723213,-2.2133174353766663,99.92395097727785,4.344968829173013e-12,-102.13726841265017,6,4e34bffdd2dd88657bb7fb55f284cf0521153c917c774c543a2e903a5e5e05ff
92,Risk-Constrained Convex Verifier,Nodal signed linear,3,80,-0.08389547079526771,38.418564006038345,38.502459476833614,-2.2133174353723213,-2.2133174353766663,99.92395097727785,4.344968829173013e-12,-102.13726841265017,6,4e34bffdd2dd88657bb7fb55f284cf0521153c917c774c543a2e903a5e5e05ff
92,Risk-Constrained Convex Verifier,Nodal signed linear,4,116,-0.1946175193898423,0.8734491128170703,1.0680666322069126,-2.2133174353723213,-2.2133174353766663,99.92395097727785,4.344968829173013e-12,-102.13726841265017,6,4e34bffdd2dd88657bb7fb55f284cf0521153c917c774c543a2e903a5e5e05ff
92,Risk-Constrained Convex Verifier,Standalone avoided cost,1,15,78.85397715482031,101.67946883480029,22.825491679979976,-2.2829583905040636,-2.2133174353766663,99.92395097727785,-0.06964095512739732,-102.20690936778192,6,4e34bffdd2dd88657bb7fb55f284cf0521153c917c774c543a2e903a5e5e05ff
92,Risk-Constrained Convex Verifier,Standalone avoided cost,2,42,-80.85842255514581,-41.04753097637787,39.81089157876794,-2.2829583905040636,-2.2133174353766663,99.92395097727785,-0.06964095512739732,-102.20690936778192,6,4e34bffdd2dd88657bb7fb55f284cf0521153c917c774c543a2e903a5e5e05ff
92,Risk-Constrained Convex Verifier,Standalone avoided cost,3,80,-0.08389547079059412,38.418564006038345,38.50245947682894,-2.2829583905040636,-2.2133174353766663,99.92395097727785,-0.06964095512739732,-102.20690936778192,6,4e34bffdd2dd88657bb7fb55f284cf0521153c917c774c543a2e903a5e5e05ff
92,Risk-Constrained Convex Verifier,Standalone avoided cost,4,116,-0.19461751938797534,0.8734491128170703,1.0680666322050456,-2.2829583905040636,-2.2133174353766663,99.92395097727785,-0.06964095512739732,-102.20690936778192,6,4e34bffdd2dd88657bb7fb55f284cf0521153c917c774c543a2e903a5e5e05ff
92,Risk-Constrained Convex Verifier,Leave-one-out marginal,1,15,78.92361810996226,101.67946883480029,22.755850724838027,-2.2133174353766663,-2.2133174353766663,99.92395097727785,0.0,-102.13726841265452,6,4e34bffdd2dd88657bb7fb55f284cf0521153c917c774c543a2e903a5e5e05ff
92,Risk-Constrained Convex Verifier,Leave-one-out marginal,2,42,-80.85842255514217,-41.04753097637787,39.8108915787643,-2.2133174353766663,-2.2133174353766663,99.92395097727785,0.0,-102.13726841265452,6,4e34bffdd2dd88657bb7fb55f284cf0521153c917c774c543a2e903a5e5e05ff
92,Risk-Constrained Convex Verifier,Leave-one-out marginal,3,80,-0.08389547079787008,38.418564006038345,38.502459476836215,-2.2133174353766663,-2.2133174353766663,99.92395097727785,0.0,-102.13726841265452,6,4e34bffdd2dd88657bb7fb55f284cf0521153c917c774c543a2e903a5e5e05ff
92,Risk-Constrained Convex Verifier,Leave-one-out marginal,4,116,-0.19461751939888927,0.8734491128170703,1.0680666322159595,-2.2133174353766663,-2.2133174353766663,99.92395097727785,0.0,-102.13726841265452,6,4e34bffdd2dd88657bb7fb55f284cf0521153c917c774c543a2e903a5e5e05ff
92,Risk-Constrained Convex Verifier,Exact Shapley net value,1,15,78.90620787117284,101.67946883480029,22.77326096362745,-2.2133174353766716,-2.2133174353766663,99.92395097727785,-5.329070518200751e-15,-102.13726841265452,6,4e34bffdd2dd88657bb7fb55f284cf0521153c917c774c543a2e903a5e5e05ff
92,Risk-Constrained Convex Verifier,Exact Shapley net value,2,42,-80.85261914221641,-41.04753097637787,39.80508816583854,-2.2133174353766716,-2.2133174353766663,99.92395097727785,-5.329070518200751e-15,-102.13726841265452,6,4e34bffdd2dd88657bb7fb55f284cf0521153c917c774c543a2e903a5e5e05ff
92,Risk-Constrained Convex Verifier,Exact Shapley net value,3,80,-0.0780920578684654,38.418564006038345,38.49665606390681,-2.2133174353766716,-2.2133174353766663,99.92395097727785,-5.329070518200751e-15,-102.13726841265452,6,4e34bffdd2dd88657bb7fb55f284cf0521153c917c774c543a2e903a5e5e05ff
92,Risk-Constrained Convex Verifier,Exact Shapley net value,4,116,-0.18881410646463337,0.8734491128170703,1.0622632192817036,-2.2133174353766716,-2.2133174353766663,99.92395097727785,-5.329070518200751e-15,-102.13726841265452,6,4e34bffdd2dd88657bb7fb55f284cf0521153c917c774c543a2e903a5e5e05ff
93,Trace-Anchored Reference,Nodal signed linear,1,15,108.48593122460964,108.82699718705042,0.3410659624407799,182.47199586578438,181.798660200202,181.798660200202,0.6733356655823854,0.6733356655823854,6,4e34bffdd2dd88657bb7fb55f284cf0521153c917c774c543a2e903a5e5e05ff
93,Trace-Anchored Reference,Nodal signed linear,2,42,-0.9989500323589855,-1.8238262201599973,0.8248761878010118,182.47199586578438,181.798660200202,181.798660200202,0.6733356655823854,0.6733356655823854,6,4e34bffdd2dd88657bb7fb55f284cf0521153c917c774c543a2e903a5e5e05ff
93,Trace-Anchored Reference,Nodal signed linear,3,80,45.73143263192481,45.673224377877574,0.05820825404723706,182.47199586578438,181.798660200202,181.798660200202,0.6733356655823854,0.6733356655823854,6,4e34bffdd2dd88657bb7fb55f284cf0521153c917c774c543a2e903a5e5e05ff
93,Trace-Anchored Reference,Nodal signed linear,4,116,29.253582041608922,29.122264855433965,0.13131718617495736,182.47199586578438,181.798660200202,181.798660200202,0.6733356655823854,0.6733356655823854,6,4e34bffdd2dd88657bb7fb55f284cf0521153c917c774c543a2e903a5e5e05ff
93,Trace-Anchored Reference,Standalone avoided cost,1,15,108.48593122460443,108.82699718705042,0.3410659624459953,181.54477304688407,181.798660200202,181.798660200202,-0.253887153317919,-0.253887153317919,6,4e34bffdd2dd88657bb7fb55f284cf0521153c917c774c543a2e903a5e5e05ff
93,Trace-Anchored Reference,Standalone avoided cost,2,42,-1.9261728512537957,-1.8238262201599973,0.10234663109379838,181.54477304688407,181.798660200202,181.798660200202,-0.253887153317919,-0.253887153317919,6,4e34bffdd2dd88657bb7fb55f284cf0521153c917c774c543a2e903a5e5e05ff
93,Trace-Anchored Reference,Standalone avoided cost,3,80,45.73143263192469,45.673224377877574,0.05820825404711627,181.54477304688407,181.798660200202,181.798660200202,-0.253887153317919,-0.253887153317919,6,4e34bffdd2dd88657bb7fb55f284cf0521153c917c774c543a2e903a5e5e05ff
93,Trace-Anchored Reference,Standalone avoided cost,4,116,29.25358204160875,29.122264855433965,0.13131718617478683,181.54477304688407,181.798660200202,181.798660200202,-0.253887153317919,-0.253887153317919,6,4e34bffdd2dd88657bb7fb55f284cf0521153c917c774c543a2e903a5e5e05ff
93,Trace-Anchored Reference,Leave-one-out marginal,1,15,109.21725704062919,108.82699718705042,0.3902598535787689,182.2474356854982,181.798660200202,181.798660200202,0.4487754852962098,0.4487754852962098,6,4e34bffdd2dd88657bb7fb55f284cf0521153c917c774c543a2e903a5e5e05ff
93,Trace-Anchored Reference,Leave-one-out marginal,2,42,-1.6722856979322387,-1.8238262201599973,0.1515405222277586,182.2474356854982,181.798660200202,181.798660200202,0.4487754852962098,0.4487754852962098,6,4e34bffdd2dd88657bb7fb55f284cf0521153c917c774c543a2e903a5e5e05ff
93,Trace-Anchored Reference,Leave-one-out marginal,3,80,45.69673086735202,45.673224377877574,0.02350648947444256,182.2474356854982,181.798660200202,181.798660200202,0.4487754852962098,0.4487754852962098,6,4e34bffdd2dd88657bb7fb55f284cf0521153c917c774c543a2e903a5e5e05ff
93,Trace-Anchored Reference,Leave-one-out marginal,4,116,29.005733475449233,29.122264855433965,0.11653137998473184,182.2474356854982,181.798660200202,181.798660200202,0.4487754852962098,0.4487754852962098,6,4e34bffdd2dd88657bb7fb55f284cf0521153c917c774c543a2e903a5e5e05ff
93,Trace-Anchored Reference,Exact Shapley net value,1,15,108.82699718705042,108.82699718705042,0.0,181.79866020020197,181.798660200202,181.798660200202,-2.842170943040401e-14,-2.842170943040401e-14,6,4e34bffdd2dd88657bb7fb55f284cf0521153c917c774c543a2e903a5e5e05ff
93,Trace-Anchored Reference,Exact Shapley net value,2,42,-1.8238262201599973,-1.8238262201599973,0.0,181.79866020020197,181.798660200202,181.798660200202,-2.842170943040401e-14,-2.842170943040401e-14,6,4e34bffdd2dd88657bb7fb55f284cf0521153c917c774c543a2e903a5e5e05ff
93,Trace-Anchored Reference,Exact Shapley net value,3,80,45.673224377877574,45.673224377877574,0.0,181.79866020020197,181.798660200202,181.798660200202,-2.842170943040401e-14,-2.842170943040401e-14,6,4e34bffdd2dd88657bb7fb55f284cf0521153c917c774c543a2e903a5e5e05ff
93,Trace-Anchored Reference,Exact Shapley net value,4,116,29.122264855433965,29.122264855433965,0.0,181.79866020020197,181.798660200202,181.798660200202,-2.842170943040401e-14,-2.842170943040401e-14,6,4e34bffdd2dd88657bb7fb55f284cf0521153c917c774c543a2e903a5e5e05ff
93,Risk-Constrained Convex Verifier,Nodal signed linear,1,15,42.7507590350337,108.82699718705042,66.07623815201671,-0.7769678332219385,-0.776967833222443,181.798660200202,5.044853423896711e-13,-182.57562803342392,6,4e34bffdd2dd88657bb7fb55f284cf0521153c917c774c543a2e903a5e5e05ff
93,Risk-Constrained Convex Verifier,Nodal signed linear,2,42,-43.44352841113268,-1.8238262201599973,41.61970219097269,-0.7769678332219385,-0.776967833222443,181.798660200202,5.044853423896711e-13,-182.57562803342392,6,4e34bffdd2dd88657bb7fb55f284cf0521153c917c774c543a2e903a5e5e05ff
93,Risk-Constrained Convex Verifier,Nodal signed linear,3,80,0.05828661200972185,45.673224377877574,45.61493776586785,-0.7769678332219385,-0.776967833222443,181.798660200202,5.044853423896711e-13,-182.57562803342392,6,4e34bffdd2dd88657bb7fb55f284cf0521153c917c774c543a2e903a5e5e05ff
93,Risk-Constrained Convex Verifier,Nodal signed linear,4,116,-0.14248506913268066,29.122264855433965,29.264749924566644,-0.7769678332219385,-0.776967833222443,181.798660200202,5.044853423896711e-13,-182.57562803342392,6,4e34bffdd2dd88657bb7fb55f284cf0521153c917c774c543a2e903a5e5e05ff
93,Risk-Constrained Convex Verifier,Standalone avoided cost,1,15,42.442814698952134,108.82699718705042,66.38418248809829,-1.4873491715516138,-0.776967833222443,181.798660200202,-0.7103813383291708,-183.2860093717536,6,4e34bffdd2dd88657bb7fb55f284cf0521153c917c774c543a2e903a5e5e05ff
93,Risk-Constrained Convex Verifier,Standalone avoided cost,2,42,-43.84596541337669,-1.8238262201599973,42.02213919321669,-1.4873491715516138,-0.776967833222443,181.798660200202,-0.7103813383291708,-183.2860093717536,6,4e34bffdd2dd88657bb7fb55f284cf0521153c917c774c543a2e903a5e5e05ff
93,Risk-Constrained Convex Verifier,Standalone avoided cost,3,80,0.05828661200939678,45.673224377877574,45.61493776586818,-1.4873491715516138,-0.776967833222443,181.798660200202,-0.7103813383291708,-183.2860093717536,6,4e34bffdd2dd88657bb7fb55f284cf0521153c917c774c543a2e903a5e5e05ff
93,Risk-Constrained Convex Verifier,Standalone avoided cost,4,116,-0.14248506913645542,29.122264855433965,29.26474992457042,-1.4873491715516138,-0.776967833222443,181.798660200202,-0.7103813383291708,-183.2860093717536,6,4e34bffdd2dd88657bb7fb55f284cf0521153c917c774c543a2e903a5e5e05ff
93,Risk-Constrained Convex Verifier,Leave-one-out marginal,1,15,43.2114826492907,108.82699718705042,65.61551453775972,-0.09249834001093404,-0.776967833222443,181.798660200202,0.684469493211509,-181.89115854021293,6,4e34bffdd2dd88657bb7fb55f284cf0521153c917c774c543a2e903a5e5e05ff
93,Risk-Constrained Convex Verifier,Leave-one-out marginal,2,42,-43.219782532178215,-1.8238262201599973,41.395956312018214,-0.09249834001093404,-0.776967833222443,181.798660200202,0.684469493211509,-181.89115854021293,6,4e34bffdd2dd88657bb7fb55f284cf0521153c917c774c543a2e903a5e5e05ff
93,Risk-Constrained Convex Verifier,Leave-one-out marginal,3,80,0.05828661200939678,45.673224377877574,45.61493776586818,-0.09249834001093404,-0.776967833222443,181.798660200202,0.684469493211509,-181.89115854021293,6,4e34bffdd2dd88657bb7fb55f284cf0521153c917c774c543a2e903a5e5e05ff
93,Risk-Constrained Convex Verifier,Leave-one-out marginal,4,116,-0.14248506913281744,29.122264855433965,29.264749924566782,-0.09249834001093404,-0.776967833222443,181.798660200202,0.684469493211509,-181.89115854021293,6,4e34bffdd2dd88657bb7fb55f284cf0521153c917c774c543a2e903a5e5e05ff
93,Risk-Constrained Convex Verifier,Exact Shapley net value,1,15,42.831467314974056,108.82699718705042,65.99552987207636,-0.7769678332224466,-0.776967833222443,181.798660200202,-3.552713678800501e-15,-182.57562803342444,6,4e34bffdd2dd88657bb7fb55f284cf0521153c917c774c543a2e903a5e5e05ff
93,Risk-Constrained Convex Verifier,Exact Shapley net value,2,42,-43.52855533192421,-1.8238262201599973,41.70472911176421,-0.7769678332224466,-0.776967833222443,181.798660200202,-3.552713678800501e-15,-182.57562803342444,6,4e34bffdd2dd88657bb7fb55f284cf0521153c917c774c543a2e903a5e5e05ff
93,Risk-Constrained Convex Verifier,Exact Shapley net value,3,80,0.038857741338688356,45.673224377877574,45.634366636538886,-0.7769678332224466,-0.776967833222443,181.798660200202,-3.552713678800501e-15,-182.57562803342444,6,4e34bffdd2dd88657bb7fb55f284cf0521153c917c774c543a2e903a5e5e05ff
93,Risk-Constrained Convex Verifier,Exact Shapley net value,4,116,-0.11873755761098082,29.122264855433965,29.241002413044946,-0.7769678332224466,-0.776967833222443,181.798660200202,-3.552713678800501e-15,-182.57562803342444,6,4e34bffdd2dd88657bb7fb55f284cf0521153c917c774c543a2e903a5e5e05ff
94,Trace-Anchored Reference,Nodal signed linear,1,15,108.97335735341267,108.97335735341252,1.4210854715202004e-13,359.2339788910006,359.2339788909885,359.2339788909885,1.2107648217352107e-11,1.2107648217352107e-11,6,4e34bffdd2dd88657bb7fb55f284cf0521153c917c774c543a2e903a5e5e05ff
94,Trace-Anchored Reference,Nodal signed linear,2,42,65.98461786190433,65.98461786190182,2.5011104298755527e-12,359.2339788910006,359.2339788909885,359.2339788909885,1.2107648217352107e-11,1.2107648217352107e-11,6,4e34bffdd2dd88657bb7fb55f284cf0521153c917c774c543a2e903a5e5e05ff
94,Trace-Anchored Reference,Nodal signed linear,3,80,87.82185006742162,87.82185006741412,7.503331289626658e-12,359.2339788910006,359.2339788909885,359.2339788909885,1.2107648217352107e-11,1.2107648217352107e-11,6,4e34bffdd2dd88657bb7fb55f284cf0521153c917c774c543a2e903a5e5e05ff
94,Trace-Anchored Reference,Nodal signed linear,4,116,96.454153608262,96.45415360826003,1.9753088054130785e-12,359.2339788910006,359.2339788909885,359.2339788909885,1.2107648217352107e-11,1.2107648217352107e-11,6,4e34bffdd2dd88657bb7fb55f284cf0521153c917c774c543a2e903a5e5e05ff
94,Trace-Anchored Reference,Standalone avoided cost,1,15,108.9733573534213,108.97335735341252,8.782308213994838e-12,359.233978891014,359.2339788909885,359.2339788909885,2.546585164964199e-11,2.546585164964199e-11,6,4e34bffdd2dd88657bb7fb55f284cf0521153c917c774c543a2e903a5e5e05ff
94,Trace-Anchored Reference,Standalone avoided cost,2,42,65.98461786190455,65.98461786190182,2.7284841053187847e-12,359.233978891014,359.2339788909885,359.2339788909885,2.546585164964199e-11,2.546585164964199e-11,6,4e34bffdd2dd88657bb7fb55f284cf0521153c917c774c543a2e903a5e5e05ff
94,Trace-Anchored Reference,Standalone avoided cost,3,80,87.82185006741929,87.82185006741412,5.172751116333529e-12,359.233978891014,359.2339788909885,359.2339788909885,2.546585164964199e-11,2.546585164964199e-11,6,4e34bffdd2dd88657bb7fb55f284cf0521153c917c774c543a2e903a5e5e05ff
94,Trace-Anchored Reference,Standalone avoided cost,4,116,96.45415360826883,96.45415360826003,8.79651906871004e-12,359.233978891014,359.2339788909885,359.2339788909885,2.546585164964199e-11,2.546585164964199e-11,6,4e34bffdd2dd88657bb7fb55f284cf0521153c917c774c543a2e903a5e5e05ff
94,Trace-Anchored Reference,Leave-one-out marginal,1,15,108.97335735341403,108.97335735341252,1.5063505998114124e-12,359.2339788909958,359.2339788909885,359.2339788909885,7.275957614183426e-12,7.275957614183426e-12,6,4e34bffdd2dd88657bb7fb55f284cf0521153c917c774c543a2e903a5e5e05ff
94,Trace-Anchored Reference,Leave-one-out marginal,2,42,65.98461786190819,65.98461786190182,6.366462912410498e-12,359.2339788909958,359.2339788909885,359.2339788909885,7.275957614183426e-12,7.275957614183426e-12,6,4e34bffdd2dd88657bb7fb55f284cf0521153c917c774c543a2e903a5e5e05ff
94,Trace-Anchored Reference,Leave-one-out marginal,3,80,87.82185006741202,87.82185006741412,2.1032064978498966e-12,359.2339788909958,359.2339788909885,359.2339788909885,7.275957614183426e-12,7.275957614183426e-12,6,4e34bffdd2dd88657bb7fb55f284cf0521153c917c774c543a2e903a5e5e05ff
94,Trace-Anchored Reference,Leave-one-out marginal,4,116,96.45415360826155,96.45415360826003,1.5205614545266144e-12,359.2339788909958,359.2339788909885,359.2339788909885,7.275957614183426e-12,7.275957614183426e-12,6,4e34bffdd2dd88657bb7fb55f284cf0521153c917c774c543a2e903a5e5e05ff
94,Trace-Anchored Reference,Exact Shapley net value,1,15,108.97335735341252,108.97335735341252,0.0,359.23397889098845,359.2339788909885,359.2339788909885,-5.684341886080802e-14,-5.684341886080802e-14,6,4e34bffdd2dd88657bb7fb55f284cf0521153c917c774c543a2e903a5e5e05ff
94,Trace-Anchored Reference,Exact Shapley net value,2,42,65.98461786190182,65.98461786190182,0.0,359.23397889098845,359.2339788909885,359.2339788909885,-5.684341886080802e-14,-5.684341886080802e-14,6,4e34bffdd2dd88657bb7fb55f284cf0521153c917c774c543a2e903a5e5e05ff
94,Trace-Anchored Reference,Exact Shapley net value,3,80,87.82185006741412,87.82185006741412,0.0,359.23397889098845,359.2339788909885,359.2339788909885,-5.684341886080802e-14,-5.684341886080802e-14,6,4e34bffdd2dd88657bb7fb55f284cf0521153c917c774c543a2e903a5e5e05ff
94,Trace-Anchored Reference,Exact Shapley net value,4,116,96.45415360826003,96.45415360826003,0.0,359.23397889098845,359.2339788909885,359.2339788909885,-5.684341886080802e-14,-5.684341886080802e-14,6,4e34bffdd2dd88657bb7fb55f284cf0521153c917c774c543a2e903a5e5e05ff
94,Risk-Constrained Convex Verifier,Nodal signed linear,1,15,6.146852215150122,108.97335735341252,102.8265051382624,-0.00870091885520985,-0.008700918857357465,359.2339788909885,2.147615418834903e-12,-359.2426798098437,6,4e34bffdd2dd88657bb7fb55f284cf0521153c917c774c543a2e903a5e5e05ff
94,Risk-Constrained Convex Verifier,Nodal signed linear,2,42,-6.1555531340053316,65.98461786190182,72.14017099590716,-0.00870091885520985,-0.008700918857357465,359.2339788909885,2.147615418834903e-12,-359.2426798098437,6,4e34bffdd2dd88657bb7fb55f284cf0521153c917c774c543a2e903a5e5e05ff
94,Risk-Constrained Convex Verifier,Nodal signed linear,3,80,0.0,87.82185006741412,87.82185006741412,-0.00870091885520985,-0.008700918857357465,359.2339788909885,2.147615418834903e-12,-359.2426798098437,6,4e34bffdd2dd88657bb7fb55f284cf0521153c917c774c543a2e903a5e5e05ff
94,Risk-Constrained Convex Verifier,Nodal signed linear,4,116,0.0,96.45415360826003,96.45415360826003,-0.00870091885520985,-0.008700918857357465,359.2339788909885,2.147615418834903e-12,-359.2426798098437,6,4e34bffdd2dd88657bb7fb55f284cf0521153c917c774c543a2e903a5e5e05ff
94,Risk-Constrained Convex Verifier,Standalone avoided cost,1,15,6.146852215148101,108.97335735341252,102.82650513826442,-0.008700918860995444,-0.008700918857357465,359.2339788909885,-3.637978807091713e-12,-359.2426798098495,6,4e34bffdd2dd88657bb7fb55f284cf0521153c917c774c543a2e903a5e5e05ff
94,Risk-Constrained Convex Verifier,Standalone avoided cost,2,42,-6.1555531340090965,65.98461786190182,72.14017099591092,-0.008700918860995444,-0.008700918857357465,359.2339788909885,-3.637978807091713e-12,-359.2426798098495,6,4e34bffdd2dd88657bb7fb55f284cf0521153c917c774c543a2e903a5e5e05ff
94,Risk-Constrained Convex Verifier,Standalone avoided cost,3,80,0.0,87.82185006741412,87.82185006741412,-0.008700918860995444,-0.008700918857357465,359.2339788909885,-3.637978807091713e-12,-359.2426798098495,6,4e34bffdd2dd88657bb7fb55f284cf0521153c917c774c543a2e903a5e5e05ff
94,Risk-Constrained Convex Verifier,Standalone avoided cost,4,116,0.0,96.45415360826003,96.45415360826003,-0.008700918860995444,-0.008700918857357465,359.2339788909885,-3.637978807091713e-12,-359.2426798098495,6,4e34bffdd2dd88657bb7fb55f284cf0521153c917c774c543a2e903a5e5e05ff
94,Risk-Constrained Convex Verifier,Leave-one-out marginal,1,15,6.146852215151739,108.97335735341252,102.82650513826079,-0.008700918853719486,-0.008700918857357465,359.2339788909885,3.637978807091713e-12,-359.24267980984223,6,4e34bffdd2dd88657bb7fb55f284cf0521153c917c774c543a2e903a5e5e05ff
94,Risk-Constrained Convex Verifier,Leave-one-out marginal,2,42,-6.155553134005459,65.98461786190182,72.14017099590728,-0.008700918853719486,-0.008700918857357465,359.2339788909885,3.637978807091713e-12,-359.24267980984223,6,4e34bffdd2dd88657bb7fb55f284cf0521153c917c774c543a2e903a5e5e05ff
94,Risk-Constrained Convex Verifier,Leave-one-out marginal,3,80,0.0,87.82185006741412,87.82185006741412,-0.008700918853719486,-0.008700918857357465,359.2339788909885,3.637978807091713e-12,-359.24267980984223,6,4e34bffdd2dd88657bb7fb55f284cf0521153c917c774c543a2e903a5e5e05ff
94,Risk-Constrained Convex Verifier,Leave-one-out marginal,4,116,0.0,96.45415360826003,96.45415360826003,-0.008700918853719486,-0.008700918857357465,359.2339788909885,3.637978807091713e-12,-359.24267980984223,6,4e34bffdd2dd88657bb7fb55f284cf0521153c917c774c543a2e903a5e5e05ff
94,Risk-Constrained Convex Verifier,Exact Shapley net value,1,15,6.14685221514992,108.97335735341252,102.8265051382626,-0.008700918857357465,-0.008700918857357465,359.2339788909885,0.0,-359.24267980984587,6,4e34bffdd2dd88657bb7fb55f284cf0521153c917c774c543a2e903a5e5e05ff
94,Risk-Constrained Convex Verifier,Exact Shapley net value,2,42,-6.1555531340072775,65.98461786190182,72.1401709959091,-0.008700918857357465,-0.008700918857357465,359.2339788909885,0.0,-359.24267980984587,6,4e34bffdd2dd88657bb7fb55f284cf0521153c917c774c543a2e903a5e5e05ff
94,Risk-Constrained Convex Verifier,Exact Shapley net value,3,80,0.0,87.82185006741412,87.82185006741412,-0.008700918857357465,-0.008700918857357465,359.2339788909885,0.0,-359.24267980984587,6,4e34bffdd2dd88657bb7fb55f284cf0521153c917c774c543a2e903a5e5e05ff
94,Risk-Constrained Convex Verifier,Exact Shapley net value,4,116,0.0,96.45415360826003,96.45415360826003,-0.008700918857357465,-0.008700918857357465,359.2339788909885,0.0,-359.24267980984587,6,4e34bffdd2dd88657bb7fb55f284cf0521153c917c774c543a2e903a5e5e05ff
95,Trace-Anchored Reference,Nodal signed linear,1,15,166.23335743148291,164.79019777013914,1.4431596613437705,145.0498549388994,141.36734877966956,141.36734877966956,3.682506159229831,3.682506159229831,6,4e34bffdd2dd88657bb7fb55f284cf0521153c917c774c543a2e903a5e5e05ff
95,Trace-Anchored Reference,Nodal signed linear,2,42,-66.22463497978408,-67.52908723936886,1.304452259584778,145.0498549388994,141.36734877966956,141.36734877966956,3.682506159229831,3.682506159229831,6,4e34bffdd2dd88657bb7fb55f284cf0521153c917c774c543a2e903a5e5e05ff
95,Trace-Anchored Reference,Nodal signed linear,3,80,98.30042883517011,97.91581299793506,0.3846158372350459,145.0498549388994,141.36734877966956,141.36734877966956,3.682506159229831,3.682506159229831,6,4e34bffdd2dd88657bb7fb55f284cf0521153c917c774c543a2e903a5e5e05ff
95,Trace-Anchored Reference,Nodal signed linear,4,116,-53.25929634796955,-53.80957474903576,0.5502784010662083,145.0498549388994,141.36734877966956,141.36734877966956,3.682506159229831,3.682506159229831,6,4e34bffdd2dd88657bb7fb55f284cf0521153c917c774c543a2e903a5e5e05ff
95,Trace-Anchored Reference,Standalone avoided cost,1,15,165.33734771111267,164.79019777013914,0.5471499409735259,143.20906932577782,141.36734877966956,141.36734877966956,1.841720546108263,1.841720546108263,6,4e34bffdd2dd88657bb7fb55f284cf0521153c917c774c543a2e903a5e5e05ff
95,Trace-Anchored Reference,Standalone avoided cost,2,42,-67.04656319803325,-67.52908723936886,0.48252404133560844,143.20906932577782,141.36734877966956,141.36734877966956,1.841720546108263,1.841720546108263,6,4e34bffdd2dd88657bb7fb55f284cf0521153c917c774c543a2e903a5e5e05ff
95,Trace-Anchored Reference,Standalone avoided cost,3,80,98.28428386525775,97.91581299793506,0.3684708673226851,143.20906932577782,141.36734877966956,141.36734877966956,1.841720546108263,1.841720546108263,6,4e34bffdd2dd88657bb7fb55f284cf0521153c917c774c543a2e903a5e5e05ff
95,Trace-Anchored Reference,Standalone avoided cost,4,116,-53.365999052559346,-53.80957474903576,0.44357569647641526,143.20906932577782,141.36734877966956,141.36734877966956,1.841720546108263,1.841720546108263,6,4e34bffdd2dd88657bb7fb55f284cf0521153c917c774c543a2e903a5e5e05ff
95,Trace-Anchored Reference,Leave-one-out marginal,1,15,164.61042211946187,164.79019777013914,0.17977565067727141,140.6404231879933,141.36734877966956,141.36734877966956,-0.7269255916762631,-0.7269255916762631,6,4e34bffdd2dd88657bb7fb55f284cf0521153c917c774c543a2e903a5e5e05ff
95,Trace-Anchored Reference,Leave-one-out marginal,2,42,-67.7503731440047,-67.52908723936886,0.22128590463583464,140.6404231879933,141.36734877966956,141.36734877966956,-0.7269255916762631,-0.7269255916762631,6,4e34bffdd2dd88657bb7fb55f284cf0521153c917c774c543a2e903a5e5e05ff
95,Trace-Anchored Reference,Leave-one-out marginal,3,80,97.77228652133272,97.91581299793506,0.14352647660234652,140.6404231879933,141.36734877966956,141.36734877966956,-0.7269255916762631,-0.7269255916762631,6,4e34bffdd2dd88657bb7fb55f284cf0521153c917c774c543a2e903a5e5e05ff
95,Trace-Anchored Reference,Leave-one-out marginal,4,116,-53.9919123087966,-53.80957474903576,0.18233755976083899,140.6404231879933,141.36734877966956,141.36734877966956,-0.7269255916762631,-0.7269255916762631,6,4e34bffdd2dd88657bb7fb55f284cf0521153c917c774c543a2e903a5e5e05ff
95,Trace-Anchored Reference,Exact Shapley net value,1,15,164.79019777013914,164.79019777013914,0.0,141.36734877966958,141.36734877966956,141.36734877966956,2.842170943040401e-14,2.842170943040401e-14,6,4e34bffdd2dd88657bb7fb55f284cf0521153c917c774c543a2e903a5e5e05ff
95,Trace-Anchored Reference,Exact Shapley net value,2,42,-67.52908723936886,-67.52908723936886,0.0,141.36734877966958,141.36734877966956,141.36734877966956,2.842170943040401e-14,2.842170943040401e-14,6,4e34bffdd2dd88657bb7fb55f284cf0521153c917c774c543a2e903a5e5e05ff
95,Trace-Anchored Reference,Exact Shapley net value,3,80,97.91581299793506,97.91581299793506,0.0,141.36734877966958,141.36734877966956,141.36734877966956,2.842170943040401e-14,2.842170943040401e-14,6,4e34bffdd2dd88657bb7fb55f284cf0521153c917c774c543a2e903a5e5e05ff
95,Trace-Anchored Reference,Exact Shapley net value,4,116,-53.80957474903576,-53.80957474903576,0.0,141.36734877966958,141.36734877966956,141.36734877966956,2.842170943040401e-14,2.842170943040401e-14,6,4e34bffdd2dd88657bb7fb55f284cf0521153c917c774c543a2e903a5e5e05ff
95,Risk-Constrained Convex Verifier,Nodal signed linear,1,15,97.48157213539524,164.79019777013914,67.3086256347439,-0.12636746761266693,-0.12636746762291295,141.36734877966956,1.0246026249660645e-11,-141.49371624728224,6,4e34bffdd2dd88657bb7fb55f284cf0521153c917c774c543a2e903a5e5e05ff
95,Risk-Constrained Convex Verifier,Nodal signed linear,2,42,-97.6079396030079,-67.52908723936886,30.078852363639044,-0.12636746761266693,-0.12636746762291295,141.36734877966956,1.0246026249660645e-11,-141.49371624728224,6,4e34bffdd2dd88657bb7fb55f284cf0521153c917c774c543a2e903a5e5e05ff
95,Risk-Constrained Convex Verifier,Nodal signed linear,3,80,5.684341886080802e-14,97.91581299793506,97.915812997935,-0.12636746761266693,-0.12636746762291295,141.36734877966956,1.0246026249660645e-11,-141.49371624728224,6,4e34bffdd2dd88657bb7fb55f284cf0521153c917c774c543a2e903a5e5e05ff
95,Risk-Constrained Convex Verifier,Nodal signed linear,4,116,-5.684341886080802e-14,-53.80957474903576,53.809574749035704,-0.12636746761266693,-0.12636746762291295,141.36734877966956,1.0246026249660645e-11,-141.49371624728224,6,4e34bffdd2dd88657bb7fb55f284cf0521153c917c774c543a2e903a5e5e05ff
95,Risk-Constrained Convex Verifier,Standalone avoided cost,1,15,97.48157213538798,164.79019777013914,67.30862563475117,-0.47169554362335475,-0.12636746762291295,141.36734877966956,-0.3453280760004418,-141.8390443232929,6,4e34bffdd2dd88657bb7fb55f284cf0521153c917c774c543a2e903a5e5e05ff
95,Risk-Constrained Convex Verifier,Standalone avoided cost,2,42,-97.9532676790077,-67.52908723936886,30.424180439638832,-0.47169554362335475,-0.12636746762291295,141.36734877966956,-0.3453280760004418,-141.8390443232929,6,4e34bffdd2dd88657bb7fb55f284cf0521153c917c774c543a2e903a5e5e05ff
95,Risk-Constrained Convex Verifier,Standalone avoided cost,3,80,-3.637978807091713e-12,97.91581299793506,97.9158129979387,-0.47169554362335475,-0.12636746762291295,141.36734877966956,-0.3453280760004418,-141.8390443232929,6,4e34bffdd2dd88657bb7fb55f284cf0521153c917c774c543a2e903a5e5e05ff
95,Risk-Constrained Convex Verifier,Standalone avoided cost,4,116,0.0,-53.80957474903576,53.80957474903576,-0.47169554362335475,-0.12636746762291295,141.36734877966956,-0.3453280760004418,-141.8390443232929,6,4e34bffdd2dd88657bb7fb55f284cf0521153c917c774c543a2e903a5e5e05ff
95,Risk-Constrained Convex Verifier,Leave-one-out marginal,1,15,98.07781411401811,164.79019777013914,66.71238365612103,0.4698745109999436,-0.12636746762291295,141.36734877966956,0.5962419786228565,-140.8974742686696,6,4e34bffdd2dd88657bb7fb55f284cf0521153c917c774c543a2e903a5e5e05ff
95,Risk-Constrained Convex Verifier,Leave-one-out marginal,2,42,-97.60793960301089,-67.52908723936886,30.078852363642028,0.4698745109999436,-0.12636746762291295,141.36734877966956,0.5962419786228565,-140.8974742686696,6,4e34bffdd2dd88657bb7fb55f284cf0521153c917c774c543a2e903a5e5e05ff
95,Risk-Constrained Convex Verifier,Leave-one-out marginal,3,80,-3.637978807091713e-12,97.91581299793506,97.9158129979387,0.4698745109999436,-0.12636746762291295,141.36734877966956,0.5962419786228565,-140.8974742686696,6,4e34bffdd2dd88657bb7fb55f284cf0521153c917c774c543a2e903a5e5e05ff
95,Risk-Constrained Convex Verifier,Leave-one-out marginal,4,116,-3.637978807091713e-12,-53.80957474903576,53.80957474903212,0.4698745109999436,-0.12636746762291295,141.36734877966956,0.5962419786228565,-140.8974742686696,6,4e34bffdd2dd88657bb7fb55f284cf0521153c917c774c543a2e903a5e5e05ff
95,Risk-Constrained Convex Verifier,Exact Shapley net value,1,15,97.73787414093174,164.79019777013914,67.05232362920741,-0.12636746762290585,-0.12636746762291295,141.36734877966956,7.105427357601002e-15,-141.49371624729247,6,4e34bffdd2dd88657bb7fb55f284cf0521153c917c774c543a2e903a5e5e05ff
95,Risk-Constrained Convex Verifier,Exact Shapley net value,2,42,-97.82242262477999,-67.52908723936886,30.293335385411126,-0.12636746762290585,-0.12636746762291295,141.36734877966956,7.105427357601002e-15,-141.49371624729247,6,4e34bffdd2dd88657bb7fb55f284cf0521153c917c774c543a2e903a5e5e05ff
95,Risk-Constrained Convex Verifier,Exact Shapley net value,3,80,-0.01513985556115216,97.91581299793506,97.93095285349622,-0.12636746762290585,-0.12636746762291295,141.36734877966956,7.105427357601002e-15,-141.49371624729247,6,4e34bffdd2dd88657bb7fb55f284cf0521153c917c774c543a2e903a5e5e05ff
95,Risk-Constrained Convex Verifier,Exact Shapley net value,4,116,-0.026679128213501713,-53.80957474903576,53.78289562082226,-0.12636746762290585,-0.12636746762291295,141.36734877966956,7.105427357601002e-15,-141.49371624729247,6,4e34bffdd2dd88657bb7fb55f284cf0521153c917c774c543a2e903a5e5e05ff
96,Trace-Anchored Reference,Nodal signed linear,1,15,81.70444652303519,81.7044465230365,1.3073986337985843e-12,280.7792720582472,280.779272058222,280.779272058222,2.523847797419876e-11,2.523847797419876e-11,6,4e34bffdd2dd88657bb7fb55f284cf0521153c917c774c543a2e903a5e5e05ff
96,Trace-Anchored Reference,Nodal signed linear,2,42,80.72655221452267,80.7265522145138,8.86757334228605e-12,280.7792720582472,280.779272058222,280.779272058222,2.523847797419876e-11,2.523847797419876e-11,6,4e34bffdd2dd88657bb7fb55f284cf0521153c917c774c543a2e903a5e5e05ff
96,Trace-Anchored Reference,Nodal signed linear,3,80,51.900189481839575,51.90018948183236,7.212008767965017e-12,280.7792720582472,280.779272058222,280.779272058222,2.523847797419876e-11,2.523847797419876e-11,6,4e34bffdd2dd88657bb7fb55f284cf0521153c917c774c543a2e903a5e5e05ff
96,Trace-Anchored Reference,Nodal signed linear,4,116,66.44808383884981,66.44808383883931,1.050182163453428e-11,280.7792720582472,280.779272058222,280.779272058222,2.523847797419876e-11,2.523847797419876e-11,6,4e34bffdd2dd88657bb7fb55f284cf0521153c917c774c543a2e903a5e5e05ff
96,Trace-Anchored Reference,Standalone avoided cost,1,15,81.7044465230174,81.7044465230365,1.9099388737231493e-11,280.77927205817105,280.779272058222,280.779272058222,-5.093170329928398e-11,-5.093170329928398e-11,6,4e34bffdd2dd88657bb7fb55f284cf0521153c917c774c543a2e903a5e5e05ff
96,Trace-Anchored Reference,Standalone avoided cost,2,42,80.7265522145135,80.7265522145138,2.984279490192421e-13,280.77927205817105,280.779272058222,280.779272058222,-5.093170329928398e-11,-5.093170329928398e-11,6,4e34bffdd2dd88657bb7fb55f284cf0521153c917c774c543a2e903a5e5e05ff
96,Trace-Anchored Reference,Standalone avoided cost,3,80,51.900189481817506,51.90018948183236,1.4857448604743695e-11,280.77927205817105,280.779272058222,280.779272058222,-5.093170329928398e-11,-5.093170329928398e-11,6,4e34bffdd2dd88657bb7fb55f284cf0521153c917c774c543a2e903a5e5e05ff
96,Trace-Anchored Reference,Standalone avoided cost,4,116,66.44808383882264,66.44808383883931,1.666933258093195e-11,280.77927205817105,280.779272058222,280.779272058222,-5.093170329928398e-11,-5.093170329928398e-11,6,4e34bffdd2dd88657bb7fb55f284cf0521153c917c774c543a2e903a5e5e05ff
96,Trace-Anchored Reference,Leave-one-out marginal,1,15,81.7044465230465,81.7044465230365,1.000444171950221e-11,280.7792720582329,280.779272058222,280.779272058222,1.0913936421275139e-11,1.0913936421275139e-11,6,4e34bffdd2dd88657bb7fb55f284cf0521153c917c774c543a2e903a5e5e05ff
96,Trace-Anchored Reference,Leave-one-out marginal,2,42,80.72655221450623,80.7265522145138,7.574385563202668e-12,280.7792720582329,280.779272058222,280.779272058222,1.0913936421275139e-11,1.0913936421275139e-11,6,4e34bffdd2dd88657bb7fb55f284cf0521153c917c774c543a2e903a5e5e05ff
96,Trace-Anchored Reference,Leave-one-out marginal,3,80,51.900189481835696,51.90018948183236,3.33244543071487e-12,280.7792720582329,280.779272058222,280.779272058222,1.0913936421275139e-11,1.0913936421275139e-11,6,4e34bffdd2dd88657bb7fb55f284cf0521153c917c774c543a2e903a5e5e05ff
96,Trace-Anchored Reference,Leave-one-out marginal,4,116,66.44808383884447,66.44808383883931,5.158540261618327e-12,280.7792720582329,280.779272058222,280.779272058222,1.0913936421275139e-11,1.0913936421275139e-11,6,4e34bffdd2dd88657bb7fb55f284cf0521153c917c774c543a2e903a5e5e05ff
96,Trace-Anchored Reference,Exact Shapley net value,1,15,81.7044465230365,81.7044465230365,0.0,280.779272058222,280.779272058222,280.779272058222,0.0,0.0,6,4e34bffdd2dd88657bb7fb55f284cf0521153c917c774c543a2e903a5e5e05ff
96,Trace-Anchored Reference,Exact Shapley net value,2,42,80.7265522145138,80.7265522145138,0.0,280.779272058222,280.779272058222,280.779272058222,0.0,0.0,6,4e34bffdd2dd88657bb7fb55f284cf0521153c917c774c543a2e903a5e5e05ff
96,Trace-Anchored Reference,Exact Shapley net value,3,80,51.90018948183236,51.90018948183236,0.0,280.779272058222,280.779272058222,280.779272058222,0.0,0.0,6,4e34bffdd2dd88657bb7fb55f284cf0521153c917c774c543a2e903a5e5e05ff
96,Trace-Anchored Reference,Exact Shapley net value,4,116,66.44808383883931,66.44808383883931,0.0,280.779272058222,280.779272058222,280.779272058222,0.0,0.0,6,4e34bffdd2dd88657bb7fb55f284cf0521153c917c774c543a2e903a5e5e05ff
96,Risk-Constrained Convex Verifier,Nodal signed linear,1,15,18.493090855583542,81.7044465230365,63.21135566745295,-0.0369426174212002,-0.036942617436579894,280.779272058222,1.537969751552737e-11,-280.81621467564315,6,4e34bffdd2dd88657bb7fb55f284cf0521153c917c774c543a2e903a5e5e05ff
96,Risk-Constrained Convex Verifier,Nodal signed linear,2,42,-18.530033473004742,80.7265522145138,99.25658568751854,-0.0369426174212002,-0.036942617436579894,280.779272058222,1.537969751552737e-11,-280.81621467564315,6,4e34bffdd2dd88657bb7fb55f284cf0521153c917c774c543a2e903a5e5e05ff
96,Risk-Constrained Convex Verifier,Nodal signed linear,3,80,0.0,51.90018948183236,51.90018948183236,-0.0369426174212002,-0.036942617436579894,280.779272058222,1.537969751552737e-11,-280.81621467564315,6,4e34bffdd2dd88657bb7fb55f284cf0521153c917c774c543a2e903a5e5e05ff
96,Risk-Constrained Convex Verifier,Nodal signed linear,4,116,0.0,66.44808383883931,66.44808383883931,-0.0369426174212002,-0.036942617436579894,280.779272058222,1.537969751552737e-11,-280.81621467564315,6,4e34bffdd2dd88657bb7fb55f284cf0521153c917c774c543a2e903a5e5e05ff
96,Risk-Constrained Convex Verifier,Standalone avoided cost,1,15,18.493090855579794,81.7044465230365,63.2113556674567,-0.03694261744749383,-0.036942617436579894,280.779272058222,-1.0913936421275139e-11,-280.81621467566947,6,4e34bffdd2dd88657bb7fb55f284cf0521153c917c774c543a2e903a5e5e05ff
96,Risk-Constrained Convex Verifier,Standalone avoided cost,2,42,-18.530033473027288,80.7265522145138,99.25658568754109,-0.03694261744749383,-0.036942617436579894,280.779272058222,-1.0913936421275139e-11,-280.81621467566947,6,4e34bffdd2dd88657bb7fb55f284cf0521153c917c774c543a2e903a5e5e05ff
96,Risk-Constrained Convex Verifier,Standalone avoided cost,3,80,0.0,51.90018948183236,51.90018948183236,-0.03694261744749383,-0.036942617436579894,280.779272058222,-1.0913936421275139e-11,-280.81621467566947,6,4e34bffdd2dd88657bb7fb55f284cf0521153c917c774c543a2e903a5e5e05ff
96,Risk-Constrained Convex Verifier,Standalone avoided cost,4,116,0.0,66.44808383883931,66.44808383883931,-0.03694261744749383,-0.036942617436579894,280.779272058222,-1.0913936421275139e-11,-280.81621467566947,6,4e34bffdd2dd88657bb7fb55f284cf0521153c917c774c543a2e903a5e5e05ff
96,Risk-Constrained Convex Verifier,Leave-one-out marginal,1,15,18.493090855590708,81.7044465230365,63.21135566744579,-0.03694261742566596,-0.036942617436579894,280.779272058222,1.0913936421275139e-11,-280.81621467564764,6,4e34bffdd2dd88657bb7fb55f284cf0521153c917c774c543a2e903a5e5e05ff
96,Risk-Constrained Convex Verifier,Leave-one-out marginal,2,42,-18.530033473016374,80.7265522145138,99.25658568753018,-0.03694261742566596,-0.036942617436579894,280.779272058222,1.0913936421275139e-11,-280.81621467564764,6,4e34bffdd2dd88657bb7fb55f284cf0521153c917c774c543a2e903a5e5e05ff
96,Risk-Constrained Convex Verifier,Leave-one-out marginal,3,80,0.0,51.90018948183236,51.90018948183236,-0.03694261742566596,-0.036942617436579894,280.779272058222,1.0913936421275139e-11,-280.81621467564764,6,4e34bffdd2dd88657bb7fb55f284cf0521153c917c774c543a2e903a5e5e05ff
96,Risk-Constrained Convex Verifier,Leave-one-out marginal,4,116,0.0,66.44808383883931,66.44808383883931,-0.03694261742566596,-0.036942617436579894,280.779272058222,1.0913936421275139e-11,-280.81621467564764,6,4e34bffdd2dd88657bb7fb55f284cf0521153c917c774c543a2e903a5e5e05ff
96,Risk-Constrained Convex Verifier,Exact Shapley net value,1,15,18.49309085558525,81.7044465230365,63.211355667451244,-0.036942617436579894,-0.036942617436579894,280.779272058222,0.0,-280.81621467565856,6,4e34bffdd2dd88657bb7fb55f284cf0521153c917c774c543a2e903a5e5e05ff
96,Risk-Constrained Convex Verifier,Exact Shapley net value,2,42,-18.53003347302183,80.7265522145138,99.25658568753563,-0.036942617436579894,-0.036942617436579894,280.779272058222,0.0,-280.81621467565856,6,4e34bffdd2dd88657bb7fb55f284cf0521153c917c774c543a2e903a5e5e05ff
96,Risk-Constrained Convex Verifier,Exact Shapley net value,3,80,0.0,51.90018948183236,51.90018948183236,-0.036942617436579894,-0.036942617436579894,280.779272058222,0.0,-280.81621467565856,6,4e34bffdd2dd88657bb7fb55f284cf0521153c917c774c543a2e903a5e5e05ff
96,Risk-Constrained Convex Verifier,Exact Shapley net value,4,116,0.0,66.44808383883931,66.44808383883931,-0.036942617436579894,-0.036942617436579894,280.779272058222,0.0,-280.81621467565856,6,4e34bffdd2dd88657bb7fb55f284cf0521153c917c774c543a2e903a5e5e05ff
97,Trace-Anchored Reference,Nodal signed linear,1,15,27.339817314673034,27.339817314669443,3.5917935292673064e-12,110.07730741264271,110.07730741265186,110.07730741265186,-9.15179043659009e-12,-9.15179043659009e-12,6,4e34bffdd2dd88657bb7fb55f284cf0521153c917c774c543a2e903a5e5e05ff
97,Trace-Anchored Reference,Nodal signed linear,2,42,25.16212775318879,25.162127753197638,8.846257060213247e-12,110.07730741264271,110.07730741265186,110.07730741265186,-9.15179043659009e-12,-9.15179043659009e-12,6,4e34bffdd2dd88657bb7fb55f284cf0521153c917c774c543a2e903a5e5e05ff
97,Trace-Anchored Reference,Nodal signed linear,3,80,35.91823037510592,35.91823037510585,7.105427357601002e-14,110.07730741264271,110.07730741265186,110.07730741265186,-9.15179043659009e-12,-9.15179043659009e-12,6,4e34bffdd2dd88657bb7fb55f284cf0521153c917c774c543a2e903a5e5e05ff
97,Trace-Anchored Reference,Nodal signed linear,4,116,21.657131969674957,21.65713196967893,3.97193389289896e-12,110.07730741264271,110.07730741265186,110.07730741265186,-9.15179043659009e-12,-9.15179043659009e-12,6,4e34bffdd2dd88657bb7fb55f284cf0521153c917c774c543a2e903a5e5e05ff
97,Trace-Anchored Reference,Standalone avoided cost,1,15,27.339817314670654,27.339817314669443,1.2114753644709708e-12,110.07730741266278,110.07730741265186,110.07730741265186,1.0913936421275139e-11,1.0913936421275139e-11,6,4e34bffdd2dd88657bb7fb55f284cf0521153c917c774c543a2e903a5e5e05ff
97,Trace-Anchored Reference,Standalone avoided cost,2,42,25.16212775319218,25.162127753197638,5.4569682106375694e-12,110.07730741266278,110.07730741265186,110.07730741265186,1.0913936421275139e-11,1.0913936421275139e-11,6,4e34bffdd2dd88657bb7fb55f284cf0521153c917c774c543a2e903a5e5e05ff
97,Trace-Anchored Reference,Standalone avoided cost,3,80,35.918230375114945,35.91823037510585,9.094947017729282e-12,110.07730741266278,110.07730741265186,110.07730741265186,1.0913936421275139e-11,1.0913936421275139e-11,6,4e34bffdd2dd88657bb7fb55f284cf0521153c917c774c543a2e903a5e5e05ff
97,Trace-Anchored Reference,Standalone avoided cost,4,116,21.657131969684997,21.65713196967893,6.0680349633912556e-12,110.07730741266278,110.07730741265186,110.07730741265186,1.0913936421275139e-11,1.0913936421275139e-11,6,4e34bffdd2dd88657bb7fb55f284cf0521153c917c774c543a2e903a5e5e05ff
97,Trace-Anchored Reference,Leave-one-out marginal,1,15,27.339817314663378,27.339817314669443,6.064482249712455e-12,110.07730741262276,110.07730741265186,110.07730741265186,-2.9103830456733704e-11,-2.9103830456733704e-11,6,4e34bffdd2dd88657bb7fb55f284cf0521153c917c774c543a2e903a5e5e05ff
97,Trace-Anchored Reference,Leave-one-out marginal,2,42,25.162127753199456,25.162127753197638,1.8189894035458565e-12,110.07730741262276,110.07730741265186,110.07730741265186,-2.9103830456733704e-11,-2.9103830456733704e-11,6,4e34bffdd2dd88657bb7fb55f284cf0521153c917c774c543a2e903a5e5e05ff
97,Trace-Anchored Reference,Leave-one-out marginal,3,80,35.91823037509312,35.91823037510585,1.2732925824820995e-11,110.07730741262276,110.07730741265186,110.07730741265186,-2.9103830456733704e-11,-2.9103830456733704e-11,6,4e34bffdd2dd88657bb7fb55f284cf0521153c917c774c543a2e903a5e5e05ff
97,Trace-Anchored Reference,Leave-one-out marginal,4,116,21.657131969666807,21.65713196967893,1.2121859072067309e-11,110.07730741262276,110.07730741265186,110.07730741265186,-2.9103830456733704e-11,-2.9103830456733704e-11,6,4e34bffdd2dd88657bb7fb55f284cf0521153c917c774c543a2e903a5e5e05ff
97,Trace-Anchored Reference,Exact Shapley net value,1,15,27.339817314669443,27.339817314669443,0.0,110.07730741265186,110.07730741265186,110.07730741265186,0.0,0.0,6,4e34bffdd2dd88657bb7fb55f284cf0521153c917c774c543a2e903a5e5e05ff
97,Trace-Anchored Reference,Exact Shapley net value,2,42,25.162127753197638,25.162127753197638,0.0,110.07730741265186,110.07730741265186,110.07730741265186,0.0,0.0,6,4e34bffdd2dd88657bb7fb55f284cf0521153c917c774c543a2e903a5e5e05ff
97,Trace-Anchored Reference,Exact Shapley net value,3,80,35.91823037510585,35.91823037510585,0.0,110.07730741265186,110.07730741265186,110.07730741265186,0.0,0.0,6,4e34bffdd2dd88657bb7fb55f284cf0521153c917c774c543a2e903a5e5e05ff
97,Trace-Anchored Reference,Exact Shapley net value,4,116,21.65713196967893,21.65713196967893,0.0,110.07730741265186,110.07730741265186,110.07730741265186,0.0,0.0,6,4e34bffdd2dd88657bb7fb55f284cf0521153c917c774c543a2e903a5e5e05ff
97,Risk-Constrained Convex Verifier,Nodal signed linear,1,15,15.39840854694658,27.339817314669443,11.941408767722862,-0.036835993316811866,-0.036835993316344684,110.07730741265186,-4.671818487622659e-13,-110.11414340596868,6,4e34bffdd2dd88657bb7fb55f284cf0521153c917c774c543a2e903a5e5e05ff
97,Risk-Constrained Convex Verifier,Nodal signed linear,2,42,-15.435244540263392,25.162127753197638,40.59737229346103,-0.036835993316811866,-0.036835993316344684,110.07730741265186,-4.671818487622659e-13,-110.11414340596868,6,4e34bffdd2dd88657bb7fb55f284cf0521153c917c774c543a2e903a5e5e05ff
97,Risk-Constrained Convex Verifier,Nodal signed linear,3,80,0.0,35.91823037510585,35.91823037510585,-0.036835993316811866,-0.036835993316344684,110.07730741265186,-4.671818487622659e-13,-110.11414340596868,6,4e34bffdd2dd88657bb7fb55f284cf0521153c917c774c543a2e903a5e5e05ff
97,Risk-Constrained Convex Verifier,Nodal signed linear,4,116,0.0,21.65713196967893,21.65713196967893,-0.036835993316811866,-0.036835993316344684,110.07730741265186,-4.671818487622659e-13,-110.11414340596868,6,4e34bffdd2dd88657bb7fb55f284cf0521153c917c774c543a2e903a5e5e05ff
97,Risk-Constrained Convex Verifier,Standalone avoided cost,1,15,15.39840854695285,27.339817314669443,11.941408767716592,-0.03683599330543075,-0.036835993316344684,110.07730741265186,1.0913936421275139e-11,-110.1141434059573,6,4e34bffdd2dd88657bb7fb55f284cf0521153c917c774c543a2e903a5e5e05ff
97,Risk-Constrained Convex Verifier,Standalone avoided cost,2,42,-15.435244540258282,25.162127753197638,40.59737229345592,-0.03683599330543075,-0.036835993316344684,110.07730741265186,1.0913936421275139e-11,-110.1141434059573,6,4e34bffdd2dd88657bb7fb55f284cf0521153c917c774c543a2e903a5e5e05ff
97,Risk-Constrained Convex Verifier,Standalone avoided cost,3,80,0.0,35.91823037510585,35.91823037510585,-0.03683599330543075,-0.036835993316344684,110.07730741265186,1.0913936421275139e-11,-110.1141434059573,6,4e34bffdd2dd88657bb7fb55f284cf0521153c917c774c543a2e903a5e5e05ff
97,Risk-Constrained Convex Verifier,Standalone avoided cost,4,116,0.0,21.65713196967893,21.65713196967893,-0.03683599330543075,-0.036835993316344684,110.07730741265186,1.0913936421275139e-11,-110.1141434059573,6,4e34bffdd2dd88657bb7fb55f284cf0521153c917c774c543a2e903a5e5e05ff
97,Risk-Constrained Convex Verifier,Leave-one-out marginal,1,15,15.398408546941937,27.339817314669443,11.941408767727506,-0.03683599332725862,-0.036835993316344684,110.07730741265186,-1.0913936421275139e-11,-110.11414340597912,6,4e34bffdd2dd88657bb7fb55f284cf0521153c917c774c543a2e903a5e5e05ff
97,Risk-Constrained Convex Verifier,Leave-one-out marginal,2,42,-15.435244540269196,25.162127753197638,40.59737229346683,-0.03683599332725862,-0.036835993316344684,110.07730741265186,-1.0913936421275139e-11,-110.11414340597912,6,4e34bffdd2dd88657bb7fb55f284cf0521153c917c774c543a2e903a5e5e05ff
97,Risk-Constrained Convex Verifier,Leave-one-out marginal,3,80,0.0,35.91823037510585,35.91823037510585,-0.03683599332725862,-0.036835993316344684,110.07730741265186,-1.0913936421275139e-11,-110.11414340597912,6,4e34bffdd2dd88657bb7fb55f284cf0521153c917c774c543a2e903a5e5e05ff
97,Risk-Constrained Convex Verifier,Leave-one-out marginal,4,116,0.0,21.65713196967893,21.65713196967893,-0.03683599332725862,-0.036835993316344684,110.07730741265186,-1.0913936421275139e-11,-110.11414340597912,6,4e34bffdd2dd88657bb7fb55f284cf0521153c917c774c543a2e903a5e5e05ff
97,Risk-Constrained Convex Verifier,Exact Shapley net value,1,15,15.398408546947394,27.339817314669443,11.941408767722049,-0.036835993316344684,-0.036835993316344684,110.07730741265186,0.0,-110.1141434059682,6,4e34bffdd2dd88657bb7fb55f284cf0521153c917c774c543a2e903a5e5e05ff
97,Risk-Constrained Convex Verifier,Exact Shapley net value,2,42,-15.435244540263739,25.162127753197638,40.597372293461376,-0.036835993316344684,-0.036835993316344684,110.07730741265186,0.0,-110.1141434059682,6,4e34bffdd2dd88657bb7fb55f284cf0521153c917c774c543a2e903a5e5e05ff
97,Risk-Constrained Convex Verifier,Exact Shapley net value,3,80,0.0,35.91823037510585,35.91823037510585,-0.036835993316344684,-0.036835993316344684,110.07730741265186,0.0,-110.1141434059682,6,4e34bffdd2dd88657bb7fb55f284cf0521153c917c774c543a2e903a5e5e05ff
97,Risk-Constrained Convex Verifier,Exact Shapley net value,4,116,0.0,21.65713196967893,21.65713196967893,-0.036835993316344684,-0.036835993316344684,110.07730741265186,0.0,-110.1141434059682,6,4e34bffdd2dd88657bb7fb55f284cf0521153c917c774c543a2e903a5e5e05ff
98,Trace-Anchored Reference,Nodal signed linear,1,15,36.62086621203313,36.62086621202828,4.845901457883883e-12,119.95361379109782,119.9536137910909,119.9536137910909,6.920686246303376e-12,6.920686246303376e-12,6,4e34bffdd2dd88657bb7fb55f284cf0521153c917c774c543a2e903a5e5e05ff
98,Trace-Anchored Reference,Nodal signed linear,2,42,21.53636553895593,21.536365538958915,2.9842794901924208e-12,119.95361379109782,119.9536137910909,119.9536137910909,6.920686246303376e-12,6.920686246303376e-12,6,4e34bffdd2dd88657bb7fb55f284cf0521153c917c774c543a2e903a5e5e05ff
98,Trace-Anchored Reference,Nodal signed linear,3,80,27.487397740267607,27.487397740266715,8.917311333789257e-13,119.95361379109782,119.9536137910909,119.9536137910909,6.920686246303376e-12,6.920686246303376e-12,6,4e34bffdd2dd88657bb7fb55f284cf0521153c917c774c543a2e903a5e5e05ff
98,Trace-Anchored Reference,Nodal signed linear,4,116,34.30898429984116,34.30898429983699,4.163780431554187e-12,119.95361379109782,119.9536137910909,119.9536137910909,6.920686246303376e-12,6.920686246303376e-12,6,4e34bffdd2dd88657bb7fb55f284cf0521153c917c774c543a2e903a5e5e05ff
98,Trace-Anchored Reference,Standalone avoided cost,1,15,36.62086621202252,36.62086621202828,5.7625015870144125e-12,119.9536137910909,119.9536137910909,119.9536137910909,0.0,0.0,6,4e34bffdd2dd88657bb7fb55f284cf0521153c917c774c543a2e903a5e5e05ff
98,Trace-Anchored Reference,Standalone avoided cost,2,42,21.536365538962855,21.536365538958915,3.9399594697897555e-12,119.9536137910909,119.9536137910909,119.9536137910909,0.0,0.0,6,4e34bffdd2dd88657bb7fb55f284cf0521153c917c774c543a2e903a5e5e05ff
98,Trace-Anchored Reference,Standalone avoided cost,3,80,27.487397740267625,27.487397740266715,9.094947017729282e-13,119.9536137910909,119.9536137910909,119.9536137910909,0.0,0.0,6,4e34bffdd2dd88657bb7fb55f284cf0521153c917c774c543a2e903a5e5e05ff
98,Trace-Anchored Reference,Standalone avoided cost,4,116,34.3089842998379,34.30898429983699,9.094947017729282e-13,119.9536137910909,119.9536137910909,119.9536137910909,0.0,0.0,6,4e34bffdd2dd88657bb7fb55f284cf0521153c917c774c543a2e903a5e5e05ff
98,Trace-Anchored Reference,Leave-one-out marginal,1,15,36.62086621203707,36.62086621202828,8.78941364135244e-12,119.95361379110909,119.9536137910909,119.9536137910909,1.8189894035458565e-11,1.8189894035458565e-11,6,4e34bffdd2dd88657bb7fb55f284cf0521153c917c774c543a2e903a5e5e05ff
98,Trace-Anchored Reference,Leave-one-out marginal,2,42,21.536365538959217,21.536365538958915,3.019806626980426e-13,119.95361379110909,119.9536137910909,119.9536137910909,1.8189894035458565e-11,1.8189894035458565e-11,6,4e34bffdd2dd88657bb7fb55f284cf0521153c917c774c543a2e903a5e5e05ff
98,Trace-Anchored Reference,Leave-one-out marginal,3,80,27.487397740271263,27.487397740266715,4.547473508864641e-12,119.95361379110909,119.9536137910909,119.9536137910909,1.8189894035458565e-11,1.8189894035458565e-11,6,4e34bffdd2dd88657bb7fb55f284cf0521153c917c774c543a2e903a5e5e05ff
98,Trace-Anchored Reference,Leave-one-out marginal,4,116,34.30898429984154,34.30898429983699,4.547473508864641e-12,119.95361379110909,119.9536137910909,119.9536137910909,1.8189894035458565e-11,1.8189894035458565e-11,6,4e34bffdd2dd88657bb7fb55f284cf0521153c917c774c543a2e903a5e5e05ff
98,Trace-Anchored Reference,Exact Shapley net value,1,15,36.62086621202828,36.62086621202828,0.0,119.9536137910909,119.9536137910909,119.9536137910909,0.0,0.0,6,4e34bffdd2dd88657bb7fb55f284cf0521153c917c774c543a2e903a5e5e05ff
98,Trace-Anchored Reference,Exact Shapley net value,2,42,21.536365538958915,21.536365538958915,0.0,119.9536137910909,119.9536137910909,119.9536137910909,0.0,0.0,6,4e34bffdd2dd88657bb7fb55f284cf0521153c917c774c543a2e903a5e5e05ff
98,Trace-Anchored Reference,Exact Shapley net value,3,80,27.487397740266715,27.487397740266715,0.0,119.9536137910909,119.9536137910909,119.9536137910909,0.0,0.0,6,4e34bffdd2dd88657bb7fb55f284cf0521153c917c774c543a2e903a5e5e05ff
98,Trace-Anchored Reference,Exact Shapley net value,4,116,34.30898429983699,34.30898429983699,0.0,119.9536137910909,119.9536137910909,119.9536137910909,0.0,0.0,6,4e34bffdd2dd88657bb7fb55f284cf0521153c917c774c543a2e903a5e5e05ff
98,Risk-Constrained Convex Verifier,Nodal signed linear,1,15,16.12894339678727,36.62086621202828,20.49192281524101,-0.03966700832333814,-0.03966700832825154,119.9536137910909,4.913403017781093e-12,-119.99328079941424,6,4e34bffdd2dd88657bb7fb55f284cf0521153c917c774c543a2e903a5e5e05ff
98,Risk-Constrained Convex Verifier,Nodal signed linear,2,42,-16.16861040511061,21.536365538958915,37.704975944069524,-0.03966700832333814,-0.03966700832825154,119.9536137910909,4.913403017781093e-12,-119.99328079941424,6,4e34bffdd2dd88657bb7fb55f284cf0521153c917c774c543a2e903a5e5e05ff
98,Risk-Constrained Convex Verifier,Nodal signed linear,3,80,0.0,27.487397740266715,27.487397740266715,-0.03966700832333814,-0.03966700832825154,119.9536137910909,4.913403017781093e-12,-119.99328079941424,6,4e34bffdd2dd88657bb7fb55f284cf0521153c917c774c543a2e903a5e5e05ff
98,Risk-Constrained Convex Verifier,Nodal signed linear,4,116,0.0,34.30898429983699,34.30898429983699,-0.03966700832333814,-0.03966700832825154,119.9536137910909,4.913403017781093e-12,-119.99328079941424,6,4e34bffdd2dd88657bb7fb55f284cf0521153c917c774c543a2e903a5e5e05ff
98,Risk-Constrained Convex Verifier,Standalone avoided cost,1,15,16.128943396783143,36.62086621202828,20.49192281524514,-0.03966700832825154,-0.03966700832825154,119.9536137910909,0.0,-119.99328079941915,6,4e34bffdd2dd88657bb7fb55f284cf0521153c917c774c543a2e903a5e5e05ff
98,Risk-Constrained Convex Verifier,Standalone avoided cost,2,42,-16.168610405111394,21.536365538958915,37.70497594407031,-0.03966700832825154,-0.03966700832825154,119.9536137910909,0.0,-119.99328079941915,6,4e34bffdd2dd88657bb7fb55f284cf0521153c917c774c543a2e903a5e5e05ff
98,Risk-Constrained Convex Verifier,Standalone avoided cost,3,80,0.0,27.487397740266715,27.487397740266715,-0.03966700832825154,-0.03966700832825154,119.9536137910909,0.0,-119.99328079941915,6,4e34bffdd2dd88657bb7fb55f284cf0521153c917c774c543a2e903a5e5e05ff
98,Risk-Constrained Convex Verifier,Standalone avoided cost,4,116,0.0,34.30898429983699,34.30898429983699,-0.03966700832825154,-0.03966700832825154,119.9536137910909,0.0,-119.99328079941915,6,4e34bffdd2dd88657bb7fb55f284cf0521153c917c774c543a2e903a5e5e05ff
98,Risk-Constrained Convex Verifier,Leave-one-out marginal,1,15,16.128943396783143,36.62086621202828,20.49192281524514,-0.03966700832825154,-0.03966700832825154,119.9536137910909,0.0,-119.99328079941915,6,4e34bffdd2dd88657bb7fb55f284cf0521153c917c774c543a2e903a5e5e05ff
98,Risk-Constrained Convex Verifier,Leave-one-out marginal,2,42,-16.168610405111394,21.536365538958915,37.70497594407031,-0.03966700832825154,-0.03966700832825154,119.9536137910909,0.0,-119.99328079941915,6,4e34bffdd2dd88657bb7fb55f284cf0521153c917c774c543a2e903a5e5e05ff
98,Risk-Constrained Convex Verifier,Leave-one-out marginal,3,80,0.0,27.487397740266715,27.487397740266715,-0.03966700832825154,-0.03966700832825154,119.9536137910909,0.0,-119.99328079941915,6,4e34bffdd2dd88657bb7fb55f284cf0521153c917c774c543a2e903a5e5e05ff
98,Risk-Constrained Convex Verifier,Leave-one-out marginal,4,116,0.0,34.30898429983699,34.30898429983699,-0.03966700832825154,-0.03966700832825154,119.9536137910909,0.0,-119.99328079941915,6,4e34bffdd2dd88657bb7fb55f284cf0521153c917c774c543a2e903a5e5e05ff
98,Risk-Constrained Convex Verifier,Exact Shapley net value,1,15,16.128943396783143,36.62086621202828,20.49192281524514,-0.03966700832825154,-0.03966700832825154,119.9536137910909,0.0,-119.99328079941915,6,4e34bffdd2dd88657bb7fb55f284cf0521153c917c774c543a2e903a5e5e05ff
98,Risk-Constrained Convex Verifier,Exact Shapley net value,2,42,-16.168610405111394,21.536365538958915,37.70497594407031,-0.03966700832825154,-0.03966700832825154,119.9536137910909,0.0,-119.99328079941915,6,4e34bffdd2dd88657bb7fb55f284cf0521153c917c774c543a2e903a5e5e05ff
98,Risk-Constrained Convex Verifier,Exact Shapley net value,3,80,0.0,27.487397740266715,27.487397740266715,-0.03966700832825154,-0.03966700832825154,119.9536137910909,0.0,-119.99328079941915,6,4e34bffdd2dd88657bb7fb55f284cf0521153c917c774c543a2e903a5e5e05ff
98,Risk-Constrained Convex Verifier,Exact Shapley net value,4,116,0.0,34.30898429983699,34.30898429983699,-0.03966700832825154,-0.03966700832825154,119.9536137910909,0.0,-119.99328079941915,6,4e34bffdd2dd88657bb7fb55f284cf0521153c917c774c543a2e903a5e5e05ff
99,Trace-Anchored Reference,Nodal signed linear,1,15,30.369546316347282,30.369546316343982,3.3004710076056654e-12,115.52484730706732,115.524847307046,115.524847307046,2.1316282072803006e-11,2.1316282072803006e-11,6,4e34bffdd2dd88657bb7fb55f284cf0521153c917c774c543a2e903a5e5e05ff
99,Trace-Anchored Reference,Nodal signed linear,2,42,30.096197515703885,30.09619751569152,1.2363443602225743e-11,115.52484730706732,115.524847307046,115.524847307046,2.1316282072803006e-11,2.1316282072803006e-11,6,4e34bffdd2dd88657bb7fb55f284cf0521153c917c774c543a2e903a5e5e05ff
99,Trace-Anchored Reference,Nodal signed linear,3,80,25.146708130200995,25.146708130197414,3.581135388230905e-12,115.52484730706732,115.524847307046,115.524847307046,2.1316282072803006e-11,2.1316282072803006e-11,6,4e34bffdd2dd88657bb7fb55f284cf0521153c917c774c543a2e903a5e5e05ff
99,Trace-Anchored Reference,Nodal signed linear,4,116,29.912395344815156,29.91239534481307,2.085442929455894e-12,115.52484730706732,115.524847307046,115.524847307046,2.1316282072803006e-11,2.1316282072803006e-11,6,4e34bffdd2dd88657bb7fb55f284cf0521153c917c774c543a2e903a5e5e05ff
99,Trace-Anchored Reference,Standalone avoided cost,1,15,30.36954631633853,30.369546316343982,5.453415496958769e-12,115.52484730703509,115.524847307046,115.524847307046,-1.0913936421275139e-11,-1.0913936421275139e-11,6,4e34bffdd2dd88657bb7fb55f284cf0521153c917c774c543a2e903a5e5e05ff
99,Trace-Anchored Reference,Standalone avoided cost,2,42,30.09619751568607,30.09619751569152,5.4498627832799684e-12,115.52484730703509,115.524847307046,115.524847307046,-1.0913936421275139e-11,-1.0913936421275139e-11,6,4e34bffdd2dd88657bb7fb55f284cf0521153c917c774c543a2e903a5e5e05ff
99,Trace-Anchored Reference,Standalone avoided cost,3,80,25.14670813019984,25.146708130197414,2.426503442620742e-12,115.52484730703509,115.524847307046,115.524847307046,-1.0913936421275139e-11,-1.0913936421275139e-11,6,4e34bffdd2dd88657bb7fb55f284cf0521153c917c774c543a2e903a5e5e05ff
99,Trace-Anchored Reference,Standalone avoided cost,4,116,29.912395344810648,29.91239534481307,2.4229507289419416e-12,115.52484730703509,115.524847307046,115.524847307046,-1.0913936421275139e-11,-1.0913936421275139e-11,6,4e34bffdd2dd88657bb7fb55f284cf0521153c917c774c543a2e903a5e5e05ff
99,Trace-Anchored Reference,Leave-one-out marginal,1,15,30.369546316345804,30.369546316343982,1.822542117224657e-12,115.52484730703873,115.524847307046,115.524847307046,-7.275957614183426e-12,-7.275957614183426e-12,6,4e34bffdd2dd88657bb7fb55f284cf0521153c917c774c543a2e903a5e5e05ff
99,Trace-Anchored Reference,Leave-one-out marginal,2,42,30.096197515693348,30.09619751569152,1.8260948309034575e-12,115.52484730703873,115.524847307046,115.524847307046,-7.275957614183426e-12,-7.275957614183426e-12,6,4e34bffdd2dd88657bb7fb55f284cf0521153c917c774c543a2e903a5e5e05ff
99,Trace-Anchored Reference,Leave-one-out marginal,3,80,25.146708130192565,25.146708130197414,4.849454171562684e-12,115.52484730703873,115.524847307046,115.524847307046,-7.275957614183426e-12,-7.275957614183426e-12,6,4e34bffdd2dd88657bb7fb55f284cf0521153c917c774c543a2e903a5e5e05ff
99,Trace-Anchored Reference,Leave-one-out marginal,4,116,29.91239534480701,29.91239534481307,6.0609295360336546e-12,115.52484730703873,115.524847307046,115.524847307046,-7.275957614183426e-12,-7.275957614183426e-12,6,4e34bffdd2dd88657bb7fb55f284cf0521153c917c774c543a2e903a5e5e05ff
99,Trace-Anchored Reference,Exact Shapley net value,1,15,30.369546316343982,30.369546316343982,0.0,115.52484730704597,115.524847307046,115.524847307046,-2.842170943040401e-14,-2.842170943040401e-14,6,4e34bffdd2dd88657bb7fb55f284cf0521153c917c774c543a2e903a5e5e05ff
99,Trace-Anchored Reference,Exact Shapley net value,2,42,30.09619751569152,30.09619751569152,0.0,115.52484730704597,115.524847307046,115.524847307046,-2.842170943040401e-14,-2.842170943040401e-14,6,4e34bffdd2dd88657bb7fb55f284cf0521153c917c774c543a2e903a5e5e05ff
99,Trace-Anchored Reference,Exact Shapley net value,3,80,25.146708130197414,25.146708130197414,0.0,115.52484730704597,115.524847307046,115.524847307046,-2.842170943040401e-14,-2.842170943040401e-14,6,4e34bffdd2dd88657bb7fb55f284cf0521153c917c774c543a2e903a5e5e05ff
99,Trace-Anchored Reference,Exact Shapley net value,4,116,29.91239534481307,29.91239534481307,0.0,115.52484730704597,115.524847307046,115.524847307046,-2.842170943040401e-14,-2.842170943040401e-14,6,4e34bffdd2dd88657bb7fb55f284cf0521153c917c774c543a2e903a5e5e05ff
99,Risk-Constrained Convex Verifier,Nodal signed linear,1,15,15.1632110498496,30.369546316343982,15.206335266494381,-0.04683124268391481,-0.04683124270377448,115.524847307046,1.98596694644948e-11,-115.57167854972991,6,4e34bffdd2dd88657bb7fb55f284cf0521153c917c774c543a2e903a5e5e05ff
99,Risk-Constrained Convex Verifier,Nodal signed linear,2,42,-15.210042292533515,30.09619751569152,45.30623980822504,-0.04683124268391481,-0.04683124270377448,115.524847307046,1.98596694644948e-11,-115.57167854972991,6,4e34bffdd2dd88657bb7fb55f284cf0521153c917c774c543a2e903a5e5e05ff
99,Risk-Constrained Convex Verifier,Nodal signed linear,3,80,0.0,25.146708130197414,25.146708130197414,-0.04683124268391481,-0.04683124270377448,115.524847307046,1.98596694644948e-11,-115.57167854972991,6,4e34bffdd2dd88657bb7fb55f284cf0521153c917c774c543a2e903a5e5e05ff
99,Risk-Constrained Convex Verifier,Nodal signed linear,4,116,0.0,29.91239534481307,29.91239534481307,-0.04683124268391481,-0.04683124270377448,115.524847307046,1.98596694644948e-11,-115.57167854972991,6,4e34bffdd2dd88657bb7fb55f284cf0521153c917c774c543a2e903a5e5e05ff
99,Risk-Constrained Convex Verifier,Standalone avoided cost,1,15,15.163211049839447,30.369546316343982,15.206335266504535,-0.04683124270741246,-0.04683124270377448,115.524847307046,-3.637978807091713e-12,-115.57167854975341,6,4e34bffdd2dd88657bb7fb55f284cf0521153c917c774c543a2e903a5e5e05ff
99,Risk-Constrained Convex Verifier,Standalone avoided cost,2,42,-15.21004229254686,30.09619751569152,45.30623980823838,-0.04683124270741246,-0.04683124270377448,115.524847307046,-3.637978807091713e-12,-115.57167854975341,6,4e34bffdd2dd88657bb7fb55f284cf0521153c917c774c543a2e903a5e5e05ff
99,Risk-Constrained Convex Verifier,Standalone avoided cost,3,80,0.0,25.146708130197414,25.146708130197414,-0.04683124270741246,-0.04683124270377448,115.524847307046,-3.637978807091713e-12,-115.57167854975341,6,4e34bffdd2dd88657bb7fb55f284cf0521153c917c774c543a2e903a5e5e05ff
99,Risk-Constrained Convex Verifier,Standalone avoided cost,4,116,0.0,29.91239534481307,29.91239534481307,-0.04683124270741246,-0.04683124270377448,115.524847307046,-3.637978807091713e-12,-115.57167854975341,6,4e34bffdd2dd88657bb7fb55f284cf0521153c917c774c543a2e903a5e5e05ff
99,Risk-Constrained Convex Verifier,Leave-one-out marginal,1,15,15.163211049843085,30.369546316343982,15.206335266500897,-0.0468312427001365,-0.04683124270377448,115.524847307046,3.637978807091713e-12,-115.57167854974614,6,4e34bffdd2dd88657bb7fb55f284cf0521153c917c774c543a2e903a5e5e05ff
99,Risk-Constrained Convex Verifier,Leave-one-out marginal,2,42,-15.210042292543221,30.09619751569152,45.30623980823474,-0.0468312427001365,-0.04683124270377448,115.524847307046,3.637978807091713e-12,-115.57167854974614,6,4e34bffdd2dd88657bb7fb55f284cf0521153c917c774c543a2e903a5e5e05ff
99,Risk-Constrained Convex Verifier,Leave-one-out marginal,3,80,0.0,25.146708130197414,25.146708130197414,-0.0468312427001365,-0.04683124270377448,115.524847307046,3.637978807091713e-12,-115.57167854974614,6,4e34bffdd2dd88657bb7fb55f284cf0521153c917c774c543a2e903a5e5e05ff
99,Risk-Constrained Convex Verifier,Leave-one-out marginal,4,116,0.0,29.91239534481307,29.91239534481307,-0.0468312427001365,-0.04683124270377448,115.524847307046,3.637978807091713e-12,-115.57167854974614,6,4e34bffdd2dd88657bb7fb55f284cf0521153c917c774c543a2e903a5e5e05ff
99,Risk-Constrained Convex Verifier,Exact Shapley net value,1,15,15.163211049841266,30.369546316343982,15.206335266502716,-0.04683124270377448,-0.04683124270377448,115.524847307046,0.0,-115.57167854974978,6,4e34bffdd2dd88657bb7fb55f284cf0521153c917c774c543a2e903a5e5e05ff
99,Risk-Constrained Convex Verifier,Exact Shapley net value,2,42,-15.21004229254504,30.09619751569152,45.30623980823656,-0.04683124270377448,-0.04683124270377448,115.524847307046,0.0,-115.57167854974978,6,4e34bffdd2dd88657bb7fb55f284cf0521153c917c774c543a2e903a5e5e05ff
99,Risk-Constrained Convex Verifier,Exact Shapley net value,3,80,0.0,25.146708130197414,25.146708130197414,-0.04683124270377448,-0.04683124270377448,115.524847307046,0.0,-115.57167854974978,6,4e34bffdd2dd88657bb7fb55f284cf0521153c917c774c543a2e903a5e5e05ff
99,Risk-Constrained Convex Verifier,Exact Shapley net value,4,116,0.0,29.91239534481307,29.91239534481307,-0.04683124270377448,-0.04683124270377448,115.524847307046,0.0,-115.57167854974978,6,4e34bffdd2dd88657bb7fb55f284cf0521153c917c774c543a2e903a5e5e05ff
100,Trace-Anchored Reference,Nodal signed linear,1,15,69.32501862065023,69.3250186206463,3.922195901395753e-12,256.74284920389255,256.742849203878,256.742849203878,1.4551915228366852e-11,1.4551915228366852e-11,6,4e34bffdd2dd88657bb7fb55f284cf0521153c917c774c543a2e903a5e5e05ff
100,Trace-Anchored Reference,Nodal signed linear,2,42,70.40973779975897,70.4097377997444,1.4566126083082054e-11,256.74284920389255,256.742849203878,256.742849203878,1.4551915228366852e-11,1.4551915228366852e-11,6,4e34bffdd2dd88657bb7fb55f284cf0521153c917c774c543a2e903a5e5e05ff
100,Trace-Anchored Reference,Nodal signed linear,3,80,50.62764696999462,50.62764696999723,2.6076918402395677e-12,256.74284920389255,256.742849203878,256.742849203878,1.4551915228366852e-11,1.4551915228366852e-11,6,4e34bffdd2dd88657bb7fb55f284cf0521153c917c774c543a2e903a5e5e05ff
100,Trace-Anchored Reference,Nodal signed linear,4,116,66.3804458134887,66.38044581349003,1.3216094885137863e-12,256.74284920389255,256.742849203878,256.742849203878,1.4551915228366852e-11,1.4551915228366852e-11,6,4e34bffdd2dd88657bb7fb55f284cf0521153c917c774c543a2e903a5e5e05ff
100,Trace-Anchored Reference,Standalone avoided cost,1,15,69.32501862064237,69.3250186206463,3.936406756110955e-12,256.7428492038489,256.742849203878,256.742849203878,-2.9103830456733704e-11,-2.9103830456733704e-11,6,4e34bffdd2dd88657bb7fb55f284cf0521153c917c774c543a2e903a5e5e05ff
100,Trace-Anchored Reference,Standalone avoided cost,2,42,70.40973779972774,70.4097377997444,1.666933258093195e-11,256.7428492038489,256.742849203878,256.742849203878,-2.9103830456733704e-11,-2.9103830456733704e-11,6,4e34bffdd2dd88657bb7fb55f284cf0521153c917c774c543a2e903a5e5e05ff
100,Trace-Anchored Reference,Standalone avoided cost,3,80,50.627646969987836,50.62764696999723,9.393374966748524e-12,256.7428492038489,256.742849203878,256.742849203878,-2.9103830456733704e-11,-2.9103830456733704e-11,6,4e34bffdd2dd88657bb7fb55f284cf0521153c917c774c543a2e903a5e5e05ff
100,Trace-Anchored Reference,Standalone avoided cost,4,116,66.38044581349095,66.38044581349003,9.237055564881302e-13,256.7428492038489,256.742849203878,256.742849203878,-2.9103830456733704e-11,-2.9103830456733704e-11,6,4e34bffdd2dd88657bb7fb55f284cf0521153c917c774c543a2e903a5e5e05ff
100,Trace-Anchored Reference,Leave-one-out marginal,1,15,69.32501862064237,69.3250186206463,3.936406756110955e-12,256.74284920388163,256.742849203878,256.742849203878,3.637978807091713e-12,3.637978807091713e-12,6,4e34bffdd2dd88657bb7fb55f284cf0521153c917c774c543a2e903a5e5e05ff
100,Trace-Anchored Reference,Leave-one-out marginal,2,42,70.40973779975684,70.4097377997444,1.2434497875801753e-11,256.74284920388163,256.742849203878,256.742849203878,3.637978807091713e-12,3.637978807091713e-12,6,4e34bffdd2dd88657bb7fb55f284cf0521153c917c774c543a2e903a5e5e05ff
100,Trace-Anchored Reference,Leave-one-out marginal,3,80,50.62764696999511,50.62764696999723,2.1174173525650986e-12,256.74284920388163,256.742849203878,256.742849203878,3.637978807091713e-12,3.637978807091713e-12,6,4e34bffdd2dd88657bb7fb55f284cf0521153c917c774c543a2e903a5e5e05ff
100,Trace-Anchored Reference,Leave-one-out marginal,4,116,66.38044581348731,66.38044581349003,2.7142732506035827e-12,256.74284920388163,256.742849203878,256.742849203878,3.637978807091713e-12,3.637978807091713e-12,6,4e34bffdd2dd88657bb7fb55f284cf0521153c917c774c543a2e903a5e5e05ff
100,Trace-Anchored Reference,Exact Shapley net value,1,15,69.3250186206463,69.3250186206463,0.0,256.742849203878,256.742849203878,256.742849203878,0.0,0.0,6,4e34bffdd2dd88657bb7fb55f284cf0521153c917c774c543a2e903a5e5e05ff
100,Trace-Anchored Reference,Exact Shapley net value,2,42,70.4097377997444,70.4097377997444,0.0,256.742849203878,256.742849203878,256.742849203878,0.0,0.0,6,4e34bffdd2dd88657bb7fb55f284cf0521153c917c774c543a2e903a5e5e05ff
100,Trace-Anchored Reference,Exact Shapley net value,3,80,50.62764696999723,50.62764696999723,0.0,256.742849203878,256.742849203878,256.742849203878,0.0,0.0,6,4e34bffdd2dd88657bb7fb55f284cf0521153c917c774c543a2e903a5e5e05ff
100,Trace-Anchored Reference,Exact Shapley net value,4,116,66.38044581349003,66.38044581349003,0.0,256.742849203878,256.742849203878,256.742849203878,0.0,0.0,6,4e34bffdd2dd88657bb7fb55f284cf0521153c917c774c543a2e903a5e5e05ff
100,Risk-Constrained Convex Verifier,Nodal signed linear,1,15,0.5772273334916049,69.3250186206463,68.7477912871547,-0.0019321089999293495,-0.0019321089966979343,256.742849203878,-3.2314151354739806e-12,-256.74478131287793,6,4e34bffdd2dd88657bb7fb55f284cf0521153c917c774c543a2e903a5e5e05ff
100,Risk-Constrained Convex Verifier,Nodal signed linear,2,42,-0.5791594424915343,70.4097377997444,70.98889724223594,-0.0019321089999293495,-0.0019321089966979343,256.742849203878,-3.2314151354739806e-12,-256.74478131287793,6,4e34bffdd2dd88657bb7fb55f284cf0521153c917c774c543a2e903a5e5e05ff
100,Risk-Constrained Convex Verifier,Nodal signed linear,3,80,0.0,50.62764696999723,50.62764696999723,-0.0019321089999293495,-0.0019321089966979343,256.742849203878,-3.2314151354739806e-12,-256.74478131287793,6,4e34bffdd2dd88657bb7fb55f284cf0521153c917c774c543a2e903a5e5e05ff
100,Risk-Constrained Convex Verifier,Nodal signed linear,4,116,0.0,66.38044581349003,66.38044581349003,-0.0019321089999293495,-0.0019321089966979343,256.742849203878,-3.2314151354739806e-12,-256.74478131287793,6,4e34bffdd2dd88657bb7fb55f284cf0521153c917c774c543a2e903a5e5e05ff
100,Risk-Constrained Convex Verifier,Standalone avoided cost,1,15,0.5772273334951024,69.3250186206463,68.7477912871512,-0.0019321089966979343,-0.0019321089966979343,256.742849203878,0.0,-256.7447813128747,6,4e34bffdd2dd88657bb7fb55f284cf0521153c917c774c543a2e903a5e5e05ff
100,Risk-Constrained Convex Verifier,Standalone avoided cost,2,42,-0.5791594424918003,70.4097377997444,70.9888972422362,-0.0019321089966979343,-0.0019321089966979343,256.742849203878,0.0,-256.7447813128747,6,4e34bffdd2dd88657bb7fb55f284cf0521153c917c774c543a2e903a5e5e05ff
100,Risk-Constrained Convex Verifier,Standalone avoided cost,3,80,0.0,50.62764696999723,50.62764696999723,-0.0019321089966979343,-0.0019321089966979343,256.742849203878,0.0,-256.7447813128747,6,4e34bffdd2dd88657bb7fb55f284cf0521153c917c774c543a2e903a5e5e05ff
100,Risk-Constrained Convex Verifier,Standalone avoided cost,4,116,0.0,66.38044581349003,66.38044581349003,-0.0019321089966979343,-0.0019321089966979343,256.742849203878,0.0,-256.7447813128747,6,4e34bffdd2dd88657bb7fb55f284cf0521153c917c774c543a2e903a5e5e05ff
100,Risk-Constrained Convex Verifier,Leave-one-out marginal,1,15,0.5772273334951024,69.3250186206463,68.7477912871512,-0.0019321089966979343,-0.0019321089966979343,256.742849203878,0.0,-256.7447813128747,6,4e34bffdd2dd88657bb7fb55f284cf0521153c917c774c543a2e903a5e5e05ff
100,Risk-Constrained Convex Verifier,Leave-one-out marginal,2,42,-0.5791594424918003,70.4097377997444,70.9888972422362,-0.0019321089966979343,-0.0019321089966979343,256.742849203878,0.0,-256.7447813128747,6,4e34bffdd2dd88657bb7fb55f284cf0521153c917c774c543a2e903a5e5e05ff
100,Risk-Constrained Convex Verifier,Leave-one-out marginal,3,80,0.0,50.62764696999723,50.62764696999723,-0.0019321089966979343,-0.0019321089966979343,256.742849203878,0.0,-256.7447813128747,6,4e34bffdd2dd88657bb7fb55f284cf0521153c917c774c543a2e903a5e5e05ff
100,Risk-Constrained Convex Verifier,Leave-one-out marginal,4,116,0.0,66.38044581349003,66.38044581349003,-0.0019321089966979343,-0.0019321089966979343,256.742849203878,0.0,-256.7447813128747,6,4e34bffdd2dd88657bb7fb55f284cf0521153c917c774c543a2e903a5e5e05ff
100,Risk-Constrained Convex Verifier,Exact Shapley net value,1,15,0.5772273334951024,69.3250186206463,68.7477912871512,-0.0019321089966979343,-0.0019321089966979343,256.742849203878,0.0,-256.7447813128747,6,4e34bffdd2dd88657bb7fb55f284cf0521153c917c774c543a2e903a5e5e05ff
100,Risk-Constrained Convex Verifier,Exact Shapley net value,2,42,-0.5791594424918003,70.4097377997444,70.9888972422362,-0.0019321089966979343,-0.0019321089966979343,256.742849203878,0.0,-256.7447813128747,6,4e34bffdd2dd88657bb7fb55f284cf0521153c917c774c543a2e903a5e5e05ff
100,Risk-Constrained Convex Verifier,Exact Shapley net value,3,80,0.0,50.62764696999723,50.62764696999723,-0.0019321089966979343,-0.0019321089966979343,256.742849203878,0.0,-256.7447813128747,6,4e34bffdd2dd88657bb7fb55f284cf0521153c917c774c543a2e903a5e5e05ff
100,Risk-Constrained Convex Verifier,Exact Shapley net value,4,116,0.0,66.38044581349003,66.38044581349003,-0.0019321089966979343,-0.0019321089966979343,256.742849203878,0.0,-256.7447813128747,6,4e34bffdd2dd88657bb7fb55f284cf0521153c917c774c543a2e903a5e5e05ff
101,Trace-Anchored Reference,Nodal signed linear,1,15,482.17764396849503,485.3146590779355,3.1370151094404832,-171.0182931071825,-230.61019638376456,-230.61019638376467,59.59190327658206,59.59190327658217,6,4e34bffdd2dd88657bb7fb55f284cf0521153c917c774c543a2e903a5e5e05ff
101,Trace-Anchored Reference,Nodal signed linear,2,42,-685.3668343073356,-742.4328885941202,57.066054286784606,-171.0182931071825,-230.61019638376456,-230.61019638376467,59.59190327658206,59.59190327658217,6,4e34bffdd2dd88657bb7fb55f284cf0521153c917c774c543a2e903a5e5e05ff
101,Trace-Anchored Reference,Nodal signed linear,3,80,-77.97297487319632,-82.031334369179,4.058359495982685,-171.0182931071825,-230.61019638376456,-230.61019638376467,59.59190327658206,59.59190327658217,6,4e34bffdd2dd88657bb7fb55f284cf0521153c917c774c543a2e903a5e5e05ff
101,Trace-Anchored Reference,Nodal signed linear,4,116,110.14387210485438,108.53936750159906,1.6045046032553216,-171.0182931071825,-230.61019638376456,-230.61019638376467,59.59190327658206,59.59190327658217,6,4e34bffdd2dd88657bb7fb55f284cf0521153c917c774c543a2e903a5e5e05ff
101,Trace-Anchored Reference,Standalone avoided cost,1,15,482.17764396850544,485.3146590779355,3.137015109430081,-226.3896329229101,-230.61019638376456,-230.61019638376467,4.220563460854464,4.220563460854578,6,4e34bffdd2dd88657bb7fb55f284cf0521153c917c774c543a2e903a5e5e05ff
101,Trace-Anchored Reference,Standalone avoided cost,2,42,-740.7381741230784,-742.4328885941202,1.6947144710418343,-226.3896329229101,-230.61019638376456,-230.61019638376467,4.220563460854464,4.220563460854578,6,4e34bffdd2dd88657bb7fb55f284cf0521153c917c774c543a2e903a5e5e05ff
101,Trace-Anchored Reference,Standalone avoided cost,3,80,-77.9729748731952,-82.031334369179,4.058359495983808,-226.3896329229101,-230.61019638376456,-230.61019638376467,4.220563460854464,4.220563460854578,6,4e34bffdd2dd88657bb7fb55f284cf0521153c917c774c543a2e903a5e5e05ff
101,Trace-Anchored Reference,Standalone avoided cost,4,116,110.14387210485802,108.53936750159906,1.6045046032589596,-226.3896329229101,-230.61019638376456,-230.61019638376467,4.220563460854464,4.220563460854578,6,4e34bffdd2dd88657bb7fb55f284cf0521153c917c774c543a2e903a5e5e05ff
101,Trace-Anchored Reference,Leave-one-out marginal,1,15,487.6205396686055,485.3146590779355,2.3058805906699718,-237.32416340089912,-230.61019638376456,-230.61019638376467,-6.713967017134564,-6.7139670171344505,6,4e34bffdd2dd88657bb7fb55f284cf0521153c917c774c543a2e903a5e5e05ff
101,Trace-Anchored Reference,Leave-one-out marginal,2,42,-744.9587375839219,-742.4328885941202,2.525848989801716,-237.32416340089912,-230.61019638376456,-230.61019638376467,-6.713967017134564,-6.7139670171344505,6,4e34bffdd2dd88657bb7fb55f284cf0521153c917c774c543a2e903a5e5e05ff
101,Trace-Anchored Reference,Leave-one-out marginal,3,80,-86.47814820577332,-82.031334369179,4.446813836594316,-237.32416340089912,-230.61019638376456,-230.61019638376467,-6.713967017134564,-6.7139670171344505,6,4e34bffdd2dd88657bb7fb55f284cf0521153c917c774c543a2e903a5e5e05ff
101,Trace-Anchored Reference,Leave-one-out marginal,4,116,106.49218272019061,108.53936750159906,2.047184781408447,-237.32416340089912,-230.61019638376456,-230.61019638376467,-6.713967017134564,-6.7139670171344505,6,4e34bffdd2dd88657bb7fb55f284cf0521153c917c774c543a2e903a5e5e05ff
101,Trace-Anchored Reference,Exact Shapley net value,1,15,485.3146590779355,485.3146590779355,0.0,-230.61019638376465,-230.61019638376456,-230.61019638376467,-8.526512829121202e-14,2.842170943040401e-14,6,4e34bffdd2dd88657bb7fb55f284cf0521153c917c774c543a2e903a5e5e05ff
101,Trace-Anchored Reference,Exact Shapley net value,2,42,-742.4328885941202,-742.4328885941202,0.0,-230.61019638376465,-230.61019638376456,-230.61019638376467,-8.526512829121202e-14,2.842170943040401e-14,6,4e34bffdd2dd88657bb7fb55f284cf0521153c917c774c543a2e903a5e5e05ff
101,Trace-Anchored Reference,Exact Shapley net value,3,80,-82.031334369179,-82.031334369179,0.0,-230.61019638376465,-230.61019638376456,-230.61019638376467,-8.526512829121202e-14,2.842170943040401e-14,6,4e34bffdd2dd88657bb7fb55f284cf0521153c917c774c543a2e903a5e5e05ff
101,Trace-Anchored Reference,Exact Shapley net value,4,116,108.53936750159906,108.53936750159906,0.0,-230.61019638376465,-230.61019638376456,-230.61019638376467,-8.526512829121202e-14,2.842170943040401e-14,6,4e34bffdd2dd88657bb7fb55f284cf0521153c917c774c543a2e903a5e5e05ff
101,Risk-Constrained Convex Verifier,Nodal signed linear,1,15,687.0702081874916,485.3146590779355,201.7555491095561,69.69402436690811,67.88553331272124,-230.61019638376467,1.8084910541868737,300.3042207506728,6,4e34bffdd2dd88657bb7fb55f284cf0521153c917c774c543a2e903a5e5e05ff
101,Risk-Constrained Convex Verifier,Nodal signed linear,2,42,-648.8157766116369,-742.4328885941202,93.61711198248327,69.69402436690811,67.88553331272124,-230.61019638376467,1.8084910541868737,300.3042207506728,6,4e34bffdd2dd88657bb7fb55f284cf0521153c917c774c543a2e903a5e5e05ff
101,Risk-Constrained Convex Verifier,Nodal signed linear,3,80,10.032493258242063,-82.031334369179,92.06382762742106,69.69402436690811,67.88553331272124,-230.61019638376467,1.8084910541868737,300.3042207506728,6,4e34bffdd2dd88657bb7fb55f284cf0521153c917c774c543a2e903a5e5e05ff
101,Risk-Constrained Convex Verifier,Nodal signed linear,4,116,21.407099532811333,108.53936750159906,87.13226796878773,69.69402436690811,67.88553331272124,-230.61019638376467,1.8084910541868737,300.3042207506728,6,4e34bffdd2dd88657bb7fb55f284cf0521153c917c774c543a2e903a5e5e05ff
101,Risk-Constrained Convex Verifier,Standalone avoided cost,1,15,667.2905668110179,485.3146590779355,181.9759077330824,49.914382990435115,67.88553331272124,-230.61019638376467,-17.97115032228612,280.5245793741998,6,4e34bffdd2dd88657bb7fb55f284cf0521153c917c774c543a2e903a5e5e05ff
101,Risk-Constrained Convex Verifier,Standalone avoided cost,2,42,-648.8157766116419,-742.4328885941202,93.61711198247826,49.914382990435115,67.88553331272124,-230.61019638376467,-17.97115032228612,280.5245793741998,6,4e34bffdd2dd88657bb7fb55f284cf0521153c917c774c543a2e903a5e5e05ff
101,Risk-Constrained Convex Verifier,Standalone avoided cost,3,80,10.032493258247996,-82.031334369179,92.063827627427,49.914382990435115,67.88553331272124,-230.61019638376467,-17.97115032228612,280.5245793741998,6,4e34bffdd2dd88657bb7fb55f284cf0521153c917c774c543a2e903a5e5e05ff
101,Risk-Constrained Convex Verifier,Standalone avoided cost,4,116,21.407099532811117,108.53936750159906,87.13226796878794,49.914382990435115,67.88553331272124,-230.61019638376467,-17.97115032228612,280.5245793741998,6,4e34bffdd2dd88657bb7fb55f284cf0521153c917c774c543a2e903a5e5e05ff
101,Risk-Constrained Convex Verifier,Leave-one-out marginal,1,15,685.261717133315,485.3146590779355,199.94705805537944,82.68122008394857,67.88553331272124,-230.61019638376467,14.795686771227338,313.29141646771325,6,4e34bffdd2dd88657bb7fb55f284cf0521153c917c774c543a2e903a5e5e05ff
101,Risk-Constrained Convex Verifier,Leave-one-out marginal,2,42,-633.3044118229809,-742.4328885941202,109.12847677113928,82.68122008394857,67.88553331272124,-230.61019638376467,14.795686771227338,313.29141646771325,6,4e34bffdd2dd88657bb7fb55f284cf0521153c917c774c543a2e903a5e5e05ff
101,Risk-Constrained Convex Verifier,Leave-one-out marginal,3,80,9.793361349398765,-82.031334369179,91.82469571857777,82.68122008394857,67.88553331272124,-230.61019638376467,14.795686771227338,313.29141646771325,6,4e34bffdd2dd88657bb7fb55f284cf0521153c917c774c543a2e903a5e5e05ff
101,Risk-Constrained Convex Verifier,Leave-one-out marginal,4,116,20.93055342421576,108.53936750159906,87.6088140773833,82.68122008394857,67.88553331272124,-230.61019638376467,14.795686771227338,313.29141646771325,6,4e34bffdd2dd88657bb7fb55f284cf0521153c917c774c543a2e903a5e5e05ff
101,Risk-Constrained Convex Verifier,Exact Shapley net value,1,15,676.825313556415,485.3146590779355,191.51065447847952,67.88553331272115,67.88553331272124,-230.61019638376467,-8.526512829121202e-14,298.4957296964858,6,4e34bffdd2dd88657bb7fb55f284cf0521153c917c774c543a2e903a5e5e05ff
101,Risk-Constrained Convex Verifier,Exact Shapley net value,2,42,-640.5507779512047,-742.4328885941202,101.88211064291545,67.88553331272115,67.88553331272124,-230.61019638376467,-8.526512829121202e-14,298.4957296964858,6,4e34bffdd2dd88657bb7fb55f284cf0521153c917c774c543a2e903a5e5e05ff
101,Risk-Constrained Convex Verifier,Exact Shapley net value,3,80,10.091479291701939,-82.031334369179,92.12281366088095,67.88553331272115,67.88553331272124,-230.61019638376467,-8.526512829121202e-14,298.4957296964858,6,4e34bffdd2dd88657bb7fb55f284cf0521153c917c774c543a2e903a5e5e05ff
101,Risk-Constrained Convex Verifier,Exact Shapley net value,4,116,21.519518415808914,108.53936750159906,87.01984908579014,67.88553331272115,67.88553331272124,-230.61019638376467,-8.526512829121202e-14,298.4957296964858,6,4e34bffdd2dd88657bb7fb55f284cf0521153c917c774c543a2e903a5e5e05ff
102,Trace-Anchored Reference,Nodal signed linear,1,15,70.11586316746376,70.29869495948483,0.18283179202107647,-255.71550087874536,-263.5864564561525,-263.5864564561525,7.870955577407159,7.870955577407159,6,4e34bffdd2dd88657bb7fb55f284cf0521153c917c774c543a2e903a5e5e05ff
102,Trace-Anchored Reference,Nodal signed linear,2,42,-231.86900678325014,-238.19493889089034,6.325932107640199,-255.71550087874536,-263.5864564561525,-263.5864564561525,7.870955577407159,7.870955577407159,6,4e34bffdd2dd88657bb7fb55f284cf0521153c917c774c543a2e903a5e5e05ff
102,Trace-Anchored Reference,Nodal signed linear,3,80,-101.78141958060526,-103.01426364813206,1.2328440675267984,-255.71550087874536,-263.5864564561525,-263.5864564561525,7.870955577407159,7.870955577407159,6,4e34bffdd2dd88657bb7fb55f284cf0521153c917c774c543a2e903a5e5e05ff
102,Trace-Anchored Reference,Nodal signed linear,4,116,7.819062317646257,7.324051123384976,0.4950111942612807,-255.71550087874536,-263.5864564561525,-263.5864564561525,7.870955577407159,7.870955577407159,6,4e34bffdd2dd88657bb7fb55f284cf0521153c917c774c543a2e903a5e5e05ff
102,Trace-Anchored Reference,Standalone avoided cost,1,15,70.11586316746252,70.29869495948483,0.1828317920223128,-262.14492947308827,-263.5864564561525,-263.5864564561525,1.44152698306425,1.44152698306425,6,4e34bffdd2dd88657bb7fb55f284cf0521153c917c774c543a2e903a5e5e05ff
102,Trace-Anchored Reference,Standalone avoided cost,2,42,-237.6302651004844,-238.19493889089034,0.5646737904059478,-262.14492947308827,-263.5864564561525,-263.5864564561525,1.44152698306425,1.44152698306425,6,4e34bffdd2dd88657bb7fb55f284cf0521153c917c774c543a2e903a5e5e05ff
102,Trace-Anchored Reference,Standalone avoided cost,3,80,-102.44958985772246,-103.01426364813206,0.5646737904096,-262.14492947308827,-263.5864564561525,-263.5864564561525,1.44152698306425,1.44152698306425,6,4e34bffdd2dd88657bb7fb55f284cf0521153c917c774c543a2e903a5e5e05ff
102,Trace-Anchored Reference,Standalone avoided cost,4,116,7.819062317656062,7.324051123384976,0.4950111942710862,-262.14492947308827,-263.5864564561525,-263.5864564561525,1.44152698306425,1.44152698306425,6,4e34bffdd2dd88657bb7fb55f284cf0521153c917c774c543a2e903a5e5e05ff
102,Trace-Anchored Reference,Leave-one-out marginal,1,15,70.39011085550737,70.29869495948483,0.0914158960225393,-264.55971433580635,-263.5864564561525,-263.5864564561525,-0.9732578796538291,-0.9732578796538291,6,4e34bffdd2dd88657bb7fb55f284cf0521153c917c774c543a2e903a5e5e05ff
102,Trace-Anchored Reference,Leave-one-out marginal,2,42,-238.6035229801637,-238.19493889089034,0.4085840892733472,-264.55971433580635,-263.5864564561525,-263.5864564561525,-0.9732578796538291,-0.9732578796538291,6,4e34bffdd2dd88657bb7fb55f284cf0521153c917c774c543a2e903a5e5e05ff
102,Trace-Anchored Reference,Leave-one-out marginal,3,80,-103.42284773740903,-103.01426364813206,0.408584089276971,-264.55971433580635,-263.5864564561525,-263.5864564561525,-0.9732578796538291,-0.9732578796538291,6,4e34bffdd2dd88657bb7fb55f284cf0521153c917c774c543a2e903a5e5e05ff
102,Trace-Anchored Reference,Leave-one-out marginal,4,116,7.076545526258997,7.324051123384976,0.2475055971259792,-264.55971433580635,-263.5864564561525,-263.5864564561525,-0.9732578796538291,-0.9732578796538291,6,4e34bffdd2dd88657bb7fb55f284cf0521153c917c774c543a2e903a5e5e05ff
102,Trace-Anchored Reference,Exact Shapley net value,1,15,70.29869495948483,70.29869495948483,0.0,-263.58645645615263,-263.5864564561525,-263.5864564561525,-1.1368683772161603e-13,-1.1368683772161603e-13,6,4e34bffdd2dd88657bb7fb55f284cf0521153c917c774c543a2e903a5e5e05ff
102,Trace-Anchored Reference,Exact Shapley net value,2,42,-238.19493889089034,-238.19493889089034,0.0,-263.58645645615263,-263.5864564561525,-263.5864564561525,-1.1368683772161603e-13,-1.1368683772161603e-13,6,4e34bffdd2dd88657bb7fb55f284cf0521153c917c774c543a2e903a5e5e05ff
102,Trace-Anchored Reference,Exact Shapley net value,3,80,-103.01426364813206,-103.01426364813206,0.0,-263.58645645615263,-263.5864564561525,-263.5864564561525,-1.1368683772161603e-13,-1.1368683772161603e-13,6,4e34bffdd2dd88657bb7fb55f284cf0521153c917c774c543a2e903a5e5e05ff
102,Trace-Anchored Reference,Exact Shapley net value,4,116,7.324051123384976,7.324051123384976,0.0,-263.58645645615263,-263.5864564561525,-263.5864564561525,-1.1368683772161603e-13,-1.1368683772161603e-13,6,4e34bffdd2dd88657bb7fb55f284cf0521153c917c774c543a2e903a5e5e05ff
102,Risk-Constrained Convex Verifier,Nodal signed linear,1,15,184.20974012266998,70.29869495948483,113.91104516318515,8.805484215428386,8.805484215430624,-263.5864564561525,-2.2382096176443156e-12,272.3919406715809,6,4e34bffdd2dd88657bb7fb55f284cf0521153c917c774c543a2e903a5e5e05ff
102,Risk-Constrained Convex Verifier,Nodal signed linear,2,42,-124.45795235874786,-238.19493889089034,113.73698653214248,8.805484215428386,8.805484215430624,-263.5864564561525,-2.2382096176443156e-12,272.3919406715809,6,4e34bffdd2dd88657bb7fb55f284cf0521153c917c774c543a2e903a5e5e05ff
102,Risk-Constrained Convex Verifier,Nodal signed linear,3,80,-31.021658443967677,-103.01426364813206,71.99260520416438,8.805484215428386,8.805484215430624,-263.5864564561525,-2.2382096176443156e-12,272.3919406715809,6,4e34bffdd2dd88657bb7fb55f284cf0521153c917c774c543a2e903a5e5e05ff
102,Risk-Constrained Convex Verifier,Nodal signed linear,4,116,-19.92464510452606,7.324051123384976,27.248696227911037,8.805484215428386,8.805484215430624,-263.5864564561525,-2.2382096176443156e-12,272.3919406715809,6,4e34bffdd2dd88657bb7fb55f284cf0521153c917c774c543a2e903a5e5e05ff
102,Risk-Constrained Convex Verifier,Standalone avoided cost,1,15,184.20974012267106,70.29869495948483,113.91104516318623,8.805484215430624,8.805484215430624,-263.5864564561525,0.0,272.39194067158314,6,4e34bffdd2dd88657bb7fb55f284cf0521153c917c774c543a2e903a5e5e05ff
102,Risk-Constrained Convex Verifier,Standalone avoided cost,2,42,-124.45795235874903,-238.19493889089034,113.73698653214132,8.805484215430624,8.805484215430624,-263.5864564561525,0.0,272.39194067158314,6,4e34bffdd2dd88657bb7fb55f284cf0521153c917c774c543a2e903a5e5e05ff
102,Risk-Constrained Convex Verifier,Standalone avoided cost,3,80,-31.021658443965862,-103.01426364813206,71.9926052041662,8.805484215430624,8.805484215430624,-263.5864564561525,0.0,272.39194067158314,6,4e34bffdd2dd88657bb7fb55f284cf0521153c917c774c543a2e903a5e5e05ff
102,Risk-Constrained Convex Verifier,Standalone avoided cost,4,116,-19.924645104525553,7.324051123384976,27.24869622791053,8.805484215430624,8.805484215430624,-263.5864564561525,0.0,272.39194067158314,6,4e34bffdd2dd88657bb7fb55f284cf0521153c917c774c543a2e903a5e5e05ff
102,Risk-Constrained Convex Verifier,Leave-one-out marginal,1,15,184.20974012266743,70.29869495948483,113.91104516318259,8.805484215423348,8.805484215430624,-263.5864564561525,-7.275957614183426e-12,272.39194067157587,6,4e34bffdd2dd88657bb7fb55f284cf0521153c917c774c543a2e903a5e5e05ff
102,Risk-Constrained Convex Verifier,Leave-one-out marginal,2,42,-124.45795235874903,-238.19493889089034,113.73698653214132,8.805484215423348,8.805484215430624,-263.5864564561525,-7.275957614183426e-12,272.39194067157587,6,4e34bffdd2dd88657bb7fb55f284cf0521153c917c774c543a2e903a5e5e05ff
102,Risk-Constrained Convex Verifier,Leave-one-out marginal,3,80,-31.0216584439695,-103.01426364813206,71.99260520416256,8.805484215423348,8.805484215430624,-263.5864564561525,-7.275957614183426e-12,272.39194067157587,6,4e34bffdd2dd88657bb7fb55f284cf0521153c917c774c543a2e903a5e5e05ff
102,Risk-Constrained Convex Verifier,Leave-one-out marginal,4,116,-19.924645104525553,7.324051123384976,27.24869622791053,8.805484215423348,8.805484215430624,-263.5864564561525,-7.275957614183426e-12,272.39194067157587,6,4e34bffdd2dd88657bb7fb55f284cf0521153c917c774c543a2e903a5e5e05ff
102,Risk-Constrained Convex Verifier,Exact Shapley net value,1,15,184.20974012267015,70.29869495948483,113.91104516318532,8.805484215430624,8.805484215430624,-263.5864564561525,0.0,272.39194067158314,6,4e34bffdd2dd88657bb7fb55f284cf0521153c917c774c543a2e903a5e5e05ff
102,Risk-Constrained Convex Verifier,Exact Shapley net value,2,42,-124.45795235874812,-238.19493889089034,113.73698653214223,8.805484215430624,8.805484215430624,-263.5864564561525,0.0,272.39194067158314,6,4e34bffdd2dd88657bb7fb55f284cf0521153c917c774c543a2e903a5e5e05ff
102,Risk-Constrained Convex Verifier,Exact Shapley net value,3,80,-31.021658443967375,-103.01426364813206,71.99260520416468,8.805484215430624,8.805484215430624,-263.5864564561525,0.0,272.39194067158314,6,4e34bffdd2dd88657bb7fb55f284cf0521153c917c774c543a2e903a5e5e05ff
102,Risk-Constrained Convex Verifier,Exact Shapley net value,4,116,-19.92464510452404,7.324051123384976,27.248696227909015,8.805484215430624,8.805484215430624,-263.5864564561525,0.0,272.39194067158314,6,4e34bffdd2dd88657bb7fb55f284cf0521153c917c774c543a2e903a5e5e05ff
103,Trace-Anchored Reference,Nodal signed linear,1,15,130.18944743550819,130.38614840958869,0.1967009740804997,175.9040566046691,171.5911012746801,171.5911012746801,4.312955329988995,4.312955329988995,6,4e34bffdd2dd88657bb7fb55f284cf0521153c917c774c543a2e903a5e5e05ff
103,Trace-Anchored Reference,Nodal signed linear,2,42,64.21779108661008,62.58270975193165,1.635081334678425,175.9040566046691,171.5911012746801,171.5911012746801,4.312955329988995,4.312955329988995,6,4e34bffdd2dd88657bb7fb55f284cf0521153c917c774c543a2e903a5e5e05ff
103,Trace-Anchored Reference,Nodal signed linear,3,80,-167.53994381084792,-169.95175048136963,2.411806670521713,175.9040566046691,171.5911012746801,171.5911012746801,4.312955329988995,4.312955329988995,6,4e34bffdd2dd88657bb7fb55f284cf0521153c917c774c543a2e903a5e5e05ff
103,Trace-Anchored Reference,Nodal signed linear,4,116,149.03676189339876,148.57399359452936,0.4627682988694062,175.9040566046691,171.5911012746801,171.5911012746801,4.312955329988995,4.312955329988995,6,4e34bffdd2dd88657bb7fb55f284cf0521153c917c774c543a2e903a5e5e05ff
103,Trace-Anchored Reference,Standalone avoided cost,1,15,130.1894474355213,130.38614840958869,0.19670097406739728,172.74984703716473,171.5911012746801,171.5911012746801,1.1587457624846138,1.1587457624846138,6,4e34bffdd2dd88657bb7fb55f284cf0521153c917c774c543a2e903a5e5e05ff
103,Trace-Anchored Reference,Standalone avoided cost,2,42,63.02904897076587,62.58270975193165,0.44633921883421834,172.74984703716473,171.5911012746801,171.5911012746801,1.1587457624846138,1.1587457624846138,6,4e34bffdd2dd88657bb7fb55f284cf0521153c917c774c543a2e903a5e5e05ff
103,Trace-Anchored Reference,Standalone avoided cost,3,80,-169.50541126252574,-169.95175048136963,0.44633921884388883,172.74984703716473,171.5911012746801,171.5911012746801,1.1587457624846138,1.1587457624846138,6,4e34bffdd2dd88657bb7fb55f284cf0521153c917c774c543a2e903a5e5e05ff
103,Trace-Anchored Reference,Standalone avoided cost,4,116,149.0367618934033,148.57399359452936,0.46276829887395365,172.74984703716473,171.5911012746801,171.5911012746801,1.1587457624846138,1.1587457624846138,6,4e34bffdd2dd88657bb7fb55f284cf0521153c917c774c543a2e903a5e5e05ff
103,Trace-Anchored Reference,Leave-one-out marginal,1,15,130.4844988966288,130.38614840958869,0.09835048704010774,170.83145649941434,171.5911012746801,171.5911012746801,-0.7596447752657696,-0.7596447752657696,6,4e34bffdd2dd88657bb7fb55f284cf0521153c917c774c543a2e903a5e5e05ff
103,Trace-Anchored Reference,Leave-one-out marginal,2,42,62.26940419549646,62.58270975193165,0.3133055564351892,170.83145649941434,171.5911012746801,171.5911012746801,-0.7596447752657696,-0.7596447752657696,6,4e34bffdd2dd88657bb7fb55f284cf0521153c917c774c543a2e903a5e5e05ff
103,Trace-Anchored Reference,Leave-one-out marginal,3,80,-170.2650560378097,-169.95175048136963,0.31330555644007063,170.83145649941434,171.5911012746801,171.5911012746801,-0.7596447752657696,-0.7596447752657696,6,4e34bffdd2dd88657bb7fb55f284cf0521153c917c774c543a2e903a5e5e05ff
103,Trace-Anchored Reference,Leave-one-out marginal,4,116,148.3426094450988,148.57399359452936,0.23138414943056773,170.83145649941434,171.5911012746801,171.5911012746801,-0.7596447752657696,-0.7596447752657696,6,4e34bffdd2dd88657bb7fb55f284cf0521153c917c774c543a2e903a5e5e05ff
103,Trace-Anchored Reference,Exact Shapley net value,1,15,130.38614840958869,130.38614840958869,0.0,171.59110127468006,171.5911012746801,171.5911012746801,-5.684341886080802e-14,-5.684341886080802e-14,6,4e34bffdd2dd88657bb7fb55f284cf0521153c917c774c543a2e903a5e5e05ff
103,Trace-Anchored Reference,Exact Shapley net value,2,42,62.58270975193165,62.58270975193165,0.0,171.59110127468006,171.5911012746801,171.5911012746801,-5.684341886080802e-14,-5.684341886080802e-14,6,4e34bffdd2dd88657bb7fb55f284cf0521153c917c774c543a2e903a5e5e05ff
103,Trace-Anchored Reference,Exact Shapley net value,3,80,-169.95175048136963,-169.95175048136963,0.0,171.59110127468006,171.5911012746801,171.5911012746801,-5.684341886080802e-14,-5.684341886080802e-14,6,4e34bffdd2dd88657bb7fb55f284cf0521153c917c774c543a2e903a5e5e05ff
103,Trace-Anchored Reference,Exact Shapley net value,4,116,148.57399359452936,148.57399359452936,0.0,171.59110127468006,171.5911012746801,171.5911012746801,-5.684341886080802e-14,-5.684341886080802e-14,6,4e34bffdd2dd88657bb7fb55f284cf0521153c917c774c543a2e903a5e5e05ff
103,Risk-Constrained Convex Verifier,Nodal signed linear,1,15,0.43220347307603957,130.38614840958869,129.95394493651264,-45.091193550463274,-45.091193550462776,171.5911012746801,-4.973799150320701e-13,-216.6822948251434,6,4e34bffdd2dd88657bb7fb55f284cf0521153c917c774c543a2e903a5e5e05ff
103,Risk-Constrained Convex Verifier,Nodal signed linear,2,42,-0.43360635411890003,62.58270975193165,63.01631610605055,-45.091193550463274,-45.091193550462776,171.5911012746801,-4.973799150320701e-13,-216.6822948251434,6,4e34bffdd2dd88657bb7fb55f284cf0521153c917c774c543a2e903a5e5e05ff
103,Risk-Constrained Convex Verifier,Nodal signed linear,3,80,-17.1288214846286,-169.95175048136963,152.82292899674104,-45.091193550463274,-45.091193550462776,171.5911012746801,-4.973799150320701e-13,-216.6822948251434,6,4e34bffdd2dd88657bb7fb55f284cf0521153c917c774c543a2e903a5e5e05ff
103,Risk-Constrained Convex Verifier,Nodal signed linear,4,116,-27.960969184791818,148.57399359452936,176.53496277932118,-45.091193550463274,-45.091193550462776,171.5911012746801,-4.973799150320701e-13,-216.6822948251434,6,4e34bffdd2dd88657bb7fb55f284cf0521153c917c774c543a2e903a5e5e05ff
103,Risk-Constrained Convex Verifier,Standalone avoided cost,1,15,0.43220347307578777,130.38614840958869,129.9539449365129,-45.09119355047733,-45.091193550462776,171.5911012746801,-1.4551915228366852e-11,-216.68229482515744,6,4e34bffdd2dd88657bb7fb55f284cf0521153c917c774c543a2e903a5e5e05ff
103,Risk-Constrained Convex Verifier,Standalone avoided cost,2,42,-0.43360635412318516,62.58270975193165,63.01631610605484,-45.09119355047733,-45.091193550462776,171.5911012746801,-1.4551915228366852e-11,-216.68229482515744,6,4e34bffdd2dd88657bb7fb55f284cf0521153c917c774c543a2e903a5e5e05ff
103,Risk-Constrained Convex Verifier,Standalone avoided cost,3,80,-17.12882148463541,-169.95175048136963,152.82292899673422,-45.09119355047733,-45.091193550462776,171.5911012746801,-1.4551915228366852e-11,-216.68229482515744,6,4e34bffdd2dd88657bb7fb55f284cf0521153c917c774c543a2e903a5e5e05ff
103,Risk-Constrained Convex Verifier,Standalone avoided cost,4,116,-27.96096918479452,148.57399359452936,176.53496277932388,-45.09119355047733,-45.091193550462776,171.5911012746801,-1.4551915228366852e-11,-216.68229482515744,6,4e34bffdd2dd88657bb7fb55f284cf0521153c917c774c543a2e903a5e5e05ff
103,Risk-Constrained Convex Verifier,Leave-one-out marginal,1,15,0.4322034730867017,130.38614840958869,129.95394493650198,-45.091193550448224,-45.091193550462776,171.5911012746801,1.4551915228366852e-11,-216.68229482512834,6,4e34bffdd2dd88657bb7fb55f284cf0521153c917c774c543a2e903a5e5e05ff
103,Risk-Constrained Convex Verifier,Leave-one-out marginal,2,42,-0.4336063541122712,62.58270975193165,63.016316106043924,-45.091193550448224,-45.091193550462776,171.5911012746801,1.4551915228366852e-11,-216.68229482512834,6,4e34bffdd2dd88657bb7fb55f284cf0521153c917c774c543a2e903a5e5e05ff
103,Risk-Constrained Convex Verifier,Leave-one-out marginal,3,80,-17.12882148463177,-169.95175048136963,152.82292899673786,-45.091193550448224,-45.091193550462776,171.5911012746801,1.4551915228366852e-11,-216.68229482512834,6,4e34bffdd2dd88657bb7fb55f284cf0521153c917c774c543a2e903a5e5e05ff
103,Risk-Constrained Convex Verifier,Leave-one-out marginal,4,116,-27.960969184790883,148.57399359452936,176.53496277932024,-45.091193550448224,-45.091193550462776,171.5911012746801,1.4551915228366852e-11,-216.68229482512834,6,4e34bffdd2dd88657bb7fb55f284cf0521153c917c774c543a2e903a5e5e05ff
103,Risk-Constrained Convex Verifier,Exact Shapley net value,1,15,0.43220347308124474,130.38614840958869,129.95394493650744,-45.091193550462776,-45.091193550462776,171.5911012746801,0.0,-216.6822948251429,6,4e34bffdd2dd88657bb7fb55f284cf0521153c917c774c543a2e903a5e5e05ff
103,Risk-Constrained Convex Verifier,Exact Shapley net value,2,42,-0.4336063541177282,62.58270975193165,63.01631610604938,-45.091193550462776,-45.091193550462776,171.5911012746801,0.0,-216.6822948251429,6,4e34bffdd2dd88657bb7fb55f284cf0521153c917c774c543a2e903a5e5e05ff
103,Risk-Constrained Convex Verifier,Exact Shapley net value,3,80,-17.12882148463359,-169.95175048136963,152.82292899673604,-45.091193550462776,-45.091193550462776,171.5911012746801,0.0,-216.6822948251429,6,4e34bffdd2dd88657bb7fb55f284cf0521153c917c774c543a2e903a5e5e05ff
103,Risk-Constrained Convex Verifier,Exact Shapley net value,4,116,-27.960969184792706,148.57399359452936,176.53496277932206,-45.091193550462776,-45.091193550462776,171.5911012746801,0.0,-216.6822948251429,6,4e34bffdd2dd88657bb7fb55f284cf0521153c917c774c543a2e903a5e5e05ff
104,Trace-Anchored Reference,Nodal signed linear,1,15,35.70843915675765,35.70843915676262,4.973799150320701e-12,205.4394633929744,205.43946339297327,205.43946339297327,1.1368683772161603e-12,1.1368683772161603e-12,6,4e34bffdd2dd88657bb7fb55f284cf0521153c917c774c543a2e903a5e5e05ff
104,Trace-Anchored Reference,Nodal signed linear,2,42,52.27809900031475,52.278099000317226,2.4797941478027496e-12,205.4394633929744,205.43946339297327,205.43946339297327,1.1368683772161603e-12,1.1368683772161603e-12,6,4e34bffdd2dd88657bb7fb55f284cf0521153c917c774c543a2e903a5e5e05ff
104,Trace-Anchored Reference,Nodal signed linear,3,80,43.639942693035294,43.63994269302657,8.72546479513403e-12,205.4394633929744,205.43946339297327,205.43946339297327,1.1368683772161603e-12,1.1368683772161603e-12,6,4e34bffdd2dd88657bb7fb55f284cf0521153c917c774c543a2e903a5e5e05ff
104,Trace-Anchored Reference,Nodal signed linear,4,116,73.81298254286672,73.81298254286683,1.1368683772161603e-13,205.4394633929744,205.43946339297327,205.43946339297327,1.1368683772161603e-12,1.1368683772161603e-12,6,4e34bffdd2dd88657bb7fb55f284cf0521153c917c774c543a2e903a5e5e05ff
104,Trace-Anchored Reference,Standalone avoided cost,1,15,35.708439156762324,35.70843915676262,2.984279490192421e-13,205.43946339297327,205.43946339297327,205.43946339297327,0.0,0.0,6,4e34bffdd2dd88657bb7fb55f284cf0521153c917c774c543a2e903a5e5e05ff
104,Trace-Anchored Reference,Standalone avoided cost,2,42,52.27809900031207,52.278099000317226,5.158540261618327e-12,205.43946339297327,205.43946339297327,205.43946339297327,0.0,0.0,6,4e34bffdd2dd88657bb7fb55f284cf0521153c917c774c543a2e903a5e5e05ff
104,Trace-Anchored Reference,Standalone avoided cost,3,80,43.639942693032935,43.63994269302657,6.366462912410498e-12,205.43946339297327,205.43946339297327,205.43946339297327,0.0,0.0,6,4e34bffdd2dd88657bb7fb55f284cf0521153c917c774c543a2e903a5e5e05ff
104,Trace-Anchored Reference,Standalone avoided cost,4,116,73.81298254286594,73.81298254286683,8.952838470577262e-13,205.43946339297327,205.43946339297327,205.43946339297327,0.0,0.0,6,4e34bffdd2dd88657bb7fb55f284cf0521153c917c774c543a2e903a5e5e05ff
104,Trace-Anchored Reference,Leave-one-out marginal,1,15,35.70843915676596,35.70843915676262,3.339550858072471e-12,205.43946339300237,205.43946339297327,205.43946339297327,2.9103830456733704e-11,2.9103830456733704e-11,6,4e34bffdd2dd88657bb7fb55f284cf0521153c917c774c543a2e903a5e5e05ff
104,Trace-Anchored Reference,Leave-one-out marginal,2,42,52.27809900032662,52.278099000317226,9.393374966748524e-12,205.43946339300237,205.43946339297327,205.43946339297327,2.9103830456733704e-11,2.9103830456733704e-11,6,4e34bffdd2dd88657bb7fb55f284cf0521153c917c774c543a2e903a5e5e05ff
104,Trace-Anchored Reference,Leave-one-out marginal,3,80,43.639942693032935,43.63994269302657,6.366462912410498e-12,205.43946339300237,205.43946339297327,205.43946339297327,2.9103830456733704e-11,2.9103830456733704e-11,6,4e34bffdd2dd88657bb7fb55f284cf0521153c917c774c543a2e903a5e5e05ff
104,Trace-Anchored Reference,Leave-one-out marginal,4,116,73.81298254287685,73.81298254286683,1.0018652574217413e-11,205.43946339300237,205.43946339297327,205.43946339297327,2.9103830456733704e-11,2.9103830456733704e-11,6,4e34bffdd2dd88657bb7fb55f284cf0521153c917c774c543a2e903a5e5e05ff
104,Trace-Anchored Reference,Exact Shapley net value,1,15,35.70843915676262,35.70843915676262,0.0,205.43946339297327,205.43946339297327,205.43946339297327,0.0,0.0,6,4e34bffdd2dd88657bb7fb55f284cf0521153c917c774c543a2e903a5e5e05ff
104,Trace-Anchored Reference,Exact Shapley net value,2,42,52.278099000317226,52.278099000317226,0.0,205.43946339297327,205.43946339297327,205.43946339297327,0.0,0.0,6,4e34bffdd2dd88657bb7fb55f284cf0521153c917c774c543a2e903a5e5e05ff
104,Trace-Anchored Reference,Exact Shapley net value,3,80,43.63994269302657,43.63994269302657,0.0,205.43946339297327,205.43946339297327,205.43946339297327,0.0,0.0,6,4e34bffdd2dd88657bb7fb55f284cf0521153c917c774c543a2e903a5e5e05ff
104,Trace-Anchored Reference,Exact Shapley net value,4,116,73.81298254286683,73.81298254286683,0.0,205.43946339297327,205.43946339297327,205.43946339297327,0.0,0.0,6,4e34bffdd2dd88657bb7fb55f284cf0521153c917c774c543a2e903a5e5e05ff
104,Risk-Constrained Convex Verifier,Nodal signed linear,1,15,1.1172342211366861,35.70843915676262,34.59120493562594,-3.1749467591879466e-05,-3.174946323269978e-05,205.43946339297327,-4.359179683888215e-12,-205.43949514244085,6,4e34bffdd2dd88657bb7fb55f284cf0521153c917c774c543a2e903a5e5e05ff
104,Risk-Constrained Convex Verifier,Nodal signed linear,2,42,-1.117265970604278,52.278099000317226,53.395364970921506,-3.1749467591879466e-05,-3.174946323269978e-05,205.43946339297327,-4.359179683888215e-12,-205.43949514244085,6,4e34bffdd2dd88657bb7fb55f284cf0521153c917c774c543a2e903a5e5e05ff
104,Risk-Constrained Convex Verifier,Nodal signed linear,3,80,0.0,43.63994269302657,43.63994269302657,-3.1749467591879466e-05,-3.174946323269978e-05,205.43946339297327,-4.359179683888215e-12,-205.43949514244085,6,4e34bffdd2dd88657bb7fb55f284cf0521153c917c774c543a2e903a5e5e05ff
104,Risk-Constrained Convex Verifier,Nodal signed linear,4,116,0.0,73.81298254286683,73.81298254286683,-3.1749467591879466e-05,-3.174946323269978e-05,205.43946339297327,-4.359179683888215e-12,-205.43949514244085,6,4e34bffdd2dd88657bb7fb55f284cf0521153c917c774c543a2e903a5e5e05ff
104,Risk-Constrained Convex Verifier,Standalone avoided cost,1,15,1.1172342211393698,35.70843915676262,34.59120493562325,-3.1749459594720975e-05,-3.174946323269978e-05,205.43946339297327,3.637978807091713e-12,-205.43949514243286,6,4e34bffdd2dd88657bb7fb55f284cf0521153c917c774c543a2e903a5e5e05ff
104,Risk-Constrained Convex Verifier,Standalone avoided cost,2,42,-1.1172659705989645,52.278099000317226,53.39536497091619,-3.1749459594720975e-05,-3.174946323269978e-05,205.43946339297327,3.637978807091713e-12,-205.43949514243286,6,4e34bffdd2dd88657bb7fb55f284cf0521153c917c774c543a2e903a5e5e05ff
104,Risk-Constrained Convex Verifier,Standalone avoided cost,3,80,0.0,43.63994269302657,43.63994269302657,-3.1749459594720975e-05,-3.174946323269978e-05,205.43946339297327,3.637978807091713e-12,-205.43949514243286,6,4e34bffdd2dd88657bb7fb55f284cf0521153c917c774c543a2e903a5e5e05ff
104,Risk-Constrained Convex Verifier,Standalone avoided cost,4,116,0.0,73.81298254286683,73.81298254286683,-3.1749459594720975e-05,-3.174946323269978e-05,205.43946339297327,3.637978807091713e-12,-205.43949514243286,6,4e34bffdd2dd88657bb7fb55f284cf0521153c917c774c543a2e903a5e5e05ff
104,Risk-Constrained Convex Verifier,Leave-one-out marginal,1,15,1.1172342211357318,35.70843915676262,34.59120493562689,-3.174946687067859e-05,-3.174946323269978e-05,205.43946339297327,-3.637978807091713e-12,-205.43949514244014,6,4e34bffdd2dd88657bb7fb55f284cf0521153c917c774c543a2e903a5e5e05ff
104,Risk-Constrained Convex Verifier,Leave-one-out marginal,2,42,-1.1172659706026025,52.278099000317226,53.39536497091983,-3.174946687067859e-05,-3.174946323269978e-05,205.43946339297327,-3.637978807091713e-12,-205.43949514244014,6,4e34bffdd2dd88657bb7fb55f284cf0521153c917c774c543a2e903a5e5e05ff
104,Risk-Constrained Convex Verifier,Leave-one-out marginal,3,80,0.0,43.63994269302657,43.63994269302657,-3.174946687067859e-05,-3.174946323269978e-05,205.43946339297327,-3.637978807091713e-12,-205.43949514244014,6,4e34bffdd2dd88657bb7fb55f284cf0521153c917c774c543a2e903a5e5e05ff
104,Risk-Constrained Convex Verifier,Leave-one-out marginal,4,116,0.0,73.81298254286683,73.81298254286683,-3.174946687067859e-05,-3.174946323269978e-05,205.43946339297327,-3.637978807091713e-12,-205.43949514244014,6,4e34bffdd2dd88657bb7fb55f284cf0521153c917c774c543a2e903a5e5e05ff
104,Risk-Constrained Convex Verifier,Exact Shapley net value,1,15,1.1172342211375508,35.70843915676262,34.59120493562507,-3.174946323269978e-05,-3.174946323269978e-05,205.43946339297327,0.0,-205.4394951424365,6,4e34bffdd2dd88657bb7fb55f284cf0521153c917c774c543a2e903a5e5e05ff
104,Risk-Constrained Convex Verifier,Exact Shapley net value,2,42,-1.1172659706007835,52.278099000317226,53.39536497091801,-3.174946323269978e-05,-3.174946323269978e-05,205.43946339297327,0.0,-205.4394951424365,6,4e34bffdd2dd88657bb7fb55f284cf0521153c917c774c543a2e903a5e5e05ff
104,Risk-Constrained Convex Verifier,Exact Shapley net value,3,80,0.0,43.63994269302657,43.63994269302657,-3.174946323269978e-05,-3.174946323269978e-05,205.43946339297327,0.0,-205.4394951424365,6,4e34bffdd2dd88657bb7fb55f284cf0521153c917c774c543a2e903a5e5e05ff
104,Risk-Constrained Convex Verifier,Exact Shapley net value,4,116,0.0,73.81298254286683,73.81298254286683,-3.174946323269978e-05,-3.174946323269978e-05,205.43946339297327,0.0,-205.4394951424365,6,4e34bffdd2dd88657bb7fb55f284cf0521153c917c774c543a2e903a5e5e05ff
105,Trace-Anchored Reference,Nodal signed linear,1,15,21.447651002844534,21.487159696224808,0.03950869338027374,-59.52967979974849,-60.65404458148987,-60.65404458148987,1.1243647817413773,1.1243647817413773,6,4e34bffdd2dd88657bb7fb55f284cf0521153c917c774c543a2e903a5e5e05ff
105,Trace-Anchored Reference,Nodal signed linear,2,42,2.9064647937770722,2.433717970592321,0.47274682318475136,-59.52967979974849,-60.65404458148987,-60.65404458148987,1.1243647817413773,1.1243647817413773,6,4e34bffdd2dd88657bb7fb55f284cf0521153c917c774c543a2e903a5e5e05ff
105,Trace-Anchored Reference,Nodal signed linear,3,80,-16.784950837310397,-16.90592028193805,0.12096944462765435,-59.52967979974849,-60.65404458148987,-60.65404458148987,1.1243647817413773,1.1243647817413773,6,4e34bffdd2dd88657bb7fb55f284cf0521153c917c774c543a2e903a5e5e05ff
105,Trace-Anchored Reference,Nodal signed linear,4,116,-67.0988447590597,-67.66900196636895,0.5701572073092507,-59.52967979974849,-60.65404458148987,-60.65404458148987,1.1243647817413773,1.1243647817413773,6,4e34bffdd2dd88657bb7fb55f284cf0521153c917c774c543a2e903a5e5e05ff
105,Trace-Anchored Reference,Standalone avoided cost,1,15,21.447651002839848,21.487159696224808,0.03950869338495977,-59.529862494142435,-60.65404458148987,-60.65404458148987,1.1241820873474353,1.1241820873474353,6,4e34bffdd2dd88657bb7fb55f284cf0521153c917c774c543a2e903a5e5e05ff
105,Trace-Anchored Reference,Standalone avoided cost,2,42,2.906464793784835,2.433717970592321,0.47274682319251404,-59.529862494142435,-60.65404458148987,-60.65404458148987,1.1241820873474353,1.1241820873474353,6,4e34bffdd2dd88657bb7fb55f284cf0521153c917c774c543a2e903a5e5e05ff
105,Trace-Anchored Reference,Standalone avoided cost,3,80,-16.78495083730013,-16.90592028193805,0.1209694446379217,-59.529862494142435,-60.65404458148987,-60.65404458148987,1.1241820873474353,1.1241820873474353,6,4e34bffdd2dd88657bb7fb55f284cf0521153c917c774c543a2e903a5e5e05ff
105,Trace-Anchored Reference,Standalone avoided cost,4,116,-67.09902745346699,-67.66900196636895,0.5699745129019647,-59.529862494142435,-60.65404458148987,-60.65404458148987,1.1241820873474353,1.1241820873474353,6,4e34bffdd2dd88657bb7fb55f284cf0521153c917c774c543a2e903a5e5e05ff
105,Trace-Anchored Reference,Leave-one-out marginal,1,15,21.542435328072315,21.487159696224808,0.05527563184750761,-61.77822666886277,-60.65404458148987,-60.65404458148987,-1.1241820873729012,-1.1241820873729012,6,4e34bffdd2dd88657bb7fb55f284cf0521153c917c774c543a2e903a5e5e05ff
105,Trace-Anchored Reference,Leave-one-out marginal,2,42,1.9452042089251336,2.433717970592321,0.4885137616671873,-61.77822666886277,-60.65404458148987,-60.65404458148987,-1.1241820873729012,-1.1241820873729012,6,4e34bffdd2dd88657bb7fb55f284cf0521153c917c774c543a2e903a5e5e05ff
105,Trace-Anchored Reference,Leave-one-out marginal,3,80,-17.04265666505671,-16.90592028193805,0.13673638311865943,-61.77822666886277,-60.65404458148987,-60.65404458148987,-1.1241820873729012,-1.1241820873729012,6,4e34bffdd2dd88657bb7fb55f284cf0521153c917c774c543a2e903a5e5e05ff
105,Trace-Anchored Reference,Leave-one-out marginal,4,116,-68.22320954080351,-67.66900196636895,0.5542075744345567,-61.77822666886277,-60.65404458148987,-60.65404458148987,-1.1241820873729012,-1.1241820873729012,6,4e34bffdd2dd88657bb7fb55f284cf0521153c917c774c543a2e903a5e5e05ff
105,Trace-Anchored Reference,Exact Shapley net value,1,15,21.487159696224808,21.487159696224808,0.0,-60.65404458148988,-60.65404458148987,-60.65404458148987,-7.105427357601002e-15,-7.105427357601002e-15,6,4e34bffdd2dd88657bb7fb55f284cf0521153c917c774c543a2e903a5e5e05ff
105,Trace-Anchored Reference,Exact Shapley net value,2,42,2.433717970592321,2.433717970592321,0.0,-60.65404458148988,-60.65404458148987,-60.65404458148987,-7.105427357601002e-15,-7.105427357601002e-15,6,4e34bffdd2dd88657bb7fb55f284cf0521153c917c774c543a2e903a5e5e05ff
105,Trace-Anchored Reference,Exact Shapley net value,3,80,-16.90592028193805,-16.90592028193805,0.0,-60.65404458148988,-60.65404458148987,-60.65404458148987,-7.105427357601002e-15,-7.105427357601002e-15,6,4e34bffdd2dd88657bb7fb55f284cf0521153c917c774c543a2e903a5e5e05ff
105,Trace-Anchored Reference,Exact Shapley net value,4,116,-67.66900196636895,-67.66900196636895,0.0,-60.65404458148988,-60.65404458148987,-60.65404458148987,-7.105427357601002e-15,-7.105427357601002e-15,6,4e34bffdd2dd88657bb7fb55f284cf0521153c917c774c543a2e903a5e5e05ff
105,Risk-Constrained Convex Verifier,Nodal signed linear,1,15,1.3241251430054912,21.487159696224808,20.163034553219315,-0.7665019738708978,-0.7665019738815317,-60.65404458148987,1.0633938174464674e-11,59.887542607618975,6,4e34bffdd2dd88657bb7fb55f284cf0521153c917c774c543a2e903a5e5e05ff
105,Risk-Constrained Convex Verifier,Nodal signed linear,2,42,-1.6524192877912203,2.433717970592321,4.086137258383541,-0.7665019738708978,-0.7665019738815317,-60.65404458148987,1.0633938174464674e-11,59.887542607618975,6,4e34bffdd2dd88657bb7fb55f284cf0521153c917c774c543a2e903a5e5e05ff
105,Risk-Constrained Convex Verifier,Nodal signed linear,3,80,-0.10388355419519257,-16.90592028193805,16.80203672774286,-0.7665019738708978,-0.7665019738815317,-60.65404458148987,1.0633938174464674e-11,59.887542607618975,6,4e34bffdd2dd88657bb7fb55f284cf0521153c917c774c543a2e903a5e5e05ff
105,Risk-Constrained Convex Verifier,Nodal signed linear,4,116,-0.3343242748899762,-67.66900196636895,67.33467769147897,-0.7665019738708978,-0.7665019738815317,-60.65404458148987,1.0633938174464674e-11,59.887542607618975,6,4e34bffdd2dd88657bb7fb55f284cf0521153c917c774c543a2e903a5e5e05ff
105,Risk-Constrained Convex Verifier,Standalone avoided cost,1,15,1.324125143004494,21.487159696224808,20.163034553220314,-0.7665019738851697,-0.7665019738815317,-60.65404458148987,-3.637978807091713e-12,59.8875426076047,6,4e34bffdd2dd88657bb7fb55f284cf0521153c917c774c543a2e903a5e5e05ff
105,Risk-Constrained Convex Verifier,Standalone avoided cost,2,42,-1.6524192877950554,2.433717970592321,4.086137258387376,-0.7665019738851697,-0.7665019738815317,-60.65404458148987,-3.637978807091713e-12,59.8875426076047,6,4e34bffdd2dd88657bb7fb55f284cf0521153c917c774c543a2e903a5e5e05ff
105,Risk-Constrained Convex Verifier,Standalone avoided cost,3,80,-0.10388355419854634,-16.90592028193805,16.802036727739505,-0.7665019738851697,-0.7665019738815317,-60.65404458148987,-3.637978807091713e-12,59.8875426076047,6,4e34bffdd2dd88657bb7fb55f284cf0521153c917c774c543a2e903a5e5e05ff
105,Risk-Constrained Convex Verifier,Standalone avoided cost,4,116,-0.334324274896062,-67.66900196636895,67.33467769147289,-0.7665019738851697,-0.7665019738815317,-60.65404458148987,-3.637978807091713e-12,59.8875426076047,6,4e34bffdd2dd88657bb7fb55f284cf0521153c917c774c543a2e903a5e5e05ff
105,Risk-Constrained Convex Verifier,Leave-one-out marginal,1,15,1.324125143004494,21.487159696224808,20.163034553220314,-0.7665019738778938,-0.7665019738815317,-60.65404458148987,3.637978807091713e-12,59.88754260761198,6,4e34bffdd2dd88657bb7fb55f284cf0521153c917c774c543a2e903a5e5e05ff
105,Risk-Constrained Convex Verifier,Leave-one-out marginal,2,42,-1.6524192877914174,2.433717970592321,4.086137258383738,-0.7665019738778938,-0.7665019738815317,-60.65404458148987,3.637978807091713e-12,59.88754260761198,6,4e34bffdd2dd88657bb7fb55f284cf0521153c917c774c543a2e903a5e5e05ff
105,Risk-Constrained Convex Verifier,Leave-one-out marginal,3,80,-0.10388355419854634,-16.90592028193805,16.802036727739505,-0.7665019738778938,-0.7665019738815317,-60.65404458148987,3.637978807091713e-12,59.88754260761198,6,4e34bffdd2dd88657bb7fb55f284cf0521153c917c774c543a2e903a5e5e05ff
105,Risk-Constrained Convex Verifier,Leave-one-out marginal,4,116,-0.334324274892424,-67.66900196636895,67.33467769147653,-0.7665019738778938,-0.7665019738815317,-60.65404458148987,3.637978807091713e-12,59.88754260761198,6,4e34bffdd2dd88657bb7fb55f284cf0521153c917c774c543a2e903a5e5e05ff
105,Risk-Constrained Convex Verifier,Exact Shapley net value,1,15,1.3241251430051004,21.487159696224808,20.163034553219706,-0.7665019738815293,-0.7665019738815317,-60.65404458148987,2.4424906541753444e-15,59.88754260760834,6,4e34bffdd2dd88657bb7fb55f284cf0521153c917c774c543a2e903a5e5e05ff
105,Risk-Constrained Convex Verifier,Exact Shapley net value,2,42,-1.6524192877938422,2.433717970592321,4.086137258386163,-0.7665019738815293,-0.7665019738815317,-60.65404458148987,2.4424906541753444e-15,59.88754260760834,6,4e34bffdd2dd88657bb7fb55f284cf0521153c917c774c543a2e903a5e5e05ff
105,Risk-Constrained Convex Verifier,Exact Shapley net value,3,80,-0.10388355419915207,-16.90592028193805,16.8020367277389,-0.7665019738815293,-0.7665019738815317,-60.65404458148987,2.4424906541753444e-15,59.88754260760834,6,4e34bffdd2dd88657bb7fb55f284cf0521153c917c774c543a2e903a5e5e05ff
105,Risk-Constrained Convex Verifier,Exact Shapley net value,4,116,-0.3343242748936355,-67.66900196636895,67.33467769147532,-0.7665019738815293,-0.7665019738815317,-60.65404458148987,2.4424906541753444e-15,59.88754260760834,6,4e34bffdd2dd88657bb7fb55f284cf0521153c917c774c543a2e903a5e5e05ff
106,Trace-Anchored Reference,Nodal signed linear,1,15,38.04136761520249,38.041367615205374,2.8848035071860068e-12,82.0572137078078,82.05721370780884,82.05721370780884,-1.0373923942097463e-12,-1.0373923942097463e-12,6,4e34bffdd2dd88657bb7fb55f284cf0521153c917c774c543a2e903a5e5e05ff
106,Trace-Anchored Reference,Nodal signed linear,2,42,27.217640437367553,27.217640437371603,4.050093593832571e-12,82.0572137078078,82.05721370780884,82.05721370780884,-1.0373923942097463e-12,-1.0373923942097463e-12,6,4e34bffdd2dd88657bb7fb55f284cf0521153c917c774c543a2e903a5e5e05ff
106,Trace-Anchored Reference,Nodal signed linear,3,80,15.02136569947207,15.021365699471364,7.069900220812997e-13,82.0572137078078,82.05721370780884,82.05721370780884,-1.0373923942097463e-12,-1.0373923942097463e-12,6,4e34bffdd2dd88657bb7fb55f284cf0521153c917c774c543a2e903a5e5e05ff
106,Trace-Anchored Reference,Nodal signed linear,4,116,1.7768399557656926,1.7768399557605083,5.184297435789631e-12,82.0572137078078,82.05721370780884,82.05721370780884,-1.0373923942097463e-12,-1.0373923942097463e-12,6,4e34bffdd2dd88657bb7fb55f284cf0521153c917c774c543a2e903a5e5e05ff
106,Trace-Anchored Reference,Standalone avoided cost,1,15,38.04136761518748,38.041367615205374,1.7891466086439323e-11,82.0572137077761,82.05721370780884,82.05721370780884,-3.2741809263825417e-11,-3.2741809263825417e-11,6,4e34bffdd2dd88657bb7fb55f284cf0521153c917c774c543a2e903a5e5e05ff
106,Trace-Anchored Reference,Standalone avoided cost,2,42,27.2176404373713,27.217640437371603,3.019806626980426e-13,82.0572137077761,82.05721370780884,82.05721370780884,-3.2741809263825417e-11,-3.2741809263825417e-11,6,4e34bffdd2dd88657bb7fb55f284cf0521153c917c774c543a2e903a5e5e05ff
106,Trace-Anchored Reference,Standalone avoided cost,3,80,15.021365699463786,15.021365699471364,7.577938276881468e-12,82.0572137077761,82.05721370780884,82.05721370780884,-3.2741809263825417e-11,-3.2741809263825417e-11,6,4e34bffdd2dd88657bb7fb55f284cf0521153c917c774c543a2e903a5e5e05ff
106,Trace-Anchored Reference,Standalone avoided cost,4,116,1.7768399557535304,1.7768399557605083,6.977973754374034e-12,82.0572137077761,82.05721370780884,82.05721370780884,-3.2741809263825417e-11,-3.2741809263825417e-11,6,4e34bffdd2dd88657bb7fb55f284cf0521153c917c774c543a2e903a5e5e05ff
106,Trace-Anchored Reference,Leave-one-out marginal,1,15,38.04136761520931,38.041367615205374,3.936406756110955e-12,82.0572137078052,82.05721370780884,82.05721370780884,-3.637978807091713e-12,-3.637978807091713e-12,6,4e34bffdd2dd88657bb7fb55f284cf0521153c917c774c543a2e903a5e5e05ff
106,Trace-Anchored Reference,Leave-one-out marginal,2,42,27.217640437364025,27.217640437371603,7.577938276881468e-12,82.0572137078052,82.05721370780884,82.05721370780884,-3.637978807091713e-12,-3.637978807091713e-12,6,4e34bffdd2dd88657bb7fb55f284cf0521153c917c774c543a2e903a5e5e05ff
106,Trace-Anchored Reference,Leave-one-out marginal,3,80,15.021365699471062,15.021365699471364,3.019806626980426e-13,82.0572137078052,82.05721370780884,82.05721370780884,-3.637978807091713e-12,-3.637978807091713e-12,6,4e34bffdd2dd88657bb7fb55f284cf0521153c917c774c543a2e903a5e5e05ff
106,Trace-Anchored Reference,Leave-one-out marginal,4,116,1.7768399557608063,1.7768399557605083,2.97983859809392e-13,82.0572137078052,82.05721370780884,82.05721370780884,-3.637978807091713e-12,-3.637978807091713e-12,6,4e34bffdd2dd88657bb7fb55f284cf0521153c917c774c543a2e903a5e5e05ff
106,Trace-Anchored Reference,Exact Shapley net value,1,15,38.041367615205374,38.041367615205374,0.0,82.05721370780884,82.05721370780884,82.05721370780884,0.0,0.0,6,4e34bffdd2dd88657bb7fb55f284cf0521153c917c774c543a2e903a5e5e05ff
106,Trace-Anchored Reference,Exact Shapley net value,2,42,27.217640437371603,27.217640437371603,0.0,82.05721370780884,82.05721370780884,82.05721370780884,0.0,0.0,6,4e34bffdd2dd88657bb7fb55f284cf0521153c917c774c543a2e903a5e5e05ff
106,Trace-Anchored Reference,Exact Shapley net value,3,80,15.021365699471364,15.021365699471364,0.0,82.05721370780884,82.05721370780884,82.05721370780884,0.0,0.0,6,4e34bffdd2dd88657bb7fb55f284cf0521153c917c774c543a2e903a5e5e05ff
106,Trace-Anchored Reference,Exact Shapley net value,4,116,1.7768399557605083,1.7768399557605083,0.0,82.05721370780884,82.05721370780884,82.05721370780884,0.0,0.0,6,4e34bffdd2dd88657bb7fb55f284cf0521153c917c774c543a2e903a5e5e05ff
106,Risk-Constrained Convex Verifier,Nodal signed linear,1,15,2.286148101302374,38.041367615205374,35.755219513903,-0.008032890683301819,-0.008032890684262384,82.05721370780884,9.605649609056854e-13,-82.06524659849214,6,4e34bffdd2dd88657bb7fb55f284cf0521153c917c774c543a2e903a5e5e05ff
106,Risk-Constrained Convex Verifier,Nodal signed linear,2,42,-2.2941809919857103,27.217640437371603,29.511821429357312,-0.008032890683301819,-0.008032890684262384,82.05721370780884,9.605649609056854e-13,-82.06524659849214,6,4e34bffdd2dd88657bb7fb55f284cf0521153c917c774c543a2e903a5e5e05ff
106,Risk-Constrained Convex Verifier,Nodal signed linear,3,80,0.0,15.021365699471364,15.021365699471364,-0.008032890683301819,-0.008032890684262384,82.05721370780884,9.605649609056854e-13,-82.06524659849214,6,4e34bffdd2dd88657bb7fb55f284cf0521153c917c774c543a2e903a5e5e05ff
106,Risk-Constrained Convex Verifier,Nodal signed linear,4,116,3.4638958368304884e-14,1.7768399557605083,1.7768399557604737,-0.008032890683301819,-0.008032890684262384,82.05721370780884,9.605649609056854e-13,-82.06524659849214,6,4e34bffdd2dd88657bb7fb55f284cf0521153c917c774c543a2e903a5e5e05ff
106,Risk-Constrained Convex Verifier,Standalone avoided cost,1,15,2.2861481013023877,38.041367615205374,35.755219513902986,-0.008032890680624405,-0.008032890684262384,82.05721370780884,3.637978807091713e-12,-82.06524659848947,6,4e34bffdd2dd88657bb7fb55f284cf0521153c917c774c543a2e903a5e5e05ff
106,Risk-Constrained Convex Verifier,Standalone avoided cost,2,42,-2.294180991975736,27.217640437371603,29.51182142934734,-0.008032890680624405,-0.008032890684262384,82.05721370780884,3.637978807091713e-12,-82.06524659848947,6,4e34bffdd2dd88657bb7fb55f284cf0521153c917c774c543a2e903a5e5e05ff
106,Risk-Constrained Convex Verifier,Standalone avoided cost,3,80,0.0,15.021365699471364,15.021365699471364,-0.008032890680624405,-0.008032890684262384,82.05721370780884,3.637978807091713e-12,-82.06524659848947,6,4e34bffdd2dd88657bb7fb55f284cf0521153c917c774c543a2e903a5e5e05ff
106,Risk-Constrained Convex Verifier,Standalone avoided cost,4,116,-7.275957614183426e-12,1.7768399557605083,1.7768399557677843,-0.008032890680624405,-0.008032890684262384,82.05721370780884,3.637978807091713e-12,-82.06524659848947,6,4e34bffdd2dd88657bb7fb55f284cf0521153c917c774c543a2e903a5e5e05ff
106,Risk-Constrained Convex Verifier,Leave-one-out marginal,1,15,2.2861481012987497,38.041367615205374,35.755219513906624,-0.008032890687900363,-0.008032890684262384,82.05721370780884,-3.637978807091713e-12,-82.06524659849674,6,4e34bffdd2dd88657bb7fb55f284cf0521153c917c774c543a2e903a5e5e05ff
106,Risk-Constrained Convex Verifier,Leave-one-out marginal,2,42,-2.294180991979374,27.217640437371603,29.511821429350977,-0.008032890687900363,-0.008032890684262384,82.05721370780884,-3.637978807091713e-12,-82.06524659849674,6,4e34bffdd2dd88657bb7fb55f284cf0521153c917c774c543a2e903a5e5e05ff
106,Risk-Constrained Convex Verifier,Leave-one-out marginal,3,80,0.0,15.021365699471364,15.021365699471364,-0.008032890687900363,-0.008032890684262384,82.05721370780884,-3.637978807091713e-12,-82.06524659849674,6,4e34bffdd2dd88657bb7fb55f284cf0521153c917c774c543a2e903a5e5e05ff
106,Risk-Constrained Convex Verifier,Leave-one-out marginal,4,116,-7.275957614183426e-12,1.7768399557605083,1.7768399557677843,-0.008032890687900363,-0.008032890684262384,82.05721370780884,-3.637978807091713e-12,-82.06524659849674,6,4e34bffdd2dd88657bb7fb55f284cf0521153c917c774c543a2e903a5e5e05ff
106,Risk-Constrained Convex Verifier,Exact Shapley net value,1,15,2.2861481013005687,38.041367615205374,35.755219513904805,-0.00803289068426194,-0.008032890684262384,82.05721370780884,4.440892098500626e-16,-82.0652465984931,6,4e34bffdd2dd88657bb7fb55f284cf0521153c917c774c543a2e903a5e5e05ff
106,Risk-Constrained Convex Verifier,Exact Shapley net value,2,42,-2.294180991977555,27.217640437371603,29.51182142934916,-0.00803289068426194,-0.008032890684262384,82.05721370780884,4.440892098500626e-16,-82.0652465984931,6,4e34bffdd2dd88657bb7fb55f284cf0521153c917c774c543a2e903a5e5e05ff
106,Risk-Constrained Convex Verifier,Exact Shapley net value,3,80,0.0,15.021365699471364,15.021365699471364,-0.00803289068426194,-0.008032890684262384,82.05721370780884,4.440892098500626e-16,-82.0652465984931,6,4e34bffdd2dd88657bb7fb55f284cf0521153c917c774c543a2e903a5e5e05ff
106,Risk-Constrained Convex Verifier,Exact Shapley net value,4,116,-7.275513524973576e-12,1.7768399557605083,1.7768399557677839,-0.00803289068426194,-0.008032890684262384,82.05721370780884,4.440892098500626e-16,-82.0652465984931,6,4e34bffdd2dd88657bb7fb55f284cf0521153c917c774c543a2e903a5e5e05ff
107,Trace-Anchored Reference,Nodal signed linear,1,15,54.14896913087347,54.14896913087674,3.275602011854062e-12,83.19276029215249,83.19276029214598,83.19276029214598,6.508571459562518e-12,6.508571459562518e-12,6,4e34bffdd2dd88657bb7fb55f284cf0521153c917c774c543a2e903a5e5e05ff
107,Trace-Anchored Reference,Nodal signed linear,2,42,-32.85831241175474,-32.85831241175765,2.9132252166164108e-12,83.19276029215249,83.19276029214598,83.19276029214598,6.508571459562518e-12,6.508571459562518e-12,6,4e34bffdd2dd88657bb7fb55f284cf0521153c917c774c543a2e903a5e5e05ff
107,Trace-Anchored Reference,Nodal signed linear,3,80,8.773140642966183,8.77314064295934,6.842526545369765e-12,83.19276029215249,83.19276029214598,83.19276029214598,6.508571459562518e-12,6.508571459562518e-12,6,4e34bffdd2dd88657bb7fb55f284cf0521153c917c774c543a2e903a5e5e05ff
107,Trace-Anchored Reference,Nodal signed linear,4,116,53.128962930067566,53.12896293006755,1.4210854715202004e-14,83.19276029215249,83.19276029214598,83.19276029214598,6.508571459562518e-12,6.508571459562518e-12,6,4e34bffdd2dd88657bb7fb55f284cf0521153c917c774c543a2e903a5e5e05ff
107,Trace-Anchored Reference,Standalone avoided cost,1,15,54.148969130881596,54.14896913087674,4.853006885241484e-12,83.19276029214961,83.19276029214598,83.19276029214598,3.637978807091713e-12,3.637978807091713e-12,6,4e34bffdd2dd88657bb7fb55f284cf0521153c917c774c543a2e903a5e5e05ff
107,Trace-Anchored Reference,Standalone avoided cost,2,42,-32.85831241176493,-32.85831241175765,7.275957614183426e-12,83.19276029214961,83.19276029214598,83.19276029214598,3.637978807091713e-12,3.637978807091713e-12,6,4e34bffdd2dd88657bb7fb55f284cf0521153c917c774c543a2e903a5e5e05ff
107,Trace-Anchored Reference,Standalone avoided cost,3,80,8.77314064296661,8.77314064295934,7.268852186825825e-12,83.19276029214961,83.19276029214598,83.19276029214598,3.637978807091713e-12,3.637978807091713e-12,6,4e34bffdd2dd88657bb7fb55f284cf0521153c917c774c543a2e903a5e5e05ff
107,Trace-Anchored Reference,Standalone avoided cost,4,116,53.128962930066336,53.12896293006755,1.2150280781497713e-12,83.19276029214961,83.19276029214598,83.19276029214598,3.637978807091713e-12,3.637978807091713e-12,6,4e34bffdd2dd88657bb7fb55f284cf0521153c917c774c543a2e903a5e5e05ff
107,Trace-Anchored Reference,Leave-one-out marginal,1,15,54.148969130881596,54.14896913087674,4.853006885241484e-12,83.19276029216417,83.19276029214598,83.19276029214598,1.8189894035458565e-11,1.8189894035458565e-11,6,4e34bffdd2dd88657bb7fb55f284cf0521153c917c774c543a2e903a5e5e05ff
107,Trace-Anchored Reference,Leave-one-out marginal,2,42,-32.85831241174674,-32.85831241175765,1.0913936421275139e-11,83.19276029216417,83.19276029214598,83.19276029214598,1.8189894035458565e-11,1.8189894035458565e-11,6,4e34bffdd2dd88657bb7fb55f284cf0521153c917c774c543a2e903a5e5e05ff
107,Trace-Anchored Reference,Leave-one-out marginal,3,80,8.773140642955696,8.77314064295934,3.645084234449314e-12,83.19276029216417,83.19276029214598,83.19276029214598,1.8189894035458565e-11,1.8189894035458565e-11,6,4e34bffdd2dd88657bb7fb55f284cf0521153c917c774c543a2e903a5e5e05ff
107,Trace-Anchored Reference,Leave-one-out marginal,4,116,53.12896293007361,53.12896293006755,6.0609295360336546e-12,83.19276029216417,83.19276029214598,83.19276029214598,1.8189894035458565e-11,1.8189894035458565e-11,6,4e34bffdd2dd88657bb7fb55f284cf0521153c917c774c543a2e903a5e5e05ff
107,Trace-Anchored Reference,Exact Shapley net value,1,15,54.14896913087674,54.14896913087674,0.0,83.19276029214598,83.19276029214598,83.19276029214598,0.0,0.0,6,4e34bffdd2dd88657bb7fb55f284cf0521153c917c774c543a2e903a5e5e05ff
107,Trace-Anchored Reference,Exact Shapley net value,2,42,-32.85831241175765,-32.85831241175765,0.0,83.19276029214598,83.19276029214598,83.19276029214598,0.0,0.0,6,4e34bffdd2dd88657bb7fb55f284cf0521153c917c774c543a2e903a5e5e05ff
107,Trace-Anchored Reference,Exact Shapley net value,3,80,8.77314064295934,8.77314064295934,0.0,83.19276029214598,83.19276029214598,83.19276029214598,0.0,0.0,6,4e34bffdd2dd88657bb7fb55f284cf0521153c917c774c543a2e903a5e5e05ff
107,Trace-Anchored Reference,Exact Shapley net value,4,116,53.12896293006755,53.12896293006755,0.0,83.19276029214598,83.19276029214598,83.19276029214598,0.0,0.0,6,4e34bffdd2dd88657bb7fb55f284cf0521153c917c774c543a2e903a5e5e05ff
107,Risk-Constrained Convex Verifier,Nodal signed linear,1,15,51.391711202768974,54.14896913087674,2.7572579281077694,0.03967946571483383,0.039679465709923534,83.19276029214598,4.910294393312142e-12,-83.15308082643114,6,4e34bffdd2dd88657bb7fb55f284cf0521153c917c774c543a2e903a5e5e05ff
107,Risk-Constrained Convex Verifier,Nodal signed linear,2,42,-51.355970520448935,-32.85831241175765,18.497658108691283,0.03967946571483383,0.039679465709923534,83.19276029214598,4.910294393312142e-12,-83.15308082643114,6,4e34bffdd2dd88657bb7fb55f284cf0521153c917c774c543a2e903a5e5e05ff
107,Risk-Constrained Convex Verifier,Nodal signed linear,3,80,0.003938783394794587,8.77314064295934,8.769201859564546,0.03967946571483383,0.039679465709923534,83.19276029214598,4.910294393312142e-12,-83.15308082643114,6,4e34bffdd2dd88657bb7fb55f284cf0521153c917c774c543a2e903a5e5e05ff
107,Risk-Constrained Convex Verifier,Nodal signed linear,4,116,0.0,53.12896293006755,53.12896293006755,0.03967946571483383,0.039679465709923534,83.19276029214598,4.910294393312142e-12,-83.15308082643114,6,4e34bffdd2dd88657bb7fb55f284cf0521153c917c774c543a2e903a5e5e05ff
107,Risk-Constrained Convex Verifier,Standalone avoided cost,1,15,51.39171120276296,54.14896913087674,2.7572579281137806,0.03967946569173364,0.039679465709923534,83.19276029214598,-1.8189894035458565e-11,-83.15308082645424,6,4e34bffdd2dd88657bb7fb55f284cf0521153c917c774c543a2e903a5e5e05ff
107,Risk-Constrained Convex Verifier,Standalone avoided cost,2,42,-51.35597052045341,-32.85831241175765,18.49765810869576,0.03967946569173364,0.039679465709923534,83.19276029214598,-1.8189894035458565e-11,-83.15308082645424,6,4e34bffdd2dd88657bb7fb55f284cf0521153c917c774c543a2e903a5e5e05ff
107,Risk-Constrained Convex Verifier,Standalone avoided cost,3,80,0.0039387833821820095,8.77314064295934,8.769201859577159,0.03967946569173364,0.039679465709923534,83.19276029214598,-1.8189894035458565e-11,-83.15308082645424,6,4e34bffdd2dd88657bb7fb55f284cf0521153c917c774c543a2e903a5e5e05ff
107,Risk-Constrained Convex Verifier,Standalone avoided cost,4,116,0.0,53.12896293006755,53.12896293006755,0.03967946569173364,0.039679465709923534,83.19276029214598,-1.8189894035458565e-11,-83.15308082645424,6,4e34bffdd2dd88657bb7fb55f284cf0521153c917c774c543a2e903a5e5e05ff
107,Risk-Constrained Convex Verifier,Leave-one-out marginal,1,15,51.39171120277024,54.14896913087674,2.7572579281065046,0.03967946572447545,0.039679465709923534,83.19276029214598,1.4551915228366852e-11,-83.1530808264215,6,4e34bffdd2dd88657bb7fb55f284cf0521153c917c774c543a2e903a5e5e05ff
107,Risk-Constrained Convex Verifier,Leave-one-out marginal,2,42,-51.35597052045341,-32.85831241175765,18.49765810869576,0.03967946572447545,0.039679465709923534,83.19276029214598,1.4551915228366852e-11,-83.1530808264215,6,4e34bffdd2dd88657bb7fb55f284cf0521153c917c774c543a2e903a5e5e05ff
107,Risk-Constrained Convex Verifier,Leave-one-out marginal,3,80,0.003938783407647861,8.77314064295934,8.769201859551693,0.03967946572447545,0.039679465709923534,83.19276029214598,1.4551915228366852e-11,-83.1530808264215,6,4e34bffdd2dd88657bb7fb55f284cf0521153c917c774c543a2e903a5e5e05ff
107,Risk-Constrained Convex Verifier,Leave-one-out marginal,4,116,0.0,53.12896293006755,53.12896293006755,0.03967946572447545,0.039679465709923534,83.19276029214598,1.4551915228366852e-11,-83.1530808264215,6,4e34bffdd2dd88657bb7fb55f284cf0521153c917c774c543a2e903a5e5e05ff
107,Risk-Constrained Convex Verifier,Exact Shapley net value,1,15,51.39171120276721,54.14896913087674,2.7572579281095315,0.03967946570992531,0.039679465709923534,83.19276029214598,1.7763568394002505e-15,-83.15308082643605,6,4e34bffdd2dd88657bb7fb55f284cf0521153c917c774c543a2e903a5e5e05ff
107,Risk-Constrained Convex Verifier,Exact Shapley net value,2,42,-51.35597052045281,-32.85831241175765,18.497658108695155,0.03967946570992531,0.039679465709923534,83.19276029214598,1.7763568394002505e-15,-83.15308082643605,6,4e34bffdd2dd88657bb7fb55f284cf0521153c917c774c543a2e903a5e5e05ff
107,Risk-Constrained Convex Verifier,Exact Shapley net value,3,80,0.003938783395520673,8.77314064295934,8.76920185956382,0.03967946570992531,0.039679465709923534,83.19276029214598,1.7763568394002505e-15,-83.15308082643605,6,4e34bffdd2dd88657bb7fb55f284cf0521153c917c774c543a2e903a5e5e05ff
107,Risk-Constrained Convex Verifier,Exact Shapley net value,4,116,0.0,53.12896293006755,53.12896293006755,0.03967946570992531,0.039679465709923534,83.19276029214598,1.7763568394002505e-15,-83.15308082643605,6,4e34bffdd2dd88657bb7fb55f284cf0521153c917c774c543a2e903a5e5e05ff
108,Trace-Anchored Reference,Nodal signed linear,1,15,62.56148133162676,62.561481331622716,4.04298816647497e-12,275.6618547839035,275.6618547838916,275.6618547838916,1.1880274541908875e-11,1.1880274541908875e-11,6,4e34bffdd2dd88657bb7fb55f284cf0521153c917c774c543a2e903a5e5e05ff
108,Trace-Anchored Reference,Nodal signed linear,2,42,51.04674884429657,51.0467488442952,1.3713474800169934e-12,275.6618547839035,275.6618547838916,275.6618547838916,1.1880274541908875e-11,1.1880274541908875e-11,6,4e34bffdd2dd88657bb7fb55f284cf0521153c917c774c543a2e903a5e5e05ff
108,Trace-Anchored Reference,Nodal signed linear,3,80,109.97709773061247,109.97709773060372,8.753886504564434e-12,275.6618547839035,275.6618547838916,275.6618547838916,1.1880274541908875e-11,1.1880274541908875e-11,6,4e34bffdd2dd88657bb7fb55f284cf0521153c917c774c543a2e903a5e5e05ff
108,Trace-Anchored Reference,Nodal signed linear,4,116,52.07652687736772,52.07652687736996,2.2382096176443156e-12,275.6618547839035,275.6618547838916,275.6618547838916,1.1880274541908875e-11,1.1880274541908875e-11,6,4e34bffdd2dd88657bb7fb55f284cf0521153c917c774c543a2e903a5e5e05ff
108,Trace-Anchored Reference,Standalone avoided cost,1,15,62.561481331627874,62.561481331622716,5.158540261618327e-12,275.66185478390616,275.6618547838916,275.6618547838916,1.4551915228366852e-11,1.4551915228366852e-11,6,4e34bffdd2dd88657bb7fb55f284cf0521153c917c774c543a2e903a5e5e05ff
108,Trace-Anchored Reference,Standalone avoided cost,2,42,51.046748844299145,51.0467488442952,3.943512183468556e-12,275.66185478390616,275.6618547838916,275.6618547838916,1.4551915228366852e-11,1.4551915228366852e-11,6,4e34bffdd2dd88657bb7fb55f284cf0521153c917c774c543a2e903a5e5e05ff
108,Trace-Anchored Reference,Standalone avoided cost,3,80,109.97709773060342,109.97709773060372,2.984279490192421e-13,275.66185478390616,275.6618547838916,275.6618547838916,1.4551915228366852e-11,1.4551915228366852e-11,6,4e34bffdd2dd88657bb7fb55f284cf0521153c917c774c543a2e903a5e5e05ff
108,Trace-Anchored Reference,Standalone avoided cost,4,116,52.07652687737573,52.07652687736996,5.7696070143720135e-12,275.66185478390616,275.6618547838916,275.6618547838916,1.4551915228366852e-11,1.4551915228366852e-11,6,4e34bffdd2dd88657bb7fb55f284cf0521153c917c774c543a2e903a5e5e05ff
108,Trace-Anchored Reference,Leave-one-out marginal,1,15,62.5614813316206,62.561481331622716,2.1174173525650986e-12,275.6618547838916,275.6618547838916,275.6618547838916,0.0,0.0,6,4e34bffdd2dd88657bb7fb55f284cf0521153c917c774c543a2e903a5e5e05ff
108,Trace-Anchored Reference,Leave-one-out marginal,2,42,51.046748844299145,51.0467488442952,3.943512183468556e-12,275.6618547838916,275.6618547838916,275.6618547838916,0.0,0.0,6,4e34bffdd2dd88657bb7fb55f284cf0521153c917c774c543a2e903a5e5e05ff
108,Trace-Anchored Reference,Leave-one-out marginal,3,80,109.97709773060342,109.97709773060372,2.984279490192421e-13,275.6618547838916,275.6618547838916,275.6618547838916,0.0,0.0,6,4e34bffdd2dd88657bb7fb55f284cf0521153c917c774c543a2e903a5e5e05ff
108,Trace-Anchored Reference,Leave-one-out marginal,4,116,52.07652687736845,52.07652687736996,1.5063505998114124e-12,275.6618547838916,275.6618547838916,275.6618547838916,0.0,0.0,6,4e34bffdd2dd88657bb7fb55f284cf0521153c917c774c543a2e903a5e5e05ff
108,Trace-Anchored Reference,Exact Shapley net value,1,15,62.561481331622716,62.561481331622716,0.0,275.6618547838916,275.6618547838916,275.6618547838916,0.0,0.0,6,4e34bffdd2dd88657bb7fb55f284cf0521153c917c774c543a2e903a5e5e05ff
108,Trace-Anchored Reference,Exact Shapley net value,2,42,51.0467488442952,51.0467488442952,0.0,275.6618547838916,275.6618547838916,275.6618547838916,0.0,0.0,6,4e34bffdd2dd88657bb7fb55f284cf0521153c917c774c543a2e903a5e5e05ff
108,Trace-Anchored Reference,Exact Shapley net value,3,80,109.97709773060372,109.97709773060372,0.0,275.6618547838916,275.6618547838916,275.6618547838916,0.0,0.0,6,4e34bffdd2dd88657bb7fb55f284cf0521153c917c774c543a2e903a5e5e05ff
108,Trace-Anchored Reference,Exact Shapley net value,4,116,52.07652687736996,52.07652687736996,0.0,275.6618547838916,275.6618547838916,275.6618547838916,0.0,0.0,6,4e34bffdd2dd88657bb7fb55f284cf0521153c917c774c543a2e903a5e5e05ff
108,Risk-Constrained Convex Verifier,Nodal signed linear,1,15,6.341160227763817,62.561481331622716,56.2203211038589,-0.008901539609003528,-0.008901539615180809,275.6618547838916,6.177280909014371e-12,-275.6707563235006,6,4e34bffdd2dd88657bb7fb55f284cf0521153c917c774c543a2e903a5e5e05ff
108,Risk-Constrained Convex Verifier,Nodal signed linear,2,42,-6.350061767372821,51.0467488442952,57.39681061166802,-0.008901539609003528,-0.008901539615180809,275.6618547838916,6.177280909014371e-12,-275.6707563235006,6,4e34bffdd2dd88657bb7fb55f284cf0521153c917c774c543a2e903a5e5e05ff
108,Risk-Constrained Convex Verifier,Nodal signed linear,3,80,0.0,109.97709773060372,109.97709773060372,-0.008901539609003528,-0.008901539615180809,275.6618547838916,6.177280909014371e-12,-275.6707563235006,6,4e34bffdd2dd88657bb7fb55f284cf0521153c917c774c543a2e903a5e5e05ff
108,Risk-Constrained Convex Verifier,Nodal signed linear,4,116,0.0,52.07652687736996,52.07652687736996,-0.008901539609003528,-0.008901539615180809,275.6618547838916,6.177280909014371e-12,-275.6707563235006,6,4e34bffdd2dd88657bb7fb55f284cf0521153c917c774c543a2e903a5e5e05ff
108,Risk-Constrained Convex Verifier,Standalone avoided cost,1,15,6.34116022777016,62.561481331622716,56.220321103852555,-0.008901539604266873,-0.008901539615180809,275.6618547838916,1.0913936421275139e-11,-275.6707563234959,6,4e34bffdd2dd88657bb7fb55f284cf0521153c917c774c543a2e903a5e5e05ff
108,Risk-Constrained Convex Verifier,Standalone avoided cost,2,42,-6.350061767374427,51.0467488442952,57.39681061166963,-0.008901539604266873,-0.008901539615180809,275.6618547838916,1.0913936421275139e-11,-275.6707563234959,6,4e34bffdd2dd88657bb7fb55f284cf0521153c917c774c543a2e903a5e5e05ff
108,Risk-Constrained Convex Verifier,Standalone avoided cost,3,80,0.0,109.97709773060372,109.97709773060372,-0.008901539604266873,-0.008901539615180809,275.6618547838916,1.0913936421275139e-11,-275.6707563234959,6,4e34bffdd2dd88657bb7fb55f284cf0521153c917c774c543a2e903a5e5e05ff
108,Risk-Constrained Convex Verifier,Standalone avoided cost,4,116,0.0,52.07652687736996,52.07652687736996,-0.008901539604266873,-0.008901539615180809,275.6618547838916,1.0913936421275139e-11,-275.6707563234959,6,4e34bffdd2dd88657bb7fb55f284cf0521153c917c774c543a2e903a5e5e05ff
108,Risk-Constrained Convex Verifier,Leave-one-out marginal,1,15,6.3411602277592465,62.561481331622716,56.22032110386347,-0.008901539626094745,-0.008901539615180809,275.6618547838916,-1.0913936421275139e-11,-275.6707563235177,6,4e34bffdd2dd88657bb7fb55f284cf0521153c917c774c543a2e903a5e5e05ff
108,Risk-Constrained Convex Verifier,Leave-one-out marginal,2,42,-6.350061767385341,51.0467488442952,57.39681061168054,-0.008901539626094745,-0.008901539615180809,275.6618547838916,-1.0913936421275139e-11,-275.6707563235177,6,4e34bffdd2dd88657bb7fb55f284cf0521153c917c774c543a2e903a5e5e05ff
108,Risk-Constrained Convex Verifier,Leave-one-out marginal,3,80,0.0,109.97709773060372,109.97709773060372,-0.008901539626094745,-0.008901539615180809,275.6618547838916,-1.0913936421275139e-11,-275.6707563235177,6,4e34bffdd2dd88657bb7fb55f284cf0521153c917c774c543a2e903a5e5e05ff
108,Risk-Constrained Convex Verifier,Leave-one-out marginal,4,116,0.0,52.07652687736996,52.07652687736996,-0.008901539626094745,-0.008901539615180809,275.6618547838916,-1.0913936421275139e-11,-275.6707563235177,6,4e34bffdd2dd88657bb7fb55f284cf0521153c917c774c543a2e903a5e5e05ff
108,Risk-Constrained Convex Verifier,Exact Shapley net value,1,15,6.3411602277647034,62.561481331622716,56.22032110385801,-0.008901539615181697,-0.008901539615180809,275.6618547838916,-8.881784197001252e-16,-275.6707563235068,6,4e34bffdd2dd88657bb7fb55f284cf0521153c917c774c543a2e903a5e5e05ff
108,Risk-Constrained Convex Verifier,Exact Shapley net value,2,42,-6.350061767379885,51.0467488442952,57.396810611675086,-0.008901539615181697,-0.008901539615180809,275.6618547838916,-8.881784197001252e-16,-275.6707563235068,6,4e34bffdd2dd88657bb7fb55f284cf0521153c917c774c543a2e903a5e5e05ff
108,Risk-Constrained Convex Verifier,Exact Shapley net value,3,80,0.0,109.97709773060372,109.97709773060372,-0.008901539615181697,-0.008901539615180809,275.6618547838916,-8.881784197001252e-16,-275.6707563235068,6,4e34bffdd2dd88657bb7fb55f284cf0521153c917c774c543a2e903a5e5e05ff
108,Risk-Constrained Convex Verifier,Exact Shapley net value,4,116,0.0,52.07652687736996,52.07652687736996,-0.008901539615181697,-0.008901539615180809,275.6618547838916,-8.881784197001252e-16,-275.6707563235068,6,4e34bffdd2dd88657bb7fb55f284cf0521153c917c774c543a2e903a5e5e05ff
109,Trace-Anchored Reference,Nodal signed linear,1,15,93.37494596098756,93.51223721756561,0.1372912565780524,-85.04731331926415,-87.6490784474081,-87.6490784474081,2.6017651281439527,2.6017651281439527,6,4e34bffdd2dd88657bb7fb55f284cf0521153c917c774c543a2e903a5e5e05ff
109,Trace-Anchored Reference,Nodal signed linear,2,42,-162.38343939464846,-164.0489913836643,1.6655519890158246,-85.04731331926415,-87.6490784474081,-87.6490784474081,2.6017651281439527,2.6017651281439527,6,4e34bffdd2dd88657bb7fb55f284cf0521153c917c774c543a2e903a5e5e05ff
109,Trace-Anchored Reference,Nodal signed linear,3,80,-60.81690249472703,-61.64488508540279,0.8279825906757594,-85.04731331926415,-87.6490784474081,-87.6490784474081,2.6017651281439527,2.6017651281439527,6,4e34bffdd2dd88657bb7fb55f284cf0521153c917c774c543a2e903a5e5e05ff
109,Trace-Anchored Reference,Nodal signed linear,4,116,44.778082609123786,44.532560804093315,0.24552180503047083,-85.04731331926415,-87.6490784474081,-87.6490784474081,2.6017651281439527,2.6017651281439527,6,4e34bffdd2dd88657bb7fb55f284cf0521153c917c774c543a2e903a5e5e05ff
109,Trace-Anchored Reference,Standalone avoided cost,1,15,93.37494596098986,93.51223721756561,0.13729125657575025,-85.84597118136662,-87.6490784474081,-87.6490784474081,1.8031072660414793,1.8031072660414793,6,4e34bffdd2dd88657bb7fb55f284cf0521153c917c774c543a2e903a5e5e05ff
109,Trace-Anchored Reference,Standalone avoided cost,2,42,-163.18209725673296,-164.0489913836643,0.866894126931328,-85.84597118136662,-87.6490784474081,-87.6490784474081,1.8031072660414793,1.8031072660414793,6,4e34bffdd2dd88657bb7fb55f284cf0521153c917c774c543a2e903a5e5e05ff
109,Trace-Anchored Reference,Standalone avoided cost,3,80,-60.816902494738315,-61.64488508540279,0.827982590664476,-85.84597118136662,-87.6490784474081,-87.6490784474081,1.8031072660414793,1.8031072660414793,6,4e34bffdd2dd88657bb7fb55f284cf0521153c917c774c543a2e903a5e5e05ff
109,Trace-Anchored Reference,Standalone avoided cost,4,116,44.77808260911479,44.532560804093315,0.24552180502147536,-85.84597118136662,-87.6490784474081,-87.6490784474081,1.8031072660414793,1.8031072660414793,6,4e34bffdd2dd88657bb7fb55f284cf0521153c917c774c543a2e903a5e5e05ff
109,Trace-Anchored Reference,Leave-one-out marginal,1,15,93.73746015725192,93.51223721756561,0.22522293968630436,-89.66014274998452,-87.6490784474081,-87.6490784474081,-2.0110643025764148,-2.0110643025764148,6,4e34bffdd2dd88657bb7fb55f284cf0521153c917c774c543a2e903a5e5e05ff
109,Trace-Anchored Reference,Leave-one-out marginal,2,42,-164.9852045227708,-164.0489913836643,0.9362131391065134,-89.66014274998452,-87.6490784474081,-87.6490784474081,-2.0110643025764148,-2.0110643025764148,6,4e34bffdd2dd88657bb7fb55f284cf0521153c917c774c543a2e903a5e5e05ff
109,Trace-Anchored Reference,Leave-one-out marginal,3,80,-62.54218668825342,-61.64488508540279,0.8973016028506322,-89.66014274998452,-87.6490784474081,-87.6490784474081,-2.0110643025764148,-2.0110643025764148,6,4e34bffdd2dd88657bb7fb55f284cf0521153c917c774c543a2e903a5e5e05ff
109,Trace-Anchored Reference,Leave-one-out marginal,4,116,44.12978830378779,44.532560804093315,0.4027725003055238,-89.66014274998452,-87.6490784474081,-87.6490784474081,-2.0110643025764148,-2.0110643025764148,6,4e34bffdd2dd88657bb7fb55f284cf0521153c917c774c543a2e903a5e5e05ff
109,Trace-Anchored Reference,Exact Shapley net value,1,15,93.51223721756561,93.51223721756561,0.0,-87.64907844740813,-87.6490784474081,-87.6490784474081,-2.842170943040401e-14,-2.842170943040401e-14,6,4e34bffdd2dd88657bb7fb55f284cf0521153c917c774c543a2e903a5e5e05ff
109,Trace-Anchored Reference,Exact Shapley net value,2,42,-164.0489913836643,-164.0489913836643,0.0,-87.64907844740813,-87.6490784474081,-87.6490784474081,-2.842170943040401e-14,-2.842170943040401e-14,6,4e34bffdd2dd88657bb7fb55f284cf0521153c917c774c543a2e903a5e5e05ff
109,Trace-Anchored Reference,Exact Shapley net value,3,80,-61.64488508540279,-61.64488508540279,0.0,-87.64907844740813,-87.6490784474081,-87.6490784474081,-2.842170943040401e-14,-2.842170943040401e-14,6,4e34bffdd2dd88657bb7fb55f284cf0521153c917c774c543a2e903a5e5e05ff
109,Trace-Anchored Reference,Exact Shapley net value,4,116,44.532560804093315,44.532560804093315,0.0,-87.64907844740813,-87.6490784474081,-87.6490784474081,-2.842170943040401e-14,-2.842170943040401e-14,6,4e34bffdd2dd88657bb7fb55f284cf0521153c917c774c543a2e903a5e5e05ff
109,Risk-Constrained Convex Verifier,Nodal signed linear,1,15,164.07550695573454,93.51223721756561,70.56326973816893,-1.4319821705779816,-2.60511215893348,-87.6490784474081,1.1731299883554982,86.21709627683012,6,4e34bffdd2dd88657bb7fb55f284cf0521153c917c774c543a2e903a5e5e05ff
109,Risk-Constrained Convex Verifier,Nodal signed linear,2,42,-165.33052233470758,-164.0489913836643,1.281530951043294,-1.4319821705779816,-2.60511215893348,-87.6490784474081,1.1731299883554982,86.21709627683012,6,4e34bffdd2dd88657bb7fb55f284cf0521153c917c774c543a2e903a5e5e05ff
109,Risk-Constrained Convex Verifier,Nodal signed linear,3,80,-0.07893472257374512,-61.64488508540279,61.56595036282904,-1.4319821705779816,-2.60511215893348,-87.6490784474081,1.1731299883554982,86.21709627683012,6,4e34bffdd2dd88657bb7fb55f284cf0521153c917c774c543a2e903a5e5e05ff
109,Risk-Constrained Convex Verifier,Nodal signed linear,4,116,-0.09803206903119488,44.532560804093315,44.63059287312451,-1.4319821705779816,-2.60511215893348,-87.6490784474081,1.1731299883554982,86.21709627683012,6,4e34bffdd2dd88657bb7fb55f284cf0521153c917c774c543a2e903a5e5e05ff
109,Risk-Constrained Convex Verifier,Standalone avoided cost,1,15,162.62137520163014,93.51223721756561,69.10913798406453,-7.558794295677217,-2.60511215893348,-87.6490784474081,-4.953682136743737,80.09028415173088,6,4e34bffdd2dd88657bb7fb55f284cf0521153c917c774c543a2e903a5e5e05ff
109,Risk-Constrained Convex Verifier,Standalone avoided cost,2,42,-170.00320270570228,-164.0489913836643,5.954211322037992,-7.558794295677217,-2.60511215893348,-87.6490784474081,-4.953682136743737,80.09028415173088,6,4e34bffdd2dd88657bb7fb55f284cf0521153c917c774c543a2e903a5e5e05ff
109,Risk-Constrained Convex Verifier,Standalone avoided cost,3,80,-0.0789347225727397,-61.64488508540279,61.56595036283005,-7.558794295677217,-2.60511215893348,-87.6490784474081,-4.953682136743737,80.09028415173088,6,4e34bffdd2dd88657bb7fb55f284cf0521153c917c774c543a2e903a5e5e05ff
109,Risk-Constrained Convex Verifier,Standalone avoided cost,4,116,-0.0980320690323424,44.532560804093315,44.63059287312566,-7.558794295677217,-2.60511215893348,-87.6490784474081,-4.953682136743737,80.09028415173088,6,4e34bffdd2dd88657bb7fb55f284cf0521153c917c774c543a2e903a5e5e05ff
109,Risk-Constrained Convex Verifier,Leave-one-out marginal,1,15,168.04794395618228,93.51223721756561,74.53570673861667,2.171603186201537,-2.60511215893348,-87.6490784474081,4.776715345135017,89.82068163360964,6,4e34bffdd2dd88657bb7fb55f284cf0521153c917c774c543a2e903a5e5e05ff
109,Risk-Constrained Convex Verifier,Leave-one-out marginal,2,42,-165.22648736056362,-164.0489913836643,1.177495976899337,2.171603186201537,-2.60511215893348,-87.6490784474081,4.776715345135017,89.82068163360964,6,4e34bffdd2dd88657bb7fb55f284cf0521153c917c774c543a2e903a5e5e05ff
109,Risk-Constrained Convex Verifier,Leave-one-out marginal,3,80,-0.2898622850116226,-61.64488508540279,61.35502280039117,2.171603186201537,-2.60511215893348,-87.6490784474081,4.776715345135017,89.82068163360964,6,4e34bffdd2dd88657bb7fb55f284cf0521153c917c774c543a2e903a5e5e05ff
109,Risk-Constrained Convex Verifier,Leave-one-out marginal,4,116,-0.3599911244054965,44.532560804093315,44.89255192849881,2.171603186201537,-2.60511215893348,-87.6490784474081,4.776715345135017,89.82068163360964,6,4e34bffdd2dd88657bb7fb55f284cf0521153c917c774c543a2e903a5e5e05ff
109,Risk-Constrained Convex Verifier,Exact Shapley net value,1,15,165.36415404417374,93.51223721756561,71.85191682660813,-2.6051121589334656,-2.60511215893348,-87.6490784474081,1.4210854715202004e-14,85.04396628847464,6,4e34bffdd2dd88657bb7fb55f284cf0521153c917c774c543a2e903a5e5e05ff
109,Risk-Constrained Convex Verifier,Exact Shapley net value,2,42,-167.58535056786363,-164.0489913836643,3.536359184199341,-2.6051121589334656,-2.60511215893348,-87.6490784474081,1.4210854715202004e-14,85.04396628847464,6,4e34bffdd2dd88657bb7fb55f284cf0521153c917c774c543a2e903a5e5e05ff
109,Risk-Constrained Convex Verifier,Exact Shapley net value,3,80,-0.17124271669611346,-61.64488508540279,61.47364236870668,-2.6051121589334656,-2.60511215893348,-87.6490784474081,1.4210854715202004e-14,85.04396628847464,6,4e34bffdd2dd88657bb7fb55f284cf0521153c917c774c543a2e903a5e5e05ff
109,Risk-Constrained Convex Verifier,Exact Shapley net value,4,116,-0.21267291854746873,44.532560804093315,44.74523372264078,-2.6051121589334656,-2.60511215893348,-87.6490784474081,1.4210854715202004e-14,85.04396628847464,6,4e34bffdd2dd88657bb7fb55f284cf0521153c917c774c543a2e903a5e5e05ff
110,Trace-Anchored Reference,Nodal signed linear,1,15,50.177944119823294,50.177944119816246,7.048583938740194e-12,172.6500940808191,172.65009408080732,172.65009408080732,1.1766587704187259e-11,1.1766587704187259e-11,6,4e34bffdd2dd88657bb7fb55f284cf0521153c917c774c543a2e903a5e5e05ff
110,Trace-Anchored Reference,Nodal signed linear,2,42,18.300060341945457,18.300060341953515,8.057554623519536e-12,172.6500940808191,172.65009408080732,172.65009408080732,1.1766587704187259e-11,1.1766587704187259e-11,6,4e34bffdd2dd88657bb7fb55f284cf0521153c917c774c543a2e903a5e5e05ff
110,Trace-Anchored Reference,Nodal signed linear,3,80,66.07831837944536,66.07831837943588,9.478640095039736e-12,172.6500940808191,172.65009408080732,172.65009408080732,1.1766587704187259e-11,1.1766587704187259e-11,6,4e34bffdd2dd88657bb7fb55f284cf0521153c917c774c543a2e903a5e5e05ff
110,Trace-Anchored Reference,Nodal signed linear,4,116,38.093771239604976,38.093771239601665,3.311129148642067e-12,172.6500940808191,172.65009408080732,172.65009408080732,1.1766587704187259e-11,1.1766587704187259e-11,6,4e34bffdd2dd88657bb7fb55f284cf0521153c917c774c543a2e903a5e5e05ff
110,Trace-Anchored Reference,Standalone avoided cost,1,15,50.17794411980503,50.177944119816246,1.1212364370294381e-11,172.6500940807855,172.65009408080732,172.65009408080732,-2.1827872842550278e-11,-2.1827872842550278e-11,6,4e34bffdd2dd88657bb7fb55f284cf0521153c917c774c543a2e903a5e5e05ff
110,Trace-Anchored Reference,Standalone avoided cost,2,42,18.300060341953213,18.300060341953515,3.019806626980426e-13,172.6500940807855,172.65009408080732,172.65009408080732,-2.1827872842550278e-11,-2.1827872842550278e-11,6,4e34bffdd2dd88657bb7fb55f284cf0521153c917c774c543a2e903a5e5e05ff
110,Trace-Anchored Reference,Standalone avoided cost,3,80,66.07831837943377,66.07831837943588,2.1174173525650986e-12,172.6500940807855,172.65009408080732,172.65009408080732,-2.1827872842550278e-11,-2.1827872842550278e-11,6,4e34bffdd2dd88657bb7fb55f284cf0521153c917c774c543a2e903a5e5e05ff
110,Trace-Anchored Reference,Standalone avoided cost,4,116,38.09377123959348,38.093771239601665,8.185452315956354e-12,172.6500940807855,172.65009408080732,172.65009408080732,-2.1827872842550278e-11,-2.1827872842550278e-11,6,4e34bffdd2dd88657bb7fb55f284cf0521153c917c774c543a2e903a5e5e05ff
110,Trace-Anchored Reference,Leave-one-out marginal,1,15,50.17794411982322,50.177944119816246,6.977529665164184e-12,172.65009408084006,172.65009408080732,172.65009408080732,3.2741809263825417e-11,3.2741809263825417e-11,6,4e34bffdd2dd88657bb7fb55f284cf0521153c917c774c543a2e903a5e5e05ff
110,Trace-Anchored Reference,Leave-one-out marginal,2,42,18.300060341964127,18.300060341953515,1.0611955758577096e-11,172.65009408084006,172.65009408080732,172.65009408080732,3.2741809263825417e-11,3.2741809263825417e-11,6,4e34bffdd2dd88657bb7fb55f284cf0521153c917c774c543a2e903a5e5e05ff
110,Trace-Anchored Reference,Leave-one-out marginal,3,80,66.07831837944468,66.07831837943588,8.79651906871004e-12,172.65009408084006,172.65009408080732,172.65009408080732,3.2741809263825417e-11,3.2741809263825417e-11,6,4e34bffdd2dd88657bb7fb55f284cf0521153c917c774c543a2e903a5e5e05ff
110,Trace-Anchored Reference,Leave-one-out marginal,4,116,38.09377123960803,38.093771239601665,6.366462912410498e-12,172.65009408084006,172.65009408080732,172.65009408080732,3.2741809263825417e-11,3.2741809263825417e-11,6,4e34bffdd2dd88657bb7fb55f284cf0521153c917c774c543a2e903a5e5e05ff
110,Trace-Anchored Reference,Exact Shapley net value,1,15,50.177944119816246,50.177944119816246,0.0,172.65009408080732,172.65009408080732,172.65009408080732,0.0,0.0,6,4e34bffdd2dd88657bb7fb55f284cf0521153c917c774c543a2e903a5e5e05ff
110,Trace-Anchored Reference,Exact Shapley net value,2,42,18.300060341953515,18.300060341953515,0.0,172.65009408080732,172.65009408080732,172.65009408080732,0.0,0.0,6,4e34bffdd2dd88657bb7fb55f284cf0521153c917c774c543a2e903a5e5e05ff
110,Trace-Anchored Reference,Exact Shapley net value,3,80,66.07831837943588,66.07831837943588,0.0,172.65009408080732,172.65009408080732,172.65009408080732,0.0,0.0,6,4e34bffdd2dd88657bb7fb55f284cf0521153c917c774c543a2e903a5e5e05ff
110,Trace-Anchored Reference,Exact Shapley net value,4,116,38.093771239601665,38.093771239601665,0.0,172.65009408080732,172.65009408080732,172.65009408080732,0.0,0.0,6,4e34bffdd2dd88657bb7fb55f284cf0521153c917c774c543a2e903a5e5e05ff
110,Risk-Constrained Convex Verifier,Nodal signed linear,1,15,29.05061956289406,50.177944119816246,21.127324556922186,-0.0717868324443316,-0.07178683244637796,172.65009408080732,2.0463630789890885e-12,-172.72188091325165,6,4e34bffdd2dd88657bb7fb55f284cf0521153c917c774c543a2e903a5e5e05ff
110,Risk-Constrained Convex Verifier,Nodal signed linear,2,42,-29.12240639533839,18.300060341953515,47.422466737291906,-0.0717868324443316,-0.07178683244637796,172.65009408080732,2.0463630789890885e-12,-172.72188091325165,6,4e34bffdd2dd88657bb7fb55f284cf0521153c917c774c543a2e903a5e5e05ff
110,Risk-Constrained Convex Verifier,Nodal signed linear,3,80,0.0,66.07831837943588,66.07831837943588,-0.0717868324443316,-0.07178683244637796,172.65009408080732,2.0463630789890885e-12,-172.72188091325165,6,4e34bffdd2dd88657bb7fb55f284cf0521153c917c774c543a2e903a5e5e05ff
110,Risk-Constrained Convex Verifier,Nodal signed linear,4,116,0.0,38.093771239601665,38.093771239601665,-0.0717868324443316,-0.07178683244637796,172.65009408080732,2.0463630789890885e-12,-172.72188091325165,6,4e34bffdd2dd88657bb7fb55f284cf0521153c917c774c543a2e903a5e5e05ff
110,Risk-Constrained Convex Verifier,Standalone avoided cost,1,15,29.05061956287682,50.177944119816246,21.127324556939428,-0.07178683246456785,-0.07178683244637796,172.65009408080732,-1.8189894035458565e-11,-172.7218809132719,6,4e34bffdd2dd88657bb7fb55f284cf0521153c917c774c543a2e903a5e5e05ff
110,Risk-Constrained Convex Verifier,Standalone avoided cost,2,42,-29.122406395341386,18.300060341953515,47.4224667372949,-0.07178683246456785,-0.07178683244637796,172.65009408080732,-1.8189894035458565e-11,-172.7218809132719,6,4e34bffdd2dd88657bb7fb55f284cf0521153c917c774c543a2e903a5e5e05ff
110,Risk-Constrained Convex Verifier,Standalone avoided cost,3,80,0.0,66.07831837943588,66.07831837943588,-0.07178683246456785,-0.07178683244637796,172.65009408080732,-1.8189894035458565e-11,-172.7218809132719,6,4e34bffdd2dd88657bb7fb55f284cf0521153c917c774c543a2e903a5e5e05ff
110,Risk-Constrained Convex Verifier,Standalone avoided cost,4,116,0.0,38.093771239601665,38.093771239601665,-0.07178683246456785,-0.07178683244637796,172.65009408080732,-1.8189894035458565e-11,-172.7218809132719,6,4e34bffdd2dd88657bb7fb55f284cf0521153c917c774c543a2e903a5e5e05ff
110,Risk-Constrained Convex Verifier,Leave-one-out marginal,1,15,29.050619562895008,50.177944119816246,21.127324556921238,-0.07178683242818806,-0.07178683244637796,172.65009408080732,1.8189894035458565e-11,-172.7218809132355,6,4e34bffdd2dd88657bb7fb55f284cf0521153c917c774c543a2e903a5e5e05ff
110,Risk-Constrained Convex Verifier,Leave-one-out marginal,2,42,-29.122406395323196,18.300060341953515,47.42246673727671,-0.07178683242818806,-0.07178683244637796,172.65009408080732,1.8189894035458565e-11,-172.7218809132355,6,4e34bffdd2dd88657bb7fb55f284cf0521153c917c774c543a2e903a5e5e05ff
110,Risk-Constrained Convex Verifier,Leave-one-out marginal,3,80,0.0,66.07831837943588,66.07831837943588,-0.07178683242818806,-0.07178683244637796,172.65009408080732,1.8189894035458565e-11,-172.7218809132355,6,4e34bffdd2dd88657bb7fb55f284cf0521153c917c774c543a2e903a5e5e05ff
110,Risk-Constrained Convex Verifier,Leave-one-out marginal,4,116,0.0,38.093771239601665,38.093771239601665,-0.07178683242818806,-0.07178683244637796,172.65009408080732,1.8189894035458565e-11,-172.7218809132355,6,4e34bffdd2dd88657bb7fb55f284cf0521153c917c774c543a2e903a5e5e05ff
110,Risk-Constrained Convex Verifier,Exact Shapley net value,1,15,29.050619562885913,50.177944119816246,21.127324556930333,-0.07178683244637796,-0.07178683244637796,172.65009408080732,0.0,-172.7218809132537,6,4e34bffdd2dd88657bb7fb55f284cf0521153c917c774c543a2e903a5e5e05ff
110,Risk-Constrained Convex Verifier,Exact Shapley net value,2,42,-29.12240639533229,18.300060341953515,47.4224667372858,-0.07178683244637796,-0.07178683244637796,172.65009408080732,0.0,-172.7218809132537,6,4e34bffdd2dd88657bb7fb55f284cf0521153c917c774c543a2e903a5e5e05ff
110,Risk-Constrained Convex Verifier,Exact Shapley net value,3,80,0.0,66.07831837943588,66.07831837943588,-0.07178683244637796,-0.07178683244637796,172.65009408080732,0.0,-172.7218809132537,6,4e34bffdd2dd88657bb7fb55f284cf0521153c917c774c543a2e903a5e5e05ff
110,Risk-Constrained Convex Verifier,Exact Shapley net value,4,116,0.0,38.093771239601665,38.093771239601665,-0.07178683244637796,-0.07178683244637796,172.65009408080732,0.0,-172.7218809132537,6,4e34bffdd2dd88657bb7fb55f284cf0521153c917c774c543a2e903a5e5e05ff
111,Trace-Anchored Reference,Nodal signed linear,1,15,153.46890331529949,153.69219729624638,0.22329398094689168,329.23038468433543,329.23038468432424,329.23038468432424,1.1198153515579179e-11,1.1198153515579179e-11,6,4e34bffdd2dd88657bb7fb55f284cf0521153c917c774c543a2e903a5e5e05ff
111,Trace-Anchored Reference,Nodal signed linear,2,42,-17.62351920119007,-17.593841358558468,0.029677842631603113,329.23038468433543,329.23038468432424,329.23038468432424,1.1198153515579179e-11,1.1198153515579179e-11,6,4e34bffdd2dd88657bb7fb55f284cf0521153c917c774c543a2e903a5e5e05ff
111,Trace-Anchored Reference,Nodal signed linear,3,80,125.48419063619723,125.54053216446115,0.05634152826392835,329.23038468433543,329.23038468432424,329.23038468432424,1.1198153515579179e-11,1.1198153515579179e-11,6,4e34bffdd2dd88657bb7fb55f284cf0521153c917c774c543a2e903a5e5e05ff
111,Trace-Anchored Reference,Nodal signed linear,4,116,67.90080993402881,67.59149658217514,0.3093133518536746,329.23038468433543,329.23038468432424,329.23038468432424,1.1198153515579179e-11,1.1198153515579179e-11,6,4e34bffdd2dd88657bb7fb55f284cf0521153c917c774c543a2e903a5e5e05ff
111,Trace-Anchored Reference,Standalone avoided cost,1,15,153.4689033152972,153.69219729624638,0.22329398094916542,328.5702166247538,329.23038468432424,329.23038468432424,-0.6601680595704238,-0.6601680595704238,6,4e34bffdd2dd88657bb7fb55f284cf0521153c917c774c543a2e903a5e5e05ff
111,Trace-Anchored Reference,Standalone avoided cost,2,42,-17.623519201180898,-17.593841358558468,0.029677842622430006,328.5702166247538,329.23038468432424,329.23038468432424,-0.6601680595704238,-0.6601680595704238,6,4e34bffdd2dd88657bb7fb55f284cf0521153c917c774c543a2e903a5e5e05ff
111,Trace-Anchored Reference,Standalone avoided cost,3,80,125.48419063620167,125.54053216446115,0.056341528259480356,328.5702166247538,329.23038468432424,329.23038468432424,-0.6601680595704238,-0.6601680595704238,6,4e34bffdd2dd88657bb7fb55f284cf0521153c917c774c543a2e903a5e5e05ff
111,Trace-Anchored Reference,Standalone avoided cost,4,116,67.24064187443582,67.59149658217514,0.35085470773931604,328.5702166247538,329.23038468432424,329.23038468432424,-0.6601680595704238,-0.6601680595704238,6,4e34bffdd2dd88657bb7fb55f284cf0521153c917c774c543a2e903a5e5e05ff
111,Trace-Anchored Reference,Leave-one-out marginal,1,15,153.87394992130066,153.69219729624638,0.1817526250542869,329.7243873203188,329.23038468432424,329.23038468432424,0.49400263599454775,0.49400263599454775,6,4e34bffdd2dd88657bb7fb55f284cf0521153c917c774c543a2e903a5e5e05ff
111,Trace-Anchored Reference,Leave-one-out marginal,2,42,-17.605704871828493,-17.593841358558468,0.01186351327002555,329.7243873203188,329.23038468432424,329.23038468432424,0.49400263599454775,0.49400263599454775,6,4e34bffdd2dd88657bb7fb55f284cf0521153c917c774c543a2e903a5e5e05ff
111,Trace-Anchored Reference,Leave-one-out marginal,3,80,125.55533233682581,125.54053216446115,0.014800172364658692,329.7243873203188,329.23038468432424,329.23038468432424,0.49400263599454775,0.49400263599454775,6,4e34bffdd2dd88657bb7fb55f284cf0521153c917c774c543a2e903a5e5e05ff
111,Trace-Anchored Reference,Leave-one-out marginal,4,116,67.9008099340208,67.59149658217514,0.30931335184565967,329.7243873203188,329.23038468432424,329.23038468432424,0.49400263599454775,0.49400263599454775,6,4e34bffdd2dd88657bb7fb55f284cf0521153c917c774c543a2e903a5e5e05ff
111,Trace-Anchored Reference,Exact Shapley net value,1,15,153.69219729624638,153.69219729624638,0.0,329.2303846843242,329.23038468432424,329.23038468432424,-5.684341886080802e-14,-5.684341886080802e-14,6,4e34bffdd2dd88657bb7fb55f284cf0521153c917c774c543a2e903a5e5e05ff
111,Trace-Anchored Reference,Exact Shapley net value,2,42,-17.593841358558468,-17.593841358558468,0.0,329.2303846843242,329.23038468432424,329.23038468432424,-5.684341886080802e-14,-5.684341886080802e-14,6,4e34bffdd2dd88657bb7fb55f284cf0521153c917c774c543a2e903a5e5e05ff
111,Trace-Anchored Reference,Exact Shapley net value,3,80,125.54053216446115,125.54053216446115,0.0,329.2303846843242,329.23038468432424,329.23038468432424,-5.684341886080802e-14,-5.684341886080802e-14,6,4e34bffdd2dd88657bb7fb55f284cf0521153c917c774c543a2e903a5e5e05ff
111,Trace-Anchored Reference,Exact Shapley net value,4,116,67.59149658217514,67.59149658217514,0.0,329.2303846843242,329.23038468432424,329.23038468432424,-5.684341886080802e-14,-5.684341886080802e-14,6,4e34bffdd2dd88657bb7fb55f284cf0521153c917c774c543a2e903a5e5e05ff
111,Risk-Constrained Convex Verifier,Nodal signed linear,1,15,41.82031782271327,153.69219729624638,111.87187947353311,-0.036017755417432795,-0.03601775542847463,329.23038468432424,1.1041834113711957e-11,-329.2664024397417,6,4e34bffdd2dd88657bb7fb55f284cf0521153c917c774c543a2e903a5e5e05ff
111,Risk-Constrained Convex Verifier,Nodal signed linear,2,42,-41.856335578130704,-17.593841358558468,24.262494219572236,-0.036017755417432795,-0.03601775542847463,329.23038468432424,1.1041834113711957e-11,-329.2664024397417,6,4e34bffdd2dd88657bb7fb55f284cf0521153c917c774c543a2e903a5e5e05ff
111,Risk-Constrained Convex Verifier,Nodal signed linear,3,80,0.0,125.54053216446115,125.54053216446115,-0.036017755417432795,-0.03601775542847463,329.23038468432424,1.1041834113711957e-11,-329.2664024397417,6,4e34bffdd2dd88657bb7fb55f284cf0521153c917c774c543a2e903a5e5e05ff
111,Risk-Constrained Convex Verifier,Nodal signed linear,4,116,0.0,67.59149658217514,67.59149658217514,-0.036017755417432795,-0.03601775542847463,329.23038468432424,1.1041834113711957e-11,-329.2664024397417,6,4e34bffdd2dd88657bb7fb55f284cf0521153c917c774c543a2e903a5e5e05ff
111,Risk-Constrained Convex Verifier,Standalone avoided cost,1,15,41.82031782269769,153.69219729624638,111.87187947354869,-0.036017755443026545,-0.03601775542847463,329.23038468432424,-1.4551915228366852e-11,-329.26640243976726,6,4e34bffdd2dd88657bb7fb55f284cf0521153c917c774c543a2e903a5e5e05ff
111,Risk-Constrained Convex Verifier,Standalone avoided cost,2,42,-41.856335578140715,-17.593841358558468,24.262494219582248,-0.036017755443026545,-0.03601775542847463,329.23038468432424,-1.4551915228366852e-11,-329.26640243976726,6,4e34bffdd2dd88657bb7fb55f284cf0521153c917c774c543a2e903a5e5e05ff
111,Risk-Constrained Convex Verifier,Standalone avoided cost,3,80,0.0,125.54053216446115,125.54053216446115,-0.036017755443026545,-0.03601775542847463,329.23038468432424,-1.4551915228366852e-11,-329.26640243976726,6,4e34bffdd2dd88657bb7fb55f284cf0521153c917c774c543a2e903a5e5e05ff
111,Risk-Constrained Convex Verifier,Standalone avoided cost,4,116,0.0,67.59149658217514,67.59149658217514,-0.036017755443026545,-0.03601775542847463,329.23038468432424,-1.4551915228366852e-11,-329.26640243976726,6,4e34bffdd2dd88657bb7fb55f284cf0521153c917c774c543a2e903a5e5e05ff
111,Risk-Constrained Convex Verifier,Leave-one-out marginal,1,15,41.82031782271224,153.69219729624638,111.87187947353414,-0.036017755413922714,-0.03601775542847463,329.23038468432424,1.4551915228366852e-11,-329.26640243973816,6,4e34bffdd2dd88657bb7fb55f284cf0521153c917c774c543a2e903a5e5e05ff
111,Risk-Constrained Convex Verifier,Leave-one-out marginal,2,42,-41.85633557812616,-17.593841358558468,24.262494219567696,-0.036017755413922714,-0.03601775542847463,329.23038468432424,1.4551915228366852e-11,-329.26640243973816,6,4e34bffdd2dd88657bb7fb55f284cf0521153c917c774c543a2e903a5e5e05ff
111,Risk-Constrained Convex Verifier,Leave-one-out marginal,3,80,0.0,125.54053216446115,125.54053216446115,-0.036017755413922714,-0.03601775542847463,329.23038468432424,1.4551915228366852e-11,-329.26640243973816,6,4e34bffdd2dd88657bb7fb55f284cf0521153c917c774c543a2e903a5e5e05ff
111,Risk-Constrained Convex Verifier,Leave-one-out marginal,4,116,0.0,67.59149658217514,67.59149658217514,-0.036017755413922714,-0.03601775542847463,329.23038468432424,1.4551915228366852e-11,-329.26640243973816,6,4e34bffdd2dd88657bb7fb55f284cf0521153c917c774c543a2e903a5e5e05ff
111,Risk-Constrained Convex Verifier,Exact Shapley net value,1,15,41.820317822704965,153.69219729624638,111.87187947354141,-0.03601775542847463,-0.03601775542847463,329.23038468432424,0.0,-329.2664024397527,6,4e34bffdd2dd88657bb7fb55f284cf0521153c917c774c543a2e903a5e5e05ff
111,Risk-Constrained Convex Verifier,Exact Shapley net value,2,42,-41.85633557813344,-17.593841358558468,24.26249421957497,-0.03601775542847463,-0.03601775542847463,329.23038468432424,0.0,-329.2664024397527,6,4e34bffdd2dd88657bb7fb55f284cf0521153c917c774c543a2e903a5e5e05ff
111,Risk-Constrained Convex Verifier,Exact Shapley net value,3,80,0.0,125.54053216446115,125.54053216446115,-0.03601775542847463,-0.03601775542847463,329.23038468432424,0.0,-329.2664024397527,6,4e34bffdd2dd88657bb7fb55f284cf0521153c917c774c543a2e903a5e5e05ff
111,Risk-Constrained Convex Verifier,Exact Shapley net value,4,116,0.0,67.59149658217514,67.59149658217514,-0.03601775542847463,-0.03601775542847463,329.23038468432424,0.0,-329.2664024397527,6,4e34bffdd2dd88657bb7fb55f284cf0521153c917c774c543a2e903a5e5e05ff
112,Trace-Anchored Reference,Nodal signed linear,1,15,197.88377885239336,196.72162689051945,1.1621519618739171,464.1518921820669,461.7893039483897,461.7893039483897,2.3625882336771724,2.3625882336771724,6,4e34bffdd2dd88657bb7fb55f284cf0521153c917c774c543a2e903a5e5e05ff
112,Trace-Anchored Reference,Nodal signed linear,2,42,81.31346048019742,80.45884152150757,0.8546189586898549,464.1518921820669,461.7893039483897,461.7893039483897,2.3625882336771724,2.3625882336771724,6,4e34bffdd2dd88657bb7fb55f284cf0521153c917c774c543a2e903a5e5e05ff
112,Trace-Anchored Reference,Nodal signed linear,3,80,116.64420845270435,116.45177939640053,0.19242905630382268,464.1518921820669,461.7893039483897,461.7893039483897,2.3625882336771724,2.3625882336771724,6,4e34bffdd2dd88657bb7fb55f284cf0521153c917c774c543a2e903a5e5e05ff
112,Trace-Anchored Reference,Nodal signed linear,4,116,68.31044439677173,68.15705613996215,0.15338825680957768,464.1518921820669,461.7893039483897,461.7893039483897,2.3625882336771724,2.3625882336771724,6,4e34bffdd2dd88657bb7fb55f284cf0521153c917c774c543a2e903a5e5e05ff
112,Trace-Anchored Reference,Standalone avoided cost,1,15,196.9135299588961,196.72162689051945,0.1919030683766607,462.4563640390734,461.7893039483897,461.7893039483897,0.6670600906836626,0.6670600906836626,6,4e34bffdd2dd88657bb7fb55f284cf0521153c917c774c543a2e903a5e5e05ff
112,Trace-Anchored Reference,Standalone avoided cost,2,42,80.65074458988238,80.45884152150757,0.1919030683748133,462.4563640390734,461.7893039483897,461.7893039483897,0.6670600906836626,0.6670600906836626,6,4e34bffdd2dd88657bb7fb55f284cf0521153c917c774c543a2e903a5e5e05ff
112,Trace-Anchored Reference,Standalone avoided cost,3,80,116.64285936182205,116.45177939640053,0.1910799654215225,462.4563640390734,461.7893039483897,461.7893039483897,0.6670600906836626,0.6670600906836626,6,4e34bffdd2dd88657bb7fb55f284cf0521153c917c774c543a2e903a5e5e05ff
112,Trace-Anchored Reference,Standalone avoided cost,4,116,68.24923012847285,68.15705613996215,0.09217398851069447,462.4563640390734,461.7893039483897,461.7893039483897,0.6670600906836626,0.6670600906836626,6,4e34bffdd2dd88657bb7fb55f284cf0521153c917c774c543a2e903a5e5e05ff
112,Trace-Anchored Reference,Leave-one-out marginal,1,15,196.63856760006092,196.72162689051945,0.08305929045852167,461.51434158954726,461.7893039483897,461.7893039483897,-0.27496235884245834,-0.27496235884245834,6,4e34bffdd2dd88657bb7fb55f284cf0521153c917c774c543a2e903a5e5e05ff
112,Trace-Anchored Reference,Leave-one-out marginal,2,42,80.37578223105447,80.45884152150757,0.08305929045309313,461.51434158954726,461.7893039483897,461.7893039483897,-0.27496235884245834,-0.27496235884245834,6,4e34bffdd2dd88657bb7fb55f284cf0521153c917c774c543a2e903a5e5e05ff
112,Trace-Anchored Reference,Leave-one-out marginal,3,80,116.37263101320787,116.45177939640053,0.07914838319265982,461.51434158954726,461.7893039483897,461.7893039483897,-0.27496235884245834,-0.27496235884245834,6,4e34bffdd2dd88657bb7fb55f284cf0521153c917c774c543a2e903a5e5e05ff
112,Trace-Anchored Reference,Leave-one-out marginal,4,116,68.127360745224,68.15705613996215,0.0296953947381553,461.51434158954726,461.7893039483897,461.7893039483897,-0.27496235884245834,-0.27496235884245834,6,4e34bffdd2dd88657bb7fb55f284cf0521153c917c774c543a2e903a5e5e05ff
112,Trace-Anchored Reference,Exact Shapley net value,1,15,196.72162689051945,196.72162689051945,0.0,461.7893039483897,461.7893039483897,461.7893039483897,0.0,0.0,6,4e34bffdd2dd88657bb7fb55f284cf0521153c917c774c543a2e903a5e5e05ff
112,Trace-Anchored Reference,Exact Shapley net value,2,42,80.45884152150757,80.45884152150757,0.0,461.7893039483897,461.7893039483897,461.7893039483897,0.0,0.0,6,4e34bffdd2dd88657bb7fb55f284cf0521153c917c774c543a2e903a5e5e05ff
112,Trace-Anchored Reference,Exact Shapley net value,3,80,116.45177939640053,116.45177939640053,0.0,461.7893039483897,461.7893039483897,461.7893039483897,0.0,0.0,6,4e34bffdd2dd88657bb7fb55f284cf0521153c917c774c543a2e903a5e5e05ff
112,Trace-Anchored Reference,Exact Shapley net value,4,116,68.15705613996215,68.15705613996215,0.0,461.7893039483897,461.7893039483897,461.7893039483897,0.0,0.0,6,4e34bffdd2dd88657bb7fb55f284cf0521153c917c774c543a2e903a5e5e05ff
112,Risk-Constrained Convex Verifier,Nodal signed linear,1,15,49.924041301427145,196.72162689051945,146.7975855890923,-0.0887358837463097,-0.0887358837389911,461.7893039483897,-7.318590178329032e-12,-461.87803983213604,6,4e34bffdd2dd88657bb7fb55f284cf0521153c917c774c543a2e903a5e5e05ff
112,Risk-Constrained Convex Verifier,Nodal signed linear,2,42,-50.012777185173455,80.45884152150757,130.47161870668103,-0.0887358837463097,-0.0887358837389911,461.7893039483897,-7.318590178329032e-12,-461.87803983213604,6,4e34bffdd2dd88657bb7fb55f284cf0521153c917c774c543a2e903a5e5e05ff
112,Risk-Constrained Convex Verifier,Nodal signed linear,3,80,0.0,116.45177939640053,116.45177939640053,-0.0887358837463097,-0.0887358837389911,461.7893039483897,-7.318590178329032e-12,-461.87803983213604,6,4e34bffdd2dd88657bb7fb55f284cf0521153c917c774c543a2e903a5e5e05ff
112,Risk-Constrained Convex Verifier,Nodal signed linear,4,116,0.0,68.15705613996215,68.15705613996215,-0.0887358837463097,-0.0887358837389911,461.7893039483897,-7.318590178329032e-12,-461.87803983213604,6,4e34bffdd2dd88657bb7fb55f284cf0521153c917c774c543a2e903a5e5e05ff
112,Risk-Constrained Convex Verifier,Standalone avoided cost,1,15,49.924041301434045,196.72162689051945,146.7975855890854,-0.08873588373171515,-0.0887358837389911,461.7893039483897,7.275957614183426e-12,-461.87803983212143,6,4e34bffdd2dd88657bb7fb55f284cf0521153c917c774c543a2e903a5e5e05ff
112,Risk-Constrained Convex Verifier,Standalone avoided cost,2,42,-50.01277718516576,80.45884152150757,130.47161870667333,-0.08873588373171515,-0.0887358837389911,461.7893039483897,7.275957614183426e-12,-461.87803983212143,6,4e34bffdd2dd88657bb7fb55f284cf0521153c917c774c543a2e903a5e5e05ff
112,Risk-Constrained Convex Verifier,Standalone avoided cost,3,80,0.0,116.45177939640053,116.45177939640053,-0.08873588373171515,-0.0887358837389911,461.7893039483897,7.275957614183426e-12,-461.87803983212143,6,4e34bffdd2dd88657bb7fb55f284cf0521153c917c774c543a2e903a5e5e05ff
112,Risk-Constrained Convex Verifier,Standalone avoided cost,4,116,0.0,68.15705613996215,68.15705613996215,-0.08873588373171515,-0.0887358837389911,461.7893039483897,7.275957614183426e-12,-461.87803983212143,6,4e34bffdd2dd88657bb7fb55f284cf0521153c917c774c543a2e903a5e5e05ff
112,Risk-Constrained Convex Verifier,Leave-one-out marginal,1,15,49.92404130142677,196.72162689051945,146.79758558909268,-0.08873588374626706,-0.0887358837389911,461.7893039483897,-7.275957614183426e-12,-461.878039832136,6,4e34bffdd2dd88657bb7fb55f284cf0521153c917c774c543a2e903a5e5e05ff
112,Risk-Constrained Convex Verifier,Leave-one-out marginal,2,42,-50.012777185173036,80.45884152150757,130.4716187066806,-0.08873588374626706,-0.0887358837389911,461.7893039483897,-7.275957614183426e-12,-461.878039832136,6,4e34bffdd2dd88657bb7fb55f284cf0521153c917c774c543a2e903a5e5e05ff
112,Risk-Constrained Convex Verifier,Leave-one-out marginal,3,80,0.0,116.45177939640053,116.45177939640053,-0.08873588374626706,-0.0887358837389911,461.7893039483897,-7.275957614183426e-12,-461.878039832136,6,4e34bffdd2dd88657bb7fb55f284cf0521153c917c774c543a2e903a5e5e05ff
112,Risk-Constrained Convex Verifier,Leave-one-out marginal,4,116,0.0,68.15705613996215,68.15705613996215,-0.08873588374626706,-0.0887358837389911,461.7893039483897,-7.275957614183426e-12,-461.878039832136,6,4e34bffdd2dd88657bb7fb55f284cf0521153c917c774c543a2e903a5e5e05ff
112,Risk-Constrained Convex Verifier,Exact Shapley net value,1,15,49.92404130143041,196.72162689051945,146.79758558908904,-0.0887358837389911,-0.0887358837389911,461.7893039483897,0.0,-461.8780398321287,6,4e34bffdd2dd88657bb7fb55f284cf0521153c917c774c543a2e903a5e5e05ff
112,Risk-Constrained Convex Verifier,Exact Shapley net value,2,42,-50.0127771851694,80.45884152150757,130.47161870667696,-0.0887358837389911,-0.0887358837389911,461.7893039483897,0.0,-461.8780398321287,6,4e34bffdd2dd88657bb7fb55f284cf0521153c917c774c543a2e903a5e5e05ff
112,Risk-Constrained Convex Verifier,Exact Shapley net value,3,80,0.0,116.45177939640053,116.45177939640053,-0.0887358837389911,-0.0887358837389911,461.7893039483897,0.0,-461.8780398321287,6,4e34bffdd2dd88657bb7fb55f284cf0521153c917c774c543a2e903a5e5e05ff
112,Risk-Constrained Convex Verifier,Exact Shapley net value,4,116,0.0,68.15705613996215,68.15705613996215,-0.0887358837389911,-0.0887358837389911,461.7893039483897,0.0,-461.8780398321287,6,4e34bffdd2dd88657bb7fb55f284cf0521153c917c774c543a2e903a5e5e05ff
113,Trace-Anchored Reference,Nodal signed linear,1,15,153.41010783398403,153.41010783397786,6.16751094639767e-12,39.688962017691345,39.68896201768439,39.68896201768439,6.956213383091381e-12,6.956213383091381e-12,6,4e34bffdd2dd88657bb7fb55f284cf0521153c917c774c543a2e903a5e5e05ff
113,Trace-Anchored Reference,Nodal signed linear,2,42,-137.12808422450317,-137.1280842245075,4.320099833421409e-12,39.688962017691345,39.68896201768439,39.68896201768439,6.956213383091381e-12,6.956213383091381e-12,6,4e34bffdd2dd88657bb7fb55f284cf0521153c917c774c543a2e903a5e5e05ff
113,Trace-Anchored Reference,Nodal signed linear,3,80,-14.83123081725555,-14.831230817255957,4.0678571622265736e-13,39.688962017691345,39.68896201768439,39.68896201768439,6.956213383091381e-12,6.956213383091381e-12,6,4e34bffdd2dd88657bb7fb55f284cf0521153c917c774c543a2e903a5e5e05ff
113,Trace-Anchored Reference,Nodal signed linear,4,116,38.23816922546604,38.238169225469996,3.957723038183758e-12,39.688962017691345,39.68896201768439,39.68896201768439,6.956213383091381e-12,6.956213383091381e-12,6,4e34bffdd2dd88657bb7fb55f284cf0521153c917c774c543a2e903a5e5e05ff
113,Trace-Anchored Reference,Standalone avoided cost,1,15,153.41010783398815,153.41010783397786,1.028865881380625e-11,39.68896201770258,39.68896201768439,39.68896201768439,1.8189894035458565e-11,1.8189894035458565e-11,6,4e34bffdd2dd88657bb7fb55f284cf0521153c917c774c543a2e903a5e5e05ff
113,Trace-Anchored Reference,Standalone avoided cost,2,42,-137.1280842245069,-137.1280842245075,5.968558980384842e-13,39.68896201770258,39.68896201768439,39.68896201768439,1.8189894035458565e-11,1.8189894035458565e-11,6,4e34bffdd2dd88657bb7fb55f284cf0521153c917c774c543a2e903a5e5e05ff
113,Trace-Anchored Reference,Standalone avoided cost,3,80,-14.831230817249889,-14.831230817255957,6.0680349633912556e-12,39.68896201770258,39.68896201768439,39.68896201768439,1.8189894035458565e-11,1.8189894035458565e-11,6,4e34bffdd2dd88657bb7fb55f284cf0521153c917c774c543a2e903a5e5e05ff
113,Trace-Anchored Reference,Standalone avoided cost,4,116,38.23816922547121,38.238169225469996,1.2150280781497713e-12,39.68896201770258,39.68896201768439,39.68896201768439,1.8189894035458565e-11,1.8189894035458565e-11,6,4e34bffdd2dd88657bb7fb55f284cf0521153c917c774c543a2e903a5e5e05ff
113,Trace-Anchored Reference,Leave-one-out marginal,1,15,153.41010783396996,153.41010783397786,7.901235221652314e-12,39.68896201765892,39.68896201768439,39.68896201768439,-2.546585164964199e-11,-2.546585164964199e-11,6,4e34bffdd2dd88657bb7fb55f284cf0521153c917c774c543a2e903a5e5e05ff
113,Trace-Anchored Reference,Leave-one-out marginal,2,42,-137.12808422451053,-137.1280842245075,3.0411229090532288e-12,39.68896201765892,39.68896201768439,39.68896201768439,-2.546585164964199e-11,-2.546585164964199e-11,6,4e34bffdd2dd88657bb7fb55f284cf0521153c917c774c543a2e903a5e5e05ff
113,Trace-Anchored Reference,Leave-one-out marginal,3,80,-14.83123081726444,-14.831230817255957,8.483880264975596e-12,39.68896201765892,39.68896201768439,39.68896201768439,-2.546585164964199e-11,-2.546585164964199e-11,6,4e34bffdd2dd88657bb7fb55f284cf0521153c917c774c543a2e903a5e5e05ff
113,Trace-Anchored Reference,Leave-one-out marginal,4,116,38.238169225463935,38.238169225469996,6.0609295360336546e-12,39.68896201765892,39.68896201768439,39.68896201768439,-2.546585164964199e-11,-2.546585164964199e-11,6,4e34bffdd2dd88657bb7fb55f284cf0521153c917c774c543a2e903a5e5e05ff
113,Trace-Anchored Reference,Exact Shapley net value,1,15,153.41010783397786,153.41010783397786,0.0,39.68896201768441,39.68896201768439,39.68896201768439,2.1316282072803006e-14,2.1316282072803006e-14,6,4e34bffdd2dd88657bb7fb55f284cf0521153c917c774c543a2e903a5e5e05ff
113,Trace-Anchored Reference,Exact Shapley net value,2,42,-137.1280842245075,-137.1280842245075,0.0,39.68896201768441,39.68896201768439,39.68896201768439,2.1316282072803006e-14,2.1316282072803006e-14,6,4e34bffdd2dd88657bb7fb55f284cf0521153c917c774c543a2e903a5e5e05ff
113,Trace-Anchored Reference,Exact Shapley net value,3,80,-14.831230817255957,-14.831230817255957,0.0,39.68896201768441,39.68896201768439,39.68896201768439,2.1316282072803006e-14,2.1316282072803006e-14,6,4e34bffdd2dd88657bb7fb55f284cf0521153c917c774c543a2e903a5e5e05ff
113,Trace-Anchored Reference,Exact Shapley net value,4,116,38.238169225469996,38.238169225469996,0.0,39.68896201768441,39.68896201768439,39.68896201768439,2.1316282072803006e-14,2.1316282072803006e-14,6,4e34bffdd2dd88657bb7fb55f284cf0521153c917c774c543a2e903a5e5e05ff
113,Risk-Constrained Convex Verifier,Nodal signed linear,1,15,179.31683841999492,153.41010783397786,25.906730586017062,-0.703375340987253,-0.703375340988714,39.68896201768439,1.461053500406706e-12,-40.39233735867164,6,4e34bffdd2dd88657bb7fb55f284cf0521153c917c774c543a2e903a5e5e05ff
113,Risk-Constrained Convex Verifier,Nodal signed linear,2,42,-180.0202137609822,-137.1280842245075,42.8921295364747,-0.703375340987253,-0.703375340988714,39.68896201768439,1.461053500406706e-12,-40.39233735867164,6,4e34bffdd2dd88657bb7fb55f284cf0521153c917c774c543a2e903a5e5e05ff
113,Risk-Constrained Convex Verifier,Nodal signed linear,3,80,1.1546319456101628e-14,-14.831230817255957,14.831230817255967,-0.703375340987253,-0.703375340988714,39.68896201768439,1.461053500406706e-12,-40.39233735867164,6,4e34bffdd2dd88657bb7fb55f284cf0521153c917c774c543a2e903a5e5e05ff
113,Risk-Constrained Convex Verifier,Nodal signed linear,4,116,0.0,38.238169225469996,38.238169225469996,-0.703375340987253,-0.703375340988714,39.68896201768439,1.461053500406706e-12,-40.39233735867164,6,4e34bffdd2dd88657bb7fb55f284cf0521153c917c774c543a2e903a5e5e05ff
113,Risk-Constrained Convex Verifier,Standalone avoided cost,1,15,179.31683842000348,153.41010783397786,25.906730586025617,-0.7033753409814381,-0.703375340988714,39.68896201768439,7.275957614183426e-12,-40.39233735866583,6,4e34bffdd2dd88657bb7fb55f284cf0521153c917c774c543a2e903a5e5e05ff
113,Risk-Constrained Convex Verifier,Standalone avoided cost,2,42,-180.02021376097764,-137.1280842245075,42.89212953647015,-0.7033753409814381,-0.703375340988714,39.68896201768439,7.275957614183426e-12,-40.39233735866583,6,4e34bffdd2dd88657bb7fb55f284cf0521153c917c774c543a2e903a5e5e05ff
113,Risk-Constrained Convex Verifier,Standalone avoided cost,3,80,-7.275957614183426e-12,-14.831230817255957,14.83123081724868,-0.7033753409814381,-0.703375340988714,39.68896201768439,7.275957614183426e-12,-40.39233735866583,6,4e34bffdd2dd88657bb7fb55f284cf0521153c917c774c543a2e903a5e5e05ff
113,Risk-Constrained Convex Verifier,Standalone avoided cost,4,116,0.0,38.238169225469996,38.238169225469996,-0.7033753409814381,-0.703375340988714,39.68896201768439,7.275957614183426e-12,-40.39233735866583,6,4e34bffdd2dd88657bb7fb55f284cf0521153c917c774c543a2e903a5e5e05ff
113,Risk-Constrained Convex Verifier,Leave-one-out marginal,1,15,179.31683841998893,153.41010783397786,25.906730586011065,-0.7033753410069039,-0.703375340988714,39.68896201768439,-1.8189894035458565e-11,-40.39233735869129,6,4e34bffdd2dd88657bb7fb55f284cf0521153c917c774c543a2e903a5e5e05ff
113,Risk-Constrained Convex Verifier,Leave-one-out marginal,2,42,-180.02021376098855,-137.1280842245075,42.892129536481065,-0.7033753410069039,-0.703375340988714,39.68896201768439,-1.8189894035458565e-11,-40.39233735869129,6,4e34bffdd2dd88657bb7fb55f284cf0521153c917c774c543a2e903a5e5e05ff
113,Risk-Constrained Convex Verifier,Leave-one-out marginal,3,80,-7.275957614183426e-12,-14.831230817255957,14.83123081724868,-0.7033753410069039,-0.703375340988714,39.68896201768439,-1.8189894035458565e-11,-40.39233735869129,6,4e34bffdd2dd88657bb7fb55f284cf0521153c917c774c543a2e903a5e5e05ff
113,Risk-Constrained Convex Verifier,Leave-one-out marginal,4,116,0.0,38.238169225469996,38.238169225469996,-0.7033753410069039,-0.703375340988714,39.68896201768439,-1.8189894035458565e-11,-40.39233735869129,6,4e34bffdd2dd88657bb7fb55f284cf0521153c917c774c543a2e903a5e5e05ff
113,Risk-Constrained Convex Verifier,Exact Shapley net value,1,15,179.31683841999802,153.41010783397786,25.90673058602016,-0.703375340988714,-0.703375340988714,39.68896201768439,0.0,-40.3923373586731,6,4e34bffdd2dd88657bb7fb55f284cf0521153c917c774c543a2e903a5e5e05ff
113,Risk-Constrained Convex Verifier,Exact Shapley net value,2,42,-180.02021376098128,-137.1280842245075,42.89212953647379,-0.703375340988714,-0.703375340988714,39.68896201768439,0.0,-40.3923373586731,6,4e34bffdd2dd88657bb7fb55f284cf0521153c917c774c543a2e903a5e5e05ff
113,Risk-Constrained Convex Verifier,Exact Shapley net value,3,80,-5.4569682106375694e-12,-14.831230817255957,14.8312308172505,-0.703375340988714,-0.703375340988714,39.68896201768439,0.0,-40.3923373586731,6,4e34bffdd2dd88657bb7fb55f284cf0521153c917c774c543a2e903a5e5e05ff
113,Risk-Constrained Convex Verifier,Exact Shapley net value,4,116,0.0,38.238169225469996,38.238169225469996,-0.703375340988714,-0.703375340988714,39.68896201768439,0.0,-40.3923373586731,6,4e34bffdd2dd88657bb7fb55f284cf0521153c917c774c543a2e903a5e5e05ff
114,Trace-Anchored Reference,Nodal signed linear,1,15,398.60008188257336,398.473049122594,0.1270327599793859,514.9275141414081,512.8612348277093,512.8612348277093,2.0662793136988284,2.0662793136988284,6,4e34bffdd2dd88657bb7fb55f284cf0521153c917c774c543a2e903a5e5e05ff
114,Trace-Anchored Reference,Nodal signed linear,2,42,62.222845091814065,61.222526190941906,1.0003189008721591,514.9275141414081,512.8612348277093,512.8612348277093,2.0662793136988284,2.0662793136988284,6,4e34bffdd2dd88657bb7fb55f284cf0521153c917c774c543a2e903a5e5e05ff
114,Trace-Anchored Reference,Nodal signed linear,3,80,53.774764578478795,53.3791134774674,0.39565110101139567,514.9275141414081,512.8612348277093,512.8612348277093,2.0662793136988284,2.0662793136988284,6,4e34bffdd2dd88657bb7fb55f284cf0521153c917c774c543a2e903a5e5e05ff
114,Trace-Anchored Reference,Nodal signed linear,4,116,0.3298225885419299,-0.21345396329402888,0.5432765518359588,514.9275141414081,512.8612348277093,512.8612348277093,2.0662793136988284,2.0662793136988284,6,4e34bffdd2dd88657bb7fb55f284cf0521153c917c774c543a2e903a5e5e05ff
114,Trace-Anchored Reference,Standalone avoided cost,1,15,398.6000818825887,398.473049122594,0.12703275999473362,514.92751414144,512.8612348277093,512.8612348277093,2.0662793137307744,2.0662793137307744,6,4e34bffdd2dd88657bb7fb55f284cf0521153c917c774c543a2e903a5e5e05ff
114,Trace-Anchored Reference,Standalone avoided cost,2,42,62.22284509181554,61.222526190941906,1.000318900873637,514.92751414144,512.8612348277093,512.8612348277093,2.0662793137307744,2.0662793137307744,6,4e34bffdd2dd88657bb7fb55f284cf0521153c917c774c543a2e903a5e5e05ff
114,Trace-Anchored Reference,Standalone avoided cost,3,80,53.774764578476606,53.3791134774674,0.3956511010092072,514.92751414144,512.8612348277093,512.8612348277093,2.0662793137307744,2.0662793137307744,6,4e34bffdd2dd88657bb7fb55f284cf0521153c917c774c543a2e903a5e5e05ff
114,Trace-Anchored Reference,Standalone avoided cost,4,116,0.3298225885591819,-0.21345396329402888,0.5432765518532108,514.92751414144,512.8612348277093,512.8612348277093,2.0662793137307744,2.0662793137307744,6,4e34bffdd2dd88657bb7fb55f284cf0521153c917c774c543a2e903a5e5e05ff
114,Trace-Anchored Reference,Leave-one-out marginal,1,15,399.15366099153107,398.473049122594,0.6806118689370919,511.73637665627757,512.8612348277093,512.8612348277093,-1.124858171431697,-1.124858171431697,6,4e34bffdd2dd88657bb7fb55f284cf0521153c917c774c543a2e903a5e5e05ff
114,Trace-Anchored Reference,Leave-one-out marginal,2,42,60.1565657781066,61.222526190941906,1.0659604128353095,511.73637665627757,512.8612348277093,512.8612348277093,-1.124858171431697,-1.124858171431697,6,4e34bffdd2dd88657bb7fb55f284cf0521153c917c774c543a2e903a5e5e05ff
114,Trace-Anchored Reference,Leave-one-out marginal,3,80,53.15698411453559,53.3791134774674,0.22212936293180974,511.73637665627757,512.8612348277093,512.8612348277093,-1.124858171431697,-1.124858171431697,6,4e34bffdd2dd88657bb7fb55f284cf0521153c917c774c543a2e903a5e5e05ff
114,Trace-Anchored Reference,Leave-one-out marginal,4,116,-0.7308342278956843,-0.21345396329402888,0.5173802646016554,511.73637665627757,512.8612348277093,512.8612348277093,-1.124858171431697,-1.124858171431697,6,4e34bffdd2dd88657bb7fb55f284cf0521153c917c774c543a2e903a5e5e05ff
114,Trace-Anchored Reference,Exact Shapley net value,1,15,398.473049122594,398.473049122594,0.0,512.8612348277093,512.8612348277093,512.8612348277093,0.0,0.0,6,4e34bffdd2dd88657bb7fb55f284cf0521153c917c774c543a2e903a5e5e05ff
114,Trace-Anchored Reference,Exact Shapley net value,2,42,61.222526190941906,61.222526190941906,0.0,512.8612348277093,512.8612348277093,512.8612348277093,0.0,0.0,6,4e34bffdd2dd88657bb7fb55f284cf0521153c917c774c543a2e903a5e5e05ff
114,Trace-Anchored Reference,Exact Shapley net value,3,80,53.3791134774674,53.3791134774674,0.0,512.8612348277093,512.8612348277093,512.8612348277093,0.0,0.0,6,4e34bffdd2dd88657bb7fb55f284cf0521153c917c774c543a2e903a5e5e05ff
114,Trace-Anchored Reference,Exact Shapley net value,4,116,-0.21345396329402888,-0.21345396329402888,0.0,512.8612348277093,512.8612348277093,512.8612348277093,0.0,0.0,6,4e34bffdd2dd88657bb7fb55f284cf0521153c917c774c543a2e903a5e5e05ff
114,Risk-Constrained Convex Verifier,Nodal signed linear,1,15,124.90475364018278,398.473049122594,273.5682954824112,-2.1958633192360573,-2.2967697916392353,512.8612348277093,0.10090647240317807,-515.0570981469453,6,4e34bffdd2dd88657bb7fb55f284cf0521153c917c774c543a2e903a5e5e05ff
114,Risk-Constrained Convex Verifier,Nodal signed linear,2,42,-126.6615278962955,61.222526190941906,187.88405408723742,-2.1958633192360573,-2.2967697916392353,512.8612348277093,0.10090647240317807,-515.0570981469453,6,4e34bffdd2dd88657bb7fb55f284cf0521153c917c774c543a2e903a5e5e05ff
114,Risk-Constrained Convex Verifier,Nodal signed linear,3,80,-0.1503639088016584,53.3791134774674,53.52947738626906,-2.1958633192360573,-2.2967697916392353,512.8612348277093,0.10090647240317807,-515.0570981469453,6,4e34bffdd2dd88657bb7fb55f284cf0521153c917c774c543a2e903a5e5e05ff
114,Risk-Constrained Convex Verifier,Nodal signed linear,4,116,-0.28872515432167845,-0.21345396329402888,0.07527119102764956,-2.1958633192360573,-2.2967697916392353,512.8612348277093,0.10090647240317807,-515.0570981469453,6,4e34bffdd2dd88657bb7fb55f284cf0521153c917c774c543a2e903a5e5e05ff
114,Risk-Constrained Convex Verifier,Standalone avoided cost,1,15,124.90475364018494,398.473049122594,273.56829548240904,-7.182255429048382,-2.2967697916392353,512.8612348277093,-4.885485637409147,-520.0434902567577,6,4e34bffdd2dd88657bb7fb55f284cf0521153c917c774c543a2e903a5e5e05ff
114,Risk-Constrained Convex Verifier,Standalone avoided cost,2,42,-131.6479200061185,61.222526190941906,192.8704461970604,-7.182255429048382,-2.2967697916392353,512.8612348277093,-4.885485637409147,-520.0434902567577,6,4e34bffdd2dd88657bb7fb55f284cf0521153c917c774c543a2e903a5e5e05ff
114,Risk-Constrained Convex Verifier,Standalone avoided cost,3,80,-0.15036390879322425,53.3791134774674,53.52947738626062,-7.182255429048382,-2.2967697916392353,512.8612348277093,-4.885485637409147,-520.0434902567577,6,4e34bffdd2dd88657bb7fb55f284cf0521153c917c774c543a2e903a5e5e05ff
114,Risk-Constrained Convex Verifier,Standalone avoided cost,4,116,-0.2887251543215825,-0.21345396329402888,0.07527119102755364,-7.182255429048382,-2.2967697916392353,512.8612348277093,-4.885485637409147,-520.0434902567577,6,4e34bffdd2dd88657bb7fb55f284cf0521153c917c774c543a2e903a5e5e05ff
114,Risk-Constrained Convex Verifier,Leave-one-out marginal,1,15,131.0987264771902,398.473049122594,267.37432264540377,4.336292108484486,-2.2967697916392353,512.8612348277093,6.633061900123721,-508.5249427192248,6,4e34bffdd2dd88657bb7fb55f284cf0521153c917c774c543a2e903a5e5e05ff
114,Risk-Constrained Convex Verifier,Leave-one-out marginal,2,42,-126.76243436870936,61.222526190941906,187.98496055965126,4.336292108484486,-2.2967697916392353,512.8612348277093,6.633061900123721,-508.5249427192248,6,4e34bffdd2dd88657bb7fb55f284cf0521153c917c774c543a2e903a5e5e05ff
114,Risk-Constrained Convex Verifier,Leave-one-out marginal,3,80,7.275957614183426e-12,53.3791134774674,53.37911347746012,4.336292108484486,-2.2967697916392353,512.8612348277093,6.633061900123721,-508.5249427192248,6,4e34bffdd2dd88657bb7fb55f284cf0521153c917c774c543a2e903a5e5e05ff
114,Risk-Constrained Convex Verifier,Leave-one-out marginal,4,116,-3.637978807091713e-12,-0.21345396329402888,0.2134539632903909,4.336292108484486,-2.2967697916392353,512.8612348277093,6.633061900123721,-508.5249427192248,6,4e34bffdd2dd88657bb7fb55f284cf0521153c917c774c543a2e903a5e5e05ff
114,Risk-Constrained Convex Verifier,Exact Shapley net value,1,15,127.71047734823453,398.473049122594,270.76257177435946,-2.2967697916392282,-2.2967697916392353,512.8612348277093,7.105427357601002e-15,-515.1580046193485,6,4e34bffdd2dd88657bb7fb55f284cf0521153c917c774c543a2e903a5e5e05ff
114,Risk-Constrained Convex Verifier,Exact Shapley net value,2,42,-129.49643989786696,61.222526190941906,190.71896608880888,-2.2967697916392282,-2.2967697916392353,512.8612348277093,7.105427357601002e-15,-515.1580046193485,6,4e34bffdd2dd88657bb7fb55f284cf0521153c917c774c543a2e903a5e5e05ff
114,Risk-Constrained Convex Verifier,Exact Shapley net value,3,80,-0.1749234494788361,53.3791134774674,53.55403692694624,-2.2967697916392282,-2.2967697916392353,512.8612348277093,7.105427357601002e-15,-515.1580046193485,6,4e34bffdd2dd88657bb7fb55f284cf0521153c917c774c543a2e903a5e5e05ff
114,Risk-Constrained Convex Verifier,Exact Shapley net value,4,116,-0.3358837925279623,-0.21345396329402888,0.12242982923393342,-2.2967697916392282,-2.2967697916392353,512.8612348277093,7.105427357601002e-15,-515.1580046193485,6,4e34bffdd2dd88657bb7fb55f284cf0521153c917c774c543a2e903a5e5e05ff
