day,method,truth_source,event_intervention,mae_mw,rmse_mw,nrmse,bias_mw,max_abs_error_mw
61,Ex-post Metadata Gradient Boosting,independent_trace_observed_meter,False,8.591334788177857,14.439360582900315,1.16008290352814,0.27629050665348087,62.81449551858185
61,Ex-post Quantile Gradient Boosting,independent_trace_observed_meter,False,5.451750822930974,6.240792449087792,0.501395929763536,-4.252700960227301,11.308675892269513
61,Extra Trees,independent_trace_observed_meter,False,11.851535137751181,23.24494092157397,1.8675382751071348,2.041863397517826,91.07687070523251
61,Feasible Quantile Projection,independent_trace_observed_meter,False,3.7705357294096395,4.527265714785435,0.36372826381739687,-2.5714858667059657,10.467053939863934
61,Gradient Boosting,independent_trace_observed_meter,False,7.224254652614832,12.581568852228898,1.0108247412505018,-0.5888260798995179,51.05633740240372
61,High-5-of-10,independent_trace_observed_meter,False,12.59452710072459,24.99534219592324,2.0081685046126703,2.843991580325223,107.76351078128084
61,Metadata Gradient Boosting,independent_trace_observed_meter,False,7.805608018640482,11.31876644402117,0.9093690378704776,-0.5064804784261039,43.978657079103336
61,Ridge,independent_trace_observed_meter,False,7.9133847471375045,16.120670992848325,1.295162254923685,1.50764615679763,73.2061486356586
61,Risk-Constrained Convex Verifier,independent_trace_observed_meter,False,5.150995677757749,6.084231606114919,0.48881756410447286,-1.9203733116375281,18.73243439668458
61,Single Feasible Projection,independent_trace_observed_meter,False,7.007861229787786,9.658378023771085,0.7759705948792214,-1.3042272672788005,38.75536805125657
61,Synthetic Control,independent_trace_observed_meter,False,8.71648974476544,17.629133243160492,1.4163546898073378,-1.4251088115155215,92.31610241860794
61,Tail-Risk Feasible Counterfactual,independent_trace_observed_meter,False,5.442189600445633,6.12913635124774,0.4924252880626629,-2.161111096153528,11.47214365040519
62,Ex-post Metadata Gradient Boosting,independent_trace_observed_meter,False,18.21868586057273,23.484632602561366,1.3277845755765205,2.510598237849411,68.31198540498575
62,Ex-post Quantile Gradient Boosting,independent_trace_observed_meter,False,9.618931208326593,10.391579825054487,0.587523749725369,-9.618931208326593,15.5655741963066
62,Extra Trees,independent_trace_observed_meter,False,12.579324682527734,18.260884536470186,1.0324419902257467,-5.5539867467763875,82.89225827931156
62,Feasible Quantile Projection,independent_trace_observed_meter,False,1.587618925213974e-14,2.067281779060327e-14,1.1688089424517189e-15,4.440892098500626e-16,4.973799150320701e-14
62,Gradient Boosting,independent_trace_observed_meter,False,10.247669366837567,13.051954514136463,0.7379371940060331,-6.596855000643625,50.825398790866444
62,High-5-of-10,independent_trace_observed_meter,False,15.378246250598572,25.036046148632245,1.4154990828321596,-2.396253782141916,103.60453186534784
62,Metadata Gradient Boosting,independent_trace_observed_meter,False,17.736740657268086,22.58831372862638,1.2771081014860046,1.9678132848007381,66.86106329090774
62,Ridge,independent_trace_observed_meter,False,8.820604174697207,12.394064662900583,0.700741125765048,-4.256143032413503,54.67461335616329
62,Risk-Constrained Convex Verifier,independent_trace_observed_meter,False,11.47660442041791,13.63660670346908,0.7709925188310093,0.301034420875141,28.064564824343194
62,Single Feasible Projection,independent_trace_observed_meter,False,17.684032565386424,22.52481936305761,1.2735182288801612,1.9294965841636698,66.86106329090772
62,Synthetic Control,independent_trace_observed_meter,False,15.425726392201152,25.94231015373726,1.466737839160304,-2.3715743607508273,109.10253828486726
62,Tail-Risk Feasible Counterfactual,independent_trace_observed_meter,False,13.767502933482035,16.264196712573664,0.9195523683322324,0.18825728664572194,34.19806848027384
63,Ex-post Metadata Gradient Boosting,independent_trace_observed_meter,False,18.475271890638282,23.403057019890976,1.166212223161173,-0.8169903669468797,69.46492547386083
63,Ex-post Quantile Gradient Boosting,independent_trace_observed_meter,False,12.019674970348294,13.277534033160531,0.6616410185109404,-12.019674970348294,22.176069540696787
63,Extra Trees,independent_trace_observed_meter,False,18.77908879689188,25.714012993770137,1.2813709010054644,-1.6044792401093937,106.35514971099394
63,Feasible Quantile Projection,independent_trace_observed_meter,False,5.220698303919671,5.414952454679702,0.2698358481593566,-5.220698303919671,8.801062964224935
63,Gradient Boosting,independent_trace_observed_meter,False,15.921560551623871,20.08315516128162,1.0007761382977707,-1.99358252495992,67.47760332770574
63,High-5-of-10,independent_trace_observed_meter,False,18.53672243512691,28.080655422954575,1.399304525079487,-3.4289602956391474,110.294263602688
63,Metadata Gradient Boosting,independent_trace_observed_meter,False,17.43015821548485,21.751473821483167,1.0839111583082452,-1.6771335894676593,68.29844768424613
63,Ridge,independent_trace_observed_meter,False,12.90433751215501,17.35053078584309,0.8646050412810004,-1.1139131661442185,69.83799659876573
63,Risk-Constrained Convex Verifier,independent_trace_observed_meter,False,10.685094982601347,12.546213815086787,0.625198147964686,-3.9995463067982877,43.07308089941809
63,Single Feasible Projection,independent_trace_observed_meter,False,16.562677294238796,21.24548623047215,1.0586969774042978,-0.8096526682216043,68.29844768424616
63,Synthetic Control,independent_trace_observed_meter,False,17.033915355358015,22.422663030393466,1.1173576033098442,-5.154305813339748,88.90846326921366
63,Tail-Risk Feasible Counterfactual,independent_trace_observed_meter,False,11.560784033473881,12.660531746406683,0.6308947955743743,-4.395966810509281,32.07813426710049
64,Ex-post Metadata Gradient Boosting,independent_trace_observed_meter,False,18.40285164112806,22.32146113729009,1.1211829579189438,-0.7417562465542185,57.43112651880354
64,Ex-post Quantile Gradient Boosting,independent_trace_observed_meter,False,11.921878015059463,12.620927151154302,0.6339355810077851,-11.921878015059463,19.11633127182382
64,Extra Trees,independent_trace_observed_meter,False,14.945982054691465,20.002474555772203,1.0047027589369422,-4.638978955751767,73.76174247919575
64,Feasible Quantile Projection,independent_trace_observed_meter,False,1.9532373638550167,1.989396977685899,0.09992526807264696,-1.9532373638550167,2.5364486994010917
64,Gradient Boosting,independent_trace_observed_meter,False,15.352431878587426,19.081406609483814,0.9584385077702144,-2.2598880017332026,50.95948894097734
64,High-5-of-10,independent_trace_observed_meter,False,18.94416507943768,26.361756078328977,1.3241226223520792,-2.016904906027341,99.39716056459223
64,Metadata Gradient Boosting,independent_trace_observed_meter,False,17.51505383939223,21.163024296551267,1.0629959227749035,-1.647787191060428,57.652232310032474
64,Ridge,independent_trace_observed_meter,False,13.921172801968666,19.998784798217,1.0045174263879526,-0.524525258352545,68.41931337469703
64,Risk-Constrained Convex Verifier,independent_trace_observed_meter,False,11.652815849895578,14.298155009841697,0.7181809303664646,-1.2174603275118703,38.9741891229272
64,Single Feasible Projection,independent_trace_observed_meter,False,16.39518669765636,20.734544739141214,1.0414738559787364,-0.5279200493245573,57.652232310032474
64,Synthetic Control,independent_trace_observed_meter,False,19.835656673287975,26.057836389044475,1.3088570636099344,-1.1254133121770487,99.39716056459224
64,Tail-Risk Feasible Counterfactual,independent_trace_observed_meter,False,13.59961863270598,16.41810339640504,0.8246636551336095,-1.4150784490061963,44.30865697338949
65,Ex-post Metadata Gradient Boosting,independent_trace_observed_meter,False,6.043090031999826,11.361526445586467,1.1484369097369636,1.8353964880664053,43.27914684448462
65,Ex-post Quantile Gradient Boosting,independent_trace_observed_meter,False,2.9668952709694176,3.3605959942043047,0.33969312987496125,-2.7957736678015834,6.993333952686544
65,Extra Trees,independent_trace_observed_meter,False,13.082136122865917,23.515069528633802,2.376931824350478,10.201364199225132,101.88005661391175
65,Feasible Quantile Projection,independent_trace_observed_meter,False,2.1837010433236403,2.3635863434108733,0.23891418192119146,-2.012579440155806,4.100926894753103
65,Gradient Boosting,independent_trace_observed_meter,False,12.270582902358434,23.23165323425699,2.3482837606556872,11.040666795332722,65.71945902338156
65,High-5-of-10,independent_trace_observed_meter,False,15.743727832399745,30.555289053990855,3.0885657755007396,9.84215928260764,114.18288020551522
65,Metadata Gradient Boosting,independent_trace_observed_meter,False,7.038451635784804,14.368199662422258,1.4523550948742383,2.8785633002951707,53.54395484100772
65,Ridge,independent_trace_observed_meter,False,11.524499484212338,23.35558344248947,2.3608107768138775,11.149546373883705,83.13252955310601
65,Risk-Constrained Convex Verifier,independent_trace_observed_meter,False,2.9380442912668423,3.66908951735163,0.37087603034999467,-1.9827214806930968,14.342677425894468
65,Single Feasible Projection,independent_trace_observed_meter,False,3.2130742621645374,4.307771030335699,0.4354347343754106,-1.9662142707927397,17.932687414133273
65,Synthetic Control,independent_trace_observed_meter,False,4.471683848992153,6.899662188412675,0.6974262446018195,-1.5475930815698151,32.64703786671164
65,Tail-Risk Feasible Counterfactual,independent_trace_observed_meter,False,3.065079353696416,3.998168388163406,0.404139722800547,-1.993907228463462,16.262185671437198
66,Ex-post Metadata Gradient Boosting,independent_trace_observed_meter,False,5.966262613506616,8.628844556347318,0.7347106139337549,-1.2934876740345973,35.730433846142645
66,Ex-post Quantile Gradient Boosting,independent_trace_observed_meter,False,5.031244138759787,5.1684238037460615,0.44007002341082124,-5.031244138759787,8.512348628391024
66,Extra Trees,independent_trace_observed_meter,False,8.040766694787555,15.47205514478763,1.3173818417996637,-0.3643802814405348,67.74416955736812
66,Feasible Quantile Projection,independent_trace_observed_meter,False,4.642567004635017,4.733642724022897,0.4030502032107679,-4.642567004635017,5.777464742768373
66,Gradient Boosting,independent_trace_observed_meter,False,6.661429967172889,12.896167887401967,1.0980556393238265,0.29970767292790046,53.17723988787539
66,High-5-of-10,independent_trace_observed_meter,False,16.502281418141628,30.03540836236924,2.5573914529998993,7.990645537528588,112.78615805007786
66,Metadata Gradient Boosting,independent_trace_observed_meter,False,5.88092568819513,8.385261562200087,0.7139705241100148,-1.4039709654888877,33.98189973130131
66,Ridge,independent_trace_observed_meter,False,6.853482462515095,13.371008676071948,1.1384863789305428,1.2005253138581782,57.79902456627164
66,Risk-Constrained Convex Verifier,independent_trace_observed_meter,False,5.341610979363965,6.1621517996947235,0.5246818739568533,-3.992362987354758,21.587967872147313
66,Single Feasible Projection,independent_trace_observed_meter,False,5.694782215533561,7.462737849224722,0.6354214253167121,-3.707258482003837,31.800379736475588
66,Synthetic Control,independent_trace_observed_meter,False,6.127367871929598,8.933285697589811,0.760632524605379,-2.864010418858128,40.8630356320853
66,Tail-Risk Feasible Counterfactual,independent_trace_observed_meter,False,5.462340558420676,6.5630416744075575,0.5588159974825149,-3.908014877125214,24.8692109007274
67,Ex-post Metadata Gradient Boosting,independent_trace_observed_meter,False,4.295085022719027,8.762056616026518,0.8456597108779905,-0.8994396819184965,46.642136673235555
67,Ex-post Quantile Gradient Boosting,independent_trace_observed_meter,False,3.7430539941937706,3.7877602126569747,0.36557127472240003,-3.7430539941937706,4.7972324562810815
67,Extra Trees,independent_trace_observed_meter,False,6.023697899606557,12.807881023392095,1.236137751425901,-0.41516727624944716,67.77485298863678
67,Feasible Quantile Projection,independent_trace_observed_meter,False,3.769795516893552,3.808045701380051,0.36752910509035247,-3.769795516893552,4.7972324562810815
67,Gradient Boosting,independent_trace_observed_meter,False,5.449110627516861,10.820182062428135,1.0442972963474975,1.1883157236375674,51.96398911664497
67,High-5-of-10,independent_trace_observed_meter,False,15.836509234783794,30.42380559616467,2.9363182380266575,9.373985660174888,113.40608951220216
67,Metadata Gradient Boosting,independent_trace_observed_meter,False,4.106334902739734,8.426881581962933,0.8133106820117207,-1.0804009328371902,44.75312176013858
67,Ridge,independent_trace_observed_meter,False,5.651593811743152,14.920735643415032,1.4400574594802522,2.2154244753072723,74.76530041786606
67,Risk-Constrained Convex Verifier,independent_trace_observed_meter,False,3.6359781553004327,3.6911579432252024,0.35624781896106567,-3.6359781553004327,4.301995942379519
67,Single Feasible Projection,independent_trace_observed_meter,False,3.5893352107860808,3.657135222851455,0.35296415564600325,-3.548555077562119,4.301995942379568
67,Synthetic Control,independent_trace_observed_meter,False,6.589054163124482,14.46567209776411,1.396137530254688,-0.25505435689501876,77.79023335287106
67,Tail-Risk Feasible Counterfactual,independent_trace_observed_meter,False,3.6287372725015223,3.6778292534414394,0.35496141595742575,-3.6287372725015223,4.301995942379567
68,Ex-post Metadata Gradient Boosting,independent_trace_observed_meter,False,7.352781029880319,13.46165658599807,1.2394327410347397,1.2618852753346226,64.35120199070711
68,Ex-post Quantile Gradient Boosting,independent_trace_observed_meter,False,3.748754668634101,4.840012876271742,0.44562646413967727,-3.6734583297718735,9.936994664202535
68,Extra Trees,independent_trace_observed_meter,False,9.613921184456661,17.09574994250458,1.5740285808005519,2.3138146137076783,81.4885737411014
68,Feasible Quantile Projection,independent_trace_observed_meter,False,1.0012687318187004,1.1802285713726495,0.1086652243666237,-0.9741851406956873,2.756585003738163
68,Gradient Boosting,independent_trace_observed_meter,False,6.024547533744224,10.91450396059141,1.00491298931077,0.9520875951840063,53.01153415970155
68,High-5-of-10,independent_trace_observed_meter,False,16.24461286362869,29.986052113932885,2.7608559560967927,8.664775495825651,116.11227034112665
68,Metadata Gradient Boosting,independent_trace_observed_meter,False,6.930924102201036,10.812858378905672,0.9955543445468064,0.8752815146212307,42.76045340991417
68,Ridge,independent_trace_observed_meter,False,5.330267688361799,11.379155950522781,1.0476941199857943,1.0447038976054837,59.837602001973444
68,Risk-Constrained Convex Verifier,independent_trace_observed_meter,False,4.103679592372336,5.19902665516439,0.47868134332185663,-0.8035124554271165,12.939549521643565
68,Single Feasible Projection,independent_trace_observed_meter,False,5.800663148112308,7.805315898597205,0.7186458826250846,-0.4231647398654552,19.68224518676344
68,Synthetic Control,independent_trace_observed_meter,False,7.301415647441867,14.93465019415009,1.375053234219617,-0.321870017659017,77.84779730777413
68,Tail-Risk Feasible Counterfactual,independent_trace_observed_meter,False,4.622516258918051,6.012888540817268,0.5536146965324606,-0.8676114418366894,15.855218543638165
69,Ex-post Metadata Gradient Boosting,independent_trace_observed_meter,False,17.64039862071896,21.24285777834834,1.1092861391003561,-0.42617934842102345,66.75091481839628
69,Ex-post Quantile Gradient Boosting,independent_trace_observed_meter,False,11.197732362363869,11.789348989920342,0.6156309833634932,-11.197732362363869,16.24283998119536
69,Extra Trees,independent_trace_observed_meter,False,14.728939666002427,17.47189883014748,0.912369484288533,-4.90259231343528,61.505966116250775
69,Feasible Quantile Projection,independent_trace_observed_meter,False,1.423347712394813,1.6202831734507481,0.08460997500808952,-1.37063032146437,3.2638397652105944
69,Gradient Boosting,independent_trace_observed_meter,False,11.932593255386132,13.594799956085092,0.7099102819630069,-6.606227051488034,42.42712544816733
69,High-5-of-10,independent_trace_observed_meter,False,20.062719047881977,29.109060484293412,1.5200533588457321,0.36543532277178814,106.19414830817708
69,Metadata Gradient Boosting,independent_trace_observed_meter,False,16.486416037886727,19.488403650837448,1.017669857259083,-1.5213317203673506,64.14442694319726
69,Ridge,independent_trace_observed_meter,False,11.63339859714666,14.340852258417966,0.7488685749882172,-2.736916421262082,54.88888941726874
69,Risk-Constrained Convex Verifier,independent_trace_observed_meter,False,10.076924204764026,11.314759987230783,0.590848300734531,-1.145145231910494,21.152825687018613
69,Single Feasible Projection,independent_trace_observed_meter,False,14.987007729118595,18.76295203508624,0.9797873166735601,-0.0219234115992184,64.14442694319726
69,Synthetic Control,independent_trace_observed_meter,False,21.140108530605815,28.613425551102182,1.494171673472715,1.4428248054956199,103.71206524275628
69,Tail-Risk Feasible Counterfactual,independent_trace_observed_meter,False,11.981269260901474,13.505839555457415,0.7052648364031501,-1.229619167274432,24.463362589655745
70,Ex-post Metadata Gradient Boosting,independent_trace_observed_meter,False,16.612794752617503,25.023906264767714,1.6876523340609997,5.147598829345281,75.209343272608
70,Ex-post Quantile Gradient Boosting,independent_trace_observed_meter,False,7.259373625759812,8.801966384285837,0.5936187162625762,-7.259373625759812,16.87664060678525
70,Extra Trees,independent_trace_observed_meter,False,21.023448464871663,32.6322196744271,2.200769181136052,8.434667231356858,111.89354506256512
70,Feasible Quantile Projection,independent_trace_observed_meter,False,0.34675613266402944,0.4199040247995006,0.028319000240670987,-0.3103226128623789,1.367428841676034
70,Gradient Boosting,independent_trace_observed_meter,False,16.31649950140246,24.582333804062248,1.6578719797837034,6.108774794052945,73.24029506739095
70,High-5-of-10,independent_trace_observed_meter,False,18.684730756128264,30.181222342035966,2.0354699938300698,5.380074598413271,114.61824091473896
70,Metadata Gradient Boosting,independent_trace_observed_meter,False,16.013593846746772,23.947636670119778,1.6150669881014912,4.620479622980631,73.14170325034037
70,Ridge,independent_trace_observed_meter,False,12.854745524557188,21.993317446309693,1.483264568260786,6.593759891109835,84.11786036702532
70,Risk-Constrained Convex Verifier,independent_trace_observed_meter,False,7.3157868165018725,10.455177420316382,0.7051139174566673,0.7617309525418849,38.84917523097313
70,Single Feasible Projection,independent_trace_observed_meter,False,12.091891061201474,19.385746733609352,1.3074058213107247,3.026664636425782,73.14170325034038
70,Synthetic Control,independent_trace_observed_meter,False,14.720487039597888,23.326207886306147,1.5731568352117182,1.4158308818828573,94.6492882693848
70,Tail-Risk Feasible Counterfactual,independent_trace_observed_meter,False,8.183281183298657,10.700512653648468,0.7216597186908752,0.4175219043204992,28.88447741010898
71,Ex-post Metadata Gradient Boosting,independent_trace_observed_meter,False,22.513581191219963,26.78007133384146,1.1590549456169468,-0.7468687733097985,59.27360915941951
71,Ex-post Quantile Gradient Boosting,independent_trace_observed_meter,False,15.099564795005769,15.708608380614344,0.679876465052685,-15.099564795005769,26.535577476184148
71,Extra Trees,independent_trace_observed_meter,False,23.57089811690153,28.391590613292344,1.228802309898395,-1.2427367034851455,88.22235311715035
71,Feasible Quantile Projection,independent_trace_observed_meter,False,5.252612852760682,5.4595386563038755,0.23629157672853005,-5.252612852760682,9.364474062005073
71,Gradient Boosting,independent_trace_observed_meter,False,20.30460667464856,23.106087393808593,1.000043074336711,-1.8148182870813856,44.420810010272234
71,High-5-of-10,independent_trace_observed_meter,False,23.38210408541623,28.539540988067838,1.2352056764709372,-2.075795915655451,97.07740649653674
71,Metadata Gradient Boosting,independent_trace_observed_meter,False,21.805772971953246,25.654989305269254,1.1103608300119043,-1.4971319314351015,56.685380761788366
71,Ridge,independent_trace_observed_meter,False,17.12432575224109,20.65753371884025,0.8940684407667745,-2.3922801804700264,66.14934031002542
71,Risk-Constrained Convex Verifier,independent_trace_observed_meter,False,15.22472785334072,16.874512334578952,0.7303373741037136,-3.5358333409161338,37.68665808285158
71,Single Feasible Projection,independent_trace_observed_meter,False,21.805772971953246,25.65498930526925,1.110360830011904,-1.4971319314351024,56.685380761788366
71,Synthetic Control,independent_trace_observed_meter,False,24.075612983570966,30.347003782535257,1.313433574553447,-1.382287017500765,97.07740649653606
71,Tail-Risk Feasible Counterfactual,independent_trace_observed_meter,False,17.287231138291947,19.063243046122135,0.8250667392429335,-3.9011995021421324,47.039551317453245
72,Ex-post Metadata Gradient Boosting,independent_trace_observed_meter,False,14.57888092206602,20.47718965108815,1.39739625212935,3.2549880815147203,69.45372376797017
72,Ex-post Quantile Gradient Boosting,independent_trace_observed_meter,False,6.992084937417732,7.851881470886928,0.5358249802114923,-6.992084937417732,13.531678655711104
72,Extra Trees,independent_trace_observed_meter,False,10.17779814114666,18.191498124774206,1.2414169978069587,-1.3433454748271554,83.51470548669357
72,Feasible Quantile Projection,independent_trace_observed_meter,False,0.9141060702336924,0.9292110468563102,0.06341085160800848,-0.9141060702336924,1.4056570817371234
72,Gradient Boosting,independent_trace_observed_meter,False,10.502738831411037,16.052548303863865,1.0954516327269892,0.36033936724080573,58.75040730825042
72,High-5-of-10,independent_trace_observed_meter,False,20.766202400452787,32.72397092196968,2.2331362408767004,7.851729251086467,113.28424566926502
72,Metadata Gradient Boosting,independent_trace_observed_meter,False,14.607652930872964,20.813227040409163,1.420327982333234,3.212740719466979,69.04721511596665
72,Ridge,independent_trace_observed_meter,False,11.127406752271249,19.52779773201951,1.3326082254463083,5.1191626890487605,66.57427175936698
72,Risk-Constrained Convex Verifier,independent_trace_observed_meter,False,8.026631480226712,9.612837354457893,0.6559954329833857,-0.42006485830736784,23.059770062998425
72,Single Feasible Projection,independent_trace_observed_meter,False,13.143224288573132,18.216371878288864,1.2431144226259903,1.7483120771671463,69.04721511596667
72,Synthetic Control,independent_trace_observed_meter,False,11.996804109128139,18.767495773773682,1.2807240008509244,-0.9176690402381766,84.09681963223322
72,Tail-Risk Feasible Counterfactual,independent_trace_observed_meter,False,9.305782650297575,11.107778564034353,0.7580126179101685,-0.6051485172129818,28.3079791896011
73,Ex-post Metadata Gradient Boosting,independent_trace_observed_meter,False,12.741654637247773,17.58710445967986,1.101838253663075,-0.6190809998351756,59.7823740915077
73,Ex-post Quantile Gradient Boosting,independent_trace_observed_meter,False,7.938436493307576,9.101544367070344,0.5702149420924253,-7.938436493307576,18.217259663999364
73,Extra Trees,independent_trace_observed_meter,False,12.607431373624303,18.611464758748138,1.1660147851458318,-1.0909244504611928,79.08108693801393
73,Feasible Quantile Projection,independent_trace_observed_meter,False,2.0814115802106654,2.59178687394423,0.1623763553347072,-1.8993146153408622,4.916925591655469
73,Gradient Boosting,independent_trace_observed_meter,False,11.548325279642214,15.056917575346535,0.9433211592507187,-1.1427532503953284,51.105440124853985
73,High-5-of-10,independent_trace_observed_meter,False,21.50181719756958,31.471021064912755,1.9716704913338834,6.246443868898823,100.17571122870892
73,Metadata Gradient Boosting,independent_trace_observed_meter,False,12.932296936659299,18.085721865705484,1.1330768087737717,-0.21967173849313615,61.70312378371792
73,Ridge,independent_trace_observed_meter,False,9.602512721267304,13.824428773223381,0.8661053041618935,-1.654212447127723,61.072325812920795
73,Risk-Constrained Convex Verifier,independent_trace_observed_meter,False,8.365534492469738,10.625592986457962,0.6656971218414299,-1.4460233868053523,38.7726315783787
73,Single Feasible Projection,independent_trace_observed_meter,False,12.772289538821369,18.022001454798872,1.129084702714642,-0.05966434065520421,61.703123783717935
73,Synthetic Control,independent_trace_observed_meter,False,14.8601146749252,20.265853700507197,1.2696628317385161,-0.3952586537455627,78.89862206458287
73,Tail-Risk Feasible Counterfactual,independent_trace_observed_meter,False,9.659751194803334,11.983865446396246,0.7507933671436706,-1.6158407969759547,41.15879808620609
74,Ex-post Metadata Gradient Boosting,independent_trace_observed_meter,False,9.06721583915057,15.273276463558595,1.1401949631808714,-0.1110949219349966,58.91566579807704
74,Ex-post Quantile Gradient Boosting,independent_trace_observed_meter,False,5.886572829030394,8.200295254850476,0.612176134471544,-5.886572829030394,17.076451333582487
74,Extra Trees,independent_trace_observed_meter,False,16.10967558324408,27.275562599065072,2.0362008877126385,6.263215605582593,90.80378707304926
74,Feasible Quantile Projection,independent_trace_observed_meter,False,1.7340557373235448,1.9031058098740614,0.142072440317307,-1.7340557373235448,3.1888695135112695
74,Gradient Boosting,independent_trace_observed_meter,False,12.280034369821646,18.501359588265878,1.3811808530324876,3.8354551077026007,61.11972741785125
74,High-5-of-10,independent_trace_observed_meter,False,19.931831412270746,32.049020371984284,2.3925535355956944,8.748697754706118,102.39429206951137
74,Metadata Gradient Boosting,independent_trace_observed_meter,False,9.957498412504037,17.335872297091687,1.2941738023699274,0.6400177112445449,59.92677416554736
74,Ridge,independent_trace_observed_meter,False,10.060819264492059,16.163263199289595,1.2066350879176588,2.787090876406623,59.30605095605483
74,Risk-Constrained Convex Verifier,independent_trace_observed_meter,False,6.870469688189065,10.654881398655927,0.7954182020487356,-1.2011009189171673,40.852126626226365
74,Single Feasible Projection,independent_trace_observed_meter,False,10.059415756011195,17.343530196857877,1.2947454870875312,0.28712472754715446,59.92677416554736
74,Synthetic Control,independent_trace_observed_meter,False,12.51495459200833,19.237340797636822,1.4361240127351698,1.3318209344436676,78.16416067345949
74,Tail-Risk Feasible Counterfactual,independent_trace_observed_meter,False,7.828746694187457,12.021650742592422,0.8974515493468517,-1.332060755707774,42.68981855840512
75,Ex-post Metadata Gradient Boosting,independent_trace_observed_meter,False,16.49374758450236,20.777578387989845,1.124414237484299,-0.5679233123279346,66.70054774015834
75,Ex-post Quantile Gradient Boosting,independent_trace_observed_meter,False,10.616540601646944,11.699842902217119,0.6331570354313698,-10.616540601646944,21.13823322932079
75,Extra Trees,independent_trace_observed_meter,False,17.055821338520186,23.518086539181148,1.2727215293928915,-1.1078866665228775,88.29202339978194
75,Feasible Quantile Projection,independent_trace_observed_meter,False,2.41569985204044,2.549962794863721,0.13799560362902402,-2.226748789819113,3.563157718491283
75,Gradient Boosting,independent_trace_observed_meter,False,15.183318679889526,19.132859556520383,1.0354074612263022,-0.9900906051937077,64.49892813577698
75,High-5-of-10,independent_trace_observed_meter,False,21.068440721536362,30.264337542228166,1.6378064558371361,2.3832747276795314,105.53971074450632
75,Metadata Gradient Boosting,independent_trace_observed_meter,False,16.12322412564494,20.812494414874752,1.12630377807525,-0.8392895677727292,64.51142406784598
75,Ridge,independent_trace_observed_meter,False,12.093303806232996,17.791800475528472,0.9628337524034041,-2.353231138133193,62.43079704606939
75,Risk-Constrained Convex Verifier,independent_trace_observed_meter,False,10.522232931503332,12.74882869459163,0.6899246980453363,-1.7176283234153171,42.461511643446514
75,Single Feasible Projection,independent_trace_observed_meter,False,16.12322412564494,20.812494414874752,1.12630377807525,-0.8392895677727292,64.51142406784598
75,Synthetic Control,independent_trace_observed_meter,False,12.793844950359018,16.69562381399922,0.903512275087551,-6.179643143558734,65.41468193670782
75,Tail-Risk Feasible Counterfactual,independent_trace_observed_meter,False,11.86792309647888,13.86890134359396,0.7505393476468011,-1.9193794666482695,37.62178541729101
76,Ex-post Metadata Gradient Boosting,independent_trace_observed_meter,False,16.119140665767336,26.060083238446083,1.8353878259061407,5.463450051899908,76.1481467251397
76,Ex-post Quantile Gradient Boosting,independent_trace_observed_meter,False,6.859158225405901,8.441479429093379,0.5945256749578575,-6.859158225405901,15.867925748473624
76,Extra Trees,independent_trace_observed_meter,False,22.725188870177192,36.69718086258466,2.5845488820579785,10.2910480575958,111.37777229436006
76,Feasible Quantile Projection,independent_trace_observed_meter,False,1.476916518082882,1.6432586720814106,0.11573320522259206,-1.476916518082882,3.3890584063903004
76,Gradient Boosting,independent_trace_observed_meter,False,17.485258657300115,27.214614378276888,1.9167003980605095,7.258171539495709,76.79929598119983
76,High-5-of-10,independent_trace_observed_meter,False,20.1694633664641,33.48520827149302,2.358332590387173,7.697837979854911,115.19460056846285
76,Metadata Gradient Boosting,independent_trace_observed_meter,False,15.609736249177754,25.369181861793436,1.7867282739005934,5.015242546624777,74.61117674785001
76,Ridge,independent_trace_observed_meter,False,15.028652323592869,26.25192260089431,1.848898896732178,7.23601806914197,89.12205217391696
76,Risk-Constrained Convex Verifier,independent_trace_observed_meter,False,7.203070570140907,10.433271690768871,0.7348057820996504,-0.2883393184546881,37.415467785852776
76,Single Feasible Projection,independent_trace_observed_meter,False,11.077464754014205,17.856545127632227,1.2576201403550866,1.4971973057083172,74.61117674785001
76,Synthetic Control,independent_trace_observed_meter,False,14.01054079220457,23.578610507628518,1.6606199712224885,1.4748155271018188,89.09380990883466
76,Tail-Risk Feasible Counterfactual,independent_trace_observed_meter,False,7.94467710714677,10.775568692678991,0.7589134468527376,-0.6318523974901256,26.54637490602309
77,Ex-post Metadata Gradient Boosting,independent_trace_observed_meter,False,4.873482788938775,10.908143392146505,1.1930516445854114,1.7383060391321252,46.96893307017264
77,Ex-post Quantile Gradient Boosting,independent_trace_observed_meter,False,2.4816916175483503,2.6662347067249463,0.2916129342413192,-2.4816916175483503,4.488686955050457
77,Extra Trees,independent_trace_observed_meter,False,15.281838572867903,29.499017555262284,3.226383275571714,10.479145570496227,111.24755985586737
77,Feasible Quantile Projection,independent_trace_observed_meter,False,2.6812403229886153,2.8235867543592597,0.3088229316221895,-2.6812403229886153,4.488686955050457
77,Gradient Boosting,independent_trace_observed_meter,False,11.400409369199963,21.964042646578264,2.4022637271261464,8.898867138755854,72.64302289713231
77,High-5-of-10,independent_trace_observed_meter,False,17.63434198483658,33.92232398576891,3.7101716547399404,12.753456816448185,115.12233032183205
77,Metadata Gradient Boosting,independent_trace_observed_meter,False,5.410346074980419,13.15271607316896,1.4385463206467213,2.3172850264534737,56.54573499907296
77,Ridge,independent_trace_observed_meter,False,10.586678297565093,23.206165005385294,2.5381178381032687,10.309613113072956,88.88836343758842
77,Risk-Constrained Convex Verifier,independent_trace_observed_meter,False,2.682635443555131,2.819447470621717,0.30837020753405214,-2.682635443555131,4.449359318053202
77,Single Feasible Projection,independent_trace_observed_meter,False,2.6826354435551827,2.8061366898662126,0.3069143732733379,-2.6826354435551827,4.449359318053253
77,Synthetic Control,independent_trace_observed_meter,False,7.862716525142133,16.733457401196453,1.830181191647212,2.897569469653075,74.76415255995268
77,Tail-Risk Feasible Counterfactual,independent_trace_observed_meter,False,2.6826354435551822,2.811324317471904,0.30748175742148937,-2.6826354435551822,4.4493593180532525
78,Ex-post Metadata Gradient Boosting,independent_trace_observed_meter,False,2.1386689602347824,3.697814314352581,0.4096985209085982,-0.17691671864048156,16.31201328488205
78,Ex-post Quantile Gradient Boosting,independent_trace_observed_meter,False,2.2281843223844358,2.654601701030931,0.29411600963642154,-2.2281843223844358,6.483987669059948
78,Extra Trees,independent_trace_observed_meter,False,10.942820681341246,20.04418782489612,2.22079136661892,6.626574419835966,79.48810173354232
78,Feasible Quantile Projection,independent_trace_observed_meter,False,0.8174521196602315,0.9098136252402061,0.1008025998267746,-0.661834479723433,1.655667253873184
78,Gradient Boosting,independent_trace_observed_meter,False,4.004860612605496,8.79370232755572,0.9742963087482269,1.7927036837150556,43.98654784676908
78,High-5-of-10,independent_trace_observed_meter,False,17.253526348372525,33.47565738133229,3.708928072007874,12.870821306619534,111.03275489180469
78,Metadata Gradient Boosting,independent_trace_observed_meter,False,2.1896828258165124,3.4997471475068513,0.38775371286826815,-0.28235321908234307,14.232788602469034
78,Ridge,independent_trace_observed_meter,False,7.977625379597434,16.229768688824247,1.798173640220803,6.643096838628633,55.950395525240616
78,Risk-Constrained Convex Verifier,independent_trace_observed_meter,False,1.6057687442590112,2.486771906410775,0.27552134457890626,-0.6041130129461768,9.68386556272238
78,Single Feasible Projection,independent_trace_observed_meter,False,2.1896828258165124,3.4997471475068513,0.38775371286826815,-0.2823532190823432,14.23278860246903
78,Synthetic Control,independent_trace_observed_meter,False,9.54394300243782,19.29408612827313,2.1376840146773515,5.161237960684774,88.78044188979517
78,Tail-Risk Feasible Counterfactual,independent_trace_observed_meter,False,1.846202360137229,2.950774696742821,0.3269304313355475,-0.617856608567497,11.723894960280033
79,Ex-post Metadata Gradient Boosting,independent_trace_observed_meter,False,12.911367759023468,17.307251187262363,1.103901252795965,-0.1490463643073272,67.0432512769234
79,Ex-post Quantile Gradient Boosting,independent_trace_observed_meter,False,7.986710308171769,9.164452674478929,0.5845324990713826,-7.986710308171769,17.474855862059677
79,Extra Trees,independent_trace_observed_meter,False,16.244564175523994,23.57960883597165,1.5039684495724497,6.902952172755977,83.85085396852318
79,Feasible Quantile Projection,independent_trace_observed_meter,False,1.051152977322671,1.1920425640429857,0.07603155842573249,-0.9621468127096305,2.6858172443558495
79,Gradient Boosting,independent_trace_observed_meter,False,9.659479179112555,13.451799586532282,0.8579905760460682,-0.9279308717453034,51.37255144787581
79,High-5-of-10,independent_trace_observed_meter,False,20.884117742862397,32.63857333242648,2.0817726397624274,6.218257037915536,107.79957871575871
79,Metadata Gradient Boosting,independent_trace_observed_meter,False,12.67233539166331,17.08997428570026,1.0900427699414172,-0.12660575617726422,66.62630575736374
79,Ridge,independent_trace_observed_meter,False,8.821957989673791,14.245792799787313,0.908633517165961,-1.2941148190059757,67.73201322317718
79,Risk-Constrained Convex Verifier,independent_trace_observed_meter,False,7.9833581952478765,11.107141505628164,0.7084422182575631,-0.20014572378807838,45.17545524400752
79,Single Feasible Projection,independent_trace_observed_meter,False,11.749362974598379,16.58494027374151,1.0578303941878286,0.7963666608876656,66.62630575736374
79,Synthetic Control,independent_trace_observed_meter,False,18.521811679663543,28.694188624790954,1.830189579393333,3.8559509747166807,101.57117527725106
79,Tail-Risk Feasible Counterfactual,independent_trace_observed_meter,False,9.225953306006465,12.074029135551038,0.7701128125325408,-0.3998865458657511,43.15189321814525
80,Ex-post Metadata Gradient Boosting,independent_trace_observed_meter,False,11.563641696584664,16.505652227678706,1.1075303381726418,-0.296615436613074,65.164531038321
80,Ex-post Quantile Gradient Boosting,independent_trace_observed_meter,False,7.367424085006782,8.608976892161683,0.5776629094794161,-7.367424085006782,14.890999809311428
80,Extra Trees,independent_trace_observed_meter,False,15.713522427400745,23.47985525562994,1.575499815021227,3.0221748084093756,87.81467692430306
80,Feasible Quantile Projection,independent_trace_observed_meter,False,2.241411948803076,2.53570962495792,0.17014628078300587,-2.241411948803076,4.23343672000879
80,Gradient Boosting,independent_trace_observed_meter,False,11.944329033246715,17.297993135610938,1.1606964646368012,1.2552864120625475,62.608504670921874
80,High-5-of-10,independent_trace_observed_meter,False,20.599314124768206,31.975406374299272,2.145551847720941,6.64335555728367,105.85407297793456
80,Metadata Gradient Boosting,independent_trace_observed_meter,False,11.777332845036117,16.693737178858534,1.1201508506317652,-0.003832931372454773,64.85627636784535
80,Ridge,independent_trace_observed_meter,False,12.984415007824722,20.121567921356093,1.3501585164343068,3.9635855443147823,77.43754708558463
80,Risk-Constrained Convex Verifier,independent_trace_observed_meter,False,7.9769239718858005,11.032362813007383,0.7402722624098166,-1.2921653699716855,43.502903394014794
80,Single Feasible Projection,independent_trace_observed_meter,False,11.562102345328183,16.615232635026377,1.114883190633894,0.2113975683354794,64.85627636784535
80,Synthetic Control,independent_trace_observed_meter,False,18.52168562183508,27.396027937355342,1.8382752567126805,4.56572705435055,102.36426928467839
80,Tail-Risk Feasible Counterfactual,independent_trace_observed_meter,False,8.867204727558697,11.652702589894744,0.7818971017921633,-1.5519737725454328,40.92200254356891
81,Ex-post Metadata Gradient Boosting,independent_trace_observed_meter,False,23.19965663807716,29.41839399590446,1.4121839525497708,2.7547956606835506,65.9600758844305
81,Ex-post Quantile Gradient Boosting,independent_trace_observed_meter,False,12.958457102985921,13.776979391464492,0.6613423293584149,-12.958457102985921,19.398628891295537
81,Extra Trees,independent_trace_observed_meter,False,18.58184098742912,27.491531825025067,1.319687950325111,-0.17676628405386463,98.1740770575625
81,Feasible Quantile Projection,independent_trace_observed_meter,False,2.5016655169506663,2.553497175266744,0.12257663468287502,-2.5016655169506663,3.318001585200445
81,Gradient Boosting,independent_trace_observed_meter,False,16.268907003180363,21.62271184382015,1.0379644341122667,-3.1487811322233625,67.36870648940675
81,High-5-of-10,independent_trace_observed_meter,False,22.997354673984617,33.57075403763275,1.6115114962951549,0.47643809898038114,107.29389484865965
81,Metadata Gradient Boosting,independent_trace_observed_meter,False,22.608009442205976,29.156475384976428,1.399610959636623,2.80254666001489,67.29061066366427
81,Ridge,independent_trace_observed_meter,False,15.593505721367196,24.33465553505145,1.1681470457636234,-2.0499793333597314,81.76250742070204
81,Risk-Constrained Convex Verifier,independent_trace_observed_meter,False,14.114152306276749,16.67814713074589,0.8006083452272165,-1.02143301955,44.84655007208271
81,Single Feasible Projection,independent_trace_observed_meter,False,22.608009442205976,29.156475384976428,1.399610959636623,2.80254666001489,67.29061066366427
81,Synthetic Control,independent_trace_observed_meter,False,18.977124040217028,25.31023932435272,1.214978418401122,-3.543792534787199,89.8560958790643
81,Tail-Risk Feasible Counterfactual,independent_trace_observed_meter,False,15.78352672287844,18.35481161479574,0.8810939991522734,-1.2717781154845396,47.41217412628186
82,Ex-post Metadata Gradient Boosting,independent_trace_observed_meter,False,18.793450654516807,27.048370520092067,1.8205961806985596,6.217592517896136,74.24247092243051
82,Ex-post Quantile Gradient Boosting,independent_trace_observed_meter,False,7.160138158412446,8.009053804192591,0.5390806354153962,-7.160138158412446,12.70443615941107
82,Extra Trees,independent_trace_observed_meter,False,22.615543134599825,36.72665604810083,2.472030974336654,10.964447102127565,108.64016487006688
82,Feasible Quantile Projection,independent_trace_observed_meter,False,1.9132511477014305,2.117022748656529,0.14249448142515775,-1.7111524375038538,3.614155087082775
82,Gradient Boosting,independent_trace_observed_meter,False,16.05882729566417,24.411794970215844,1.6431311695378237,5.618530762724513,73.4982157731959
82,High-5-of-10,independent_trace_observed_meter,False,20.311447107261365,33.467722663698986,2.25267573930001,6.45729458787395,113.01458759639601
82,Metadata Gradient Boosting,independent_trace_observed_meter,False,18.31486158887215,26.506218739097342,1.7841045383977885,5.950459938158881,72.18828502390582
82,Ridge,independent_trace_observed_meter,False,16.528947873007002,29.74562443318343,2.002145385997292,9.93368879913626,87.21479865377886
82,Risk-Constrained Convex Verifier,independent_trace_observed_meter,False,10.01053160603188,13.61272428858694,0.9162575553412502,0.39285160930220253,47.627071494728106
82,Single Feasible Projection,independent_trace_observed_meter,False,17.230946090726825,25.342552346156953,1.7057794286089816,4.866544440013554,72.18828502390582
82,Synthetic Control,independent_trace_observed_meter,False,20.916421541788466,32.255675800774014,2.1710941930907945,7.062269022401052,113.01458759639603
82,Tail-Risk Feasible Counterfactual,independent_trace_observed_meter,False,10.846361648716547,13.258442311548663,0.8924112236811933,-0.23943305000147452,39.124150563439464
83,Ex-post Metadata Gradient Boosting,independent_trace_observed_meter,False,7.165534308208446,19.455857646055854,2.2915841324168733,5.231468619738449,75.86293416522159
83,Ex-post Quantile Gradient Boosting,independent_trace_observed_meter,False,1.8072385756363403,2.3482607287891706,0.2765869859230722,-1.3860843152320679,5.5153573479691715
83,Extra Trees,independent_trace_observed_meter,False,16.49829134302714,34.201726062769865,4.028408008145592,14.347343977183925,111.93533838534263
83,Feasible Quantile Projection,independent_trace_observed_meter,False,0.9755271521775748,1.0905493271569506,0.12844900385244068,-0.7748630763909383,2.61605393570985
83,Gradient Boosting,independent_trace_observed_meter,False,11.73006649170571,23.364807092266403,2.7519949088686504,10.724426027089251,73.75491887322778
83,High-5-of-10,independent_trace_observed_meter,False,17.22462512607324,35.33155870443077,4.161483948616489,13.538286393730825,112.95920374114749
83,Metadata Gradient Boosting,independent_trace_observed_meter,False,7.172376796151773,18.64927118208336,2.196581343237014,5.313506993375892,72.13629133633137
83,Ridge,independent_trace_observed_meter,False,13.428519162565141,25.86872243773514,3.0469154813243438,13.403766758328576,87.54235133743697
83,Risk-Constrained Convex Verifier,independent_trace_observed_meter,False,2.409061202878572,6.393500862586007,0.7530505924659573,0.11789938228358987,34.6446457101032
83,Single Feasible Projection,independent_trace_observed_meter,False,5.175241500744493,15.142214918753456,1.7835070583226584,2.628447772101924,72.13629133633137
83,Synthetic Control,independent_trace_observed_meter,False,14.718401168866393,30.39326836818964,3.579833528384725,11.03206243652399,105.14944284625744
83,Tail-Risk Feasible Counterfactual,independent_trace_observed_meter,False,2.299929258056926,5.1576363034885,0.6074858137260003,-0.1807245979576788,26.534881264397185
84,Ex-post Metadata Gradient Boosting,independent_trace_observed_meter,False,3.544292395690534,9.566389796730464,1.0053772995322754,0.4757971690340489,51.68304528161203
84,Ex-post Quantile Gradient Boosting,independent_trace_observed_meter,False,2.4706177002049623,2.644691667254656,0.2779431972789507,-2.4706177002049623,3.828424448699587
84,Extra Trees,independent_trace_observed_meter,False,12.615268887883449,23.59381161989215,2.4795856238460496,7.88408778478564,90.00872706405029
84,Feasible Quantile Projection,independent_trace_observed_meter,False,2.1976144614581417,2.337137074192885,0.24562082564227855,-2.1976144614581417,3.6196583940462608
84,Gradient Boosting,independent_trace_observed_meter,False,6.097049668141665,13.516597184866905,1.420523339037627,4.649073640973634,65.60441091168185
84,High-5-of-10,independent_trace_observed_meter,False,16.80461966285583,33.57243014494301,3.5282859966039246,11.907291375861142,113.46393159088215
84,Metadata Gradient Boosting,independent_trace_observed_meter,False,3.3232008077078254,8.543445841796265,0.8978712650890515,0.37967729751854284,45.74374546792673
84,Ridge,independent_trace_observed_meter,False,3.8539669673667802,12.740322548924627,1.3389409538576102,3.6381543569484327,66.27448932046876
84,Risk-Constrained Convex Verifier,independent_trace_observed_meter,False,2.197614461458084,2.241556771690832,0.23557583809108815,-2.197614461458084,3.2558213389480377
84,Single Feasible Projection,independent_trace_observed_meter,False,2.1976144614581425,2.2431381316916545,0.23574203071766908,-2.1976144614581425,3.2558213389480954
84,Synthetic Control,independent_trace_observed_meter,False,7.623631794110453,15.60662108680218,1.6401738687707716,2.7263035071157757,76.96302505271036
84,Tail-Risk Feasible Counterfactual,independent_trace_observed_meter,False,2.1976144614581417,2.2421721858697246,0.23564051488749893,-2.1976144614581417,3.2558213389480954
85,Ex-post Metadata Gradient Boosting,independent_trace_observed_meter,False,11.816315121564099,14.008527075543062,0.9158162747249213,-0.7348560995791624,35.373378633391354
85,Ex-post Quantile Gradient Boosting,independent_trace_observed_meter,False,7.512756075219089,8.07666174024129,0.5280168448312281,-7.512756075219089,11.660799261054773
85,Extra Trees,independent_trace_observed_meter,False,12.211928626698601,19.236173895752778,1.2575769759495676,-1.8480877928160455,82.08467139875137
85,Feasible Quantile Projection,independent_trace_observed_meter,False,1.8644782019244328,1.9885165990205471,0.13000052426090408,-1.8644782019244328,3.628412467173252
85,Gradient Boosting,independent_trace_observed_meter,False,8.149203992866944,11.333391254100446,0.7409275866305098,-4.027279562950761,48.78918878951983
85,High-5-of-10,independent_trace_observed_meter,False,20.058904782452903,32.829161424309426,2.146227091243896,6.126295120538797,112.55788113887684
85,Metadata Gradient Boosting,independent_trace_observed_meter,False,11.500089077763862,13.675470234661292,0.8940424741216791,-0.8236608104586289,35.3492974613518
85,Ridge,independent_trace_observed_meter,False,7.226330505069045,10.986859641216162,0.7182728643263948,-3.771397065616495,51.65414463726341
85,Risk-Constrained Convex Verifier,independent_trace_observed_meter,False,7.500100639020789,8.16346684711083,0.5336917833291628,-1.6257596859768269,17.7998435612541
85,Single Feasible Projection,independent_trace_observed_meter,False,11.241470145964517,13.5377581615278,0.8850394606626877,-0.5650418786592843,35.3492974613518
85,Synthetic Control,independent_trace_observed_meter,False,15.364886682722513,24.539654184152003,1.6042953378877403,1.4322770208087499,95.87973143654673
85,Tail-Risk Feasible Counterfactual,independent_trace_observed_meter,False,8.812196050049542,9.65781629984879,0.6313858193661849,-1.7072431624000268,21.906357029854632
86,Ex-post Metadata Gradient Boosting,independent_trace_observed_meter,False,10.671995562445375,17.016301078884183,1.3045701899275255,2.1870641839133294,67.44037207814253
86,Ex-post Quantile Gradient Boosting,independent_trace_observed_meter,False,5.594254829147,6.835478027229585,0.5240481363657835,-5.555168376875906,11.778470819618448
86,Extra Trees,independent_trace_observed_meter,False,13.783941477361008,22.473333533981823,1.7229385435071167,5.195049753255107,80.03202952363324
86,Feasible Quantile Projection,independent_trace_observed_meter,False,0.8028906906516013,0.9594866304524913,0.07355991469119019,-0.5664420989023915,3.4697829345601026
86,Gradient Boosting,independent_trace_observed_meter,False,10.576150057567803,17.153672237024097,1.3151018746358747,4.191519856994316,55.12999278603595
86,High-5-of-10,independent_trace_observed_meter,False,17.90150609173114,29.52447284491813,2.26352054822308,7.332117762987954,106.25492361004709
86,Metadata Gradient Boosting,independent_trace_observed_meter,False,10.358773661825232,16.594632768025857,1.2722426055816252,2.4395992455985467,65.23763856656578
86,Ridge,independent_trace_observed_meter,False,10.99692952539899,18.570768697740885,1.423744862928848,4.690031179612851,79.47764219303204
86,Risk-Constrained Convex Verifier,independent_trace_observed_meter,False,5.987154472480306,9.03164377368157,0.6924191796189193,0.18639130227334455,37.92876357203098
86,Single Feasible Projection,independent_trace_observed_meter,False,10.24523640893586,16.56187384448929,1.2697311129310307,2.553136498487919,65.23763856656578
86,Synthetic Control,independent_trace_observed_meter,False,16.278920923725284,26.295352717370154,2.0159571183939287,5.709532594982154,98.17589497274747
86,Tail-Risk Feasible Counterfactual,independent_trace_observed_meter,False,6.867758810897951,9.53442809728937,0.7309655968162238,-0.028263020675646455,34.279631309653105
87,Ex-post Metadata Gradient Boosting,independent_trace_observed_meter,False,20.689418273238847,27.021318578962283,1.3477910056869244,2.684249612740204,69.46342156336995
87,Ex-post Quantile Gradient Boosting,independent_trace_observed_meter,False,12.161368865801645,12.895772126353174,0.6432256676333683,-12.161368865801645,18.27976741370719
87,Extra Trees,independent_trace_observed_meter,False,19.156011572674863,26.205608241534982,1.3071043510805753,-1.0051017074722375,98.4556927694169
87,Feasible Quantile Projection,independent_trace_observed_meter,False,1.7247253080379623,1.7600737299747102,0.0877903695067146,-1.7247253080379623,2.361005926368719
87,Gradient Boosting,independent_trace_observed_meter,False,16.02867461943147,20.514329688347896,1.0232301936285955,-1.654185496145875,63.16127253255428
87,High-5-of-10,independent_trace_observed_meter,False,21.098369837865278,30.739285215750847,1.53323872830136,0.26668938385046737,107.34767962762612
87,Metadata Gradient Boosting,independent_trace_observed_meter,False,20.48342678739882,26.9113734064411,1.3423070721694048,2.7596703259675746,67.27270578315596
87,Ridge,independent_trace_observed_meter,False,14.42226848954052,23.93535718636944,1.1938669476629042,-0.6490670882522354,82.95954674523806
87,Risk-Constrained Convex Verifier,independent_trace_observed_meter,False,12.68024352019317,15.510496286477494,0.7736449769305682,-0.10979490430500105,44.30523564826102
87,Single Feasible Projection,independent_trace_observed_meter,False,20.48342678739882,26.911373406441097,1.3423070721694046,2.759670325967573,67.27270578315594
87,Synthetic Control,independent_trace_observed_meter,False,16.63846617901849,24.14488911832283,1.2043181494599493,-4.193214274996322,95.62394629478202
87,Tail-Risk Feasible Counterfactual,independent_trace_observed_meter,False,14.041601057342422,16.569644238078858,0.8264740081522884,-0.5121951742064705,43.346773481015475
88,Ex-post Metadata Gradient Boosting,independent_trace_observed_meter,False,19.207524265293568,29.335445269265136,2.0755609375159496,8.634925508597139,73.21539220008614
88,Ex-post Quantile Gradient Boosting,independent_trace_observed_meter,False,6.4140703890180575,6.999883988177918,0.4952604482273602,-6.4140703890180575,11.579174092847222
88,Extra Trees,independent_trace_observed_meter,False,19.996119438055004,33.62143356690529,2.3788060325734492,9.82321124178489,107.19492134017645
88,Feasible Quantile Projection,independent_trace_observed_meter,False,1.293451010832539,1.3774389738084871,0.09745747854198394,-1.293451010832539,1.989334061505211
88,Gradient Boosting,independent_trace_observed_meter,False,16.619832671451096,25.68001959019926,1.816929828295636,7.656436888016495,72.83250503359601
88,High-5-of-10,independent_trace_observed_meter,False,19.867729794012963,34.24406352951481,2.422858761859045,7.872041074352435,112.07751352417498
88,Metadata Gradient Boosting,independent_trace_observed_meter,False,17.808319537655308,27.26295543031749,1.9289267578184888,7.451215121766325,70.9250849124701
88,Ridge,independent_trace_observed_meter,False,16.64639643563664,30.543977276711395,2.1610677980176116,11.6077585079119,86.99461496699371
88,Risk-Constrained Convex Verifier,independent_trace_observed_meter,False,8.19244408509026,11.310694529440243,0.8002617831772764,0.3460758017275716,45.68381624967385
88,Single Feasible Projection,independent_trace_observed_meter,False,17.766434134141328,27.202659646512917,1.924660670414225,7.409329718252345,70.9250849124701
88,Synthetic Control,independent_trace_observed_meter,False,19.272145650594265,31.055773729184118,2.1972787610679854,7.276456930933744,112.07751352417498
88,Tail-Risk Feasible Counterfactual,independent_trace_observed_meter,False,8.936528973344927,10.810649676800681,0.7648822771354172,-0.2518204400056905,32.03266873504337
89,Ex-post Metadata Gradient Boosting,independent_trace_observed_meter,False,7.120026626489276,18.158945228066408,1.8277724023212336,3.5864856580869704,72.36044468549522
89,Ex-post Quantile Gradient Boosting,independent_trace_observed_meter,False,2.8647501832080637,3.2246331512641526,0.3245725678152927,-2.8647501832080637,6.3645994538161474
89,Extra Trees,independent_trace_observed_meter,False,15.048520452904862,31.900311669332606,3.210897360080903,10.664556772831949,104.50496957520582
89,Feasible Quantile Projection,independent_trace_observed_meter,False,1.8641111193962967,1.9704476995132054,0.19833365210117415,-1.8641111193962967,3.501932721376976
89,Gradient Boosting,independent_trace_observed_meter,False,10.655297052474502,22.373436856808304,2.251978290498173,8.38319570013886,71.11585712115294
89,High-5-of-10,independent_trace_observed_meter,False,18.360099088572362,36.10973316444944,3.6345929184892576,13.019222154521213,113.05582737326195
89,Metadata Gradient Boosting,independent_trace_observed_meter,False,7.135708516173491,18.151716034025654,1.8270447542561745,3.8524863699270155,70.11778038726612
89,Ridge,independent_trace_observed_meter,False,13.368526151938468,28.04695778687748,2.8230414689885537,13.03478575170613,88.3387806318306
89,Risk-Constrained Convex Verifier,independent_trace_observed_meter,False,3.269450854232571,6.227243437131645,0.6267976225476624,-1.0362107885086378,32.164676158207875
89,Single Feasible Projection,independent_trace_observed_meter,False,7.197686753433944,17.72106428797245,1.7836978876534322,2.854912635821412,70.11778038726612
89,Synthetic Control,independent_trace_observed_meter,False,12.252426466841907,24.223954056022333,2.438240445279965,6.9115495327907635,99.93374708689868
89,Tail-Risk Feasible Counterfactual,independent_trace_observed_meter,False,3.1886832369696982,5.24220502566174,0.5276494616220867,-1.305746815755485,25.222161642029818
90,Ex-post Metadata Gradient Boosting,independent_trace_observed_meter,False,3.0213567722457384,9.4639569870152,1.2951018052750847,2.789236146868671,45.3290084219503
90,Ex-post Quantile Gradient Boosting,independent_trace_observed_meter,False,1.125299413285147,1.3208817451308497,0.18075698516180505,-0.10839045482873813,2.3011566861539903
90,Extra Trees,independent_trace_observed_meter,False,10.725820257403768,24.506981743436157,3.3536750369126267,9.116773030050945,107.34959141322258
90,Feasible Quantile Projection,independent_trace_observed_meter,False,0.9042952081962514,1.1761890155620571,0.16095640750366172,0.01318469251271076,2.2174399975284738
90,Gradient Boosting,independent_trace_observed_meter,False,9.616695936578044,20.269691584284764,2.773820104972359,9.54163289989601,71.86136979499497
90,High-5-of-10,independent_trace_observed_meter,False,17.554834481779373,37.73287948939875,5.16358225338467,15.6467361835624,116.692912776309
90,Metadata Gradient Boosting,independent_trace_observed_meter,False,2.8280994558110364,8.754767475960566,1.1980522712050146,2.626529228845014,45.14624223211346
90,Ridge,independent_trace_observed_meter,False,7.907196854965774,20.72917788721029,2.836698829086859,7.907196854965774,90.90011672807836
90,Risk-Constrained Convex Verifier,independent_trace_observed_meter,False,0.14307038188033577,0.23584866757700318,0.03227487567513071,5.745404152435185e-14,0.6538556664415154
90,Single Feasible Projection,independent_trace_observed_meter,False,0.20157022696602575,0.3322844940254715,0.045471703714180786,-1.0824674490095276e-15,0.9212097804974526
90,Synthetic Control,independent_trace_observed_meter,False,6.425450196188457,15.66516044171105,2.1437098241062875,4.517351897971487,76.77576224436218
90,Tail-Risk Feasible Counterfactual,independent_trace_observed_meter,False,0.17433837822417883,0.2873933351635624,0.03932854171939184,-5.273559366969494e-16,0.7967556595709251
91,Ex-post Metadata Gradient Boosting,independent_trace_observed_meter,False,13.277569715336892,16.649461197741992,1.0478941344325374,-0.39098697993613074,58.616676468156
91,Ex-post Quantile Gradient Boosting,independent_trace_observed_meter,False,9.877678950615135,10.222152894101237,0.6433682106453994,-4.794064823686561,16.329039059019415
91,Extra Trees,independent_trace_observed_meter,False,11.633329665427983,15.689758368721787,0.9874917614437363,-3.4947329165395447,67.77505581735541
91,Feasible Quantile Projection,independent_trace_observed_meter,False,7.153823367036463,8.352582139156215,0.5257000047650077,-2.07020924010789,14.395865929948236
91,Gradient Boosting,independent_trace_observed_meter,False,9.041592135687305,12.258078125564863,0.7715065379375329,-3.85741430617986,50.649472574278875
91,High-5-of-10,independent_trace_observed_meter,False,22.25709024140141,35.464830145991904,2.2321075167087847,7.065741144115088,109.95841693172424
91,Metadata Gradient Boosting,independent_trace_observed_meter,False,12.642752513139264,15.33438539115512,0.9651250761615459,-0.8354537082031006,48.6407220443283
91,Ridge,independent_trace_observed_meter,False,7.150436320249913,9.622047341623084,0.6055983944925777,-4.7238507038673045,38.626872040551916
91,Risk-Constrained Convex Verifier,independent_trace_observed_meter,False,8.830469548490715,9.910248108125215,0.6237373534156149,-1.4697269653628582,23.00547283547955
91,Single Feasible Projection,independent_trace_observed_meter,False,12.462453715275451,15.245553203853783,0.95953410075902,-0.6551549103392882,48.64072204432831
91,Synthetic Control,independent_trace_observed_meter,False,15.88584123579172,23.473047933323876,1.4773612764069375,0.694492138505455,92.50815122969166
91,Tail-Risk Feasible Counterfactual,independent_trace_observed_meter,False,10.14848756976955,11.305899183168808,0.711577708000242,-1.6277164953303283,27.300232716686494
92,Ex-post Metadata Gradient Boosting,independent_trace_observed_meter,False,2.950871454483166,8.892082808032267,1.1651386358944733,2.178512437385731,46.10077050322016
92,Ex-post Quantile Gradient Boosting,independent_trace_observed_meter,False,1.4380815598178462,1.4829999906505655,0.19431899403560374,-0.6195807434410321,1.9803489469553002
92,Extra Trees,independent_trace_observed_meter,False,11.266932057597025,23.929212850755643,3.135469048238395,8.729129031752802,101.68752138681725
92,Feasible Quantile Projection,independent_trace_observed_meter,False,1.253596900699201,1.3196567492002078,0.17291596331324738,-0.8506759141606123,1.9271400958536917
92,Gradient Boosting,independent_trace_observed_meter,False,7.644325207055697,17.46048342859529,2.287864866224011,7.509822455253259,68.07525488876615
92,High-5-of-10,independent_trace_observed_meter,False,16.71502781749035,35.77633899413458,4.687810011763552,13.996899739017763,116.55229224492575
92,Metadata Gradient Boosting,independent_trace_observed_meter,False,2.90483108874884,8.828828364520595,1.1568503419572103,2.1883868158870365,45.99073548505556
92,Ridge,independent_trace_observed_meter,False,11.397784125635734,23.351871089206032,3.0598193712145614,11.397784125635734,90.48418018057689
92,Risk-Constrained Convex Verifier,independent_trace_observed_meter,False,0.850598759637704,0.9226276196015433,0.12089283347317274,-0.8332334209642194,1.335460258658932
92,Single Feasible Projection,independent_trace_observed_meter,False,0.850598759637755,0.9213268331751816,0.1207223901074146,-0.8332334209642739,1.3354602586589852
92,Synthetic Control,independent_trace_observed_meter,False,3.492630739747688,10.08559418636929,1.3215256432246332,0.7745026612751171,56.085784309036896
92,Tail-Risk Feasible Counterfactual,independent_trace_observed_meter,False,0.8505987596377546,0.9218698646735572,0.12079354407582947,-0.8332334209642734,1.3354602586589852
93,Ex-post Metadata Gradient Boosting,independent_trace_observed_meter,False,2.1967164870128,6.916819181623127,0.9212033576353952,1.5916554438885404,37.53629998422809
93,Ex-post Quantile Gradient Boosting,independent_trace_observed_meter,False,0.9616030458409459,1.0723394892197322,0.14281748764212038,-0.7913072282977691,2.2932209760067046
93,Extra Trees,independent_trace_observed_meter,False,16.039627995196454,25.382843885815284,3.380565603922729,15.606937277771674,88.21348811634593
93,Feasible Quantile Projection,independent_trace_observed_meter,False,1.0886656132263415,1.1727979781200653,0.1561968596985471,-1.073855929268448,2.348961980090566
93,Gradient Boosting,independent_trace_observed_meter,False,6.877258129168911,14.689467066200965,1.9563886271902544,6.595814731993593,58.80559344750586
93,High-5-of-10,independent_trace_observed_meter,False,15.752072023400888,33.4809880358586,4.459101472180707,13.294541752891416,116.79059971855804
93,Metadata Gradient Boosting,independent_trace_observed_meter,False,2.2519069638664977,7.690241290405068,1.024210104634408,1.7074541914505017,42.47228490756217
93,Ridge,independent_trace_observed_meter,False,6.024904638593647,15.253726395852171,2.03153842876853,5.833072898615438,64.99476475100923
93,Risk-Constrained Convex Verifier,independent_trace_observed_meter,False,1.1021091227986806,1.17080760687127,0.15593177590364285,-1.1021091227986806,2.3489619800905155
93,Single Feasible Projection,independent_trace_observed_meter,False,1.1021091227987319,1.170807606871318,0.15593177590364926,-1.1021091227987319,2.348961980090566
93,Synthetic Control,independent_trace_observed_meter,False,3.481725446721547,10.339124955802466,1.3769966185616116,1.024195176212076,57.55376662829067
93,Tail-Risk Feasible Counterfactual,independent_trace_observed_meter,False,1.1021091227987316,1.1708076068713176,0.15593177590364918,-1.1021091227987316,2.348961980090566
94,Ex-post Metadata Gradient Boosting,independent_trace_observed_meter,False,2.218964629966918,7.217878937945128,0.9661779520670403,1.6972721147293353,39.81861210697285
94,Ex-post Quantile Gradient Boosting,independent_trace_observed_meter,False,0.8174076879759843,1.0197210633856388,0.13649882703381122,-0.778392733628106,2.2330064743657276
94,Extra Trees,independent_trace_observed_meter,False,5.171352647102234,14.143117738471416,1.8931833922237538,3.0338827642194235,76.62648083537006
94,Feasible Quantile Projection,independent_trace_observed_meter,False,1.3303666456921404,1.4249262106490965,0.1907391769642976,-1.3303666456921404,2.568279610838693
94,Gradient Boosting,independent_trace_observed_meter,False,3.29216197684233,10.50085257278457,1.405633472237109,2.9667198417010603,57.683780468236186
94,High-5-of-10,independent_trace_observed_meter,False,15.52100657281318,33.196861356211265,4.4436981827972994,13.332454248331903,115.25510305139976
94,Metadata Gradient Boosting,independent_trace_observed_meter,False,2.3661934512486047,8.799679320553143,1.1779161465403003,1.8568627804258724,49.32498614548969
94,Ridge,independent_trace_observed_meter,False,8.610893687136965,18.437591393125665,2.468037278875523,8.288606060881222,73.64092542160292
94,Risk-Constrained Convex Verifier,independent_trace_observed_meter,False,1.330366645692091,1.4249262106490506,0.19073917696429143,-1.330366645692091,2.568279610838644
94,Single Feasible Projection,independent_trace_observed_meter,False,1.3303666456921404,1.4249262106490965,0.1907391769642976,-1.3303666456921404,2.568279610838693
94,Synthetic Control,independent_trace_observed_meter,False,3.739796736106588,14.0967555891505,1.8869774019502372,1.4859290348885037,79.32004010023886
94,Tail-Risk Feasible Counterfactual,independent_trace_observed_meter,False,1.3303666456921395,1.4249262106490959,0.1907391769642975,-1.3303666456921395,2.568279610838692
95,Ex-post Metadata Gradient Boosting,independent_trace_observed_meter,False,2.0791709678361228,4.139938919741285,0.47508524547083314,-0.17918306069379553,21.13410454539442
95,Ex-post Quantile Gradient Boosting,independent_trace_observed_meter,False,1.8900564520660672,2.1086021346326977,0.2419759764945761,-1.8857264098474444,3.5034701396842616
95,Extra Trees,independent_trace_observed_meter,False,3.6165419413398445,8.260692438036445,0.9479688398226063,-0.5834770398967135,44.64528724818826
95,Feasible Quantile Projection,independent_trace_observed_meter,False,2.0163238011771067,2.1471722611841946,0.24640215243480088,-2.0163238011771067,3.356681782507759
95,Gradient Boosting,independent_trace_observed_meter,False,2.8571732183417553,7.594154048547926,0.8714791716113478,1.0168067817362916,41.56994389104599
95,High-5-of-10,independent_trace_observed_meter,False,16.17487664023738,32.96509467425818,3.782961632745034,12.08890540912699,116.10965632162691
95,Metadata Gradient Boosting,independent_trace_observed_meter,False,1.9395629094766824,4.108153936895823,0.4714377094394643,-0.24289987214521314,21.8391948543951
95,Ridge,independent_trace_observed_meter,False,6.569039581218727,13.714366059756887,1.5738137910458914,4.788218667524876,49.516924543891385
95,Risk-Constrained Convex Verifier,independent_trace_observed_meter,False,2.0163238011770535,2.0588735162265035,0.23626929015440457,-2.0163238011770535,2.6044613473637295
95,Single Feasible Projection,independent_trace_observed_meter,False,2.016323801177107,2.0588735162265563,0.23626929015441062,-2.016323801177107,2.604461347363779
95,Synthetic Control,independent_trace_observed_meter,False,3.4783915614460463,6.623144826557567,0.7600494709498314,-1.1396466430403038,34.6322400697271
95,Tail-Risk Feasible Counterfactual,independent_trace_observed_meter,False,2.0163238011771067,2.058873516226556,0.23626929015441056,-2.0163238011771067,2.6044613473637783
96,Ex-post Metadata Gradient Boosting,independent_trace_observed_meter,False,2.309859764321386,8.666991038572897,1.1654325251279003,1.8234637923492205,48.58750434354128
96,Ex-post Quantile Gradient Boosting,independent_trace_observed_meter,False,0.8538400592517714,1.0079726259382709,0.13554001353859355,-0.7837819308665033,2.2066325012534804
96,Extra Trees,independent_trace_observed_meter,False,6.6797608174614655,15.273594430002708,2.0538089453555597,4.529385624257808,76.06504204325536
96,Feasible Quantile Projection,independent_trace_observed_meter,False,1.0577605603667664,1.1586304204732807,0.15579865845165533,-1.0577605603667664,2.2877136189604874
96,Gradient Boosting,independent_trace_observed_meter,False,4.277485720809869,10.965203001426314,1.4744683784277361,4.039785895506604,55.359765908544446
96,High-5-of-10,independent_trace_observed_meter,False,14.980583741025018,33.48313499671105,4.502408551565865,12.79880255187301,115.92142520233806
96,Metadata Gradient Boosting,independent_trace_observed_meter,False,2.089304470011201,7.790558179087729,1.0475803944416024,1.6553607407626987,43.666411008301836
96,Ridge,independent_trace_observed_meter,False,4.602641048298267,13.47548810086338,1.8120212718376276,4.449200137287159,65.73500111203137
96,Risk-Constrained Convex Verifier,independent_trace_observed_meter,False,1.0577605603667153,1.1606182054437222,0.15606595182339214,-1.0577605603667153,2.287713618960437
96,Single Feasible Projection,independent_trace_observed_meter,False,1.0577605603667664,1.1606182054437684,0.15606595182339836,-1.0577605603667664,2.2877136189604874
96,Synthetic Control,independent_trace_observed_meter,False,2.1110979662464704,5.169878912307652,0.6951830235615759,-0.158059664664358,28.19720956650838
96,Tail-Risk Feasible Counterfactual,independent_trace_observed_meter,False,1.057760560366766,1.160618205443768,0.1560659518233983,-1.057760560366766,2.2877136189604865
97,Ex-post Metadata Gradient Boosting,independent_trace_observed_meter,False,1.9525094861005077,6.320652580491917,0.9383491476420737,1.9492296972365897,35.089562466743914
97,Ex-post Quantile Gradient Boosting,independent_trace_observed_meter,False,0.4280666966554727,0.5633264062783252,0.08363010724667924,-0.09700488148727168,2.146031712661874
97,Extra Trees,independent_trace_observed_meter,False,5.922217285708348,16.61295432583441,2.4663199460727507,4.982070816440717,86.91560970582044
97,Feasible Quantile Projection,independent_trace_observed_meter,False,0.4456435326457743,0.47011195381185705,0.06979170988090826,-0.4456435326457743,0.8551322162817794
97,Gradient Boosting,independent_trace_observed_meter,False,4.535774934526158,11.139121358217409,1.6536876372900482,4.535774934526158,55.90661584295846
97,High-5-of-10,independent_trace_observed_meter,False,12.731726378544764,29.04830173358475,4.31244223994948,11.635669983930905,107.09964904157832
97,Metadata Gradient Boosting,independent_trace_observed_meter,False,2.1694506844896395,7.220531404479586,1.0719430316147731,2.1694506844896395,40.13867952664662
97,Ridge,independent_trace_observed_meter,False,3.283059053945891,8.484157194949246,1.259537930768915,3.283059053945891,45.83846082114017
97,Risk-Constrained Convex Verifier,independent_trace_observed_meter,False,0.445643532645724,0.45202431970992646,0.06710646245965426,-0.445643532645724,0.5398027551405047
97,Single Feasible Projection,independent_trace_observed_meter,False,0.4456435326457743,0.45202431970997614,0.06710646245966165,-0.4456435326457743,0.5398027551405544
97,Synthetic Control,independent_trace_observed_meter,False,1.5368715215416109,5.287981515835565,0.7850412413816246,0.3955574164837512,29.663312514737182
97,Tail-Risk Feasible Counterfactual,independent_trace_observed_meter,False,0.4456435326457739,0.45202431970997575,0.06710646245966159,-0.4456435326457739,0.5398027551405544
98,Ex-post Metadata Gradient Boosting,independent_trace_observed_meter,False,1.7697131488596907,5.600141135578071,0.8250098498204266,1.7464665293582784,30.95952041471356
98,Ex-post Quantile Gradient Boosting,independent_trace_observed_meter,False,0.5584870531566752,0.6485570050053632,0.09554507723031314,-0.12357248774994345,1.7803927693025425
98,Extra Trees,independent_trace_observed_meter,False,5.438511890627702,13.70299510599862,2.018718039562944,4.279223284434299,68.44343677965851
98,Feasible Quantile Projection,independent_trace_observed_meter,False,0.49005341437772176,0.528885554145635,0.07791514196415746,-0.4438162474231589,1.2482748298752098
98,Gradient Boosting,independent_trace_observed_meter,False,3.5670097651738364,8.615592978276606,1.2692446309905705,3.5582884477910026,43.75846932498304
98,High-5-of-10,independent_trace_observed_meter,False,9.399596813536794,23.301931711865464,3.432828337128604,8.168185355701869,100.06988619592856
98,Metadata Gradient Boosting,independent_trace_observed_meter,False,1.7653914284208803,5.290941650247319,0.779458744092634,1.7452457569652458,29.06352201128314
98,Ridge,independent_trace_observed_meter,False,5.998557928392361,12.772750925495298,1.8816749556346402,5.998557928392361,50.97014027481158
98,Risk-Constrained Convex Verifier,independent_trace_observed_meter,False,0.443816247423108,0.4558203020660201,0.06715120741573427,-0.443816247423108,0.5473568732632446
98,Single Feasible Projection,independent_trace_observed_meter,False,0.4438162474231589,0.4558203020660697,0.06715120741574158,-0.4438162474231589,0.5473568732632961
98,Synthetic Control,independent_trace_observed_meter,False,1.5681801760555927,5.1121489686130905,0.7531191001706384,0.2881320129564612,28.602394729891344
98,Tail-Risk Feasible Counterfactual,independent_trace_observed_meter,False,0.4438162474231584,0.4558203020660692,0.0671512074157415,-0.4438162474231584,0.5473568732632961
99,Ex-post Metadata Gradient Boosting,independent_trace_observed_meter,False,1.3694336296831202,3.402508261766183,0.5089503147946577,1.3694336296831202,18.092750306206504
99,Ex-post Quantile Gradient Boosting,independent_trace_observed_meter,False,0.4187155859580486,0.4796507165926706,0.07174659528221256,-0.1412178423828174,0.9632226431719948
99,Extra Trees,independent_trace_observed_meter,False,4.497779683223271,9.62137022470655,1.4391734061737447,3.444192367634332,35.55275181364738
99,Feasible Quantile Projection,independent_trace_observed_meter,False,0.4273154168428246,0.45504545155659587,0.06806611711073096,-0.4273154168428246,0.7087261981110133
99,Gradient Boosting,independent_trace_observed_meter,False,4.6326828902325525,11.490632844177654,1.7187794277972952,4.6326828902325525,57.0825063038358
99,High-5-of-10,independent_trace_observed_meter,False,6.5998663300408085,18.480932345329236,2.7643948555680096,5.50864334426077,90.23182753287156
99,Metadata Gradient Boosting,independent_trace_observed_meter,False,1.3764206858624228,2.9724085294985305,0.4446156013156395,1.3764206858624228,15.040545369607468
99,Ridge,independent_trace_observed_meter,False,2.3096012683053986,5.184624748803154,0.7755209377877679,2.3096012683053986,27.00488548330152
99,Risk-Constrained Convex Verifier,independent_trace_observed_meter,False,0.4273154168427747,0.4419247583920377,0.06610351176118225,-0.4273154168427747,0.5414297732618207
99,Single Feasible Projection,independent_trace_observed_meter,False,0.4273154168428246,0.44192475839208606,0.06610351176118948,-0.4273154168428246,0.5414297732618696
99,Synthetic Control,independent_trace_observed_meter,False,1.4094222774275709,4.57022339944244,0.6836182189373277,0.279981757840425,25.563831035027995
99,Tail-Risk Feasible Counterfactual,independent_trace_observed_meter,False,0.42731541684282415,0.44192475839208556,0.0661035117611894,-0.42731541684282415,0.5414297732618696
100,Ex-post Metadata Gradient Boosting,independent_trace_observed_meter,False,1.0161767309373002,2.1414772894274194,0.3032740626278763,0.7746198348023585,10.66178121370026
100,Ex-post Quantile Gradient Boosting,independent_trace_observed_meter,False,0.5939185733183366,0.7236576988457938,0.10248374398571573,-0.5569262724127575,1.3749832651153158
100,Extra Trees,independent_trace_observed_meter,False,5.5296899226236,10.672546411126014,1.5114362989822632,4.3648549698298105,38.850614620002915
100,Feasible Quantile Projection,independent_trace_observed_meter,False,1.010435728880625,1.0511836740339895,0.14886767418281796,-1.010435728880625,1.6238675132969238
100,Gradient Boosting,independent_trace_observed_meter,False,5.5036030728594945,12.164024553374869,1.7226580746012001,5.444062388613203,53.95391192620752
100,High-5-of-10,independent_trace_observed_meter,False,5.639021380151188,14.984806520631333,2.1221346467884556,3.9672439566778643,78.0034567366609
100,Metadata Gradient Boosting,independent_trace_observed_meter,False,1.1400579934833277,2.664103616971829,0.3772879269696547,0.9098462007219391,13.745298674958503
100,Ridge,independent_trace_observed_meter,False,1.990558580916038,6.167029092183594,0.8733690412523109,1.8730909669079427,33.94515573609826
100,Risk-Constrained Convex Verifier,independent_trace_observed_meter,False,1.0104357288805765,1.051183674033943,0.1488676741828114,-1.0104357288805765,1.6238675132968758
100,Single Feasible Projection,independent_trace_observed_meter,False,1.010435728880625,1.0511836740339895,0.14886767418281796,-1.010435728880625,1.6238675132969238
100,Synthetic Control,independent_trace_observed_meter,False,1.680292209379521,4.53862442255152,0.6427558555791775,-0.10341478324417919,25.013245646472605
100,Tail-Risk Feasible Counterfactual,independent_trace_observed_meter,False,1.0104357288806243,1.0511836740339888,0.14886767418281788,-1.0104357288806243,1.623867513296923
101,Ex-post Metadata Gradient Boosting,independent_trace_observed_meter,False,3.6477541714552113,4.134912204099022,0.3856698917155679,-2.9791091214849024,6.938687694667426
101,Ex-post Quantile Gradient Boosting,independent_trace_observed_meter,False,4.235410123221566,4.839562833646566,0.45139378585907697,-4.235410123221566,7.715589061117965
101,Extra Trees,independent_trace_observed_meter,False,6.070528112728224,10.341587060617638,0.9645764081476028,-2.291334560693872,51.30436303830953
101,Feasible Quantile Projection,independent_trace_observed_meter,False,4.655669850779819,5.180042901291606,0.4831509077369729,-4.655669850779819,8.0458233128511
101,Gradient Boosting,independent_trace_observed_meter,False,4.063748524026768,6.112690874542982,0.5701404797274083,-1.7879610905156413,27.084343455497425
101,High-5-of-10,independent_trace_observed_meter,False,7.244512679782762,14.735239947217988,1.3743794582174829,0.06670930847673284,74.78515055989241
101,Metadata Gradient Boosting,independent_trace_observed_meter,False,3.5062129031522353,4.063214709233181,0.3789825514006333,-3.15271682976741,6.923138786897368
101,Ridge,independent_trace_observed_meter,False,4.0139616659646515,5.610336978197743,0.5232851262777508,-2.3096502391947737,23.051037885064225
101,Risk-Constrained Convex Verifier,independent_trace_observed_meter,False,4.65566985077977,5.1800429012915625,0.48315090773696884,-4.65566985077977,8.045823312851052
101,Single Feasible Projection,independent_trace_observed_meter,False,4.655669850779819,5.180042901291606,0.4831509077369729,-4.655669850779819,8.0458233128511
101,Synthetic Control,independent_trace_observed_meter,False,5.343928534914358,6.883905114481515,0.6420728685485654,-3.7352542195061704,25.73878904653101
101,Tail-Risk Feasible Counterfactual,independent_trace_observed_meter,False,4.655669850779818,5.180042901291605,0.48315090773697283,-4.655669850779818,8.045823312851098
102,Ex-post Metadata Gradient Boosting,independent_trace_observed_meter,False,2.1476713412445796,7.3450730868960274,1.0481959072883613,2.024341581097098,40.77326974211904
102,Ex-post Quantile Gradient Boosting,independent_trace_observed_meter,False,0.5827347719580096,0.7219065011040533,0.10302136288502271,-0.41069942567387124,1.754111594416158
102,Extra Trees,independent_trace_observed_meter,False,3.8977489679614767,14.934408708062763,2.1312498732641467,2.2995579236942674,84.04202450511951
102,Feasible Quantile Projection,independent_trace_observed_meter,False,0.9280401729827228,1.4947427428922626,0.21331077404033835,-0.24464610537348871,6.717960009878448
102,Gradient Boosting,independent_trace_observed_meter,False,2.7779777534580385,9.682438497107574,1.3817551282567784,2.6770243102066162,53.6258768095482
102,High-5-of-10,independent_trace_observed_meter,False,3.101200786732022,11.724609937992664,1.6731880004682007,1.4844426715478285,66.01957135995586
102,Metadata Gradient Boosting,independent_trace_observed_meter,False,2.6350063809233655,9.513278862078401,1.3576148052105304,2.514205149739049,53.1003033444468
102,Ridge,independent_trace_observed_meter,False,2.534109291717624,9.273881943349812,1.3234511056176113,2.406050875098791,51.815653510736574
102,Risk-Constrained Convex Verifier,independent_trace_observed_meter,False,1.022464788072826,1.3851325107348595,0.1976685884030992,-0.2794989368272701,4.141314071159071
102,Single Feasible Projection,independent_trace_observed_meter,False,0.9240354052615685,1.2150363874003747,0.17339462159357774,-0.27949893682732396,3.3239008359008153
102,Synthetic Control,independent_trace_observed_meter,False,3.095246994663408,12.182969793905718,1.7385993203215722,1.2299788838289862,68.67463321578374
102,Tail-Risk Feasible Counterfactual,independent_trace_observed_meter,False,0.9575661978556343,1.276048773933807,0.1821015375223429,-0.27949893682732324,3.304170189371961
103,Ex-post Metadata Gradient Boosting,independent_trace_observed_meter,False,2.3810302499709213,6.2546708831954,0.7665185897344486,0.5256064057603083,34.46083724156339
103,Ex-post Quantile Gradient Boosting,independent_trace_observed_meter,False,1.6994787544979026,1.8041534875365546,0.22110151161534802,-1.6807753321855308,2.2449825240311947
103,Extra Trees,independent_trace_observed_meter,False,5.653302348225367,14.013272368184055,1.7173459601342846,2.2879710913133358,75.2549135271299
103,Feasible Quantile Projection,independent_trace_observed_meter,False,2.0121088451680844,2.076539916231258,0.2544828461547603,-1.9934054228557128,2.4541642503003303
103,Gradient Boosting,independent_trace_observed_meter,False,3.3333374434371255,8.756196399063068,1.073084010428179,1.773987268343006,45.93952075304158
103,High-5-of-10,independent_trace_observed_meter,False,3.8996138814875514,11.393822450469397,1.396328740475098,0.28916878606169893,63.342499753242635
103,Metadata Gradient Boosting,independent_trace_observed_meter,False,1.9562182581286518,4.519187363256398,0.5538326778689462,0.1321514864232616,24.455897341409965
103,Ridge,independent_trace_observed_meter,False,2.634459523619432,7.216418314243817,0.8843820710102756,1.1967256864146572,38.86224471377368
103,Risk-Constrained Convex Verifier,independent_trace_observed_meter,False,1.8201700391887068,3.0769936556549524,0.37708983919382927,-0.7629707490889646,15.257163551493907
103,Single Feasible Projection,independent_trace_observed_meter,False,1.9545186202917715,4.518732398429438,0.5537769212985282,0.05654832866464299,24.455897341409965
103,Synthetic Control,independent_trace_observed_meter,False,4.105507206715413,9.156666520415676,1.12216217910924,0.1052788116379072,47.78101866101133
103,Tail-Risk Feasible Counterfactual,independent_trace_observed_meter,False,1.8399218568055709,2.4060704957231485,0.2948672756129343,-1.2017893216834208,9.940374283765973
104,Ex-post Metadata Gradient Boosting,independent_trace_observed_meter,False,3.3281862811470724,10.95273067203714,1.6162907680000302,3.2584603895335005,52.42290803303224
104,Ex-post Quantile Gradient Boosting,independent_trace_observed_meter,False,0.5395304141991298,0.6271925939195594,0.09255459936564195,-0.3244124998898603,1.6913716494648288
104,Extra Trees,independent_trace_observed_meter,False,7.122207277590409,21.18425589282896,3.1261534910144264,5.849346337699046,90.63657016722397
104,Feasible Quantile Projection,independent_trace_observed_meter,False,0.7602187535821215,0.7981053910413232,0.11777614314250441,-0.7602187535821215,1.2939504676268392
104,Gradient Boosting,independent_trace_observed_meter,False,4.864404386060455,13.08525104412666,1.930986079442323,4.851455724005543,52.73626813638087
104,High-5-of-10,independent_trace_observed_meter,False,3.8187793076518153,13.283893220890418,1.9602996384124514,2.5218716193212343,71.41626559252867
104,Metadata Gradient Boosting,independent_trace_observed_meter,False,2.7470372464701156,9.151720444944027,1.3505162967482127,2.6834557830160053,48.05563508564258
104,Ridge,independent_trace_observed_meter,False,4.6405768020949445,14.46370679128515,2.13440432873033,4.638313224343619,62.634896138557174
104,Risk-Constrained Convex Verifier,independent_trace_observed_meter,False,0.5824265591400204,0.6444719587264683,0.0951045093972667,-0.5824265591400204,1.2461038850011503
104,Single Feasible Projection,independent_trace_observed_meter,False,0.5759335091412885,0.6275196109884338,0.09260285716410581,-0.48413273313421284,1.2461038850012
104,Synthetic Control,independent_trace_observed_meter,False,2.9671638422015256,9.433536864272707,1.392103850616827,1.5156660770582013,50.30435727922902
104,Tail-Risk Feasible Counterfactual,independent_trace_observed_meter,False,0.6490332087018182,0.6861633195434171,0.10125688943942648,-0.6490332087018182,1.2461038850012
105,Ex-post Metadata Gradient Boosting,independent_trace_observed_meter,False,2.243068686690565,6.900042038145135,1.0822784747395071,2.243068686690565,38.3195721643752
105,Ex-post Quantile Gradient Boosting,independent_trace_observed_meter,False,0.15951256280888737,0.23692167423587976,0.03716140087367754,0.051122920480006495,0.7861811770629714
105,Extra Trees,independent_trace_observed_meter,False,5.420421728866129,16.334136046977132,2.562025528160728,4.8613731727437495,77.48341937772204
105,Feasible Quantile Projection,independent_trace_observed_meter,False,0.29146743708848344,0.31487337543150173,0.04938820294342647,-0.24494610326822142,0.610056906108702
105,Gradient Boosting,independent_trace_observed_meter,False,3.120973290595837,6.556181029129522,1.0283435325605395,3.120973290595837,24.799176838640754
105,High-5-of-10,independent_trace_observed_meter,False,3.8458851014208575,15.489490773056833,2.4295420746251124,3.2753587938702897,84.3955678722785
105,Metadata Gradient Boosting,independent_trace_observed_meter,False,2.704472934288951,8.273135335080184,1.2976495276789746,2.704472934288951,45.558895380598784
105,Ridge,independent_trace_observed_meter,False,3.3910667806350157,10.516152937186531,1.6494690754152521,3.3910667806350157,58.56308082603233
105,Risk-Constrained Convex Verifier,independent_trace_observed_meter,False,0.34308974523376345,0.35648958188130386,0.0559157464267766,-0.23563002625884774,0.6225004875058913
105,Single Feasible Projection,independent_trace_observed_meter,False,0.3430897452337956,0.3564895818813346,0.05591574642678143,-0.2356300262588969,0.6225004875058353
105,Synthetic Control,independent_trace_observed_meter,False,2.6154253547095805,9.455994372970796,1.4831821473764961,1.9332649370202672,50.292243745619714
105,Tail-Risk Feasible Counterfactual,independent_trace_observed_meter,False,0.343089745233795,0.35648958188133395,0.05591574642678133,-0.23563002625889606,0.6225004875058353
106,Ex-post Metadata Gradient Boosting,independent_trace_observed_meter,False,1.107331629090157,1.5321659259959237,0.23753384411041759,1.107331629090157,4.091607492037882
106,Ex-post Quantile Gradient Boosting,independent_trace_observed_meter,False,0.2639676525076917,0.34273192600220614,0.053134213795906986,-0.05945159827298924,0.8696651653908543
106,Extra Trees,independent_trace_observed_meter,False,1.746665421675313,3.61614928562361,0.5606167231091405,1.0367780144758898,13.54572208678885
106,Feasible Quantile Projection,independent_trace_observed_meter,False,0.3871030744125594,0.4194393406319216,0.06502627245588823,-0.358506503016545,0.7190890585538909
106,Gradient Boosting,independent_trace_observed_meter,False,1.8816730556448888,2.86920460109882,0.4448168353537143,1.8816730556448888,8.18289520395656
106,High-5-of-10,independent_trace_observed_meter,False,3.8130217219615807,15.037554223189254,2.331293236619394,3.0697095637178013,81.72135276707604
106,Metadata Gradient Boosting,independent_trace_observed_meter,False,1.2336041705959424,1.8511140092761411,0.2869808152300463,1.2336041705959424,5.812359041907223
106,Ridge,independent_trace_observed_meter,False,1.4619521124943415,2.0584404716077884,0.3191229290493696,1.4619521124943415,7.565195939235187
106,Risk-Constrained Convex Verifier,independent_trace_observed_meter,False,0.4075284449737525,0.44260306523109394,0.0686173773451188,-0.366712307009914,0.719089058553843
106,Single Feasible Projection,independent_trace_observed_meter,False,0.4075284449737944,0.4426030652311337,0.06861737734512496,-0.3667123070099627,0.7190890585538909
106,Synthetic Control,independent_trace_observed_meter,False,2.658931227389084,9.382559719890269,1.4545914643105227,1.8282294581819383,50.056970650785026
106,Tail-Risk Feasible Counterfactual,independent_trace_observed_meter,False,0.4075284449737938,0.44260306523113313,0.06861737734512487,-0.36671230700996194,0.71908905855389
107,Ex-post Metadata Gradient Boosting,independent_trace_observed_meter,False,0.8110033754411428,1.5698387528581847,0.22104395685214853,0.7385752244370227,6.058196652188773
107,Ex-post Quantile Gradient Boosting,independent_trace_observed_meter,False,0.618174552650743,0.6547457015978309,0.09219264102737752,-0.5528900483518788,1.044552068781826
107,Extra Trees,independent_trace_observed_meter,False,2.0102250292742814,6.0984729362571395,0.8587064028911741,0.5600744627429917,33.77194698103164
107,Feasible Quantile Projection,independent_trace_observed_meter,False,0.7061984964267826,0.7638440374082149,0.10755442757367402,-0.3599106055238672,1.6112423594620955
107,Gradient Boosting,independent_trace_observed_meter,False,1.9795318937350819,5.566613718298098,0.7838170132567877,1.859140603040475,28.587118547230418
107,High-5-of-10,independent_trace_observed_meter,False,4.080068406563948,14.071686396581619,1.9813890025455014,2.2590661383970683,76.13336693098026
107,Metadata Gradient Boosting,independent_trace_observed_meter,False,1.1701671510156095,2.329898258899875,0.32806549670944746,1.1116774329733836,7.771331921877437
107,Ridge,independent_trace_observed_meter,False,1.058272809005566,2.9375253333463514,0.4136235150610798,0.8623030158704371,15.98822371141413
107,Risk-Constrained Convex Verifier,independent_trace_observed_meter,False,0.7174762491183572,0.7987178284332649,0.11246489417069042,-0.35365425245361476,1.2549589968321637
107,Single Feasible Projection,independent_trace_observed_meter,False,0.6443352716943349,0.7574845703755589,0.10665897142965305,-0.35365425245366877,1.2549589968320927
107,Synthetic Control,independent_trace_observed_meter,False,1.4292735599102833,2.571185754013529,0.36204041455483693,-0.5615813481901964,13.237263360764539
107,Tail-Risk Feasible Counterfactual,independent_trace_observed_meter,False,0.676389315852081,0.773402111415126,0.10890026930074735,-0.3536542524536681,1.2549589968320927
108,Ex-post Metadata Gradient Boosting,independent_trace_observed_meter,False,1.4178939024579065,4.631660174616566,0.6402602347869611,1.040075973149348,25.473516947433232
108,Ex-post Quantile Gradient Boosting,independent_trace_observed_meter,False,0.8546080498354534,0.9023315890761568,0.12473433138376118,-0.8546080498354534,1.4476951846443562
108,Extra Trees,independent_trace_observed_meter,False,3.3465150022749794,9.031962131604601,1.2485385319631823,1.4255676842300793,42.688798169019854
108,Feasible Quantile Projection,independent_trace_observed_meter,False,1.0804920196829761,1.1052038672424884,0.1527784986053545,-1.0804920196829761,1.469711077153316
108,Gradient Boosting,independent_trace_observed_meter,False,2.339730471995601,7.458927792531932,1.0310892163198997,2.0811922830985283,40.07794508370371
108,High-5-of-10,independent_trace_observed_meter,False,4.091960764999789,13.727533360766333,1.897633548501367,2.1127518766493596,74.1914712988287
108,Metadata Gradient Boosting,independent_trace_observed_meter,False,1.4271969719419992,4.659318260350072,0.6440835663350185,1.0792858222549797,25.690002737859366
108,Ridge,independent_trace_observed_meter,False,1.6889142802988002,5.732532023059722,0.7924398942571039,1.3850682652141426,31.62589356713231
108,Risk-Constrained Convex Verifier,independent_trace_observed_meter,False,1.0934951158692514,1.1178702095027204,0.1545294377856236,-1.0934951158692514,1.4755351350507926
108,Single Feasible Projection,independent_trace_observed_meter,False,1.0934951158693005,1.1178702095027684,0.15452943778563025,-1.0934951158693005,1.4755351350508414
108,Synthetic Control,independent_trace_observed_meter,False,1.563953614520941,2.683132081633115,0.37090432194608564,-0.6682018472735721,13.619303943303684
108,Tail-Risk Feasible Counterfactual,independent_trace_observed_meter,False,1.0934951158692998,1.117870209502768,0.15452943778563016,-1.0934951158692998,1.4755351350508414
109,Ex-post Metadata Gradient Boosting,independent_trace_observed_meter,False,1.696573708184949,4.88752719668499,0.6223039669553202,0.48466760636631967,26.815060784391264
109,Ex-post Quantile Gradient Boosting,independent_trace_observed_meter,False,1.3918500397533293,1.4614777266133678,0.18608252195613503,-1.3918500397533293,2.016498556753051
109,Extra Trees,independent_trace_observed_meter,False,2.950386476166824,7.793975724622674,0.9923672680687822,0.07608184104413895,42.95184717095353
109,Feasible Quantile Projection,independent_trace_observed_meter,False,1.541163086097081,1.577814182366997,0.20089505086975606,-1.541163086097081,2.016498556753051
109,Gradient Boosting,independent_trace_observed_meter,False,2.00405031794419,6.493655632301329,0.8268041276095076,0.9079100195250276,36.297076268774454
109,High-5-of-10,independent_trace_observed_meter,False,4.594828414408956,13.787126178870176,1.7554446182609016,1.492856811443703,74.23103015181002
109,Metadata Gradient Boosting,independent_trace_observed_meter,False,1.484887113466196,4.127036460990576,0.5254745514634955,0.3398082520380653,22.693370597393486
109,Ridge,independent_trace_observed_meter,False,1.64853170610369,4.359056159304373,0.5550164389787987,0.646034059788597,23.514337898451224
109,Risk-Constrained Convex Verifier,independent_trace_observed_meter,False,1.5411630860970305,1.5651653910991103,0.19928454464310333,-1.5411630860970305,1.794416607254382
109,Single Feasible Projection,independent_trace_observed_meter,False,1.541163086097081,1.5651653910991603,0.1992845446431097,-1.541163086097081,1.7944166072544299
109,Synthetic Control,independent_trace_observed_meter,False,2.2015024028566264,4.127015403609957,0.5254718703343754,-0.8609668996651978,21.394442497614357
109,Tail-Risk Feasible Counterfactual,independent_trace_observed_meter,False,1.5411630860970806,1.5651653910991596,0.19928454464310963,-1.5411630860970806,1.7944166072544299
110,Ex-post Metadata Gradient Boosting,independent_trace_observed_meter,False,4.284489180025038,9.114529942330856,1.2680325676767477,4.090305751726476,28.3391416700294
110,Ex-post Quantile Gradient Boosting,independent_trace_observed_meter,False,0.8538851094868839,0.9571789472852027,0.13316474748908377,-0.4569354853391335,1.7442348010755335
110,Extra Trees,independent_trace_observed_meter,False,5.08288675724919,12.997240061475358,1.8082033623391691,3.272692646446901,67.99732137621726
110,Feasible Quantile Projection,independent_trace_observed_meter,False,4.25497877138927,7.097464140980326,0.987414132777472,3.7218863286703394,18.499718973546607
110,Gradient Boosting,independent_trace_observed_meter,False,2.49175394374039,7.197982838360253,1.0013985052843,2.3602058293869765,38.26425216272477
110,High-5-of-10,independent_trace_observed_meter,False,4.242999698292805,14.468692609942014,2.0129149344171817,2.2472963945620443,78.46493126537526
110,Metadata Gradient Boosting,independent_trace_observed_meter,False,4.53548677656652,9.316144008202707,1.2960815403878794,4.303557999727126,30.395450930447936
110,Ridge,independent_trace_observed_meter,False,3.5875707830577754,11.762240648587804,1.63638764759452,3.464755072398491,55.4452096213563
110,Risk-Constrained Convex Verifier,independent_trace_observed_meter,False,4.2712562865328145,8.239248621933646,1.1462615902193036,4.072045161088076,24.01549279844849
110,Single Feasible Projection,independent_trace_observed_meter,False,4.460426600292563,9.209289807415562,1.2812157593274773,4.203180945060948,29.387248223382436
110,Synthetic Control,independent_trace_observed_meter,False,2.0176654192379924,4.454638992288374,0.6197387418993836,0.1717223996395969,23.678846663605796
110,Tail-Risk Feasible Counterfactual,independent_trace_observed_meter,False,4.321792255922396,8.581511972217259,1.19387798707441,4.139654265977629,25.225341474192454
111,Ex-post Metadata Gradient Boosting,independent_trace_observed_meter,False,3.486124859434232,10.963247201029137,1.319296960095457,1.849850880231287,58.60726139584736
111,Ex-post Quantile Gradient Boosting,independent_trace_observed_meter,False,1.714601357986372,1.7961279219105277,0.21614272339829105,-1.714601357986372,3.025280747446099
111,Extra Trees,independent_trace_observed_meter,False,8.120966675980153,18.068219190837283,2.174296193063345,4.970962772501,80.84907114816167
111,Feasible Quantile Projection,independent_trace_observed_meter,False,1.621248807645217,1.674939037802475,0.20155907646692334,-1.621248807645217,2.3443489848534265
111,Gradient Boosting,independent_trace_observed_meter,False,5.269113416775554,12.333137956463979,1.4841470885444807,3.86244208946618,54.40218300554022
111,High-5-of-10,independent_trace_observed_meter,False,5.9237448029481605,17.18306491348479,2.067778358893099,2.405045375572584,91.42631311282113
111,Metadata Gradient Boosting,independent_trace_observed_meter,False,2.823573447538939,9.201751146143835,1.1073217717395683,1.324942061211558,50.62943714488368
111,Ridge,independent_trace_observed_meter,False,5.14443393123064,16.60415796567401,1.9981137638675295,4.087340804120066,85.5339157786985
111,Risk-Constrained Convex Verifier,independent_trace_observed_meter,False,2.438558666807575,5.881269834740321,0.7077411712239465,-0.013243938817614431,31.994258022749516
111,Single Feasible Projection,independent_trace_observed_meter,False,2.823573447538939,9.201751146143835,1.1073217717395683,1.324942061211558,50.62943714488368
111,Synthetic Control,independent_trace_observed_meter,False,2.913327669343486,6.379017082123223,0.7676391574981684,-0.607905126237904,34.31998534045714
111,Tail-Risk Feasible Counterfactual,independent_trace_observed_meter,False,1.9654304213067972,3.7619216030427434,0.45270271152381075,-0.571540679054592,19.698998045352727
112,Ex-post Metadata Gradient Boosting,independent_trace_observed_meter,False,2.6181276693365088,5.600082028606224,0.6621033145354803,0.5915369669056876,25.569452366632014
112,Ex-post Quantile Gradient Boosting,independent_trace_observed_meter,False,1.8377373547868832,1.9839352185523818,0.2345626505678404,-1.8377373547868832,3.1812173855498402
112,Extra Trees,independent_trace_observed_meter,False,7.943401324294734,14.554142036893227,1.7207508092958264,4.35599183798961,48.618109565684506
112,Feasible Quantile Projection,independent_trace_observed_meter,False,1.7780121027850206,1.8954535882131338,0.22410137867506066,-1.7780121027850206,2.920105310130185
112,Gradient Boosting,independent_trace_observed_meter,False,3.913694039651986,6.3992402953792835,0.7565885978877608,2.227267626912665,16.192921225570046
112,High-5-of-10,independent_trace_observed_meter,False,7.945995434985123,20.878053287381203,2.4684331786589775,4.095199737707582,101.18942007433516
112,Metadata Gradient Boosting,independent_trace_observed_meter,False,3.4015654404609137,8.34724900922328,0.9869036217734225,1.4409128113074756,41.52168999681706
112,Ridge,independent_trace_observed_meter,False,5.7365352739671405,15.63141025836313,1.848117311506953,4.469580245136754,50.98022626212279
112,Risk-Constrained Convex Verifier,independent_trace_observed_meter,False,1.7796374894895983,1.8031531602719548,0.21318860651195223,-1.7796374894895983,2.393958610927309
112,Single Feasible Projection,independent_trace_observed_meter,False,1.7796374894896518,1.8031531602720077,0.21318860651195848,-1.7796374894896518,2.3939586109273634
112,Synthetic Control,independent_trace_observed_meter,False,2.9699247514071505,5.951764450800232,0.7036830800119641,-0.7411587152636171,31.313162633419466
112,Tail-Risk Feasible Counterfactual,independent_trace_observed_meter,False,1.7796374894896512,1.8031531602720072,0.21318860651195842,-1.7796374894896512,2.3939586109273616
113,Ex-post Metadata Gradient Boosting,independent_trace_observed_meter,False,3.0206626027672643,5.357902638688839,0.6504445862249344,1.386325000160289,18.04087662713691
113,Ex-post Quantile Gradient Boosting,independent_trace_observed_meter,False,1.831445782718595,2.270899561785717,0.27568517485893757,-1.3040547613121278,5.175454601784816
113,Extra Trees,independent_trace_observed_meter,False,5.366297189358855,11.486735100953545,1.3944793632240295,2.1553531104708488,56.78425254121707
113,Feasible Quantile Projection,independent_trace_observed_meter,False,1.2299751044496912,1.7561379022086314,0.2131935699816204,-0.42246057553202776,5.175454601784816
113,Gradient Boosting,independent_trace_observed_meter,False,3.4111429851146693,6.184692742932665,0.7508161650898593,1.9098310697648484,22.07317275467077
113,High-5-of-10,independent_trace_observed_meter,False,7.920166223325031,20.82873293451418,2.528589541241669,4.224703186161899,100.2015798898577
113,Metadata Gradient Boosting,independent_trace_observed_meter,False,2.627923123975434,4.9373597758590275,0.5993910589682082,1.0156976904013957,18.152753614031614
113,Ridge,independent_trace_observed_meter,False,1.8031420425676727,4.080397209511642,0.49535657020144536,0.308007235829181,21.211460489261494
113,Risk-Constrained Convex Verifier,independent_trace_observed_meter,False,1.796610148748604,3.2329067594041954,0.3924719878708079,0.2657447094477617,11.440925805120731
113,Single Feasible Projection,independent_trace_observed_meter,False,2.6279231239754344,4.9373597758590275,0.5993910589682082,1.0156976904013961,18.152753614031614
113,Synthetic Control,independent_trace_observed_meter,False,2.5631615457633625,4.1730686633899525,0.5066068017822662,-1.2311898061502171,19.509014340287173
113,Tail-Risk Feasible Counterfactual,independent_trace_observed_meter,False,1.722770287935999,2.927013740066472,0.3553368490283239,0.01178974377447839,9.833625102921015
114,Ex-post Metadata Gradient Boosting,independent_trace_observed_meter,False,5.676361976582126,8.669110224574899,0.7333147232768947,-2.175134994423205,38.13922512772423
114,Ex-post Quantile Gradient Boosting,independent_trace_observed_meter,False,5.170259719668426,5.51353814610557,0.4663868142345913,-5.170259719668426,9.920572608913378
114,Extra Trees,independent_trace_observed_meter,False,11.226874901746468,18.099658267749845,1.5310390051791254,6.67599825033971,73.47253606217645
114,Feasible Quantile Projection,independent_trace_observed_meter,False,4.524512679904322,4.887842838736788,0.41345963147965176,-4.524512679904322,8.287198204031268
114,Gradient Boosting,independent_trace_observed_meter,False,9.477635849909785,14.559097707865478,1.2315451563344468,2.5523509519494287,60.47469650324678
114,High-5-of-10,independent_trace_observed_meter,False,10.638839952865037,21.11105394765886,1.7857711209883926,1.075292826971197,99.0365466729306
114,Metadata Gradient Boosting,independent_trace_observed_meter,False,6.940330589039391,12.237984190043475,1.0352035857554007,-0.7243688512209495,52.93426571251408
114,Ridge,independent_trace_observed_meter,False,7.450457285848799,14.046146758848444,1.1881549497862895,0.21811059892420448,56.70545980348273
114,Risk-Constrained Convex Verifier,independent_trace_observed_meter,False,4.553506505669266,4.889579023993699,0.4136064943269622,-4.553506505669266,8.442634477576373
114,Single Feasible Projection,independent_trace_observed_meter,False,4.553506505669324,4.922150298885342,0.4163616785171727,-4.553506505669324,8.95676339353307
114,Synthetic Control,independent_trace_observed_meter,False,6.381197848636567,8.518953919535095,0.720613093417996,-3.7434464036347976,35.93503389070973
114,Tail-Risk Feasible Counterfactual,independent_trace_observed_meter,False,4.553506505669324,4.905359184062243,0.4149413284003745,-4.553506505669324,8.717434881591979
