day,variant,solve_seconds,l1_adjustment_from_ex_post_statistical_mw,release_violation_mwh,deadline_violation_mwh,capacity_violation_mw,conservation_violation_mwh,certified_feasible,mae_mw,rmse_mw,nrmse,nmae,normalization_mean_truth_mw,bias_mw,max_abs_error_mw,paid_response_mwh,oracle_response_mwh,false_response_mwh,false_response_ratio,underestimation_mwh,credit_precision,credit_recall,credit_f1,net_system_response_mwh
61,Ex-post statistical,2.2129997887532227e-06,0.0,,,,,0.0,20.181462503009556,34.490343271975476,2.1954357008132956,1.284623435735213,15.710022051294231,13.831608405341758,75.55708825138773,161.2639743245296,39.50600234462871,136.05228363340527,0.8436619784627902,14.29431165350438,0.15633802153720963,0.6381736747543161,0.2511500086755479,141.0914424091025
62,Ex-post statistical,1.2119999155402184e-06,0.0,,,,,0.0,22.59716676332514,28.034707168994093,1.185630387259018,0.9556685368267077,23.645402032758046,2.5252924237808836,60.949489529251586,135.4936414289022,35.00380468047819,100.4898367484241,0.7416572149708907,6.217248937900877e-14,0.2583427850291095,0.9999999999999982,0.4106079648609153,20.20233939024713
63,Ex-post statistical,7.610001375724096e-07,0.0,,,,,0.0,22.823166671469195,28.56147323293286,1.050517215166519,0.8394570300157841,27.18801064902638,2.860413308745003,57.921461524523,145.04644212937916,72.0122613638636,102.73431992085679,0.7082856939656568,29.700139155341226,0.2917143060343433,0.5875683030522768,0.38986800830900187,58.515518353201834
64,Ex-post statistical,5.609999789157882e-07,0.0,,,,,0.0,22.761722436603357,27.480593383368085,1.0185301509660158,0.8436317318981685,26.980638086466424,1.020090717612193,56.67751820877865,137.56417341406356,53.97195639583359,95.12725261686221,0.6915118250340687,11.535035598632234,0.3084881749659313,0.7862772378671326,0.443121836484017,25.570739672672975
65,Ex-post statistical,9.90999978967011e-07,0.0,,,,,0.0,14.188187293694,24.22353973148534,2.043353250945966,1.196830808088599,11.854797852633217,9.408216784675377,59.34165761654074,115.10789708760854,28.753428194463122,94.3856163134775,0.8199751598419062,8.031147420332092,0.18002484015809378,0.7206890473714506,0.28808688830720086,84.12124172377234
66,Ex-post statistical,6.010000106471125e-07,0.0,,,,,0.0,16.986241334753647,29.115098353278384,1.9904377706672345,1.1612550960369894,14.627484859030996,11.565726774518915,65.96210780099351,157.62692551408927,54.974581023964205,114.20787243709024,0.7245454548111574,11.555527946965203,0.27545454518884244,0.789802346252935,0.4084548015112719,99.96927293663583
67,Ex-post statistical,8.010001693037339e-07,0.0,,,,,0.0,18.456165496892474,34.70714257103192,2.7656963739665494,1.4707102403378405,12.549151417245088,16.174059207833487,74.12324895324677,174.93345213003408,44.816158783619265,138.52089881890385,0.7918491125181505,8.403605472488996,0.2081508874818497,0.8124871541743869,0.3314003893771436,174.04966516605958
68,Ex-post statistical,7.610001375724096e-07,0.0,,,,,0.0,21.20696362618917,35.264625916757225,2.645426653931602,1.5908708902260105,13.330411510123463,14.274411088290048,75.26577392600191,157.2563870387903,19.368929145714922,141.32700492070057,0.8987043870328749,3.4395470276252107,0.10129561296712497,0.8224193499935355,0.18037484616814115,117.34676077864383
69,Ex-post statistical,7.710000318184029e-07,0.0,,,,,0.0,24.916905684213823,29.663865682455892,1.1479458131580682,0.9642457885711289,25.840823967856817,0.5810323253753111,60.9329300081071,141.3778296495663,44.565959108807945,101.99175203835654,0.7214126308995111,5.179881497598171,0.27858736910048887,0.8837704471937544,0.4236342377898972,10.804025164346392
70,Ex-post statistical,5.410001904238015e-07,0.0,,,,,0.0,14.731063445023821,21.92920323492045,1.1347823290268924,0.762296299875014,19.32458998874732,2.062190557988583,63.21671935081154,94.43707363399255,28.975956204206163,67.17301601204962,0.7112992114981286,1.7118985822632315,0.2887007885018713,0.9409200314150554,0.44183434533108235,19.684090381313833
71,Ex-post statistical,6.509999366244301e-07,0.0,,,,,0.0,24.59241885463052,28.208228040552914,0.8876885803530004,0.7739021873025607,31.777166750681374,-1.0515158700632359,56.02970410510008,148.52959230604307,86.9495791009182,94.16361193826913,0.6339720622422929,32.58359873314426,0.3660279377577071,0.6252586950958551,0.46174767851392884,54.377801670259615
72,Ex-post statistical,6.609998308704235e-07,0.0,,,,,0.0,22.205956491598712,30.241947182374417,1.586890849437915,1.165216940133805,19.05735809938426,6.210483002905732,67.21302454966701,141.04284304453654,33.083618393204134,113.66575797801778,0.8058952551185173,5.706533326685385,0.19410474488148258,0.8275118138873955,0.314450599184863,60.65808454167568
73,Ex-post statistical,5.20999947184464e-07,0.0,,,,,0.0,20.421605553838546,28.14448355091237,1.3389064120487806,0.9715089840218101,21.020500983221055,6.054931989705297,61.49913269690669,135.26967221991868,42.05457130574932,105.90615017417537,0.7829260501348396,12.691049260005997,0.21707394986516051,0.6982242627623458,0.33118451782926006,57.88524794223427
74,Ex-post statistical,5.29999852005858e-07,0.0,,,,,0.0,19.086474630206773,28.399376215317208,1.6559866302737805,1.1129451072110133,17.14952022929195,7.749644876636502,60.718051310752024,133.68472749296774,34.24243692796264,107.3444780273731,0.8029673997953115,7.902187462368022,0.19703260020468838,0.7692282392461668,0.3137104060135203,77.88915734934059
75,Ex-post statistical,5.110000529384706e-07,0.0,,,,,0.0,20.796059298333418,28.805589153503647,1.1608220268786564,0.8380499901299153,24.814819573125455,4.420892117200838,65.64701137784607,146.1967663372986,51.31719530784004,100.86780566213703,0.6899455315545034,5.988234632678446,0.3100544684454966,0.8833093937274553,0.4589950026581046,34.90461746952611
76,Ex-post statistical,7.809999260643963e-07,0.0,,,,,0.0,20.25093768512979,28.916557596471883,1.5745446098333413,1.1026902033484933,18.365029111199696,6.357009042402271,69.67079584914084,131.59509260291412,35.38702492035839,106.43178691012827,0.8087823398649394,10.223719227572527,0.1912176601350606,0.7110884780344799,0.3013892273737494,68.16412133051014
77,Ex-post statistical,5.410001904238015e-07,0.0,,,,,0.0,14.371813027110015,26.06351427270365,2.4315105714528276,1.3407714301581974,10.719062700653076,12.001162749657219,67.90782177261426,128.03473165749665,30.242237127870993,105.36593181997338,0.8229480427376209,7.573437290347709,0.17705195726237916,0.7495741714369373,0.2864447052718508,125.61957119141057
78,Ex-post statistical,4.910002644464839e-07,0.0,,,,,0.0,14.22669981665486,26.117005200527107,2.4737370726081616,1.3475172397107988,10.557712656580307,10.313047959885068,66.36154008975018,109.87541548540068,13.42057356476695,98.15899110615972,0.8933662791855587,1.7041491855259938,0.1066337208144413,0.8730196457474887,0.19005361763185477,86.54585554419177
79,Ex-post statistical,4.90999809699133e-07,0.0,,,,,0.0,19.027026673744878,26.517283227875872,1.2871864815897678,0.9235988207700783,20.600964667625412,4.759944112171086,67.95426326054043,124.0877226964664,33.79052353225004,94.99143477772643,0.7655183987064295,4.694235613510076,0.23448160129357046,0.8610783402325849,0.3685914762010784,-11.738460973234648
80,Ex-post statistical,4.61000126961153e-07,0.0,,,,,0.0,24.117120206764504,33.564513111780364,1.7284893166137267,1.2419719745688966,19.41840935270367,7.3381804394967425,71.24738898172436,154.7782108241019,36.00549500360443,125.82120258504497,0.8129128894507949,7.048486764547498,0.18708711054920513,0.8042385818097518,0.3035585047835011,76.7397950478489
81,Ex-post statistical,5.110000529384706e-07,0.0,,,,,0.0,22.91478492144079,29.19213267001206,1.0289802376945278,0.8077128554367243,28.36996435948879,2.5567313772864138,68.33751316746222,145.00929585646162,57.652604300839386,101.88606519490881,0.702617474232558,14.529373639286561,0.297382525767442,0.7479840882214053,0.42556820623986713,-13.472758266647638
82,Ex-post statistical,7.009998626017477e-07,0.0,,,,,0.0,21.66055809429328,29.872461115165205,1.5434959722570014,1.1191908174719394,19.35376680736246,6.690959541224055,64.72355288191117,135.85892311624826,37.34594246339659,113.40607054206933,0.8347340604564704,14.893089889217642,0.1652659395435298,0.6012126376562964,0.25926353164547156,70.10911317734968
83,Ex-post statistical,4.910002644464839e-07,0.0,,,,,0.0,15.032330867715348,27.32391123531245,2.801887101916966,1.5414665055552863,9.75196724258385,12.244934430794139,60.16588736364798,119.5186245880381,12.670103815465701,109.07000713672542,0.9125774958729034,2.2214863641530176,0.0874225041270967,0.8246670748315912,0.15808635997191015,106.16306195590406
84,Ex-post statistical,6.410000423784368e-07,0.0,,,,,0.0,14.2800732892627,26.26222250396791,2.326732189519002,1.2651597246119586,11.287170316493114,10.557636803803403,69.30241478194641,113.84737247110249,26.060704576651148,99.35084037226441,0.8726669594195713,11.564172477813072,0.12733304058042874,0.5562601753993296,0.20722938095832882,110.52179900707839
85,Ex-post statistical,4.7100002120714635e-07,0.0,,,,,0.0,21.058190836019204,27.01094257596176,1.3493557772038396,1.051980743809038,20.01765807972034,3.3084394203049388,61.12909393960267,127.21667191539763,35.53326993985547,97.46652102529657,0.7661458168793657,5.78311904975442,0.23385418312063433,0.8372477664019361,0.36559338271912023,33.10740531091611
86,Ex-post statistical,4.899998202745337e-07,0.0,,,,,0.0,19.095012530257563,27.098402531320165,1.6296958809421627,1.1483726109364754,16.627889195899538,7.069557272394098,61.28401719222188,127.20667943578349,26.273989206344574,104.65827921060664,0.8227420106775153,3.7255889811677267,0.17725798932248474,0.8582023859449528,0.29382723472169786,61.90842032014812
87,Ex-post statistical,7.920002644823398e-07,0.0,,,,,0.0,22.268680956856567,28.718596206541726,1.0560417298481208,0.8188651071237919,27.194565702126198,3.507817861323658,64.11039955436391,146.91797187990437,53.557790285655976,103.1059952727209,0.7017929389673523,9.745813678472494,0.2982070610326478,0.8180318189661635,0.4370800353511256,44.99058058604558
88,Ex-post statistical,4.90999809699133e-07,0.0,,,,,0.0,20.929004730518663,31.405592218842756,1.7191042430403989,1.1456284786522961,18.268579317388564,9.588657848228824,67.03589415073543,148.31042307050546,34.289759489099275,122.07065031498995,0.8230753293513203,8.049986733583747,0.17692467064867967,0.7652364188747709,0.2874013857784647,88.6021784413546
89,Ex-post statistical,4.99999714520527e-07,0.0,,,,,0.0,17.191411901541663,29.0724271350209,2.4389078609653976,1.4422005233012312,11.92026463989218,11.446486485346508,63.14768732246493,133.24981362821887,25.526080869572777,114.55159354755268,0.8596754504074864,6.8278607889065945,0.1403245495925135,0.7325143321532981,0.23552970858465228,107.65069637980861
90,Ex-post statistical,4.90999809699133e-07,0.0,,,,,0.0,18.076313755571157,35.25531363503081,4.421232433141387,2.2668805467202064,7.974091877811794,17.287520577568074,75.93080343970506,145.67979250767723,4.48805719241122,141.19173531526604,0.9691923147668221,4.884981308350689e-15,0.030807685233178086,0.999999999999999,0.05977387571806685,138.30016462054456
91,Ex-post statistical,4.5099977796780877e-07,0.0,,,,,0.0,22.414095838501318,29.499580249143914,1.4110262093827617,1.0721127697625552,20.90647222070254,3.839801795825669,67.08011317316782,132.34330920762602,41.23565776772999,105.01559053730796,0.7935088760139348,13.907939097411933,0.20649112398606512,0.6627205712164983,0.31487361800232316,29.35893334054656
92,Ex-post statistical,5.000001692678779e-07,0.0,,,,,0.0,15.316236687550553,29.771617467711998,3.521134654594251,1.8114746985779662,8.455120405255464,14.129211901812258,70.52768008747373,126.66550020868698,10.37479911589623,117.78179435745125,0.9298648342555831,1.4910932646605177,0.07013516574441672,0.8562773844578956,0.12965099894001902,117.65059674687498
93,Ex-post statistical,5.110000529384706e-07,0.0,,,,,0.0,15.5111994631157,30.996456093105095,3.749722499907777,1.8764304361988073,8.266333333698011,14.801521043774551,70.38770151753374,132.50481111267504,12.646513923347877,121.250882027561,0.9150677700635014,1.3925848382338053,0.08493222993649892,0.8898838963310809,0.15506477922018458,126.55270047036106
94,Ex-post statistical,5.199999577598646e-07,0.0,,,,,0.0,15.493272772513674,30.103400382526868,3.6675239889121287,1.8875591739773887,8.208099108155043,15.004260412463216,66.93907264162667,136.00568376884698,15.971600469141233,121.99013273990755,0.8969487844878599,1.9560494402018216,0.10305121551214,0.8775295284914553,0.18444270930636997,136.00568376884698
95,Ex-post statistical,6.509999366244301e-07,0.0,,,,,0.0,15.80673532558956,30.00748720541907,2.9774097054943582,1.568379479708375,10.078386978468163,13.275157461998337,72.96259170640518,136.59004653826338,22.85854558605503,116.32757115035159,0.851654817452342,2.596070198143215,0.14834518254765822,0.8864288986204371,0.25415684287903434,112.36478452092092
96,Ex-post statistical,6.809996193624102e-07,0.0,,,,,0.0,13.743388371822505,26.93458868686039,3.3014248532686046,1.6845538079811828,8.15847395714416,13.647284729179855,63.72438124737609,122.1863610023856,12.748226819760927,109.56269240400944,0.8966851251251382,0.12455822138476647,0.10331487487486178,0.9902293689039412,0.1871079728648234,121.64651800949989
97,Ex-post statistical,7.009998626017477e-07,0.0,,,,,0.0,10.715016699595717,24.28324132998852,3.4167883398411543,1.5076629854668253,7.107037051969524,10.715016699595717,74.24181685444658,90.82208373529835,5.297907095627526,85.52417663967081,0.9416671928485111,0.0,0.058332807151488794,1.0,0.11023528091979311,90.60562644827934
98,Ex-post statistical,5.709998731617816e-07,0.0,,,,,0.0,7.969205006541577,16.80083528693336,2.33811469629445,1.1090469625679675,7.185633499314676,7.434897013926092,57.65784184418045,65.5157940040048,5.328197161669193,61.616408081870674,0.9404817421292984,1.4288112395350616,0.05951825787070172,0.7318396455345413,0.11008374480243847,64.80737327307793
99,Ex-post statistical,4.90999809699133e-07,0.0,,,,,0.0,4.478335353010441,8.117198938795827,1.1545133529443228,0.6369559256829286,7.03084023939157,4.4232909212875615,25.097811229023417,40.660286955105555,5.130097882578371,35.60650509719201,0.8757071767965239,0.07631602466482823,0.12429282320347616,0.9851238657796384,0.22073550488068636,40.51642525287887
100,Ex-post statistical,6.000000212225132e-07,0.0,,,,,0.0,3.9016012159091007,11.59525003094653,1.5271458354905258,0.5138581775052912,7.592758832506711,3.824160916005374,55.51335243842891,42.226340599780514,11.694713576395188,30.832657329562768,0.7301759255388337,0.3010303061774411,0.2698240744611663,0.9742592835462814,0.42260610235813584,41.99202073394286
101,Ex-post statistical,6.010000106471125e-07,0.0,,,,,0.0,9.420569101799543,13.737889336262175,1.049873139850082,0.719936099352213,13.085285083323395,0.4134595582470051,52.72829121217532,67.92409650704542,43.69713760955085,39.336114640186196,0.5791187025374134,15.10915574269161,0.42088129746258685,0.6542300807504331,0.5122319618325859,-3.3406513712460573
102,Ex-post statistical,5.20999947184464e-07,0.0,,,,,0.0,10.66520788483473,21.340220811635717,2.8409154025550425,1.41980505351463,7.511741036865406,9.986191635181363,60.06131483766558,93.16998670960028,10.60433455930149,82.5656521502988,0.8861829336484299,0.0,0.11381706635157021,1.0,0.20437299766718509,68.59463765106511
103,Ex-post statistical,5.010001586924773e-07,0.0,,,,,0.0,6.981056653927956,15.74679373517419,1.7039492450677358,0.7554151286470794,9.241351396325317,5.159698863991341,58.03581904148265,69.19952851626215,24.19355406514739,48.43074899943735,0.6998710834865868,3.424774548322582,0.30012891651341334,0.8584426852251433,0.4447605527683688,49.129364428540114
104,Ex-post statistical,1.1209999684069771e-06,0.0,,,,,0.0,6.940356345775111,17.53792707431263,2.4475972608916745,0.9685977772374275,7.1653647250460875,6.73011780324042,65.273361457765,62.96768221655093,9.126739790627566,54.681896596062124,0.868412091269402,0.8409541701387664,0.13158790873059795,0.9078582068262361,0.2298592703791641,62.96768221655093
105,Ex-post statistical,7.109997568477411e-07,0.0,,,,,0.0,2.363894618525392,8.63131837435991,1.3150097993608003,0.36014713548875177,6.5636912961070095,1.492065976465428,48.11337461611361,18.861288924403397,3.77291347926968,15.423842379963281,0.8177512386233251,0.33546693482956,0.1822487613766751,0.9110854418812443,0.30373913629775534,9.30877262001259
106,Ex-post statistical,5.809997674077749e-07,0.0,,,,,0.0,0.8082486651636547,2.2539085513412793,0.3376103253920047,0.12106662210459726,6.676065220233506,0.720434050819131,11.58101122739465,10.69233538195918,4.746296049356986,6.11091508355264,0.5715229522133567,0.16487575095044482,0.4284770477866433,0.9652622278012384,0.5935008318306576,9.405497362860801
107,Ex-post statistical,6.310001481324434e-07,0.0,,,,,0.0,4.509468519646,10.852875869462896,1.4178808267726668,0.5891423646456407,7.65429341065698,3.1384106681761126,55.316090241848485,39.18200909631544,9.195003343726437,30.591516751288452,0.7807541638839849,0.6045109986994541,0.21924583611601495,0.9342565765229547,0.35514769977472155,28.773327520193597
108,Ex-post statistical,5.810002221551258e-07,0.0,,,,,0.0,7.692209362942874,17.742377860082243,2.2592922680061727,0.9795163463788932,7.853068906281836,6.551581377944005,58.11963950703523,66.16396941203907,12.851807513007024,56.975162963547504,0.8611206895513197,3.6630010645154756,0.13887931044868013,0.714981642791628,0.23258156297591046,64.66947046105466
109,Ex-post statistical,7.809999260643963e-07,0.0,,,,,0.0,7.611309946791549,16.3189714500525,1.8576510043651489,0.8664245544192235,8.784734813862144,5.172712317900621,70.04392574126618,64.85886575715878,17.22624864385101,51.13608905876868,0.7884209577489343,3.503471945460907,0.21157904225106583,0.7966201453436301,0.3343548169123655,37.49359967744405
110,Ex-post statistical,5.309998414304573e-07,0.0,,,,,0.0,8.035442068400046,17.986995948704124,2.3098276707914485,1.0318836168954213,7.787159265669801,7.3184003969924305,65.62941628623838,67.27474196968757,7.763465514273809,61.41536986156991,0.9129038337931084,1.9040934061561587,0.08709616620689153,0.7547366697700509,0.15617036452716515,66.22010282139439
111,Ex-post statistical,5.100000635138713e-07,0.0,,,,,0.0,9.2367497516267,18.694301956511485,1.9736758607317055,0.9751821736277941,9.471819729092143,7.264343425099627,70.88499553547072,80.47390670110197,19.440267138587984,65.955924797337,0.8195939218200505,4.9222852348230255,0.18040607817994941,0.7467995064197173,0.29060905667015235,72.75212043232224
112,Ex-post statistical,5.799997779831756e-07,0.0,,,,,0.0,13.001301604479018,25.22174480801087,2.601607163071338,1.3410761087678718,9.694678414951486,12.199227727013527,54.64922702499643,118.52723173167762,20.642007493191354,100.80211732597017,0.8504553413865801,2.916893087483905,0.14954465861341998,0.8586914044844705,0.2547274743245136,118.0883764365484
113,Ex-post statistical,5.20999947184464e-07,0.0,,,,,0.0,8.36900324432408,15.961444636580673,1.7031631115332064,0.8930130029312938,9.371647688054964,4.908481106264151,60.712107813784485,61.423243485829914,10.708960219353045,53.10993740235293,0.864655371294503,2.395654135876061,0.135344628705497,0.7762944219788327,0.23050192996889252,41.00937102772093
114,Ex-post statistical,5.409997356764507e-07,0.0,,,,,0.0,17.784104893273554,26.18677087559819,1.7759477295736847,1.2060914596056684,14.745237396082771,6.284244663065785,72.66876816388064,119.62341274866131,49.934349160388656,96.27339822535735,0.8048039761884719,26.58433463708471,0.19519602381152812,0.46761427586257154,0.2754225375518791,73.250447529002
61,Release + conservation,3.585270215000037,13.879006182413425,4.263256414560601e-14,8.526512829121202e-14,251.1939503239435,5.684341886080802e-14,0.0,3.734871154678446,4.418892471714117,0.2812785658279886,0.23773812299459873,15.710022051294231,-2.8259880186167647,10.763018981292193,21.291975041943473,39.50600234462871,3.6355325442467255,0.1707466093251105,21.849559846931967,0.8292533906748897,0.44693062951982904,0.5808233515872304,7.830671017434357
62,Release + conservation,2.857754019999902,5.825660309953659,4.263256414560601e-14,0.0,56.06707446006152,2.842170943040401e-14,0.0,2.7594309582141605,3.3410854895784974,0.14129958479664667,0.11670053037758796,23.645402032758046,0.15804331753077516,6.991034151910579,46.673701783457865,35.00380468047819,11.669897102979743,0.25003153075627266,6.217248937900877e-14,0.7499684692437274,0.9999999999999982,0.8571222652575402,1.2643465402462484
63,Release + conservation,3.0949892670000736,9.999924846993096,8.526512829121202e-14,1.4210854715202004e-13,18.21661901678445,8.526512829121202e-14,0.0,8.8127610904831,11.56686174036281,0.42543979733129267,0.3241414461781775,27.18801064902638,-4.025404876474649,47.45368818930075,39.36548275563169,72.0122613638636,3.2933206144201206,0.08366010992076486,35.94009922265202,0.9163398900792354,0.5009169474479649,0.6477445278925809,3.428972871444608
64,Release + conservation,2.7926725289999013,8.638478677297531,1.1368683772161603e-13,1.4210854715202004e-14,114.56455667419323,5.684341886080802e-14,0.0,4.094945357961384,4.797758826377916,0.17782228911719059,0.15177348085090034,26.980638086466424,-2.0503534391701264,16.05702247188521,50.413519475003866,53.97195639583359,8.008305641594163,0.15885234208980106,11.566742562423883,0.841147657910199,0.7856897667819803,0.8124734495799066,1.0071864184144124
65,Release + conservation,2.907328078000319,8.546823210880204,2.842170943040401e-14,1.1368683772161603e-13,88.10319191379736,2.842170943040401e-14,0.0,4.6637039273902126,9.168867220757408,0.7734309209431856,0.39340223134672003,11.854797852633217,-1.0484212135149864,48.0470351699555,9.22563828854637,28.753428194463122,1.5650119839306535,0.1696372581476141,21.092801889847408,0.8303627418523859,0.2664247982120921,0.4034130911586683,0.4681377382494478
66,Release + conservation,2.8107456230000025,10.701878836573576,4.263256414560601e-14,5.684341886080802e-14,105.9951573212667,2.842170943040401e-14,0.0,10.344871628331493,15.762326895116525,1.0775828549489066,0.707221489410367,14.627484859030996,-0.553370560929443,49.98034112779527,25.263547900699827,54.974581023964205,12.577683835653762,0.49785896601266155,42.28871695891815,0.5021410339873383,0.23075872209951198,0.31620538103416845,3.016494253048971
67,Release + conservation,3.6188166080000883,13.444011301577843,8.526512829121202e-14,2.842170943040401e-14,269.57696808915654,2.842170943040401e-14,0.0,5.057639582315296,5.292939734877505,0.4217767049653994,0.4030264210028632,12.549151417245088,-4.897461613217137,7.308163047129504,6.588993594146952,44.816158783619265,0.6407118763926354,0.09723971760448881,38.867877065864946,0.9027602823955113,0.13272627282658753,0.23142745202043488,5.477498597654609
68,Release + conservation,2.9769519750002473,8.328611659412633,2.842170943040401e-14,2.842170943040401e-14,183.53346276631856,1.4210854715202004e-14,0.0,1.8169412972947672,2.303129196062605,0.17277255051830534,0.1363004657369305,13.330411510123463,-0.3590949856191142,5.4370286468713935,17.08938856320482,19.368929145714922,2.322161488012163,0.13588324002486615,4.6017020705222675,0.8641167599751336,0.7624183538540992,0.8100882324353526,0.2787121873705125
69,Release + conservation,3.6733950679999907,5.835712644902365,4.263256414560601e-14,1.4210854715202004e-14,86.99454203945348,2.842170943040401e-14,0.0,3.62254972717919,4.210579707484687,0.16294293528419185,0.14018708272171387,25.840823967856817,-0.6862883472065386,10.330974970782567,50.7668837143118,44.565959108807945,11.480537707732903,0.22614225786122855,5.279613102229038,0.7738577421387717,0.8815326045303133,0.8241933177104698,0.6654597836915954
70,Release + conservation,3.170981262999703,5.175997428398958,5.684341886080802e-14,0.0,61.11650806429509,2.842170943040401e-14,0.0,1.4861763924243019,1.6790833046905818,0.08688843104398641,0.07690597281958894,19.32458998874732,-0.3291504023699186,4.273152775000639,31.118805829057603,28.975956204206163,4.19592513517805,0.13483567326545828,2.053075510326615,0.8651643267345416,0.9291455475754553,0.8960142209724415,0.5533626984458184
71,Release + conservation,3.5387313860001086,9.349271600348112,1.1368683772161603e-13,2.842170943040401e-14,174.4391917055239,5.684341886080802e-14,0.0,7.137518970448331,8.159182061923985,0.25676241453303994,0.2246115591880225,31.777166750681374,-7.137518970448331,12.61461846211748,49.86926710835006,86.9495791009182,0.0,0.0,37.08031199256814,1.0,0.5735423635630161,0.728982424425267,5.68977686717885
72,Release + conservation,3.0770055160000993,8.85339604669616,2.842170943040401e-14,2.842170943040401e-14,98.21913841633778,2.842170943040401e-14,0.0,2.695409110292705,2.805628914578262,0.1472202442724163,0.1414366616944556,19.05735809938426,-0.980913168358708,4.711195374335674,34.23506883425474,33.083618393204134,6.857983767735988,0.20032043168769864,5.706533326685385,0.7996795683123014,0.8275118138873955,0.8133576632002951,3.1269151715601504
73,Release + conservation,2.7827969449999728,6.982187646792542,7.105427357601002e-14,7.105427357601002e-14,3.9257415369173856,2.842170943040401e-14,0.0,5.008207778274205,6.690719693149682,0.31829496825457854,0.23825349273415733,21.020500983221055,-1.067412901799961,17.583824378588112,34.05642131185711,42.05457130574932,6.0855585894906605,0.17869048934310394,14.083708583382874,0.8213095106568961,0.6651087350055218,0.7350019165535377,0.9064888101922217
74,Release + conservation,2.899842364000051,6.933493465127337,4.263256414560601e-14,1.4210854715202004e-14,95.86085709487904,1.4210854715202004e-14,0.0,3.197685656820471,3.6609059882104606,0.2134698778311892,0.1864591903485858,17.14952022929195,-1.941913600962963,8.82361977267966,23.663138784797418,34.24243692796264,4.165165857315712,0.1760191619208039,14.744464000480939,0.823980838079196,0.5694096179106781,0.6734402581264773,0.35668952854486013
75,Release + conservation,2.879534956000043,10.053822836692701,8.526512829121202e-14,0.0,88.0875739050594,1.4210854715202004e-14,0.0,4.993423294154153,7.186598668483574,0.28960914453984943,0.20122746729789043,24.814819573125455,0.25165683662633553,24.986688244417373,51.93744880078755,51.31719530784004,8.989118681829435,0.17307586124047605,8.368865188881927,0.8269241387595239,0.8369188896883583,0.8318914948517944,1.5507352249300848
76,Release + conservation,2.859065823000037,7.990655619945755,1.1368683772161603e-13,2.842170943040401e-14,325.0940498976803,2.842170943040401e-14,0.0,3.0498509242834064,3.4825072601005163,0.18962710263153082,0.16606839585260938,18.365029111199696,-2.0282173435564212,8.368934769352332,26.894750128176597,35.38702492035839,4.086534322907941,0.15194542813865505,12.57880911508973,0.848054571861345,0.6445361218299801,0.7324202236527348,1.0823102428406168
77,Release + conservation,2.587960784000188,12.106727356100096,1.1368683772161603e-13,5.684341886080802e-14,150.54033929627167,2.842170943040401e-14,0.0,3.650338910274424,4.36159186702077,0.40690049016646135,0.3405464649490315,10.719062700653076,-3.5541221980345865,9.094884315347219,2.742222826326287,30.242237127870993,0.11547150665975847,0.04210872491877469,27.61548580820446,0.9578912750812253,0.08685704396007583,0.15927205255529878,1.1772916098761366
78,Release + conservation,2.7880692210001143,7.603885621177308,2.842170943040401e-14,5.684341886080802e-14,327.7739846548431,2.842170943040401e-14,0.0,1.8308951648532652,2.232553978450155,0.2114619000412623,0.1734177870158384,10.557712656580307,-0.5051839831388998,7.269017316764575,9.796575154719013,13.42057356476695,1.9335130154561373,0.19736622083940872,5.557511425504074,0.8026337791605914,0.5858961318840936,0.677349508698583,7.993605777301127e-15
79,Release + conservation,8.459833062000143,5.152313647084849,7.105427357601002e-15,2.842170943040401e-14,126.8725591708965,5.684341886080802e-14,0.0,8.758027875070287,32.32564703993925,1.5691326868172961,0.42512707615258427,20.600964667625412,6.117296811946494,181.45907921613292,59.01576032842516,33.79052353225004,29.919472409685188,0.5069742767556003,4.694235613510076,0.49302572324439975,0.8610783402325849,0.6270327117594876,-0.8796393750313776
80,Release + conservation,3.705432152999947,8.021361108426719,8.526512829121202e-14,2.842170943040401e-14,102.53379311886115,5.684341886080802e-14,0.0,3.1802789699209573,3.6655502429633287,0.18876676129257547,0.16377649230461608,19.41840935270367,-1.9195774104421295,8.175436490788467,31.63751028484816,36.00549500360443,4.493755514656021,0.14203884800657562,8.861740233412288,0.8579611519934244,0.7538781168672959,0.8025591014013058,2.6777322483379207
81,Release + conservation,3.689111752000372,7.756947346930841,8.526512829121202e-14,0.0,131.83068660975965,2.842170943040401e-14,0.0,11.213238196600106,20.59018590175302,0.72577411944708,0.3952503448545806,28.36996435948879,4.129964427478613,83.34520153288518,65.98986607888817,57.652604300839386,23.34317393390581,0.3537387681011506,15.005912155857017,0.6462612318988493,0.7397183988852599,0.6898388881103223,-0.8868938651100615
82,Release + conservation,3.4337314340000376,8.140108302423164,2.842170943040401e-14,5.684341886080802e-14,120.00500368968954,5.684341886080802e-14,0.0,4.732454267017049,5.31611587120382,0.27468119896853826,0.24452367924660293,19.35376680736246,-1.3576662554059182,15.485900855247149,31.951517857268072,37.34594246339659,9.498665283089128,0.29728369480038486,14.893089889217642,0.7027163051996153,0.6012126376562964,0.6480137214345634,5.7201068043099115
83,Release + conservation,3.277098295000087,6.192992871345003,1.1368683772161603e-13,2.842170943040401e-14,172.67058024220853,2.842170943040401e-14,0.0,1.320775669156811,1.4137179464060023,0.1449674625887513,0.13543684431069342,9.75196724258385,-0.9458599195739331,3.0275647449500838,7.071160746288944,12.670103815465701,0.8604691191266016,0.12168711050419682,6.459412188303357,0.8783128894958031,0.4901847465197003,0.6292090972930381,0.6367071529594639
84,Release + conservation,2.6209573539999838,7.767356224460355,5.684341886080802e-14,1.4210854715202004e-14,280.2194941259475,5.684341886080802e-14,0.0,3.137388804762361,3.1787248450365237,0.2816228298063055,0.27796061517543724,11.287170316493114,-3.137388804762361,4.533385398655373,5.1378599406732,26.060704576651148,0.0,0.0,20.92284463597795,1.0,0.19714969430551849,0.3293651499779858,0.9615941385522631
85,Release + conservation,2.5814178350001384,8.024624281694454,5.684341886080802e-14,5.684341886080802e-14,230.80766055588447,2.842170943040401e-14,0.0,3.8598555379978157,6.569148533846506,0.3281676861341554,0.19282253311680805,20.01765807972034,-0.7590330351641139,31.345937640043903,34.03307721308581,35.53326993985547,4.515668525325278,0.132684696627697,6.015861252094942,0.867315303372303,0.8306977865454673,0.8486117180442622,0.5676256671636803
86,Release + conservation,2.497963796000022,8.750213853893674,2.842170943040401e-14,2.842170943040401e-14,181.5187695909209,5.684341886080802e-14,0.0,2.1697667656273723,2.442078687143915,0.14686642774514852,0.13048960935838086,16.627889195899538,-0.5956921453444122,5.083282889565599,26.135092153786374,26.273989206344574,4.510214223728539,0.17257311346710186,4.649111276286741,0.8274268865328982,0.8230527066227125,0.8252340002474642,0.5864249782400319
87,Release + conservation,2.6421569819999604,8.169032932623061,5.684341886080802e-14,2.842170943040401e-14,267.73754010108166,5.684341886080802e-14,0.0,4.102616174420449,5.0581080293341465,0.18599701443066913,0.1508616176981156,27.194565702126198,-1.4349449554895544,19.779602456391984,54.37029647113574,53.557790285655976,10.670684875723579,0.19625945724589644,9.858178690243811,0.8037405427541037,0.8159338046311433,0.8097912769247201,5.448478051539908
88,Release + conservation,2.8106547229999705,11.966898532238703,1.1368683772161603e-13,1.7053025658242404e-13,345.39105157591985,5.684341886080802e-14,0.0,2.5839600910584943,3.1259746855547346,0.17111208437425351,0.14144285913897017,18.268579317388564,-0.954415515942606,10.41923724766929,31.517597741250583,34.289759489099275,5.38560613581339,0.17087616194696997,8.157767883662082,0.82912383805303,0.7620931728536784,0.7941966584060092,4.257591527983148
89,Release + conservation,3.7079345689999172,5.899750625173205,4.263256414560601e-14,4.263256414560601e-14,166.84545740879236,2.842170943040401e-14,0.0,2.8731616228099854,3.238397098795882,0.2716715774881634,0.24103169766841465,11.92026463989218,-1.5643030253874983,8.21277730973555,12.574025367348721,25.526080869572777,2.205643819923633,0.17541270639162873,15.157699322147685,0.8245872936083712,0.40618775754895664,0.5442704796123349,3.5643802939365834
90,Release + conservation,4.651014908999969,5.382935497878594,3.552713678800501e-14,0.0,0.0,1.4210854715202004e-14,1.0,0.20620428988839676,0.4307893133133485,0.05402362048423793,0.025859281915495334,7.974091877811794,0.10214305212340766,1.5052663114467428,5.705719652621076,4.48805719241122,1.2176624602098651,0.21341084636895877,1.0436096431476471e-14,0.7865891536310412,0.9999999999999978,0.8805484484582105,0.8171444169872406
91,Release + conservation,10.640791532000094,7.259943366113338,1.4210854715202004e-14,4.831690603168681e-13,66.8567212746297,5.684341886080801e-13,0.0,6.67523719371286,14.399506701005455,0.6887583208202104,0.3192904629362928,20.90647222070254,0.48150113770868774,77.16226385219272,35.14939429740597,41.23565776772999,7.821675627087911,0.22252661200665846,13.907939097411933,0.7774733879933415,0.6627205712164983,0.7155253006050147,2.4925280756107013
92,Release + conservation,2.146140479999758,7.062137353149125,5.684341886080802e-14,0.0,213.87858235539574,2.842170943040401e-14,0.0,1.7180105316799807,2.2420574217635876,0.2651715545493578,0.20319172872004448,8.455120405255464,-0.3474874188846099,7.932751108406123,6.435982214315796,10.37479911589623,2.8318145589856365,0.43999726299533976,6.7706314605660705,0.5600027370046602,0.3473963799268042,0.42879240227256016,1.837002181300038
93,Release + conservation,2.3043236449998403,7.2955666298717325,5.684341886080802e-14,2.842170943040401e-14,213.3897803647269,2.842170943040401e-14,0.0,1.5177922331034546,1.6471983420715803,0.19926589886675825,0.1836113028392067,8.266333333698011,-0.8277661574753191,2.9057017006206367,4.327081392782229,12.646513923347877,0.5856470669634786,0.1353445923019532,8.905079597529127,0.8646554076980468,0.29584708865194453,0.4408534852086692,1.518402860362096
94,Release + conservation,2.5012094960002287,6.69904006520894,8.526512829121202e-14,1.4210854715202004e-14,230.0630206027693,1.4210854715202004e-14,0.0,1.8013822790679286,1.8811639741982187,0.229183876730876,0.21946400199751367,8.208099108155043,-1.6513789008976567,3.3501856559865155,2.9832122849491367,15.971600469141233,0.6000135126810879,0.20113000865150235,13.588401696873184,0.7988699913484977,0.14921477511741124,0.25146107251877386,2.76056926195998
95,Release + conservation,2.582789753999805,8.917118618545686,5.684341886080802e-14,8.526512829121202e-14,174.27371644870817,5.684341886080802e-14,0.0,4.242729314397572,6.3136100032222915,0.6264504445712314,0.4209730508921611,10.078386978468163,-0.2859029511455695,23.645722039831252,11.129617611234453,22.85854558605503,4.7780812534561035,0.4293122567511228,16.50700922827668,0.5706877432488773,0.27786266339067245,0.37374990351257803,3.876301215769665
96,Release + conservation,2.1133834900001602,8.936995345214592,8.526512829121202e-14,1.4210854715202004e-14,206.80915783306068,2.842170943040401e-14,0.0,1.5752112344731124,1.651799837563822,0.202464314556938,0.1930767007099093,8.15847395714416,-1.549917889526704,2.424884127979322,1.2032371654682092,12.748226819760927,0.0,0.0,11.544989654292717,1.0,0.09438466874491759,0.1724890186065226,0.06889705984740746
97,Release + conservation,2.2893974550001985,7.75955531680776,7.105427357601002e-14,1.3877787807814457e-17,156.6926066909117,1.4210854715202004e-14,0.0,0.6582614671396554,0.7313532147992625,0.10290550189218271,0.09262108278403247,7.107037051969524,-0.6106866064391997,1.1624383386264086,0.8987546371474027,5.297907095627526,0.0,0.0,4.399152458480123,1.0,0.16964333668462472,0.29007703692902115,3.552713678800501e-15
98,Release + conservation,2.284654170000067,4.255138258010675,5.684341886080802e-14,7.105427357601002e-15,232.59037790905876,8.881784197001252e-16,0.0,0.6660246452086486,0.6863612859687375,0.09551854906518661,0.09268836843295308,7.185633499314676,-0.6660246452086486,0.9394930640997003,1.0073341396837423,5.328197161669193,0.0,0.0,4.320863021985451,1.0,0.18905721937815254,0.3179951583440615,4.218847493575595e-15
99,Release + conservation,2.3575165729998844,5.459460925736721,5.684341886080802e-14,7.105427357601002e-15,414.6431757833793,1.4210854715202004e-14,0.0,0.556680821677681,0.6398141107524402,0.09100108791659985,0.07917699773048102,7.03084023939157,-0.553977164742397,0.9978490711917765,1.541317384202239,5.130097882578371,0.010814627741135618,0.007016483335606505,3.5995951261172676,0.9929835166643934,0.29833792482958965,0.4588240111755687,0.6982805646391945
100,Release + conservation,2.251695096000276,6.72182598632559,2.842170943040401e-14,1.1368683772161603e-13,502.4147022783336,5.684341886080802e-14,0.0,1.480155413491515,1.4998397418718217,0.1975355433983483,0.19494303008210379,7.592758832506711,-1.4248416757374822,2.1535497774266954,0.11125282828146466,11.694713576395188,0.0,0.0,11.583460748113723,1.0,0.009513087050376273,0.018846882070983107,2.6645352591003757e-15
101,Release + conservation,2.3462529029998223,6.893358360852715,4.263256414560601e-14,1.9895196601282805e-13,461.0259975299724,2.842170943040401e-14,0.0,7.968891028221606,12.538838476408165,0.958239610108942,0.6089963632796658,13.085285083323395,0.9850943797687144,45.78683523952489,30.74505519151159,43.69713760955085,14.830287534890775,0.4823633407880586,27.78236995293004,0.5176366592119412,0.36420618208050154,0.42757385449810853,1.23242720092763
102,Release + conservation,2.63444949299992,6.931940559982721,1.7053025658242404e-13,2.842170943040401e-14,405.8848282858304,2.842170943040401e-14,0.0,4.014837697600909,8.175679700426848,1.088386788136469,0.5344749876090338,7.511741036865406,1.7368444869229627,27.876162079623644,9.160415989019718,10.60433455930149,7.351355736864835,0.8025133078756093,8.795274307146608,0.1974866921243908,0.1705963011670623,0.18305925467989706,2.5998604649979162
103,Release + conservation,3.1075386259999505,8.641775793326,1.9895196601282805e-13,1.734723475976807e-18,417.7506193161249,2.842170943040401e-14,0.0,4.552165027878662,8.217803428959904,0.8892426092819702,0.49258650955408545,9.241351396325317,-0.9983127531448407,41.96651806483499,2.419956992130236,24.19355406514739,0.414024067762381,0.17108736606013997,22.18762114077953,0.82891263393986,0.08291187474838807,0.15074545557335028,-0.13472850854934082
104,Release + conservation,3.008062665000125,4.920544210511906,1.4210854715202004e-14,2.842170943040401e-14,362.76719945284293,2.842170943040401e-14,0.0,1.1341118584733092,1.1954179612983158,0.16683281412316758,0.15827691987668005,7.1653647250460875,-1.1341118584733092,2.029217799036031,0.11932290608802631,9.126739790627566,0.0,0.0,9.00741688453954,1.0,0.013073990146027985,0.025810533629717324,0.0538449228410931
105,Release + conservation,3.4666604929998357,3.2239112904218037,7.105427357601002e-14,7.105427357601002e-15,294.43861440018355,1.4210854715202004e-14,0.0,1.0598299916237934,2.7387297823249668,0.4172545079853671,0.16146859195714905,6.5636912961070095,0.28143773978546494,14.444761834066334,0.6715869352335442,3.77291347926968,0.0,0.0,3.1013265440361355,1.0,0.1780022094128548,0.3022103150410481,-0.3762532734271138
106,Release + conservation,3.7027541200000087,2.9979542546021865,7.105427357601002e-14,2.1316282072803006e-14,281.34603442626883,1.4210854715202004e-14,0.0,0.6625911245793644,0.7649655983324692,0.11458330215439588,0.0992487494836351,6.676065220233506,-0.4403224840997245,2.53032720780155,0.46781572779823555,4.746296049356986,0.0,0.0,4.27848032155875,1.0,0.09856438008362622,0.17944215536302605,0.11944508350995764
107,Release + conservation,2.8324922430001607,4.889265329093095,7.105427357601002e-14,0.0,225.0324898474994,1.4210854715202004e-14,0.0,1.4730352382916208,1.9812896704734844,0.25884684113558526,0.1924456196362595,7.65429341065698,-0.399758800072053,6.595366352223525,3.7305206691084685,9.195003343726437,1.7223088052269055,0.46168054220659455,7.186791479844874,0.5383194577934054,0.2184025158894286,0.3107358528578694,0.46797177420827274
108,Release + conservation,2.5258514219999597,6.062444522618076,7.105427357601002e-14,8.673617379884035e-19,267.3741130784819,2.842170943040401e-14,0.0,1.5589251371352013,1.6588435768701746,0.21123507213125695,0.1985115826359532,7.853068906281836,-1.4648727191256121,2.4764559481159365,1.0020110197714565,12.851807513007024,0.0,0.0,11.84979649323557,1.0,0.0779665442979397,0.14465484983806787,0.5378376844977182
109,Release + conservation,2.885677549999855,5.6945536763514975,2.842170943040401e-14,0.0,324.0382588581705,2.842170943040401e-14,0.0,4.311144569816245,7.667484395931756,0.8728191070529085,0.4907540934546301,8.784734813862144,0.5228029335735207,27.832199959061988,10.039508936523713,17.22624864385101,7.543412512711687,0.7513726578068741,14.730152220038985,0.24862734219312577,0.1449007543904818,0.18309386170209768,0.29432460282724904
110,Release + conservation,2.689689241999986,4.709455030731875,1.4210854715202004e-14,4.263256414560601e-14,162.6864122126899,1.4210854715202004e-14,0.0,1.0326475727584687,1.173194811256253,0.15065761097610508,0.13260902179193418,7.787159265669801,-0.8162640608017826,3.4621361913069775,2.8018031463370874,7.763465514273809,0.8655340478267444,0.3089203640014084,5.827196415763467,0.6910796359985916,0.24940783145752926,0.3665347585015194,1.1427871590406853
111,Release + conservation,2.6000065860002906,6.448231594757836,4.263256414560601e-14,1.4210854715202004e-14,112.05312121845333,1.4210854715202004e-14,0.0,2.4708828609575044,2.9977746915839885,0.31649406104895533,0.26086675334078957,9.471819729092143,-1.5780163596586092,9.868553099789114,4.873876931671381,19.440267138587984,0.779648514831845,0.15996475203662622,15.346038721748446,0.8400352479633739,0.2106055635785319,0.33677750736432666,2.0132421542563574
112,Release + conservation,2.842360966000342,7.381688242726007,5.684341886080802e-14,0.0,102.61225951010675,2.842170943040401e-14,0.0,2.360448583001467,2.475304587216955,0.2553261161710583,0.2434787913502213,9.694678414951486,-2.082862130344674,3.5219404856599974,6.359744660414256,20.642007493191354,1.1103458106271704,0.17458968400703773,15.39260864340427,0.8254103159929624,0.2543066051845282,0.3888191269903291,3.8316575776827904
113,Release + conservation,2.756974060000175,3.645608469993414,1.4210854715202004e-14,1.4210854715202004e-14,174.79676659059533,1.4210854715202004e-14,0.0,1.6093550533620493,3.301648265277964,0.3523017910165597,0.17172594477845363,9.371647688054964,-0.19885416291388758,17.31897666438941,10.550697348893493,10.708960219353045,4.361845142202345,0.41341771050420606,4.5201080126618995,0.5865822894957937,0.5779134556412638,0.5822156059498179,0.15068887429661748
114,Release + conservation,2.8503124769999886,6.6712184193599,5.684341886080802e-14,5.684341886080802e-14,100.3042407971231,2.842170943040401e-14,0.0,8.342717075130302,10.766395305128164,0.730160865907006,0.565790624527119,14.745237396082771,-2.7731077669845137,35.90808764650701,11.677870729734341,49.934349160388656,2.995774729578991,0.2565343288097129,41.25225316023331,0.7434656711902872,0.17387021451443255,0.2818303257256008,0.7916280885996154
61,+ Deadline constraints,1.943453431999842,13.879006182413425,1.1368683772161603e-13,1.1368683772161603e-13,251.1939503239435,8.526512829121202e-14,0.0,3.734871154678446,4.418892471714117,0.2812785658279886,0.23773812299459873,15.710022051294231,-2.8259880186167647,10.763018981292193,21.291975041943473,39.50600234462871,3.6355325442467263,0.17074660932511054,21.849559846931967,0.8292533906748895,0.4469306295198289,0.5808233515872303,7.830671017434355
62,+ Deadline constraints,2.0451838119997774,5.825385752658292,2.842170943040401e-14,2.842170943040401e-14,56.06707446006152,2.842170943040401e-14,0.0,2.7594309582141605,3.3410854895784983,0.14129958479664673,0.11670053037758796,23.645402032758046,0.15804331753077572,6.991034151910583,46.67370178345787,35.00380468047819,11.669897102979746,0.25003153075627266,6.217248937900877e-14,0.7499684692437273,0.9999999999999982,0.8571222652575401,1.2643465402462564
63,+ Deadline constraints,2.4247607719998996,9.999924846993096,2.842170943040401e-14,5.684341886080802e-14,18.21661901678445,8.526512829121202e-14,0.0,8.8127610904831,11.56686174036281,0.42543979733129267,0.3241414461781775,27.18801064902638,-4.025404876474649,47.45368818930075,39.36548275563169,72.0122613638636,3.2933206144201206,0.08366010992076486,35.94009922265202,0.9163398900792354,0.5009169474479649,0.6477445278925809,3.428972871444608
64,+ Deadline constraints,2.66576861700014,8.636819569876183,5.684341886080802e-14,2.842170943040401e-14,114.56455667419323,2.842170943040401e-14,0.0,4.094945357961384,4.797758826377916,0.17782228911719059,0.15177348085090034,26.980638086466424,-2.0503534391701264,16.05702247188521,50.41351947500387,53.97195639583359,8.008305641594164,0.1588523420898011,11.566742562423883,0.8411476579101989,0.7856897667819803,0.8124734495799065,1.007186418414416
65,+ Deadline constraints,1.9072926370004097,8.546823210880204,5.684341886080802e-14,0.0,88.10319191379736,2.842170943040401e-14,0.0,4.6637039273902126,9.168867220757408,0.7734309209431856,0.39340223134672003,11.854797852633217,-1.0484212135149864,48.0470351699555,9.22563828854637,28.753428194463122,1.565011983930653,0.16963725814761407,21.092801889847408,0.830362741852386,0.26642479821209214,0.4034130911586684,0.46813773824944827
66,+ Deadline constraints,2.2216548559999865,10.701878836573576,1.1368683772161603e-13,5.684341886080802e-14,105.9951573212667,5.684341886080802e-14,0.0,10.344871628331493,15.762326895116525,1.0775828549489066,0.707221489410367,14.627484859030996,-0.553370560929443,49.98034112779527,25.263547900699827,54.974581023964205,12.577683835653763,0.4978589660126616,42.28871695891816,0.5021410339873383,0.23075872209951198,0.31620538103416845,3.016494253048971
67,+ Deadline constraints,5.202233703999809,13.444011301577843,8.526512829121202e-14,8.526512829121202e-14,269.57696808915654,5.684341886080802e-14,0.0,5.057639582315296,5.292939734877505,0.4217767049653994,0.4030264210028632,12.549151417245088,-4.897461613217137,7.308163047129504,6.588993594146954,44.816158783619265,0.6407118763926372,0.09723971760448905,38.867877065864946,0.9027602823955111,0.13272627282658753,0.23142745202043488,5.477498597654611
68,+ Deadline constraints,2.1594497470000533,8.32868803266005,1.1368683772161603e-13,2.842170943040401e-14,183.53346276631856,2.842170943040401e-14,0.0,1.816483057810264,2.3028690533989025,0.17275303554207935,0.13626609024265898,13.330411510123463,-0.35955322510361737,5.4370286468713935,17.085722647328794,19.368929145714922,2.3184955721361376,0.1356978349697497,4.6017020705222675,0.8643021650302501,0.7624183538540992,0.8101696957100295,0.27504627149448524
69,+ Deadline constraints,2.424588690999826,5.835712644902365,4.263256414560601e-14,2.842170943040401e-14,86.99454203945348,2.842170943040401e-14,0.0,3.62254972717919,4.210579707484688,0.16294293528419188,0.14018708272171387,25.840823967856817,-0.6862883472065386,10.330974970782574,50.7668837143118,44.565959108807945,11.480537707732903,0.22614225786122855,5.279613102229038,0.7738577421387717,0.8815326045303133,0.8241933177104698,0.665459783691599
70,+ Deadline constraints,2.2777074620003077,5.1756781555342615,2.842170943040401e-14,2.842170943040401e-14,61.11650806429509,2.842170943040401e-14,0.0,1.4861763924243014,1.6790833046905813,0.0868884310439864,0.07690597281958891,19.32458998874732,-0.3291504023699182,4.273152775000632,31.1188058290576,28.975956204206163,4.195925135178049,0.13483567326545828,2.053075510326615,0.8651643267345417,0.9291455475754553,0.8960142209724417,0.5533626984458211
71,+ Deadline constraints,2.165328254999622,9.348036825944071,8.526512829121202e-14,1.4210854715202004e-14,174.4391917055239,5.684341886080802e-14,0.0,7.13751897044833,8.159182061923985,0.25676241453303994,0.22461155918802247,31.777166750681374,-7.13751897044833,12.61461846211748,49.86926710835006,86.9495791009182,0.0,0.0,37.08031199256814,1.0,0.5735423635630161,0.728982424425267,5.68977686717885
72,+ Deadline constraints,2.120600524999645,8.853870026505831,5.684341886080802e-14,0.0,98.21913841633778,2.842170943040401e-14,0.0,2.695409110292704,2.8056289145782607,0.14722024427241623,0.14143666169445554,19.05735809938426,-0.9809131683587089,4.711195374335674,34.23506883425473,33.083618393204134,6.857983767735981,0.2003204316876985,5.706533326685385,0.7996795683123015,0.8275118138873955,0.8133576632002952,3.1269151715601433
73,+ Deadline constraints,2.0549884110000676,6.982187646792542,4.263256414560601e-14,1.4210854715202004e-14,3.9257415369173856,2.842170943040401e-14,0.0,5.008207778274205,6.690719693149682,0.31829496825457854,0.23825349273415733,21.020500983221055,-1.0674129017999607,17.583824378588112,34.05642131185711,42.05457130574932,6.085558589490661,0.17869048934310397,14.083708583382876,0.821309510656896,0.6651087350055218,0.7350019165535379,0.9064888101922217
74,+ Deadline constraints,2.0952422850000403,6.933493465127337,5.684341886080802e-14,0.0,95.86085709487904,2.842170943040401e-14,0.0,3.197685656820471,3.6609059882104606,0.2134698778311892,0.1864591903485858,17.14952022929195,-1.941913600962963,8.82361977267966,23.663138784797418,34.24243692796264,4.165165857315713,0.17601916192080394,14.744464000480939,0.823980838079196,0.5694096179106781,0.6734402581264773,0.35668952854486013
75,+ Deadline constraints,2.14438555300012,10.053822836692701,1.1368683772161603e-13,0.0,88.0875739050594,2.842170943040401e-14,0.0,4.993423294154153,7.186598668483574,0.28960914453984943,0.20122746729789043,24.814819573125455,0.251656836626336,24.986688244417373,51.93744880078755,51.31719530784004,8.989118681829439,0.1730758612404761,8.368865188881925,0.8269241387595239,0.8369188896883583,0.8318914948517944,1.5507352249300883
76,+ Deadline constraints,2.5552008800000294,7.990655619945755,1.1368683772161603e-13,2.842170943040401e-14,325.0940498976803,2.842170943040401e-14,0.0,3.049850924283407,3.4825072601005167,0.18962710263153085,0.1660683958526094,18.365029111199696,-2.0282173435564212,8.368934769352332,26.8947501281766,35.38702492035839,4.086534322907944,0.15194542813865516,12.57880911508973,0.8480545718613449,0.6445361218299801,0.7324202236527347,1.0823102428406186
77,+ Deadline constraints,2.574800767000397,12.106727356100096,1.4210854715202004e-13,5.684341886080802e-14,150.54033929627167,2.842170943040401e-14,0.0,3.650338910274424,4.36159186702077,0.40690049016646135,0.3405464649490315,10.719062700653076,-3.5541221980345865,9.094884315347219,2.742222826326287,30.242237127870993,0.11547150665975847,0.04210872491877469,27.61548580820446,0.9578912750812253,0.08685704396007583,0.15927205255529878,1.1772916098761366
78,+ Deadline constraints,2.5272085229998993,7.603885621177308,2.842170943040401e-14,2.842170943040401e-14,327.7739846548431,2.842170943040401e-14,0.0,1.8308951648532652,2.232553978450155,0.2114619000412623,0.1734177870158384,10.557712656580307,-0.5051839831388998,7.269017316764575,9.796575154719013,13.42057356476695,1.9335130154561373,0.19736622083940872,5.557511425504074,0.8026337791605914,0.5858961318840936,0.677349508698583,7.993605777301127e-15
79,+ Deadline constraints,2.945095949000006,5.152313647084849,1.4210854715202004e-14,2.842170943040401e-14,126.8725591708965,2.842170943040401e-14,0.0,8.758027875070287,32.32564703993925,1.5691326868172961,0.42512707615258427,20.600964667625412,6.117296811946494,181.45907921613292,59.01576032842516,33.79052353225004,29.91947240968519,0.5069742767556003,4.694235613510076,0.49302572324439975,0.8610783402325849,0.6270327117594876,-0.879639375031374
80,+ Deadline constraints,2.570845241999905,8.02121092474493,8.526512829121202e-14,0.0,102.53379311886115,5.684341886080802e-14,0.0,3.181180072011701,3.6663872628085237,0.18880986574206934,0.1638228968310825,19.41840935270367,-1.9186763083513867,8.175436490788467,31.644719101574108,36.00549500360443,4.500964331381965,0.14223429561610718,8.861740233412288,0.8577657043838927,0.7538781168672959,0.8024735805858837,2.6849410650638648
81,+ Deadline constraints,2.9749164929999097,7.756947346930841,5.684341886080802e-14,2.842170943040401e-14,131.83068660975965,5.684341886080802e-14,0.0,11.213238196600106,20.59018590175302,0.72577411944708,0.3952503448545806,28.36996435948879,4.129964427478613,83.34520153288518,65.98986607888817,57.652604300839386,23.34317393390581,0.3537387681011506,15.005912155857017,0.6462612318988493,0.7397183988852599,0.6898388881103223,-0.8868938651100615
82,+ Deadline constraints,4.837934547999794,8.136811023826505,5.684341886080802e-14,2.842170943040401e-14,120.00500368968954,5.684341886080802e-14,0.0,4.732454267017049,5.31611587120382,0.27468119896853826,0.24452367924660293,19.35376680736246,-1.3576662554059182,15.485900855247149,31.951517857268076,37.34594246339659,9.498665283089128,0.2972836948003848,14.893089889217642,0.7027163051996151,0.6012126376562964,0.6480137214345633,5.720106804309915
83,+ Deadline constraints,3.378403995000099,6.192992871345003,1.1368683772161603e-13,4.263256414560601e-14,172.67058024220853,2.842170943040401e-14,0.0,1.3207756691568113,1.4137179464060023,0.1449674625887513,0.13543684431069344,9.75196724258385,-0.9458599195739332,3.02756474495008,7.071160746288944,12.670103815465701,0.8604691191266016,0.12168711050419682,6.459412188303358,0.8783128894958031,0.4901847465197003,0.6292090972930381,0.6367071529594635
84,+ Deadline constraints,2.0383612089999588,7.767356224460355,4.263256414560601e-14,1.4210854715202004e-14,280.2194941259475,5.684341886080802e-14,0.0,3.137388804762361,3.1787248450365237,0.2816228298063055,0.27796061517543724,11.287170316493114,-3.137388804762361,4.533385398655373,5.137859940673199,26.060704576651148,0.0,0.0,20.92284463597795,1.0,0.19714969430551843,0.3293651499779857,0.9615941385522622
85,+ Deadline constraints,2.019528657000137,8.024624281694454,5.684341886080802e-14,0.0,230.80766055588447,5.684341886080802e-14,0.0,3.8598555379978157,6.569148533846506,0.3281676861341554,0.19282253311680805,20.01765807972034,-0.7590330351641141,31.345937640043903,34.03307721308581,35.53326993985547,4.515668525325277,0.13268469662769697,6.015861252094942,0.867315303372303,0.8306977865454673,0.8486117180442622,0.5676256671636803
86,+ Deadline constraints,1.8356545970000298,8.750213853893674,5.684341886080802e-14,2.842170943040401e-14,181.5187695909209,5.684341886080802e-14,0.0,2.1697667656273723,2.442078687143915,0.14686642774514852,0.13048960935838086,16.627889195899538,-0.5956921453444123,5.083282889565599,26.135092153786374,26.273989206344574,4.510214223728539,0.17257311346710186,4.649111276286741,0.8274268865328982,0.8230527066227125,0.8252340002474642,0.5864249782400301
87,+ Deadline constraints,1.8795347680002124,8.169032932623061,5.684341886080802e-14,2.842170943040401e-14,267.73754010108166,5.684341886080802e-14,0.0,4.102616174420449,5.0581080293341465,0.18599701443066913,0.1508616176981156,27.194565702126198,-1.4349449554895544,19.779602456391984,54.370296471135745,53.557790285655976,10.670684875723579,0.1962594572458964,9.858178690243811,0.8037405427541036,0.8159338046311433,0.8097912769247201,5.448478051539912
88,+ Deadline constraints,1.9324741989998984,11.966898532238703,1.1368683772161603e-13,2.2737367544323206e-13,345.39105157591985,5.684341886080802e-14,0.0,2.5839600910584943,3.1259746855547346,0.17111208437425351,0.14144285913897017,18.268579317388564,-0.9544155159426062,10.41923724766929,31.517597741250583,34.289759489099275,5.38560613581339,0.17087616194696997,8.157767883662082,0.82912383805303,0.7620931728536784,0.7941966584060092,4.257591527983147
89,+ Deadline constraints,1.9466892529999313,5.900362542654135,2.842170943040401e-14,7.105427357601002e-14,166.84545740879236,4.263256414560601e-14,0.0,2.873161622809985,3.2383970987958817,0.27167157748816334,0.24103169766841462,11.92026463989218,-1.5643030253874985,8.21277730973555,12.57402536734872,25.526080869572777,2.20564381992363,0.17541270639162854,15.157699322147685,0.8245872936083714,0.40618775754895664,0.5442704796123348,3.56438029393658
90,+ Deadline constraints,2.124348912000187,5.383241345894379,2.1316282072803006e-14,1.4210854715202004e-14,0.0,2.842170943040401e-14,1.0,0.20436920179368886,0.42445565308530836,0.05322934066841792,0.02562915061994128,7.974091877811794,0.10030796402869976,1.4465434924160903,5.691038947863412,4.48805719241122,1.202981755452202,0.21138174707165513,1.0436096431476471e-14,0.788618252928345,0.9999999999999978,0.8818184110971806,0.8024637122295775
91,+ Deadline constraints,2.7355051879999337,7.259943366113338,2.842170943040401e-14,5.684341886080801e-13,66.85672127462968,5.684341886080801e-13,0.0,6.67523719371286,14.399506701005455,0.6887583208202104,0.3192904629362928,20.90647222070254,0.48150113770868774,77.16226385219272,35.14939429740596,41.23565776772999,7.8216756270879095,0.22252661200665844,13.907939097411933,0.7774733879933416,0.6627205712164983,0.715525300605015,2.492528075610698
92,+ Deadline constraints,2.2404321610001716,7.063058573699692,2.842170943040401e-14,5.684341886080802e-14,214.05545670110456,2.842170943040401e-14,0.0,1.718010531679981,2.2420574217635876,0.2651715545493578,0.2031917287200445,8.455120405255464,-0.3474874188846096,7.932751108406123,6.435982214315798,10.37479911589623,2.8318145589856374,0.43999726299533976,6.77063146056607,0.5600027370046603,0.3473963799268044,0.4287924022725603,1.8370021813000406
93,+ Deadline constraints,1.885895711000103,7.294698729965447,1.4210854715202004e-13,0.0,213.3897803647269,2.842170943040401e-14,0.0,1.5177922331034543,1.6471983420715801,0.19926589886675822,0.18361130283920668,8.266333333698011,-0.8277661574753195,2.9057017006206367,4.327081392782226,12.646513923347877,0.5856470669634763,0.13534459230195278,8.905079597529127,0.8646554076980473,0.2958470886519445,0.4408534852086692,1.5184028603620936
94,+ Deadline constraints,1.7802391640002497,6.69904006520894,5.684341886080802e-14,0.0,230.0630206027693,2.842170943040401e-14,0.0,1.801382279067929,1.881163974198219,0.22918387673087603,0.21946400199751373,8.208099108155043,-1.6513789008976572,3.3501856559865155,2.983212284949133,15.971600469141233,0.6000135126810884,0.20113000865150274,13.588401696873188,0.7988699913484972,0.149214775117411,0.2514610725187735,2.7605692619599767
95,+ Deadline constraints,2.097018647999903,8.917118618545686,4.263256414560601e-14,0.0,174.27371644870817,2.842170943040401e-14,0.0,4.242729314397573,6.3136100032222915,0.6264504445712314,0.4209730508921612,10.078386978468163,-0.28590295114556996,23.645722039831252,11.129617611234448,22.85854558605503,4.778081253456104,0.4293122567511231,16.507009228276686,0.570687743248877,0.2778626633906722,0.3737499035125778,3.8763012157696606
96,+ Deadline constraints,2.2240543059997435,8.936995345214592,8.526512829121202e-14,1.4210854715202004e-14,206.80915783306068,2.842170943040401e-14,0.0,1.5752112344731124,1.651799837563822,0.202464314556938,0.1930767007099093,8.15847395714416,-1.549917889526704,2.424884127979322,1.2032371654682092,12.748226819760927,0.0,0.0,11.544989654292717,1.0,0.09438466874491759,0.1724890186065226,0.06889705984740746
97,+ Deadline constraints,1.7894284180001705,7.757727124245097,7.105427357601002e-14,1.3877787807814457e-17,156.6926066909117,2.842170943040401e-14,0.0,0.6582614671396554,0.7313532147992625,0.10290550189218271,0.09262108278403247,7.107037051969524,-0.6106866064391997,1.1624383386264086,0.8987546371474027,5.297907095627526,0.0,0.0,4.399152458480123,1.0,0.16964333668462472,0.29007703692902115,3.552713678800501e-15
98,+ Deadline constraints,1.8525705880001624,4.255138258010675,5.684341886080802e-14,7.105427357601002e-15,232.59037790905876,8.881784197001252e-16,0.0,0.6660246452086486,0.6863612859687375,0.09551854906518661,0.09268836843295308,7.185633499314676,-0.6660246452086486,0.9394930640997003,1.0073341396837423,5.328197161669193,0.0,0.0,4.320863021985451,1.0,0.18905721937815254,0.3179951583440615,4.218847493575595e-15
99,+ Deadline constraints,1.826885892000064,5.460380344605871,8.526512829121202e-14,1.4210854715202004e-14,414.9192566696331,2.842170943040401e-14,0.0,0.556680821677681,0.6398141107524402,0.09100108791659985,0.07917699773048102,7.03084023939157,-0.553977164742397,0.9978490711917765,1.541317384202239,5.130097882578371,0.010814627741135618,0.007016483335606505,3.5995951261172676,0.9929835166643934,0.29833792482958965,0.4588240111755687,0.6982805646391945
100,+ Deadline constraints,2.0732579769996846,6.72182598632559,2.842170943040401e-14,1.4210854715202004e-13,502.4147022783336,5.684341886080802e-14,0.0,1.480155413491515,1.4998397418718217,0.1975355433983483,0.19494303008210379,7.592758832506711,-1.4248416757374822,2.1535497774266954,0.11125282828146466,11.694713576395188,0.0,0.0,11.583460748113723,1.0,0.009513087050376273,0.018846882070983107,2.6645352591003757e-15
101,+ Deadline constraints,1.9873840729997028,6.892681666410126,2.842170943040401e-14,1.4210854715202004e-13,461.0259975299724,2.842170943040401e-14,0.0,7.969036777920696,12.538843200939194,0.9582399711657321,0.6090075017224403,13.085285083323395,0.984948630069624,45.78683523952489,30.74505519151159,43.69713760955085,14.830287534890775,0.4823633407880586,27.78236995293004,0.5176366592119412,0.36420618208050154,0.42757385449810853,1.2312612033349075
102,+ Deadline constraints,2.1004425840001204,6.931940559982721,1.1368683772161603e-13,1.4210854715202004e-14,405.8848282858304,2.842170943040401e-14,0.0,4.014837697600909,8.175679700426848,1.088386788136469,0.5344749876090338,7.511741036865406,1.7368444869229627,27.876162079623644,9.160415989019718,10.60433455930149,7.351355736864835,0.8025133078756093,8.795274307146608,0.1974866921243908,0.1705963011670623,0.18305925467989706,2.5998604649979153
103,+ Deadline constraints,1.698595536999619,8.641775793326,1.4210854715202004e-13,1.734723475976807e-18,417.7506193161249,4.263256414560601e-14,0.0,4.552165027878662,8.217803428959904,0.8892426092819702,0.49258650955408545,9.241351396325317,-0.9983127531448409,41.96651806483499,2.4199569921302353,24.19355406514739,0.4140240677623801,0.17108736606013966,22.18762114077953,0.8289126339398604,0.08291187474838807,0.1507454555733503,-0.1347285085493417
104,+ Deadline constraints,1.749384645000191,4.920236227365463,1.4210854715202004e-14,2.842170943040401e-14,362.76719945284293,2.1316282072803006e-14,0.0,1.1341118584733092,1.1954179612983158,0.16683281412316758,0.15827691987668005,7.1653647250460875,-1.1341118584733092,2.029217799036031,0.11932290608802631,9.126739790627566,0.0,0.0,9.00741688453954,1.0,0.013073990146027985,0.025810533629717324,0.0538449228410931
105,+ Deadline constraints,1.9755215279997174,3.2239112904218037,9.947598300641403e-14,1.0658141036401503e-14,294.43861440018355,1.4210854715202004e-14,0.0,1.0598299916237934,2.7387297823249668,0.4172545079853671,0.16146859195714905,6.5636912961070095,0.28143773978546494,14.444761834066334,0.6715869352335442,3.77291347926968,0.0,0.0,3.1013265440361355,1.0,0.1780022094128548,0.3022103150410481,-0.3762532734271138
106,+ Deadline constraints,1.95241313500037,2.997752216833985,5.684341886080802e-14,2.1316282072803006e-14,281.34603442626883,1.4210854715202004e-14,0.0,0.6625911245793644,0.7649655983324692,0.11458330215439588,0.0992487494836351,6.676065220233506,-0.4403224840997245,2.53032720780155,0.46781572779823555,4.746296049356986,0.0,0.0,4.27848032155875,1.0,0.09856438008362622,0.17944215536302605,0.11944508350995764
107,+ Deadline constraints,2.5912537949998296,4.889265329093095,2.842170943040401e-14,8.526512829121202e-14,225.0324898474994,2.842170943040401e-14,0.0,1.4730352382916208,1.9812896704734844,0.25884684113558526,0.1924456196362595,7.65429341065698,-0.399758800072053,6.595366352223525,3.7305206691084685,9.195003343726437,1.7223088052269055,0.46168054220659455,7.186791479844874,0.5383194577934054,0.2184025158894286,0.3107358528578694,0.46797177420827274
108,+ Deadline constraints,2.6946830689998933,6.062444522618076,7.105427357601002e-14,8.673617379884035e-19,267.3741130784819,1.4210854715202004e-14,0.0,1.5589251371352018,1.6588435768701746,0.21123507213125695,0.19851158263595325,7.853068906281836,-1.4648727191256126,2.4764559481159365,1.0020110197714551,12.851807513007024,0.0,0.0,11.84979649323557,1.0,0.0779665442979396,0.1446548498380677,0.537837684497716
109,+ Deadline constraints,2.8589017700001023,5.6945536763514975,5.684341886080802e-14,1.4210854715202004e-14,324.0382588581705,1.4210854715202004e-14,0.0,4.311144569816245,7.667484395931756,0.8728191070529085,0.4907540934546301,8.784734813862144,0.5228029335735205,27.832199959061988,10.03950893652371,17.22624864385101,7.543412512711685,0.7513726578068741,14.730152220038985,0.24862734219312588,0.1449007543904818,0.18309386170209774,0.2943246028272464
110,+ Deadline constraints,2.5168830770003296,4.709455030731875,2.842170943040401e-14,0.0,162.6864122126899,2.842170943040401e-14,0.0,1.0326475727584687,1.1731885291217026,0.1506568042461621,0.13260902179193418,7.787159265669801,-0.8162640608017825,3.4621361913069792,2.8018031463370887,7.763465514273809,0.8655340478267448,0.30892036400140843,5.827196415763466,0.6910796359985915,0.24940783145752934,0.36653475850151945,1.1427871590406864
111,+ Deadline constraints,2.675579915000071,6.448231594757836,5.684341886080802e-14,5.684341886080802e-14,112.05312121845333,2.842170943040401e-14,0.0,2.4708828609575044,2.9977746915839885,0.31649406104895533,0.26086675334078957,9.471819729092143,-1.5780163596586094,9.868553099789114,4.873876931671381,19.440267138587984,0.779648514831845,0.15996475203662622,15.346038721748448,0.8400352479633737,0.21060556357853186,0.3367775073643266,2.013242154256357
112,+ Deadline constraints,2.032573953999872,7.381688242726007,2.842170943040401e-14,2.842170943040401e-14,102.61225951010675,2.842170943040401e-14,0.0,2.3604485830014674,2.475304587216955,0.2553261161710583,0.24347879135022132,9.694678414951486,-2.082862130344675,3.5219404856599974,6.359744660414252,20.642007493191354,1.1103458106271704,0.17458968400703784,15.392608643404273,0.8254103159929623,0.254306605184528,0.3888191269903289,3.831657577682787
113,+ Deadline constraints,2.1400372889997925,3.645655092608205,2.842170943040401e-14,0.0,174.79676659059533,1.4210854715202004e-14,0.0,1.6096347890507983,3.3017165748489457,0.3523090799771838,0.17175579392537638,9.371647688054964,-0.19913389860263664,17.31897666438941,10.548459463383502,10.708960219353045,4.361845142202345,0.4135054182407834,4.522345898171892,0.5864945817592164,0.5777044824576726,0.5820663479872293,0.14845098878662588
114,+ Deadline constraints,1.9437663319999956,6.6712184193599,4.263256414560601e-14,7.105427357601002e-14,100.3042407971231,1.4210854715202004e-14,0.0,8.342717075130302,10.766395305128164,0.730160865907006,0.565790624527119,14.745237396082771,-2.7731077669845137,35.90808764650701,11.677870729734341,49.934349160388656,2.995774729578991,0.2565343288097129,41.25225316023331,0.7434656711902872,0.17387021451443255,0.2818303257256008,0.7916280885996154
61,Full single projection,0.24654903200007539,13.335572700856687,0.0,0.0,0.0,0.0,1.0,3.914903639603393,4.397624678308928,0.27992479348217336,0.24919784496934386,15.710022051294231,-3.2818380187371696,10.129049933859578,16.570166297797368,39.50600234462871,2.5322624834648946,0.15282058356900752,25.46809853029624,0.8471794164309925,0.3553359738065496,0.5006727154933222,4.183871016471116
62,Full single projection,0.27922527100008665,5.9598737457544315,0.0,0.0,0.0,0.0,1.0,2.398081733190338e-14,2.8393940289010155e-14,1.2008229020455454e-15,1.0141852229317419e-15,23.645402032758046,-6.439293542825908e-15,5.3290705182007514e-14,35.00380468047809,35.00380468047819,7.993605777301127e-15,2.2836391215950383e-16,1.0835776720341528e-13,0.9999999999999998,0.999999999999997,0.9999999999999983,0.0
63,Full single projection,0.27184567399990556,9.680434437988216,1.4210854715202004e-14,8.526512829121202e-14,0.0,1.1368683772161603e-13,1.0,9.661844743424059,13.092792905860607,0.4815649469494918,0.3553715226961652,27.18801064902638,-4.106916723643138,56.66048066809573,31.55702654996042,72.0122613638636,2.459160386481444,0.07792750633803071,42.91439520038462,0.9220724936619693,0.40406821855591035,0.5619014429777711,2.7768780940967
64,Full single projection,0.2812414350000836,8.317020640926886,0.0,0.0,0.0,5.684341886080802e-14,1.0,3.2193023436314174,3.7524443041184545,0.13907915343190838,0.11931898472209336,26.980638086466424,-2.176251741471928,12.941040096236904,39.9404311679382,53.97195639583359,3.235260024059226,0.08100213065942813,17.266785251954623,0.9189978693405718,0.6800785740409525,0.7816896598215884,0.0
65,Full single projection,0.28035250999982964,8.11192239396892,0.0,2.842170943040401e-14,0.0,2.842170943040401e-14,1.0,4.928410750330496,10.531096814081376,0.8883404799468752,0.41573131921737366,11.854797852633217,-1.0632965717847833,56.09599461553548,6.879106855994699,28.753428194463122,0.34846880729400365,0.05065611199080815,22.22279014576243,0.9493438880091919,0.22712554497965087,0.36655478143516407,0.34913487209106897
66,Full single projection,0.2616418839998005,10.36129567364092,0.0,0.0,0.0,5.684341886080802e-14,1.0,10.778662729094435,15.914301111025486,1.0879724890776428,0.7368773806960872,14.627484859030996,-0.930432342560563,54.352532979901085,20.695092160025915,54.974581023964205,10.77712732169681,0.5207576384952574,45.05661618563511,0.4792423615047425,0.1804100122928762,0.2621384346200005,3.552713678800501e-15
67,Full single projection,0.2594106599999577,12.77482974457583,1.4210854715202004e-14,2.842170943040401e-14,0.0,5.684341886080802e-14,1.0,5.582148937923963,5.693493385726674,0.453695488756527,0.444822821266859,12.549151417245088,-5.582148937923963,7.3507366915777705,2.1003337673692446,44.816158783619265,0.0,0.0,42.71582501625002,1.0,0.04686554636487357,0.08953498666110289,5.329070518200751e-15
68,Full single projection,0.2495633240000643,7.860752402858714,1.4210854715202004e-14,0.0,0.0,2.842170943040401e-14,1.0,1.655232309727425,2.2786524636026897,0.1709363932142846,0.12416963335830994,13.330411510123463,-0.3939340090404275,7.50260418790309,13.935865841985608,19.368929145714922,0.6744997750261048,0.04840027757686858,6.107563078755419,0.9515997224231314,0.6846721347986022,0.7963637711540893,5.329070518200751e-15
69,Full single projection,0.2234165429999848,5.793096928758672,7.105427357601002e-15,0.0,0.0,2.842170943040401e-14,1.0,1.6213878623207756,1.9311057172599282,0.07473081042856893,0.06274520751883168,25.840823967856817,-0.7705286837635078,3.969750552665115,38.392325138883095,44.565959108807945,1.4697418136740277,0.03828217771018766,7.643375783598866,0.9617178222898125,0.8284929588312564,0.890148190986405,-0.008462908764164112
70,Full single projection,0.220098133999727,5.134996105943867,0.0,0.0,0.0,1.4210854715202004e-14,1.0,0.5214009712235093,0.6878208938581023,0.035593039451735815,0.026981217791793785,19.32458998874732,-0.3824043947619417,2.22394522338508,26.217838983781576,28.975956204206163,0.0,0.0,2.758117220424589,1.0,0.904813590930807,0.9500284912274911,0.12733075930962912
71,Full single projection,0.3269557749999876,9.248940809760414,2.842170943040401e-14,0.0,0.0,5.684341886080802e-14,1.0,7.848741078845688,8.150214052779425,0.2564801990285892,0.2469931048424068,31.777166750681374,-7.848741078845688,12.720314737623422,36.585015487708944,86.9495791009182,0.0,0.0,50.364563613209256,1.0,0.42076127183141937,0.5923039713618332,3.552713678800501e-15
72,Full single projection,0.8185680100000354,8.777846673230338,0.0,0.0,1.4210854715202004e-14,2.842170943040401e-14,1.0,1.3717775648037271,1.4376160216565244,0.07543627055541206,0.07198151798638076,19.05735809938426,-1.3717775648037271,2.200895583548892,23.650391608792606,33.083618393204134,0.0,0.0,9.43322678441153,1.0,0.7148671384037831,0.8337288905882111,0.0
73,Full single projection,0.49504019699998025,6.823876186881368,7.105427357601002e-15,1.4210854715202004e-14,0.0,2.842170943040401e-14,1.0,4.910777405709311,7.086677937578366,0.33713173359831344,0.23361847605959452,21.020500983221055,-1.180724003073988,22.158827672610762,26.53943455732804,42.05457130574932,2.3779167190262864,0.08959937386343819,17.893053467447572,0.9104006261365617,0.5745277406976826,0.7044789857157872,3.552713678800501e-15
74,Full single projection,0.35935611500008235,6.863345705601866,0.0,0.0,0.0,1.4210854715202004e-14,1.0,2.7039482146112297,3.0028359480910467,0.17509737345083876,0.1576690297138923,17.14952022929195,-1.9859129748194273,5.653561939099099,18.29272980256375,34.24243692796264,0.6931210369026468,0.03789051958803355,16.64282816230154,0.9621094804119665,0.51397068505043,0.6700124834831663,0.004694537693142209
75,Full single projection,0.2341325389998019,9.706147862166912,1.4210854715202004e-14,2.842170943040401e-14,1.4210854715202004e-14,2.842170943040401e-14,1.0,5.533463155979849,7.72650940544052,0.31136673723021385,0.22299026352674395,24.814819573125455,0.05781493351007361,21.744599473560754,41.44948185753368,51.31719530784004,6.481418191901759,0.15636910044325983,16.34913164220812,0.8436308995567402,0.6814102652311093,0.7538927712867174,-8.881784197001252e-15
76,Full single projection,0.23181459600027665,7.947169418614965,0.0,0.0,0.0,2.842170943040401e-14,1.0,2.190199765665148,2.559150379274,0.13934910550799684,0.11925925912796297,18.365029111199696,-2.1635061239114988,6.268258398919508,20.087301575160872,35.38702492035839,0.0,0.0,15.299723345197513,1.0,0.567645955554871,0.7242017287684728,0.0
77,Full single projection,0.22310918599987417,11.485580553484866,0.0,0.0,0.0,2.842170943040401e-14,1.0,3.748723854859022,4.374423193669435,0.408097546943439,0.34972496752263843,10.719062700653076,-3.7012836492691026,9.09488431534722,2.282523218545101,30.242237127870993,0.09691559769485458,0.042459851846164076,28.056629507020745,0.9575401481538359,0.0722700378152914,0.13439653959455405,3.3306690738754696e-15
78,Full single projection,0.222803562000081,7.316028940649933,0.0,0.0,1.4210854715202004e-14,2.842170943040401e-14,1.0,1.638982390228462,2.138591746699226,0.2025620336774657,0.1552402914855741,10.557712656580307,-0.5051839831389002,7.686485867883665,8.544583109771793,13.42057356476695,0.8916260363281094,0.1043498582521158,5.767616491323267,0.8956501417478843,0.5702406858031017,0.6968269962139383,2.6645352591003757e-15
79,Full single projection,0.22842300899992551,5.142191725975178,0.0,1.4210854715202004e-14,0.0,2.842170943040401e-14,1.0,8.579731500367743,22.463409867779397,1.0904057276056025,0.41647231762165304,20.600964667625412,6.342609706894157,91.68646523577095,32.642159113503624,33.79052353225004,6.0489277027735975,0.18531028176598885,7.197292121520016,0.8146897182340112,0.7870026454413812,0.8006068805782254,0.9228637845499188
80,Full single projection,0.23213548199964862,7.844120514678779,1.4210854715202004e-14,2.842170943040401e-14,0.0,2.842170943040401e-14,1.0,2.8087490609468015,3.14063398039727,0.16173487350857563,0.1446436219326962,19.41840935270367,-2.254293941484369,5.094502441818152,22.78927290796506,36.00549500360443,0.39842942696109374,0.017483200476389002,13.614651522600465,0.9825167995236112,0.6218729524135822,0.7616610891187123,5.773159728050814e-15
81,Full single projection,0.2225196100002904,7.642194923783568,0.0,0.0,0.0,2.842170943040401e-14,1.0,10.858240534596616,21.463879504552725,0.7565705487879397,0.3827371933572734,28.36996435948879,4.240826160617369,93.4263443155878,55.4294291443171,57.652604300839386,16.780798321330924,0.3027416767659671,19.003973477853204,0.6972583232340328,0.6703709449327248,0.68355033324954,-3.552713678800501e-15
82,Full single projection,0.22134579699968526,7.969307553319417,0.0,1.4210854715202004e-14,0.0,0.0,1.0,3.4235201177352765,4.686486064984278,0.24214852393496178,0.17689166929679645,19.35376680736246,-2.072679605944657,19.221137919299323,20.5074057562732,37.34594246339659,0.0,0.0,16.83853670712339,1.0,0.549120049022002,0.7089444738239301,0.0
83,Full single projection,0.280259040999681,5.947000059113264,2.842170943040401e-14,0.0,0.0,2.842170943040401e-14,1.0,1.106311148953472,1.1484493286719228,0.11776591328742336,0.11344492054101152,9.75196724258385,-1.020516721448632,1.7886509646454734,5.7610008473781305,12.670103815465701,0.0,0.0,6.90910296808757,1.0,0.45469247381745936,0.6251389651095645,0.03945273796187454
84,Full single projection,0.2632322210001803,7.3604576063644975,0.0,0.0,0.0,2.842170943040401e-14,1.0,3.257588072081394,3.3238962424992584,0.29448445884105184,0.28860980925585217,11.287170316493114,-3.257588072081394,4.710185337154503,4.299177769477852,26.060704576651148,0.0,0.0,21.761526807173297,1.0,0.1649678256715155,0.2832143893354721,-5.329070518200751e-15
85,Full single projection,0.23370632600017416,7.857826459378039,3.552713678800501e-15,0.0,0.0,2.842170943040401e-14,1.0,3.6939498023393815,7.389992161303293,0.36917366316642247,0.18453456381501887,20.01765807972034,-0.8299862435595746,38.60906799832895,24.635912759455977,35.53326993985547,0.7684064013618066,0.031190498556497363,11.665763581761308,0.9688095014435025,0.6716946230530689,0.7933465367934038,0.0
86,Full single projection,0.2497696039999937,8.478387963974564,0.0,0.0,0.0,5.684341886080802e-14,1.0,1.296169400154012,1.6624480576730896,0.09997950059007199,0.0779515297993235,16.627889195899538,-0.6435789768491584,5.5719734131426755,19.763584074995336,26.273989206344574,0.0,0.0,6.510405131349236,1.0,0.752211014466843,0.8585849629483391,0.20333032620206382
87,Full single projection,0.2602672769999117,8.036373731737259,0.0,0.0,0.0,2.842170943040401e-14,1.0,3.347306781512351,5.682756134742141,0.2089666074092824,0.123087340984844,27.194565702126198,-1.560585896376443,28.587534162174528,45.30971658728271,53.557790285655976,7.146883540543632,0.15773401554556582,15.394957238916897,0.8422659844544343,0.71255428656025,0.7719995022385812,4.443350524444806
88,Full single projection,0.25804874200002814,11.555052713799235,0.0,0.0,0.0,2.842170943040401e-14,1.0,2.1483449497244096,2.4775102528873294,0.1356159233755612,0.11759781165246673,18.268579317388564,-1.4866144569404995,6.622121995894858,22.328727775056507,34.289759489099275,0.9913914721619257,0.044399819020115076,12.952423186204696,0.9556001809798848,0.6222655574378619,0.7537232919468299,0.0
89,Full single projection,0.22731501299995216,5.776899938719282,1.4210854715202004e-14,0.0,0.0,2.842170943040401e-14,1.0,2.9503446271754896,3.3772064988980968,0.28331640285870735,0.2475066381749538,11.92026463989218,-2.00985056212957,8.232816797002513,8.468826976631824,25.526080869572777,0.4920331755380287,0.05809933027274073,17.549287068478982,0.9419006697272593,0.31249582894654915,0.46929345048860743,7.327471962526033e-15
90,Full single projection,0.22354015600012644,5.257711965273124,0.0,0.0,0.0,7.105427357601002e-15,1.0,8.076872504148014e-15,9.369387792653569e-15,1.1749786604195315e-15,1.0128893205535053e-15,7.974091877811794,2.581268532253489e-15,1.509903313490213e-14,4.488057192411209,4.48805719241122,7.771561172376096e-15,1.7316092106662357e-15,1.865174681370263e-14,0.9999999999999982,0.9999999999999959,0.999999999999997,0.0
91,Full single projection,0.2219489229996725,7.328584274955735,0.0,5.684341886080801e-13,0.0,5.684341886080801e-13,1.0,6.282383866536434,16.595292802208725,0.7937873318376168,0.3004994721354917,20.90647222070254,0.1699351282573498,91.44399382566122,22.30162551318007,41.23565776772999,0.0,0.0,18.93403225454992,1.0,0.5408335096483601,0.7020012301936319,-5.329070518200751e-15
92,Full single projection,0.21789773599994078,6.814101528034532,1.4210854715202004e-14,0.0,0.0,2.842170943040401e-14,1.0,1.6225022763275652,2.0034595617317454,0.2369522213411002,0.19189582153307522,8.455120405255464,-0.5771126915471149,6.421363843219922,4.894800708007047,10.37479911589623,1.7869378339637616,0.3650685575493688,7.266936241852944,0.6349314424506313,0.2995588482558114,0.4070653992095047,-1.3322676295501878e-15
93,Full single projection,0.21712015000002793,7.013143869283769,1.4210854715202004e-14,0.0,0.0,2.842170943040401e-14,1.0,1.5894265133654126,1.7561684493301342,0.2124482982280728,0.1922770893941643,8.266333333698011,-1.017566515020579,3.5532657896321123,3.2673397155562323,12.646513923347877,0.473461312803936,0.14490728054683896,9.85263552059558,0.855092719453161,0.22092083396945175,0.35112531083259274,1.7541523789077473e-14
94,Full single projection,0.2538887330001671,6.545939148010859,0.0,2.842170943040401e-14,0.0,2.842170943040401e-14,1.0,1.9964500586426541,2.110413786971195,0.25711358490718306,0.24322928272870253,8.208099108155043,-1.9964500586426541,4.236647880837765,0.3593824161924508,15.971600469141233,0.0,0.0,15.612218052948782,1.0,0.022501340231169346,0.04401234374144134,0.0
95,Full single projection,0.29842482799995196,8.495831192957962,7.105427357601002e-15,0.0,0.0,5.684341886080802e-14,1.0,4.069360298116403,6.1205442298403145,0.6072940285897406,0.40377099101377373,10.078386978468163,-0.7704406031167799,25.254690242532273,7.5590270542311035,22.85854558605503,2.2101986505492555,0.2923919486849984,17.50971718237318,0.7076080513150016,0.23399688241516678,0.35169331010967436,-1.8207657603852567e-14
96,Full single projection,0.32764671199993245,8.219355331171144,0.0,0.0,0.0,5.684341886080802e-14,1.0,1.5585300220076301,1.640240405143532,0.2010474524720664,0.19103205209631963,8.15847395714416,-1.5585300220076301,2.424884127979322,1.564266894439677,12.748226819760927,0.0,0.0,11.18395992532125,1.0,0.12270466446478023,0.21858760963334278,1.5543122344752192e-15
97,Full single projection,0.2630513030003385,7.490460107375597,0.0,0.0,0.0,1.4210854715202004e-14,1.0,0.6582618517076191,0.731353715735728,0.10290557237675482,0.09262113689490328,7.107037051969524,-0.6106866064392001,1.1624383386264086,0.8987546371474,5.297907095627526,0.0,0.0,4.399152458480126,1.0,0.16964333668462422,0.2900770369290205,0.0
98,Full single projection,0.32117966499981776,4.199262547174242,0.0,0.0,0.0,3.552713678800501e-15,1.0,0.6660246452086491,0.682038399841155,0.09491694781068417,0.09268836843295315,7.185633499314676,-0.6660246452086491,0.8475642971571951,0.9412833337579496,5.328197161669193,0.0,0.0,4.386913827911243,1.0,0.17666075507293516,0.3002747466698418,0.0
99,Full single projection,0.4438676349996058,5.407534855690731,0.0,0.0,0.0,2.842170943040401e-14,1.0,0.6466277135584545,0.6897066218170581,0.09809732526033665,0.09197019012544252,7.03084023939157,-0.6009252794167539,1.0080433365162884,1.2066484210779391,5.130097882578371,0.18280973656680266,0.15150207249555978,4.106259198067234,0.8484979275044402,0.19957488296433015,0.3231433405880176,0.3226956472443405
100,Full single projection,0.37889256700009355,6.4248795750994105,0.0,1.4210854715202004e-14,0.0,5.684341886080802e-14,1.0,1.4424394752612648,1.479611642974996,0.19487141309432446,0.1899756738072307,7.592758832506711,-1.4248416757374824,2.1301975123967836,0.267954647459947,11.694713576395188,0.0,0.0,11.42675892893524,1.0,0.022912459181624704,0.04479847513042452,1.5543122344752192e-15
101,Full single projection,0.255509229999916,6.710612208822,0.0,0.0,0.0,2.842170943040401e-14,1.0,7.920785829284417,11.970609945667842,0.9148146081222063,0.6053200812093197,13.085285083323395,1.6770532802512703,32.50418357243184,34.95432311004937,43.69713760955085,15.807587580367713,0.4522355512535452,24.550402079869187,0.5477644487464549,0.43816910161860984,0.4868755228320948,6.768098404788077
102,Full single projection,0.2926229550002972,6.583214338724036,0.0,0.0,0.0,2.842170943040401e-14,1.0,3.8936360322620773,7.870035291735599,1.0476978976127893,0.5183400243902528,7.511741036865406,1.443466258353463,28.72894870012934,7.861339794085744,10.60433455930149,6.6838632387419095,0.8502193536743348,9.426858003957657,0.14978064632566504,0.11103728845588157,0.12753138962702915,0.2528346364419187
103,Full single projection,0.3337296809995678,8.224369278727812,0.0,0.0,0.0,5.684341886080802e-14,1.0,4.82998132582372,8.854015086125433,0.9580866159516558,0.5226488117034798,9.241351396325317,-1.2184071904631275,45.56389758219835,0.025188761633429202,24.19355406514739,0.0,0.0,24.16836530351396,1.0,0.0010411352365015062,0.0020801048025974123,-1.8954840070956323
104,Full single projection,0.24614492199998494,4.759853548110871,0.0,0.0,0.0,7.105427357601002e-15,1.0,1.1408424738284457,1.206188307558549,0.16833592620099194,0.1592162461515325,7.1653647250460875,-1.1408424738284457,2.029217799036031,0.06547798324693321,9.126739790627566,0.0,0.0,9.061261807380632,1.0,0.007174301530342071,0.014246395126327473,0.0
105,Full single projection,0.2883109399999739,3.197234929525767,0.0,0.0,0.0,2.842170943040401e-14,1.0,1.1350724413515387,2.7952381446242587,0.42586374320835935,0.1729320271391742,6.5636912961070095,0.3284693989638534,14.659471468697166,0.9567814378139305,3.77291347926968,0.39803766477781344,0.41601733587898215,3.2141697062335624,0.5839826641210178,0.14809344982495404,0.23627053449808788,-6.8833827526759706e-15
106,Full single projection,0.2862348110002131,2.9902346229133356,0.0,7.105427357601002e-15,0.0,1.4210854715202004e-14,1.0,0.6698224910460095,0.7926600398870365,0.11873162015923386,0.10033192740777051,6.676065220233506,-0.45525311953846903,2.6812380739106683,0.40453384260418823,4.746296049356986,0.025366122427509907,0.06270457439163901,4.367128329180307,0.937295425608361,0.07988707746708021,0.1472258754918076,1.9984014443252818e-15
107,Full single projection,0.3025511069999993,4.763919028977414,0.0,2.842170943040401e-14,0.0,1.4210854715202004e-14,1.0,1.3149368142194948,1.795012088450306,0.2345104887083545,0.17179075110822434,7.65429341065698,-0.45825527184808657,6.63313440448116,3.6930934130935045,9.195003343726437,1.230665926219021,0.33323444293496995,6.732575856851954,0.66676555706503,0.26780060809380213,0.38212430172382916,4.440892098500626e-15
108,Full single projection,0.2642359410001518,5.86142130596496,0.0,0.0,0.0,2.842170943040401e-14,1.0,1.5975292954941955,1.7000093558917577,0.21647707108897063,0.2034273880134043,7.853068906281836,-1.532102429687828,2.5941268837950844,0.6549118785211951,12.851807513007024,0.0,0.0,12.19689563448583,1.0,0.05095873696041383,0.09697571401860523,-8.659739592076221e-15
109,Full single projection,0.2526791059999596,5.476325237829621,0.0,0.0,0.0,2.842170943040401e-14,1.0,4.25986970115221,7.569210357190476,0.8616321969385355,0.48491727882670027,8.784734813862144,0.48601235822011635,25.014629725983653,9.475465392996988,17.22624864385101,6.759012744980447,0.7133172318877147,14.509795995834473,0.2866827681122854,0.15769264128125718,0.20346653733673226,1.4654943925052066e-14
110,Full single projection,0.24281427899995833,4.586463284251089,0.0,0.0,0.0,1.7763568394002505e-15,1.0,0.9591124556818686,1.027574151962237,0.13195751067945466,0.12316589695425628,7.787159265669801,-0.9591124556818686,1.511584310022874,1.7111312828747762,7.763465514273809,0.0,0.0,6.052334231399033,1.0,0.22040817721527994,0.36120403211031576,-3.774758283725532e-15
111,Full single projection,0.2571316950002256,6.092174924891402,1.4210854715202004e-14,0.0,0.0,1.4210854715202004e-14,1.0,2.529351833155033,3.0889659846243096,0.3261217034290391,0.2670396930577422,9.471819729092143,-1.829671628940653,10.129803008924092,2.9651115753708863,19.440267138587984,0.024916747360356872,0.008403308518749484,16.50007231057745,0.9915966914812505,0.15124251158948251,0.26245437450952314,6.661338147750939e-15
112,Full single projection,0.24559056799989776,6.99779833154907,0.0,1.4210854715202004e-14,0.0,2.842170943040401e-14,1.0,2.561819327555024,2.6948738279778883,0.27797454568701896,0.2642500573927334,9.694678414951486,-2.561819327555024,4.247343467292893,2.9487380653673743,20.642007493191354,0.0,0.0,17.693269427823978,1.0,0.1428513223018642,0.24999108722933697,-3.1086244689504383e-15
113,Full single projection,0.24509125099984885,3.5714355403824842,3.552713678800501e-15,0.0,0.0,4.263256414560601e-14,1.0,1.5793393272084246,3.0468775397989094,0.32511652606002656,0.1685231220569078,9.371647688054964,-0.21769027220096449,15.44040538240325,9.233316484131556,10.708960219353045,3.8601013456008126,0.4180622804638843,5.335745080822301,0.5819377195361157,0.5017494722615893,0.5388768011218957,1.3322676295501878e-15
114,Full single projection,0.2408609920003073,6.550337732789621,0.0,0.0,1.4210854715202004e-14,1.4210854715202004e-14,1.0,8.876380697706447,11.856438229786827,0.8040859506905338,0.6019828951729561,14.745237396082771,-2.8720612780594665,40.77695573687041,8.13813290689337,49.934349160388656,1.561809290994713,0.191912482735664,43.35802554449,0.8080875172643361,0.13169939583623227,0.2264867414580081,-2.6645352591003757e-15
61,Tail-risk convex ensemble,1.866773829000067,13.642089859793906,1.1368683772161603e-13,8.526512829121202e-14,2.842170943040401e-14,2.842170943040401e-14,1.0,3.7348711546784457,4.418892471714117,0.2812785658279886,0.2377381229945987,15.710022051294231,-2.8259880186167647,10.763018981292193,21.291975041943477,39.50600234462871,3.635532544246725,0.17074660932511046,21.84955984693196,0.8292533906748896,0.44693062951982904,0.5808233515872304,7.830671017434359
62,Tail-risk convex ensemble,2.084291959999973,5.806217494486009,2.842170943040401e-14,2.842170943040401e-14,1.4210854715202004e-14,2.842170943040401e-14,1.0,2.759430958214161,3.3410854895784983,0.14129958479664673,0.11670053037758799,23.645402032758046,0.15804331753077572,6.991034151910583,46.67370178345787,35.00380468047819,11.669897102979746,0.25003153075627266,6.217248937900877e-14,0.7499684692437273,0.9999999999999982,0.8571222652575401,1.2643465402462528
63,Tail-risk convex ensemble,1.8912889309999628,9.921952228338794,5.684341886080802e-14,5.684341886080802e-14,0.0,5.684341886080802e-14,1.0,8.8127610904831,11.56686174036281,0.42543979733129267,0.3241414461781775,27.18801064902638,-4.025404876474649,47.45368818930075,39.36548275563169,72.0122613638636,3.2933206144201206,0.08366010992076486,35.94009922265202,0.9163398900792352,0.5009169474479648,0.6477445278925806,3.4289728714446044
64,Tail-risk convex ensemble,2.2065017400000215,8.5480786123037,5.684341886080802e-14,2.842170943040401e-14,2.842170943040401e-14,5.684341886080802e-14,1.0,4.094945357961385,4.797758826377916,0.17782228911719059,0.15177348085090037,26.980638086466424,-2.0503534391701264,16.05702247188521,50.413519475003866,53.97195639583359,8.008305641594166,0.15885234208980115,11.566742562423883,0.841147657910199,0.7856897667819803,0.8124734495799066,1.0071864184144124
65,Tail-risk convex ensemble,2.72117160300013,8.546823210880204,8.526512829121202e-14,1.4210854715202004e-14,1.4210854715202004e-14,2.842170943040401e-14,1.0,4.663703927390212,9.168867220757408,0.7734309209431856,0.3934022313467199,11.854797852633217,-1.0484212135149864,48.0470351699555,9.22563828854637,28.753428194463122,1.5650119839306509,0.16963725814761382,21.092801889847408,0.830362741852386,0.26642479821209214,0.4034130911586684,0.4681377382494456
66,Tail-risk convex ensemble,2.0656807159998607,10.598447332876377,4.263256414560601e-14,2.842170943040401e-14,1.4210854715202004e-14,3.552713678800501e-15,1.0,10.344871628331493,15.762326895116525,1.0775828549489066,0.707221489410367,14.627484859030996,-0.553370560929443,49.98034112779527,25.263547900699827,54.974581023964205,12.577683835653762,0.49785896601266155,42.28871695891815,0.5021410339873383,0.23075872209951198,0.31620538103416845,3.016494253048971
67,Tail-risk convex ensemble,1.956262032000268,13.413876380692097,8.526512829121202e-14,2.842170943040401e-14,2.842170943040401e-14,2.842170943040401e-14,1.0,5.057639582315296,5.292939734877505,0.4217767049653994,0.4030264210028632,12.549151417245088,-4.897461613217137,7.308163047129504,6.588993594146954,44.816158783619265,0.6407118763926372,0.09723971760448905,38.867877065864946,0.9027602823955111,0.13272627282658753,0.23142745202043488,5.477498597654611
68,Tail-risk convex ensemble,1.8040803149997373,8.216894621713932,2.842170943040401e-14,2.842170943040401e-14,1.4210854715202004e-14,2.842170943040401e-14,1.0,1.8164830578102638,2.302869053398902,0.17275303554207933,0.13626609024265898,13.330411510123463,-0.3595532251036176,5.4370286468713935,17.085722647328794,19.368929145714922,2.3184955721361358,0.1356978349697496,4.6017020705222675,0.8643021650302501,0.7624183538540992,0.8101696957100295,0.27504627149448524
69,Tail-risk convex ensemble,1.987598686000183,5.772337974340601,1.4210854715202004e-14,1.4210854715202004e-14,1.4210854715202004e-14,2.842170943040401e-14,1.0,3.62254972717919,4.210579707484687,0.16294293528419185,0.14018708272171387,25.840823967856817,-0.6862883472065385,10.330974970782567,50.7668837143118,44.565959108807945,11.480537707732903,0.22614225786122855,5.279613102229038,0.7738577421387717,0.8815326045303133,0.8241933177104698,0.6654597836915954
70,Tail-risk convex ensemble,1.786754055000074,5.134755600382196,5.684341886080802e-14,2.842170943040401e-14,0.0,5.684341886080802e-14,1.0,1.4861763924243014,1.6790833046905813,0.0868884310439864,0.07690597281958891,19.32458998874732,-0.32915040236991827,4.273152775000632,31.1188058290576,28.975956204206163,4.195925135178049,0.13483567326545828,2.053075510326615,0.8651643267345417,0.9291455475754553,0.8960142209724417,0.5533626984458184
71,Tail-risk convex ensemble,1.711126200000308,9.150726606280122,5.684341886080802e-14,2.842170943040401e-14,1.4210854715202004e-14,8.526512829121202e-14,1.0,7.137518970448331,8.159182061923985,0.25676241453303994,0.2246115591880225,31.777166750681374,-7.137518970448331,12.61461846211748,49.86926710835006,86.9495791009182,0.0,0.0,37.08031199256814,1.0,0.5735423635630161,0.728982424425267,5.689776867178846
72,Tail-risk convex ensemble,4.516750139999658,8.773640718983676,4.263256414560601e-14,0.0,0.0,2.842170943040401e-14,1.0,2.6954091102927045,2.805628914578261,0.14722024427241626,0.14143666169445557,19.05735809938426,-0.9809131683587087,4.711195374335674,34.23506883425473,33.083618393204134,6.857983767735982,0.20032043168769853,5.706533326685385,0.7996795683123015,0.8275118138873955,0.8133576632002952,3.1269151715601433
73,Tail-risk convex ensemble,5.820784617999834,6.96180879391327,5.684341886080802e-14,1.4210854715202004e-14,0.0,2.842170943040401e-14,1.0,5.008207778274206,6.690719693149682,0.31829496825457854,0.23825349273415738,21.020500983221055,-1.0674129017999605,17.583824378588112,34.05642131185711,42.05457130574932,6.085558589490662,0.178690489343104,14.083708583382876,0.821309510656896,0.6651087350055218,0.7350019165535379,0.9064888101922217
74,Tail-risk convex ensemble,2.1197304330003135,6.872878498576921,4.263256414560601e-14,1.4210854715202004e-14,1.4210854715202004e-14,5.684341886080802e-14,1.0,3.1967429763066635,3.659694215965036,0.2133992185807132,0.18640422201704046,17.14952022929195,-1.940970920449155,8.82361977267966,23.670680228907877,34.24243692796264,4.1651658573157135,0.17596308247318532,14.736922556370477,0.8240369175268148,0.5696298546924915,0.6736130026901213,0.3642309726553221
75,Tail-risk convex ensemble,1.7131653930000539,9.832726283051256,4.263256414560601e-14,0.0,4.263256414560601e-14,2.842170943040401e-14,1.0,4.993423294154152,7.186598668483574,0.28960914453984943,0.20122746729789034,24.814819573125455,0.25165683662633576,24.986688244417373,51.93744880078755,51.31719530784004,8.989118681829435,0.17307586124047605,8.368865188881923,0.826924138759524,0.8369188896883584,0.8318914948517945,1.5507352249300883
76,Tail-risk convex ensemble,1.7760655840002073,7.904856234489206,7.105427357601002e-14,0.0,1.4210854715202004e-14,2.842170943040401e-14,1.0,3.049850924283407,3.4825072601005167,0.18962710263153085,0.1660683958526094,18.365029111199696,-2.028217343556421,8.368934769352332,26.8947501281766,35.38702492035839,4.086534322907944,0.15194542813865516,12.57880911508973,0.8480545718613449,0.6445361218299801,0.7324202236527347,1.0823102428406204
77,Tail-risk convex ensemble,2.022984485000052,11.989440249664176,8.526512829121202e-14,5.684341886080802e-14,1.4210854715202004e-14,5.684341886080802e-14,1.0,3.6474323924428194,4.358042963073499,0.4065694067456083,0.34027531084603074,10.719062700653076,-3.551215680202982,9.094884315347219,2.7654749689791247,30.242237127870993,0.11547150665975847,0.04175467431635615,27.592233665551625,0.9582453256836441,0.08762590714154363,0.16056874554309097,1.2005437525289746
78,Tail-risk convex ensemble,2.74337028500031,7.45378443911369,4.263256414560601e-14,4.263256414560601e-14,2.842170943040401e-14,2.842170943040401e-14,1.0,1.8308951648532652,2.232553978450155,0.2114619000412623,0.1734177870158384,10.557712656580307,-0.5051839831388998,7.269017316764575,9.796575154719013,13.42057356476695,1.9335130154561373,0.19736622083940872,5.557511425504074,0.8026337791605914,0.5858961318840936,0.677349508698583,7.993605777301127e-15
79,Tail-risk convex ensemble,2.7486136120000992,5.042091610501756,1.4210854715202004e-14,2.842170943040401e-14,1.4210854715202004e-14,2.842170943040401e-14,1.0,8.56197391890647,21.899839631208433,1.0630492301957206,0.4156103394692814,20.600964667625412,6.112405625248498,87.17644557628869,37.79109952693258,33.79052353225004,8.694811608192603,0.23007564524541219,4.694235613510076,0.7699243547545876,0.8610783402325849,0.8129541263595991,-0.9187688686153379
80,Tail-risk convex ensemble,3.030769631000112,7.974523597105285,7.105427357601002e-14,0.0,1.4210854715202004e-14,5.684341886080802e-14,1.0,3.181180072011701,3.6663872628085237,0.18880986574206934,0.1638228968310825,19.41840935270367,-1.9186763083513867,8.175436490788467,31.644719101574108,36.00549500360443,4.500964331381965,0.14223429561610718,8.86174023341229,0.8577657043838927,0.7538781168672959,0.8024735805858837,2.6849410650638648
81,Tail-risk convex ensemble,2.6926882819998355,7.724295313371297,5.684341886080802e-14,2.842170943040401e-14,1.4210854715202004e-14,5.684341886080802e-14,1.0,11.213238196600106,20.59018590175302,0.72577411944708,0.3952503448545806,28.36996435948879,4.129964427478613,83.34520153288518,65.98986607888817,57.652604300839386,23.34317393390581,0.3537387681011506,15.005912155857017,0.6462612318988493,0.7397183988852599,0.6898388881103223,-0.8868938651100615
82,Tail-risk convex ensemble,2.87388586499992,8.09025019230708,5.684341886080802e-14,5.684341886080802e-14,1.4210854715202004e-14,5.684341886080802e-14,1.0,4.732454267017049,5.31611587120382,0.27468119896853826,0.24452367924660293,19.35376680736246,-1.3576662554059185,15.485900855247149,31.951517857268072,37.34594246339659,9.498665283089125,0.29728369480038475,14.893089889217642,0.7027163051996153,0.6012126376562964,0.6480137214345634,5.7201068043099115
83,Tail-risk convex ensemble,2.197764147000271,6.132264588270182,5.684341886080802e-14,4.263256414560601e-14,2.842170943040401e-14,2.842170943040401e-14,1.0,1.320775669156811,1.4137179464060023,0.1449674625887513,0.13543684431069342,9.75196724258385,-0.945859919573933,3.0275647449500838,7.071160746288944,12.670103815465701,0.8604691191266025,0.12168711050419695,6.459412188303357,0.8783128894958031,0.4901847465197003,0.6292090972930381,0.6367071529594648
84,Tail-risk convex ensemble,1.8951391149998926,7.637545626315231,9.947598300641403e-14,2.842170943040401e-14,2.842170943040401e-14,2.842170943040401e-14,1.0,3.137388804762361,3.178724845036524,0.28162282980630554,0.27796061517543724,11.287170316493114,-3.137388804762361,4.533385398655373,5.137859940673199,26.060704576651148,0.0,0.0,20.922844635977953,1.0,0.19714969430551843,0.3293651499779857,0.9615941385522613
85,Tail-risk convex ensemble,1.74009953399991,7.990591450522366,5.684341886080802e-14,0.0,0.0,5.684341886080802e-14,1.0,3.8598555379978157,6.569148533846506,0.3281676861341554,0.19282253311680805,20.01765807972034,-0.7590330351641141,31.345937640043903,34.03307721308581,35.53326993985547,4.515668525325276,0.13268469662769694,6.015861252094942,0.867315303372303,0.8306977865454673,0.8486117180442622,0.5676256671636803
86,Tail-risk convex ensemble,1.7994503639997674,8.60451761964531,2.842170943040401e-14,2.842170943040401e-14,1.4210854715202004e-14,5.684341886080802e-14,1.0,2.1733503680300887,2.443269618030312,0.14693805023868128,0.13070512693613812,16.627889195899538,-0.5921085429416956,5.083282889565599,26.16376097300811,26.273989206344574,4.538883042950273,0.17347976262406692,4.649111276286741,0.826520237375933,0.8230527066227125,0.8247828274895215,0.6150937974617674
87,Tail-risk convex ensemble,1.9834878350002327,8.076657117262306,5.684341886080802e-14,2.842170943040401e-14,2.842170943040401e-14,5.684341886080802e-14,1.0,4.102616174420449,5.0581080293341465,0.18599701443066913,0.1508616176981156,27.194565702126198,-1.4349449554895544,19.779602456391984,54.370296471135745,53.557790285655976,10.670684875723579,0.1962594572458964,9.858178690243811,0.8037405427541036,0.8159338046311433,0.8097912769247201,5.448478051539912
88,Tail-risk convex ensemble,2.291885015000389,11.612942986293262,5.684341886080802e-14,2.842170943040401e-14,2.842170943040401e-14,8.526512829121202e-14,1.0,2.5839600910584943,3.1259746855547346,0.17111208437425351,0.14144285913897017,18.268579317388564,-0.9544155159426064,10.419237247669294,31.51759774125058,34.289759489099275,5.385606135813388,0.17087616194696995,8.157767883662082,0.8291238380530301,0.7620931728536784,0.7941966584060093,4.257591527983145
89,Tail-risk convex ensemble,5.112422116000289,5.874015798569076,2.842170943040401e-14,4.263256414560601e-14,1.4210854715202004e-14,2.842170943040401e-14,1.0,2.8731616228099854,3.238397098795882,0.2716715774881634,0.24103169766841465,11.92026463989218,-1.5643030253874983,8.21277730973555,12.574025367348721,25.526080869572777,2.2056438199236323,0.1754127063916287,15.157699322147685,0.8245872936083712,0.40618775754895664,0.5442704796123349,3.5643802939365816
90,Tail-risk convex ensemble,1.7359932590002245,5.384039367333379,1.4210854715202004e-14,1.4210854715202004e-14,0.0,1.7763568394002505e-15,1.0,0.2062042898883968,0.43078931331334874,0.05402362048423796,0.02585928191549534,7.974091877811794,0.10214305212340771,1.5052663114467446,5.705719652621076,4.48805719241122,1.2176624602098656,0.21341084636895885,1.0436096431476471e-14,0.7865891536310412,0.9999999999999978,0.8805484484582105,0.8171444169872406
91,Tail-risk convex ensemble,1.7017477740000686,7.260166050355203,2.842170943040401e-14,5.400124791776761e-13,1.4210854715202004e-14,5.400124791776761e-13,1.0,6.673901088261669,14.399101010174142,0.6887389157849165,0.3192265542367721,20.90647222070254,0.48016503225749685,77.16226385219272,35.13870545379644,41.23565776772999,7.810986783478384,0.2222901123591186,13.907939097411933,0.7777098876408814,0.6627205712164983,0.7156254407268334,2.4818392320011724
92,Tail-risk convex ensemble,1.827441226999781,7.0000243048368205,4.263256414560601e-14,8.526512829121202e-14,1.4210854715202004e-14,2.842170943040401e-14,1.0,1.718010531679981,2.2420574217635876,0.2651715545493578,0.2031917287200445,8.455120405255464,-0.34748741888461004,7.932751108406123,6.4359822143157945,10.37479911589623,2.8318145589856356,0.43999726299533976,6.770631460566071,0.5600027370046603,0.3473963799268042,0.4287924022725601,1.837002181300037
93,Tail-risk convex ensemble,1.7407962689999295,7.212310896079139,8.526512829121202e-14,0.0,2.842170943040401e-14,2.842170943040401e-14,1.0,1.517792233103454,1.6471983420715801,0.19926589886675822,0.18361130283920662,8.266333333698011,-0.8277661574753197,2.9057017006206367,4.327081392782225,12.646513923347877,0.5856470669634746,0.1353445923019524,8.905079597529127,0.8646554076980476,0.29584708865194453,0.4408534852086693,1.5184028603620923
94,Tail-risk convex ensemble,1.6465260830000261,6.643904869970059,5.684341886080802e-14,1.4210854715202004e-14,1.4210854715202004e-14,2.842170943040401e-14,1.0,1.801382279067929,1.881163974198219,0.22918387673087603,0.21946400199751373,8.208099108155043,-1.6513789008976572,3.3501856559865155,2.9832122849491336,15.971600469141233,0.6000135126810879,0.20113000865150255,13.588401696873188,0.7988699913484975,0.14921477511741105,0.2514610725187736,2.760569261959977
95,Tail-risk convex ensemble,2.649488461999681,8.872915868554173,5.684341886080802e-14,1.4210854715202004e-14,1.4210854715202004e-14,2.842170943040401e-14,1.0,4.242729314397573,6.3136100032222915,0.6264504445712314,0.4209730508921612,10.078386978468163,-0.2859029511455702,23.645722039831252,11.12961761123445,22.85854558605503,4.778081253456104,0.429312256751123,16.507009228276686,0.5706877432488769,0.2778626633906722,0.3737499035125778,3.8763012157696615
96,Tail-risk convex ensemble,1.9322496859999774,8.830466015071366,8.526512829121202e-14,0.0,2.842170943040401e-14,2.842170943040401e-14,1.0,1.5752112344731124,1.651799837563822,0.202464314556938,0.1930767007099093,8.15847395714416,-1.549917889526704,2.424884127979322,1.2032371654682092,12.748226819760927,0.0,0.0,11.544989654292717,1.0,0.09438466874491759,0.1724890186065226,0.06889705984740746
97,Tail-risk convex ensemble,2.1663298969997413,7.652627791098735,7.105427357601002e-14,1.3877787807814457e-17,1.4210854715202004e-14,2.842170943040401e-14,1.0,0.6582614671396554,0.7313532147992625,0.10290550189218271,0.09262108278403247,7.107037051969524,-0.6106866064391997,1.1624383386264086,0.8987546371474027,5.297907095627526,0.0,0.0,4.399152458480123,1.0,0.16964333668462472,0.29007703692902115,3.552713678800501e-15
98,Tail-risk convex ensemble,1.7658330959998239,4.213295364657122,1.4210854715202004e-14,1.4210854715202004e-14,1.4210854715202004e-14,1.4210854715202004e-14,1.0,0.6660246452086486,0.6863612859687375,0.09551854906518661,0.09268836843295308,7.185633499314676,-0.6660246452086486,0.9394930640997003,1.0073341396837423,5.328197161669193,0.0,0.0,4.320863021985451,1.0,0.18905721937815254,0.3179951583440615,4.218847493575595e-15
99,Tail-risk convex ensemble,1.8510968840000714,5.367017818023718,8.526512829121202e-14,0.0,1.4210854715202004e-14,2.842170943040401e-14,1.0,0.5566808216776811,0.6398141107524402,0.09100108791659985,0.07917699773048104,7.03084023939157,-0.5539771647423971,0.9978490711917765,1.5413173842022387,5.130097882578371,0.010814627741135618,0.007016483335606506,3.599595126117268,0.9929835166643934,0.29833792482958965,0.4588240111755687,0.6982805646391943
100,Tail-risk convex ensemble,1.874677758999951,6.560470517789175,5.684341886080802e-14,1.1368683772161603e-13,1.4210854715202004e-14,2.842170943040401e-14,1.0,1.480155413491515,1.4998397418718217,0.1975355433983483,0.19494303008210379,7.592758832506711,-1.4248416757374822,2.1535497774266954,0.11125282828146466,11.694713576395188,0.0,0.0,11.583460748113723,1.0,0.009513087050376273,0.018846882070983107,2.6645352591003757e-15
101,Tail-risk convex ensemble,1.8355860450001273,6.822568036664175,7.105427357601002e-14,4.263256414560601e-14,2.842170943040401e-14,2.842170943040401e-14,1.0,7.968974810996436,12.538841185633508,0.9582398171526041,0.609002766103471,13.085285083323395,0.9850105969938849,45.78683523952489,30.74505519151159,43.69713760955085,14.830287534890775,0.4823633407880586,27.78236995293004,0.5176366592119412,0.36420618208050154,0.42757385449810853,1.2317569387289953
102,Tail-risk convex ensemble,1.7731831729997793,6.860371033031181,8.526512829121202e-14,0.0,1.4210854715202004e-14,4.263256414560601e-14,1.0,4.014837697600909,8.175679700426848,1.088386788136469,0.5344749876090338,7.511741036865406,1.7368444869229627,27.876162079623644,9.160415989019718,10.60433455930149,7.351355736864835,0.8025133078756093,8.795274307146608,0.1974866921243908,0.1705963011670623,0.18305925467989706,2.5998604649979153
103,Tail-risk convex ensemble,1.7654184799998802,8.459467532211086,1.4210854715202004e-13,1.734723475976807e-18,2.842170943040401e-14,2.842170943040401e-14,1.0,4.552165027878662,8.217803428959904,0.8892426092819702,0.49258650955408545,9.241351396325317,-0.9983127531448407,41.96651806483499,2.4199569921302357,24.19355406514739,0.41402406776238054,0.17108736606013983,22.18762114077953,0.8289126339398601,0.08291187474838807,0.15074545557335028,-0.13472850854934126
104,Tail-risk convex ensemble,1.7886729350002497,4.868412825218132,2.842170943040401e-14,4.263256414560601e-14,1.4210854715202004e-14,2.842170943040401e-14,1.0,1.1341118584733092,1.1954179612983158,0.16683281412316758,0.15827691987668005,7.1653647250460875,-1.1341118584733092,2.029217799036031,0.11932290608802631,9.126739790627566,0.0,0.0,9.00741688453954,1.0,0.013073990146027985,0.025810533629717324,0.0538449228410931
105,Tail-risk convex ensemble,1.7481125499998598,3.2141519693152767,7.105427357601002e-14,7.105427357601002e-15,1.4210854715202004e-14,1.4210854715202004e-14,1.0,1.0598299916237934,2.7387297823249668,0.4172545079853671,0.16146859195714905,6.5636912961070095,0.28143773978546494,14.444761834066334,0.6715869352335442,3.77291347926968,0.0,0.0,3.1013265440361355,1.0,0.1780022094128548,0.3022103150410481,-0.3762532734271138
106,Tail-risk convex ensemble,2.9244403789998614,2.985563318338054,5.684341886080802e-14,1.4210854715202004e-14,1.4210854715202004e-14,7.105427357601002e-15,1.0,0.6625911245793644,0.7649655983324692,0.11458330215439588,0.0992487494836351,6.676065220233506,-0.4403224840997245,2.53032720780155,0.46781572779823555,4.746296049356986,0.0,0.0,4.27848032155875,1.0,0.09856438008362622,0.17944215536302605,0.11944508350995764
107,Tail-risk convex ensemble,4.053555647999929,4.870443226614801,2.842170943040401e-14,2.842170943040401e-14,1.4210854715202004e-14,4.263256414560601e-14,1.0,1.4730352382916208,1.9812896704734844,0.25884684113558526,0.1924456196362595,7.65429341065698,-0.399758800072053,6.595366352223525,3.7305206691084685,9.195003343726437,1.7223088052269055,0.46168054220659455,7.186791479844874,0.5383194577934054,0.2184025158894286,0.3107358528578694,0.46797177420827274
108,Tail-risk convex ensemble,1.646828837999692,6.054856344285784,8.526512829121202e-14,8.673617379884035e-19,1.4210854715202004e-14,1.4210854715202004e-14,1.0,1.5589251371352018,1.6588435768701746,0.21123507213125695,0.19851158263595325,7.853068906281836,-1.4648727191256126,2.4764559481159365,1.0020110197714565,12.851807513007024,0.0,0.0,11.84979649323557,1.0,0.0779665442979397,0.14465484983806787,0.5378376844977169
109,Tail-risk convex ensemble,1.6563715370002683,5.644908526612798,1.4210854715202004e-14,8.526512829121202e-14,1.4210854715202004e-14,2.842170943040401e-14,1.0,4.311144569816245,7.667484395931756,0.8728191070529085,0.4907540934546301,8.784734813862144,0.5228029335735207,27.832199959061988,10.039508936523712,17.22624864385101,7.543412512711687,0.7513726578068743,14.730152220038985,0.24862734219312582,0.1449007543904818,0.18309386170209768,0.2943246028272486
110,Tail-risk convex ensemble,1.7434132509997653,4.688135576769395,5.684341886080802e-14,0.0,1.4210854715202004e-14,2.842170943040401e-14,1.0,1.0326475727584687,1.1731948112562531,0.1506576109761051,0.13260902179193418,7.787159265669801,-0.8162640608017826,3.4621361913069775,2.8018031463370874,7.763465514273809,0.8655340478267444,0.3089203640014084,5.827196415763467,0.6910796359985916,0.24940783145752926,0.3665347585015194,1.1427871590406853
111,Tail-risk convex ensemble,2.2073319219998666,6.4295868364588005,5.684341886080802e-14,5.684341886080802e-14,1.4210854715202004e-14,1.4210854715202004e-14,1.0,2.470882860957504,2.9977746915839885,0.31649406104895533,0.2608667533407895,9.471819729092143,-1.5780163596586094,9.868553099789114,4.87387693167138,19.440267138587984,0.7796485148318442,0.15996475203662605,15.346038721748448,0.8400352479633738,0.21060556357853186,0.33677750736432654,2.013242154256356
112,Tail-risk convex ensemble,2.37709747100007,7.36195793353163,5.684341886080802e-14,0.0,1.4210854715202004e-14,1.4210854715202004e-14,1.0,2.360448583001467,2.4753045872169546,0.2553261161710583,0.2434787913502213,9.694678414951486,-2.082862130344674,3.521940485659992,6.359744660414258,20.642007493191354,1.1103458106271704,0.17458968400703767,15.392608643404266,0.8254103159929623,0.25430660518452824,0.38881912699032917,3.8316575776827912
113,Tail-risk convex ensemble,2.4947539579998192,3.6199418329451554,5.684341886080802e-14,1.4210854715202004e-14,1.4210854715202004e-14,1.4210854715202004e-14,1.0,1.6093550533620493,3.3016273055615355,0.3522995545137454,0.17172594477845363,9.371647688054964,-0.19885416291388758,17.31897666438941,10.550697348893493,10.708960219353045,4.361845142202345,0.41341771050420606,4.5201080126618995,0.5865822894957937,0.577913455641264,0.582215605949818,0.15068887429661748
114,Tail-risk convex ensemble,2.680711638000048,6.5997095210763925,4.263256414560601e-14,4.263256414560601e-14,1.4210854715202004e-14,2.842170943040401e-14,1.0,8.342717075130302,10.766395305128164,0.730160865907006,0.565790624527119,14.745237396082771,-2.7731077669845137,35.90808764650701,11.677870729734341,49.934349160388656,2.995774729578991,0.2565343288097129,41.25225316023331,0.7434656711902872,0.17387021451443255,0.2818303257256008,0.7916280885996154
61,Full risk-envelope verifier,3.288521547000073,13.758455459304344,5.684341886080802e-14,5.684341886080802e-14,0.0,5.684341886080802e-14,1.0,3.9104449675895183,4.38924508796573,0.2793914021020825,0.24891403429108275,15.710022051294231,-3.2773793467232943,10.129049933859578,16.77561152934,39.50600234462871,2.5322624834648946,0.15094904165109269,25.262653298753605,0.8490509583489073,0.3605363286728922,0.5061457220388244,4.219540392582115
62,Full risk-envelope verifier,3.058344588000182,6.066973110913092,1.4210854715202004e-14,2.1316282072803006e-14,0.0,2.842170943040401e-14,1.0,0.009041382654417562,0.038510271515049446,0.0016286579294231408,0.00038237381804258363,23.645402032758046,-0.009041382654401575,0.20721036530799708,35.00380468047809,35.00380468047819,7.993605777301127e-15,2.2836391215950383e-16,1.0835776720341528e-13,0.9999999999999998,0.999999999999997,0.9999999999999983,-0.07233106123516109
63,Full risk-envelope verifier,3.1805603869997867,10.090707068692124,2.842170943040401e-14,8.526512829121202e-14,0.0,1.7053025658242404e-13,1.0,9.694615847617683,12.980937829563183,0.4774508145202613,0.35657687400401444,27.18801064902638,-4.20870787098816,55.66048066809573,32.03094637735483,72.0122613638636,2.933080213875855,0.09157020149580962,42.91439520038462,0.9084297985041904,0.40406821855591035,0.5593419656159136,1.962548915336523
64,Full risk-envelope verifier,2.4150258929998927,8.777468337555424,0.0,2.842170943040401e-14,0.0,1.1368683772161603e-13,1.0,3.2202789007455532,3.752492793658819,0.13908095062959544,0.11935517945963092,26.980638086466424,-2.177228298586064,12.941040096236904,39.9404311679382,53.97195639583359,3.235260024059226,0.08100213065942813,17.266785251954623,0.9189978693405718,0.6800785740409525,0.7816896598215884,-0.0078124569130864074
65,Full risk-envelope verifier,2.600068626999928,8.610522016147678,4.263256414560601e-14,5.329070518200751e-15,0.0,5.684341886080802e-14,1.0,4.650862495288278,9.989713817852593,0.8426726412406647,0.39231900476946696,11.854797852633217,-1.0677921518165805,52.98038447466288,8.579050802517507,28.753428194463122,0.8385735722525118,0.09774666120480764,21.012950964198133,0.9022533387951922,0.2692018905681491,0.41467791254317865,0.3131702318366907
66,Full risk-envelope verifier,2.2595365880001737,10.736668582187965,2.842170943040401e-14,0.0,0.0,8.526512829121202e-14,1.0,10.813235871126338,16.70692887453148,1.1421600524998416,0.7392409546368633,14.627484859030996,-1.0234087037771102,53.396811266249316,20.89360150019944,54.974581023964205,11.485834674864137,0.5497297665390286,45.566814198628904,0.45027023346097156,0.17112939562439464,0.24800295755968535,-0.7438108897323694
67,Full risk-envelope verifier,5.593666247999863,13.534861708523218,2.842170943040401e-14,0.0,0.0,5.684341886080802e-14,1.0,5.5821489379239635,5.707967658218793,0.4548488952308667,0.44482282126685907,12.549151417245088,-5.5821489379239635,7.3507366915777705,2.5111823532847044,44.816158783619265,0.0,0.0,42.30497643033456,1.0,0.05603296715832249,0.10611973091919946,0.0
68,Full risk-envelope verifier,5.260994277000009,8.293348126324988,2.842170943040401e-14,0.0,0.0,2.842170943040401e-14,1.0,1.6107854093894791,2.188616689831012,0.16418223009611663,0.12083538517668464,13.330411510123463,-0.4053392280785342,7.137637178683677,14.105001857816879,19.368929145714922,0.711469065658018,0.05044090549082258,5.975396353556061,0.9495590945091775,0.6914957812792647,0.8002366253754734,-0.09124175230484788
69,Full risk-envelope verifier,2.926189056000112,6.041934438521988,2.842170943040401e-14,4.263256414560601e-14,0.0,4.263256414560601e-14,1.0,1.6357401239123193,1.9524867241372184,0.07555822239127902,0.06330061788846217,25.840823967856817,-0.7851146435725663,3.969750552665115,38.243198766941994,44.565959108807945,1.4697418136740277,0.03843145607747893,7.792502155539968,0.9615685439225212,0.8251467642261541,0.8881495210576659,-0.1251505872366323
70,Full risk-envelope verifier,3.434548041999733,5.24900909650493,7.105427357601002e-15,1.4210854715202004e-14,0.0,4.263256414560601e-14,1.0,0.5474911609961144,0.6808076367027499,0.03523012064417321,0.028331320939534433,19.32458998874732,-0.4394464547362436,1.8423290184958532,26.217838983781576,28.975956204206163,0.0,0.0,2.758117220424589,1.0,0.904813590930807,0.9500284912274911,-0.32900572048478605
71,Full risk-envelope verifier,2.6815639569999803,9.447734632459628,3.552713678800501e-15,0.0,0.0,5.684341886080802e-14,1.0,7.993327863461465,8.281128081561707,0.2605999504780942,0.25154312611240176,31.777166750681374,-7.993327863461465,12.720314737623422,36.585015487708944,86.9495791009182,0.0,0.0,50.364563613209256,1.0,0.42076127183141937,0.5923039713618332,-1.1566942769262134
72,Full risk-envelope verifier,2.3280022199996893,9.023303017783336,0.0,1.4210854715202004e-14,0.0,2.842170943040401e-14,1.0,1.3717775648037271,1.4376160216565244,0.07543627055541206,0.07198151798638076,19.05735809938426,-1.3717775648037271,2.200895583548892,23.650391608792606,33.083618393204134,0.0,0.0,9.43322678441153,1.0,0.7148671384037831,0.8337288905882111,0.0
73,Full risk-envelope verifier,2.4345215389998884,7.123042334654978,1.4210854715202004e-14,1.4210854715202004e-14,0.0,2.842170943040401e-14,1.0,4.865035361596963,6.974187345827452,0.3317802630581628,0.23144240784176945,21.020500983221055,-1.2264660471863362,21.766136165269764,26.53943455732804,42.05457130574932,2.3779167190262864,0.08959937386343819,17.893053467447572,0.9104006261365617,0.5745277406976826,0.7044789857157872,-0.3659363528987818
74,Full risk-envelope verifier,2.638016027000049,6.990749899623765,1.4210854715202004e-14,2.6645352591003757e-15,0.0,5.684341886080802e-14,1.0,2.703361397399587,3.0022959327248677,0.17506588479349097,0.15763481200961854,17.14952022929195,-1.9864997920310699,5.653561939099099,18.288035264870608,34.24243692796264,0.6884264992095064,0.037643546134882036,16.64282816230154,0.962356453865118,0.51397068505043,0.6700723610880552,1.7763568394002505e-15
75,Full risk-envelope verifier,2.736281391000375,10.056132148482723,2.842170943040401e-14,0.0,1.4210854715202004e-14,2.842170943040401e-14,1.0,5.46686502666118,8.173615554069615,0.32938444424241037,0.22030645883002173,24.814819573125455,-0.014466936171147915,25.56647703181094,41.449481857533684,51.31719530784004,6.481418191901764,0.1563691004432599,16.34913164220812,0.84363089955674,0.6814102652311093,0.7538927712867173,-0.5782549574497766
76,Full risk-envelope verifier,2.476845393000076,8.069033611026777,0.0,0.0,0.0,2.842170943040401e-14,1.0,2.190199765665148,2.559150379274,0.13934910550799684,0.11925925912796297,18.365029111199696,-2.1635061239114988,6.268258398919508,20.087301575160872,35.38702492035839,0.0,0.0,15.299723345197513,1.0,0.567645955554871,0.7242017287684728,0.0
77,Full risk-envelope verifier,2.159907192999981,12.03429117399452,8.43769498715119e-15,2.7755575615628914e-17,0.0,2.842170943040401e-14,1.0,3.7726733391436396,4.382428414923707,0.4088443679554837,0.3519592565601639,10.719062700653076,-3.7012836492691026,9.09488431534722,2.1584841269733674,30.242237127870993,0.0,0.0,28.083753000897623,1.0,0.0713731632301807,0.13323679494638682,5.551115123125783e-15
78,Full risk-envelope verifier,2.249732139999651,7.50877015570871,0.0,0.0,1.4210854715202004e-14,2.842170943040401e-14,1.0,1.6785366093516432,2.161283347874916,0.20471132509254764,0.15898676767883632,10.557712656580307,-0.5051839831389011,7.844072486844073,8.548514524311793,13.42057356476695,1.0143776726207352,0.11866127965693533,5.8864367130758914,0.8813387203430647,0.5613870983480496,0.6858852603387232,-3.774758283725532e-15
79,Full risk-envelope verifier,2.392324574000213,5.208634222971511,7.105427357601002e-15,8.881784197001252e-16,0.0,2.842170943040401e-14,1.0,8.567110927081949,22.60261726417868,1.0971630517719824,0.415859697121137,20.600964667625412,6.0878775000163285,90.68646523577095,31.735842159980074,33.79052353225004,5.142610749250042,0.16204425026209138,7.197292121520016,0.8379557497379084,0.7870026454413812,0.8116803405711652,-1.1149938704727003
80,Full risk-envelope verifier,2.3114716770000996,8.169247223500959,1.4210854715202004e-14,2.842170943040401e-14,0.0,8.526512829121202e-14,1.0,2.818683509595433,3.1265477260208727,0.16100946628697763,0.145155221439545,19.41840935270367,-2.2814248153928522,5.094502441818152,22.297985034581743,36.00549500360443,0.33986149517869624,0.015241802999311738,14.047371464201387,0.9847581970006883,0.609854788476172,0.7532354338033154,-0.2170469912678641
81,Full risk-envelope verifier,4.430114713999956,7.917103137715071,2.842170943040401e-14,0.0,0.0,2.842170943040401e-14,1.0,10.816574832597958,21.566154458936925,0.760175592244753,0.3812685379345632,28.36996435948879,4.107390474530142,92.15806530228427,55.11430393950148,57.652604300839386,16.530798321330934,0.2999366251540917,19.069098682668837,0.7000633748459081,0.6692413306576124,0.6843054619523176,-1.0674854886978205
82,Full risk-envelope verifier,7.602911194000171,8.343775782271168,1.4210854715202004e-14,1.4210854715202004e-14,0.0,1.1368683772161603e-13,1.0,3.4450049193772445,4.706121264763631,0.24316306544384694,0.1780017788612971,19.35376680736246,-2.097796242850098,19.221137919299323,20.5074057562732,37.34594246339659,0.0,0.0,16.83853670712339,1.0,0.549120049022002,0.7089444738239301,-0.20093309524352776
83,Full risk-envelope verifier,3.6114373010000236,6.175178100622941,0.0,1.4210854715202004e-14,0.0,4.263256414560601e-14,1.0,1.0998992627667958,1.1554654878921207,0.1184853741967628,0.11278742385063324,9.75196724258385,-1.0254483136938668,1.7886509646454734,5.805033408507276,12.670103815465701,0.0,0.0,6.8650704069584245,1.0,0.45816778560420235,0.6284157284607096,-3.9968028886505635e-15
84,Full risk-envelope verifier,2.7587263989998974,7.668888085069692,1.4210854715202004e-14,2.842170943040401e-14,0.0,2.842170943040401e-14,1.0,3.2575880720813934,3.3276727193840547,0.29481904020900357,0.2886098092558521,11.287170316493114,-3.2575880720813934,4.710185337154503,4.154082591534239,26.060704576651148,0.0,0.0,21.906621985116907,1.0,0.15940024105319286,0.2749701706261412,-1.5543122344752192e-15
85,Full risk-envelope verifier,2.348163886000293,8.191264661193388,1.4210854715202004e-14,0.0,0.0,5.684341886080802e-14,1.0,3.734228348826586,7.401251823929979,0.36973614967617524,0.18654671460342756,20.01765807972034,-0.8726641005386644,38.60906799832895,24.635912759455977,35.53326993985547,0.7684064013618066,0.031190498556497363,11.665763581761308,0.9688095014435025,0.6716946230530689,0.7933465367934038,-0.34142285583271814
86,Full risk-envelope verifier,2.6120494780002446,8.754794217292002,1.4210854715202004e-14,0.0,0.0,8.526512829121202e-14,1.0,1.32158569092927,1.6763099940714876,0.10081315639779871,0.07948006360634007,16.627889195899538,-0.6689952676244164,5.5719734131426755,19.560253748793276,26.273989206344574,0.0,0.0,6.7137354575513,1.0,0.7444721696113781,0.8535214061651974,1.7763568394002505e-15
87,Full risk-envelope verifier,2.6289501459996245,8.288420424001322,7.105427357601002e-15,4.263256414560601e-14,0.0,5.684341886080802e-14,1.0,3.4696639869757377,5.597041255203714,0.20581469535165664,0.12758666657818563,27.194565702126198,-1.7454431018398298,27.587534162174528,45.29985474449133,53.557790285655976,6.896883540543632,0.1522495729720265,15.154819081708277,0.8477504270279737,0.717038006966335,0.7769347771178741,2.964492880737712
88,Full risk-envelope verifier,2.3095290270002806,11.8295686464108,5.684341886080802e-14,5.684341886080802e-14,0.0,5.684341886080802e-14,1.0,2.1541206585511525,2.420676122502631,0.13250489162003753,0.11791396698816081,18.268579317388564,-1.5528037865040738,5.655504064105557,22.328727775056507,34.289759489099275,0.9913914721619257,0.044399819020115076,12.952423186204696,0.9556001809798848,0.6222655574378619,0.7537232919468299,-0.5295146365085932
89,Full risk-envelope verifier,2.622363607999887,5.981904459285487,1.4210854715202004e-14,1.4210854715202004e-14,0.0,2.842170943040401e-14,1.0,3.0469187625340357,3.482772480378944,0.2921724127435518,0.25560831530008676,11.92026463989218,-2.0098505621295706,9.241293297419347,7.909098643782341,25.526080869572777,0.4920331755380287,0.06221103032073518,18.109015401328463,0.9377889696792648,0.2905681254455906,0.4436683502944371,1.7763568394002505e-15
90,Full risk-envelope verifier,2.276932271000078,5.414795096614672,1.4210854715202004e-14,0.0,0.0,2.842170943040401e-14,1.0,8.18789480661053e-15,9.453208419344606e-15,1.1854902807990599e-15,1.0268121978119728e-15,7.974091877811794,2.6922908347160046e-15,1.509903313490213e-14,4.48805719241121,4.48805719241122,8.659739592076221e-15,1.9295074061709478e-15,1.865174681370263e-14,0.999999999999998,0.9999999999999959,0.999999999999997,8.881784197001252e-16
91,Full risk-envelope verifier,2.5507090480000443,7.535427920575546,1.4210854715202004e-14,5.684341886080801e-13,0.0,6.821210263296962e-13,1.0,6.26266090192048,16.44278976767393,0.7864927948672054,0.2995560817629915,20.90647222070254,0.12318884803610919,90.5484067899629,22.30162551318007,41.23565776772999,0.0,0.0,18.93403225454992,1.0,0.5408335096483601,0.7020012301936319,-0.3739702417699302
92,Full risk-envelope verifier,2.3259763719997864,7.0377568342866015,1.4210854715202004e-14,1.4210854715202004e-14,0.0,2.842170943040401e-14,1.0,1.622502276327564,1.9704434028929536,0.2330473498246319,0.1918958215330751,8.455120405255464,-0.5771126915471158,6.421363843219922,5.245432579202571,10.37479911589623,2.1375697051592857,0.4075106624445922,7.266936241852944,0.5924893375554078,0.2995588482558114,0.3979278841322753,-8.881784197001252e-15
93,Full risk-envelope verifier,2.3490472090002186,7.246520377245069,3.552713678800501e-15,2.842170943040401e-14,0.0,5.684341886080802e-14,1.0,1.5945233887576953,1.776733607468115,0.21493611928582596,0.19289367176346037,8.266333333698011,-1.025214318225312,3.5532657896321123,3.077953607482154,12.646513923347877,0.252786234745054,0.08212801977604846,9.821346550610777,0.9178719802239516,0.22339495214735042,0.3593339319373405,-0.061182425637845705
94,Full risk-envelope verifier,2.42356300199981,6.704837469189008,2.842170943040401e-14,0.0,0.0,2.842170943040401e-14,1.0,1.9964500586426541,2.110413786971195,0.25711358490718306,0.24322928272870253,8.208099108155043,-1.9964500586426541,4.236647880837765,0.3593824161924508,15.971600469141233,0.0,0.0,15.612218052948782,1.0,0.022501340231169346,0.04401234374144134,0.0
95,Full risk-envelope verifier,3.4646098329999404,8.955705330728323,2.842170943040401e-14,0.0,0.0,4.263256414560601e-14,1.0,4.084432820173509,6.117036442139329,0.6069459780824046,0.40526652021793186,10.078386978468163,-0.7784632290002227,25.4507190244267,7.493340016718917,22.85854558605503,2.236892204799266,0.2985173767383275,17.60209777413538,0.7014826232616725,0.22995547954399922,0.34636713387185736,-0.06418100706755991
96,Full risk-envelope verifier,11.218130314000064,8.843234816635393,1.4210854715202004e-14,5.684341886080802e-14,0.0,1.4210854715202004e-13,1.0,1.5816418146907845,1.661040637629899,0.20359697737042717,0.19386490941799017,8.15847395714416,-1.5585300220076288,2.424884127979322,1.2119633745212266,12.748226819760927,0.0,0.0,11.536263445239701,1.0,0.0950691724940579,0.17363135568419769,1.0436096431476471e-14
97,Full risk-envelope verifier,5.868331969999872,7.676159976746637,2.842170943040401e-14,0.0,0.0,2.842170943040401e-14,1.0,0.6279042337283003,0.7012721262436549,0.09867292390846846,0.0883496496693082,7.107037051969524,-0.6106866064391994,1.1624383386264086,0.9468796274947406,5.297907095627526,0.0,0.0,4.351027468132784,1.0,0.17872711061245683,0.303254432689839,6.661338147750939e-15
98,Full risk-envelope verifier,3.0295173819999945,4.223788055123976,1.4210854715202004e-14,7.105427357601002e-15,0.0,1.0658141036401503e-14,1.0,0.6660246452086491,0.682038399841155,0.09491694781068417,0.09268836843295315,7.185633499314676,-0.6660246452086491,0.8475642971571951,0.9412833337579496,5.328197161669193,0.0,0.0,4.386913827911243,1.0,0.17666075507293516,0.3002747466698418,0.0
99,Full risk-envelope verifier,3.0763122759999533,5.3938744782336725,0.0,0.0,0.0,7.105427357601002e-15,1.0,0.6279011957289196,0.6778863805160038,0.0964161262999579,0.08930670792531853,7.03084023939157,-0.6279011957289196,1.0080433365162884,0.9908410905806138,5.130097882578371,0.0,0.0,4.139256791997758,1.0,0.1931427261739926,0.3237546052739832,0.10688831674701516
100,Full risk-envelope verifier,2.7722503300001335,6.5756161437622325,0.0,1.4210854715202004e-14,0.0,5.684341886080802e-14,1.0,1.4248416757374822,1.4686862886087604,0.19343249548779373,0.1876579655918135,7.592758832506711,-1.4248416757374822,1.8763683336813628,0.41605924079587675,11.694713576395188,0.0,0.0,11.27865433559931,1.0,0.03557669352720685,0.06870894980463786,3.3306690738754696e-15
101,Full risk-envelope verifier,2.1972864969998227,6.813207094978314,1.4210854715202004e-14,0.0,0.0,5.684341886080802e-14,1.0,8.163983773498735,12.858278686737465,0.9826517805962639,0.6239056865412405,13.085285083323395,1.3007598356804644,45.78683523952489,33.05216597413337,43.69713760955085,16.634335617462977,0.5032752053369516,27.279307252880457,0.49672479466304836,0.3757186684255941,0.42783008027607916,3.7577508482216313
102,Full risk-envelope verifier,3.1940466279997963,6.878353161463529,1.4210854715202004e-14,0.0,0.0,4.263256414560601e-14,1.0,3.9677260688079903,7.966743051817019,1.060572111407808,0.528203255321977,7.511741036865406,1.5041432317368058,27.98308218707101,8.201318108289037,10.60433455930149,7.077493805595483,0.8629702825991216,9.480510256607936,0.13702971740087846,0.10597782410663405,0.11951984039674851,0.7382504235086613
103,Full risk-envelope verifier,3.6528582790001565,8.535320988449934,2.842170943040401e-14,0.0,0.0,8.526512829121202e-14,1.0,4.792501190157735,8.887287309694393,0.961686979377095,0.5185931131309864,9.241351396325317,-1.255887326129113,45.99024291818061,0.025188761633429202,24.19355406514739,0.0,0.0,24.16836530351396,1.0,0.0010411352365015062,0.0020801048025974123,-2.1953250924235164
104,Full risk-envelope verifier,3.755564069000229,4.878201474820137,2.842170943040401e-14,0.0,0.0,2.842170943040401e-14,1.0,1.1408424738284457,1.206188307558549,0.16833592620099194,0.1592162461515325,7.1653647250460875,-1.1408424738284457,2.029217799036031,0.06547798324693321,9.126739790627566,0.0,0.0,9.061261807380632,1.0,0.007174301530342071,0.014246395126327473,0.0
105,Full risk-envelope verifier,2.6449193899998136,3.2267561549135793,1.4210854715202004e-14,0.0,0.0,2.1316282072803006e-14,1.0,1.0975198270979887,2.8633485673624857,0.4362405905745089,0.16721076260075463,6.5636912961070095,0.2814377397854646,15.332792145115935,0.6560870827349634,3.77291347926968,0.13525948939820198,0.20616087857477627,3.2520858859329183,0.7938391214252237,0.13804387410378083,0.23518967136957225,-0.37625327342711734
106,Full risk-envelope verifier,2.4833486830002585,2.9926364374969965,7.105427357601002e-15,7.105427357601002e-15,0.0,1.4210854715202004e-14,1.0,0.6745051946092241,0.7465108876991865,0.11181899263606597,0.10103334409690387,6.676065220233506,-0.4552531195384697,2.047585227223129,0.49591108869538103,4.746296049356986,0.13547418277156398,0.2731824027729707,4.385859143433169,0.7268175972270293,0.07594067082533715,0.1375134161744436,-3.774758283725532e-15
107,Full risk-envelope verifier,2.423206878000201,4.873788619474362,1.4210854715202004e-14,2.842170943040401e-14,0.0,5.684341886080802e-14,1.0,1.3278500013631174,1.8221282144602988,0.2380530921277948,0.17347780260348628,7.65429341065698,-0.4612442004450893,6.820397834481332,3.9233177667144874,9.195003343726437,1.2612105245931395,0.32146530043864324,6.53289610160509,0.6785346995613567,0.28951672366031805,0.40586096646202163,-0.023911428776017818
108,Full risk-envelope verifier,8.298635589999776,6.067174792317604,0.0,0.0,0.0,2.842170943040401e-14,1.0,1.5990102001947868,1.7006400902889753,0.21655738802044605,0.2036159645709596,7.853068906281836,-1.5321024296878272,2.5941268837950844,0.6489882597188337,12.851807513007024,0.0,0.0,12.20281925328819,1.0,0.05049781978620574,0.09614074172278227,2.220446049250313e-16
109,Full risk-envelope verifier,6.025039604000085,5.669893165897591,5.684341886080802e-14,0.0,0.0,8.526512829121202e-14,1.0,4.267483698375608,7.659582881726137,0.8719196474365352,0.48578400928410503,8.784734813862144,0.48601235822011524,25.014629725983653,9.17134264370841,17.22624864385101,6.485345984585466,0.7071315767527722,14.540251984728068,0.2928684232472279,0.1559246423673168,0.20350316283507225,4.884981308350689e-15
110,Full risk-envelope verifier,2.9939190869999948,4.715991396014898,1.4210854715202004e-14,2.842170943040401e-14,0.0,2.842170943040401e-14,1.0,0.9591124556818689,1.0312651065337903,0.13243149027145107,0.12316589695425631,7.787159265669801,-0.9591124556818689,1.7810252917762792,1.7725378763879618,7.763465514273809,0.0,0.0,5.990927637885847,1.0,0.2283178656656613,0.37175697276360825,-4.6629367034256575e-15
111,Full risk-envelope verifier,3.0159260699997503,6.473338464889345,0.0,2.842170943040401e-14,0.0,2.842170943040401e-14,1.0,2.5335711415774584,3.0997217100734415,0.3272572534877144,0.26748515217152435,9.471819729092143,-1.8296716289406532,10.197311943682884,3.1488839563912094,19.440267138587984,0.039232907615392776,0.012459305632956955,16.330616089812168,0.9875406943670431,0.15995927559057616,0.2753225241356668,4.440892098500626e-15
112,Full risk-envelope verifier,2.750230057999943,7.448145194051911,0.0,2.842170943040401e-14,0.0,2.842170943040401e-14,1.0,2.561819327555023,2.6961374551140076,0.2781048880338234,0.26425005739273333,9.694678414951486,-2.561819327555023,4.247343467292893,3.129029003488009,20.642007493191354,0.0,0.0,17.512978489703343,1.0,0.15158549886778702,0.2632639938881177,0.0
113,Full risk-envelope verifier,2.467341698000382,3.6524841730956736,1.4210854715202004e-14,0.0,0.0,4.263256414560601e-14,1.0,1.592274174268768,3.050777201405085,0.32553263875823935,0.1699033326122865,9.371647688054964,-0.21769027220096482,15.44040538240325,9.181577095890182,10.708960219353045,3.8601013456008126,0.4204181161130428,5.3874844690636765,0.5795818838869573,0.49691806125794474,0.5350761184526902,-8.881784197001252e-16
114,Full risk-envelope verifier,2.458350010999766,6.698161677646603,1.4210854715202004e-14,7.993605777301127e-15,1.4210854715202004e-14,5.684341886080802e-14,1.0,8.932428763258699,11.838985308779964,0.8029023196279713,0.6057839913538248,14.745237396082771,-2.974070239302847,41.36963897260936,7.402539737521779,49.934349160388656,1.561809290994713,0.2109828986230576,44.093618713861595,0.7890171013769425,0.11696819012833623,0.20373377624051467,-0.8160716899470484
