day,intervention,participating_destinations,dr_price_per_mwh,method,paid_response_mwh,contract_capped_response_mwh,meter_capped_response_mwh,meter_capped_false_response_mwh,meter_capped_underpayment_mwh,oracle_matched_response_mwh,oracle_response_mwh,false_response_mwh,false_response_ratio,underestimation_mwh,credit_precision,credit_recall,credit_f1,net_system_response_mwh
61,Single-site tariff 150,0,150.0,Feasible Quantile Projection,16.020401898647997,16.020401898647997,16.020401898647997,0.0,37.564321873808005,16.020401898647997,53.584723772456,0.0,0.0,37.564321873808005,1.0,0.29897330378481707,0.4603224760873821,-0.045411024496321284
61,Single-site tariff 150,0,150.0,Single Feasible Projection,35.7703469639136,35.7703469639136,35.7703469639136,0.9517655285956188,18.766142337138014,34.81858143531798,53.584723772456,0.9517655285956188,0.026607668344838638,18.766142337138014,0.9733923316551613,0.6497855915647301,0.7793308459918438,10.092657770921011
61,Single-site tariff 150,0,150.0,Tail-Risk Feasible Counterfactual,37.1349132992667,37.1349132992667,37.1349132992667,1.4248213353332653,17.87463180852256,35.710091963933436,53.584723772456,1.4248213353332653,0.03836878044795115,17.87463180852256,0.9616312195520489,0.6664229924105607,0.787262672484043,11.104573995118546
61,Single-site tariff 150,0,150.0,Risk-Constrained Convex Verifier,37.247590042418004,37.247590042418004,37.247590042418004,1.4682559221808351,17.80538965221883,35.779334120237166,53.584723772456,1.4682559221808351,0.039418816640452915,17.80538965221883,0.960581183359547,0.6677151919672434,0.7878106946204032,11.183340017753347
62,Single-site tariff 150,0,150.0,Feasible Quantile Projection,23.45645774600323,23.45645774600323,23.45645774600323,0.0,91.93064423607171,23.45645774600323,115.38710198207494,0.0,0.0,91.93064423607171,1.0,0.2032849195714017,0.3378832664898847,0.0
62,Single-site tariff 150,0,150.0,Single Feasible Projection,101.91057434420364,101.91057434420364,101.91057434420364,1.5984848199497215,15.075012457821028,100.3120895242539,115.38710198207494,1.5984848199497215,0.015685171340030217,15.075012457821028,0.9843148286599697,0.8693527075481722,0.9232688652743114,15.435972673309372
62,Single-site tariff 150,0,150.0,Tail-Risk Feasible Counterfactual,89.01886221932672,89.01886221932672,89.01886221932672,0.0,26.368239762748225,89.01886221932672,115.38710198207494,0.0,0.0,26.368239762748225,1.0,0.77148018010848,0.8710006341264703,11.168546913980048
62,Single-site tariff 150,0,150.0,Risk-Constrained Convex Verifier,88.45898933181311,88.45898933181311,88.45898933181311,0.0,26.92811265026183,88.45898933181311,115.38710198207494,0.0,0.0,26.92811265026183,1.0,0.7666280529825159,0.8678997842112305,11.073789806481653
63,Single-site tariff 150,0,150.0,Feasible Quantile Projection,19.36625668432212,19.36625668432212,19.36625668432212,0.0,101.390631191604,19.36625668432212,120.75688787592611,0.0,0.0,101.390631191604,1.0,0.16037393000903052,0.2764176716858546,0.022705512248158755
63,Single-site tariff 150,0,150.0,Single Feasible Projection,89.74234151296133,89.74234151296133,89.74234151296133,15.213838463176057,46.228384826140854,74.52850304978529,120.75688787592611,15.213838463176057,0.1695279865299564,46.228384826140854,0.8304720134700437,0.6171780704249431,0.7081118849332922,35.31107059783269
63,Single-site tariff 150,0,150.0,Tail-Risk Feasible Counterfactual,78.23551539760012,78.23551539760012,78.23551539760012,0.48989158169960767,43.011264060025624,77.74562381590052,120.75688787592611,0.48989158169960767,0.006261754386226426,43.011264060025624,0.9937382456137736,0.643819372819393,0.7813928827125605,26.63532518097387
63,Single-site tariff 150,0,150.0,Risk-Constrained Convex Verifier,77.84909777118483,77.84909777118483,77.84909777118483,0.3670962217222229,43.274886326463516,77.48200154946261,120.75688787592611,0.3670962217222229,0.004715484600748969,43.274886326463516,0.995284515399251,0.6416362901723082,0.7802584730465773,26.401568542010473
64,Single-site tariff 150,0,150.0,Feasible Quantile Projection,23.680251825270602,23.680251825270602,23.680251825270602,0.0,121.09205966463807,23.680251825270602,144.77231148990867,0.0,0.0,121.09205966463807,1.0,0.16356892821263844,0.28115038868199604,1.7763568394002505e-15
64,Single-site tariff 150,0,150.0,Single Feasible Projection,90.89557099318793,90.89557099318793,90.89557099318793,0.9885390438629074,54.86527954058367,89.90703194932502,144.77231148990867,0.9885390438629074,0.010875546883763923,54.86527954058367,0.989124453116236,0.6210236682971797,0.7629977492225624,11.402538516243686
64,Single-site tariff 150,0,150.0,Tail-Risk Feasible Counterfactual,90.5166314206192,90.5166314206192,90.5166314206192,0.0,54.255680069289475,90.5166314206192,144.77231148990867,0.0,0.0,54.255680069289475,1.0,0.6252344145719373,0.769408288387266,12.254478254729612
64,Single-site tariff 150,0,150.0,Risk-Constrained Convex Verifier,90.52422659750965,90.52422659750965,90.52422659750965,0.0,54.24808489239905,90.52422659750965,144.77231148990867,0.0,0.0,54.24808489239905,1.0,0.62528687748292,0.7694480108659969,12.3283965163496
65,Single-site tariff 150,0,150.0,Feasible Quantile Projection,6.535229854904966,6.535229854904966,6.535229854904966,0.0,22.450279177008163,6.535229854904966,28.98550903191313,0.0,0.0,22.450279177008163,1.0,0.22546541610532556,0.367966999545171,-6.661338147750939e-16
65,Single-site tariff 150,0,150.0,Single Feasible Projection,9.361112462333875,9.361112462333875,9.361112462333875,0.28461992045854223,19.9090164900378,9.076492541875332,28.98550903191313,0.28461992045854223,0.03040449750003131,19.9090164900378,0.9695955024999686,0.3131389734050241,0.4733920323717198,0.3709213549045278
65,Single-site tariff 150,0,150.0,Tail-Risk Feasible Counterfactual,10.907500117654198,10.907500117654198,10.907500117654198,0.07801651930247333,18.156025433561403,10.829483598351725,28.98550903191313,0.07801651930247333,0.007152557273522341,18.156025433561403,0.9928474427264777,0.3736171611279427,0.5429263838057291,0.7890267095350294
65,Single-site tariff 150,0,150.0,Risk-Constrained Convex Verifier,10.9971256142349,10.9971256142349,10.9971256142349,0.07307955020269041,18.06146296788092,10.92404606403221,28.98550903191313,0.07307955020269041,0.006645331950022902,18.06146296788092,0.9933546680499771,0.37687956599295197,0.5464395310970156,0.8115802955425071
66,Single-site tariff 150,0,150.0,Feasible Quantile Projection,2.862349789072658,2.862349789072658,2.862349789072658,0.28607046714160234,29.217896877056358,2.5762793219310556,31.794176198987415,0.28607046714160234,0.09994252562482353,29.217896877056358,0.9000574743751765,0.08102991270499109,0.14867498968700094,0.09051120954598146
66,Single-site tariff 150,0,150.0,Single Feasible Projection,12.515950531259511,12.515950531259511,12.515950531259511,0.23529522178690554,19.513520889514805,12.280655309472607,31.794176198987415,0.23529522178690554,0.01879962861783756,19.513520889514805,0.9812003713821625,0.3862548673257879,0.5543046800220321,7.572979390595421
66,Single-site tariff 150,0,150.0,Tail-Risk Feasible Counterfactual,13.659699407342014,13.659699407342014,13.659699407342014,0.11509474500485428,18.24957153665025,13.54460466233716,31.794176198987415,0.11509474500485428,0.008425862207699203,18.24957153665025,0.9915741377923009,0.4260089828265005,0.5959713877709949,7.990752802319659
66,Single-site tariff 150,0,150.0,Risk-Constrained Convex Verifier,13.721406988033365,13.721406988033365,13.721406988033365,0.10861123554849494,18.181380446502544,13.612795752484871,31.794176198987415,0.10861123554849494,0.007915459081070648,18.181380446502544,0.9920845409189294,0.42815374951964985,0.5981597861352546,8.013297821553632
67,Single-site tariff 150,0,150.0,Feasible Quantile Projection,2.7641398111681283,2.7641398111681283,2.7641398111681283,0.059379428530999645,19.83691829252372,2.704760382637129,22.541678675160853,0.059379428530999645,0.021482064073273428,19.83691829252372,0.9785179359267266,0.1199893061033454,0.21376588819668707,0.4966444311789091
67,Single-site tariff 150,0,150.0,Single Feasible Projection,2.9080644423676256,2.9080644423676256,2.9080644423676256,0.855429115738523,20.48904334853175,2.052635326629103,22.541678675160853,0.855429115738523,0.2941575514200325,20.48904334853175,0.7058424485799676,0.09105955932602947,0.16130892301347852,2.266567945830377
67,Single-site tariff 150,0,150.0,Tail-Risk Feasible Counterfactual,3.8389329258334524,3.8389329258334524,3.8389329258334524,0.5406329420628326,19.243378691390227,3.2982999837706197,22.541678675160853,0.5406329420628326,0.14082896276325496,19.243378691390227,0.859171037236745,0.14632006920607404,0.2500548534398879,2.575292929052959
67,Single-site tariff 150,0,150.0,Risk-Constrained Convex Verifier,3.890973464052389,3.890973464052389,3.890973464052389,0.5254796937807344,19.176184904889194,3.3654937702716543,22.541678675160853,0.5254796937807344,0.13505095797632488,19.176184904889194,0.8649490420236751,0.14930093799891497,0.254646696256324,2.5919492910140116
68,Single-site tariff 150,0,150.0,Feasible Quantile Projection,8.200979116789167,8.200979116789167,8.200979116789167,0.0,38.731575662011984,8.200979116789167,46.93255477880115,0.0,0.0,38.731575662011984,1.0,0.1747396696267949,0.297495137254211,-0.020630979146695205
68,Single-site tariff 150,0,150.0,Single Feasible Projection,29.957557613267177,29.957557613267177,29.957557613267177,0.2109828174185282,17.185979982952507,29.74657479584865,46.93255477880115,0.2109828174185282,0.007042724248157371,17.185979982952507,0.9929572757518427,0.6338153747659356,0.7737425234643613,4.387532227495162
68,Single-site tariff 150,0,150.0,Tail-Risk Feasible Counterfactual,29.55561280770489,29.55561280770489,29.55561280770489,0.1303751816253318,17.507317152721598,29.425237626079557,46.93255477880115,0.1303751816253318,0.004411181810831685,17.507317152721598,0.9955888181891683,0.6269685885365561,0.7694062638590581,2.853652437506878
68,Single-site tariff 150,0,150.0,Risk-Constrained Convex Verifier,29.560594017749967,29.560594017749967,29.560594017749967,0.12603200435614603,17.497992765407336,29.434562013393823,46.93255477880115,0.12603200435614603,0.004263513929404422,17.497992765407336,0.9957364860705956,0.6271672648574641,0.7695999570283333,2.7975528004791004
69,Single-site tariff 150,0,150.0,Feasible Quantile Projection,23.362968007223465,23.362968007223465,23.362968007223465,0.0,93.40548498923214,23.362968007223465,116.7684529964556,0.0,0.0,93.40548498923214,1.0,0.20007945132177635,0.333443675085691,0.0
69,Single-site tariff 150,0,150.0,Single Feasible Projection,86.27140584879709,86.27140584879709,86.27140584879709,0.0,30.49704714765852,86.27140584879709,116.7684529964556,0.0,0.0,30.49704714765852,1.0,0.7388246023214488,0.8497977327156147,10.78965527892121
69,Single-site tariff 150,0,150.0,Tail-Risk Feasible Counterfactual,82.73516629884669,82.73516629884669,82.73516629884669,0.0,34.0332866976089,82.73516629884669,116.7684529964556,0.0,0.0,34.0332866976089,1.0,0.7085403991894801,0.8294101790342292,6.037913026117023
69,Single-site tariff 150,0,150.0,Risk-Constrained Convex Verifier,82.63698476521435,82.63698476521435,82.63698476521435,0.0,34.131468231241236,82.63698476521435,116.7684529964556,0.0,0.0,34.131468231241236,1.0,0.7076995767660185,0.8288338140906906,5.874100712362587
70,Single-site tariff 150,0,150.0,Feasible Quantile Projection,16.844632567063037,16.844632567063037,16.844632567063037,0.0,86.64246275392446,16.844632567063037,103.48709532098749,0.0,0.0,86.64246275392446,1.0,0.16277036779142157,0.2799699275112924,2.6645352591003757e-15
70,Single-site tariff 150,0,150.0,Single Feasible Projection,77.87674190933436,77.87674190933436,77.87674190933436,0.9482891474363857,26.558642559089527,76.92845276189797,103.48709532098749,0.9482891474363857,0.012176795333071365,26.558642559089527,0.9878232046669286,0.7433627596106338,0.8483328753593052,26.695897994305295
70,Single-site tariff 150,0,150.0,Tail-Risk Feasible Counterfactual,72.84014444078616,72.84014444078616,72.84014444078616,0.31639038287439014,30.963341263075723,72.52375405791177,103.48709532098749,0.31639038287439014,0.004343626516715558,30.963341263075723,0.9956563734832845,0.7007999773591456,0.8226040872175479,20.6235854678759
70,Single-site tariff 150,0,150.0,Risk-Constrained Convex Verifier,72.72472538004007,72.72472538004007,72.72472538004007,0.3114651692038777,31.073835110151308,72.4132602108362,103.48709532098749,0.3114651692038777,0.004282796085873732,31.073835110151308,0.9957172039141263,0.6997322708327148,0.821888791827391,20.452254905008154
71,Single-site tariff 150,0,150.0,Feasible Quantile Projection,23.594474419904266,23.594474419904266,23.594474419904266,0.0,138.9426411990592,23.594474419904266,162.53711561896347,0.0,0.0,138.9426411990592,1.0,0.14516360973955575,0.2535246640828384,-3.552713678800501e-15
71,Single-site tariff 150,0,150.0,Single Feasible Projection,116.24370141610004,116.24370141610004,116.24370141610004,10.350095936686783,56.64351013955023,105.89360547941325,162.53711561896347,10.350095936686783,0.08903790752187171,56.64351013955023,0.9109620924781283,0.6515041507667709,0.75969076068885,30.04384737060463
71,Single-site tariff 150,0,150.0,Tail-Risk Feasible Counterfactual,112.20662148231065,112.20662148231065,112.20662148231065,4.2745247367914345,54.60501887344428,107.9320967455192,162.53711561896347,4.2745247367914345,0.03809512023731427,54.60501887344428,0.9619048797626856,0.6640458478329647,0.7856928633516695,24.19135177808773
71,Single-site tariff 150,0,150.0,Risk-Constrained Convex Verifier,112.09614885396925,112.09614885396925,112.09614885396925,4.054008236818058,54.49497500181228,108.0421406171512,162.53711561896347,4.054008236818058,0.03616545508712638,54.49497500181228,0.9638345449128737,0.6647228862510081,0.7868103000887542,23.982876036108667
72,Single-site tariff 150,0,150.0,Feasible Quantile Projection,15.605712841041811,15.605712841041811,15.605712841041811,0.0,69.91161894972029,15.605712841041811,85.51733179076211,0.0,0.0,69.91161894972029,1.0,0.18248596529209762,0.30864800200316955,0.0
72,Single-site tariff 150,0,150.0,Single Feasible Projection,77.13879284946987,77.13879284946987,77.13879284946987,4.866311355606473,13.24485029689872,72.2724814938634,85.51733179076211,4.866311355606473,0.06308513752740061,13.24485029689872,0.9369148624725995,0.845120865916335,0.8886536753991646,21.299345179206718
72,Single-site tariff 150,0,150.0,Tail-Risk Feasible Counterfactual,69.34002688298148,69.34002688298148,69.34002688298148,0.8405653889569766,17.0178702967376,68.4994614940245,85.51733179076211,0.8405653889569766,0.01212236895113292,17.0178702967376,0.987877631048867,0.801000920627695,0.8846781590578521,12.26084475411101
72,Single-site tariff 150,0,150.0,Risk-Constrained Convex Verifier,69.09585907225375,69.09585907225375,69.09585907225375,0.6893506846134017,17.110823403121778,68.40650838764034,85.51733179076211,0.6893506846134017,0.009976729341950081,17.110823403121778,0.99002327065805,0.7999139701296183,0.8848728624745494,11.948866292147775
73,Single-site tariff 150,0,150.0,Feasible Quantile Projection,16.411545695555915,16.411545695555915,16.411545695555915,0.0,101.78419149973288,16.411545695555915,118.19573719528881,0.0,0.0,101.78419149973288,1.0,0.13885057181410826,0.24384335443223099,0.0
73,Single-site tariff 150,0,150.0,Single Feasible Projection,69.52182918723932,69.52182918723932,69.52182918723932,0.6568468084291519,49.33075481647863,68.86498237881017,118.19573719528881,0.6568468084291519,0.009448065681069791,49.33075481647863,0.9905519343189302,0.5826350764666585,0.7337084504758399,14.717202197485252
73,Single-site tariff 150,0,150.0,Tail-Risk Feasible Counterfactual,72.89313660390232,72.89313660390232,72.89313660390232,1.2884660448692458,46.59106663625572,71.60467055903308,118.19573719528881,1.2884660448692458,0.017676095513226523,46.59106663625572,0.9823239044867735,0.6058143234110408,0.7494384066994924,16.639875419437335
73,Single-site tariff 150,0,150.0,Risk-Constrained Convex Verifier,73.19327336225278,73.19327336225278,73.19327336225278,1.3420794522707968,46.34454328530681,71.85119390998199,118.19573719528881,1.3420794522707968,0.018336103724019722,46.34454328530681,0.9816638962759803,0.6079000445783075,0.7508392848750293,16.84879675343747
74,Single-site tariff 150,0,150.0,Feasible Quantile Projection,11.73741392889694,11.73741392889694,11.73741392889694,0.020703375703759574,81.76907555455506,11.716710553193181,93.48578610774824,0.020703375703759574,0.0017638788091803488,81.76907555455506,0.9982361211908197,0.12533146525279187,0.22270203812681433,0.02270551224815809
74,Single-site tariff 150,0,150.0,Single Feasible Projection,56.03896587675528,56.03896587675528,56.03896587675528,1.3798357644163943,38.82665599540936,54.659130112338886,93.48578610774824,1.3798357644163943,0.024622791352913675,38.82665599540936,0.9753772086470863,0.5846785098361457,0.7311047754555534,16.192149231213754
74,Single-site tariff 150,0,150.0,Tail-Risk Feasible Counterfactual,55.97821014485071,55.97821014485071,55.97821014485071,0.2908355505744882,37.79841151347202,55.68737459427622,93.48578610774824,0.2908355505744882,0.005195513572547502,37.79841151347202,0.9948044864274525,0.5956774490840032,0.7451610553776813,15.089431212408696
74,Single-site tariff 150,0,150.0,Risk-Constrained Convex Verifier,56.09019684506958,56.09019684506958,56.09019684506958,0.263343407508279,37.65893267018695,55.8268534375613,93.48578610774824,0.263343407508279,0.0046949988112125396,37.65893267018695,0.9953050011887874,0.5971694282296278,0.7464681472983707,15.141941810583344
75,Single-site tariff 150,0,150.0,Feasible Quantile Projection,21.011692782198104,21.011692782198104,21.011692782198104,0.0,113.86059961834965,21.011692782198104,134.87229240054776,0.0,0.0,113.86059961834965,1.0,0.15578954289437708,0.2695811600860176,0.07359513417132568
75,Single-site tariff 150,0,150.0,Single Feasible Projection,86.22371388251398,86.22371388251398,86.22371388251398,0.23881820513882346,48.8873967231726,85.98489567737516,134.87229240054776,0.23881820513882346,0.0027697508537411234,48.8873967231726,0.997230249146259,0.6375282435477159,0.7778059597086671,11.173268910542394
75,Single-site tariff 150,0,150.0,Tail-Risk Feasible Counterfactual,88.46435576737227,88.46435576737227,88.46435576737227,0.6980090144504727,47.105945647625965,87.76634675292179,134.87229240054776,0.6980090144504727,0.007890285396820974,47.105945647625965,0.992109714603179,0.6507366723794585,0.7859556187745144,14.108451623515744
75,Single-site tariff 150,0,150.0,Risk-Constrained Convex Verifier,88.6870884813475,88.6870884813475,88.6870884813475,0.772348357392258,46.957552276592516,87.91474012395526,134.87229240054776,0.772348357392258,0.008708689963981588,46.957552276592516,0.9912913100360186,0.6518369233531186,0.7865001215976701,14.321434823325063
76,Single-site tariff 150,0,150.0,Feasible Quantile Projection,13.90624394105851,13.90624394105851,13.90624394105851,0.0,88.86034618999815,13.90624394105851,102.76659013105666,0.0,0.0,88.86034618999815,1.0,0.1353187249214369,0.23838015167203525,-2.220446049250313e-16
76,Single-site tariff 150,0,150.0,Single Feasible Projection,66.22023203421034,66.22023203421034,66.22023203421034,0.21865047414768557,36.765008570994,66.00158156006265,102.76659013105666,0.21865047414768557,0.0033018681365345796,36.765008570994,0.9966981318634653,0.6422474607349707,0.7811447154798132,23.792910590329598
76,Single-site tariff 150,0,150.0,Tail-Risk Feasible Counterfactual,67.7217093738965,67.7217093738965,67.7217093738965,1.667930230068523,36.71281098722868,66.05377914382798,102.76659013105666,1.667930230068523,0.024629180885847972,36.71281098722868,0.975370819114152,0.6427553844064555,0.7748775644502095,22.990608118679432
76,Single-site tariff 150,0,150.0,Risk-Constrained Convex Verifier,67.91311919797933,67.91311919797933,67.91311919797933,1.7595880259291756,36.61305895900651,66.15353117205015,102.76659013105666,1.7595880259291756,0.02590939787053,36.61305895900651,0.97409060212947,0.6437260503407339,0.775177452927571,23.054171603150543
77,Single-site tariff 150,0,150.0,Feasible Quantile Projection,1.568154165834133,1.568154165834133,1.568154165834133,0.20218009352240585,14.335175197556232,1.365974072311727,15.701149269867958,0.20218009352240585,0.12892870989815097,14.335175197556232,0.871071290101849,0.08699834953694537,0.15819677700349502,0.01116096453254145
77,Single-site tariff 150,0,150.0,Single Feasible Projection,1.070678566172674,1.070678566172674,1.070678566172674,0.5402871531620013,15.170757856857284,0.5303914130106728,15.701149269867958,0.5402871531620013,0.5046212469661658,15.170757856857284,0.4953787530338342,0.03378041975745978,0.06324789619780448,1.7763568394002505e-15
77,Single-site tariff 150,0,150.0,Tail-Risk Feasible Counterfactual,1.5439848489864618,1.5439848489864618,1.5439848489864618,0.34952378547145035,14.506688206352946,1.1944610635150115,15.701149269867958,0.34952378547145035,0.22637773013180332,14.506688206352946,0.7736222698681967,0.07607475370018289,0.13852731504234406,-6.661338147750939e-16
77,Single-site tariff 150,0,150.0,Risk-Constrained Convex Verifier,1.5695157121396797,1.5695157121396797,1.5695157121396797,0.339234539103201,14.47086809683148,1.2302811730364787,15.701149269867958,0.339234539103201,0.216139626051103,14.47086809683148,0.783860373948897,0.07835612233796851,0.1424706199000641,-1.1102230246251565e-15
78,Single-site tariff 150,0,150.0,Feasible Quantile Projection,5.117663514141837,5.117663514141837,5.117663514141837,0.0,33.091878017110695,5.117663514141837,38.20954153125253,0.0,0.0,33.091878017110695,1.0,0.13393679455577798,0.2362332630863222,-0.05026047763983854
78,Single-site tariff 150,0,150.0,Single Feasible Projection,14.470527203453567,14.470527203453567,14.470527203453567,0.31808363266053474,24.0570979604595,14.152443570793036,38.20954153125253,0.31808363266053474,0.021981481959041562,24.0570979604595,0.9780185180409586,0.3703903005278773,0.5372978399881729,2.9855896074888797
78,Single-site tariff 150,0,150.0,Tail-Risk Feasible Counterfactual,16.729642924740244,16.729642924740244,16.729642924740244,0.02743980763517917,21.50733841414747,16.702203117105064,38.20954153125253,0.02743980763517917,0.0016401908730879395,21.50733841414747,0.998359809126912,0.43712126468316603,0.6080251566341984,3.774075291089832
78,Single-site tariff 150,0,150.0,Risk-Constrained Convex Verifier,16.88266195186112,16.88266195186112,16.88266195186112,0.023800300702089494,21.3506798800935,16.85886165115903,38.20954153125253,0.023800300702089494,0.0014097481054796447,21.3506798800935,0.9985902518945204,0.4412212493408158,0.6120235018853967,3.8439007250060455
79,Single-site tariff 150,0,150.0,Feasible Quantile Projection,17.373144359388295,17.373144359388295,17.373144359388295,0.0,75.62754662180325,17.373144359388295,93.00069098119155,0.0,0.0,75.62754662180325,1.0,0.18680661590892736,0.31480548457485585,0.0
79,Single-site tariff 150,0,150.0,Single Feasible Projection,68.94555812528108,68.94555812528108,68.94555812528108,0.8937966559552182,24.948929511865696,68.05176146932587,93.00069098119155,0.8937966559552182,0.012963803329158622,24.948929511865696,0.9870361966708414,0.7317339339240893,0.8404240523605433,14.068107788778372
79,Single-site tariff 150,0,150.0,Tail-Risk Feasible Counterfactual,70.26341668752164,70.26341668752164,70.26341668752164,0.0,22.737274293669905,70.26341668752164,93.00069098119155,0.0,0.0,22.737274293669905,1.0,0.7555149961383804,0.8607331726590686,12.400913526594112
79,Single-site tariff 150,0,150.0,Risk-Constrained Convex Verifier,70.39291604429494,70.39291604429494,70.39291604429494,0.0,22.607774936896615,70.39291604429494,93.00069098119155,0.0,0.0,22.607774936896615,1.0,0.7569074519944287,0.8616361108095851,12.36621305606087
80,Single-site tariff 150,0,150.0,Feasible Quantile Projection,13.367499044579617,13.367499044579617,13.367499044579617,0.03076627362448492,80.62276477495536,13.33673277095513,93.9594975459105,0.03076627362448492,0.00230157290618699,80.62276477495536,0.9976984270938128,0.14194129512493972,0.24852522095334312,1.9984014443252818e-15
80,Single-site tariff 150,0,150.0,Single Feasible Projection,62.88478827537822,62.88478827537822,62.88478827537822,4.173658328413691,35.24836759894596,58.71112994696454,93.9594975459105,4.173658328413691,0.0663699193855414,35.24836759894596,0.9336300806144587,0.624855724864611,0.7486550069648197,19.62247613710844
80,Single-site tariff 150,0,150.0,Tail-Risk Feasible Counterfactual,65.12344288184647,65.12344288184647,65.12344288184647,0.31039810700643833,29.146452771070468,64.81304477484004,93.9594975459105,0.31039810700643833,0.004766303703715326,29.146452771070468,0.9952336962962848,0.6897976944073279,0.8148333768607082,19.842433153600197
80,Single-site tariff 150,0,150.0,Risk-Constrained Convex Verifier,65.34008048301908,65.34008048301908,65.34008048301908,0.24216804949941984,28.861585112390845,65.09791243351967,93.9594975459105,0.24216804949941984,0.00370627106225184,28.861585112390845,0.9962937289377483,0.6928295077537161,0.817301756087484,19.947134647258615
81,Single-site tariff 150,0,150.0,Feasible Quantile Projection,24.627699753331616,24.627699753331616,24.627699753331616,0.0,138.14498050568517,24.627699753331616,162.77268025901674,0.0,0.0,138.14498050568517,1.0,0.15130118711654852,0.26283511006443877,1.7763568394002505e-15
81,Single-site tariff 150,0,150.0,Single Feasible Projection,130.2132998953769,130.2132998953769,130.2132998953769,12.018783832094881,44.578164195734715,118.19451606328204,162.77268025901674,12.018783832094881,0.09230073918525734,44.578164195734715,0.9076992608147427,0.726132394423939,0.8068271116658725,42.433697415724446
81,Single-site tariff 150,0,150.0,Tail-Risk Feasible Counterfactual,115.59966719745027,115.59966719745027,115.59966719745027,1.7572087840028914,48.93022184556938,113.84245841344737,162.77268025901674,1.7572087840028914,0.015200811789548555,48.93022184556938,0.9847991882104514,0.699395366791849,0.8179149937387407,32.19954485785965
81,Single-site tariff 150,0,150.0,Risk-Constrained Convex Verifier,115.09675855904938,115.09675855904938,115.09675855904938,1.6046992645326306,49.28062096450001,113.49205929451675,162.77268025901674,1.6046992645326306,0.013942175997157677,49.28062096450001,0.9860578240028424,0.6972426768049725,0.8168732752854136,31.932780438579986
82,Single-site tariff 150,0,150.0,Feasible Quantile Projection,13.46144854512757,13.46144854512757,13.46144854512757,0.0,109.06808972773972,13.46144854512757,122.5295382728673,0.0,0.0,109.06808972773972,1.0,0.10986288477762465,0.19797559912031315,-2.6645352591003757e-15
82,Single-site tariff 150,0,150.0,Single Feasible Projection,103.82835484878436,103.82835484878436,103.82835484878436,14.359007591782406,33.06019101586534,89.46934725700194,122.5295382728673,14.359007591782406,0.13829562851780583,33.06019101586534,0.861704371482194,0.7301859495932979,0.7905122814420117,52.62157502013926
82,Single-site tariff 150,0,150.0,Tail-Risk Feasible Counterfactual,93.39019778598853,93.39019778598853,93.39019778598853,3.049100702392696,32.18844118927145,90.34109708359583,122.5295382728673,3.049100702392696,0.03264904427528857,32.18844118927145,0.9673509557247113,0.737300559171378,0.8368025890784756,40.928412047653
82,Single-site tariff 150,0,150.0,Risk-Constrained Convex Verifier,93.13740417915434,93.13740417915434,93.13740417915434,2.63101205848856,32.023146152201505,90.50639212066578,122.5295382728673,2.63101205848856,0.028248715772963565,32.023146152201505,0.9717512842270364,0.7386495811247772,0.8393163188725624,40.60787525738512
83,Single-site tariff 150,0,150.0,Feasible Quantile Projection,5.620760552463307,5.620760552463307,5.620760552463307,0.0,47.4469662699407,5.620760552463307,53.06772682240401,0.0,0.0,47.4469662699407,1.0,0.10591673864745883,0.19154559280293645,0.07398155485083535
83,Single-site tariff 150,0,150.0,Single Feasible Projection,35.55977174227974,35.55977174227974,35.55977174227974,0.4502221398558619,17.95817721998013,35.10954960242388,53.06772682240401,0.4502221398558619,0.012660996339314468,17.95817721998013,0.9873390036606856,0.6615988983270603,0.7922947205104651,27.30046834279374
83,Single-site tariff 150,0,150.0,Tail-Risk Feasible Counterfactual,28.277427918980216,28.277427918980216,28.277427918980216,0.024187152857356065,24.814486056281154,28.253240766122858,53.06772682240401,0.024187152857356065,0.0008553519410130403,24.814486056281154,0.9991446480589868,0.5323996797653479,0.694650857963125,18.990368385162004
83,Single-site tariff 150,0,150.0,Risk-Constrained Convex Verifier,28.083557477795758,28.083557477795758,28.083557477795758,0.01780602154484301,25.001975366153097,28.065751456250915,53.06772682240401,0.01780602154484301,0.0006340372496939294,25.001975366153097,0.9993659627503061,0.528866660337186,0.6916896435656736,18.72937661543418
84,Single-site tariff 150,0,150.0,Feasible Quantile Projection,5.97132971808755,5.97132971808755,5.97132971808755,0.0,16.268082879907695,5.97132971808755,22.239412597995248,0.0,0.0,16.268082879907695,1.0,0.26850213294868364,0.4233372983371179,3.552713678800501e-15
84,Single-site tariff 150,0,150.0,Single Feasible Projection,3.537862756467952,3.537862756467952,3.537862756467952,0.2563433204133583,18.957893161940653,3.2815194360545936,22.239412597995248,0.2563433204133583,0.072457112686101,18.957893161940653,0.927542887313899,0.14755423155152952,0.254605608306575,0.0
84,Single-site tariff 150,0,150.0,Tail-Risk Feasible Counterfactual,5.706123656149816,5.706123656149816,5.706123656149816,0.05204384424251107,16.585332786087942,5.654079811907305,22.239412597995248,0.05204384424251107,0.009120700387630128,16.585332786087942,0.9908792996123699,0.25423692226551825,0.4046499419790991,0.843635042872751
84,Single-site tariff 150,0,150.0,Risk-Constrained Convex Verifier,5.830758238089228,5.830758238089228,5.830758238089228,0.048701648272523546,16.457356008178547,5.782056589816705,22.239412597995248,0.048701648272523546,0.00835254117627133,16.457356008178547,0.9916474588237287,0.25999142577794176,0.4119715995731537,0.889140906819589
85,Single-site tariff 150,0,150.0,Feasible Quantile Projection,14.675239379313943,14.675239379313943,14.675239379313943,0.0,74.82716961157391,14.675239379313943,89.50240899088786,0.0,0.0,74.82716961157391,1.0,0.16396474178486092,0.2817348943636078,8.881784197001252e-16
85,Single-site tariff 150,0,150.0,Single Feasible Projection,61.34503317913392,61.34503317913392,61.34503317913392,3.4693442583017813,31.62672007005571,57.87568892083214,89.50240899088786,3.4693442583017813,0.056554607251917736,31.62672007005571,0.9434453927480823,0.6466383371505051,0.767340673308863,10.395490586121177
85,Single-site tariff 150,0,150.0,Tail-Risk Feasible Counterfactual,59.50539772895495,59.50539772895495,59.50539772895495,0.08105931846697878,30.07807058039988,59.42433841048798,89.50240899088786,0.08105931846697878,0.0013622179089735893,30.07807058039988,0.9986377820910266,0.6639412176775924,0.7976003367691293,6.990741959028661
85,Single-site tariff 150,0,150.0,Risk-Constrained Convex Verifier,59.495576136937366,59.495576136937366,59.495576136937366,0.0,30.006832853950492,59.495576136937366,89.50240899088786,0.0,0.0,30.006832853950492,1.0,0.6647371485050704,0.798609136706059,6.893298587489985
86,Single-site tariff 150,0,150.0,Feasible Quantile Projection,12.631917895674047,12.631917895674047,12.631917895674047,0.030525896884895598,87.74765231106858,12.60139199878915,100.34904430985773,0.030525896884895598,0.0024165686586159305,87.74765231106858,0.997583431341384,0.12557560548238583,0.22307106883839514,-0.012805302799078433
86,Single-site tariff 150,0,150.0,Single Feasible Projection,65.72377921529828,65.72377921529828,65.72377921529828,3.93088218248858,38.55614727704803,61.792897032809705,100.34904430985773,3.93088218248858,0.05980913193703875,38.55614727704803,0.9401908680629614,0.6157796265802555,0.7441662726165379,24.943823476323402
86,Single-site tariff 150,0,150.0,Tail-Risk Feasible Counterfactual,61.165370378276435,61.165370378276435,61.165370378276435,0.39271760663514765,39.57639153821644,60.77265277164129,100.34904430985773,0.39271760663514765,0.006420587404382426,39.57639153821644,0.9935794125956177,0.6056126711479934,0.7525353435355764,18.06834576831599
86,Single-site tariff 150,0,150.0,Risk-Constrained Convex Verifier,61.10179543123914,61.10179543123914,61.10179543123914,0.34630102862035983,39.59354990723895,60.75549440261878,100.34904430985773,0.34630102862035983,0.0056676080657903,39.59354990723895,0.9943323919342097,0.6054416842777096,0.7526191192321638,17.87975187098047
87,Single-site tariff 150,0,150.0,Feasible Quantile Projection,24.644606041445897,24.644606041445897,24.644606041445897,0.0,135.97600420703685,24.644606041445897,160.6206102484827,0.0,0.0,135.97600420703685,1.0,0.15343364717217978,0.26604676835697655,0.0
87,Single-site tariff 150,0,150.0,Single Feasible Projection,122.03444184037136,122.03444184037136,122.03444184037136,2.6527432697222455,41.23891167783362,119.38169857064912,160.6206102484827,2.6527432697222455,0.02173766053023128,41.23891167783362,0.9782623394697688,0.7432526771375335,0.8447165383275786,35.875165072044304
87,Single-site tariff 150,0,150.0,Tail-Risk Feasible Counterfactual,110.78028682716416,110.78028682716416,110.78028682716416,0.8991851285340946,50.73950854985267,109.88110169863006,160.6206102484827,0.8991851285340946,0.008116833367086098,50.73950854985267,0.9918831666329139,0.6841033758285577,0.8097327818927819,30.10595684306666
87,Single-site tariff 150,0,150.0,Risk-Constrained Convex Verifier,110.38586515548745,110.38586515548745,110.38586515548745,0.8046188291616634,51.03936392215695,109.58124632632578,160.6206102484827,0.8046188291616634,0.007289147283742284,51.03936392215695,0.9927108527162577,0.6822365209346535,0.8086983616386346,29.982446495693452
88,Single-site tariff 150,0,150.0,Feasible Quantile Projection,13.601340183911772,13.601340183911772,13.601340183911772,0.0,118.29625090001005,13.601340183911772,131.8975910839218,0.0,0.0,118.29625090001005,1.0,0.10312045938168587,0.18696137580384703,8.881784197001252e-16
88,Single-site tariff 150,0,150.0,Single Feasible Projection,117.7902460633401,117.7902460633401,117.7902460633401,22.701801558749104,36.80914657933081,95.08844450459102,131.8975910839218,22.701801558749104,0.19273074229373388,36.80914657933081,0.8072692577062663,0.7209263165700243,0.7616586021249354,69.62224583267906
88,Single-site tariff 150,0,150.0,Tail-Risk Feasible Counterfactual,93.47827551942811,93.47827551942811,93.47827551942811,5.0318646234987146,43.45118018799242,88.4464108959294,131.8975910839218,5.0318646234987146,0.053829241024594146,43.45118018799242,0.9461707589754059,0.6705688115232828,0.7848791641173418,43.92987937279857
88,Single-site tariff 150,0,150.0,Risk-Constrained Convex Verifier,92.73761365825244,92.73761365825244,92.73761365825244,4.3792330390964835,43.53921046476586,88.35838061915595,131.8975910839218,4.3792330390964835,0.04722175680770053,43.53921046476586,0.9527782431922994,0.6699013976907024,0.7866832869813932,43.11471487688399
89,Single-site tariff 150,0,150.0,Feasible Quantile Projection,5.870919142820014,5.870919142820014,5.870919142820014,0.11576165186932275,61.047907979467396,5.755157490950691,66.80306547041809,0.11576165186932275,0.019717807221190625,61.047907979467396,0.9802821927788093,0.08615109876206513,0.158382879969467,-0.028648726109770317
89,Single-site tariff 150,0,150.0,Single Feasible Projection,47.83970862629127,47.83970862629127,47.83970862629127,3.9072762086392965,22.87063305276611,43.932432417651974,66.80306547041809,3.9072762086392965,0.08167433123729301,22.87063305276611,0.918325668762707,0.6576409646516334,0.7664230521950182,37.723541315631905
89,Single-site tariff 150,0,150.0,Tail-Risk Feasible Counterfactual,32.79800410095567,32.79800410095567,32.79800410095567,0.2283477153043738,34.233409084766784,32.5696563856513,66.80306547041809,0.2283477153043738,0.006962244245152716,34.233409084766784,0.9930377557548473,0.48754733269050177,0.6540021412583729,21.42014206510476
89,Single-site tariff 150,0,150.0,Risk-Constrained Convex Verifier,32.311047532995936,32.311047532995936,32.311047532995936,0.21178874908981493,34.70380668651197,32.09925878390612,66.80306547041809,0.21178874908981493,0.006554685324687693,34.70380668651197,0.9934453146753124,0.48050577556385343,0.6477232719179044,20.859840526111878
90,Single-site tariff 150,0,150.0,Feasible Quantile Projection,6.497529776298023,6.497529776298023,6.497529776298023,0.03557327100566465,19.330265759388492,6.46195650529236,25.792222264680852,0.03557327100566465,0.005474891571167616,19.330265759388492,0.9945251084288326,0.2505389585658612,0.4002481342743977,0.10547754010169452
90,Single-site tariff 150,0,150.0,Single Feasible Projection,3.5914676594203625,3.5914676594203625,3.5914676594203625,0.2439127575354061,22.444667362795897,3.347554901884956,25.792222264680852,0.2439127575354061,0.06791450756785372,22.444667362795897,0.9320854924321462,0.12978931662158497,0.2278512270264063,-2.220446049250313e-16
90,Single-site tariff 150,0,150.0,Tail-Risk Feasible Counterfactual,5.848238069544194,5.848238069544194,5.848238069544194,0.14417222540163244,20.08815642053829,5.704065844142561,25.792222264680852,0.14417222540163244,0.024652249735255576,20.08815642053829,0.9753477502647444,0.22115449322695815,0.3605551742224529,0.8585262837355117
90,Single-site tariff 150,0,150.0,Risk-Constrained Convex Verifier,5.971649215574336,5.971649215574336,5.971649215574336,0.14047198358696766,19.96104503269348,5.831177231987368,25.792222264680852,0.14047198358696766,0.023523147210423923,19.96104503269348,0.976476852789576,0.22608277689869397,0.36715784066889323,0.9048353845635404
91,Single-site tariff 150,0,150.0,Feasible Quantile Projection,38.677023800477556,38.677023800477556,38.677023800477556,0.0,71.07341855783497,38.677023800477556,109.75044235831251,0.0,0.0,71.07341855783497,1.0,0.35240881922102024,0.5211572332455,0.26658732746660174
91,Single-site tariff 150,0,150.0,Single Feasible Projection,65.57176251250792,65.57176251250792,65.57176251250792,0.0,44.1786798458046,65.57176251250792,109.75044235831251,0.0,0.0,44.1786798458046,1.0,0.5974623983603607,0.7480143494752647,11.587021965615422
91,Single-site tariff 150,0,150.0,Tail-Risk Feasible Counterfactual,65.82003513984807,65.82003513984807,65.82003513984807,0.0,43.930407218464445,65.82003513984807,109.75044235831251,0.0,0.0,43.930407218464445,1.0,0.5997245544119018,0.7497847710818882,10.08830324149416
91,Single-site tariff 150,0,150.0,Risk-Constrained Convex Verifier,65.87827255837605,65.87827255837605,65.87827255837605,0.0,43.872169799936465,65.87827255837605,109.75044235831251,0.0,0.0,43.872169799936465,1.0,0.6002551893439947,0.7501993348824096,10.052258204637665
92,Single-site tariff 150,0,150.0,Feasible Quantile Projection,3.67150465235403,3.67150465235403,3.67150465235403,0.06452772394745288,16.574126534504824,3.606976928406577,20.181103462911402,0.06452772394745288,0.01757528045241074,16.574126534504824,0.9824247195475893,0.17873041159693956,0.3024387866497625,-0.13953994557070692
92,Single-site tariff 150,0,150.0,Single Feasible Projection,1.561331884413264,1.561331884413264,1.561331884413264,0.07428251648778783,18.694054094985923,1.4870493679254762,20.181103462911402,0.07428251648778783,0.04757637836602729,18.694054094985923,0.9524236216339728,0.07368523582758288,0.1367877465583406,-4.440892098500626e-16
92,Single-site tariff 150,0,150.0,Tail-Risk Feasible Counterfactual,2.556011138722264,2.556011138722264,2.556011138722264,0.03428825301143612,17.659380577200572,2.521722885710828,20.181103462911402,0.03428825301143612,0.013414751012617507,17.659380577200572,0.9865852489873824,0.12495465822001363,0.22181555838484812,0.0023818589002622126
92,Single-site tariff 150,0,150.0,Risk-Constrained Convex Verifier,2.609664402853511,2.609664402853511,2.609664402853511,0.032130994894333575,17.603570054952225,2.5775334079591774,20.181103462911402,0.032130994894333575,0.012312309145651167,17.603570054952225,0.9876876908543488,0.12772014239440072,0.22619101060048194,0.0025103369050258895
93,Single-site tariff 150,0,150.0,Feasible Quantile Projection,1.2538801863923381,1.2538801863923381,1.2538801863923381,0.10621539460141771,22.855181000969885,1.1476647917909204,24.00284579276081,0.10621539460141771,0.08470936518027329,22.855181000969885,0.9152906348197267,0.047813696829942263,0.09087993374423911,0.22602554824227106
93,Single-site tariff 150,0,150.0,Single Feasible Projection,0.7356683259877399,0.7356683259877399,0.7356683259877399,0.0,23.267177466773067,0.7356683259877399,24.00284579276081,0.0,0.0,23.267177466773067,1.0,0.030649212695005333,0.059475546708781496,0.0
93,Single-site tariff 150,0,150.0,Tail-Risk Feasible Counterfactual,1.2764108495823174,1.2764108495823174,1.2764108495823174,0.0,22.726434943178493,1.2764108495823174,24.00284579276081,0.0,0.0,22.726434943178493,1.0,0.053177479895624685,0.10098484046752472,0.011016526866991061
93,Single-site tariff 150,0,150.0,Risk-Constrained Convex Verifier,1.3055786229184903,1.3055786229184903,1.3055786229184903,0.0,22.697267169842316,1.3055786229184903,24.00284579276081,0.0,0.0,22.697267169842316,1.0,0.054392659695053705,0.10317344149718358,0.01161076080382184
94,Single-site tariff 150,0,150.0,Feasible Quantile Projection,0.24947216378159043,0.24947216378159043,0.24947216378159043,0.0,7.66902221023273,0.24947216378159043,7.91849437401432,0.0,0.0,7.66902221023273,1.0,0.03150499981414008,0.061085500932747304,0.0
94,Single-site tariff 150,0,150.0,Single Feasible Projection,0.24947216378159043,0.24947216378159043,0.24947216378159043,0.0,7.66902221023273,0.24947216378159043,7.91849437401432,0.0,0.0,7.66902221023273,1.0,0.03150499981414008,0.061085500932747304,0.0
94,Single-site tariff 150,0,150.0,Tail-Risk Feasible Counterfactual,0.4331238775474391,0.4331238775474391,0.4331238775474391,0.0,7.4853704964668815,0.4331238775474391,7.91849437401432,0.0,0.0,7.4853704964668815,1.0,0.054697756554427504,0.10372214449970689,-2.220446049250313e-15
94,Single-site tariff 150,0,150.0,Risk-Constrained Convex Verifier,0.44303009229140433,0.44303009229140433,0.44303009229140433,0.0,7.475464281722916,0.44303009229140433,7.91849437401432,0.0,0.0,7.475464281722916,1.0,0.05594877906907043,0.105968736700269,-3.1086244689504383e-15
95,Single-site tariff 150,0,150.0,Feasible Quantile Projection,3.1790052303123657,3.1790052303123657,3.1790052303123657,0.14070668273031495,18.372645151031808,3.038298547582051,21.410943698613856,0.14070668273031495,0.04426123033351828,18.372645151031808,0.9557387696664817,0.14190399967184775,0.24711710921920374,1.1102230246251565e-15
95,Single-site tariff 150,0,150.0,Single Feasible Projection,1.4384099108793431,1.4384099108793431,1.4384099108793431,0.0,19.972533787734513,1.4384099108793431,21.410943698613856,0.0,0.0,19.972533787734513,1.0,0.06718106082229648,0.12590377263729055,0.0
95,Single-site tariff 150,0,150.0,Tail-Risk Feasible Counterfactual,2.3111494877084278,2.3111494877084278,2.3111494877084278,0.0,19.09979421090543,2.3111494877084278,21.410943698613856,0.0,0.0,19.09979421090543,1.0,0.10794243916759501,0.19485207056188394,-2.220446049250313e-15
95,Single-site tariff 150,0,150.0,Risk-Constrained Convex Verifier,2.3582252567625055,2.3582252567625055,2.3582252567625055,0.0,19.052718441851358,2.3582252567625055,21.410943698613856,0.0,0.0,19.052718441851358,1.0,0.11014111708281112,0.19842723666021125,-3.9968028886505635e-15
96,Single-site tariff 150,0,150.0,Feasible Quantile Projection,1.0915963349549211,1.0915963349549211,1.0915963349549211,0.24615924079383045,15.332669298058962,0.8454370941610907,16.17810639222005,0.24615924079383045,0.22550390919368185,15.332669298058962,0.7744960908063182,0.05225809953677001,0.09790986069849851,-8.881784197001252e-16
96,Single-site tariff 150,0,150.0,Single Feasible Projection,0.6578264156417424,0.6578264156417424,0.6578264156417424,0.0,15.520279976578307,0.6578264156417424,16.17810639222005,0.0,0.0,15.520279976578307,1.0,0.04066152117519062,0.07814552637494018,0.0
96,Single-site tariff 150,0,150.0,Tail-Risk Feasible Counterfactual,1.1577873737701283,1.1577873737701283,1.1577873737701283,0.0,15.020319018449921,1.1577873737701283,16.17810639222005,0.0,0.0,15.020319018449921,1.0,0.07156507354450957,0.13357112005860272,-2.220446049250313e-15
96,Single-site tariff 150,0,150.0,Risk-Constrained Convex Verifier,1.1847553802932442,1.1847553802932442,1.1847553802932442,0.0,14.993351011926807,1.1847553802932442,16.17810639222005,0.0,0.0,14.993351011926807,1.0,0.07323201810954745,0.13647005842882426,-2.4424906541753444e-15
97,Single-site tariff 150,0,150.0,Feasible Quantile Projection,0.7440813895721348,0.7440813895721348,0.7440813895721348,0.038315071509889,9.11158016270066,0.7057663180622458,9.817346480762907,0.038315071509889,0.051493118960979675,9.11158016270066,0.9485068810390204,0.07188972289459224,0.13364979181358677,0.0
97,Single-site tariff 150,0,150.0,Single Feasible Projection,0.6067402978519261,0.6067402978519261,0.6067402978519261,0.0,9.21060618291098,0.6067402978519261,9.817346480762907,0.0,0.0,9.21060618291098,1.0,0.0618028811594695,0.11641121390061,0.0
97,Single-site tariff 150,0,150.0,Tail-Risk Feasible Counterfactual,0.9680575726774023,0.9680575726774023,0.9680575726774023,0.0,8.849288908085503,0.9680575726774023,9.817346480762907,0.0,0.0,8.849288908085503,1.0,0.09860684601224082,0.17951252783498878,-2.220446049250313e-15
97,Single-site tariff 150,0,150.0,Risk-Constrained Convex Verifier,0.9875471077420694,0.9875471077420694,0.9875471077420694,0.0,8.829799373020837,0.9875471077420694,9.817346480762907,0.0,0.0,8.829799373020837,1.0,0.10059206015364419,0.18279626720113065,-3.1086244689504383e-15
98,Single-site tariff 150,0,150.0,Feasible Quantile Projection,1.1235186639397348,1.1235186639397348,1.1235186639397348,0.029610679122902495,5.464685403221487,1.0939079848168323,6.558593388038319,0.029610679122902495,0.02635530683493016,5.464685403221487,0.9736446931650699,0.1667900295224768,0.2847935508920789,0.0
98,Single-site tariff 150,0,150.0,Single Feasible Projection,0.796827652459126,0.796827652459126,0.796827652459126,0.0,5.761765735579194,0.796827652459126,6.558593388038319,0.0,0.0,5.761765735579194,1.0,0.12149368093353595,0.216664049025054,0.0
98,Single-site tariff 150,0,150.0,Tail-Risk Feasible Counterfactual,1.2088725135873177,1.2088725135873177,1.2088725135873177,0.0,5.349720874451001,1.2088725135873177,6.558593388038319,0.0,0.0,5.349720874451001,1.0,0.18431886870622002,0.311265611950563,-2.886579864025407e-15
98,Single-site tariff 150,0,150.0,Risk-Constrained Convex Verifier,1.2310983060658334,1.2310983060658334,1.2310983060658334,0.0,5.327495081972485,1.2310983060658334,6.558593388038319,0.0,0.0,5.327495081972485,1.0,0.18770767346412,0.31608396183320703,-2.886579864025407e-15
99,Single-site tariff 150,0,150.0,Feasible Quantile Projection,0.6825726752718173,0.6825726752718173,0.6825726752718173,0.13275976155470803,5.467022470434275,0.5498129137171093,6.016835384151383,0.13275976155470803,0.19449908612564928,5.467022470434275,0.8055009138743507,0.09137908528548769,0.1641377592886756,4.440892098500626e-16
99,Single-site tariff 150,0,150.0,Single Feasible Projection,0.44941718111820594,0.44941718111820594,0.44941718111820594,0.0,5.567418203033178,0.44941718111820594,6.016835384151383,0.0,0.0,5.567418203033178,1.0,0.07469328183749072,0.13900390576515287,2.220446049250313e-16
99,Single-site tariff 150,0,150.0,Tail-Risk Feasible Counterfactual,0.7895211016716381,0.7895211016716381,0.7895211016716381,0.0,5.227314282479744,0.7895211016716381,6.016835384151383,0.0,0.0,5.227314282479744,1.0,0.13121866417540232,0.23199522485080934,-1.7763568394002505e-15
99,Single-site tariff 150,0,150.0,Risk-Constrained Convex Verifier,0.8078663836359681,0.8078663836359681,0.8078663836359681,0.0,5.208969000515414,0.8078663836359681,6.016835384151383,0.0,0.0,5.208969000515414,1.0,0.13426765601131863,0.2367477469708945,-2.886579864025407e-15
100,Single-site tariff 150,0,150.0,Feasible Quantile Projection,0.06135094039090849,0.06135094039090849,0.06135094039090849,0.0,8.386429784334817,0.06135094039090849,8.447780724725726,0.0,0.0,8.386429784334817,1.0,0.0072623736801478555,0.014420023759279215,-2.220446049250313e-16
100,Single-site tariff 150,0,150.0,Single Feasible Projection,0.06135094039090849,0.06135094039090849,0.06135094039090849,0.0,8.386429784334817,0.06135094039090849,8.447780724725726,0.0,0.0,8.386429784334817,1.0,0.0072623736801478555,0.014420023759279215,-2.220446049250313e-16
100,Single-site tariff 150,0,150.0,Tail-Risk Feasible Counterfactual,0.13395464734081086,0.13395464734081086,0.13395464734081086,0.0,8.313826077384915,0.13395464734081086,8.447780724725726,0.0,0.0,8.313826077384915,1.0,0.015856785551824317,0.03121854532518723,-4.440892098500626e-16
100,Single-site tariff 150,0,150.0,Risk-Constrained Convex Verifier,0.137870907622327,0.137870907622327,0.137870907622327,0.0,8.3099098171034,0.137870907622327,8.447780724725726,0.0,0.0,8.3099098171034,1.0,0.01632037006107344,0.03211658556069816,-8.881784197001252e-16
101,Single-site tariff 150,0,150.0,Feasible Quantile Projection,0.15329160277281573,0.15329160277281573,0.15329160277281573,0.0,17.745320356410225,0.15329160277281573,17.898611959183043,0.0,0.0,17.745320356410225,1.0,0.008564440813756404,0.016983428063052107,0.0
101,Single-site tariff 150,0,150.0,Single Feasible Projection,0.15329160277281573,0.15329160277281573,0.15329160277281573,0.0,17.745320356410225,0.15329160277281573,17.898611959183043,0.0,0.0,17.745320356410225,1.0,0.008564440813756404,0.016983428063052107,0.0
101,Single-site tariff 150,0,150.0,Tail-Risk Feasible Counterfactual,0.2201296155241672,0.2201296155241672,0.2201296155241672,0.0,17.678482343658874,0.2201296155241672,17.898611959183043,0.0,0.0,17.678482343658874,1.0,0.012298697576446856,0.024298554578586887,-0.01158715970326285
101,Single-site tariff 150,0,150.0,Risk-Constrained Convex Verifier,0.22373487296390393,0.22373487296390393,0.22373487296390393,0.0,17.674877086219137,0.22373487296390393,17.898611959183043,0.0,0.0,17.674877086219137,1.0,0.012500124226064063,0.02469160038003733,-0.012212173703618934
102,Single-site tariff 150,0,150.0,Feasible Quantile Projection,2.490178495198106,2.490178495198106,2.490178495198106,1.735494333657401,17.715255140285464,0.7546841615407052,18.46993930182617,1.735494333657401,0.696935716457279,17.715255140285464,0.303064283542721,0.040860132196865837,0.0720114427646822,0.5227044668491365
102,Single-site tariff 150,0,150.0,Single Feasible Projection,2.9429467643172833,2.9429467643172833,2.9429467643172833,1.6563592797772593,17.183351817286145,1.286587484540024,18.46993930182617,1.6563592797772593,0.5628233917991066,17.183351817286145,0.43717660820089344,0.0696584576438113,0.1201694606290635,0.24388181521845476
102,Single-site tariff 150,0,150.0,Tail-Risk Feasible Counterfactual,4.040210603886213,4.040210603886213,4.040210603886213,1.7495754769170726,16.17930417485703,2.29063512696914,18.46993930182617,1.7495754769170726,0.4330406625917432,16.17930417485703,0.5669593374082567,0.12401963479883549,0.20352020191459033,0.7382185333568083
102,Single-site tariff 150,0,150.0,Risk-Constrained Convex Verifier,4.099400282421641,4.099400282421641,4.099400282421641,1.754605305078332,16.12514432448286,2.3447949773433088,18.46993930182617,1.754605305078332,0.4280151203097037,16.12514432448286,0.5719848796902962,0.12695195901978265,0.20778587415821861,0.7648831671099627
103,Single-site tariff 150,0,150.0,Feasible Quantile Projection,1.2081170559097145,1.2081170559097145,1.2081170559097145,0.4446295582576063,57.21219904581879,0.7634874976521082,57.9756865434709,0.4446295582576063,0.3680351635486177,57.21219904581879,0.6319648364513822,0.01316909799903164,0.025800555260699683,1.1795534820044837
103,Single-site tariff 150,0,150.0,Single Feasible Projection,17.57918349416733,17.57918349416733,17.57918349416733,9.567202982768968,49.963706032072544,8.01198051139836,57.9756865434709,9.567202982768968,0.544234775519768,49.963706032072544,0.4557652244802318,0.13819552624686687,0.21208376130902298,17.57918349416733
103,Single-site tariff 150,0,150.0,Tail-Risk Feasible Counterfactual,17.645127449436544,17.645127449436544,17.645127449436544,7.780408603099018,48.110967697133376,9.86471884633753,57.9756865434709,7.780408603099018,0.440938079103955,48.110967697133376,0.5590619208960452,0.17015268700510927,0.26089956786931046,17.645127449436544
103,Single-site tariff 150,0,150.0,Risk-Constrained Convex Verifier,17.655885390940607,17.655885390940607,17.655885390940607,7.693436931498379,48.01323808402867,9.962448459442227,57.9756865434709,7.693436931498379,0.43574347936388114,48.01323808402867,0.5642565206361188,0.17183838697575848,0.26344681737097214,17.655885390940607
104,Single-site tariff 150,0,150.0,Feasible Quantile Projection,0.026388108830351698,0.026388108830351698,0.026388108830351698,0.0,30.251881171199763,0.026388108830351698,30.278269280030116,0.0,0.0,30.251881171199763,1.0,0.0008715197221578264,0.0017415216738303444,2.220446049250313e-16
104,Single-site tariff 150,0,150.0,Single Feasible Projection,2.211993740385359,2.211993740385359,2.211993740385359,2.185605631555007,30.251881171199763,0.026388108830351698,30.278269280030116,2.185605631555007,0.9880704414535303,30.251881171199763,0.011929558546469727,0.0008715197221578264,0.0016243702806450384,2.20868816358327
104,Single-site tariff 150,0,150.0,Tail-Risk Feasible Counterfactual,7.287066099349089,7.287066099349089,7.287066099349089,2.7219009355025356,25.713104116183562,4.5651651638465545,30.278269280030116,2.7219009355025356,0.3735249410933252,25.713104116183562,0.6264750589066749,0.150773649630545,0.2430520115282941,7.273549550336389
104,Single-site tariff 150,0,150.0,Risk-Constrained Convex Verifier,7.560821938290994,7.560821938290994,7.560821938290994,2.791390758795079,25.5088381005342,4.769431179495915,30.278269280030116,2.791390758795079,0.36919144262059284,25.5088381005342,0.6308085573794071,0.1575199406341752,0.25209015470152885,7.546754607140796
105,Single-site tariff 150,0,150.0,Feasible Quantile Projection,0.4688537436498208,0.4688537436498208,0.4688537436498208,0.15739433524366975,0.9361380878432974,0.31145940840615105,1.2475974962494485,0.15739433524366975,0.3357002847378883,0.9361380878432974,0.6642997152621116,0.2496473496800581,0.3629108723466321,-0.07452861607459615
105,Single-site tariff 150,0,150.0,Single Feasible Projection,0.31243721787032563,0.31243721787032563,0.31243721787032563,0.0,0.9351602783791229,0.31243721787032563,1.2475974962494485,0.0,0.0,0.9351602783791229,1.0,0.2504311036288389,0.40055162239977915,0.0
105,Single-site tariff 150,0,150.0,Tail-Risk Feasible Counterfactual,0.40293257067130694,0.40293257067130694,0.40293257067130694,0.018778043898109997,0.8634429694762515,0.38415452677319695,1.2475974962494485,0.018778043898109997,0.04660344004165457,0.8634429694762515,0.9533965599583454,0.3079154358100667,0.465492309982428,-0.07933210375826927
105,Single-site tariff 150,0,150.0,Risk-Constrained Convex Verifier,0.4078139103538785,0.4078139103538785,0.4078139103538785,0.019905994941548766,0.8596895808371188,0.3879079154123297,1.2475974962494485,0.019905994941548766,0.04881146629911529,0.8596895808371188,0.9511885337008847,0.31092392905441535,0.4686543947504417,-0.0836112952768513
106,Single-site tariff 150,0,150.0,Feasible Quantile Projection,0.4013772124844335,0.4013772124844335,0.4013772124844335,0.14656501940816313,3.2845919822343155,0.25481219307627034,3.539404175310585,0.14656501940816313,0.3651553074001363,3.2845919822343155,0.6348446925998636,0.07199296278558252,0.12932064380198727,0.06564643194734154
106,Single-site tariff 150,0,150.0,Single Feasible Projection,0.25481219307627034,0.25481219307627034,0.25481219307627034,0.0,3.2845919822343155,0.25481219307627034,3.539404175310585,0.0,0.0,3.2845919822343155,1.0,0.07199296278558252,0.13431611080451167,0.0
106,Single-site tariff 150,0,150.0,Tail-Risk Feasible Counterfactual,0.7600493762104206,0.7600493762104206,0.7600493762104206,0.028580274502780112,2.8079350736029447,0.7314691017076405,3.539404175310585,0.028580274502780112,0.03760318131603548,2.8079350736029447,0.9623968186839645,0.20666447387107284,0.34026142761741,0.4231987052660384
106,Single-site tariff 150,0,150.0,Risk-Constrained Convex Verifier,0.7873019834969748,0.7873019834969748,0.7873019834969748,0.03157880862660911,2.78368100044022,0.7557231748703657,3.539404175310585,0.03157880862660911,0.04011016012730578,2.78368100044022,0.9598898398726943,0.21351706034082713,0.3493295579280304,0.4460261386058588
107,Single-site tariff 150,0,150.0,Feasible Quantile Projection,2.473919080008404,2.473919080008404,2.473919080008404,0.9038149271329752,7.678565641053819,1.5701041528754285,9.248669793929245,0.9038149271329752,0.3653373040519599,7.678565641053819,0.63466269594804,0.1697654027940356,0.26787668999740777,-0.05005082456158716
107,Single-site tariff 150,0,150.0,Single Feasible Projection,2.6736636493224397,2.6736636493224397,2.6736636493224397,1.092659116182379,7.667665260789187,1.5810045331400608,9.248669793929245,1.092659116182379,0.40867485947953136,7.667665260789187,0.5913251405204687,0.170943991770343,0.26521729838632313,2.220446049250313e-16
107,Single-site tariff 150,0,150.0,Tail-Risk Feasible Counterfactual,4.039243177457878,4.039243177457878,4.039243177457878,0.8389284822123344,6.048355098683703,3.2003146952455435,9.248669793929245,0.8389284822123344,0.20769447278990497,6.048355098683703,0.7923055272100951,0.3460297282260207,0.48168808783392614,1.169517266630911
107,Single-site tariff 150,0,150.0,Risk-Constrained Convex Verifier,4.114534509990511,4.114534509990511,4.114534509990511,0.8270018732262103,5.961137157164946,3.2875326367643005,9.248669793929245,0.8270018732262103,0.2009952453231745,5.961137157164946,0.7990047546768254,0.35546005101427786,0.4920275948785705,1.2326012910184718
108,Single-site tariff 150,0,150.0,Feasible Quantile Projection,0.3876567084648499,0.3876567084648499,0.3876567084648499,0.09951676314035596,4.917790809215234,0.28813994532449394,5.205930754539728,0.09951676314035596,0.25671363597562885,4.917790809215234,0.7432863640243711,0.055348401450255026,0.10302509694546565,0.10402476949059603
108,Single-site tariff 150,0,150.0,Single Feasible Projection,0.23798740335381963,0.23798740335381963,0.23798740335381963,0.0,4.967943351185907,0.23798740335381963,5.205930754539728,0.0,0.0,4.967943351185907,1.0,0.04571466939822191,0.08743239573091073,0.0
108,Single-site tariff 150,0,150.0,Tail-Risk Feasible Counterfactual,2.262570789206827,2.262570789206827,2.262570789206827,0.0,2.9433599653329,2.262570789206827,5.205930754539728,0.0,0.0,2.9433599653329,1.0,0.4346140768840995,0.605896852522257,1.8730398866263192
108,Single-site tariff 150,0,150.0,Risk-Constrained Convex Verifier,2.3717772723703696,2.3717772723703696,2.3717772723703696,0.0,2.834153482169357,2.3717772723703696,5.205930754539728,0.0,0.0,2.834153482169357,1.0,0.4555913983877155,0.6259880333070817,1.9740720793593054
109,Single-site tariff 150,0,150.0,Feasible Quantile Projection,1.2873301887624162,1.2873301887624162,1.2873301887624162,0.09967249630614261,11.598910189569265,1.1876576924562736,12.786567882025537,0.09967249630614261,0.07742574296495248,11.598910189569265,0.9225742570350475,0.09288322741599798,0.16877451953718467,6.661338147750939e-16
109,Single-site tariff 150,0,150.0,Single Feasible Projection,0.7216635728451886,0.7216635728451886,0.7216635728451886,0.0,12.06490430918035,0.7216635728451886,12.786567882025537,0.0,0.0,12.06490430918035,1.0,0.05643919302689917,0.10684797269815434,0.0
109,Single-site tariff 150,0,150.0,Tail-Risk Feasible Counterfactual,5.16175647611341,5.16175647611341,5.16175647611341,0.07431981036874036,7.699131216280868,5.0874366657446695,12.786567882025537,0.07431981036874036,0.014398162856512773,7.699131216280868,0.9856018371434873,0.3978735116947396,0.5668982311920044,4.138926063831615
109,Single-site tariff 150,0,150.0,Risk-Constrained Convex Verifier,5.401256085896598,5.401256085896598,5.401256085896598,0.09072987857789827,7.476041674706837,5.3105262073187,12.786567882025537,0.09072987857789827,0.016797922026842257,7.476041674706837,0.9832020779731577,0.4153206909247216,0.5839649885203282,4.3621806665628995
110,Single-site tariff 150,0,150.0,Feasible Quantile Projection,10.174836573118752,10.174836573118752,10.174836573118752,0.12943992969927853,53.930559892902636,10.045396643419473,63.975956536322116,0.12943992969927853,0.012721573341163072,53.930559892902636,0.9872784266588369,0.15701831105434486,0.27094508965246644,-0.24600374489768773
110,Single-site tariff 150,0,150.0,Single Feasible Projection,23.35316813119119,23.35316813119119,23.35316813119119,3.1677422295472715,43.79053063467819,20.185425901643924,63.975956536322116,3.1677422295472715,0.13564507443922952,43.79053063467819,0.8643549255607708,0.3155158124159304,0.4622839397164589,3.6043531862271827
110,Single-site tariff 150,0,150.0,Tail-Risk Feasible Counterfactual,25.27929392495118,25.27929392495118,25.27929392495118,2.373476742696729,41.07013935406766,22.90581718225445,63.975956536322116,2.373476742696729,0.09389015174803039,41.07013935406766,0.9061098482519695,0.3580379008362267,0.5132654283950049,6.04689475288868
110,Single-site tariff 150,0,150.0,Risk-Constrained Convex Verifier,25.383211449696436,25.383211449696436,25.383211449696436,2.3306406484675097,40.92338573509319,23.052570801228928,63.975956536322116,2.3306406484675097,0.09181819460024955,40.92338573509319,0.9081818053997506,0.3603317878981757,0.5159531208893041,6.178650605303624
111,Single-site tariff 150,0,150.0,Feasible Quantile Projection,3.025323440844332,3.025323440844332,3.025323440844332,0.031003993978118816,88.43455509841849,2.994319446866213,91.4288745452847,0.031003993978118816,0.010248158447966135,88.43455509841849,0.9897518415520338,0.03275026037188205,0.0634025699377796,0.032682456318177566
111,Single-site tariff 150,0,150.0,Single Feasible Projection,24.70579911823863,24.70579911823863,24.70579911823863,5.412915000088759,72.13599042713483,19.29288411814987,91.4288745452847,5.412915000088759,0.21909491671098255,72.13599042713483,0.7809050832890174,0.2110152204552634,0.33225019728469884,23.60220940717238
111,Single-site tariff 150,0,150.0,Tail-Risk Feasible Counterfactual,25.23848537519219,25.23848537519219,25.23848537519219,3.110062673108582,69.30045184320109,22.128422702083615,91.4288745452847,3.110062673108582,0.12322699349326142,69.30045184320109,0.8767730065067388,0.24202882089643807,0.379342135061029,23.703894468247196
111,Single-site tariff 150,0,150.0,Risk-Constrained Convex Verifier,25.31964912318697,25.31964912318697,25.31964912318697,3.050909857535043,69.16013527963277,22.26873926565193,91.4288745452847,3.050909857535043,0.12049573999590349,69.16013527963277,0.8795042600040966,0.24356352822239138,0.3814821561065389,23.751848813789056
112,Single-site tariff 150,0,150.0,Feasible Quantile Projection,3.3755876939511245,3.3755876939511245,3.3755876939511245,0.006947407446371123,11.452420358810198,3.3686402865047533,14.821060645314953,0.006947407446371123,0.002058132709400651,11.452420358810198,0.9979418672905993,0.22728739643674595,0.37024843517315786,0.013003093637050656
112,Single-site tariff 150,0,150.0,Single Feasible Projection,1.3394084190891995,1.3394084190891995,1.3394084190891995,0.0,13.481652226225751,1.3394084190891995,14.821060645314953,0.0,0.0,13.481652226225751,1.0,0.09037196804889915,0.16576355720261196,0.0
112,Single-site tariff 150,0,150.0,Tail-Risk Feasible Counterfactual,4.4953854943685885,4.4953854943685885,4.4953854943685885,0.0,10.325675150946362,4.4953854943685885,14.821060645314953,0.0,0.0,10.325675150946362,1.0,0.30331064705477834,0.4654464348007895,2.4412410625445564
112,Single-site tariff 150,0,150.0,Risk-Constrained Convex Verifier,4.665619607591252,4.665619607591252,4.665619607591252,0.0,10.155441037723701,4.665619607591252,14.821060645314953,0.0,0.0,10.155441037723701,1.0,0.3147966072904566,0.4788521746176269,2.5729221544955294
113,Single-site tariff 150,0,150.0,Feasible Quantile Projection,6.208162033027195,6.208162033027195,6.208162033027195,0.0,69.1719479952158,6.208162033027195,75.380110028243,0.0,0.0,69.1719479952158,1.0,0.08235809195159248,0.15218270656265556,-0.08261488740652356
113,Single-site tariff 150,0,150.0,Single Feasible Projection,19.633767095993562,19.633767095993562,19.633767095993562,0.6535343594548602,56.3998772917043,18.980232736538703,75.380110028243,0.6535343594548602,0.03328624386036541,56.3998772917043,0.9667137561396346,0.2517936459555086,0.3995254864028097,11.422651240060864
113,Single-site tariff 150,0,150.0,Tail-Risk Feasible Counterfactual,24.872868139138873,24.872868139138873,24.872868139138873,0.449837519782635,50.95707940888677,24.42303061935624,75.380110028243,0.449837519782635,0.018085470371420095,50.95707940888677,0.98191452962858,0.3239983413423721,0.48722803184120217,16.46876900216609
113,Single-site tariff 150,0,150.0,Risk-Constrained Convex Verifier,25.193915301586152,25.193915301586152,25.193915301586152,0.4603697755221243,50.646564502178975,24.733545526064027,75.380110028243,0.4603697755221243,0.018273054029563262,50.646564502178975,0.9817269459704367,0.32811766282640076,0.4918475808232035,16.775728948807338
114,Single-site tariff 150,0,150.0,Feasible Quantile Projection,3.947088611390207,3.947088611390207,3.947088611390207,0.0,39.06011264179387,3.947088611390207,43.00720125318408,0.0,0.0,39.06011264179387,1.0,0.09177738835302565,0.16812472823141025,0.2319506061200196
114,Single-site tariff 150,0,150.0,Single Feasible Projection,4.189258152837731,4.189258152837731,4.189258152837731,0.6345530202871565,39.4524961206335,3.5547051325505743,43.00720125318408,0.6345530202871565,0.15147145321119,39.4524961206335,0.8485285467888101,0.08265371912075767,0.15063439831238817,-2.220446049250313e-16
114,Single-site tariff 150,0,150.0,Tail-Risk Feasible Counterfactual,11.636661249547931,11.636661249547931,11.636661249547931,0.41401792042024477,31.78455792405639,11.222643329127687,43.00720125318408,0.41401792042024477,0.03557875506914226,31.78455792405639,0.9644212449308578,0.2609480041042384,0.4107558585766733,6.371655615973253
114,Single-site tariff 150,0,150.0,Risk-Constrained Convex Verifier,12.038377956554886,12.038377956554886,12.038377956554886,0.4021227271452881,31.37094602377448,11.636255229409599,43.00720125318408,0.4021227271452881,0.03340339774980504,31.37094602377448,0.9665966022501951,0.27056527489214605,0.4227861854290689,6.7153441528899505
61,All-site tariff 75,0;1;2;3,75.0,Feasible Quantile Projection,12.572518029688935,12.572518029688935,12.572518029688935,2.7974808219143155,37.564321873808005,9.77503720777462,47.339359081582614,2.7974808219143155,0.22250760072948808,37.564321873808005,0.777492399270512,0.20648858365253195,0.32631383555617516,6.2534175369741485
61,All-site tariff 75,0;1;2;3,75.0,Single Feasible Projection,29.7983285210996,29.7983285210996,29.7983285210996,1.225111776654991,18.766142337138014,28.573216744444608,47.339359081582614,1.225111776654991,0.041113439493343194,18.766142337138014,0.9588865605066568,0.6035826698710212,0.740836746147186,16.391486332391473
61,All-site tariff 75,0;1;2;3,75.0,Tail-Risk Feasible Counterfactual,31.104078429051622,31.104078429051622,31.104078429051622,1.6393511559915601,17.87463180852256,29.464727273060063,47.339359081582614,1.6393511559915601,0.05270534408312141,17.87463180852256,0.9472946559168787,0.6224150019074365,0.7512349842921063,17.403402556589015
61,All-site tariff 75,0;1;2;3,75.0,Risk-Constrained Convex Verifier,31.22019408004359,31.22019408004359,31.22019408004359,1.6862246506797967,17.80538965221883,29.533969429363793,47.339359081582614,1.6862246506797967,0.054010703660476486,17.80538965221883,0.9459892963395234,0.6238776781592295,0.751887408743312,17.482168579223817
62,All-site tariff 75,0;1;2;3,75.0,Feasible Quantile Projection,43.11501964235505,43.11501964235505,43.11501964235505,32.30206825722077,91.93064423607171,10.812951385134284,102.743595621206,32.30206825722077,0.7492068547149188,91.93064423607171,0.2507931452850813,0.10524209630544135,0.14826620101384738,43.11501964235505
62,All-site tariff 75,0;1;2;3,75.0,Single Feasible Projection,91.38761468661781,91.38761468661781,91.38761468661781,3.7190315232328266,15.075012457821023,87.66858316338498,102.743595621206,3.7190315232328266,0.04069513725668361,15.075012457821023,0.9593048627433164,0.8532754049858308,0.9031889619847673,58.550992315664416
62,All-site tariff 75,0;1;2;3,75.0,Tail-Risk Feasible Counterfactual,83.60847812291681,83.60847812291681,83.60847812291681,7.233122264459043,26.368239762748225,76.37535585845777,102.743595621206,7.233122264459043,0.08651182782953286,26.368239762748225,0.9134881721704672,0.7433587991220165,0.8196888215295914,54.2835665563351
62,All-site tariff 75,0;1;2;3,75.0,Risk-Constrained Convex Verifier,83.34243154866353,83.34243154866353,83.34243154866353,7.526948577719356,26.928112650261824,75.81548297094417,102.743595621206,7.526948577719356,0.09031352263011887,26.928112650261824,0.9096864773698812,0.7379095749233839,0.8148433724337147,54.1888094488367
63,All-site tariff 75,0;1;2;3,75.0,Feasible Quantile Projection,48.95544260747786,48.95544260747786,48.95544260747786,35.20476760124822,101.390631191604,13.750675006229645,115.14130619783364,35.20476760124822,0.7191185642731939,101.390631191604,0.28088143572680624,0.11942434440168233,0.16759229060100136,48.10989960558018
63,All-site tariff 75,0;1;2;3,75.0,Single Feasible Projection,95.71843162572245,95.71843162572245,95.71843162572245,26.805510254029638,46.228384826140854,68.9129213716928,115.14130619783364,26.805510254029638,0.2800454395120509,46.228384826140854,0.719954560487949,0.5985073788661726,0.6536375515116877,83.39826469116471
63,All-site tariff 75,0;1;2;3,75.0,Tail-Risk Feasible Counterfactual,87.46645319077867,87.46645319077867,87.46645319077867,15.336411052970625,43.011264060025624,72.13004213780803,115.14130619783364,15.336411052970625,0.17534049333770743,43.011264060025624,0.8246595066622925,0.6264480100119374,0.712016581748568,74.7225192743059
63,All-site tariff 75,0;1;2;3,75.0,Risk-Constrained Convex Verifier,87.26467762770855,87.26467762770855,87.26467762770855,15.398257756338412,43.274886326463516,71.86641987137014,115.14130619783364,15.398257756338412,0.17645464550996184,43.274886326463516,0.8235453544900382,0.6241584557664354,0.7101214945632561,74.48876263534251
64,All-site tariff 75,0;1;2;3,75.0,Feasible Quantile Projection,39.27413552583729,39.27413552583729,39.27413552583729,29.528274308237766,121.09205966463807,9.745861217599522,130.8379208822376,29.528274308237766,0.751850394996269,121.09205966463807,0.248149605003731,0.0744880471340676,0.11458166367962273,39.27413552583729
64,All-site tariff 75,0;1;2;3,75.0,Single Feasible Projection,85.99047588636384,85.99047588636384,85.99047588636384,10.017834544709892,54.86527954058367,75.97264134165394,130.8379208822376,10.017834544709892,0.11649934997392537,54.86527954058367,0.8835006500260746,0.5806622486001908,0.7007628380219193,50.67667404208096
64,All-site tariff 75,0;1;2;3,75.0,Tail-Risk Feasible Counterfactual,86.03176010908413,86.03176010908413,86.03176010908413,9.449519296136012,54.255680069289475,76.58224081294813,130.8379208822376,9.449519296136012,0.10983756794182144,54.255680069289475,0.8901624320581787,0.5853214442460989,0.7062512423395195,51.5286137805669
64,All-site tariff 75,0;1;2;3,75.0,Risk-Constrained Convex Verifier,86.08720879038302,86.08720879038302,86.08720879038302,9.497372800544454,54.24808489239905,76.58983598983856,130.8379208822376,9.497372800544454,0.11032269409117404,54.24808489239905,0.889677305908826,0.585379494518063,0.7061407417888976,51.60253204218688
65,All-site tariff 75,0;1;2;3,75.0,Feasible Quantile Projection,5.676070372551788,5.676070372551788,5.676070372551788,1.8272997363804802,22.450279177008163,3.8487706361713085,26.299049813179472,1.8272997363804802,0.3219304230646778,22.450279177008163,0.6780695769353224,0.14634637614331375,0.2407353350864841,4.010687912316471
65,All-site tariff 75,0;1;2;3,75.0,Single Feasible Projection,7.241645810088903,7.241645810088903,7.241645810088903,0.8516124869472272,19.9090164900378,6.390033323141675,26.299049813179472,0.8516124869472272,0.11759930121972817,19.9090164900378,0.8824006987802718,0.24297582492654857,0.3810316515146264,4.381609267220998
65,All-site tariff 75,0;1;2;3,75.0,Tail-Risk Feasible Counterfactual,8.451511843060862,8.451511843060862,8.451511843060862,0.30848746344279454,18.156025433561403,8.143024379618067,26.299049813179472,0.30848746344279454,0.036500861522909545,18.156025433561403,0.9634991384770905,0.309631885465964,0.4686556988730445,4.7997146218515
65,All-site tariff 75,0;1;2;3,75.0,Risk-Constrained Convex Verifier,8.526354320875281,8.526354320875281,8.526354320875281,0.28876747557673044,18.06146296788092,8.237586845298551,26.299049813179472,0.28876747557673044,0.03386763729367122,18.06146296788092,0.9661323627063289,0.31322754638726064,0.47307918171397495,4.8222682078589765
66,All-site tariff 75,0;1;2;3,75.0,Feasible Quantile Projection,3.288571461984326,3.288571461984326,3.288571461984326,2.2296931561780338,29.217896877056354,1.058878305806292,30.276775182862647,2.2296931561780338,0.6780126817839122,29.217896877056354,0.3219873182160877,0.03497328560954674,0.06309354209925036,2.888657382270098
66,All-site tariff 75,0;1;2;3,75.0,Single Feasible Projection,11.923726301512152,11.923726301512152,11.923726301512152,1.1604720081643105,19.513520889514805,10.763254293347842,30.276775182862647,1.1604720081643105,0.0973246096748414,19.513520889514805,0.9026753903251586,0.3554953996368838,0.5101007767565537,10.371125563319538
66,All-site tariff 75,0;1;2;3,75.0,Tail-Risk Feasible Counterfactual,12.78659807993834,12.78659807993834,12.78659807993834,0.7593944337259437,18.24957153665025,12.027203646212396,30.276775182862647,0.7593944337259437,0.05938987281671136,18.24957153665025,0.9406101271832886,0.397241898239548,0.5585815849963495,10.788898975043775
66,All-site tariff 75,0;1;2;3,75.0,Risk-Constrained Convex Verifier,12.833153768940194,12.833153768940194,12.833153768940194,0.7377590325800905,18.181380446502544,12.095394736360104,30.276775182862647,0.7377590325800905,0.057488521205572456,18.181380446502544,0.9425114787944275,0.39949415561292595,0.5611419471316146,10.811443994277747
67,All-site tariff 75,0;1;2;3,75.0,Feasible Quantile Projection,2.1143697876218805,2.1143697876218805,2.1143697876218805,0.2104207012822923,19.836918292523723,1.9039490863395883,21.740867378863314,0.2104207012822923,0.09951934733184074,19.836918292523723,0.9004806526681592,0.08757466080634052,0.15962524900104474,0.8926112805017128
67,All-site tariff 75,0;1;2;3,75.0,Single Feasible Projection,2.662534795153181,2.662534795153181,2.662534795153181,1.4107107648216186,20.48904334853175,1.2518240303315622,21.740867378863314,1.4107107648216186,0.5298374944769342,20.48904334853175,0.47016250552306577,0.05757930484174693,0.10259422201912821,2.662534795153181
67,All-site tariff 75,0;1;2;3,75.0,Tail-Risk Feasible Counterfactual,3.3272662719460424,3.3272662719460424,3.3272662719460424,0.8297775844729627,19.243378691390227,2.49748868747308,21.740867378863314,0.8297775844729627,0.24938718955836517,19.243378691390227,0.7506128104416349,0.11487530115294127,0.199256053303549,2.971259778375763
67,All-site tariff 75,0;1;2;3,75.0,Risk-Constrained Convex Verifier,3.36682909629946,3.36682909629946,3.36682909629946,0.8021466223253468,19.176184904889197,2.5646824739741136,21.740867378863314,0.8021466223253468,0.23824987826290323,19.176184904889197,0.7617501217370969,0.11796596838944537,0.20429452590453037,2.9879161403368144
68,All-site tariff 75,0;1;2;3,75.0,Feasible Quantile Projection,6.627411232020342,6.627411232020342,6.627411232020342,4.412365532726918,38.731575662011984,2.215045699293424,40.94662136130541,4.412365532726918,0.6657751236875978,38.731575662011984,0.3342248763124022,0.054095933331062176,0.09311994710341946,6.346288918562003
68,All-site tariff 75,0;1;2;3,75.0,Single Feasible Projection,24.315123338842003,24.315123338842003,24.315123338842003,0.5544819604891011,17.18597998295251,23.7606413783529,40.94662136130541,0.5544819604891011,0.02280399538847283,17.18597998295251,0.9771960046115271,0.5802833198053973,0.7281644549199197,10.754452125203855
68,All-site tariff 75,0;1;2;3,75.0,Tail-Risk Feasible Counterfactual,23.697535511732703,23.697535511732703,23.697535511732703,0.25823130314889187,17.507317152721598,23.439304208583813,40.94662136130541,0.25823130314889187,0.010896968717318345,17.507317152721598,0.9891030312826817,0.5724356107860458,0.72517936167437,9.220572335215575
68,All-site tariff 75,0;1;2;3,75.0,Risk-Constrained Convex Verifier,23.694162761154267,23.694162761154267,23.694162761154267,0.24553416525619287,17.497992765407336,23.44862859589807,40.94662136130541,0.24553416525619287,0.010362643649039896,17.497992765407336,0.98963735635096,0.5726633313403738,0.7255056978107033,9.164472698187797
69,All-site tariff 75,0;1;2;3,75.0,Feasible Quantile Projection,43.84071021742322,43.84071021742322,43.84071021742322,33.03188498623959,93.40548498923214,10.808825231183636,104.21431022041577,33.03188498623959,0.7534523237060157,93.40548498923214,0.24654767629398444,0.10371728420331826,0.14601092484697917,43.84071021742322
69,All-site tariff 75,0;1;2;3,75.0,Single Feasible Projection,81.39803648950729,81.39803648950729,81.39803648950729,7.680773416750045,30.49704714765852,73.71726307275725,104.21431022041577,7.680773416750045,0.09436067192775767,30.49704714765852,0.9056393280722423,0.707362193511078,0.7943142186329164,54.63036549634443
69,All-site tariff 75,0;1;2;3,75.0,Tail-Risk Feasible Counterfactual,77.33739706752993,77.33739706752993,77.33739706752993,7.15637354472307,34.03328669760891,70.18102352280687,104.21431022041577,7.15637354472307,0.09253445055144828,34.03328669760891,0.9074655494485517,0.6734298137594762,0.7731243574757238,49.87862324354025
69,All-site tariff 75,0;1;2;3,75.0,Risk-Constrained Convex Verifier,77.2167590541055,77.2167590541055,77.2167590541055,7.133917064930946,34.131468231241236,70.08284198917454,104.21431022041577,7.133917064930946,0.09238819593467057,34.131468231241236,0.9076118040653293,0.6724877019379358,0.7725561257993028,49.71481092978582
70,All-site tariff 75,0;1;2;3,75.0,Feasible Quantile Projection,45.47340933217538,45.47340933217538,45.47340933217538,34.17612794767451,86.64246275392446,11.297281384500868,97.93974413842533,34.17612794767451,0.7515629122510655,86.64246275392446,0.24843708774893444,0.1153493046554584,0.15754874795102783,45.47340933217538
70,All-site tariff 75,0;1;2;3,75.0,Single Feasible Projection,84.43421621816735,84.43421621816735,84.43421621816735,13.05311463883154,26.558642559089527,71.38110157933579,97.93974413842533,13.05311463883154,0.154595082698511,26.558642559089527,0.8454049173014888,0.7288267108238278,0.7827992706827833,72.16930732648068
70,All-site tariff 75,0;1;2;3,75.0,Tail-Risk Feasible Counterfactual,79.14302879743643,79.14302879743643,79.14302879743643,12.166625922086821,30.963341263075723,66.9764028753496,97.93974413842533,12.166625922086821,0.1537295969961781,30.963341263075723,0.8462704030038218,0.6838531534316346,0.7564417674847232,66.09699480005128
70,All-site tariff 75,0;1;2;3,75.0,Risk-Constrained Convex Verifier,79.01385500472975,79.01385500472975,79.01385500472975,12.14794597645572,31.073835110151308,66.86590902827403,97.93974413842533,12.14794597645572,0.1537445043749422,31.073835110151308,0.8462554956250579,0.6827249715270606,0.7557451145616954,65.92566423718353
71,All-site tariff 75,0;1;2;3,75.0,Feasible Quantile Projection,38.44908453118536,38.44908453118536,38.44908453118536,28.75012487553613,138.9426411990592,9.698959655649231,148.64160085470843,28.75012487553613,0.7477453683511611,138.9426411990592,0.2522546316488388,0.0652506404659191,0.10368190843541066,38.44908453118536
71,All-site tariff 75,0;1;2;3,75.0,Single Feasible Projection,102.7873598038879,102.7873598038879,102.7873598038879,10.789269088729693,56.64351013955023,91.99809071515821,148.64160085470843,10.789269088729693,0.1049668860968408,56.64351013955023,0.8950331139031593,0.6189255913967375,0.7318018614417147,68.49293190179
71,All-site tariff 75,0;1;2;3,75.0,Tail-Risk Feasible Counterfactual,98.48113220432677,98.48113220432677,98.48113220432677,4.444550223062599,54.60501887344427,94.03658198126416,148.64160085470843,4.444550223062599,0.045130982184903516,54.60501887344427,0.9548690178150964,0.6326397283165793,0.7610516508717936,62.640436309273085
71,All-site tariff 75,0;1;2;3,75.0,Risk-Constrained Convex Verifier,98.35779259464174,98.35779259464174,98.35779259464174,4.211166741745563,54.49497500181228,94.14662585289616,148.64160085470843,4.211166741745563,0.04281477482013943,54.49497500181228,0.9571852251798605,0.6333800585538698,0.7623227291220205,62.431960567294055
72,All-site tariff 75,0;1;2;3,75.0,Feasible Quantile Projection,32.10311208764547,32.10311208764547,32.10311208764547,24.04752030573065,69.91161894972029,8.05559178191482,77.96721073163512,24.04752030573065,0.7490713124658427,69.91161894972029,0.25092868753415737,0.10332025099169377,0.14637172991926128,32.10311208764547
72,All-site tariff 75,0;1;2;3,75.0,Single Feasible Projection,70.28860349385074,70.28860349385074,70.28860349385074,5.566243059114348,13.244850296898719,64.7223604347364,77.96721073163512,5.566243059114348,0.07919125978369047,13.244850296898719,0.9208087402163097,0.8301228148011118,0.8731173313216384,53.40245726685218
72,All-site tariff 75,0;1;2;3,75.0,Tail-Risk Feasible Counterfactual,62.11113176039161,62.11113176039161,62.11113176039161,1.1617913254940893,17.0178702967376,60.94934043489752,77.96721073163512,1.1617913254940893,0.01870504195569925,17.0178702967376,0.9812949580443008,0.781730420557002,0.8702178987928382,44.363956841756476
72,All-site tariff 75,0;1;2;3,75.0,Risk-Constrained Convex Verifier,61.849110344128064,61.849110344128064,61.849110344128064,0.9927230156147271,17.110823403121778,60.85638732851334,77.96721073163512,0.9927230156147271,0.016050724256035737,17.110823403121778,0.9839492757439644,0.7805382128903186,0.8705190761747579,44.05197837979324
73,All-site tariff 75,0;1;2;3,75.0,Feasible Quantile Projection,21.286702970689056,21.286702970689056,21.286702970689056,15.577979272450829,101.7841914997329,5.7087236982382255,107.49291519797112,15.577979272450829,0.7318173835516514,101.7841914997329,0.26818261644834857,0.05310790657900006,0.08865880765016124,21.286702970689056
73,All-site tariff 75,0;1;2;3,75.0,Single Feasible Projection,62.15848797117434,62.15848797117434,62.15848797117434,3.99632758968186,49.33075481647863,58.162160381492484,107.49291519797112,3.99632758968186,0.06429254829260221,49.33075481647863,0.9357074517073979,0.5410790122714085,0.6856667176929128,36.00390516817432
73,All-site tariff 75,0;1;2;3,75.0,Tail-Risk Feasible Counterfactual,65.21515210411101,65.21515210411101,65.21515210411101,4.313303542395628,46.591066636255725,60.90184856171539,107.49291519797112,4.313303542395628,0.06613959184684211,46.591066636255725,0.933860408153158,0.5665661634494855,0.7052577162500755,37.926578390126394
73,All-site tariff 75,0;1;2;3,75.0,Risk-Constrained Convex Verifier,65.48527624883775,65.48527624883775,65.48527624883775,4.3369043361734505,46.34454328530681,61.1483719126643,107.49291519797112,4.3369043361734505,0.06622716715271432,46.34454328530681,0.9337728328472857,0.5688595550697136,0.7070067203410153,38.13549972412653
74,All-site tariff 75,0;1;2;3,75.0,Feasible Quantile Projection,1.1854942961219133,1.1854942961219133,1.1854942961219133,0.7271827917394156,81.76907555455506,0.4583115043824977,82.22738705893755,0.7271827917394156,0.6134004981029735,81.76907555455506,0.38659950189702647,0.005573708721329025,0.01098898627974799,1.108721519933143
74,All-site tariff 75,0;1;2;3,75.0,Single Feasible Projection,45.76646122475282,45.76646122475282,45.76646122475282,2.3657301612246155,38.82665599540936,43.4007310635282,82.22738705893755,2.3657301612246155,0.05169134990810933,38.82665599540936,0.9483086500918906,0.5278135742343383,0.678169015862906,17.27816523889874
74,All-site tariff 75,0;1;2;3,75.0,Tail-Risk Feasible Counterfactual,45.50366623699591,45.50366623699591,45.50366623699591,1.0746906915303707,37.79841151347202,44.42897554546554,82.22738705893755,1.0746906915303707,0.02361767260539137,37.79841151347202,0.9763823273946086,0.5403184648640299,0.6956644355312777,16.17544722009368
74,All-site tariff 75,0;1;2;3,75.0,Risk-Constrained Convex Verifier,45.60151928573086,45.60151928573086,45.60151928573086,1.0330648969802472,37.65893267018696,44.56845438875061,82.22738705893755,1.0330648969802472,0.022654177166932743,37.65893267018696,0.9773458228330673,0.542014722622836,0.6973141781965891,16.227957818268322
75,All-site tariff 75,0;1;2;3,75.0,Feasible Quantile Projection,28.07012814538732,28.07012814538732,28.07012814538732,20.516738152979926,113.86059961834965,7.55338999240739,121.41398961075706,20.516738152979926,0.7309100281521651,113.86059961834965,0.26908997184783484,0.06221185891858852,0.10105943167459898,28.014492393834647
75,All-site tariff 75,0;1;2;3,75.0,Single Feasible Projection,73.82005380355187,73.82005380355187,73.82005380355187,1.2934609159674204,48.8873967231726,72.52659288758446,121.41398961075706,1.2934609159674204,0.01752180944502624,48.8873967231726,0.9824781905549739,0.5973495568352424,0.7429707608285788,39.114166170205706
75,All-site tariff 75,0;1;2;3,75.0,Tail-Risk Feasible Counterfactual,75.53976587059307,75.53976587059307,75.53976587059307,1.2317219074619887,47.105945647625965,74.30804396313107,121.41398961075706,1.2317219074619887,0.016305609280971925,47.105945647625965,0.9836943907190279,0.6120220923581899,0.7545735168291058,42.04934888317906
75,All-site tariff 75,0;1;2;3,75.0,Risk-Constrained Convex Verifier,75.7394349652943,75.7394349652943,75.7394349652943,1.2829976311297657,46.957552276592516,74.45643733416455,121.41398961075706,1.2829976311297657,0.016939625067412603,46.957552276592516,0.9830603749325877,0.6132443021835092,0.7553146742875186,42.26233208298838
76,All-site tariff 75,0;1;2;3,75.0,Feasible Quantile Projection,34.597457434190844,34.597457434190844,34.597457434190844,25.673339295330457,88.86034618999815,8.92411813886039,97.78446432885855,25.673339295330457,0.7420585557237755,88.86034618999815,0.2579414442762246,0.09126314900951672,0.13482381914403213,34.34927618457465
76,All-site tariff 75,0;1;2;3,75.0,Single Feasible Projection,67.88645808408695,67.88645808408695,67.88645808408695,6.867002326222419,36.765008570994,61.019455757864534,97.78446432885855,6.867002326222419,0.10115422898800625,36.765008570994,0.8988457710119938,0.6240199419884354,0.7366344663159367,58.142186774904246
76,All-site tariff 75,0;1;2;3,75.0,Tail-Risk Feasible Counterfactual,67.84887060279671,67.84887060279671,67.84887060279671,6.777217261166845,36.71281098722868,61.07165334162986,97.78446432885855,6.777217261166845,0.09988695760084605,36.71281098722868,0.9001130423991539,0.6245537444091326,0.7374319108750622,57.33988430325409
76,All-site tariff 75,0;1;2;3,75.0,Risk-Constrained Convex Verifier,67.95387462084221,67.95387462084221,67.95387462084221,6.782469250990177,36.61305895900651,61.17140536985203,97.78446432885855,6.782469250990177,0.09980989735808114,36.61305895900651,0.9001901026419188,0.6255738658456697,0.7381684377616055,57.4034477877252
77,All-site tariff 75,0;1;2;3,75.0,Feasible Quantile Projection,1.8285139908771872,1.8285139908771872,1.8285139908771872,0.9587578515867472,14.335175197556232,0.86975613929044,15.20493133684667,0.9587578515867472,0.5243371701666911,14.335175197556232,0.4756628298333089,0.05720224051145354,0.1021233370649699,1.6592727494389132
77,All-site tariff 75,0;1;2;3,75.0,Single Feasible Projection,1.6481117849063736,1.6481117849063736,1.6481117849063736,1.6139383049169878,15.170757856857284,0.0341734799893858,15.20493133684667,1.6139383049169878,0.9792650715186002,15.170757856857284,0.020734928481399784,0.0022475260974426075,0.004055466985102106,1.6481117849063736
77,All-site tariff 75,0;1;2;3,75.0,Tail-Risk Feasible Counterfactual,1.8481867406892878,1.8481867406892878,1.8481867406892878,1.1499436101955633,14.506688206352946,0.6982431304937244,15.20493133684667,1.1499436101955633,0.6222009848240161,14.506688206352946,0.3777990151759839,0.04592214953326663,0.0818903765656228,1.6481117849063711
77,All-site tariff 75,0;1;2;3,75.0,Risk-Constrained Convex Verifier,1.858978828801256,1.858978828801256,1.858978828801256,1.1249155887860645,14.47086809683148,0.7340632400151916,15.20493133684667,1.1249155887860645,0.605125551382129,14.47086809683148,0.394874448617871,0.04827797138657964,0.08603693208523391,1.6481117849063707
78,All-site tariff 75,0;1;2;3,75.0,Feasible Quantile Projection,6.618045597392591,6.618045597392591,6.618045597392591,4.754821329683527,33.091878017110695,1.8632242677090636,34.95510228481976,4.754821329683527,0.7184630658266927,33.091878017110695,0.2815369341733072,0.05330335618895389,0.08963594832838098,6.618045597392591
78,All-site tariff 75,0;1;2;3,75.0,Single Feasible Projection,13.726487194092513,13.726487194092513,13.726487194092513,2.828482869732254,24.0570979604595,10.898004324360262,34.95510228481976,2.828482869732254,0.20606021261940577,24.0570979604595,0.7939397873805943,0.31177149005491617,0.4477259038175416,9.65389568252131
78,All-site tariff 75,0;1;2;3,75.0,Tail-Risk Feasible Counterfactual,15.279768587838628,15.279768587838628,15.279768587838628,1.8320047171663394,21.50733841414747,13.447763870672288,34.95510228481976,1.8320047171663394,0.1198974124925201,21.50733841414747,0.8801025875074798,0.3847153345768454,0.5353955782930688,10.442381366122259
78,All-site tariff 75,0;1;2;3,75.0,Risk-Constrained Convex Verifier,15.394168873458337,15.394168873458337,15.394168873458337,1.7897464687320763,21.3506798800935,13.60442240472626,34.95510228481976,1.7897464687320763,0.11626132488502482,21.3506798800935,0.8837386751149751,0.3891970417902157,0.5404019598202072,10.512206800038475
79,All-site tariff 75,0;1;2;3,75.0,Feasible Quantile Projection,40.734916818512005,40.734916818512005,40.734916818512005,30.700251844537483,75.62754662180325,10.03466497397452,85.66221159577778,30.700251844537483,0.7536593724081385,75.62754662180325,0.24634062759186146,0.11714225896158302,0.15877995172618264,40.734916818512005
79,All-site tariff 75,0;1;2;3,75.0,Single Feasible Projection,70.99244287177478,70.99244287177478,70.99244287177478,10.279160787862711,24.948929511865696,60.71328208391208,85.66221159577778,10.279160787862711,0.14479232397212669,24.948929511865696,0.8552076760278734,0.7087522135245057,0.7751226069888328,54.803024607290375
79,All-site tariff 75,0;1;2;3,75.0,Tail-Risk Feasible Counterfactual,70.19915241545456,70.19915241545456,70.19915241545456,7.274215113346694,22.737274293669905,62.92493730210787,85.66221159577778,7.274215113346694,0.10362254903444179,22.737274293669905,0.8963774509655582,0.7345705431823032,0.807447537769182,53.135830345106115
79,All-site tariff 75,0;1;2;3,75.0,Risk-Constrained Convex Verifier,70.21165612311529,70.21165612311529,70.21165612311529,7.157219464234128,22.60777493689661,63.054436658881166,85.66221159577778,7.157219464234128,0.10193776730866497,22.60777493689661,0.8980622326913351,0.736082287443406,0.8090443585142207,53.10112987457288
80,All-site tariff 75,0;1;2;3,75.0,Feasible Quantile Projection,16.83110800931715,16.83110800931715,16.83110800931715,12.613924832255194,80.62276477495536,4.217183177061953,84.83994795201733,12.613924832255194,0.7494411434631956,80.62276477495536,0.25055885653680426,0.04970751725881601,0.0829573989802122,16.83110800931715
80,All-site tariff 75,0;1;2;3,75.0,Single Feasible Projection,57.28990292426832,57.28990292426832,57.28990292426832,7.69832257119696,35.24836759894596,49.591580353071365,84.83994795201733,7.69832257119696,0.13437485801596477,35.24836759894596,0.8656251419840354,0.5845310086837715,0.697834832687434,36.4535841464256
80,All-site tariff 75,0;1;2;3,75.0,Tail-Risk Feasible Counterfactual,58.754915770365,58.754915770365,58.754915770365,3.0614205894181508,29.14645277107047,55.69349518094685,84.83994795201733,3.0614205894181508,0.05210492686915365,29.14645277107047,0.9478950731308463,0.6564536698259793,0.7757031656594807,36.673541162917324
80,All-site tariff 75,0;1;2;3,75.0,Risk-Constrained Convex Verifier,58.92727114082949,58.92727114082949,58.92727114082949,2.9489083012030135,28.86158511239084,55.97836283962648,84.83994795201733,2.9489083012030135,0.050043184490173614,28.86158511239084,0.9499568155098264,0.6598113764907776,0.7787361151289279,36.778242656575756
81,All-site tariff 75,0;1;2;3,75.0,Feasible Quantile Projection,60.31891931571547,60.31891931571547,60.31891931571547,45.06248741711646,138.14498050568517,15.25643189859901,153.40141240428414,45.06248741711646,0.7470705365468292,138.14498050568517,0.25292946345317074,0.09945431179206622,0.1427700563237647,60.31891931571547
81,All-site tariff 75,0;1;2;3,75.0,Single Feasible Projection,127.9686684916541,127.9686684916541,127.9686684916541,19.145420283104645,44.578164195734715,108.82324820854943,153.40141240428414,19.145420283104645,0.14961021716306502,44.578164195734715,0.8503897828369348,0.7094018660124817,0.7735239501089424,102.75261673143993
81,All-site tariff 75,0;1;2;3,75.0,Tail-Risk Feasible Counterfactual,118.40288303786085,118.40288303786085,118.40288303786085,13.931692479146065,48.93022184556938,104.47119055871478,153.40141240428414,13.931692479146065,0.11766345651136913,48.93022184556938,0.8823365434886309,0.6810314776201966,0.7687236170331387,92.51846417357513
81,All-site tariff 75,0;1;2;3,75.0,Risk-Constrained Convex Verifier,118.17220397388567,118.17220397388567,118.17220397388567,14.051412534101527,49.28062096450001,104.12079143978414,153.40141240428414,14.051412534101527,0.11890624073666836,49.28062096450001,0.8810937592633317,0.6787472801448358,0.7667960741428914,92.25169975429544
82,All-site tariff 75,0;1;2;3,75.0,Feasible Quantile Projection,31.263636642086787,31.263636642086787,31.263636642086787,24.004255382283866,109.06808972773972,7.259381259802922,116.32747098754264,24.004255382283866,0.7678011249007923,109.06808972773972,0.23219887509920764,0.062404702845988286,0.09837152625779977,31.263636642086787
82,All-site tariff 75,0;1;2;3,75.0,Single Feasible Projection,98.9085502070146,98.9085502070146,98.9085502070146,15.641270235337293,33.06019101586534,83.26727997167731,116.32747098754264,15.641270235337293,0.15813870694293133,33.06019101586534,0.8418612930570687,0.7158006553808283,0.7737299687063991,83.88521166222604
82,All-site tariff 75,0;1;2;3,75.0,Tail-Risk Feasible Counterfactual,87.91687038392121,87.91687038392121,87.91687038392121,3.7778405856500252,32.18844118927145,84.1390297982712,116.32747098754264,3.7778405856500252,0.042970599034664235,32.18844118927145,0.957029400965336,0.7232945845378306,0.8239056145525777,72.19204868973979
82,All-site tariff 75,0;1;2;3,75.0,Risk-Constrained Convex Verifier,87.63595580345226,87.63595580345226,87.63595580345226,3.3316309681111225,32.023146152201505,84.30432483534113,116.32747098754264,3.3316309681111225,0.03801671286136505,32.023146152201505,0.9619832871386349,0.7247155303872219,0.826661192761086,71.87151189947191
83,All-site tariff 75,0;1;2;3,75.0,Feasible Quantile Projection,6.045824429945148,6.045824429945148,6.045824429945148,2.7061096404755363,47.4469662699407,3.3397147894696113,50.78668105941031,2.7061096404755363,0.44759977267485557,47.4469662699407,0.5524002273251445,0.06575965823722187,0.11752833209491807,4.227298065885131
83,All-site tariff 75,0;1;2;3,75.0,Single Feasible Projection,34.184398195850974,34.184398195850974,34.184398195850974,1.3558943564207915,17.95817721998013,32.828503839430184,50.78668105941031,1.3558943564207915,0.03966412831527802,17.95817721998013,0.960335871684722,0.6463998661583608,0.7726982904573968,31.45378485382804
83,All-site tariff 75,0;1;2;3,75.0,Tail-Risk Feasible Counterfactual,26.52273857612642,26.52273857612642,26.52273857612642,0.5505435729972541,24.814486056281154,25.972195003129166,50.78668105941031,0.5505435729972541,0.02075741807042535,24.814486056281154,0.9792425819295746,0.5113977614080917,0.6719024699854441,23.143684896196298
83,All-site tariff 75,0;1;2;3,75.0,Risk-Constrained Convex Verifier,26.308007643987118,26.308007643987118,26.308007643987118,0.523301950729897,25.001975366153097,25.784705693257223,50.78668105941031,0.523301950729897,0.019891356191296432,25.001975366153097,0.9801086438087037,0.5077060590569847,0.6689100410654082,22.88269312646848
84,All-site tariff 75,0;1;2;3,75.0,Feasible Quantile Projection,3.9162364040756583,3.9162364040756583,3.9162364040756583,0.5053866999310299,16.2680828799077,3.410849704144628,19.678932584052326,0.5053866999310299,0.1290490787034894,16.2680828799077,0.8709509212965105,0.17332493465162627,0.2891142424841977,1.5726171369125483
84,All-site tariff 75,0;1;2;3,75.0,Single Feasible Projection,1.8805313133700858,1.8805313133700858,1.8805313133700858,1.1594918912584142,18.957893161940653,0.7210394221116716,19.678932584052326,1.1594918912584142,0.6165767530775639,18.957893161940653,0.3834232469224362,0.036640169329915644,0.0668884370726748,1.572617136912545
84,All-site tariff 75,0;1;2;3,75.0,Tail-Risk Feasible Counterfactual,3.6582006412082455,3.6582006412082455,3.6582006412082455,0.5646008432438632,16.585332786087942,3.093599797964383,19.678932584052326,0.5646008432438632,0.15433840256979028,16.585332786087942,0.8456615974302099,0.15720363819282632,0.26512252110004747,2.416252179785296
84,All-site tariff 75,0;1;2;3,75.0,Risk-Constrained Convex Verifier,3.7565235035949844,3.7565235035949844,3.7565235035949844,0.5349469277212022,16.457356008178547,3.221576575873782,19.678932584052326,0.5349469277212022,0.1424047865557767,16.457356008178547,0.8575952134442233,0.1637068759758101,0.2749318437691389,2.461758043732134
85,All-site tariff 75,0;1;2;3,75.0,Feasible Quantile Projection,29.26999091607295,29.26999091607295,29.26999091607295,22.085965522105198,74.82716961157391,7.184025393967753,82.01119500554165,22.085965522105198,0.7545600401938353,74.82716961157391,0.2454399598061648,0.08759810649609867,0.12911482447766348,29.26999091607295
85,All-site tariff 75,0;1;2;3,75.0,Single Feasible Projection,57.91084210786521,57.91084210786521,57.91084210786521,7.526367172379255,31.62672007005571,50.384474935485954,82.01119500554165,7.526367172379255,0.1299647336911555,31.62672007005571,0.8700352663088445,0.6143609409920363,0.7201792651810711,39.66548150219414
85,All-site tariff 75,0;1;2;3,75.0,Tail-Risk Feasible Counterfactual,55.19931022156827,55.19931022156827,55.19931022156827,3.2661857964264804,30.07807058039988,51.933124425141784,82.01119500554165,3.2661857964264804,0.059170771941100625,30.07807058039988,0.9408292280588993,0.6332443323333182,0.7569846687639903,36.260732875101624
85,All-site tariff 75,0;1;2;3,75.0,Risk-Constrained Convex Verifier,55.1413361446586,55.1413361446586,55.1413361446586,3.1369739930674228,30.00683285395049,52.00436215159118,82.01119500554165,3.1369739930674228,0.05688969858905556,30.00683285395049,0.9431103014109444,0.6341129665050869,0.7583434547721105,36.163289503562936
86,All-site tariff 75,0;1;2;3,75.0,Feasible Quantile Projection,15.370384958091108,15.370384958091108,15.370384958091108,11.801128411095462,87.74765231106858,3.5692565469956468,91.31690885806422,11.801128411095462,0.767783529382798,87.74765231106858,0.23221647061720196,0.03908648016703475,0.06691062111194285,15.354802467528021
86,All-site tariff 75,0;1;2;3,75.0,Single Feasible Projection,59.08153979830824,59.08153979830824,59.08153979830824,6.320778217292037,38.55614727704803,52.760761581016205,91.31690885806422,6.320778217292037,0.10698397907146333,38.55614727704803,0.8930160209285367,0.5777764736104171,0.7016131090761847,40.31143124665051
86,All-site tariff 75,0;1;2;3,75.0,Tail-Risk Feasible Counterfactual,53.88171833370855,53.88171833370855,53.88171833370855,2.1412010138607656,39.57639153821644,51.74051731984778,91.31690885806422,2.1412010138607656,0.039738914794802016,39.57639153821644,0.960261085205198,0.5666039068434647,0.7126860400892205,33.43595353864308
86,All-site tariff 75,0;1;2;3,75.0,Risk-Constrained Convex Verifier,53.78412429771947,53.78412429771947,53.78412429771947,2.060765346894202,39.59354990723895,51.72335895082527,91.31690885806422,2.060765346894202,0.038315495023902094,39.59354990723895,0.9616845049760979,0.5664160076992966,0.7129288858376898,33.247359641307554
87,All-site tariff 75,0;1;2;3,75.0,Feasible Quantile Projection,60.26847440347173,60.26847440347173,60.26847440347173,45.030946632114414,135.97600420703685,15.237527771357318,151.21353197839414,45.030946632114414,0.7471724990191627,135.97600420703685,0.25282750098083734,0.10076828159489391,0.14410235681085254,60.26847440347173
87,All-site tariff 75,0;1;2;3,75.0,Single Feasible Projection,121.34077874002577,121.34077874002577,121.34077874002577,11.36615843946524,41.23891167783361,109.97462030056055,151.21353197839414,11.36615843946524,0.09367138201591227,41.23891167783361,0.9063286179840878,0.7272802828008412,0.8069923385961562,96.14363947551604
87,All-site tariff 75,0;1;2;3,75.0,Tail-Risk Feasible Counterfactual,114.10608942181241,114.10608942181241,114.10608942181241,13.632065993270942,50.739508549852665,100.47402342854149,151.21353197839414,13.632065993270942,0.11946834794134176,50.739508549852665,0.8805316520586584,0.664451270425305,0.7573810251823557,90.37443124653839
87,All-site tariff 75,0;1;2;3,75.0,Risk-Constrained Convex Verifier,113.9249731833284,113.9249731833284,113.9249731833284,13.750805127091207,51.03936392215695,100.1741680562372,151.21353197839414,13.750805127091207,0.12070053424514193,51.03936392215695,0.8792994657548582,0.6624682774458995,0.7556365153008272,90.25092089916518
88,All-site tariff 75,0;1;2;3,75.0,Feasible Quantile Projection,28.858043029603373,28.858043029603373,28.858043029603373,21.677037084730244,118.29625090001005,7.18100594487313,125.47725684488319,21.677037084730244,0.7511610216428517,118.29625090001005,0.24883897835714835,0.05722954203366427,0.0930572066236706,28.820190784492354
88,All-site tariff 75,0;1;2;3,75.0,Single Feasible Projection,113.01573335023907,113.01573335023907,113.01573335023907,24.347623084686703,36.8091465793308,88.66811026555237,125.47725684488319,24.347623084686703,0.215435695216282,36.8091465793308,0.784564304783718,0.7066468656958701,0.7435699488945888,98.44243661717144
88,All-site tariff 75,0;1;2;3,75.0,Tail-Risk Feasible Counterfactual,88.0677058661957,88.0677058661957,88.0677058661957,6.041629209304935,43.45118018799242,82.02607665689075,125.47725684488319,6.041629209304935,0.06860209596562207,43.45118018799242,0.9313979040343778,0.6537127023608157,0.7682323723821107,72.75007015729093
88,All-site tariff 75,0;1;2;3,75.0,Risk-Constrained Convex Verifier,87.29630777459533,87.29630777459533,87.29630777459533,5.3582613944780295,43.53921046476586,81.93804638011733,125.47725684488319,5.3582613944780295,0.06138016063993685,43.53921046476586,0.9386198393600634,0.6530111387548927,0.7701900988184718,71.93490566137633
89,All-site tariff 75,0;1;2;3,75.0,Feasible Quantile Projection,7.732526350118845,7.732526350118845,7.732526350118845,4.389267433776156,61.047907979467396,3.343258916342689,64.39116689581009,4.389267433776156,0.5676369190398808,61.047907979467396,0.43236308096011916,0.051921079823764364,0.09270903265984376,7.072352818592963
89,All-site tariff 75,0;1;2;3,75.0,Single Feasible Projection,47.408332338892805,47.408332338892805,47.408332338892805,5.887798495848822,22.87063305276611,41.52053384304398,64.39116689581009,5.887798495848822,0.12419332647604216,22.87063305276611,0.8758066735239577,0.6448172295157724,0.7427677964080877,44.824542860334645
89,All-site tariff 75,0;1;2;3,75.0,Tail-Risk Feasible Counterfactual,31.6516513001824,31.6516513001824,31.6516513001824,1.4938934891391003,34.233409084766784,30.1577578110433,64.39116689581009,1.4938934891391003,0.047197963700885685,34.233409084766784,0.9528020362991143,0.46835240398486483,0.628006515791759,28.521143609807496
89,All-site tariff 75,0;1;2;3,75.0,Risk-Constrained Convex Verifier,31.12668205732475,31.12668205732475,31.12668205732475,1.439321848026629,34.70380668651197,29.68736020929812,64.39116689581009,1.439321848026629,0.0462407732817744,34.70380668651197,0.9537592267182256,0.4610470914020641,0.6216086424614526,27.960842070814614
90,All-site tariff 75,0;1;2;3,75.0,Feasible Quantile Projection,4.393761703496881,4.393761703496881,4.393761703496881,0.36629188096014254,19.330265759388496,4.027469822536737,23.357735581925233,0.36629188096014254,0.08336635113110945,19.330265759388496,0.9166336488688903,0.1724255250861427,0.29025243439044063,1.597225020018782
90,All-site tariff 75,0;1;2;3,75.0,Single Feasible Projection,2.1309254832324935,2.1309254832324935,2.1309254832324935,1.2178572641031589,22.444667362795897,0.9130682191293347,23.357735581925233,1.2178572641031589,0.5715156506813829,22.444667362795897,0.42848434931861706,0.03909061372524006,0.07164505164043103,1.4917474799170873
90,All-site tariff 75,0;1;2;3,75.0,Tail-Risk Feasible Counterfactual,3.8048570896499667,3.8048570896499667,3.8048570896499667,0.5352779282630273,20.08815642053829,3.2695791613869396,23.357735581925233,0.5352779282630273,0.14068279455727759,20.08815642053829,0.8593172054427225,0.1399784302686009,0.24074131662758771,2.350273763652599
90,All-site tariff 75,0;1;2;3,75.0,Risk-Constrained Convex Verifier,3.8994636931422337,3.8994636931422337,3.8994636931422337,0.5027731439104866,19.96104503269348,3.396690549231747,23.357735581925233,0.5027731439104866,0.12893392104013823,19.96104503269348,0.8710660789598618,0.14542036993775143,0.2492325432964601,2.396582864480628
91,All-site tariff 75,0;1;2;3,75.0,Feasible Quantile Projection,40.08201890235466,40.08201890235466,40.08201890235466,8.96897415605902,71.07341855783497,31.113044746295643,102.1864633041306,8.96897415605902,0.22376552882499956,71.07341855783497,0.7762344711750004,0.3044732515469883,0.43738492551201713,32.36234753494442
91,All-site tariff 75,0;1;2;3,75.0,Single Feasible Projection,61.646307085040476,61.646307085040476,61.646307085040476,3.638523626714469,44.1786798458046,58.007783458326,102.1864633041306,3.638523626714469,0.05902257245831711,44.1786798458046,0.9409774275416828,0.5676660252511274,0.708134072573312,43.68278217309323
91,All-site tariff 75,0;1;2;3,75.0,Tail-Risk Feasible Counterfactual,60.88262026765633,60.88262026765633,60.88262026765633,2.6265641819901715,43.930407218464445,58.25605608566616,102.1864633041306,2.6265641819901715,0.043141444478622816,43.930407218464445,0.9568585555213772,0.5700956291273398,0.7144954127373928,42.18406344897198
91,All-site tariff 75,0;1;2;3,75.0,Risk-Constrained Convex Verifier,60.88889784175528,60.88889784175528,60.88889784175528,2.5746043375611336,43.872169799936465,58.31429350419414,102.1864633041306,2.5746043375611336,0.04228364166243075,43.872169799936465,0.9577163583375692,0.5706655423687312,0.7151821476210211,42.14801841211549
92,All-site tariff 75,0;1;2;3,75.0,Feasible Quantile Projection,2.474214422261249,2.474214422261249,2.474214422261249,0.17480501502973356,16.574126534504824,2.299409407231515,18.87353594173634,0.17480501502973356,0.07065071380110002,16.574126534504824,0.9293492861988998,0.12183246500973217,0.21542404871938245,0.6980420059312282
92,All-site tariff 75,0;1;2;3,75.0,Single Feasible Projection,0.8375819515019347,0.8375819515019347,0.8375819515019347,0.65810010475152,18.694054094985923,0.17948184675041468,18.87353594173634,0.65810010475152,0.7857142857142856,18.694054094985923,0.2142857142857144,0.009509709643412086,0.018211229593627903,0.8375819515019347
92,All-site tariff 75,0;1;2;3,75.0,Tail-Risk Feasible Counterfactual,1.608056822875393,1.608056822875393,1.608056822875393,0.39390145833962653,17.659380577200572,1.2141553645357666,18.87353594173634,0.39390145833962653,0.24495493737297466,17.659380577200572,0.7550450626270253,0.0643311019346842,0.11856063915435272,0.8399638104021974
92,All-site tariff 75,0;1;2;3,75.0,Risk-Constrained Convex Verifier,1.649616410717771,1.649616410717771,1.649616410717771,0.37965052393365495,17.603570054952225,1.2699658867841161,18.87353594173634,0.37965052393365495,0.23014473029427715,17.603570054952225,0.7698552697057228,0.06728818016425601,0.12375933920621669,0.840092288406961
93,All-site tariff 75,0;1;2;3,75.0,Feasible Quantile Projection,1.2850107514268463,1.2850107514268463,1.2850107514268463,0.6337051566231129,22.855181000969885,0.6513055948037334,23.50648659577362,0.6337051566231129,0.4931516377738173,22.855181000969885,0.5068483622261827,0.027707483725825526,0.052542658935224085,1.1832620642444827
93,All-site tariff 75,0;1;2;3,75.0,Single Feasible Projection,0.9572365160022116,0.9572365160022116,0.9572365160022116,0.7179273870016587,23.267177466773067,0.2393091290005529,23.50648659577362,0.7179273870016587,0.75,23.267177466773067,0.25,0.010180557099655199,0.01956440791184064,0.9572365160022116
93,All-site tariff 75,0;1;2;3,75.0,Tail-Risk Feasible Counterfactual,1.2683342366810453,1.2683342366810453,1.2683342366810453,0.48828258408591485,22.726434943178493,0.7800516525951304,23.50648659577362,0.48828258408591485,0.38497942416475656,22.726434943178493,0.6150205758352435,0.0331845275735669,0.06297132543322159,0.9682530428692027
93,All-site tariff 75,0;1;2;3,75.0,Risk-Constrained Convex Verifier,1.2851149177006191,1.2851149177006191,1.2851149177006191,0.4758954917693159,22.69726716984232,0.8092194259313032,23.50648659577362,0.4758954917693159,0.37031356901591944,22.69726716984232,0.6296864309840805,0.034425366914543405,0.06528173869618648,0.9688472768060334
94,All-site tariff 75,0;1;2;3,75.0,Feasible Quantile Projection,0.0,0.0,0.0,0.0,7.66902221023273,0.0,7.66902221023273,0.0,0.0,7.66902221023273,0.0,0.0,0.0,0.0
94,All-site tariff 75,0;1;2;3,75.0,Single Feasible Projection,0.0,0.0,0.0,0.0,7.66902221023273,0.0,7.66902221023273,0.0,0.0,7.66902221023273,0.0,0.0,0.0,0.0
94,All-site tariff 75,0;1;2;3,75.0,Tail-Risk Feasible Counterfactual,0.18365171376584866,0.18365171376584866,0.18365171376584866,0.0,7.4853704964668815,0.18365171376584866,7.66902221023273,0.0,0.0,7.4853704964668815,1.0,0.023947213703567487,0.046774312939339084,-2.220446049250313e-15
94,All-site tariff 75,0;1;2;3,75.0,Risk-Constrained Convex Verifier,0.1935579285098139,0.1935579285098139,0.1935579285098139,0.0,7.475464281722916,0.1935579285098139,7.66902221023273,0.0,0.0,7.475464281722916,1.0,0.025238931796487788,0.0492352192522821,-3.1086244689504383e-15
95,All-site tariff 75,0;1;2;3,75.0,Feasible Quantile Projection,2.263264033763285,2.263264033763285,2.263264033763285,0.4194935818421228,18.372645151031808,1.8437704519211622,20.21641560295297,0.4194935818421228,0.18534893657307935,18.372645151031808,0.8146510634269206,0.09120164959666967,0.16403885479842123,0.853586353264592
95,All-site tariff 75,0;1;2;3,75.0,Single Feasible Projection,0.8535863532645909,0.8535863532645909,0.8535863532645909,0.6097045380461363,19.972533787734513,0.24388181521845453,20.21641560295297,0.6097045380461363,0.7142857142857143,19.972533787734513,0.2857142857142857,0.01206355369855135,0.023149671815430213,0.8535863532645909
95,All-site tariff 75,0;1;2;3,75.0,Tail-Risk Feasible Counterfactual,1.5647633114286374,1.5647633114286374,1.5647633114286374,0.44814191938109826,19.09979421090543,1.1166213920475392,20.21641560295297,0.44814191938109826,0.2863959782977927,19.09979421090543,0.7136040217022073,0.055233401112135656,0.102530849816422,0.8535863532645886
95,All-site tariff 75,0;1;2;3,75.0,Risk-Constrained Convex Verifier,1.6031243564963447,1.6031243564963447,1.6031243564963447,0.43942719539472774,19.052718441851358,1.163697161101617,20.21641560295297,0.43942719539472774,0.27410674263293167,19.052718441851358,0.7258932573670683,0.05756199239056196,0.10666560003229202,0.8535863532645869
96,All-site tariff 75,0;1;2;3,75.0,Feasible Quantile Projection,1.0414643262866534,1.0414643262866534,1.0414643262866534,0.6441730375506576,15.332669298058962,0.39729128873599584,15.729960586794954,0.6441730375506576,0.6185262627741268,15.332669298058962,0.38147373722587313,0.02525697928763505,0.04737716572026163,0.9080104704904333
96,All-site tariff 75,0;1;2;3,75.0,Single Feasible Projection,0.9080104704904342,0.9080104704904342,0.9080104704904342,0.6983298602737866,15.520279976578307,0.20968061021664752,15.729960586794954,0.6983298602737866,0.7690768806846523,15.520279976578307,0.2309231193153477,0.013330014977448257,0.025205069716097765,0.9080104704904342
96,All-site tariff 75,0;1;2;3,75.0,Tail-Risk Feasible Counterfactual,1.2245975228461725,1.2245975228461725,1.2245975228461725,0.5149559545011391,15.020319018449921,0.7096415683450334,15.729960586794954,0.5149559545011391,0.42051036760575344,15.020319018449921,0.5794896323942466,0.04511400803767849,0.08371100724135054,0.9080104704904319
96,All-site tariff 75,0;1;2;3,75.0,Risk-Constrained Convex Verifier,1.2422696175255348,1.2422696175255348,1.2422696175255348,0.5056600426573854,14.993351011926807,0.7366095748681494,15.729960586794954,0.5056600426573854,0.4070453269754797,14.993351011926807,0.5929546730245203,0.04682844377159604,0.08680174214000896,0.9080104704904317
97,All-site tariff 75,0;1;2;3,75.0,Feasible Quantile Projection,0.23517980774796188,0.23517980774796188,0.23517980774796188,0.12927679448874296,9.11158016270066,0.10590301325921891,9.21748317595988,0.12927679448874296,0.5496934270279134,9.11158016270066,0.4503065729720867,0.011489363336775553,0.022407021903086632,0.006876993048899216
97,All-site tariff 75,0;1;2;3,75.0,Single Feasible Projection,0.006876993048899216,0.006876993048899216,0.006876993048899216,0.0,9.21060618291098,0.006876993048899216,9.21748317595988,0.0,0.0,9.21060618291098,1.0,0.0007460814321674168,0.0014910504193025665,0.006876993048899216
97,All-site tariff 75,0;1;2;3,75.0,Tail-Risk Feasible Counterfactual,0.3681942678743755,0.3681942678743755,0.3681942678743755,0.0,8.849288908085503,0.3681942678743755,9.21748317595988,0.0,0.0,8.849288908085503,1.0,0.03994520639155199,0.0768217520424093,0.0068769930488969955
97,All-site tariff 75,0;1;2;3,75.0,Risk-Constrained Convex Verifier,0.3876838029390426,0.3876838029390426,0.3876838029390426,0.0,8.829799373020837,0.3876838029390426,9.21748317595988,0.0,0.0,8.829799373020837,1.0,0.04205961600777974,0.0807240111058401,0.006876993048896107
98,All-site tariff 75,0;1;2;3,75.0,Feasible Quantile Projection,0.3423088095506903,0.3423088095506903,0.3423088095506903,0.04522847719298406,5.464685403221487,0.29708033235770626,5.761765735579194,0.04522847719298406,0.13212770437415947,5.464685403221487,0.8678722956258406,0.05156064060765613,0.09733836969429899,0.0
98,All-site tariff 75,0;1;2;3,75.0,Single Feasible Projection,0.0,0.0,0.0,0.0,5.761765735579194,0.0,5.761765735579194,0.0,0.0,5.761765735579194,0.0,0.0,0.0,0.0
98,All-site tariff 75,0;1;2;3,75.0,Tail-Risk Feasible Counterfactual,0.4120448611281917,0.4120448611281917,0.4120448611281917,0.0,5.349720874451,0.4120448611281917,5.761765735579194,0.0,0.0,5.349720874451,1.0,0.07151364356655356,0.13348153613521715,-2.886579864025407e-15
98,All-site tariff 75,0;1;2;3,75.0,Risk-Constrained Convex Verifier,0.43427065360670736,0.43427065360670736,0.43427065360670736,0.0,5.327495081972485,0.43427065360670736,5.761765735579194,0.0,0.0,5.327495081972485,1.0,0.07537110558401641,0.14017692160899858,-2.886579864025407e-15
99,All-site tariff 75,0;1;2;3,75.0,Feasible Quantile Projection,0.23711742673137692,0.23711742673137692,0.23711742673137692,0.1367216941324736,5.467022470434275,0.10039573259890333,5.567418203033178,0.1367216941324736,0.5765990969839657,5.467022470434275,0.4234009030160343,0.018032727008760876,0.034592166885527624,2.220446049250313e-16
99,All-site tariff 75,0;1;2;3,75.0,Single Feasible Projection,0.0,0.0,0.0,0.0,5.567418203033178,0.0,5.567418203033178,0.0,0.0,5.567418203033178,0.0,0.0,0.0,0.0
99,All-site tariff 75,0;1;2;3,75.0,Tail-Risk Feasible Counterfactual,0.3401039205534322,0.3401039205534322,0.3401039205534322,0.0,5.227314282479744,0.3401039205534322,5.567418203033178,0.0,0.0,5.227314282479744,1.0,0.061088265359361835,0.11514266504242773,-1.9984014443252818e-15
99,All-site tariff 75,0;1;2;3,75.0,Risk-Constrained Convex Verifier,0.35844920251776213,0.35844920251776213,0.35844920251776213,0.0,5.208969000515414,0.35844920251776213,5.567418203033178,0.0,0.0,5.208969000515414,1.0,0.06438338013165167,0.12097780054342488,-3.1086244689504383e-15
100,All-site tariff 75,0;1;2;3,75.0,Feasible Quantile Projection,0.18878179863868105,0.18878179863868105,0.18878179863868105,0.18878179863868105,8.386429784334817,0.0,8.386429784334817,0.18878179863868105,1.0,8.386429784334817,0.0,0.0,0.0,0.18878179863868105
100,All-site tariff 75,0;1;2;3,75.0,Single Feasible Projection,0.18878179863868105,0.18878179863868105,0.18878179863868105,0.18878179863868105,8.386429784334817,0.0,8.386429784334817,0.18878179863868105,1.0,8.386429784334817,0.0,0.0,0.0,0.18878179863868105
100,All-site tariff 75,0;1;2;3,75.0,Tail-Risk Feasible Counterfactual,0.22031918367145464,0.22031918367145464,0.22031918367145464,0.14771547672155227,8.313826077384915,0.07260370694990237,8.386429784334817,0.14771547672155227,0.6704612565278437,8.313826077384915,0.3295387434721563,0.008657284305357246,0.01687134299368808,0.18878179863868083
100,All-site tariff 75,0;1;2;3,75.0,Risk-Constrained Convex Verifier,0.22202031731290828,0.22202031731290828,0.22202031731290828,0.14550035008148976,8.3099098171034,0.07651996723141852,8.386429784334817,0.14550035008148976,0.6553470053662983,8.3099098171034,0.3446529946337017,0.009124260167819174,0.017777873212454814,0.1887817986386804
101,All-site tariff 75,0;1;2;3,75.0,Feasible Quantile Projection,0.5032364755227858,0.5032364755227858,0.5032364755227858,0.353829631812254,17.745320356410225,0.1494068437105318,17.89472720012076,0.353829631812254,0.7031080794465049,17.745320356410225,0.2968919205534951,0.008349210470753841,0.01624167177896178,0.5032364755227858
101,All-site tariff 75,0;1;2;3,75.0,Single Feasible Projection,0.5032364755227858,0.5032364755227858,0.5032364755227858,0.353829631812254,17.745320356410225,0.1494068437105318,17.89472720012076,0.353829631812254,0.7031080794465049,17.745320356410225,0.2968919205534951,0.008349210470753841,0.01624167177896178,0.5032364755227858
101,All-site tariff 75,0;1;2;3,75.0,Tail-Risk Feasible Counterfactual,0.494618590372609,0.494618590372609,0.494618590372609,0.27837373391072573,17.678482343658874,0.2162448564618833,17.89472720012076,0.27837373391072573,0.5628048345312285,17.678482343658874,0.43719516546877146,0.012084277901728729,0.023518493689283295,0.491649315819523
101,All-site tariff 75,0;1;2;3,75.0,Risk-Constrained Convex Verifier,0.49415373970943843,0.49415373970943843,0.49415373970943843,0.2743036258078184,17.674877086219137,0.21985011390162001,17.89472720012076,0.2743036258078184,0.555097743404934,17.674877086219137,0.44490225659506594,0.012285748278975519,0.023911200972042416,0.4910243018191669
102,All-site tariff 75,0;1;2;3,75.0,Feasible Quantile Projection,6.068302002607784,6.068302002607784,6.068302002607784,5.315553157399926,17.71525514028546,0.7527488452078581,18.468003985493322,5.315553157399926,0.8759539579796173,17.71525514028546,0.12404604202038277,0.040759621115478685,0.06135796036884314,6.068302002607784
102,All-site tariff 75,0;1;2;3,75.0,Single Feasible Projection,5.789479350977102,5.789479350977102,5.789479350977102,4.504827182769925,17.183351817286145,1.284652168207177,18.468003985493322,4.504827182769925,0.7781057517736265,17.183351817286145,0.22189424822637355,0.06956096442345776,0.10591800892021966,5.789479350977102
102,All-site tariff 75,0;1;2;3,75.0,Tail-Risk Feasible Counterfactual,6.286211125242945,6.286211125242945,6.286211125242945,3.997511314606652,16.17930417485703,2.2886998106362935,18.468003985493322,3.997511314606652,0.6359174445405156,16.17930417485703,0.3640825554594846,0.12392783824576141,0.18491394701047506,6.283816069115455
102,All-site tariff 75,0;1;2;3,75.0,Risk-Constrained Convex Verifier,6.313004948862266,6.313004948862266,6.313004948862266,3.970145287851805,16.12514432448286,2.3428596610104617,18.468003985493322,3.970145287851805,0.6288836013929162,16.12514432448286,0.37111639860708384,0.12686046975356868,0.18908509070124235,6.31048070286861
103,All-site tariff 75,0;1;2;3,75.0,Feasible Quantile Projection,1.2208154402978737,1.2208154402978737,1.2208154402978737,0.4933078747608082,57.21219904581879,0.7275075655370655,57.93970661135586,0.4933078747608082,0.4040806320736271,57.21219904581879,0.5959193679263729,0.01255628666567114,0.024594359221572465,1.2208154402978737
103,All-site tariff 75,0;1;2;3,75.0,Single Feasible Projection,17.62044545246072,17.62044545246072,17.62044545246072,9.644444873177402,49.96370603207254,7.976000579283317,57.93970661135586,9.644444873177402,0.5473439873695441,49.96370603207254,0.4526560126304558,0.1376603549752885,0.21111658358090513,17.62044545246072
103,All-site tariff 75,0;1;2;3,75.0,Tail-Risk Feasible Counterfactual,17.68638940772994,17.68638940772994,17.68638940772994,7.8576504935074505,48.110967697133376,9.828738914222487,57.93970661135586,7.8576504935074505,0.44427668713848506,48.110967697133376,0.5557233128615148,0.16963736078525654,0.2599298240052482,17.68638940772994
103,All-site tariff 75,0;1;2;3,75.0,Risk-Constrained Convex Verifier,17.697147349233997,17.697147349233997,17.697147349233997,7.770678821906811,48.01323808402867,9.926468527327186,57.93970661135586,7.770678821906811,0.43909216940792195,48.01323808402867,0.560907830592078,0.1713241075573837,0.26247703355031965,17.697147349233997
104,All-site tariff 75,0;1;2;3,75.0,Feasible Quantile Projection,0.0,0.0,0.0,0.0,30.251881171199763,0.0,30.251881171199763,0.0,0.0,30.251881171199763,0.0,0.0,0.0,0.0
104,All-site tariff 75,0;1;2;3,75.0,Single Feasible Projection,2.2086881635832696,2.2086881635832696,2.2086881635832696,2.2086881635832696,30.251881171199763,0.0,30.251881171199763,2.2086881635832696,1.0,30.251881171199763,0.0,0.0,0.0,2.2086881635832696
104,All-site tariff 75,0;1;2;3,75.0,Tail-Risk Feasible Counterfactual,7.283760522547,7.283760522547,7.283760522547,2.7449834675307985,25.713104116183562,4.538777055016203,30.251881171199763,2.7449834675307985,0.37686349778162764,25.713104116183562,0.6231365022183725,0.15003288652796856,0.24183825559973518,7.273549550336389
104,All-site tariff 75,0;1;2;3,75.0,Risk-Constrained Convex Verifier,7.557516361488904,7.557516361488904,7.557516361488904,2.814473290823342,25.5088381005342,4.743043070665563,30.251881171199763,2.814473290823342,0.3724071713777756,25.5088381005342,0.6275928286222244,0.15678506218585211,0.250892284996866,7.546754607140796
105,All-site tariff 75,0;1;2;3,75.0,Feasible Quantile Projection,0.8508747365945188,0.8508747365945188,0.8508747365945188,0.6079707308402398,0.9361380878432974,0.24290400575427906,1.1790420935975765,0.6079707308402398,0.7145243649770812,0.9361380878432974,0.28547563502291884,0.20601809475106458,0.2393240965752203,0.8508747365945188
105,All-site tariff 75,0;1;2;3,75.0,Single Feasible Projection,0.925403352669115,0.925403352669115,0.925403352669115,0.6815215374506614,0.9351602783791229,0.24388181521845365,1.1790420935975765,0.6815215374506614,0.7364589024720603,0.9351602783791229,0.26354109752793975,0.2068474200732768,0.2317777499541293,0.925403352669115
105,All-site tariff 75,0;1;2;3,75.0,Tail-Risk Feasible Counterfactual,0.85448518521959,0.85448518521959,0.85448518521959,0.5388860610982651,0.8634429694762515,0.31559912412132496,1.1790420935975765,0.5388860610982651,0.6306558269465834,0.8634429694762515,0.36934417305341655,0.2676741787550151,0.3103957615015602,0.8460712489108457
105,All-site tariff 75,0;1;2;3,75.0,Risk-Constrained Convex Verifier,0.850659843317803,0.850659843317803,0.850659843317803,0.5313073305573452,0.8596895808371188,0.31935251276045773,1.1790420935975765,0.5313073305573452,0.6245825928318225,0.8596895808371188,0.3754174071681775,0.2708576008393617,0.3146792215666806,0.8417920573922637
106,All-site tariff 75,0;1;2;3,75.0,Feasible Quantile Projection,0.470287050822328,0.470287050822328,0.470287050822328,0.2765291438085735,3.2845919822343155,0.1937579070137545,3.4783498892480695,0.2765291438085735,0.5880007610778226,3.2845919822343155,0.4119992389221774,0.0557039726258361,0.09813913507596377,0.470287050822328
106,All-site tariff 75,0;1;2;3,75.0,Single Feasible Projection,0.4046406188749865,0.4046406188749865,0.4046406188749865,0.21088271186123198,3.2845919822343155,0.1937579070137545,3.4783498892480695,0.21088271186123198,0.5211605113879684,3.2845919822343155,0.47883948861203157,0.0557039726258361,0.09979829031691989,0.4046406188749865
106,All-site tariff 75,0;1;2;3,75.0,Tail-Risk Feasible Counterfactual,0.865156381264806,0.865156381264806,0.865156381264806,0.19474156561968137,2.8079350736029447,0.6704148156451246,3.4783498892480695,0.19474156561968137,0.22509406372866492,2.8079350736029447,0.7749059362713351,0.1927393266897745,0.3086975240240475,0.8278393241410249
106,All-site tariff 75,0;1;2;3,75.0,Risk-Constrained Convex Verifier,0.8899967050585231,0.8899967050585231,0.8899967050585231,0.1953278162506733,2.78368100044022,0.6946688888078498,3.4783498892480695,0.1953278162506733,0.21947026898018596,2.78368100044022,0.780529731019814,0.19971219426635067,0.31804659900990195,0.8506667574808453
107,All-site tariff 75,0;1;2;3,75.0,Feasible Quantile Projection,5.365266696290455,5.365266696290455,5.365266696290455,3.9432213060761168,7.678565641053819,1.4220453902143384,9.100611031268157,3.9432213060761168,0.7349534569833145,7.678565641053819,0.26504654301668557,0.15625823203831385,0.1966068588434468,5.365266696290455
107,All-site tariff 75,0;1;2;3,75.0,Single Feasible Projection,5.415317520852042,5.415317520852042,5.415317520852042,3.9823717503730713,7.667665260789187,1.4329457704789708,9.100611031268157,3.9823717503730713,0.7353902582883981,7.667665260789187,0.2646097417116018,0.15745599559805512,0.1974308106207473,5.415317520852042
107,All-site tariff 75,0;1;2;3,75.0,Tail-Risk Feasible Counterfactual,6.5896308501879375,6.5896308501879375,6.5896308501879375,3.5373749176034837,6.048355098683704,3.0522559325844534,9.100611031268157,3.5373749176034837,0.5368092686865148,6.048355098683704,0.4631907313134851,0.33539021963442006,0.38906422930188717,6.5848347874829525
107,All-site tariff 75,0;1;2;3,75.0,Risk-Constrained Convex Verifier,6.652973575276444,6.652973575276444,6.652973575276444,3.5134997011732327,5.961137157164947,3.139473874103211,9.100611031268157,3.5134997011732327,0.5281096732790255,5.961137157164947,0.47189032672097453,0.3449739652993091,0.39857263632544454,6.647918811870515
108,All-site tariff 75,0;1;2;3,75.0,Feasible Quantile Projection,0.24154704228136703,0.24154704228136703,0.24154704228136703,0.19139450031069272,4.917790809215234,0.050152541970674314,4.967943351185907,0.19139450031069272,0.7923694635339235,4.917790809215234,0.20763053646607657,0.010095232257167809,0.019254298667511063,0.18489442648605348
108,All-site tariff 75,0;1;2;3,75.0,Single Feasible Projection,0.08086965699545745,0.08086965699545745,0.08086965699545745,0.08086965699545745,4.967943351185907,0.0,4.967943351185907,0.08086965699545745,1.0,4.967943351185907,0.0,0.0,0.0,0.08086965699545745
108,All-site tariff 75,0;1;2;3,75.0,Tail-Risk Feasible Counterfactual,2.0864154128209655,2.0864154128209655,2.0864154128209655,0.061832026967957754,2.9433599653328995,2.0245833858530076,4.967943351185907,0.061832026967957754,0.029635530195953136,2.9433599653328995,0.9703644698040468,0.4075294830746642,0.5739950160127795,1.9539095436217768
108,All-site tariff 75,0;1;2;3,75.0,Risk-Constrained Convex Verifier,2.1945950019392444,2.1945950019392444,2.1945950019392444,0.060805132922694405,2.8341534821693566,2.13378986901655,4.967943351185907,0.060805132922694405,0.027706767248154768,2.8341534821693566,0.9722932327518452,0.4295117150454602,0.5958194605926367,2.0549417363547633
109,All-site tariff 75,0;1;2;3,75.0,Feasible Quantile Projection,0.7234240373990732,0.7234240373990732,0.7234240373990732,0.15592928164583442,11.598910189569265,0.5674947557532388,12.166404945322501,0.15592928164583442,0.2155434068882298,11.598910189569265,0.7844565931117702,0.04664440796633339,0.08805310861981928,0.23050924447990506
109,All-site tariff 75,0;1;2;3,75.0,Single Feasible Projection,0.2305092444799044,0.2305092444799044,0.2305092444799044,0.12900860833775063,12.06490430918035,0.10150063614215377,12.166404945322501,0.12900860833775063,0.5596678286323458,12.06490430918035,0.44033217136765423,0.008342697501711606,0.01637514539314103,0.2305092444799044
109,All-site tariff 75,0;1;2;3,75.0,Tail-Risk Feasible Counterfactual,4.604264592555953,4.604264592555953,4.604264592555953,0.13699086351431933,7.699131216280868,4.467273729041635,12.166404945322501,0.13699086351431933,0.0297530388969831,7.699131216280868,0.970246961103017,0.36718108176722525,0.5327484056556945,4.36943530831152
109,All-site tariff 75,0;1;2;3,75.0,Risk-Constrained Convex Verifier,4.840927832796101,4.840927832796101,4.840927832796101,0.15056456218043457,7.476041674706837,4.6903632706156655,12.166404945322501,0.15056456218043457,0.031102418251393156,7.476041674706837,0.9688975817486066,0.3855176029151425,0.5515695296619612,4.592689911042804
110,All-site tariff 75,0;1;2;3,75.0,Feasible Quantile Projection,35.431981863809035,35.431981863809035,35.431981863809035,26.58334528671169,53.930559892902636,8.848636577097345,62.77919646999999,26.58334528671169,0.750264136759013,53.930559892902636,0.249735863240987,0.14094854784141436,0.18019611875588745,35.37695086555056
110,All-site tariff 75,0;1;2;3,75.0,Single Feasible Projection,39.264387937851055,39.264387937851055,39.264387937851055,20.27572210252925,43.790530634678184,18.988665835321797,62.77919646999999,20.27572210252925,0.5163896132704863,43.790530634678184,0.48361038672951356,0.30246748768751486,0.372167754504336,39.22730779667543
110,All-site tariff 75,0;1;2;3,75.0,Tail-Risk Feasible Counterfactual,41.766103086211224,41.766103086211224,41.766103086211224,20.0570459702789,41.07013935406766,21.709057115932325,62.77919646999999,20.0570459702789,0.48022306339852394,41.07013935406766,0.5197769366014761,0.34580017484464515,0.4153043170393317,41.66984936333694
110,All-site tariff 75,0;1;2;3,75.0,Risk-Constrained Convex Verifier,41.90105482327613,41.90105482327613,41.90105482327613,20.045244088369326,40.92338573509319,21.8558107349068,62.77919646999999,20.045244088369326,0.4783947366698308,40.92338573509319,0.5216052633301692,0.34813779028457204,0.41757276018902056,41.80160521575188
111,All-site tariff 75,0;1;2;3,75.0,Feasible Quantile Projection,1.7504467745682655,1.7504467745682655,1.7504467745682655,0.2498383767451775,88.43455509841849,1.500608397823088,89.93516349624157,0.2498383767451775,0.14272834819944655,88.43455509841849,0.8572716518005534,0.016685446931842172,0.032733782180012175,0.800502724658479
111,All-site tariff 75,0;1;2;3,75.0,Single Feasible Projection,24.384308007943304,24.384308007943304,24.384308007943304,6.5851349388365605,72.13599042713483,17.799173069106747,89.93516349624157,6.5851349388365605,0.2700562565356139,72.13599042713483,0.7299437434643863,0.19791116596847663,0.3113935506333263,24.37002967551268
111,All-site tariff 75,0;1;2;3,75.0,Tail-Risk Feasible Counterfactual,24.589325791723006,24.589325791723006,24.589325791723006,3.9546141386825178,69.30045184320107,20.63471165304049,89.93516349624157,3.9546141386825178,0.16082645665761514,69.30045184320107,0.8391735433423849,0.22943986368471797,0.3603545718707518,24.4717147365875
111,All-site tariff 75,0;1;2;3,75.0,Risk-Constrained Convex Verifier,24.64592415704256,24.64592415704256,24.64592415704256,3.870895940433761,69.16013527963277,20.775028216608803,89.93516349624157,3.870895940433761,0.15706028776882583,69.16013527963277,0.8429397122311743,0.2310000605878367,0.3626257813064728,24.519669082129358
112,All-site tariff 75,0;1;2;3,75.0,Feasible Quantile Projection,2.036179274861925,2.036179274861925,2.036179274861925,0.006947407446371123,11.452420358810198,2.029231867415554,13.481652226225751,0.006947407446371123,0.0034119822022263893,11.452420358810198,0.9965880177977736,0.1505180398785325,0.26153549447592866,0.2017848922757317
112,All-site tariff 75,0;1;2;3,75.0,Single Feasible Projection,0.18878179863868105,0.18878179863868105,0.18878179863868105,0.18878179863868105,13.481652226225751,0.0,13.481652226225751,0.18878179863868105,1.0,13.481652226225751,0.0,0.0,0.0,0.18878179863868105
112,All-site tariff 75,0;1;2;3,75.0,Tail-Risk Feasible Counterfactual,3.2468657544418873,3.2468657544418873,3.2468657544418873,0.09088867916249832,10.325675150946363,3.155977075279389,13.481652226225751,0.09088867916249832,0.027992743167209087,10.325675150946363,0.9720072568327909,0.23409423580442845,0.37731699591399587,2.6300228611832375
112,All-site tariff 75,0;1;2;3,75.0,Risk-Constrained Convex Verifier,3.4118194907837553,3.4118194907837553,3.4118194907837553,0.08560830228170246,10.155441037723701,3.326211188502053,13.481652226225751,0.08560830228170246,0.02509168568646541,10.155441037723701,0.9749083143135346,0.24672133153172432,0.3937865755743972,2.7617039531342105
113,All-site tariff 75,0;1;2;3,75.0,Feasible Quantile Projection,6.989836085212357,6.989836085212357,6.989836085212357,2.8740052831313827,69.1719479952158,4.115830802080973,73.28777879729677,2.8740052831313827,0.41116919597179197,69.1719479952158,0.5888308040282079,0.05615985188287336,0.10253993739362405,6.095795449671688
113,All-site tariff 75,0;1;2;3,75.0,Single Feasible Projection,18.524112873584627,18.524112873584627,18.524112873584627,1.6362113679921455,56.3998772917043,16.88790150559248,73.28777879729677,1.6362113679921455,0.08832873018849835,56.3998772917043,0.9116712698115016,0.2304327103745624,0.3678804825442577,17.601061577139077
113,All-site tariff 75,0;1;2;3,75.0,Tail-Risk Feasible Counterfactual,24.040258768796974,24.040258768796974,24.040258768796974,1.7095593803869575,50.957079408886756,22.330699388410018,73.28777879729677,1.7095593803869575,0.07111235352449193,50.957079408886756,0.9288876464755081,0.30469881547608985,0.45887495416201396,22.647179339244303
113,All-site tariff 75,0;1;2;3,75.0,Risk-Constrained Convex Verifier,24.3814028805762,24.3814028805762,24.3814028805762,1.7401885854583947,50.646564502178975,22.641214295117805,73.28777879729677,1.7401885854583947,0.07137360364299387,50.646564502178975,0.9286263963570062,0.3089357416294479,0.4636306746132427,22.954139285885546
114,All-site tariff 75,0;1;2;3,75.0,Feasible Quantile Projection,4.88508384099092,4.88508384099092,4.88508384099092,2.5912074225429294,39.06011264179387,2.293876418447991,41.353989060241865,2.5912074225429294,0.5304325384960666,39.06011264179387,0.46956746150393336,0.055469290159805805,0.09921809735881765,4.16201870056779
114,All-site tariff 75,0;1;2;3,75.0,Single Feasible Projection,4.129169520581112,4.129169520581112,4.129169520581112,2.2276765809727532,39.4524961206335,1.9014929396083584,41.353989060241865,2.2276765809727532,0.5394974872960036,39.4524961206335,0.4605025127039965,0.04598088317038495,0.08361305586239928,3.930068094447771
114,All-site tariff 75,0;1;2;3,75.0,Tail-Risk Feasible Counterfactual,10.912989381050314,10.912989381050314,10.912989381050314,1.3435582448648433,31.78455792405639,9.569431136185472,41.353989060241865,1.3435582448648433,0.12311550922956487,31.78455792405639,0.8768844907704352,0.23140285504852584,0.366175027582057,10.301723710421022
114,All-site tariff 75,0;1;2;3,75.0,Risk-Constrained Convex Verifier,11.279965960770667,11.279965960770667,11.279965960770667,1.2969229243032838,31.37094602377448,9.983043036467384,41.353989060241865,1.2969229243032838,0.11497578350978248,31.37094602377448,0.8850242164902176,0.24140459634800215,0.3793385099972804,10.64541224733772
61,All-site tariff 150,0;1;2;3,150.0,Feasible Quantile Projection,12.572518029688935,12.572518029688935,12.572518029688935,2.7974808219143155,37.564321873808005,9.77503720777462,47.339359081582614,2.7974808219143155,0.22250760072948808,37.564321873808005,0.777492399270512,0.20648858365253195,0.32631383555617516,6.2534175369741485
61,All-site tariff 150,0;1;2;3,150.0,Single Feasible Projection,29.7983285210996,29.7983285210996,29.7983285210996,1.225111776654991,18.766142337138014,28.573216744444608,47.339359081582614,1.225111776654991,0.041113439493343194,18.766142337138014,0.9588865605066568,0.6035826698710212,0.740836746147186,16.391486332391473
61,All-site tariff 150,0;1;2;3,150.0,Tail-Risk Feasible Counterfactual,31.104078429051622,31.104078429051622,31.104078429051622,1.6393511559915601,17.87463180852256,29.464727273060063,47.339359081582614,1.6393511559915601,0.05270534408312141,17.87463180852256,0.9472946559168787,0.6224150019074365,0.7512349842921063,17.403402556589015
61,All-site tariff 150,0;1;2;3,150.0,Risk-Constrained Convex Verifier,31.22019408004359,31.22019408004359,31.22019408004359,1.6862246506797967,17.80538965221883,29.533969429363793,47.339359081582614,1.6862246506797967,0.054010703660476486,17.80538965221883,0.9459892963395234,0.6238776781592295,0.751887408743312,17.482168579223817
62,All-site tariff 150,0;1;2;3,150.0,Feasible Quantile Projection,43.11501964235505,43.11501964235505,43.11501964235505,32.30206825722077,91.93064423607171,10.812951385134284,102.743595621206,32.30206825722077,0.7492068547149188,91.93064423607171,0.2507931452850813,0.10524209630544135,0.14826620101384738,43.11501964235505
62,All-site tariff 150,0;1;2;3,150.0,Single Feasible Projection,91.38761468661781,91.38761468661781,91.38761468661781,3.7190315232328266,15.075012457821023,87.66858316338498,102.743595621206,3.7190315232328266,0.04069513725668361,15.075012457821023,0.9593048627433164,0.8532754049858308,0.9031889619847673,58.550992315664416
62,All-site tariff 150,0;1;2;3,150.0,Tail-Risk Feasible Counterfactual,83.60847812291681,83.60847812291681,83.60847812291681,7.233122264459043,26.368239762748225,76.37535585845777,102.743595621206,7.233122264459043,0.08651182782953286,26.368239762748225,0.9134881721704672,0.7433587991220165,0.8196888215295914,54.2835665563351
62,All-site tariff 150,0;1;2;3,150.0,Risk-Constrained Convex Verifier,83.34243154866353,83.34243154866353,83.34243154866353,7.526948577719356,26.928112650261824,75.81548297094417,102.743595621206,7.526948577719356,0.09031352263011887,26.928112650261824,0.9096864773698812,0.7379095749233839,0.8148433724337147,54.1888094488367
63,All-site tariff 150,0;1;2;3,150.0,Feasible Quantile Projection,48.95544260747786,48.95544260747786,48.95544260747786,35.20476760124822,101.390631191604,13.750675006229645,115.14130619783364,35.20476760124822,0.7191185642731939,101.390631191604,0.28088143572680624,0.11942434440168233,0.16759229060100136,48.10989960558018
63,All-site tariff 150,0;1;2;3,150.0,Single Feasible Projection,95.71843162572245,95.71843162572245,95.71843162572245,26.805510254029638,46.228384826140854,68.9129213716928,115.14130619783364,26.805510254029638,0.2800454395120509,46.228384826140854,0.719954560487949,0.5985073788661726,0.6536375515116877,83.39826469116471
63,All-site tariff 150,0;1;2;3,150.0,Tail-Risk Feasible Counterfactual,87.46645319077867,87.46645319077867,87.46645319077867,15.336411052970625,43.011264060025624,72.13004213780803,115.14130619783364,15.336411052970625,0.17534049333770743,43.011264060025624,0.8246595066622925,0.6264480100119374,0.712016581748568,74.7225192743059
63,All-site tariff 150,0;1;2;3,150.0,Risk-Constrained Convex Verifier,87.26467762770855,87.26467762770855,87.26467762770855,15.398257756338412,43.274886326463516,71.86641987137014,115.14130619783364,15.398257756338412,0.17645464550996184,43.274886326463516,0.8235453544900382,0.6241584557664354,0.7101214945632561,74.48876263534251
64,All-site tariff 150,0;1;2;3,150.0,Feasible Quantile Projection,39.27413552583729,39.27413552583729,39.27413552583729,29.528274308237766,121.09205966463807,9.745861217599522,130.8379208822376,29.528274308237766,0.751850394996269,121.09205966463807,0.248149605003731,0.0744880471340676,0.11458166367962273,39.27413552583729
64,All-site tariff 150,0;1;2;3,150.0,Single Feasible Projection,85.99047588636384,85.99047588636384,85.99047588636384,10.017834544709892,54.86527954058367,75.97264134165394,130.8379208822376,10.017834544709892,0.11649934997392537,54.86527954058367,0.8835006500260746,0.5806622486001908,0.7007628380219193,50.67667404208096
64,All-site tariff 150,0;1;2;3,150.0,Tail-Risk Feasible Counterfactual,86.03176010908413,86.03176010908413,86.03176010908413,9.449519296136012,54.255680069289475,76.58224081294813,130.8379208822376,9.449519296136012,0.10983756794182144,54.255680069289475,0.8901624320581787,0.5853214442460989,0.7062512423395195,51.5286137805669
64,All-site tariff 150,0;1;2;3,150.0,Risk-Constrained Convex Verifier,86.08720879038302,86.08720879038302,86.08720879038302,9.497372800544454,54.24808489239905,76.58983598983856,130.8379208822376,9.497372800544454,0.11032269409117404,54.24808489239905,0.889677305908826,0.585379494518063,0.7061407417888976,51.60253204218688
65,All-site tariff 150,0;1;2;3,150.0,Feasible Quantile Projection,5.676070372551788,5.676070372551788,5.676070372551788,1.8272997363804802,22.450279177008163,3.8487706361713085,26.299049813179472,1.8272997363804802,0.3219304230646778,22.450279177008163,0.6780695769353224,0.14634637614331375,0.2407353350864841,4.010687912316471
65,All-site tariff 150,0;1;2;3,150.0,Single Feasible Projection,7.241645810088903,7.241645810088903,7.241645810088903,0.8516124869472272,19.9090164900378,6.390033323141675,26.299049813179472,0.8516124869472272,0.11759930121972817,19.9090164900378,0.8824006987802718,0.24297582492654857,0.3810316515146264,4.381609267220998
65,All-site tariff 150,0;1;2;3,150.0,Tail-Risk Feasible Counterfactual,8.451511843060862,8.451511843060862,8.451511843060862,0.30848746344279454,18.156025433561403,8.143024379618067,26.299049813179472,0.30848746344279454,0.036500861522909545,18.156025433561403,0.9634991384770905,0.309631885465964,0.4686556988730445,4.7997146218515
65,All-site tariff 150,0;1;2;3,150.0,Risk-Constrained Convex Verifier,8.526354320875281,8.526354320875281,8.526354320875281,0.28876747557673044,18.06146296788092,8.237586845298551,26.299049813179472,0.28876747557673044,0.03386763729367122,18.06146296788092,0.9661323627063289,0.31322754638726064,0.47307918171397495,4.8222682078589765
66,All-site tariff 150,0;1;2;3,150.0,Feasible Quantile Projection,3.288571461984326,3.288571461984326,3.288571461984326,2.2296931561780338,29.217896877056354,1.058878305806292,30.276775182862647,2.2296931561780338,0.6780126817839122,29.217896877056354,0.3219873182160877,0.03497328560954674,0.06309354209925036,2.888657382270098
66,All-site tariff 150,0;1;2;3,150.0,Single Feasible Projection,11.923726301512152,11.923726301512152,11.923726301512152,1.1604720081643105,19.513520889514805,10.763254293347842,30.276775182862647,1.1604720081643105,0.0973246096748414,19.513520889514805,0.9026753903251586,0.3554953996368838,0.5101007767565537,10.371125563319538
66,All-site tariff 150,0;1;2;3,150.0,Tail-Risk Feasible Counterfactual,12.78659807993834,12.78659807993834,12.78659807993834,0.7593944337259437,18.24957153665025,12.027203646212396,30.276775182862647,0.7593944337259437,0.05938987281671136,18.24957153665025,0.9406101271832886,0.397241898239548,0.5585815849963495,10.788898975043775
66,All-site tariff 150,0;1;2;3,150.0,Risk-Constrained Convex Verifier,12.833153768940194,12.833153768940194,12.833153768940194,0.7377590325800905,18.181380446502544,12.095394736360104,30.276775182862647,0.7377590325800905,0.057488521205572456,18.181380446502544,0.9425114787944275,0.39949415561292595,0.5611419471316146,10.811443994277747
67,All-site tariff 150,0;1;2;3,150.0,Feasible Quantile Projection,2.1143697876218805,2.1143697876218805,2.1143697876218805,0.2104207012822923,19.836918292523723,1.9039490863395883,21.740867378863314,0.2104207012822923,0.09951934733184074,19.836918292523723,0.9004806526681592,0.08757466080634052,0.15962524900104474,0.8926112805017128
67,All-site tariff 150,0;1;2;3,150.0,Single Feasible Projection,2.662534795153181,2.662534795153181,2.662534795153181,1.4107107648216186,20.48904334853175,1.2518240303315622,21.740867378863314,1.4107107648216186,0.5298374944769342,20.48904334853175,0.47016250552306577,0.05757930484174693,0.10259422201912821,2.662534795153181
67,All-site tariff 150,0;1;2;3,150.0,Tail-Risk Feasible Counterfactual,3.3272662719460424,3.3272662719460424,3.3272662719460424,0.8297775844729627,19.243378691390227,2.49748868747308,21.740867378863314,0.8297775844729627,0.24938718955836517,19.243378691390227,0.7506128104416349,0.11487530115294127,0.199256053303549,2.971259778375763
67,All-site tariff 150,0;1;2;3,150.0,Risk-Constrained Convex Verifier,3.36682909629946,3.36682909629946,3.36682909629946,0.8021466223253468,19.176184904889197,2.5646824739741136,21.740867378863314,0.8021466223253468,0.23824987826290323,19.176184904889197,0.7617501217370969,0.11796596838944537,0.20429452590453037,2.9879161403368144
68,All-site tariff 150,0;1;2;3,150.0,Feasible Quantile Projection,6.627411232020342,6.627411232020342,6.627411232020342,4.412365532726918,38.731575662011984,2.215045699293424,40.94662136130541,4.412365532726918,0.6657751236875978,38.731575662011984,0.3342248763124022,0.054095933331062176,0.09311994710341946,6.346288918562003
68,All-site tariff 150,0;1;2;3,150.0,Single Feasible Projection,24.315123338842003,24.315123338842003,24.315123338842003,0.5544819604891011,17.18597998295251,23.7606413783529,40.94662136130541,0.5544819604891011,0.02280399538847283,17.18597998295251,0.9771960046115271,0.5802833198053973,0.7281644549199197,10.754452125203855
68,All-site tariff 150,0;1;2;3,150.0,Tail-Risk Feasible Counterfactual,23.697535511732703,23.697535511732703,23.697535511732703,0.25823130314889187,17.507317152721598,23.439304208583813,40.94662136130541,0.25823130314889187,0.010896968717318345,17.507317152721598,0.9891030312826817,0.5724356107860458,0.72517936167437,9.220572335215575
68,All-site tariff 150,0;1;2;3,150.0,Risk-Constrained Convex Verifier,23.694162761154267,23.694162761154267,23.694162761154267,0.24553416525619287,17.497992765407336,23.44862859589807,40.94662136130541,0.24553416525619287,0.010362643649039896,17.497992765407336,0.98963735635096,0.5726633313403738,0.7255056978107033,9.164472698187797
69,All-site tariff 150,0;1;2;3,150.0,Feasible Quantile Projection,43.84071021742322,43.84071021742322,43.84071021742322,33.03188498623959,93.40548498923214,10.808825231183636,104.21431022041577,33.03188498623959,0.7534523237060157,93.40548498923214,0.24654767629398444,0.10371728420331826,0.14601092484697917,43.84071021742322
69,All-site tariff 150,0;1;2;3,150.0,Single Feasible Projection,81.39803648950729,81.39803648950729,81.39803648950729,7.680773416750045,30.49704714765852,73.71726307275725,104.21431022041577,7.680773416750045,0.09436067192775767,30.49704714765852,0.9056393280722423,0.707362193511078,0.7943142186329164,54.63036549634443
69,All-site tariff 150,0;1;2;3,150.0,Tail-Risk Feasible Counterfactual,77.33739706752993,77.33739706752993,77.33739706752993,7.15637354472307,34.03328669760891,70.18102352280687,104.21431022041577,7.15637354472307,0.09253445055144828,34.03328669760891,0.9074655494485517,0.6734298137594762,0.7731243574757238,49.87862324354025
69,All-site tariff 150,0;1;2;3,150.0,Risk-Constrained Convex Verifier,77.2167590541055,77.2167590541055,77.2167590541055,7.133917064930946,34.131468231241236,70.08284198917454,104.21431022041577,7.133917064930946,0.09238819593467057,34.131468231241236,0.9076118040653293,0.6724877019379358,0.7725561257993028,49.71481092978582
70,All-site tariff 150,0;1;2;3,150.0,Feasible Quantile Projection,45.47340933217538,45.47340933217538,45.47340933217538,34.17612794767451,86.64246275392446,11.297281384500868,97.93974413842533,34.17612794767451,0.7515629122510655,86.64246275392446,0.24843708774893444,0.1153493046554584,0.15754874795102783,45.47340933217538
70,All-site tariff 150,0;1;2;3,150.0,Single Feasible Projection,84.43421621816735,84.43421621816735,84.43421621816735,13.05311463883154,26.558642559089527,71.38110157933579,97.93974413842533,13.05311463883154,0.154595082698511,26.558642559089527,0.8454049173014888,0.7288267108238278,0.7827992706827833,72.16930732648068
70,All-site tariff 150,0;1;2;3,150.0,Tail-Risk Feasible Counterfactual,79.14302879743643,79.14302879743643,79.14302879743643,12.166625922086821,30.963341263075723,66.9764028753496,97.93974413842533,12.166625922086821,0.1537295969961781,30.963341263075723,0.8462704030038218,0.6838531534316346,0.7564417674847232,66.09699480005128
70,All-site tariff 150,0;1;2;3,150.0,Risk-Constrained Convex Verifier,79.01385500472975,79.01385500472975,79.01385500472975,12.14794597645572,31.073835110151308,66.86590902827403,97.93974413842533,12.14794597645572,0.1537445043749422,31.073835110151308,0.8462554956250579,0.6827249715270606,0.7557451145616954,65.92566423718353
71,All-site tariff 150,0;1;2;3,150.0,Feasible Quantile Projection,38.44908453118536,38.44908453118536,38.44908453118536,28.75012487553613,138.9426411990592,9.698959655649231,148.64160085470843,28.75012487553613,0.7477453683511611,138.9426411990592,0.2522546316488388,0.0652506404659191,0.10368190843541066,38.44908453118536
71,All-site tariff 150,0;1;2;3,150.0,Single Feasible Projection,102.7873598038879,102.7873598038879,102.7873598038879,10.789269088729693,56.64351013955023,91.99809071515821,148.64160085470843,10.789269088729693,0.1049668860968408,56.64351013955023,0.8950331139031593,0.6189255913967375,0.7318018614417147,68.49293190179
71,All-site tariff 150,0;1;2;3,150.0,Tail-Risk Feasible Counterfactual,98.48113220432677,98.48113220432677,98.48113220432677,4.444550223062599,54.60501887344427,94.03658198126416,148.64160085470843,4.444550223062599,0.045130982184903516,54.60501887344427,0.9548690178150964,0.6326397283165793,0.7610516508717936,62.640436309273085
71,All-site tariff 150,0;1;2;3,150.0,Risk-Constrained Convex Verifier,98.35779259464174,98.35779259464174,98.35779259464174,4.211166741745563,54.49497500181228,94.14662585289616,148.64160085470843,4.211166741745563,0.04281477482013943,54.49497500181228,0.9571852251798605,0.6333800585538698,0.7623227291220205,62.431960567294055
72,All-site tariff 150,0;1;2;3,150.0,Feasible Quantile Projection,32.10311208764547,32.10311208764547,32.10311208764547,24.04752030573065,69.91161894972029,8.05559178191482,77.96721073163512,24.04752030573065,0.7490713124658427,69.91161894972029,0.25092868753415737,0.10332025099169377,0.14637172991926128,32.10311208764547
72,All-site tariff 150,0;1;2;3,150.0,Single Feasible Projection,70.28860349385074,70.28860349385074,70.28860349385074,5.566243059114348,13.244850296898719,64.7223604347364,77.96721073163512,5.566243059114348,0.07919125978369047,13.244850296898719,0.9208087402163097,0.8301228148011118,0.8731173313216384,53.40245726685218
72,All-site tariff 150,0;1;2;3,150.0,Tail-Risk Feasible Counterfactual,62.11113176039161,62.11113176039161,62.11113176039161,1.1617913254940893,17.0178702967376,60.94934043489752,77.96721073163512,1.1617913254940893,0.01870504195569925,17.0178702967376,0.9812949580443008,0.781730420557002,0.8702178987928382,44.363956841756476
72,All-site tariff 150,0;1;2;3,150.0,Risk-Constrained Convex Verifier,61.849110344128064,61.849110344128064,61.849110344128064,0.9927230156147271,17.110823403121778,60.85638732851334,77.96721073163512,0.9927230156147271,0.016050724256035737,17.110823403121778,0.9839492757439644,0.7805382128903186,0.8705190761747579,44.05197837979324
73,All-site tariff 150,0;1;2;3,150.0,Feasible Quantile Projection,21.286702970689056,21.286702970689056,21.286702970689056,15.577979272450829,101.7841914997329,5.7087236982382255,107.49291519797112,15.577979272450829,0.7318173835516514,101.7841914997329,0.26818261644834857,0.05310790657900006,0.08865880765016124,21.286702970689056
73,All-site tariff 150,0;1;2;3,150.0,Single Feasible Projection,62.15848797117434,62.15848797117434,62.15848797117434,3.99632758968186,49.33075481647863,58.162160381492484,107.49291519797112,3.99632758968186,0.06429254829260221,49.33075481647863,0.9357074517073979,0.5410790122714085,0.6856667176929128,36.00390516817432
73,All-site tariff 150,0;1;2;3,150.0,Tail-Risk Feasible Counterfactual,65.21515210411101,65.21515210411101,65.21515210411101,4.313303542395628,46.591066636255725,60.90184856171539,107.49291519797112,4.313303542395628,0.06613959184684211,46.591066636255725,0.933860408153158,0.5665661634494855,0.7052577162500755,37.926578390126394
73,All-site tariff 150,0;1;2;3,150.0,Risk-Constrained Convex Verifier,65.48527624883775,65.48527624883775,65.48527624883775,4.3369043361734505,46.34454328530681,61.1483719126643,107.49291519797112,4.3369043361734505,0.06622716715271432,46.34454328530681,0.9337728328472857,0.5688595550697136,0.7070067203410153,38.13549972412653
74,All-site tariff 150,0;1;2;3,150.0,Feasible Quantile Projection,1.1854942961219133,1.1854942961219133,1.1854942961219133,0.7271827917394156,81.76907555455506,0.4583115043824977,82.22738705893755,0.7271827917394156,0.6134004981029735,81.76907555455506,0.38659950189702647,0.005573708721329025,0.01098898627974799,1.108721519933143
74,All-site tariff 150,0;1;2;3,150.0,Single Feasible Projection,45.76646122475282,45.76646122475282,45.76646122475282,2.3657301612246155,38.82665599540936,43.4007310635282,82.22738705893755,2.3657301612246155,0.05169134990810933,38.82665599540936,0.9483086500918906,0.5278135742343383,0.678169015862906,17.27816523889874
74,All-site tariff 150,0;1;2;3,150.0,Tail-Risk Feasible Counterfactual,45.50366623699591,45.50366623699591,45.50366623699591,1.0746906915303707,37.79841151347202,44.42897554546554,82.22738705893755,1.0746906915303707,0.02361767260539137,37.79841151347202,0.9763823273946086,0.5403184648640299,0.6956644355312777,16.17544722009368
74,All-site tariff 150,0;1;2;3,150.0,Risk-Constrained Convex Verifier,45.60151928573086,45.60151928573086,45.60151928573086,1.0330648969802472,37.65893267018696,44.56845438875061,82.22738705893755,1.0330648969802472,0.022654177166932743,37.65893267018696,0.9773458228330673,0.542014722622836,0.6973141781965891,16.227957818268322
75,All-site tariff 150,0;1;2;3,150.0,Feasible Quantile Projection,28.07012814538732,28.07012814538732,28.07012814538732,20.516738152979926,113.86059961834965,7.55338999240739,121.41398961075706,20.516738152979926,0.7309100281521651,113.86059961834965,0.26908997184783484,0.06221185891858852,0.10105943167459898,28.014492393834647
75,All-site tariff 150,0;1;2;3,150.0,Single Feasible Projection,73.82005380355187,73.82005380355187,73.82005380355187,1.2934609159674204,48.8873967231726,72.52659288758446,121.41398961075706,1.2934609159674204,0.01752180944502624,48.8873967231726,0.9824781905549739,0.5973495568352424,0.7429707608285788,39.114166170205706
75,All-site tariff 150,0;1;2;3,150.0,Tail-Risk Feasible Counterfactual,75.53976587059307,75.53976587059307,75.53976587059307,1.2317219074619887,47.105945647625965,74.30804396313107,121.41398961075706,1.2317219074619887,0.016305609280971925,47.105945647625965,0.9836943907190279,0.6120220923581899,0.7545735168291058,42.04934888317906
75,All-site tariff 150,0;1;2;3,150.0,Risk-Constrained Convex Verifier,75.7394349652943,75.7394349652943,75.7394349652943,1.2829976311297657,46.957552276592516,74.45643733416455,121.41398961075706,1.2829976311297657,0.016939625067412603,46.957552276592516,0.9830603749325877,0.6132443021835092,0.7553146742875186,42.26233208298838
76,All-site tariff 150,0;1;2;3,150.0,Feasible Quantile Projection,34.597457434190844,34.597457434190844,34.597457434190844,25.673339295330457,88.86034618999815,8.92411813886039,97.78446432885855,25.673339295330457,0.7420585557237755,88.86034618999815,0.2579414442762246,0.09126314900951672,0.13482381914403213,34.34927618457465
76,All-site tariff 150,0;1;2;3,150.0,Single Feasible Projection,67.88645808408695,67.88645808408695,67.88645808408695,6.867002326222419,36.765008570994,61.019455757864534,97.78446432885855,6.867002326222419,0.10115422898800625,36.765008570994,0.8988457710119938,0.6240199419884354,0.7366344663159367,58.142186774904246
76,All-site tariff 150,0;1;2;3,150.0,Tail-Risk Feasible Counterfactual,67.84887060279671,67.84887060279671,67.84887060279671,6.777217261166845,36.71281098722868,61.07165334162986,97.78446432885855,6.777217261166845,0.09988695760084605,36.71281098722868,0.9001130423991539,0.6245537444091326,0.7374319108750622,57.33988430325409
76,All-site tariff 150,0;1;2;3,150.0,Risk-Constrained Convex Verifier,67.95387462084221,67.95387462084221,67.95387462084221,6.782469250990177,36.61305895900651,61.17140536985203,97.78446432885855,6.782469250990177,0.09980989735808114,36.61305895900651,0.9001901026419188,0.6255738658456697,0.7381684377616055,57.4034477877252
77,All-site tariff 150,0;1;2;3,150.0,Feasible Quantile Projection,1.8285139908771872,1.8285139908771872,1.8285139908771872,0.9587578515867472,14.335175197556232,0.86975613929044,15.20493133684667,0.9587578515867472,0.5243371701666911,14.335175197556232,0.4756628298333089,0.05720224051145354,0.1021233370649699,1.6592727494389132
77,All-site tariff 150,0;1;2;3,150.0,Single Feasible Projection,1.6481117849063736,1.6481117849063736,1.6481117849063736,1.6139383049169878,15.170757856857284,0.0341734799893858,15.20493133684667,1.6139383049169878,0.9792650715186002,15.170757856857284,0.020734928481399784,0.0022475260974426075,0.004055466985102106,1.6481117849063736
77,All-site tariff 150,0;1;2;3,150.0,Tail-Risk Feasible Counterfactual,1.8481867406892878,1.8481867406892878,1.8481867406892878,1.1499436101955633,14.506688206352946,0.6982431304937244,15.20493133684667,1.1499436101955633,0.6222009848240161,14.506688206352946,0.3777990151759839,0.04592214953326663,0.0818903765656228,1.6481117849063711
77,All-site tariff 150,0;1;2;3,150.0,Risk-Constrained Convex Verifier,1.858978828801256,1.858978828801256,1.858978828801256,1.1249155887860645,14.47086809683148,0.7340632400151916,15.20493133684667,1.1249155887860645,0.605125551382129,14.47086809683148,0.394874448617871,0.04827797138657964,0.08603693208523391,1.6481117849063707
78,All-site tariff 150,0;1;2;3,150.0,Feasible Quantile Projection,6.618045597392591,6.618045597392591,6.618045597392591,4.754821329683527,33.091878017110695,1.8632242677090636,34.95510228481976,4.754821329683527,0.7184630658266927,33.091878017110695,0.2815369341733072,0.05330335618895389,0.08963594832838098,6.618045597392591
78,All-site tariff 150,0;1;2;3,150.0,Single Feasible Projection,13.726487194092513,13.726487194092513,13.726487194092513,2.828482869732254,24.0570979604595,10.898004324360262,34.95510228481976,2.828482869732254,0.20606021261940577,24.0570979604595,0.7939397873805943,0.31177149005491617,0.4477259038175416,9.65389568252131
78,All-site tariff 150,0;1;2;3,150.0,Tail-Risk Feasible Counterfactual,15.279768587838628,15.279768587838628,15.279768587838628,1.8320047171663394,21.50733841414747,13.447763870672288,34.95510228481976,1.8320047171663394,0.1198974124925201,21.50733841414747,0.8801025875074798,0.3847153345768454,0.5353955782930688,10.442381366122259
78,All-site tariff 150,0;1;2;3,150.0,Risk-Constrained Convex Verifier,15.394168873458337,15.394168873458337,15.394168873458337,1.7897464687320763,21.3506798800935,13.60442240472626,34.95510228481976,1.7897464687320763,0.11626132488502482,21.3506798800935,0.8837386751149751,0.3891970417902157,0.5404019598202072,10.512206800038475
79,All-site tariff 150,0;1;2;3,150.0,Feasible Quantile Projection,40.734916818512005,40.734916818512005,40.734916818512005,30.700251844537483,75.62754662180325,10.03466497397452,85.66221159577778,30.700251844537483,0.7536593724081385,75.62754662180325,0.24634062759186146,0.11714225896158302,0.15877995172618264,40.734916818512005
79,All-site tariff 150,0;1;2;3,150.0,Single Feasible Projection,70.99244287177478,70.99244287177478,70.99244287177478,10.279160787862711,24.948929511865696,60.71328208391208,85.66221159577778,10.279160787862711,0.14479232397212669,24.948929511865696,0.8552076760278734,0.7087522135245057,0.7751226069888328,54.803024607290375
79,All-site tariff 150,0;1;2;3,150.0,Tail-Risk Feasible Counterfactual,70.19915241545456,70.19915241545456,70.19915241545456,7.274215113346694,22.737274293669905,62.92493730210787,85.66221159577778,7.274215113346694,0.10362254903444179,22.737274293669905,0.8963774509655582,0.7345705431823032,0.807447537769182,53.135830345106115
79,All-site tariff 150,0;1;2;3,150.0,Risk-Constrained Convex Verifier,70.21165612311529,70.21165612311529,70.21165612311529,7.157219464234128,22.60777493689661,63.054436658881166,85.66221159577778,7.157219464234128,0.10193776730866497,22.60777493689661,0.8980622326913351,0.736082287443406,0.8090443585142207,53.10112987457288
80,All-site tariff 150,0;1;2;3,150.0,Feasible Quantile Projection,16.83110800931715,16.83110800931715,16.83110800931715,12.613924832255194,80.62276477495536,4.217183177061953,84.83994795201733,12.613924832255194,0.7494411434631956,80.62276477495536,0.25055885653680426,0.04970751725881601,0.0829573989802122,16.83110800931715
80,All-site tariff 150,0;1;2;3,150.0,Single Feasible Projection,57.28990292426832,57.28990292426832,57.28990292426832,7.69832257119696,35.24836759894596,49.591580353071365,84.83994795201733,7.69832257119696,0.13437485801596477,35.24836759894596,0.8656251419840354,0.5845310086837715,0.697834832687434,36.4535841464256
80,All-site tariff 150,0;1;2;3,150.0,Tail-Risk Feasible Counterfactual,58.754915770365,58.754915770365,58.754915770365,3.0614205894181508,29.14645277107047,55.69349518094685,84.83994795201733,3.0614205894181508,0.05210492686915365,29.14645277107047,0.9478950731308463,0.6564536698259793,0.7757031656594807,36.673541162917324
80,All-site tariff 150,0;1;2;3,150.0,Risk-Constrained Convex Verifier,58.92727114082949,58.92727114082949,58.92727114082949,2.9489083012030135,28.86158511239084,55.97836283962648,84.83994795201733,2.9489083012030135,0.050043184490173614,28.86158511239084,0.9499568155098264,0.6598113764907776,0.7787361151289279,36.778242656575756
81,All-site tariff 150,0;1;2;3,150.0,Feasible Quantile Projection,60.31891931571547,60.31891931571547,60.31891931571547,45.06248741711646,138.14498050568517,15.25643189859901,153.40141240428414,45.06248741711646,0.7470705365468292,138.14498050568517,0.25292946345317074,0.09945431179206622,0.1427700563237647,60.31891931571547
81,All-site tariff 150,0;1;2;3,150.0,Single Feasible Projection,127.9686684916541,127.9686684916541,127.9686684916541,19.145420283104645,44.578164195734715,108.82324820854943,153.40141240428414,19.145420283104645,0.14961021716306502,44.578164195734715,0.8503897828369348,0.7094018660124817,0.7735239501089424,102.75261673143993
81,All-site tariff 150,0;1;2;3,150.0,Tail-Risk Feasible Counterfactual,118.40288303786085,118.40288303786085,118.40288303786085,13.931692479146065,48.93022184556938,104.47119055871478,153.40141240428414,13.931692479146065,0.11766345651136913,48.93022184556938,0.8823365434886309,0.6810314776201966,0.7687236170331387,92.51846417357513
81,All-site tariff 150,0;1;2;3,150.0,Risk-Constrained Convex Verifier,118.17220397388567,118.17220397388567,118.17220397388567,14.051412534101527,49.28062096450001,104.12079143978414,153.40141240428414,14.051412534101527,0.11890624073666836,49.28062096450001,0.8810937592633317,0.6787472801448358,0.7667960741428914,92.25169975429544
82,All-site tariff 150,0;1;2;3,150.0,Feasible Quantile Projection,31.263636642086787,31.263636642086787,31.263636642086787,24.004255382283866,109.06808972773972,7.259381259802922,116.32747098754264,24.004255382283866,0.7678011249007923,109.06808972773972,0.23219887509920764,0.062404702845988286,0.09837152625779977,31.263636642086787
82,All-site tariff 150,0;1;2;3,150.0,Single Feasible Projection,98.9085502070146,98.9085502070146,98.9085502070146,15.641270235337293,33.06019101586534,83.26727997167731,116.32747098754264,15.641270235337293,0.15813870694293133,33.06019101586534,0.8418612930570687,0.7158006553808283,0.7737299687063991,83.88521166222604
82,All-site tariff 150,0;1;2;3,150.0,Tail-Risk Feasible Counterfactual,87.91687038392121,87.91687038392121,87.91687038392121,3.7778405856500252,32.18844118927145,84.1390297982712,116.32747098754264,3.7778405856500252,0.042970599034664235,32.18844118927145,0.957029400965336,0.7232945845378306,0.8239056145525777,72.19204868973979
82,All-site tariff 150,0;1;2;3,150.0,Risk-Constrained Convex Verifier,87.63595580345226,87.63595580345226,87.63595580345226,3.3316309681111225,32.023146152201505,84.30432483534113,116.32747098754264,3.3316309681111225,0.03801671286136505,32.023146152201505,0.9619832871386349,0.7247155303872219,0.826661192761086,71.87151189947191
83,All-site tariff 150,0;1;2;3,150.0,Feasible Quantile Projection,6.045824429945148,6.045824429945148,6.045824429945148,2.7061096404755363,47.4469662699407,3.3397147894696113,50.78668105941031,2.7061096404755363,0.44759977267485557,47.4469662699407,0.5524002273251445,0.06575965823722187,0.11752833209491807,4.227298065885131
83,All-site tariff 150,0;1;2;3,150.0,Single Feasible Projection,34.184398195850974,34.184398195850974,34.184398195850974,1.3558943564207915,17.95817721998013,32.828503839430184,50.78668105941031,1.3558943564207915,0.03966412831527802,17.95817721998013,0.960335871684722,0.6463998661583608,0.7726982904573968,31.45378485382804
83,All-site tariff 150,0;1;2;3,150.0,Tail-Risk Feasible Counterfactual,26.52273857612642,26.52273857612642,26.52273857612642,0.5505435729972541,24.814486056281154,25.972195003129166,50.78668105941031,0.5505435729972541,0.02075741807042535,24.814486056281154,0.9792425819295746,0.5113977614080917,0.6719024699854441,23.143684896196298
83,All-site tariff 150,0;1;2;3,150.0,Risk-Constrained Convex Verifier,26.308007643987118,26.308007643987118,26.308007643987118,0.523301950729897,25.001975366153097,25.784705693257223,50.78668105941031,0.523301950729897,0.019891356191296432,25.001975366153097,0.9801086438087037,0.5077060590569847,0.6689100410654082,22.88269312646848
84,All-site tariff 150,0;1;2;3,150.0,Feasible Quantile Projection,3.9162364040756583,3.9162364040756583,3.9162364040756583,0.5053866999310299,16.2680828799077,3.410849704144628,19.678932584052326,0.5053866999310299,0.1290490787034894,16.2680828799077,0.8709509212965105,0.17332493465162627,0.2891142424841977,1.5726171369125483
84,All-site tariff 150,0;1;2;3,150.0,Single Feasible Projection,1.8805313133700858,1.8805313133700858,1.8805313133700858,1.1594918912584142,18.957893161940653,0.7210394221116716,19.678932584052326,1.1594918912584142,0.6165767530775639,18.957893161940653,0.3834232469224362,0.036640169329915644,0.0668884370726748,1.572617136912545
84,All-site tariff 150,0;1;2;3,150.0,Tail-Risk Feasible Counterfactual,3.6582006412082455,3.6582006412082455,3.6582006412082455,0.5646008432438632,16.585332786087942,3.093599797964383,19.678932584052326,0.5646008432438632,0.15433840256979028,16.585332786087942,0.8456615974302099,0.15720363819282632,0.26512252110004747,2.416252179785296
84,All-site tariff 150,0;1;2;3,150.0,Risk-Constrained Convex Verifier,3.7565235035949844,3.7565235035949844,3.7565235035949844,0.5349469277212022,16.457356008178547,3.221576575873782,19.678932584052326,0.5349469277212022,0.1424047865557767,16.457356008178547,0.8575952134442233,0.1637068759758101,0.2749318437691389,2.461758043732134
85,All-site tariff 150,0;1;2;3,150.0,Feasible Quantile Projection,29.26999091607295,29.26999091607295,29.26999091607295,22.085965522105198,74.82716961157391,7.184025393967753,82.01119500554165,22.085965522105198,0.7545600401938353,74.82716961157391,0.2454399598061648,0.08759810649609867,0.12911482447766348,29.26999091607295
85,All-site tariff 150,0;1;2;3,150.0,Single Feasible Projection,57.91084210786521,57.91084210786521,57.91084210786521,7.526367172379255,31.62672007005571,50.384474935485954,82.01119500554165,7.526367172379255,0.1299647336911555,31.62672007005571,0.8700352663088445,0.6143609409920363,0.7201792651810711,39.66548150219414
85,All-site tariff 150,0;1;2;3,150.0,Tail-Risk Feasible Counterfactual,55.19931022156827,55.19931022156827,55.19931022156827,3.2661857964264804,30.07807058039988,51.933124425141784,82.01119500554165,3.2661857964264804,0.059170771941100625,30.07807058039988,0.9408292280588993,0.6332443323333182,0.7569846687639903,36.260732875101624
85,All-site tariff 150,0;1;2;3,150.0,Risk-Constrained Convex Verifier,55.1413361446586,55.1413361446586,55.1413361446586,3.1369739930674228,30.00683285395049,52.00436215159118,82.01119500554165,3.1369739930674228,0.05688969858905556,30.00683285395049,0.9431103014109444,0.6341129665050869,0.7583434547721105,36.163289503562936
86,All-site tariff 150,0;1;2;3,150.0,Feasible Quantile Projection,15.370384958091108,15.370384958091108,15.370384958091108,11.801128411095462,87.74765231106858,3.5692565469956468,91.31690885806422,11.801128411095462,0.767783529382798,87.74765231106858,0.23221647061720196,0.03908648016703475,0.06691062111194285,15.354802467528021
86,All-site tariff 150,0;1;2;3,150.0,Single Feasible Projection,59.08153979830824,59.08153979830824,59.08153979830824,6.320778217292037,38.55614727704803,52.760761581016205,91.31690885806422,6.320778217292037,0.10698397907146333,38.55614727704803,0.8930160209285367,0.5777764736104171,0.7016131090761847,40.31143124665051
86,All-site tariff 150,0;1;2;3,150.0,Tail-Risk Feasible Counterfactual,53.88171833370855,53.88171833370855,53.88171833370855,2.1412010138607656,39.57639153821644,51.74051731984778,91.31690885806422,2.1412010138607656,0.039738914794802016,39.57639153821644,0.960261085205198,0.5666039068434647,0.7126860400892205,33.43595353864308
86,All-site tariff 150,0;1;2;3,150.0,Risk-Constrained Convex Verifier,53.78412429771947,53.78412429771947,53.78412429771947,2.060765346894202,39.59354990723895,51.72335895082527,91.31690885806422,2.060765346894202,0.038315495023902094,39.59354990723895,0.9616845049760979,0.5664160076992966,0.7129288858376898,33.247359641307554
87,All-site tariff 150,0;1;2;3,150.0,Feasible Quantile Projection,60.26847440347173,60.26847440347173,60.26847440347173,45.030946632114414,135.97600420703685,15.237527771357318,151.21353197839414,45.030946632114414,0.7471724990191627,135.97600420703685,0.25282750098083734,0.10076828159489391,0.14410235681085254,60.26847440347173
87,All-site tariff 150,0;1;2;3,150.0,Single Feasible Projection,121.34077874002577,121.34077874002577,121.34077874002577,11.36615843946524,41.23891167783361,109.97462030056055,151.21353197839414,11.36615843946524,0.09367138201591227,41.23891167783361,0.9063286179840878,0.7272802828008412,0.8069923385961562,96.14363947551604
87,All-site tariff 150,0;1;2;3,150.0,Tail-Risk Feasible Counterfactual,114.10608942181241,114.10608942181241,114.10608942181241,13.632065993270942,50.739508549852665,100.47402342854149,151.21353197839414,13.632065993270942,0.11946834794134176,50.739508549852665,0.8805316520586584,0.664451270425305,0.7573810251823557,90.37443124653839
87,All-site tariff 150,0;1;2;3,150.0,Risk-Constrained Convex Verifier,113.9249731833284,113.9249731833284,113.9249731833284,13.750805127091207,51.03936392215695,100.1741680562372,151.21353197839414,13.750805127091207,0.12070053424514193,51.03936392215695,0.8792994657548582,0.6624682774458995,0.7556365153008272,90.25092089916518
88,All-site tariff 150,0;1;2;3,150.0,Feasible Quantile Projection,28.858043029603373,28.858043029603373,28.858043029603373,21.677037084730244,118.29625090001005,7.18100594487313,125.47725684488319,21.677037084730244,0.7511610216428517,118.29625090001005,0.24883897835714835,0.05722954203366427,0.0930572066236706,28.820190784492354
88,All-site tariff 150,0;1;2;3,150.0,Single Feasible Projection,113.01573335023907,113.01573335023907,113.01573335023907,24.347623084686703,36.8091465793308,88.66811026555237,125.47725684488319,24.347623084686703,0.215435695216282,36.8091465793308,0.784564304783718,0.7066468656958701,0.7435699488945888,98.44243661717144
88,All-site tariff 150,0;1;2;3,150.0,Tail-Risk Feasible Counterfactual,88.0677058661957,88.0677058661957,88.0677058661957,6.041629209304935,43.45118018799242,82.02607665689075,125.47725684488319,6.041629209304935,0.06860209596562207,43.45118018799242,0.9313979040343778,0.6537127023608157,0.7682323723821107,72.75007015729093
88,All-site tariff 150,0;1;2;3,150.0,Risk-Constrained Convex Verifier,87.29630777459533,87.29630777459533,87.29630777459533,5.3582613944780295,43.53921046476586,81.93804638011733,125.47725684488319,5.3582613944780295,0.06138016063993685,43.53921046476586,0.9386198393600634,0.6530111387548927,0.7701900988184718,71.93490566137633
89,All-site tariff 150,0;1;2;3,150.0,Feasible Quantile Projection,7.732526350118845,7.732526350118845,7.732526350118845,4.389267433776156,61.047907979467396,3.343258916342689,64.39116689581009,4.389267433776156,0.5676369190398808,61.047907979467396,0.43236308096011916,0.051921079823764364,0.09270903265984376,7.072352818592963
89,All-site tariff 150,0;1;2;3,150.0,Single Feasible Projection,47.408332338892805,47.408332338892805,47.408332338892805,5.887798495848822,22.87063305276611,41.52053384304398,64.39116689581009,5.887798495848822,0.12419332647604216,22.87063305276611,0.8758066735239577,0.6448172295157724,0.7427677964080877,44.824542860334645
89,All-site tariff 150,0;1;2;3,150.0,Tail-Risk Feasible Counterfactual,31.6516513001824,31.6516513001824,31.6516513001824,1.4938934891391003,34.233409084766784,30.1577578110433,64.39116689581009,1.4938934891391003,0.047197963700885685,34.233409084766784,0.9528020362991143,0.46835240398486483,0.628006515791759,28.521143609807496
89,All-site tariff 150,0;1;2;3,150.0,Risk-Constrained Convex Verifier,31.12668205732475,31.12668205732475,31.12668205732475,1.439321848026629,34.70380668651197,29.68736020929812,64.39116689581009,1.439321848026629,0.0462407732817744,34.70380668651197,0.9537592267182256,0.4610470914020641,0.6216086424614526,27.960842070814614
90,All-site tariff 150,0;1;2;3,150.0,Feasible Quantile Projection,4.393761703496881,4.393761703496881,4.393761703496881,0.36629188096014254,19.330265759388496,4.027469822536737,23.357735581925233,0.36629188096014254,0.08336635113110945,19.330265759388496,0.9166336488688903,0.1724255250861427,0.29025243439044063,1.597225020018782
90,All-site tariff 150,0;1;2;3,150.0,Single Feasible Projection,2.1309254832324935,2.1309254832324935,2.1309254832324935,1.2178572641031589,22.444667362795897,0.9130682191293347,23.357735581925233,1.2178572641031589,0.5715156506813829,22.444667362795897,0.42848434931861706,0.03909061372524006,0.07164505164043103,1.4917474799170873
90,All-site tariff 150,0;1;2;3,150.0,Tail-Risk Feasible Counterfactual,3.8048570896499667,3.8048570896499667,3.8048570896499667,0.5352779282630273,20.08815642053829,3.2695791613869396,23.357735581925233,0.5352779282630273,0.14068279455727759,20.08815642053829,0.8593172054427225,0.1399784302686009,0.24074131662758771,2.350273763652599
90,All-site tariff 150,0;1;2;3,150.0,Risk-Constrained Convex Verifier,3.8994636931422337,3.8994636931422337,3.8994636931422337,0.5027731439104866,19.96104503269348,3.396690549231747,23.357735581925233,0.5027731439104866,0.12893392104013823,19.96104503269348,0.8710660789598618,0.14542036993775143,0.2492325432964601,2.396582864480628
91,All-site tariff 150,0;1;2;3,150.0,Feasible Quantile Projection,40.08201890235466,40.08201890235466,40.08201890235466,8.96897415605902,71.07341855783497,31.113044746295643,102.1864633041306,8.96897415605902,0.22376552882499956,71.07341855783497,0.7762344711750004,0.3044732515469883,0.43738492551201713,32.36234753494442
91,All-site tariff 150,0;1;2;3,150.0,Single Feasible Projection,61.646307085040476,61.646307085040476,61.646307085040476,3.638523626714469,44.1786798458046,58.007783458326,102.1864633041306,3.638523626714469,0.05902257245831711,44.1786798458046,0.9409774275416828,0.5676660252511274,0.708134072573312,43.68278217309323
91,All-site tariff 150,0;1;2;3,150.0,Tail-Risk Feasible Counterfactual,60.88262026765633,60.88262026765633,60.88262026765633,2.6265641819901715,43.930407218464445,58.25605608566616,102.1864633041306,2.6265641819901715,0.043141444478622816,43.930407218464445,0.9568585555213772,0.5700956291273398,0.7144954127373928,42.18406344897198
91,All-site tariff 150,0;1;2;3,150.0,Risk-Constrained Convex Verifier,60.88889784175528,60.88889784175528,60.88889784175528,2.5746043375611336,43.872169799936465,58.31429350419414,102.1864633041306,2.5746043375611336,0.04228364166243075,43.872169799936465,0.9577163583375692,0.5706655423687312,0.7151821476210211,42.14801841211549
92,All-site tariff 150,0;1;2;3,150.0,Feasible Quantile Projection,2.474214422261249,2.474214422261249,2.474214422261249,0.17480501502973356,16.574126534504824,2.299409407231515,18.87353594173634,0.17480501502973356,0.07065071380110002,16.574126534504824,0.9293492861988998,0.12183246500973217,0.21542404871938245,0.6980420059312282
92,All-site tariff 150,0;1;2;3,150.0,Single Feasible Projection,0.8375819515019347,0.8375819515019347,0.8375819515019347,0.65810010475152,18.694054094985923,0.17948184675041468,18.87353594173634,0.65810010475152,0.7857142857142856,18.694054094985923,0.2142857142857144,0.009509709643412086,0.018211229593627903,0.8375819515019347
92,All-site tariff 150,0;1;2;3,150.0,Tail-Risk Feasible Counterfactual,1.608056822875393,1.608056822875393,1.608056822875393,0.39390145833962653,17.659380577200572,1.2141553645357666,18.87353594173634,0.39390145833962653,0.24495493737297466,17.659380577200572,0.7550450626270253,0.0643311019346842,0.11856063915435272,0.8399638104021974
92,All-site tariff 150,0;1;2;3,150.0,Risk-Constrained Convex Verifier,1.649616410717771,1.649616410717771,1.649616410717771,0.37965052393365495,17.603570054952225,1.2699658867841161,18.87353594173634,0.37965052393365495,0.23014473029427715,17.603570054952225,0.7698552697057228,0.06728818016425601,0.12375933920621669,0.840092288406961
93,All-site tariff 150,0;1;2;3,150.0,Feasible Quantile Projection,1.2850107514268463,1.2850107514268463,1.2850107514268463,0.6337051566231129,22.855181000969885,0.6513055948037334,23.50648659577362,0.6337051566231129,0.4931516377738173,22.855181000969885,0.5068483622261827,0.027707483725825526,0.052542658935224085,1.1832620642444827
93,All-site tariff 150,0;1;2;3,150.0,Single Feasible Projection,0.9572365160022116,0.9572365160022116,0.9572365160022116,0.7179273870016587,23.267177466773067,0.2393091290005529,23.50648659577362,0.7179273870016587,0.75,23.267177466773067,0.25,0.010180557099655199,0.01956440791184064,0.9572365160022116
93,All-site tariff 150,0;1;2;3,150.0,Tail-Risk Feasible Counterfactual,1.2683342366810453,1.2683342366810453,1.2683342366810453,0.48828258408591485,22.726434943178493,0.7800516525951304,23.50648659577362,0.48828258408591485,0.38497942416475656,22.726434943178493,0.6150205758352435,0.0331845275735669,0.06297132543322159,0.9682530428692027
93,All-site tariff 150,0;1;2;3,150.0,Risk-Constrained Convex Verifier,1.2851149177006191,1.2851149177006191,1.2851149177006191,0.4758954917693159,22.69726716984232,0.8092194259313032,23.50648659577362,0.4758954917693159,0.37031356901591944,22.69726716984232,0.6296864309840805,0.034425366914543405,0.06528173869618648,0.9688472768060334
94,All-site tariff 150,0;1;2;3,150.0,Feasible Quantile Projection,0.0,0.0,0.0,0.0,7.66902221023273,0.0,7.66902221023273,0.0,0.0,7.66902221023273,0.0,0.0,0.0,0.0
94,All-site tariff 150,0;1;2;3,150.0,Single Feasible Projection,0.0,0.0,0.0,0.0,7.66902221023273,0.0,7.66902221023273,0.0,0.0,7.66902221023273,0.0,0.0,0.0,0.0
94,All-site tariff 150,0;1;2;3,150.0,Tail-Risk Feasible Counterfactual,0.18365171376584866,0.18365171376584866,0.18365171376584866,0.0,7.4853704964668815,0.18365171376584866,7.66902221023273,0.0,0.0,7.4853704964668815,1.0,0.023947213703567487,0.046774312939339084,-2.220446049250313e-15
94,All-site tariff 150,0;1;2;3,150.0,Risk-Constrained Convex Verifier,0.1935579285098139,0.1935579285098139,0.1935579285098139,0.0,7.475464281722916,0.1935579285098139,7.66902221023273,0.0,0.0,7.475464281722916,1.0,0.025238931796487788,0.0492352192522821,-3.1086244689504383e-15
95,All-site tariff 150,0;1;2;3,150.0,Feasible Quantile Projection,2.263264033763285,2.263264033763285,2.263264033763285,0.4194935818421228,18.372645151031808,1.8437704519211622,20.21641560295297,0.4194935818421228,0.18534893657307935,18.372645151031808,0.8146510634269206,0.09120164959666967,0.16403885479842123,0.853586353264592
95,All-site tariff 150,0;1;2;3,150.0,Single Feasible Projection,0.8535863532645909,0.8535863532645909,0.8535863532645909,0.6097045380461363,19.972533787734513,0.24388181521845453,20.21641560295297,0.6097045380461363,0.7142857142857143,19.972533787734513,0.2857142857142857,0.01206355369855135,0.023149671815430213,0.8535863532645909
95,All-site tariff 150,0;1;2;3,150.0,Tail-Risk Feasible Counterfactual,1.5647633114286374,1.5647633114286374,1.5647633114286374,0.44814191938109826,19.09979421090543,1.1166213920475392,20.21641560295297,0.44814191938109826,0.2863959782977927,19.09979421090543,0.7136040217022073,0.055233401112135656,0.102530849816422,0.8535863532645886
95,All-site tariff 150,0;1;2;3,150.0,Risk-Constrained Convex Verifier,1.6031243564963447,1.6031243564963447,1.6031243564963447,0.43942719539472774,19.052718441851358,1.163697161101617,20.21641560295297,0.43942719539472774,0.27410674263293167,19.052718441851358,0.7258932573670683,0.05756199239056196,0.10666560003229202,0.8535863532645869
96,All-site tariff 150,0;1;2;3,150.0,Feasible Quantile Projection,1.0414643262866534,1.0414643262866534,1.0414643262866534,0.6441730375506576,15.332669298058962,0.39729128873599584,15.729960586794954,0.6441730375506576,0.6185262627741268,15.332669298058962,0.38147373722587313,0.02525697928763505,0.04737716572026163,0.9080104704904333
96,All-site tariff 150,0;1;2;3,150.0,Single Feasible Projection,0.9080104704904342,0.9080104704904342,0.9080104704904342,0.6983298602737866,15.520279976578307,0.20968061021664752,15.729960586794954,0.6983298602737866,0.7690768806846523,15.520279976578307,0.2309231193153477,0.013330014977448257,0.025205069716097765,0.9080104704904342
96,All-site tariff 150,0;1;2;3,150.0,Tail-Risk Feasible Counterfactual,1.2245975228461725,1.2245975228461725,1.2245975228461725,0.5149559545011391,15.020319018449921,0.7096415683450334,15.729960586794954,0.5149559545011391,0.42051036760575344,15.020319018449921,0.5794896323942466,0.04511400803767849,0.08371100724135054,0.9080104704904319
96,All-site tariff 150,0;1;2;3,150.0,Risk-Constrained Convex Verifier,1.2422696175255348,1.2422696175255348,1.2422696175255348,0.5056600426573854,14.993351011926807,0.7366095748681494,15.729960586794954,0.5056600426573854,0.4070453269754797,14.993351011926807,0.5929546730245203,0.04682844377159604,0.08680174214000896,0.9080104704904317
97,All-site tariff 150,0;1;2;3,150.0,Feasible Quantile Projection,0.23517980774796188,0.23517980774796188,0.23517980774796188,0.12927679448874296,9.11158016270066,0.10590301325921891,9.21748317595988,0.12927679448874296,0.5496934270279134,9.11158016270066,0.4503065729720867,0.011489363336775553,0.022407021903086632,0.006876993048899216
97,All-site tariff 150,0;1;2;3,150.0,Single Feasible Projection,0.006876993048899216,0.006876993048899216,0.006876993048899216,0.0,9.21060618291098,0.006876993048899216,9.21748317595988,0.0,0.0,9.21060618291098,1.0,0.0007460814321674168,0.0014910504193025665,0.006876993048899216
97,All-site tariff 150,0;1;2;3,150.0,Tail-Risk Feasible Counterfactual,0.3681942678743755,0.3681942678743755,0.3681942678743755,0.0,8.849288908085503,0.3681942678743755,9.21748317595988,0.0,0.0,8.849288908085503,1.0,0.03994520639155199,0.0768217520424093,0.0068769930488969955
97,All-site tariff 150,0;1;2;3,150.0,Risk-Constrained Convex Verifier,0.3876838029390426,0.3876838029390426,0.3876838029390426,0.0,8.829799373020837,0.3876838029390426,9.21748317595988,0.0,0.0,8.829799373020837,1.0,0.04205961600777974,0.0807240111058401,0.006876993048896107
98,All-site tariff 150,0;1;2;3,150.0,Feasible Quantile Projection,0.3423088095506903,0.3423088095506903,0.3423088095506903,0.04522847719298406,5.464685403221487,0.29708033235770626,5.761765735579194,0.04522847719298406,0.13212770437415947,5.464685403221487,0.8678722956258406,0.05156064060765613,0.09733836969429899,0.0
98,All-site tariff 150,0;1;2;3,150.0,Single Feasible Projection,0.0,0.0,0.0,0.0,5.761765735579194,0.0,5.761765735579194,0.0,0.0,5.761765735579194,0.0,0.0,0.0,0.0
98,All-site tariff 150,0;1;2;3,150.0,Tail-Risk Feasible Counterfactual,0.4120448611281917,0.4120448611281917,0.4120448611281917,0.0,5.349720874451,0.4120448611281917,5.761765735579194,0.0,0.0,5.349720874451,1.0,0.07151364356655356,0.13348153613521715,-2.886579864025407e-15
98,All-site tariff 150,0;1;2;3,150.0,Risk-Constrained Convex Verifier,0.43427065360670736,0.43427065360670736,0.43427065360670736,0.0,5.327495081972485,0.43427065360670736,5.761765735579194,0.0,0.0,5.327495081972485,1.0,0.07537110558401641,0.14017692160899858,-2.886579864025407e-15
99,All-site tariff 150,0;1;2;3,150.0,Feasible Quantile Projection,0.23711742673137692,0.23711742673137692,0.23711742673137692,0.1367216941324736,5.467022470434275,0.10039573259890333,5.567418203033178,0.1367216941324736,0.5765990969839657,5.467022470434275,0.4234009030160343,0.018032727008760876,0.034592166885527624,2.220446049250313e-16
99,All-site tariff 150,0;1;2;3,150.0,Single Feasible Projection,0.0,0.0,0.0,0.0,5.567418203033178,0.0,5.567418203033178,0.0,0.0,5.567418203033178,0.0,0.0,0.0,0.0
99,All-site tariff 150,0;1;2;3,150.0,Tail-Risk Feasible Counterfactual,0.3401039205534322,0.3401039205534322,0.3401039205534322,0.0,5.227314282479744,0.3401039205534322,5.567418203033178,0.0,0.0,5.227314282479744,1.0,0.061088265359361835,0.11514266504242773,-1.9984014443252818e-15
99,All-site tariff 150,0;1;2;3,150.0,Risk-Constrained Convex Verifier,0.35844920251776213,0.35844920251776213,0.35844920251776213,0.0,5.208969000515414,0.35844920251776213,5.567418203033178,0.0,0.0,5.208969000515414,1.0,0.06438338013165167,0.12097780054342488,-3.1086244689504383e-15
100,All-site tariff 150,0;1;2;3,150.0,Feasible Quantile Projection,0.18878179863868105,0.18878179863868105,0.18878179863868105,0.18878179863868105,8.386429784334817,0.0,8.386429784334817,0.18878179863868105,1.0,8.386429784334817,0.0,0.0,0.0,0.18878179863868105
100,All-site tariff 150,0;1;2;3,150.0,Single Feasible Projection,0.18878179863868105,0.18878179863868105,0.18878179863868105,0.18878179863868105,8.386429784334817,0.0,8.386429784334817,0.18878179863868105,1.0,8.386429784334817,0.0,0.0,0.0,0.18878179863868105
100,All-site tariff 150,0;1;2;3,150.0,Tail-Risk Feasible Counterfactual,0.22031918367145464,0.22031918367145464,0.22031918367145464,0.14771547672155227,8.313826077384915,0.07260370694990237,8.386429784334817,0.14771547672155227,0.6704612565278437,8.313826077384915,0.3295387434721563,0.008657284305357246,0.01687134299368808,0.18878179863868083
100,All-site tariff 150,0;1;2;3,150.0,Risk-Constrained Convex Verifier,0.22202031731290828,0.22202031731290828,0.22202031731290828,0.14550035008148976,8.3099098171034,0.07651996723141852,8.386429784334817,0.14550035008148976,0.6553470053662983,8.3099098171034,0.3446529946337017,0.009124260167819174,0.017777873212454814,0.1887817986386804
101,All-site tariff 150,0;1;2;3,150.0,Feasible Quantile Projection,0.5032364755227858,0.5032364755227858,0.5032364755227858,0.353829631812254,17.745320356410225,0.1494068437105318,17.89472720012076,0.353829631812254,0.7031080794465049,17.745320356410225,0.2968919205534951,0.008349210470753841,0.01624167177896178,0.5032364755227858
101,All-site tariff 150,0;1;2;3,150.0,Single Feasible Projection,0.5032364755227858,0.5032364755227858,0.5032364755227858,0.353829631812254,17.745320356410225,0.1494068437105318,17.89472720012076,0.353829631812254,0.7031080794465049,17.745320356410225,0.2968919205534951,0.008349210470753841,0.01624167177896178,0.5032364755227858
101,All-site tariff 150,0;1;2;3,150.0,Tail-Risk Feasible Counterfactual,0.494618590372609,0.494618590372609,0.494618590372609,0.27837373391072573,17.678482343658874,0.2162448564618833,17.89472720012076,0.27837373391072573,0.5628048345312285,17.678482343658874,0.43719516546877146,0.012084277901728729,0.023518493689283295,0.491649315819523
101,All-site tariff 150,0;1;2;3,150.0,Risk-Constrained Convex Verifier,0.49415373970943843,0.49415373970943843,0.49415373970943843,0.2743036258078184,17.674877086219137,0.21985011390162001,17.89472720012076,0.2743036258078184,0.555097743404934,17.674877086219137,0.44490225659506594,0.012285748278975519,0.023911200972042416,0.4910243018191669
102,All-site tariff 150,0;1;2;3,150.0,Feasible Quantile Projection,6.068302002607784,6.068302002607784,6.068302002607784,5.315553157399926,17.71525514028546,0.7527488452078581,18.468003985493322,5.315553157399926,0.8759539579796173,17.71525514028546,0.12404604202038277,0.040759621115478685,0.06135796036884314,6.068302002607784
102,All-site tariff 150,0;1;2;3,150.0,Single Feasible Projection,5.789479350977102,5.789479350977102,5.789479350977102,4.504827182769925,17.183351817286145,1.284652168207177,18.468003985493322,4.504827182769925,0.7781057517736265,17.183351817286145,0.22189424822637355,0.06956096442345776,0.10591800892021966,5.789479350977102
102,All-site tariff 150,0;1;2;3,150.0,Tail-Risk Feasible Counterfactual,6.286211125242945,6.286211125242945,6.286211125242945,3.997511314606652,16.17930417485703,2.2886998106362935,18.468003985493322,3.997511314606652,0.6359174445405156,16.17930417485703,0.3640825554594846,0.12392783824576141,0.18491394701047506,6.283816069115455
102,All-site tariff 150,0;1;2;3,150.0,Risk-Constrained Convex Verifier,6.313004948862266,6.313004948862266,6.313004948862266,3.970145287851805,16.12514432448286,2.3428596610104617,18.468003985493322,3.970145287851805,0.6288836013929162,16.12514432448286,0.37111639860708384,0.12686046975356868,0.18908509070124235,6.31048070286861
103,All-site tariff 150,0;1;2;3,150.0,Feasible Quantile Projection,1.2208154402978737,1.2208154402978737,1.2208154402978737,0.4933078747608082,57.21219904581879,0.7275075655370655,57.93970661135586,0.4933078747608082,0.4040806320736271,57.21219904581879,0.5959193679263729,0.01255628666567114,0.024594359221572465,1.2208154402978737
103,All-site tariff 150,0;1;2;3,150.0,Single Feasible Projection,17.62044545246072,17.62044545246072,17.62044545246072,9.644444873177402,49.96370603207254,7.976000579283317,57.93970661135586,9.644444873177402,0.5473439873695441,49.96370603207254,0.4526560126304558,0.1376603549752885,0.21111658358090513,17.62044545246072
103,All-site tariff 150,0;1;2;3,150.0,Tail-Risk Feasible Counterfactual,17.68638940772994,17.68638940772994,17.68638940772994,7.8576504935074505,48.110967697133376,9.828738914222487,57.93970661135586,7.8576504935074505,0.44427668713848506,48.110967697133376,0.5557233128615148,0.16963736078525654,0.2599298240052482,17.68638940772994
103,All-site tariff 150,0;1;2;3,150.0,Risk-Constrained Convex Verifier,17.697147349233997,17.697147349233997,17.697147349233997,7.770678821906811,48.01323808402867,9.926468527327186,57.93970661135586,7.770678821906811,0.43909216940792195,48.01323808402867,0.560907830592078,0.1713241075573837,0.26247703355031965,17.697147349233997
104,All-site tariff 150,0;1;2;3,150.0,Feasible Quantile Projection,0.0,0.0,0.0,0.0,30.251881171199763,0.0,30.251881171199763,0.0,0.0,30.251881171199763,0.0,0.0,0.0,0.0
104,All-site tariff 150,0;1;2;3,150.0,Single Feasible Projection,2.2086881635832696,2.2086881635832696,2.2086881635832696,2.2086881635832696,30.251881171199763,0.0,30.251881171199763,2.2086881635832696,1.0,30.251881171199763,0.0,0.0,0.0,2.2086881635832696
104,All-site tariff 150,0;1;2;3,150.0,Tail-Risk Feasible Counterfactual,7.283760522547,7.283760522547,7.283760522547,2.7449834675307985,25.713104116183562,4.538777055016203,30.251881171199763,2.7449834675307985,0.37686349778162764,25.713104116183562,0.6231365022183725,0.15003288652796856,0.24183825559973518,7.273549550336389
104,All-site tariff 150,0;1;2;3,150.0,Risk-Constrained Convex Verifier,7.557516361488904,7.557516361488904,7.557516361488904,2.814473290823342,25.5088381005342,4.743043070665563,30.251881171199763,2.814473290823342,0.3724071713777756,25.5088381005342,0.6275928286222244,0.15678506218585211,0.250892284996866,7.546754607140796
105,All-site tariff 150,0;1;2;3,150.0,Feasible Quantile Projection,0.8508747365945188,0.8508747365945188,0.8508747365945188,0.6079707308402398,0.9361380878432974,0.24290400575427906,1.1790420935975765,0.6079707308402398,0.7145243649770812,0.9361380878432974,0.28547563502291884,0.20601809475106458,0.2393240965752203,0.8508747365945188
105,All-site tariff 150,0;1;2;3,150.0,Single Feasible Projection,0.925403352669115,0.925403352669115,0.925403352669115,0.6815215374506614,0.9351602783791229,0.24388181521845365,1.1790420935975765,0.6815215374506614,0.7364589024720603,0.9351602783791229,0.26354109752793975,0.2068474200732768,0.2317777499541293,0.925403352669115
105,All-site tariff 150,0;1;2;3,150.0,Tail-Risk Feasible Counterfactual,0.85448518521959,0.85448518521959,0.85448518521959,0.5388860610982651,0.8634429694762515,0.31559912412132496,1.1790420935975765,0.5388860610982651,0.6306558269465834,0.8634429694762515,0.36934417305341655,0.2676741787550151,0.3103957615015602,0.8460712489108457
105,All-site tariff 150,0;1;2;3,150.0,Risk-Constrained Convex Verifier,0.850659843317803,0.850659843317803,0.850659843317803,0.5313073305573452,0.8596895808371188,0.31935251276045773,1.1790420935975765,0.5313073305573452,0.6245825928318225,0.8596895808371188,0.3754174071681775,0.2708576008393617,0.3146792215666806,0.8417920573922637
106,All-site tariff 150,0;1;2;3,150.0,Feasible Quantile Projection,0.470287050822328,0.470287050822328,0.470287050822328,0.2765291438085735,3.2845919822343155,0.1937579070137545,3.4783498892480695,0.2765291438085735,0.5880007610778226,3.2845919822343155,0.4119992389221774,0.0557039726258361,0.09813913507596377,0.470287050822328
106,All-site tariff 150,0;1;2;3,150.0,Single Feasible Projection,0.4046406188749865,0.4046406188749865,0.4046406188749865,0.21088271186123198,3.2845919822343155,0.1937579070137545,3.4783498892480695,0.21088271186123198,0.5211605113879684,3.2845919822343155,0.47883948861203157,0.0557039726258361,0.09979829031691989,0.4046406188749865
106,All-site tariff 150,0;1;2;3,150.0,Tail-Risk Feasible Counterfactual,0.865156381264806,0.865156381264806,0.865156381264806,0.19474156561968137,2.8079350736029447,0.6704148156451246,3.4783498892480695,0.19474156561968137,0.22509406372866492,2.8079350736029447,0.7749059362713351,0.1927393266897745,0.3086975240240475,0.8278393241410249
106,All-site tariff 150,0;1;2;3,150.0,Risk-Constrained Convex Verifier,0.8899967050585231,0.8899967050585231,0.8899967050585231,0.1953278162506733,2.78368100044022,0.6946688888078498,3.4783498892480695,0.1953278162506733,0.21947026898018596,2.78368100044022,0.780529731019814,0.19971219426635067,0.31804659900990195,0.8506667574808453
107,All-site tariff 150,0;1;2;3,150.0,Feasible Quantile Projection,5.365266696290455,5.365266696290455,5.365266696290455,3.9432213060761168,7.678565641053819,1.4220453902143384,9.100611031268157,3.9432213060761168,0.7349534569833145,7.678565641053819,0.26504654301668557,0.15625823203831385,0.1966068588434468,5.365266696290455
107,All-site tariff 150,0;1;2;3,150.0,Single Feasible Projection,5.415317520852042,5.415317520852042,5.415317520852042,3.9823717503730713,7.667665260789187,1.4329457704789708,9.100611031268157,3.9823717503730713,0.7353902582883981,7.667665260789187,0.2646097417116018,0.15745599559805512,0.1974308106207473,5.415317520852042
107,All-site tariff 150,0;1;2;3,150.0,Tail-Risk Feasible Counterfactual,6.5896308501879375,6.5896308501879375,6.5896308501879375,3.5373749176034837,6.048355098683704,3.0522559325844534,9.100611031268157,3.5373749176034837,0.5368092686865148,6.048355098683704,0.4631907313134851,0.33539021963442006,0.38906422930188717,6.5848347874829525
107,All-site tariff 150,0;1;2;3,150.0,Risk-Constrained Convex Verifier,6.652973575276444,6.652973575276444,6.652973575276444,3.5134997011732327,5.961137157164947,3.139473874103211,9.100611031268157,3.5134997011732327,0.5281096732790255,5.961137157164947,0.47189032672097453,0.3449739652993091,0.39857263632544454,6.647918811870515
108,All-site tariff 150,0;1;2;3,150.0,Feasible Quantile Projection,0.24154704228136703,0.24154704228136703,0.24154704228136703,0.19139450031069272,4.917790809215234,0.050152541970674314,4.967943351185907,0.19139450031069272,0.7923694635339235,4.917790809215234,0.20763053646607657,0.010095232257167809,0.019254298667511063,0.18489442648605348
108,All-site tariff 150,0;1;2;3,150.0,Single Feasible Projection,0.08086965699545745,0.08086965699545745,0.08086965699545745,0.08086965699545745,4.967943351185907,0.0,4.967943351185907,0.08086965699545745,1.0,4.967943351185907,0.0,0.0,0.0,0.08086965699545745
108,All-site tariff 150,0;1;2;3,150.0,Tail-Risk Feasible Counterfactual,2.0864154128209655,2.0864154128209655,2.0864154128209655,0.061832026967957754,2.9433599653328995,2.0245833858530076,4.967943351185907,0.061832026967957754,0.029635530195953136,2.9433599653328995,0.9703644698040468,0.4075294830746642,0.5739950160127795,1.9539095436217768
108,All-site tariff 150,0;1;2;3,150.0,Risk-Constrained Convex Verifier,2.1945950019392444,2.1945950019392444,2.1945950019392444,0.060805132922694405,2.8341534821693566,2.13378986901655,4.967943351185907,0.060805132922694405,0.027706767248154768,2.8341534821693566,0.9722932327518452,0.4295117150454602,0.5958194605926367,2.0549417363547633
109,All-site tariff 150,0;1;2;3,150.0,Feasible Quantile Projection,0.7234240373990732,0.7234240373990732,0.7234240373990732,0.15592928164583442,11.598910189569265,0.5674947557532388,12.166404945322501,0.15592928164583442,0.2155434068882298,11.598910189569265,0.7844565931117702,0.04664440796633339,0.08805310861981928,0.23050924447990506
109,All-site tariff 150,0;1;2;3,150.0,Single Feasible Projection,0.2305092444799044,0.2305092444799044,0.2305092444799044,0.12900860833775063,12.06490430918035,0.10150063614215377,12.166404945322501,0.12900860833775063,0.5596678286323458,12.06490430918035,0.44033217136765423,0.008342697501711606,0.01637514539314103,0.2305092444799044
109,All-site tariff 150,0;1;2;3,150.0,Tail-Risk Feasible Counterfactual,4.604264592555953,4.604264592555953,4.604264592555953,0.13699086351431933,7.699131216280868,4.467273729041635,12.166404945322501,0.13699086351431933,0.0297530388969831,7.699131216280868,0.970246961103017,0.36718108176722525,0.5327484056556945,4.36943530831152
109,All-site tariff 150,0;1;2;3,150.0,Risk-Constrained Convex Verifier,4.840927832796101,4.840927832796101,4.840927832796101,0.15056456218043457,7.476041674706837,4.6903632706156655,12.166404945322501,0.15056456218043457,0.031102418251393156,7.476041674706837,0.9688975817486066,0.3855176029151425,0.5515695296619612,4.592689911042804
110,All-site tariff 150,0;1;2;3,150.0,Feasible Quantile Projection,35.431981863809035,35.431981863809035,35.431981863809035,26.58334528671169,53.930559892902636,8.848636577097345,62.77919646999999,26.58334528671169,0.750264136759013,53.930559892902636,0.249735863240987,0.14094854784141436,0.18019611875588745,35.37695086555056
110,All-site tariff 150,0;1;2;3,150.0,Single Feasible Projection,39.264387937851055,39.264387937851055,39.264387937851055,20.27572210252925,43.790530634678184,18.988665835321797,62.77919646999999,20.27572210252925,0.5163896132704863,43.790530634678184,0.48361038672951356,0.30246748768751486,0.372167754504336,39.22730779667543
110,All-site tariff 150,0;1;2;3,150.0,Tail-Risk Feasible Counterfactual,41.766103086211224,41.766103086211224,41.766103086211224,20.0570459702789,41.07013935406766,21.709057115932325,62.77919646999999,20.0570459702789,0.48022306339852394,41.07013935406766,0.5197769366014761,0.34580017484464515,0.4153043170393317,41.66984936333694
110,All-site tariff 150,0;1;2;3,150.0,Risk-Constrained Convex Verifier,41.90105482327613,41.90105482327613,41.90105482327613,20.045244088369326,40.92338573509319,21.8558107349068,62.77919646999999,20.045244088369326,0.4783947366698308,40.92338573509319,0.5216052633301692,0.34813779028457204,0.41757276018902056,41.80160521575188
111,All-site tariff 150,0;1;2;3,150.0,Feasible Quantile Projection,1.7504467745682655,1.7504467745682655,1.7504467745682655,0.2498383767451775,88.43455509841849,1.500608397823088,89.93516349624157,0.2498383767451775,0.14272834819944655,88.43455509841849,0.8572716518005534,0.016685446931842172,0.032733782180012175,0.800502724658479
111,All-site tariff 150,0;1;2;3,150.0,Single Feasible Projection,24.384308007943304,24.384308007943304,24.384308007943304,6.5851349388365605,72.13599042713483,17.799173069106747,89.93516349624157,6.5851349388365605,0.2700562565356139,72.13599042713483,0.7299437434643863,0.19791116596847663,0.3113935506333263,24.37002967551268
111,All-site tariff 150,0;1;2;3,150.0,Tail-Risk Feasible Counterfactual,24.589325791723006,24.589325791723006,24.589325791723006,3.9546141386825178,69.30045184320107,20.63471165304049,89.93516349624157,3.9546141386825178,0.16082645665761514,69.30045184320107,0.8391735433423849,0.22943986368471797,0.3603545718707518,24.4717147365875
111,All-site tariff 150,0;1;2;3,150.0,Risk-Constrained Convex Verifier,24.64592415704256,24.64592415704256,24.64592415704256,3.870895940433761,69.16013527963277,20.775028216608803,89.93516349624157,3.870895940433761,0.15706028776882583,69.16013527963277,0.8429397122311743,0.2310000605878367,0.3626257813064728,24.519669082129358
112,All-site tariff 150,0;1;2;3,150.0,Feasible Quantile Projection,2.036179274861925,2.036179274861925,2.036179274861925,0.006947407446371123,11.452420358810198,2.029231867415554,13.481652226225751,0.006947407446371123,0.0034119822022263893,11.452420358810198,0.9965880177977736,0.1505180398785325,0.26153549447592866,0.2017848922757317
112,All-site tariff 150,0;1;2;3,150.0,Single Feasible Projection,0.18878179863868105,0.18878179863868105,0.18878179863868105,0.18878179863868105,13.481652226225751,0.0,13.481652226225751,0.18878179863868105,1.0,13.481652226225751,0.0,0.0,0.0,0.18878179863868105
112,All-site tariff 150,0;1;2;3,150.0,Tail-Risk Feasible Counterfactual,3.2468657544418873,3.2468657544418873,3.2468657544418873,0.09088867916249832,10.325675150946363,3.155977075279389,13.481652226225751,0.09088867916249832,0.027992743167209087,10.325675150946363,0.9720072568327909,0.23409423580442845,0.37731699591399587,2.6300228611832375
112,All-site tariff 150,0;1;2;3,150.0,Risk-Constrained Convex Verifier,3.4118194907837553,3.4118194907837553,3.4118194907837553,0.08560830228170246,10.155441037723701,3.326211188502053,13.481652226225751,0.08560830228170246,0.02509168568646541,10.155441037723701,0.9749083143135346,0.24672133153172432,0.3937865755743972,2.7617039531342105
113,All-site tariff 150,0;1;2;3,150.0,Feasible Quantile Projection,6.989836085212357,6.989836085212357,6.989836085212357,2.8740052831313827,69.1719479952158,4.115830802080973,73.28777879729677,2.8740052831313827,0.41116919597179197,69.1719479952158,0.5888308040282079,0.05615985188287336,0.10253993739362405,6.095795449671688
113,All-site tariff 150,0;1;2;3,150.0,Single Feasible Projection,18.524112873584627,18.524112873584627,18.524112873584627,1.6362113679921455,56.3998772917043,16.88790150559248,73.28777879729677,1.6362113679921455,0.08832873018849835,56.3998772917043,0.9116712698115016,0.2304327103745624,0.3678804825442577,17.601061577139077
113,All-site tariff 150,0;1;2;3,150.0,Tail-Risk Feasible Counterfactual,24.040258768796974,24.040258768796974,24.040258768796974,1.7095593803869575,50.957079408886756,22.330699388410018,73.28777879729677,1.7095593803869575,0.07111235352449193,50.957079408886756,0.9288876464755081,0.30469881547608985,0.45887495416201396,22.647179339244303
113,All-site tariff 150,0;1;2;3,150.0,Risk-Constrained Convex Verifier,24.3814028805762,24.3814028805762,24.3814028805762,1.7401885854583947,50.646564502178975,22.641214295117805,73.28777879729677,1.7401885854583947,0.07137360364299387,50.646564502178975,0.9286263963570062,0.3089357416294479,0.4636306746132427,22.954139285885546
114,All-site tariff 150,0;1;2;3,150.0,Feasible Quantile Projection,4.88508384099092,4.88508384099092,4.88508384099092,2.5912074225429294,39.06011264179387,2.293876418447991,41.353989060241865,2.5912074225429294,0.5304325384960666,39.06011264179387,0.46956746150393336,0.055469290159805805,0.09921809735881765,4.16201870056779
114,All-site tariff 150,0;1;2;3,150.0,Single Feasible Projection,4.129169520581112,4.129169520581112,4.129169520581112,2.2276765809727532,39.4524961206335,1.9014929396083584,41.353989060241865,2.2276765809727532,0.5394974872960036,39.4524961206335,0.4605025127039965,0.04598088317038495,0.08361305586239928,3.930068094447771
114,All-site tariff 150,0;1;2;3,150.0,Tail-Risk Feasible Counterfactual,10.912989381050314,10.912989381050314,10.912989381050314,1.3435582448648433,31.78455792405639,9.569431136185472,41.353989060241865,1.3435582448648433,0.12311550922956487,31.78455792405639,0.8768844907704352,0.23140285504852584,0.366175027582057,10.301723710421022
114,All-site tariff 150,0;1;2;3,150.0,Risk-Constrained Convex Verifier,11.279965960770667,11.279965960770667,11.279965960770667,1.2969229243032838,31.37094602377448,9.983043036467384,41.353989060241865,1.2969229243032838,0.11497578350978248,31.37094602377448,0.8850242164902176,0.24140459634800215,0.3793385099972804,10.64541224733772
61,All-site tariff 300,0;1;2;3,300.0,Feasible Quantile Projection,12.572518029688935,12.572518029688935,12.572518029688935,2.7974808219143155,37.564321873808005,9.77503720777462,47.339359081582614,2.7974808219143155,0.22250760072948808,37.564321873808005,0.777492399270512,0.20648858365253195,0.32631383555617516,6.2534175369741485
61,All-site tariff 300,0;1;2;3,300.0,Single Feasible Projection,29.7983285210996,29.7983285210996,29.7983285210996,1.225111776654991,18.766142337138014,28.573216744444608,47.339359081582614,1.225111776654991,0.041113439493343194,18.766142337138014,0.9588865605066568,0.6035826698710212,0.740836746147186,16.391486332391473
61,All-site tariff 300,0;1;2;3,300.0,Tail-Risk Feasible Counterfactual,31.104078429051622,31.104078429051622,31.104078429051622,1.6393511559915601,17.87463180852256,29.464727273060063,47.339359081582614,1.6393511559915601,0.05270534408312141,17.87463180852256,0.9472946559168787,0.6224150019074365,0.7512349842921063,17.403402556589015
61,All-site tariff 300,0;1;2;3,300.0,Risk-Constrained Convex Verifier,31.22019408004359,31.22019408004359,31.22019408004359,1.6862246506797967,17.80538965221883,29.533969429363793,47.339359081582614,1.6862246506797967,0.054010703660476486,17.80538965221883,0.9459892963395234,0.6238776781592295,0.751887408743312,17.482168579223817
62,All-site tariff 300,0;1;2;3,300.0,Feasible Quantile Projection,43.11501964235505,43.11501964235505,43.11501964235505,32.30206825722077,91.93064423607171,10.812951385134284,102.743595621206,32.30206825722077,0.7492068547149188,91.93064423607171,0.2507931452850813,0.10524209630544135,0.14826620101384738,43.11501964235505
62,All-site tariff 300,0;1;2;3,300.0,Single Feasible Projection,91.38761468661781,91.38761468661781,91.38761468661781,3.7190315232328266,15.075012457821023,87.66858316338498,102.743595621206,3.7190315232328266,0.04069513725668361,15.075012457821023,0.9593048627433164,0.8532754049858308,0.9031889619847673,58.550992315664416
62,All-site tariff 300,0;1;2;3,300.0,Tail-Risk Feasible Counterfactual,83.60847812291681,83.60847812291681,83.60847812291681,7.233122264459043,26.368239762748225,76.37535585845777,102.743595621206,7.233122264459043,0.08651182782953286,26.368239762748225,0.9134881721704672,0.7433587991220165,0.8196888215295914,54.2835665563351
62,All-site tariff 300,0;1;2;3,300.0,Risk-Constrained Convex Verifier,83.34243154866353,83.34243154866353,83.34243154866353,7.526948577719356,26.928112650261824,75.81548297094417,102.743595621206,7.526948577719356,0.09031352263011887,26.928112650261824,0.9096864773698812,0.7379095749233839,0.8148433724337147,54.1888094488367
63,All-site tariff 300,0;1;2;3,300.0,Feasible Quantile Projection,48.95544260747786,48.95544260747786,48.95544260747786,35.20476760124822,101.390631191604,13.750675006229645,115.14130619783364,35.20476760124822,0.7191185642731939,101.390631191604,0.28088143572680624,0.11942434440168233,0.16759229060100136,48.10989960558018
63,All-site tariff 300,0;1;2;3,300.0,Single Feasible Projection,95.71843162572245,95.71843162572245,95.71843162572245,26.805510254029638,46.228384826140854,68.9129213716928,115.14130619783364,26.805510254029638,0.2800454395120509,46.228384826140854,0.719954560487949,0.5985073788661726,0.6536375515116877,83.39826469116471
63,All-site tariff 300,0;1;2;3,300.0,Tail-Risk Feasible Counterfactual,87.46645319077867,87.46645319077867,87.46645319077867,15.336411052970625,43.011264060025624,72.13004213780803,115.14130619783364,15.336411052970625,0.17534049333770743,43.011264060025624,0.8246595066622925,0.6264480100119374,0.712016581748568,74.7225192743059
63,All-site tariff 300,0;1;2;3,300.0,Risk-Constrained Convex Verifier,87.26467762770855,87.26467762770855,87.26467762770855,15.398257756338412,43.274886326463516,71.86641987137014,115.14130619783364,15.398257756338412,0.17645464550996184,43.274886326463516,0.8235453544900382,0.6241584557664354,0.7101214945632561,74.48876263534251
64,All-site tariff 300,0;1;2;3,300.0,Feasible Quantile Projection,39.27413552583729,39.27413552583729,39.27413552583729,29.528274308237766,121.09205966463807,9.745861217599522,130.8379208822376,29.528274308237766,0.751850394996269,121.09205966463807,0.248149605003731,0.0744880471340676,0.11458166367962273,39.27413552583729
64,All-site tariff 300,0;1;2;3,300.0,Single Feasible Projection,85.99047588636384,85.99047588636384,85.99047588636384,10.017834544709892,54.86527954058367,75.97264134165394,130.8379208822376,10.017834544709892,0.11649934997392537,54.86527954058367,0.8835006500260746,0.5806622486001908,0.7007628380219193,50.67667404208096
64,All-site tariff 300,0;1;2;3,300.0,Tail-Risk Feasible Counterfactual,86.03176010908413,86.03176010908413,86.03176010908413,9.449519296136012,54.255680069289475,76.58224081294813,130.8379208822376,9.449519296136012,0.10983756794182144,54.255680069289475,0.8901624320581787,0.5853214442460989,0.7062512423395195,51.5286137805669
64,All-site tariff 300,0;1;2;3,300.0,Risk-Constrained Convex Verifier,86.08720879038302,86.08720879038302,86.08720879038302,9.497372800544454,54.24808489239905,76.58983598983856,130.8379208822376,9.497372800544454,0.11032269409117404,54.24808489239905,0.889677305908826,0.585379494518063,0.7061407417888976,51.60253204218688
65,All-site tariff 300,0;1;2;3,300.0,Feasible Quantile Projection,5.676070372551788,5.676070372551788,5.676070372551788,1.8272997363804802,22.450279177008163,3.8487706361713085,26.299049813179472,1.8272997363804802,0.3219304230646778,22.450279177008163,0.6780695769353224,0.14634637614331375,0.2407353350864841,4.010687912316471
65,All-site tariff 300,0;1;2;3,300.0,Single Feasible Projection,7.241645810088903,7.241645810088903,7.241645810088903,0.8516124869472272,19.9090164900378,6.390033323141675,26.299049813179472,0.8516124869472272,0.11759930121972817,19.9090164900378,0.8824006987802718,0.24297582492654857,0.3810316515146264,4.381609267220998
65,All-site tariff 300,0;1;2;3,300.0,Tail-Risk Feasible Counterfactual,8.451511843060862,8.451511843060862,8.451511843060862,0.30848746344279454,18.156025433561403,8.143024379618067,26.299049813179472,0.30848746344279454,0.036500861522909545,18.156025433561403,0.9634991384770905,0.309631885465964,0.4686556988730445,4.7997146218515
65,All-site tariff 300,0;1;2;3,300.0,Risk-Constrained Convex Verifier,8.526354320875281,8.526354320875281,8.526354320875281,0.28876747557673044,18.06146296788092,8.237586845298551,26.299049813179472,0.28876747557673044,0.03386763729367122,18.06146296788092,0.9661323627063289,0.31322754638726064,0.47307918171397495,4.8222682078589765
66,All-site tariff 300,0;1;2;3,300.0,Feasible Quantile Projection,3.288571461984326,3.288571461984326,3.288571461984326,2.2296931561780338,29.217896877056354,1.058878305806292,30.276775182862647,2.2296931561780338,0.6780126817839122,29.217896877056354,0.3219873182160877,0.03497328560954674,0.06309354209925036,2.888657382270098
66,All-site tariff 300,0;1;2;3,300.0,Single Feasible Projection,11.923726301512152,11.923726301512152,11.923726301512152,1.1604720081643105,19.513520889514805,10.763254293347842,30.276775182862647,1.1604720081643105,0.0973246096748414,19.513520889514805,0.9026753903251586,0.3554953996368838,0.5101007767565537,10.371125563319538
66,All-site tariff 300,0;1;2;3,300.0,Tail-Risk Feasible Counterfactual,12.78659807993834,12.78659807993834,12.78659807993834,0.7593944337259437,18.24957153665025,12.027203646212396,30.276775182862647,0.7593944337259437,0.05938987281671136,18.24957153665025,0.9406101271832886,0.397241898239548,0.5585815849963495,10.788898975043775
66,All-site tariff 300,0;1;2;3,300.0,Risk-Constrained Convex Verifier,12.833153768940194,12.833153768940194,12.833153768940194,0.7377590325800905,18.181380446502544,12.095394736360104,30.276775182862647,0.7377590325800905,0.057488521205572456,18.181380446502544,0.9425114787944275,0.39949415561292595,0.5611419471316146,10.811443994277747
67,All-site tariff 300,0;1;2;3,300.0,Feasible Quantile Projection,2.1143697876218805,2.1143697876218805,2.1143697876218805,0.2104207012822923,19.836918292523723,1.9039490863395883,21.740867378863314,0.2104207012822923,0.09951934733184074,19.836918292523723,0.9004806526681592,0.08757466080634052,0.15962524900104474,0.8926112805017128
67,All-site tariff 300,0;1;2;3,300.0,Single Feasible Projection,2.662534795153181,2.662534795153181,2.662534795153181,1.4107107648216186,20.48904334853175,1.2518240303315622,21.740867378863314,1.4107107648216186,0.5298374944769342,20.48904334853175,0.47016250552306577,0.05757930484174693,0.10259422201912821,2.662534795153181
67,All-site tariff 300,0;1;2;3,300.0,Tail-Risk Feasible Counterfactual,3.3272662719460424,3.3272662719460424,3.3272662719460424,0.8297775844729627,19.243378691390227,2.49748868747308,21.740867378863314,0.8297775844729627,0.24938718955836517,19.243378691390227,0.7506128104416349,0.11487530115294127,0.199256053303549,2.971259778375763
67,All-site tariff 300,0;1;2;3,300.0,Risk-Constrained Convex Verifier,3.36682909629946,3.36682909629946,3.36682909629946,0.8021466223253468,19.176184904889197,2.5646824739741136,21.740867378863314,0.8021466223253468,0.23824987826290323,19.176184904889197,0.7617501217370969,0.11796596838944537,0.20429452590453037,2.9879161403368144
68,All-site tariff 300,0;1;2;3,300.0,Feasible Quantile Projection,6.627411232020342,6.627411232020342,6.627411232020342,4.412365532726918,38.731575662011984,2.215045699293424,40.94662136130541,4.412365532726918,0.6657751236875978,38.731575662011984,0.3342248763124022,0.054095933331062176,0.09311994710341946,6.346288918562003
68,All-site tariff 300,0;1;2;3,300.0,Single Feasible Projection,24.315123338842003,24.315123338842003,24.315123338842003,0.5544819604891011,17.18597998295251,23.7606413783529,40.94662136130541,0.5544819604891011,0.02280399538847283,17.18597998295251,0.9771960046115271,0.5802833198053973,0.7281644549199197,10.754452125203855
68,All-site tariff 300,0;1;2;3,300.0,Tail-Risk Feasible Counterfactual,23.697535511732703,23.697535511732703,23.697535511732703,0.25823130314889187,17.507317152721598,23.439304208583813,40.94662136130541,0.25823130314889187,0.010896968717318345,17.507317152721598,0.9891030312826817,0.5724356107860458,0.72517936167437,9.220572335215575
68,All-site tariff 300,0;1;2;3,300.0,Risk-Constrained Convex Verifier,23.694162761154267,23.694162761154267,23.694162761154267,0.24553416525619287,17.497992765407336,23.44862859589807,40.94662136130541,0.24553416525619287,0.010362643649039896,17.497992765407336,0.98963735635096,0.5726633313403738,0.7255056978107033,9.164472698187797
69,All-site tariff 300,0;1;2;3,300.0,Feasible Quantile Projection,43.84071021742322,43.84071021742322,43.84071021742322,33.03188498623959,93.40548498923214,10.808825231183636,104.21431022041577,33.03188498623959,0.7534523237060157,93.40548498923214,0.24654767629398444,0.10371728420331826,0.14601092484697917,43.84071021742322
69,All-site tariff 300,0;1;2;3,300.0,Single Feasible Projection,81.39803648950729,81.39803648950729,81.39803648950729,7.680773416750045,30.49704714765852,73.71726307275725,104.21431022041577,7.680773416750045,0.09436067192775767,30.49704714765852,0.9056393280722423,0.707362193511078,0.7943142186329164,54.63036549634443
69,All-site tariff 300,0;1;2;3,300.0,Tail-Risk Feasible Counterfactual,77.33739706752993,77.33739706752993,77.33739706752993,7.15637354472307,34.03328669760891,70.18102352280687,104.21431022041577,7.15637354472307,0.09253445055144828,34.03328669760891,0.9074655494485517,0.6734298137594762,0.7731243574757238,49.87862324354025
69,All-site tariff 300,0;1;2;3,300.0,Risk-Constrained Convex Verifier,77.2167590541055,77.2167590541055,77.2167590541055,7.133917064930946,34.131468231241236,70.08284198917454,104.21431022041577,7.133917064930946,0.09238819593467057,34.131468231241236,0.9076118040653293,0.6724877019379358,0.7725561257993028,49.71481092978582
70,All-site tariff 300,0;1;2;3,300.0,Feasible Quantile Projection,45.47340933217538,45.47340933217538,45.47340933217538,34.17612794767451,86.64246275392446,11.297281384500868,97.93974413842533,34.17612794767451,0.7515629122510655,86.64246275392446,0.24843708774893444,0.1153493046554584,0.15754874795102783,45.47340933217538
70,All-site tariff 300,0;1;2;3,300.0,Single Feasible Projection,84.43421621816735,84.43421621816735,84.43421621816735,13.05311463883154,26.558642559089527,71.38110157933579,97.93974413842533,13.05311463883154,0.154595082698511,26.558642559089527,0.8454049173014888,0.7288267108238278,0.7827992706827833,72.16930732648068
70,All-site tariff 300,0;1;2;3,300.0,Tail-Risk Feasible Counterfactual,79.14302879743643,79.14302879743643,79.14302879743643,12.166625922086821,30.963341263075723,66.9764028753496,97.93974413842533,12.166625922086821,0.1537295969961781,30.963341263075723,0.8462704030038218,0.6838531534316346,0.7564417674847232,66.09699480005128
70,All-site tariff 300,0;1;2;3,300.0,Risk-Constrained Convex Verifier,79.01385500472975,79.01385500472975,79.01385500472975,12.14794597645572,31.073835110151308,66.86590902827403,97.93974413842533,12.14794597645572,0.1537445043749422,31.073835110151308,0.8462554956250579,0.6827249715270606,0.7557451145616954,65.92566423718353
71,All-site tariff 300,0;1;2;3,300.0,Feasible Quantile Projection,38.44908453118536,38.44908453118536,38.44908453118536,28.75012487553613,138.9426411990592,9.698959655649231,148.64160085470843,28.75012487553613,0.7477453683511611,138.9426411990592,0.2522546316488388,0.0652506404659191,0.10368190843541066,38.44908453118536
71,All-site tariff 300,0;1;2;3,300.0,Single Feasible Projection,102.7873598038879,102.7873598038879,102.7873598038879,10.789269088729693,56.64351013955023,91.99809071515821,148.64160085470843,10.789269088729693,0.1049668860968408,56.64351013955023,0.8950331139031593,0.6189255913967375,0.7318018614417147,68.49293190179
71,All-site tariff 300,0;1;2;3,300.0,Tail-Risk Feasible Counterfactual,98.48113220432677,98.48113220432677,98.48113220432677,4.444550223062599,54.60501887344427,94.03658198126416,148.64160085470843,4.444550223062599,0.045130982184903516,54.60501887344427,0.9548690178150964,0.6326397283165793,0.7610516508717936,62.640436309273085
71,All-site tariff 300,0;1;2;3,300.0,Risk-Constrained Convex Verifier,98.35779259464174,98.35779259464174,98.35779259464174,4.211166741745563,54.49497500181228,94.14662585289616,148.64160085470843,4.211166741745563,0.04281477482013943,54.49497500181228,0.9571852251798605,0.6333800585538698,0.7623227291220205,62.431960567294055
72,All-site tariff 300,0;1;2;3,300.0,Feasible Quantile Projection,32.10311208764547,32.10311208764547,32.10311208764547,24.04752030573065,69.91161894972029,8.05559178191482,77.96721073163512,24.04752030573065,0.7490713124658427,69.91161894972029,0.25092868753415737,0.10332025099169377,0.14637172991926128,32.10311208764547
72,All-site tariff 300,0;1;2;3,300.0,Single Feasible Projection,70.28860349385074,70.28860349385074,70.28860349385074,5.566243059114348,13.244850296898719,64.7223604347364,77.96721073163512,5.566243059114348,0.07919125978369047,13.244850296898719,0.9208087402163097,0.8301228148011118,0.8731173313216384,53.40245726685218
72,All-site tariff 300,0;1;2;3,300.0,Tail-Risk Feasible Counterfactual,62.11113176039161,62.11113176039161,62.11113176039161,1.1617913254940893,17.0178702967376,60.94934043489752,77.96721073163512,1.1617913254940893,0.01870504195569925,17.0178702967376,0.9812949580443008,0.781730420557002,0.8702178987928382,44.363956841756476
72,All-site tariff 300,0;1;2;3,300.0,Risk-Constrained Convex Verifier,61.849110344128064,61.849110344128064,61.849110344128064,0.9927230156147271,17.110823403121778,60.85638732851334,77.96721073163512,0.9927230156147271,0.016050724256035737,17.110823403121778,0.9839492757439644,0.7805382128903186,0.8705190761747579,44.05197837979324
73,All-site tariff 300,0;1;2;3,300.0,Feasible Quantile Projection,21.286702970689056,21.286702970689056,21.286702970689056,15.577979272450829,101.7841914997329,5.7087236982382255,107.49291519797112,15.577979272450829,0.7318173835516514,101.7841914997329,0.26818261644834857,0.05310790657900006,0.08865880765016124,21.286702970689056
73,All-site tariff 300,0;1;2;3,300.0,Single Feasible Projection,62.15848797117434,62.15848797117434,62.15848797117434,3.99632758968186,49.33075481647863,58.162160381492484,107.49291519797112,3.99632758968186,0.06429254829260221,49.33075481647863,0.9357074517073979,0.5410790122714085,0.6856667176929128,36.00390516817432
73,All-site tariff 300,0;1;2;3,300.0,Tail-Risk Feasible Counterfactual,65.21515210411101,65.21515210411101,65.21515210411101,4.313303542395628,46.591066636255725,60.90184856171539,107.49291519797112,4.313303542395628,0.06613959184684211,46.591066636255725,0.933860408153158,0.5665661634494855,0.7052577162500755,37.926578390126394
73,All-site tariff 300,0;1;2;3,300.0,Risk-Constrained Convex Verifier,65.48527624883775,65.48527624883775,65.48527624883775,4.3369043361734505,46.34454328530681,61.1483719126643,107.49291519797112,4.3369043361734505,0.06622716715271432,46.34454328530681,0.9337728328472857,0.5688595550697136,0.7070067203410153,38.13549972412653
74,All-site tariff 300,0;1;2;3,300.0,Feasible Quantile Projection,1.1854942961219133,1.1854942961219133,1.1854942961219133,0.7271827917394156,81.76907555455506,0.4583115043824977,82.22738705893755,0.7271827917394156,0.6134004981029735,81.76907555455506,0.38659950189702647,0.005573708721329025,0.01098898627974799,1.108721519933143
74,All-site tariff 300,0;1;2;3,300.0,Single Feasible Projection,45.76646122475282,45.76646122475282,45.76646122475282,2.3657301612246155,38.82665599540936,43.4007310635282,82.22738705893755,2.3657301612246155,0.05169134990810933,38.82665599540936,0.9483086500918906,0.5278135742343383,0.678169015862906,17.27816523889874
74,All-site tariff 300,0;1;2;3,300.0,Tail-Risk Feasible Counterfactual,45.50366623699591,45.50366623699591,45.50366623699591,1.0746906915303707,37.79841151347202,44.42897554546554,82.22738705893755,1.0746906915303707,0.02361767260539137,37.79841151347202,0.9763823273946086,0.5403184648640299,0.6956644355312777,16.17544722009368
74,All-site tariff 300,0;1;2;3,300.0,Risk-Constrained Convex Verifier,45.60151928573086,45.60151928573086,45.60151928573086,1.0330648969802472,37.65893267018696,44.56845438875061,82.22738705893755,1.0330648969802472,0.022654177166932743,37.65893267018696,0.9773458228330673,0.542014722622836,0.6973141781965891,16.227957818268322
75,All-site tariff 300,0;1;2;3,300.0,Feasible Quantile Projection,28.07012814538732,28.07012814538732,28.07012814538732,20.516738152979926,113.86059961834965,7.55338999240739,121.41398961075706,20.516738152979926,0.7309100281521651,113.86059961834965,0.26908997184783484,0.06221185891858852,0.10105943167459898,28.014492393834647
75,All-site tariff 300,0;1;2;3,300.0,Single Feasible Projection,73.82005380355187,73.82005380355187,73.82005380355187,1.2934609159674204,48.8873967231726,72.52659288758446,121.41398961075706,1.2934609159674204,0.01752180944502624,48.8873967231726,0.9824781905549739,0.5973495568352424,0.7429707608285788,39.114166170205706
75,All-site tariff 300,0;1;2;3,300.0,Tail-Risk Feasible Counterfactual,75.53976587059307,75.53976587059307,75.53976587059307,1.2317219074619887,47.105945647625965,74.30804396313107,121.41398961075706,1.2317219074619887,0.016305609280971925,47.105945647625965,0.9836943907190279,0.6120220923581899,0.7545735168291058,42.04934888317906
75,All-site tariff 300,0;1;2;3,300.0,Risk-Constrained Convex Verifier,75.7394349652943,75.7394349652943,75.7394349652943,1.2829976311297657,46.957552276592516,74.45643733416455,121.41398961075706,1.2829976311297657,0.016939625067412603,46.957552276592516,0.9830603749325877,0.6132443021835092,0.7553146742875186,42.26233208298838
76,All-site tariff 300,0;1;2;3,300.0,Feasible Quantile Projection,34.597457434190844,34.597457434190844,34.597457434190844,25.673339295330457,88.86034618999815,8.92411813886039,97.78446432885855,25.673339295330457,0.7420585557237755,88.86034618999815,0.2579414442762246,0.09126314900951672,0.13482381914403213,34.34927618457465
76,All-site tariff 300,0;1;2;3,300.0,Single Feasible Projection,67.88645808408695,67.88645808408695,67.88645808408695,6.867002326222419,36.765008570994,61.019455757864534,97.78446432885855,6.867002326222419,0.10115422898800625,36.765008570994,0.8988457710119938,0.6240199419884354,0.7366344663159367,58.142186774904246
76,All-site tariff 300,0;1;2;3,300.0,Tail-Risk Feasible Counterfactual,67.84887060279671,67.84887060279671,67.84887060279671,6.777217261166845,36.71281098722868,61.07165334162986,97.78446432885855,6.777217261166845,0.09988695760084605,36.71281098722868,0.9001130423991539,0.6245537444091326,0.7374319108750622,57.33988430325409
76,All-site tariff 300,0;1;2;3,300.0,Risk-Constrained Convex Verifier,67.95387462084221,67.95387462084221,67.95387462084221,6.782469250990177,36.61305895900651,61.17140536985203,97.78446432885855,6.782469250990177,0.09980989735808114,36.61305895900651,0.9001901026419188,0.6255738658456697,0.7381684377616055,57.4034477877252
77,All-site tariff 300,0;1;2;3,300.0,Feasible Quantile Projection,1.8285139908771872,1.8285139908771872,1.8285139908771872,0.9587578515867472,14.335175197556232,0.86975613929044,15.20493133684667,0.9587578515867472,0.5243371701666911,14.335175197556232,0.4756628298333089,0.05720224051145354,0.1021233370649699,1.6592727494389132
77,All-site tariff 300,0;1;2;3,300.0,Single Feasible Projection,1.6481117849063736,1.6481117849063736,1.6481117849063736,1.6139383049169878,15.170757856857284,0.0341734799893858,15.20493133684667,1.6139383049169878,0.9792650715186002,15.170757856857284,0.020734928481399784,0.0022475260974426075,0.004055466985102106,1.6481117849063736
77,All-site tariff 300,0;1;2;3,300.0,Tail-Risk Feasible Counterfactual,1.8481867406892878,1.8481867406892878,1.8481867406892878,1.1499436101955633,14.506688206352946,0.6982431304937244,15.20493133684667,1.1499436101955633,0.6222009848240161,14.506688206352946,0.3777990151759839,0.04592214953326663,0.0818903765656228,1.6481117849063711
77,All-site tariff 300,0;1;2;3,300.0,Risk-Constrained Convex Verifier,1.858978828801256,1.858978828801256,1.858978828801256,1.1249155887860645,14.47086809683148,0.7340632400151916,15.20493133684667,1.1249155887860645,0.605125551382129,14.47086809683148,0.394874448617871,0.04827797138657964,0.08603693208523391,1.6481117849063707
78,All-site tariff 300,0;1;2;3,300.0,Feasible Quantile Projection,6.618045597392591,6.618045597392591,6.618045597392591,4.754821329683527,33.091878017110695,1.8632242677090636,34.95510228481976,4.754821329683527,0.7184630658266927,33.091878017110695,0.2815369341733072,0.05330335618895389,0.08963594832838098,6.618045597392591
78,All-site tariff 300,0;1;2;3,300.0,Single Feasible Projection,13.726487194092513,13.726487194092513,13.726487194092513,2.828482869732254,24.0570979604595,10.898004324360262,34.95510228481976,2.828482869732254,0.20606021261940577,24.0570979604595,0.7939397873805943,0.31177149005491617,0.4477259038175416,9.65389568252131
78,All-site tariff 300,0;1;2;3,300.0,Tail-Risk Feasible Counterfactual,15.279768587838628,15.279768587838628,15.279768587838628,1.8320047171663394,21.50733841414747,13.447763870672288,34.95510228481976,1.8320047171663394,0.1198974124925201,21.50733841414747,0.8801025875074798,0.3847153345768454,0.5353955782930688,10.442381366122259
78,All-site tariff 300,0;1;2;3,300.0,Risk-Constrained Convex Verifier,15.394168873458337,15.394168873458337,15.394168873458337,1.7897464687320763,21.3506798800935,13.60442240472626,34.95510228481976,1.7897464687320763,0.11626132488502482,21.3506798800935,0.8837386751149751,0.3891970417902157,0.5404019598202072,10.512206800038475
79,All-site tariff 300,0;1;2;3,300.0,Feasible Quantile Projection,40.734916818512005,40.734916818512005,40.734916818512005,30.700251844537483,75.62754662180325,10.03466497397452,85.66221159577778,30.700251844537483,0.7536593724081385,75.62754662180325,0.24634062759186146,0.11714225896158302,0.15877995172618264,40.734916818512005
79,All-site tariff 300,0;1;2;3,300.0,Single Feasible Projection,70.99244287177478,70.99244287177478,70.99244287177478,10.279160787862711,24.948929511865696,60.71328208391208,85.66221159577778,10.279160787862711,0.14479232397212669,24.948929511865696,0.8552076760278734,0.7087522135245057,0.7751226069888328,54.803024607290375
79,All-site tariff 300,0;1;2;3,300.0,Tail-Risk Feasible Counterfactual,70.19915241545456,70.19915241545456,70.19915241545456,7.274215113346694,22.737274293669905,62.92493730210787,85.66221159577778,7.274215113346694,0.10362254903444179,22.737274293669905,0.8963774509655582,0.7345705431823032,0.807447537769182,53.135830345106115
79,All-site tariff 300,0;1;2;3,300.0,Risk-Constrained Convex Verifier,70.21165612311529,70.21165612311529,70.21165612311529,7.157219464234128,22.60777493689661,63.054436658881166,85.66221159577778,7.157219464234128,0.10193776730866497,22.60777493689661,0.8980622326913351,0.736082287443406,0.8090443585142207,53.10112987457288
80,All-site tariff 300,0;1;2;3,300.0,Feasible Quantile Projection,16.83110800931715,16.83110800931715,16.83110800931715,12.613924832255194,80.62276477495536,4.217183177061953,84.83994795201733,12.613924832255194,0.7494411434631956,80.62276477495536,0.25055885653680426,0.04970751725881601,0.0829573989802122,16.83110800931715
80,All-site tariff 300,0;1;2;3,300.0,Single Feasible Projection,57.28990292426832,57.28990292426832,57.28990292426832,7.69832257119696,35.24836759894596,49.591580353071365,84.83994795201733,7.69832257119696,0.13437485801596477,35.24836759894596,0.8656251419840354,0.5845310086837715,0.697834832687434,36.4535841464256
80,All-site tariff 300,0;1;2;3,300.0,Tail-Risk Feasible Counterfactual,58.754915770365,58.754915770365,58.754915770365,3.0614205894181508,29.14645277107047,55.69349518094685,84.83994795201733,3.0614205894181508,0.05210492686915365,29.14645277107047,0.9478950731308463,0.6564536698259793,0.7757031656594807,36.673541162917324
80,All-site tariff 300,0;1;2;3,300.0,Risk-Constrained Convex Verifier,58.92727114082949,58.92727114082949,58.92727114082949,2.9489083012030135,28.86158511239084,55.97836283962648,84.83994795201733,2.9489083012030135,0.050043184490173614,28.86158511239084,0.9499568155098264,0.6598113764907776,0.7787361151289279,36.778242656575756
81,All-site tariff 300,0;1;2;3,300.0,Feasible Quantile Projection,60.31891931571547,60.31891931571547,60.31891931571547,45.06248741711646,138.14498050568517,15.25643189859901,153.40141240428414,45.06248741711646,0.7470705365468292,138.14498050568517,0.25292946345317074,0.09945431179206622,0.1427700563237647,60.31891931571547
81,All-site tariff 300,0;1;2;3,300.0,Single Feasible Projection,127.9686684916541,127.9686684916541,127.9686684916541,19.145420283104645,44.578164195734715,108.82324820854943,153.40141240428414,19.145420283104645,0.14961021716306502,44.578164195734715,0.8503897828369348,0.7094018660124817,0.7735239501089424,102.75261673143993
81,All-site tariff 300,0;1;2;3,300.0,Tail-Risk Feasible Counterfactual,118.40288303786085,118.40288303786085,118.40288303786085,13.931692479146065,48.93022184556938,104.47119055871478,153.40141240428414,13.931692479146065,0.11766345651136913,48.93022184556938,0.8823365434886309,0.6810314776201966,0.7687236170331387,92.51846417357513
81,All-site tariff 300,0;1;2;3,300.0,Risk-Constrained Convex Verifier,118.17220397388567,118.17220397388567,118.17220397388567,14.051412534101527,49.28062096450001,104.12079143978414,153.40141240428414,14.051412534101527,0.11890624073666836,49.28062096450001,0.8810937592633317,0.6787472801448358,0.7667960741428914,92.25169975429544
82,All-site tariff 300,0;1;2;3,300.0,Feasible Quantile Projection,31.263636642086787,31.263636642086787,31.263636642086787,24.004255382283866,109.06808972773972,7.259381259802922,116.32747098754264,24.004255382283866,0.7678011249007923,109.06808972773972,0.23219887509920764,0.062404702845988286,0.09837152625779977,31.263636642086787
82,All-site tariff 300,0;1;2;3,300.0,Single Feasible Projection,98.9085502070146,98.9085502070146,98.9085502070146,15.641270235337293,33.06019101586534,83.26727997167731,116.32747098754264,15.641270235337293,0.15813870694293133,33.06019101586534,0.8418612930570687,0.7158006553808283,0.7737299687063991,83.88521166222604
82,All-site tariff 300,0;1;2;3,300.0,Tail-Risk Feasible Counterfactual,87.91687038392121,87.91687038392121,87.91687038392121,3.7778405856500252,32.18844118927145,84.1390297982712,116.32747098754264,3.7778405856500252,0.042970599034664235,32.18844118927145,0.957029400965336,0.7232945845378306,0.8239056145525777,72.19204868973979
82,All-site tariff 300,0;1;2;3,300.0,Risk-Constrained Convex Verifier,87.63595580345226,87.63595580345226,87.63595580345226,3.3316309681111225,32.023146152201505,84.30432483534113,116.32747098754264,3.3316309681111225,0.03801671286136505,32.023146152201505,0.9619832871386349,0.7247155303872219,0.826661192761086,71.87151189947191
83,All-site tariff 300,0;1;2;3,300.0,Feasible Quantile Projection,6.045824429945148,6.045824429945148,6.045824429945148,2.7061096404755363,47.4469662699407,3.3397147894696113,50.78668105941031,2.7061096404755363,0.44759977267485557,47.4469662699407,0.5524002273251445,0.06575965823722187,0.11752833209491807,4.227298065885131
83,All-site tariff 300,0;1;2;3,300.0,Single Feasible Projection,34.184398195850974,34.184398195850974,34.184398195850974,1.3558943564207915,17.95817721998013,32.828503839430184,50.78668105941031,1.3558943564207915,0.03966412831527802,17.95817721998013,0.960335871684722,0.6463998661583608,0.7726982904573968,31.45378485382804
83,All-site tariff 300,0;1;2;3,300.0,Tail-Risk Feasible Counterfactual,26.52273857612642,26.52273857612642,26.52273857612642,0.5505435729972541,24.814486056281154,25.972195003129166,50.78668105941031,0.5505435729972541,0.02075741807042535,24.814486056281154,0.9792425819295746,0.5113977614080917,0.6719024699854441,23.143684896196298
83,All-site tariff 300,0;1;2;3,300.0,Risk-Constrained Convex Verifier,26.308007643987118,26.308007643987118,26.308007643987118,0.523301950729897,25.001975366153097,25.784705693257223,50.78668105941031,0.523301950729897,0.019891356191296432,25.001975366153097,0.9801086438087037,0.5077060590569847,0.6689100410654082,22.88269312646848
84,All-site tariff 300,0;1;2;3,300.0,Feasible Quantile Projection,3.9162364040756583,3.9162364040756583,3.9162364040756583,0.5053866999310299,16.2680828799077,3.410849704144628,19.678932584052326,0.5053866999310299,0.1290490787034894,16.2680828799077,0.8709509212965105,0.17332493465162627,0.2891142424841977,1.5726171369125483
84,All-site tariff 300,0;1;2;3,300.0,Single Feasible Projection,1.8805313133700858,1.8805313133700858,1.8805313133700858,1.1594918912584142,18.957893161940653,0.7210394221116716,19.678932584052326,1.1594918912584142,0.6165767530775639,18.957893161940653,0.3834232469224362,0.036640169329915644,0.0668884370726748,1.572617136912545
84,All-site tariff 300,0;1;2;3,300.0,Tail-Risk Feasible Counterfactual,3.6582006412082455,3.6582006412082455,3.6582006412082455,0.5646008432438632,16.585332786087942,3.093599797964383,19.678932584052326,0.5646008432438632,0.15433840256979028,16.585332786087942,0.8456615974302099,0.15720363819282632,0.26512252110004747,2.416252179785296
84,All-site tariff 300,0;1;2;3,300.0,Risk-Constrained Convex Verifier,3.7565235035949844,3.7565235035949844,3.7565235035949844,0.5349469277212022,16.457356008178547,3.221576575873782,19.678932584052326,0.5349469277212022,0.1424047865557767,16.457356008178547,0.8575952134442233,0.1637068759758101,0.2749318437691389,2.461758043732134
85,All-site tariff 300,0;1;2;3,300.0,Feasible Quantile Projection,29.26999091607295,29.26999091607295,29.26999091607295,22.085965522105198,74.82716961157391,7.184025393967753,82.01119500554165,22.085965522105198,0.7545600401938353,74.82716961157391,0.2454399598061648,0.08759810649609867,0.12911482447766348,29.26999091607295
85,All-site tariff 300,0;1;2;3,300.0,Single Feasible Projection,57.91084210786521,57.91084210786521,57.91084210786521,7.526367172379255,31.62672007005571,50.384474935485954,82.01119500554165,7.526367172379255,0.1299647336911555,31.62672007005571,0.8700352663088445,0.6143609409920363,0.7201792651810711,39.66548150219414
85,All-site tariff 300,0;1;2;3,300.0,Tail-Risk Feasible Counterfactual,55.19931022156827,55.19931022156827,55.19931022156827,3.2661857964264804,30.07807058039988,51.933124425141784,82.01119500554165,3.2661857964264804,0.059170771941100625,30.07807058039988,0.9408292280588993,0.6332443323333182,0.7569846687639903,36.260732875101624
85,All-site tariff 300,0;1;2;3,300.0,Risk-Constrained Convex Verifier,55.1413361446586,55.1413361446586,55.1413361446586,3.1369739930674228,30.00683285395049,52.00436215159118,82.01119500554165,3.1369739930674228,0.05688969858905556,30.00683285395049,0.9431103014109444,0.6341129665050869,0.7583434547721105,36.163289503562936
86,All-site tariff 300,0;1;2;3,300.0,Feasible Quantile Projection,15.370384958091108,15.370384958091108,15.370384958091108,11.801128411095462,87.74765231106858,3.5692565469956468,91.31690885806422,11.801128411095462,0.767783529382798,87.74765231106858,0.23221647061720196,0.03908648016703475,0.06691062111194285,15.354802467528021
86,All-site tariff 300,0;1;2;3,300.0,Single Feasible Projection,59.08153979830824,59.08153979830824,59.08153979830824,6.320778217292037,38.55614727704803,52.760761581016205,91.31690885806422,6.320778217292037,0.10698397907146333,38.55614727704803,0.8930160209285367,0.5777764736104171,0.7016131090761847,40.31143124665051
86,All-site tariff 300,0;1;2;3,300.0,Tail-Risk Feasible Counterfactual,53.88171833370855,53.88171833370855,53.88171833370855,2.1412010138607656,39.57639153821644,51.74051731984778,91.31690885806422,2.1412010138607656,0.039738914794802016,39.57639153821644,0.960261085205198,0.5666039068434647,0.7126860400892205,33.43595353864308
86,All-site tariff 300,0;1;2;3,300.0,Risk-Constrained Convex Verifier,53.78412429771947,53.78412429771947,53.78412429771947,2.060765346894202,39.59354990723895,51.72335895082527,91.31690885806422,2.060765346894202,0.038315495023902094,39.59354990723895,0.9616845049760979,0.5664160076992966,0.7129288858376898,33.247359641307554
87,All-site tariff 300,0;1;2;3,300.0,Feasible Quantile Projection,60.26847440347173,60.26847440347173,60.26847440347173,45.030946632114414,135.97600420703685,15.237527771357318,151.21353197839414,45.030946632114414,0.7471724990191627,135.97600420703685,0.25282750098083734,0.10076828159489391,0.14410235681085254,60.26847440347173
87,All-site tariff 300,0;1;2;3,300.0,Single Feasible Projection,121.34077874002577,121.34077874002577,121.34077874002577,11.36615843946524,41.23891167783361,109.97462030056055,151.21353197839414,11.36615843946524,0.09367138201591227,41.23891167783361,0.9063286179840878,0.7272802828008412,0.8069923385961562,96.14363947551604
87,All-site tariff 300,0;1;2;3,300.0,Tail-Risk Feasible Counterfactual,114.10608942181241,114.10608942181241,114.10608942181241,13.632065993270942,50.739508549852665,100.47402342854149,151.21353197839414,13.632065993270942,0.11946834794134176,50.739508549852665,0.8805316520586584,0.664451270425305,0.7573810251823557,90.37443124653839
87,All-site tariff 300,0;1;2;3,300.0,Risk-Constrained Convex Verifier,113.9249731833284,113.9249731833284,113.9249731833284,13.750805127091207,51.03936392215695,100.1741680562372,151.21353197839414,13.750805127091207,0.12070053424514193,51.03936392215695,0.8792994657548582,0.6624682774458995,0.7556365153008272,90.25092089916518
88,All-site tariff 300,0;1;2;3,300.0,Feasible Quantile Projection,28.858043029603373,28.858043029603373,28.858043029603373,21.677037084730244,118.29625090001005,7.18100594487313,125.47725684488319,21.677037084730244,0.7511610216428517,118.29625090001005,0.24883897835714835,0.05722954203366427,0.0930572066236706,28.820190784492354
88,All-site tariff 300,0;1;2;3,300.0,Single Feasible Projection,113.01573335023907,113.01573335023907,113.01573335023907,24.347623084686703,36.8091465793308,88.66811026555237,125.47725684488319,24.347623084686703,0.215435695216282,36.8091465793308,0.784564304783718,0.7066468656958701,0.7435699488945888,98.44243661717144
88,All-site tariff 300,0;1;2;3,300.0,Tail-Risk Feasible Counterfactual,88.0677058661957,88.0677058661957,88.0677058661957,6.041629209304935,43.45118018799242,82.02607665689075,125.47725684488319,6.041629209304935,0.06860209596562207,43.45118018799242,0.9313979040343778,0.6537127023608157,0.7682323723821107,72.75007015729093
88,All-site tariff 300,0;1;2;3,300.0,Risk-Constrained Convex Verifier,87.29630777459533,87.29630777459533,87.29630777459533,5.3582613944780295,43.53921046476586,81.93804638011733,125.47725684488319,5.3582613944780295,0.06138016063993685,43.53921046476586,0.9386198393600634,0.6530111387548927,0.7701900988184718,71.93490566137633
89,All-site tariff 300,0;1;2;3,300.0,Feasible Quantile Projection,7.732526350118845,7.732526350118845,7.732526350118845,4.389267433776156,61.047907979467396,3.343258916342689,64.39116689581009,4.389267433776156,0.5676369190398808,61.047907979467396,0.43236308096011916,0.051921079823764364,0.09270903265984376,7.072352818592963
89,All-site tariff 300,0;1;2;3,300.0,Single Feasible Projection,47.408332338892805,47.408332338892805,47.408332338892805,5.887798495848822,22.87063305276611,41.52053384304398,64.39116689581009,5.887798495848822,0.12419332647604216,22.87063305276611,0.8758066735239577,0.6448172295157724,0.7427677964080877,44.824542860334645
89,All-site tariff 300,0;1;2;3,300.0,Tail-Risk Feasible Counterfactual,31.6516513001824,31.6516513001824,31.6516513001824,1.4938934891391003,34.233409084766784,30.1577578110433,64.39116689581009,1.4938934891391003,0.047197963700885685,34.233409084766784,0.9528020362991143,0.46835240398486483,0.628006515791759,28.521143609807496
89,All-site tariff 300,0;1;2;3,300.0,Risk-Constrained Convex Verifier,31.12668205732475,31.12668205732475,31.12668205732475,1.439321848026629,34.70380668651197,29.68736020929812,64.39116689581009,1.439321848026629,0.0462407732817744,34.70380668651197,0.9537592267182256,0.4610470914020641,0.6216086424614526,27.960842070814614
90,All-site tariff 300,0;1;2;3,300.0,Feasible Quantile Projection,4.393761703496881,4.393761703496881,4.393761703496881,0.36629188096014254,19.330265759388496,4.027469822536737,23.357735581925233,0.36629188096014254,0.08336635113110945,19.330265759388496,0.9166336488688903,0.1724255250861427,0.29025243439044063,1.597225020018782
90,All-site tariff 300,0;1;2;3,300.0,Single Feasible Projection,2.1309254832324935,2.1309254832324935,2.1309254832324935,1.2178572641031589,22.444667362795897,0.9130682191293347,23.357735581925233,1.2178572641031589,0.5715156506813829,22.444667362795897,0.42848434931861706,0.03909061372524006,0.07164505164043103,1.4917474799170873
90,All-site tariff 300,0;1;2;3,300.0,Tail-Risk Feasible Counterfactual,3.8048570896499667,3.8048570896499667,3.8048570896499667,0.5352779282630273,20.08815642053829,3.2695791613869396,23.357735581925233,0.5352779282630273,0.14068279455727759,20.08815642053829,0.8593172054427225,0.1399784302686009,0.24074131662758771,2.350273763652599
90,All-site tariff 300,0;1;2;3,300.0,Risk-Constrained Convex Verifier,3.8994636931422337,3.8994636931422337,3.8994636931422337,0.5027731439104866,19.96104503269348,3.396690549231747,23.357735581925233,0.5027731439104866,0.12893392104013823,19.96104503269348,0.8710660789598618,0.14542036993775143,0.2492325432964601,2.396582864480628
91,All-site tariff 300,0;1;2;3,300.0,Feasible Quantile Projection,40.08201890235466,40.08201890235466,40.08201890235466,8.96897415605902,71.07341855783497,31.113044746295643,102.1864633041306,8.96897415605902,0.22376552882499956,71.07341855783497,0.7762344711750004,0.3044732515469883,0.43738492551201713,32.36234753494442
91,All-site tariff 300,0;1;2;3,300.0,Single Feasible Projection,61.646307085040476,61.646307085040476,61.646307085040476,3.638523626714469,44.1786798458046,58.007783458326,102.1864633041306,3.638523626714469,0.05902257245831711,44.1786798458046,0.9409774275416828,0.5676660252511274,0.708134072573312,43.68278217309323
91,All-site tariff 300,0;1;2;3,300.0,Tail-Risk Feasible Counterfactual,60.88262026765633,60.88262026765633,60.88262026765633,2.6265641819901715,43.930407218464445,58.25605608566616,102.1864633041306,2.6265641819901715,0.043141444478622816,43.930407218464445,0.9568585555213772,0.5700956291273398,0.7144954127373928,42.18406344897198
91,All-site tariff 300,0;1;2;3,300.0,Risk-Constrained Convex Verifier,60.88889784175528,60.88889784175528,60.88889784175528,2.5746043375611336,43.872169799936465,58.31429350419414,102.1864633041306,2.5746043375611336,0.04228364166243075,43.872169799936465,0.9577163583375692,0.5706655423687312,0.7151821476210211,42.14801841211549
92,All-site tariff 300,0;1;2;3,300.0,Feasible Quantile Projection,2.474214422261249,2.474214422261249,2.474214422261249,0.17480501502973356,16.574126534504824,2.299409407231515,18.87353594173634,0.17480501502973356,0.07065071380110002,16.574126534504824,0.9293492861988998,0.12183246500973217,0.21542404871938245,0.6980420059312282
92,All-site tariff 300,0;1;2;3,300.0,Single Feasible Projection,0.8375819515019347,0.8375819515019347,0.8375819515019347,0.65810010475152,18.694054094985923,0.17948184675041468,18.87353594173634,0.65810010475152,0.7857142857142856,18.694054094985923,0.2142857142857144,0.009509709643412086,0.018211229593627903,0.8375819515019347
92,All-site tariff 300,0;1;2;3,300.0,Tail-Risk Feasible Counterfactual,1.608056822875393,1.608056822875393,1.608056822875393,0.39390145833962653,17.659380577200572,1.2141553645357666,18.87353594173634,0.39390145833962653,0.24495493737297466,17.659380577200572,0.7550450626270253,0.0643311019346842,0.11856063915435272,0.8399638104021974
92,All-site tariff 300,0;1;2;3,300.0,Risk-Constrained Convex Verifier,1.649616410717771,1.649616410717771,1.649616410717771,0.37965052393365495,17.603570054952225,1.2699658867841161,18.87353594173634,0.37965052393365495,0.23014473029427715,17.603570054952225,0.7698552697057228,0.06728818016425601,0.12375933920621669,0.840092288406961
93,All-site tariff 300,0;1;2;3,300.0,Feasible Quantile Projection,1.2850107514268463,1.2850107514268463,1.2850107514268463,0.6337051566231129,22.855181000969885,0.6513055948037334,23.50648659577362,0.6337051566231129,0.4931516377738173,22.855181000969885,0.5068483622261827,0.027707483725825526,0.052542658935224085,1.1832620642444827
93,All-site tariff 300,0;1;2;3,300.0,Single Feasible Projection,0.9572365160022116,0.9572365160022116,0.9572365160022116,0.7179273870016587,23.267177466773067,0.2393091290005529,23.50648659577362,0.7179273870016587,0.75,23.267177466773067,0.25,0.010180557099655199,0.01956440791184064,0.9572365160022116
93,All-site tariff 300,0;1;2;3,300.0,Tail-Risk Feasible Counterfactual,1.2683342366810453,1.2683342366810453,1.2683342366810453,0.48828258408591485,22.726434943178493,0.7800516525951304,23.50648659577362,0.48828258408591485,0.38497942416475656,22.726434943178493,0.6150205758352435,0.0331845275735669,0.06297132543322159,0.9682530428692027
93,All-site tariff 300,0;1;2;3,300.0,Risk-Constrained Convex Verifier,1.2851149177006191,1.2851149177006191,1.2851149177006191,0.4758954917693159,22.69726716984232,0.8092194259313032,23.50648659577362,0.4758954917693159,0.37031356901591944,22.69726716984232,0.6296864309840805,0.034425366914543405,0.06528173869618648,0.9688472768060334
94,All-site tariff 300,0;1;2;3,300.0,Feasible Quantile Projection,0.0,0.0,0.0,0.0,7.66902221023273,0.0,7.66902221023273,0.0,0.0,7.66902221023273,0.0,0.0,0.0,0.0
94,All-site tariff 300,0;1;2;3,300.0,Single Feasible Projection,0.0,0.0,0.0,0.0,7.66902221023273,0.0,7.66902221023273,0.0,0.0,7.66902221023273,0.0,0.0,0.0,0.0
94,All-site tariff 300,0;1;2;3,300.0,Tail-Risk Feasible Counterfactual,0.18365171376584866,0.18365171376584866,0.18365171376584866,0.0,7.4853704964668815,0.18365171376584866,7.66902221023273,0.0,0.0,7.4853704964668815,1.0,0.023947213703567487,0.046774312939339084,-2.220446049250313e-15
94,All-site tariff 300,0;1;2;3,300.0,Risk-Constrained Convex Verifier,0.1935579285098139,0.1935579285098139,0.1935579285098139,0.0,7.475464281722916,0.1935579285098139,7.66902221023273,0.0,0.0,7.475464281722916,1.0,0.025238931796487788,0.0492352192522821,-3.1086244689504383e-15
95,All-site tariff 300,0;1;2;3,300.0,Feasible Quantile Projection,2.263264033763285,2.263264033763285,2.263264033763285,0.4194935818421228,18.372645151031808,1.8437704519211622,20.21641560295297,0.4194935818421228,0.18534893657307935,18.372645151031808,0.8146510634269206,0.09120164959666967,0.16403885479842123,0.853586353264592
95,All-site tariff 300,0;1;2;3,300.0,Single Feasible Projection,0.8535863532645909,0.8535863532645909,0.8535863532645909,0.6097045380461363,19.972533787734513,0.24388181521845453,20.21641560295297,0.6097045380461363,0.7142857142857143,19.972533787734513,0.2857142857142857,0.01206355369855135,0.023149671815430213,0.8535863532645909
95,All-site tariff 300,0;1;2;3,300.0,Tail-Risk Feasible Counterfactual,1.5647633114286374,1.5647633114286374,1.5647633114286374,0.44814191938109826,19.09979421090543,1.1166213920475392,20.21641560295297,0.44814191938109826,0.2863959782977927,19.09979421090543,0.7136040217022073,0.055233401112135656,0.102530849816422,0.8535863532645886
95,All-site tariff 300,0;1;2;3,300.0,Risk-Constrained Convex Verifier,1.6031243564963447,1.6031243564963447,1.6031243564963447,0.43942719539472774,19.052718441851358,1.163697161101617,20.21641560295297,0.43942719539472774,0.27410674263293167,19.052718441851358,0.7258932573670683,0.05756199239056196,0.10666560003229202,0.8535863532645869
96,All-site tariff 300,0;1;2;3,300.0,Feasible Quantile Projection,1.0414643262866534,1.0414643262866534,1.0414643262866534,0.6441730375506576,15.332669298058962,0.39729128873599584,15.729960586794954,0.6441730375506576,0.6185262627741268,15.332669298058962,0.38147373722587313,0.02525697928763505,0.04737716572026163,0.9080104704904333
96,All-site tariff 300,0;1;2;3,300.0,Single Feasible Projection,0.9080104704904342,0.9080104704904342,0.9080104704904342,0.6983298602737866,15.520279976578307,0.20968061021664752,15.729960586794954,0.6983298602737866,0.7690768806846523,15.520279976578307,0.2309231193153477,0.013330014977448257,0.025205069716097765,0.9080104704904342
96,All-site tariff 300,0;1;2;3,300.0,Tail-Risk Feasible Counterfactual,1.2245975228461725,1.2245975228461725,1.2245975228461725,0.5149559545011391,15.020319018449921,0.7096415683450334,15.729960586794954,0.5149559545011391,0.42051036760575344,15.020319018449921,0.5794896323942466,0.04511400803767849,0.08371100724135054,0.9080104704904319
96,All-site tariff 300,0;1;2;3,300.0,Risk-Constrained Convex Verifier,1.2422696175255348,1.2422696175255348,1.2422696175255348,0.5056600426573854,14.993351011926807,0.7366095748681494,15.729960586794954,0.5056600426573854,0.4070453269754797,14.993351011926807,0.5929546730245203,0.04682844377159604,0.08680174214000896,0.9080104704904317
97,All-site tariff 300,0;1;2;3,300.0,Feasible Quantile Projection,0.23517980774796188,0.23517980774796188,0.23517980774796188,0.12927679448874296,9.11158016270066,0.10590301325921891,9.21748317595988,0.12927679448874296,0.5496934270279134,9.11158016270066,0.4503065729720867,0.011489363336775553,0.022407021903086632,0.006876993048899216
97,All-site tariff 300,0;1;2;3,300.0,Single Feasible Projection,0.006876993048899216,0.006876993048899216,0.006876993048899216,0.0,9.21060618291098,0.006876993048899216,9.21748317595988,0.0,0.0,9.21060618291098,1.0,0.0007460814321674168,0.0014910504193025665,0.006876993048899216
97,All-site tariff 300,0;1;2;3,300.0,Tail-Risk Feasible Counterfactual,0.3681942678743755,0.3681942678743755,0.3681942678743755,0.0,8.849288908085503,0.3681942678743755,9.21748317595988,0.0,0.0,8.849288908085503,1.0,0.03994520639155199,0.0768217520424093,0.0068769930488969955
97,All-site tariff 300,0;1;2;3,300.0,Risk-Constrained Convex Verifier,0.3876838029390426,0.3876838029390426,0.3876838029390426,0.0,8.829799373020837,0.3876838029390426,9.21748317595988,0.0,0.0,8.829799373020837,1.0,0.04205961600777974,0.0807240111058401,0.006876993048896107
98,All-site tariff 300,0;1;2;3,300.0,Feasible Quantile Projection,0.3423088095506903,0.3423088095506903,0.3423088095506903,0.04522847719298406,5.464685403221487,0.29708033235770626,5.761765735579194,0.04522847719298406,0.13212770437415947,5.464685403221487,0.8678722956258406,0.05156064060765613,0.09733836969429899,0.0
98,All-site tariff 300,0;1;2;3,300.0,Single Feasible Projection,0.0,0.0,0.0,0.0,5.761765735579194,0.0,5.761765735579194,0.0,0.0,5.761765735579194,0.0,0.0,0.0,0.0
98,All-site tariff 300,0;1;2;3,300.0,Tail-Risk Feasible Counterfactual,0.4120448611281917,0.4120448611281917,0.4120448611281917,0.0,5.349720874451,0.4120448611281917,5.761765735579194,0.0,0.0,5.349720874451,1.0,0.07151364356655356,0.13348153613521715,-2.886579864025407e-15
98,All-site tariff 300,0;1;2;3,300.0,Risk-Constrained Convex Verifier,0.43427065360670736,0.43427065360670736,0.43427065360670736,0.0,5.327495081972485,0.43427065360670736,5.761765735579194,0.0,0.0,5.327495081972485,1.0,0.07537110558401641,0.14017692160899858,-2.886579864025407e-15
99,All-site tariff 300,0;1;2;3,300.0,Feasible Quantile Projection,0.23711742673137692,0.23711742673137692,0.23711742673137692,0.1367216941324736,5.467022470434275,0.10039573259890333,5.567418203033178,0.1367216941324736,0.5765990969839657,5.467022470434275,0.4234009030160343,0.018032727008760876,0.034592166885527624,2.220446049250313e-16
99,All-site tariff 300,0;1;2;3,300.0,Single Feasible Projection,0.0,0.0,0.0,0.0,5.567418203033178,0.0,5.567418203033178,0.0,0.0,5.567418203033178,0.0,0.0,0.0,0.0
99,All-site tariff 300,0;1;2;3,300.0,Tail-Risk Feasible Counterfactual,0.3401039205534322,0.3401039205534322,0.3401039205534322,0.0,5.227314282479744,0.3401039205534322,5.567418203033178,0.0,0.0,5.227314282479744,1.0,0.061088265359361835,0.11514266504242773,-1.9984014443252818e-15
99,All-site tariff 300,0;1;2;3,300.0,Risk-Constrained Convex Verifier,0.35844920251776213,0.35844920251776213,0.35844920251776213,0.0,5.208969000515414,0.35844920251776213,5.567418203033178,0.0,0.0,5.208969000515414,1.0,0.06438338013165167,0.12097780054342488,-3.1086244689504383e-15
100,All-site tariff 300,0;1;2;3,300.0,Feasible Quantile Projection,0.18878179863868105,0.18878179863868105,0.18878179863868105,0.18878179863868105,8.386429784334817,0.0,8.386429784334817,0.18878179863868105,1.0,8.386429784334817,0.0,0.0,0.0,0.18878179863868105
100,All-site tariff 300,0;1;2;3,300.0,Single Feasible Projection,0.18878179863868105,0.18878179863868105,0.18878179863868105,0.18878179863868105,8.386429784334817,0.0,8.386429784334817,0.18878179863868105,1.0,8.386429784334817,0.0,0.0,0.0,0.18878179863868105
100,All-site tariff 300,0;1;2;3,300.0,Tail-Risk Feasible Counterfactual,0.22031918367145464,0.22031918367145464,0.22031918367145464,0.14771547672155227,8.313826077384915,0.07260370694990237,8.386429784334817,0.14771547672155227,0.6704612565278437,8.313826077384915,0.3295387434721563,0.008657284305357246,0.01687134299368808,0.18878179863868083
100,All-site tariff 300,0;1;2;3,300.0,Risk-Constrained Convex Verifier,0.22202031731290828,0.22202031731290828,0.22202031731290828,0.14550035008148976,8.3099098171034,0.07651996723141852,8.386429784334817,0.14550035008148976,0.6553470053662983,8.3099098171034,0.3446529946337017,0.009124260167819174,0.017777873212454814,0.1887817986386804
101,All-site tariff 300,0;1;2;3,300.0,Feasible Quantile Projection,0.5032364755227858,0.5032364755227858,0.5032364755227858,0.353829631812254,17.745320356410225,0.1494068437105318,17.89472720012076,0.353829631812254,0.7031080794465049,17.745320356410225,0.2968919205534951,0.008349210470753841,0.01624167177896178,0.5032364755227858
101,All-site tariff 300,0;1;2;3,300.0,Single Feasible Projection,0.5032364755227858,0.5032364755227858,0.5032364755227858,0.353829631812254,17.745320356410225,0.1494068437105318,17.89472720012076,0.353829631812254,0.7031080794465049,17.745320356410225,0.2968919205534951,0.008349210470753841,0.01624167177896178,0.5032364755227858
101,All-site tariff 300,0;1;2;3,300.0,Tail-Risk Feasible Counterfactual,0.494618590372609,0.494618590372609,0.494618590372609,0.27837373391072573,17.678482343658874,0.2162448564618833,17.89472720012076,0.27837373391072573,0.5628048345312285,17.678482343658874,0.43719516546877146,0.012084277901728729,0.023518493689283295,0.491649315819523
101,All-site tariff 300,0;1;2;3,300.0,Risk-Constrained Convex Verifier,0.49415373970943843,0.49415373970943843,0.49415373970943843,0.2743036258078184,17.674877086219137,0.21985011390162001,17.89472720012076,0.2743036258078184,0.555097743404934,17.674877086219137,0.44490225659506594,0.012285748278975519,0.023911200972042416,0.4910243018191669
102,All-site tariff 300,0;1;2;3,300.0,Feasible Quantile Projection,6.068302002607784,6.068302002607784,6.068302002607784,5.315553157399926,17.71525514028546,0.7527488452078581,18.468003985493322,5.315553157399926,0.8759539579796173,17.71525514028546,0.12404604202038277,0.040759621115478685,0.06135796036884314,6.068302002607784
102,All-site tariff 300,0;1;2;3,300.0,Single Feasible Projection,5.789479350977102,5.789479350977102,5.789479350977102,4.504827182769925,17.183351817286145,1.284652168207177,18.468003985493322,4.504827182769925,0.7781057517736265,17.183351817286145,0.22189424822637355,0.06956096442345776,0.10591800892021966,5.789479350977102
102,All-site tariff 300,0;1;2;3,300.0,Tail-Risk Feasible Counterfactual,6.286211125242945,6.286211125242945,6.286211125242945,3.997511314606652,16.17930417485703,2.2886998106362935,18.468003985493322,3.997511314606652,0.6359174445405156,16.17930417485703,0.3640825554594846,0.12392783824576141,0.18491394701047506,6.283816069115455
102,All-site tariff 300,0;1;2;3,300.0,Risk-Constrained Convex Verifier,6.313004948862266,6.313004948862266,6.313004948862266,3.970145287851805,16.12514432448286,2.3428596610104617,18.468003985493322,3.970145287851805,0.6288836013929162,16.12514432448286,0.37111639860708384,0.12686046975356868,0.18908509070124235,6.31048070286861
103,All-site tariff 300,0;1;2;3,300.0,Feasible Quantile Projection,1.2208154402978737,1.2208154402978737,1.2208154402978737,0.4933078747608082,57.21219904581879,0.7275075655370655,57.93970661135586,0.4933078747608082,0.4040806320736271,57.21219904581879,0.5959193679263729,0.01255628666567114,0.024594359221572465,1.2208154402978737
103,All-site tariff 300,0;1;2;3,300.0,Single Feasible Projection,17.62044545246072,17.62044545246072,17.62044545246072,9.644444873177402,49.96370603207254,7.976000579283317,57.93970661135586,9.644444873177402,0.5473439873695441,49.96370603207254,0.4526560126304558,0.1376603549752885,0.21111658358090513,17.62044545246072
103,All-site tariff 300,0;1;2;3,300.0,Tail-Risk Feasible Counterfactual,17.68638940772994,17.68638940772994,17.68638940772994,7.8576504935074505,48.110967697133376,9.828738914222487,57.93970661135586,7.8576504935074505,0.44427668713848506,48.110967697133376,0.5557233128615148,0.16963736078525654,0.2599298240052482,17.68638940772994
103,All-site tariff 300,0;1;2;3,300.0,Risk-Constrained Convex Verifier,17.697147349233997,17.697147349233997,17.697147349233997,7.770678821906811,48.01323808402867,9.926468527327186,57.93970661135586,7.770678821906811,0.43909216940792195,48.01323808402867,0.560907830592078,0.1713241075573837,0.26247703355031965,17.697147349233997
104,All-site tariff 300,0;1;2;3,300.0,Feasible Quantile Projection,0.0,0.0,0.0,0.0,30.251881171199763,0.0,30.251881171199763,0.0,0.0,30.251881171199763,0.0,0.0,0.0,0.0
104,All-site tariff 300,0;1;2;3,300.0,Single Feasible Projection,2.2086881635832696,2.2086881635832696,2.2086881635832696,2.2086881635832696,30.251881171199763,0.0,30.251881171199763,2.2086881635832696,1.0,30.251881171199763,0.0,0.0,0.0,2.2086881635832696
104,All-site tariff 300,0;1;2;3,300.0,Tail-Risk Feasible Counterfactual,7.283760522547,7.283760522547,7.283760522547,2.7449834675307985,25.713104116183562,4.538777055016203,30.251881171199763,2.7449834675307985,0.37686349778162764,25.713104116183562,0.6231365022183725,0.15003288652796856,0.24183825559973518,7.273549550336389
104,All-site tariff 300,0;1;2;3,300.0,Risk-Constrained Convex Verifier,7.557516361488904,7.557516361488904,7.557516361488904,2.814473290823342,25.5088381005342,4.743043070665563,30.251881171199763,2.814473290823342,0.3724071713777756,25.5088381005342,0.6275928286222244,0.15678506218585211,0.250892284996866,7.546754607140796
105,All-site tariff 300,0;1;2;3,300.0,Feasible Quantile Projection,0.8508747365945188,0.8508747365945188,0.8508747365945188,0.6079707308402398,0.9361380878432974,0.24290400575427906,1.1790420935975765,0.6079707308402398,0.7145243649770812,0.9361380878432974,0.28547563502291884,0.20601809475106458,0.2393240965752203,0.8508747365945188
105,All-site tariff 300,0;1;2;3,300.0,Single Feasible Projection,0.925403352669115,0.925403352669115,0.925403352669115,0.6815215374506614,0.9351602783791229,0.24388181521845365,1.1790420935975765,0.6815215374506614,0.7364589024720603,0.9351602783791229,0.26354109752793975,0.2068474200732768,0.2317777499541293,0.925403352669115
105,All-site tariff 300,0;1;2;3,300.0,Tail-Risk Feasible Counterfactual,0.85448518521959,0.85448518521959,0.85448518521959,0.5388860610982651,0.8634429694762515,0.31559912412132496,1.1790420935975765,0.5388860610982651,0.6306558269465834,0.8634429694762515,0.36934417305341655,0.2676741787550151,0.3103957615015602,0.8460712489108457
105,All-site tariff 300,0;1;2;3,300.0,Risk-Constrained Convex Verifier,0.850659843317803,0.850659843317803,0.850659843317803,0.5313073305573452,0.8596895808371188,0.31935251276045773,1.1790420935975765,0.5313073305573452,0.6245825928318225,0.8596895808371188,0.3754174071681775,0.2708576008393617,0.3146792215666806,0.8417920573922637
106,All-site tariff 300,0;1;2;3,300.0,Feasible Quantile Projection,0.470287050822328,0.470287050822328,0.470287050822328,0.2765291438085735,3.2845919822343155,0.1937579070137545,3.4783498892480695,0.2765291438085735,0.5880007610778226,3.2845919822343155,0.4119992389221774,0.0557039726258361,0.09813913507596377,0.470287050822328
106,All-site tariff 300,0;1;2;3,300.0,Single Feasible Projection,0.4046406188749865,0.4046406188749865,0.4046406188749865,0.21088271186123198,3.2845919822343155,0.1937579070137545,3.4783498892480695,0.21088271186123198,0.5211605113879684,3.2845919822343155,0.47883948861203157,0.0557039726258361,0.09979829031691989,0.4046406188749865
106,All-site tariff 300,0;1;2;3,300.0,Tail-Risk Feasible Counterfactual,0.865156381264806,0.865156381264806,0.865156381264806,0.19474156561968137,2.8079350736029447,0.6704148156451246,3.4783498892480695,0.19474156561968137,0.22509406372866492,2.8079350736029447,0.7749059362713351,0.1927393266897745,0.3086975240240475,0.8278393241410249
106,All-site tariff 300,0;1;2;3,300.0,Risk-Constrained Convex Verifier,0.8899967050585231,0.8899967050585231,0.8899967050585231,0.1953278162506733,2.78368100044022,0.6946688888078498,3.4783498892480695,0.1953278162506733,0.21947026898018596,2.78368100044022,0.780529731019814,0.19971219426635067,0.31804659900990195,0.8506667574808453
107,All-site tariff 300,0;1;2;3,300.0,Feasible Quantile Projection,5.365266696290455,5.365266696290455,5.365266696290455,3.9432213060761168,7.678565641053819,1.4220453902143384,9.100611031268157,3.9432213060761168,0.7349534569833145,7.678565641053819,0.26504654301668557,0.15625823203831385,0.1966068588434468,5.365266696290455
107,All-site tariff 300,0;1;2;3,300.0,Single Feasible Projection,5.415317520852042,5.415317520852042,5.415317520852042,3.9823717503730713,7.667665260789187,1.4329457704789708,9.100611031268157,3.9823717503730713,0.7353902582883981,7.667665260789187,0.2646097417116018,0.15745599559805512,0.1974308106207473,5.415317520852042
107,All-site tariff 300,0;1;2;3,300.0,Tail-Risk Feasible Counterfactual,6.5896308501879375,6.5896308501879375,6.5896308501879375,3.5373749176034837,6.048355098683704,3.0522559325844534,9.100611031268157,3.5373749176034837,0.5368092686865148,6.048355098683704,0.4631907313134851,0.33539021963442006,0.38906422930188717,6.5848347874829525
107,All-site tariff 300,0;1;2;3,300.0,Risk-Constrained Convex Verifier,6.652973575276444,6.652973575276444,6.652973575276444,3.5134997011732327,5.961137157164947,3.139473874103211,9.100611031268157,3.5134997011732327,0.5281096732790255,5.961137157164947,0.47189032672097453,0.3449739652993091,0.39857263632544454,6.647918811870515
108,All-site tariff 300,0;1;2;3,300.0,Feasible Quantile Projection,0.24154704228136703,0.24154704228136703,0.24154704228136703,0.19139450031069272,4.917790809215234,0.050152541970674314,4.967943351185907,0.19139450031069272,0.7923694635339235,4.917790809215234,0.20763053646607657,0.010095232257167809,0.019254298667511063,0.18489442648605348
108,All-site tariff 300,0;1;2;3,300.0,Single Feasible Projection,0.08086965699545745,0.08086965699545745,0.08086965699545745,0.08086965699545745,4.967943351185907,0.0,4.967943351185907,0.08086965699545745,1.0,4.967943351185907,0.0,0.0,0.0,0.08086965699545745
108,All-site tariff 300,0;1;2;3,300.0,Tail-Risk Feasible Counterfactual,2.0864154128209655,2.0864154128209655,2.0864154128209655,0.061832026967957754,2.9433599653328995,2.0245833858530076,4.967943351185907,0.061832026967957754,0.029635530195953136,2.9433599653328995,0.9703644698040468,0.4075294830746642,0.5739950160127795,1.9539095436217768
108,All-site tariff 300,0;1;2;3,300.0,Risk-Constrained Convex Verifier,2.1945950019392444,2.1945950019392444,2.1945950019392444,0.060805132922694405,2.8341534821693566,2.13378986901655,4.967943351185907,0.060805132922694405,0.027706767248154768,2.8341534821693566,0.9722932327518452,0.4295117150454602,0.5958194605926367,2.0549417363547633
109,All-site tariff 300,0;1;2;3,300.0,Feasible Quantile Projection,0.7234240373990732,0.7234240373990732,0.7234240373990732,0.15592928164583442,11.598910189569265,0.5674947557532388,12.166404945322501,0.15592928164583442,0.2155434068882298,11.598910189569265,0.7844565931117702,0.04664440796633339,0.08805310861981928,0.23050924447990506
109,All-site tariff 300,0;1;2;3,300.0,Single Feasible Projection,0.2305092444799044,0.2305092444799044,0.2305092444799044,0.12900860833775063,12.06490430918035,0.10150063614215377,12.166404945322501,0.12900860833775063,0.5596678286323458,12.06490430918035,0.44033217136765423,0.008342697501711606,0.01637514539314103,0.2305092444799044
109,All-site tariff 300,0;1;2;3,300.0,Tail-Risk Feasible Counterfactual,4.604264592555953,4.604264592555953,4.604264592555953,0.13699086351431933,7.699131216280868,4.467273729041635,12.166404945322501,0.13699086351431933,0.0297530388969831,7.699131216280868,0.970246961103017,0.36718108176722525,0.5327484056556945,4.36943530831152
109,All-site tariff 300,0;1;2;3,300.0,Risk-Constrained Convex Verifier,4.840927832796101,4.840927832796101,4.840927832796101,0.15056456218043457,7.476041674706837,4.6903632706156655,12.166404945322501,0.15056456218043457,0.031102418251393156,7.476041674706837,0.9688975817486066,0.3855176029151425,0.5515695296619612,4.592689911042804
110,All-site tariff 300,0;1;2;3,300.0,Feasible Quantile Projection,35.431981863809035,35.431981863809035,35.431981863809035,26.58334528671169,53.930559892902636,8.848636577097345,62.77919646999999,26.58334528671169,0.750264136759013,53.930559892902636,0.249735863240987,0.14094854784141436,0.18019611875588745,35.37695086555056
110,All-site tariff 300,0;1;2;3,300.0,Single Feasible Projection,39.264387937851055,39.264387937851055,39.264387937851055,20.27572210252925,43.790530634678184,18.988665835321797,62.77919646999999,20.27572210252925,0.5163896132704863,43.790530634678184,0.48361038672951356,0.30246748768751486,0.372167754504336,39.22730779667543
110,All-site tariff 300,0;1;2;3,300.0,Tail-Risk Feasible Counterfactual,41.766103086211224,41.766103086211224,41.766103086211224,20.0570459702789,41.07013935406766,21.709057115932325,62.77919646999999,20.0570459702789,0.48022306339852394,41.07013935406766,0.5197769366014761,0.34580017484464515,0.4153043170393317,41.66984936333694
110,All-site tariff 300,0;1;2;3,300.0,Risk-Constrained Convex Verifier,41.90105482327613,41.90105482327613,41.90105482327613,20.045244088369326,40.92338573509319,21.8558107349068,62.77919646999999,20.045244088369326,0.4783947366698308,40.92338573509319,0.5216052633301692,0.34813779028457204,0.41757276018902056,41.80160521575188
111,All-site tariff 300,0;1;2;3,300.0,Feasible Quantile Projection,1.7504467745682655,1.7504467745682655,1.7504467745682655,0.2498383767451775,88.43455509841849,1.500608397823088,89.93516349624157,0.2498383767451775,0.14272834819944655,88.43455509841849,0.8572716518005534,0.016685446931842172,0.032733782180012175,0.800502724658479
111,All-site tariff 300,0;1;2;3,300.0,Single Feasible Projection,24.384308007943304,24.384308007943304,24.384308007943304,6.5851349388365605,72.13599042713483,17.799173069106747,89.93516349624157,6.5851349388365605,0.2700562565356139,72.13599042713483,0.7299437434643863,0.19791116596847663,0.3113935506333263,24.37002967551268
111,All-site tariff 300,0;1;2;3,300.0,Tail-Risk Feasible Counterfactual,24.589325791723006,24.589325791723006,24.589325791723006,3.9546141386825178,69.30045184320107,20.63471165304049,89.93516349624157,3.9546141386825178,0.16082645665761514,69.30045184320107,0.8391735433423849,0.22943986368471797,0.3603545718707518,24.4717147365875
111,All-site tariff 300,0;1;2;3,300.0,Risk-Constrained Convex Verifier,24.64592415704256,24.64592415704256,24.64592415704256,3.870895940433761,69.16013527963277,20.775028216608803,89.93516349624157,3.870895940433761,0.15706028776882583,69.16013527963277,0.8429397122311743,0.2310000605878367,0.3626257813064728,24.519669082129358
112,All-site tariff 300,0;1;2;3,300.0,Feasible Quantile Projection,2.036179274861925,2.036179274861925,2.036179274861925,0.006947407446371123,11.452420358810198,2.029231867415554,13.481652226225751,0.006947407446371123,0.0034119822022263893,11.452420358810198,0.9965880177977736,0.1505180398785325,0.26153549447592866,0.2017848922757317
112,All-site tariff 300,0;1;2;3,300.0,Single Feasible Projection,0.18878179863868105,0.18878179863868105,0.18878179863868105,0.18878179863868105,13.481652226225751,0.0,13.481652226225751,0.18878179863868105,1.0,13.481652226225751,0.0,0.0,0.0,0.18878179863868105
112,All-site tariff 300,0;1;2;3,300.0,Tail-Risk Feasible Counterfactual,3.2468657544418873,3.2468657544418873,3.2468657544418873,0.09088867916249832,10.325675150946363,3.155977075279389,13.481652226225751,0.09088867916249832,0.027992743167209087,10.325675150946363,0.9720072568327909,0.23409423580442845,0.37731699591399587,2.6300228611832375
112,All-site tariff 300,0;1;2;3,300.0,Risk-Constrained Convex Verifier,3.4118194907837553,3.4118194907837553,3.4118194907837553,0.08560830228170246,10.155441037723701,3.326211188502053,13.481652226225751,0.08560830228170246,0.02509168568646541,10.155441037723701,0.9749083143135346,0.24672133153172432,0.3937865755743972,2.7617039531342105
113,All-site tariff 300,0;1;2;3,300.0,Feasible Quantile Projection,6.989836085212357,6.989836085212357,6.989836085212357,2.8740052831313827,69.1719479952158,4.115830802080973,73.28777879729677,2.8740052831313827,0.41116919597179197,69.1719479952158,0.5888308040282079,0.05615985188287336,0.10253993739362405,6.095795449671688
113,All-site tariff 300,0;1;2;3,300.0,Single Feasible Projection,18.524112873584627,18.524112873584627,18.524112873584627,1.6362113679921455,56.3998772917043,16.88790150559248,73.28777879729677,1.6362113679921455,0.08832873018849835,56.3998772917043,0.9116712698115016,0.2304327103745624,0.3678804825442577,17.601061577139077
113,All-site tariff 300,0;1;2;3,300.0,Tail-Risk Feasible Counterfactual,24.040258768796974,24.040258768796974,24.040258768796974,1.7095593803869575,50.957079408886756,22.330699388410018,73.28777879729677,1.7095593803869575,0.07111235352449193,50.957079408886756,0.9288876464755081,0.30469881547608985,0.45887495416201396,22.647179339244303
113,All-site tariff 300,0;1;2;3,300.0,Risk-Constrained Convex Verifier,24.3814028805762,24.3814028805762,24.3814028805762,1.7401885854583947,50.646564502178975,22.641214295117805,73.28777879729677,1.7401885854583947,0.07137360364299387,50.646564502178975,0.9286263963570062,0.3089357416294479,0.4636306746132427,22.954139285885546
114,All-site tariff 300,0;1;2;3,300.0,Feasible Quantile Projection,4.88508384099092,4.88508384099092,4.88508384099092,2.5912074225429294,39.06011264179387,2.293876418447991,41.353989060241865,2.5912074225429294,0.5304325384960666,39.06011264179387,0.46956746150393336,0.055469290159805805,0.09921809735881765,4.16201870056779
114,All-site tariff 300,0;1;2;3,300.0,Single Feasible Projection,4.129169520581112,4.129169520581112,4.129169520581112,2.2276765809727532,39.4524961206335,1.9014929396083584,41.353989060241865,2.2276765809727532,0.5394974872960036,39.4524961206335,0.4605025127039965,0.04598088317038495,0.08361305586239928,3.930068094447771
114,All-site tariff 300,0;1;2;3,300.0,Tail-Risk Feasible Counterfactual,10.912989381050314,10.912989381050314,10.912989381050314,1.3435582448648433,31.78455792405639,9.569431136185472,41.353989060241865,1.3435582448648433,0.12311550922956487,31.78455792405639,0.8768844907704352,0.23140285504852584,0.366175027582057,10.301723710421022
114,All-site tariff 300,0;1;2;3,300.0,Risk-Constrained Convex Verifier,11.279965960770667,11.279965960770667,11.279965960770667,1.2969229243032838,31.37094602377448,9.983043036467384,41.353989060241865,1.2969229243032838,0.11497578350978248,31.37094602377448,0.8850242164902176,0.24140459634800215,0.3793385099972804,10.64541224733772
