day,baseline_quality,allocation_method,participant,participant_bus,participant_payment_usd,oracle_shapley_value_usd,participant_absolute_error_usd,total_payment_usd,estimated_grand_value_usd,realized_grand_value_usd,budget_residual_usd,total_value_error_usd,settlement_schema_version,estimator_checksum
61,Trace-Anchored Reference,Nodal signed linear,1,15,475.89635277851926,475.13317157003314,0.7631812084861167,791.3203663266123,789.2745827268882,789.2745827268882,2.045783599724132,2.045783599724132,6,2acbb980472197539a865bdd457b5777669f0ca06cca13f5dfd82a053a2702c2
61,Trace-Anchored Reference,Nodal signed linear,2,42,-227.48952757536307,-227.83118796327165,0.34166038790857556,791.3203663266123,789.2745827268882,789.2745827268882,2.045783599724132,2.045783599724132,6,2acbb980472197539a865bdd457b5777669f0ca06cca13f5dfd82a053a2702c2
61,Trace-Anchored Reference,Nodal signed linear,3,80,330.5876772684384,330.1024121881716,0.4852650802667995,791.3203663266123,789.2745827268882,789.2745827268882,2.045783599724132,2.045783599724132,6,2acbb980472197539a865bdd457b5777669f0ca06cca13f5dfd82a053a2702c2
61,Trace-Anchored Reference,Nodal signed linear,4,116,212.32586385501767,211.87018693195506,0.45567692306261165,791.3203663266123,789.2745827268882,789.2745827268882,2.045783599724132,2.045783599724132,6,2acbb980472197539a865bdd457b5777669f0ca06cca13f5dfd82a053a2702c2
61,Trace-Anchored Reference,Standalone avoided cost,1,15,475.54951554181025,475.13317157003314,0.4163439717771098,790.4050058551038,789.2745827268882,789.2745827268882,1.1304231282156252,1.1304231282156252,6,2acbb980472197539a865bdd457b5777669f0ca06cca13f5dfd82a053a2702c2
61,Trace-Anchored Reference,Standalone avoided cost,2,42,-227.8285551604531,-227.83118796327165,0.0026328028185389485,790.4050058551038,789.2745827268882,789.2745827268882,1.1304231282156252,1.1304231282156252,6,2acbb980472197539a865bdd457b5777669f0ca06cca13f5dfd82a053a2702c2
61,Trace-Anchored Reference,Standalone avoided cost,3,80,330.46225282489104,330.1024121881716,0.3598406367194116,790.4050058551038,789.2745827268882,789.2745827268882,1.1304231282156252,1.1304231282156252,6,2acbb980472197539a865bdd457b5777669f0ca06cca13f5dfd82a053a2702c2
61,Trace-Anchored Reference,Standalone avoided cost,4,116,212.22179264885563,211.87018693195506,0.35160571690056486,790.4050058551038,789.2745827268882,789.2745827268882,1.1304231282156252,1.1304231282156252,6,2acbb980472197539a865bdd457b5777669f0ca06cca13f5dfd82a053a2702c2
61,Trace-Anchored Reference,Leave-one-out marginal,1,15,474.6580050202683,475.13317157003314,0.47516654976482187,788.1336149408744,789.2745827268882,789.2745827268882,-1.140967786013789,-1.140967786013789,6,2acbb980472197539a865bdd457b5777669f0ca06cca13f5dfd82a053a2702c2
61,Trace-Anchored Reference,Leave-one-out marginal,2,42,-227.8213737277074,-227.83118796327165,0.00981423556424943,788.1336149408744,789.2745827268882,789.2745827268882,-1.140967786013789,-1.140967786013789,6,2acbb980472197539a865bdd457b5777669f0ca06cca13f5dfd82a053a2702c2
61,Trace-Anchored Reference,Leave-one-out marginal,3,80,329.75931334695997,330.1024121881716,0.34309884121165624,788.1336149408744,789.2745827268882,789.2745827268882,-1.140967786013789,-1.140967786013789,6,2acbb980472197539a865bdd457b5777669f0ca06cca13f5dfd82a053a2702c2
61,Trace-Anchored Reference,Leave-one-out marginal,4,116,211.5376703013535,211.87018693195506,0.33251663060156034,788.1336149408744,789.2745827268882,789.2745827268882,-1.140967786013789,-1.140967786013789,6,2acbb980472197539a865bdd457b5777669f0ca06cca13f5dfd82a053a2702c2
61,Trace-Anchored Reference,Exact Shapley net value,1,15,475.13317157003314,475.13317157003314,0.0,789.2745827268882,789.2745827268882,789.2745827268882,0.0,0.0,6,2acbb980472197539a865bdd457b5777669f0ca06cca13f5dfd82a053a2702c2
61,Trace-Anchored Reference,Exact Shapley net value,2,42,-227.83118796327165,-227.83118796327165,0.0,789.2745827268882,789.2745827268882,789.2745827268882,0.0,0.0,6,2acbb980472197539a865bdd457b5777669f0ca06cca13f5dfd82a053a2702c2
61,Trace-Anchored Reference,Exact Shapley net value,3,80,330.1024121881716,330.1024121881716,0.0,789.2745827268882,789.2745827268882,789.2745827268882,0.0,0.0,6,2acbb980472197539a865bdd457b5777669f0ca06cca13f5dfd82a053a2702c2
61,Trace-Anchored Reference,Exact Shapley net value,4,116,211.87018693195506,211.87018693195506,0.0,789.2745827268882,789.2745827268882,789.2745827268882,0.0,0.0,6,2acbb980472197539a865bdd457b5777669f0ca06cca13f5dfd82a053a2702c2
61,Risk-Constrained Convex Verifier,Nodal signed linear,1,15,412.0171405125351,475.13317157003314,63.11603105749805,94.5899604555541,94.58996045555978,789.2745827268882,-5.6701310313655995e-12,-694.6846222713341,6,2acbb980472197539a865bdd457b5777669f0ca06cca13f5dfd82a053a2702c2
61,Risk-Constrained Convex Verifier,Nodal signed linear,2,42,-324.54144698268595,-227.83118796327165,96.71025901941431,94.5899604555541,94.58996045555978,789.2745827268882,-5.6701310313655995e-12,-694.6846222713341,6,2acbb980472197539a865bdd457b5777669f0ca06cca13f5dfd82a053a2702c2
61,Risk-Constrained Convex Verifier,Nodal signed linear,3,80,7.114266925704961,330.1024121881716,322.9881452624667,94.5899604555541,94.58996045555978,789.2745827268882,-5.6701310313655995e-12,-694.6846222713341,6,2acbb980472197539a865bdd457b5777669f0ca06cca13f5dfd82a053a2702c2
61,Risk-Constrained Convex Verifier,Nodal signed linear,4,116,0.0,211.87018693195506,211.87018693195506,94.5899604555541,94.58996045555978,789.2745827268882,-5.6701310313655995e-12,-694.6846222713341,6,2acbb980472197539a865bdd457b5777669f0ca06cca13f5dfd82a053a2702c2
61,Risk-Constrained Convex Verifier,Standalone avoided cost,1,15,412.01714051253657,475.13317157003314,63.11603105749657,94.58996045556705,94.58996045555978,789.2745827268882,7.275957614183426e-12,-694.6846222713211,6,2acbb980472197539a865bdd457b5777669f0ca06cca13f5dfd82a053a2702c2
61,Risk-Constrained Convex Verifier,Standalone avoided cost,2,42,-324.5414469826719,-227.83118796327165,96.71025901940027,94.58996045556705,94.58996045555978,789.2745827268882,7.275957614183426e-12,-694.6846222713211,6,2acbb980472197539a865bdd457b5777669f0ca06cca13f5dfd82a053a2702c2
61,Risk-Constrained Convex Verifier,Standalone avoided cost,3,80,7.114266925702395,330.1024121881716,322.98814526246923,94.58996045556705,94.58996045555978,789.2745827268882,7.275957614183426e-12,-694.6846222713211,6,2acbb980472197539a865bdd457b5777669f0ca06cca13f5dfd82a053a2702c2
61,Risk-Constrained Convex Verifier,Standalone avoided cost,4,116,0.0,211.87018693195506,211.87018693195506,94.58996045556705,94.58996045555978,789.2745827268882,7.275957614183426e-12,-694.6846222713211,6,2acbb980472197539a865bdd457b5777669f0ca06cca13f5dfd82a053a2702c2
61,Risk-Constrained Convex Verifier,Leave-one-out marginal,1,15,412.01714051252566,475.13317157003314,63.116031057507485,94.58996045554522,94.58996045555978,789.2745827268882,-1.4551915228366852e-11,-694.684622271343,6,2acbb980472197539a865bdd457b5777669f0ca06cca13f5dfd82a053a2702c2
61,Risk-Constrained Convex Verifier,Leave-one-out marginal,2,42,-324.5414469826828,-227.83118796327165,96.71025901941118,94.58996045554522,94.58996045555978,789.2745827268882,-1.4551915228366852e-11,-694.684622271343,6,2acbb980472197539a865bdd457b5777669f0ca06cca13f5dfd82a053a2702c2
61,Risk-Constrained Convex Verifier,Leave-one-out marginal,3,80,7.114266925702395,330.1024121881716,322.98814526246923,94.58996045554522,94.58996045555978,789.2745827268882,-1.4551915228366852e-11,-694.684622271343,6,2acbb980472197539a865bdd457b5777669f0ca06cca13f5dfd82a053a2702c2
61,Risk-Constrained Convex Verifier,Leave-one-out marginal,4,116,0.0,211.87018693195506,211.87018693195506,94.58996045554522,94.58996045555978,789.2745827268882,-1.4551915228366852e-11,-694.684622271343,6,2acbb980472197539a865bdd457b5777669f0ca06cca13f5dfd82a053a2702c2
61,Risk-Constrained Convex Verifier,Exact Shapley net value,1,15,412.0171405125323,475.13317157003314,63.116031057500834,94.58996045555979,94.58996045555978,789.2745827268882,1.4210854715202004e-14,-694.6846222713284,6,2acbb980472197539a865bdd457b5777669f0ca06cca13f5dfd82a053a2702c2
61,Risk-Constrained Convex Verifier,Exact Shapley net value,2,42,-324.5414469826761,-227.83118796327165,96.71025901940448,94.58996045555979,94.58996045555978,789.2745827268882,1.4210854715202004e-14,-694.6846222713284,6,2acbb980472197539a865bdd457b5777669f0ca06cca13f5dfd82a053a2702c2
61,Risk-Constrained Convex Verifier,Exact Shapley net value,3,80,7.114266925703608,330.1024121881716,322.98814526246804,94.58996045555979,94.58996045555978,789.2745827268882,1.4210854715202004e-14,-694.6846222713284,6,2acbb980472197539a865bdd457b5777669f0ca06cca13f5dfd82a053a2702c2
61,Risk-Constrained Convex Verifier,Exact Shapley net value,4,116,0.0,211.87018693195506,211.87018693195506,94.58996045555979,94.58996045555978,789.2745827268882,1.4210854715202004e-14,-694.6846222713284,6,2acbb980472197539a865bdd457b5777669f0ca06cca13f5dfd82a053a2702c2
62,Trace-Anchored Reference,Nodal signed linear,1,15,920.4435983040818,930.874904834776,10.4313065306942,-10.790356677230253,-11.861691086483916,-11.86169108648395,1.0713344092536623,1.071334409253696,6,2acbb980472197539a865bdd457b5777669f0ca06cca13f5dfd82a053a2702c2
62,Trace-Anchored Reference,Nodal signed linear,2,42,-931.2339549813126,-942.7365959212586,11.50264093994599,-10.790356677230253,-11.861691086483916,-11.86169108648395,1.0713344092536623,1.071334409253696,6,2acbb980472197539a865bdd457b5777669f0ca06cca13f5dfd82a053a2702c2
62,Trace-Anchored Reference,Nodal signed linear,3,80,3.909661317335099e-13,9.094947017729282e-13,5.185285700394184e-13,-10.790356677230253,-11.861691086483916,-11.86169108648395,1.0713344092536623,1.071334409253696,6,2acbb980472197539a865bdd457b5777669f0ca06cca13f5dfd82a053a2702c2
62,Trace-Anchored Reference,Nodal signed linear,4,116,2.3027955959277994e-13,-2.1221543041368323e-12,2.352433863729612e-12,-10.790356677230253,-11.861691086483916,-11.86169108648395,1.0713344092536623,1.071334409253696,6,2acbb980472197539a865bdd457b5777669f0ca06cca13f5dfd82a053a2702c2
62,Trace-Anchored Reference,Standalone avoided cost,1,15,918.5997487740351,930.874904834776,12.27515606074087,-36.412003207969974,-11.861691086483916,-11.86169108648395,-24.55031212148606,-24.550312121486023,6,2acbb980472197539a865bdd457b5777669f0ca06cca13f5dfd82a053a2702c2
62,Trace-Anchored Reference,Standalone avoided cost,2,42,-955.0117519820051,-942.7365959212586,12.27515606074644,-36.412003207969974,-11.861691086483916,-11.86169108648395,-24.55031212148606,-24.550312121486023,6,2acbb980472197539a865bdd457b5777669f0ca06cca13f5dfd82a053a2702c2
62,Trace-Anchored Reference,Standalone avoided cost,3,80,0.0,9.094947017729282e-13,9.094947017729282e-13,-36.412003207969974,-11.861691086483916,-11.86169108648395,-24.55031212148606,-24.550312121486023,6,2acbb980472197539a865bdd457b5777669f0ca06cca13f5dfd82a053a2702c2
62,Trace-Anchored Reference,Standalone avoided cost,4,116,0.0,-2.1221543041368323e-12,2.1221543041368323e-12,-36.412003207969974,-11.861691086483916,-11.86169108648395,-24.55031212148606,-24.550312121486023,6,2acbb980472197539a865bdd457b5777669f0ca06cca13f5dfd82a053a2702c2
62,Trace-Anchored Reference,Leave-one-out marginal,1,15,943.1500608955139,930.874904834776,12.275156060737913,12.688621034994867,-11.861691086483916,-11.86169108648395,24.550312121478783,24.550312121478818,6,2acbb980472197539a865bdd457b5777669f0ca06cca13f5dfd82a053a2702c2
62,Trace-Anchored Reference,Leave-one-out marginal,2,42,-930.4614398605154,-942.7365959212586,12.275156060743257,12.688621034994867,-11.861691086483916,-11.86169108648395,24.550312121478783,24.550312121478818,6,2acbb980472197539a865bdd457b5777669f0ca06cca13f5dfd82a053a2702c2
62,Trace-Anchored Reference,Leave-one-out marginal,3,80,0.0,9.094947017729282e-13,9.094947017729282e-13,12.688621034994867,-11.861691086483916,-11.86169108648395,24.550312121478783,24.550312121478818,6,2acbb980472197539a865bdd457b5777669f0ca06cca13f5dfd82a053a2702c2
62,Trace-Anchored Reference,Leave-one-out marginal,4,116,-3.637978807091713e-12,-2.1221543041368323e-12,1.5158245029548807e-12,12.688621034994867,-11.861691086483916,-11.86169108648395,24.550312121478783,24.550312121478818,6,2acbb980472197539a865bdd457b5777669f0ca06cca13f5dfd82a053a2702c2
62,Trace-Anchored Reference,Exact Shapley net value,1,15,930.874904834776,930.874904834776,0.0,-11.861691086483878,-11.861691086483916,-11.86169108648395,3.730349362740526e-14,7.105427357601002e-14,6,2acbb980472197539a865bdd457b5777669f0ca06cca13f5dfd82a053a2702c2
62,Trace-Anchored Reference,Exact Shapley net value,2,42,-942.7365959212586,-942.7365959212586,0.0,-11.861691086483878,-11.861691086483916,-11.86169108648395,3.730349362740526e-14,7.105427357601002e-14,6,2acbb980472197539a865bdd457b5777669f0ca06cca13f5dfd82a053a2702c2
62,Trace-Anchored Reference,Exact Shapley net value,3,80,9.094947017729282e-13,9.094947017729282e-13,0.0,-11.861691086483878,-11.861691086483916,-11.86169108648395,3.730349362740526e-14,7.105427357601002e-14,6,2acbb980472197539a865bdd457b5777669f0ca06cca13f5dfd82a053a2702c2
62,Trace-Anchored Reference,Exact Shapley net value,4,116,-2.1221543041368323e-12,-2.1221543041368323e-12,0.0,-11.861691086483878,-11.861691086483916,-11.86169108648395,3.730349362740526e-14,7.105427357601002e-14,6,2acbb980472197539a865bdd457b5777669f0ca06cca13f5dfd82a053a2702c2
62,Risk-Constrained Convex Verifier,Nodal signed linear,1,15,920.4435983040808,930.874904834776,10.431306530695224,-10.790356677231557,-11.861691086483916,-11.86169108648395,1.0713344092523585,1.0713344092523922,6,2acbb980472197539a865bdd457b5777669f0ca06cca13f5dfd82a053a2702c2
62,Risk-Constrained Convex Verifier,Nodal signed linear,2,42,-931.2339549813123,-942.7365959212586,11.502640939946332,-10.790356677231557,-11.861691086483916,-11.86169108648395,1.0713344092523585,1.0713344092523922,6,2acbb980472197539a865bdd457b5777669f0ca06cca13f5dfd82a053a2702c2
62,Risk-Constrained Convex Verifier,Nodal signed linear,3,80,0.0,9.094947017729282e-13,9.094947017729282e-13,-10.790356677231557,-11.861691086483916,-11.86169108648395,1.0713344092523585,1.0713344092523922,6,2acbb980472197539a865bdd457b5777669f0ca06cca13f5dfd82a053a2702c2
62,Risk-Constrained Convex Verifier,Nodal signed linear,4,116,0.0,-2.1221543041368323e-12,2.1221543041368323e-12,-10.790356677231557,-11.861691086483916,-11.86169108648395,1.0713344092523585,1.0713344092523922,6,2acbb980472197539a865bdd457b5777669f0ca06cca13f5dfd82a053a2702c2
62,Risk-Constrained Convex Verifier,Standalone avoided cost,1,15,918.5997487740278,930.874904834776,12.275156060748145,-36.412003207969974,-11.861691086483916,-11.86169108648395,-24.55031212148606,-24.550312121486023,6,2acbb980472197539a865bdd457b5777669f0ca06cca13f5dfd82a053a2702c2
62,Risk-Constrained Convex Verifier,Standalone avoided cost,2,42,-955.0117519819978,-942.7365959212586,12.275156060739164,-36.412003207969974,-11.861691086483916,-11.86169108648395,-24.55031212148606,-24.550312121486023,6,2acbb980472197539a865bdd457b5777669f0ca06cca13f5dfd82a053a2702c2
62,Risk-Constrained Convex Verifier,Standalone avoided cost,3,80,0.0,9.094947017729282e-13,9.094947017729282e-13,-36.412003207969974,-11.861691086483916,-11.86169108648395,-24.55031212148606,-24.550312121486023,6,2acbb980472197539a865bdd457b5777669f0ca06cca13f5dfd82a053a2702c2
62,Risk-Constrained Convex Verifier,Standalone avoided cost,4,116,0.0,-2.1221543041368323e-12,2.1221543041368323e-12,-36.412003207969974,-11.861691086483916,-11.86169108648395,-24.55031212148606,-24.550312121486023,6,2acbb980472197539a865bdd457b5777669f0ca06cca13f5dfd82a053a2702c2
62,Risk-Constrained Convex Verifier,Leave-one-out marginal,1,15,943.1500608955139,930.874904834776,12.275156060737913,12.688621035002143,-11.861691086483916,-11.86169108648395,24.55031212148606,24.550312121486094,6,2acbb980472197539a865bdd457b5777669f0ca06cca13f5dfd82a053a2702c2
62,Risk-Constrained Convex Verifier,Leave-one-out marginal,2,42,-930.4614398605117,-942.7365959212586,12.275156060746895,12.688621035002143,-11.861691086483916,-11.86169108648395,24.55031212148606,24.550312121486094,6,2acbb980472197539a865bdd457b5777669f0ca06cca13f5dfd82a053a2702c2
62,Risk-Constrained Convex Verifier,Leave-one-out marginal,3,80,0.0,9.094947017729282e-13,9.094947017729282e-13,12.688621035002143,-11.861691086483916,-11.86169108648395,24.55031212148606,24.550312121486094,6,2acbb980472197539a865bdd457b5777669f0ca06cca13f5dfd82a053a2702c2
62,Risk-Constrained Convex Verifier,Leave-one-out marginal,4,116,0.0,-2.1221543041368323e-12,2.1221543041368323e-12,12.688621035002143,-11.861691086483916,-11.86169108648395,24.55031212148606,24.550312121486094,6,2acbb980472197539a865bdd457b5777669f0ca06cca13f5dfd82a053a2702c2
62,Risk-Constrained Convex Verifier,Exact Shapley net value,1,15,930.8749048347709,930.874904834776,5.115907697472721e-12,-11.861691086483916,-11.861691086483916,-11.86169108648395,0.0,3.375077994860476e-14,6,2acbb980472197539a865bdd457b5777669f0ca06cca13f5dfd82a053a2702c2
62,Risk-Constrained Convex Verifier,Exact Shapley net value,2,42,-942.7365959212548,-942.7365959212586,3.865352482534945e-12,-11.861691086483916,-11.861691086483916,-11.86169108648395,0.0,3.375077994860476e-14,6,2acbb980472197539a865bdd457b5777669f0ca06cca13f5dfd82a053a2702c2
62,Risk-Constrained Convex Verifier,Exact Shapley net value,3,80,0.0,9.094947017729282e-13,9.094947017729282e-13,-11.861691086483916,-11.861691086483916,-11.86169108648395,0.0,3.375077994860476e-14,6,2acbb980472197539a865bdd457b5777669f0ca06cca13f5dfd82a053a2702c2
62,Risk-Constrained Convex Verifier,Exact Shapley net value,4,116,0.0,-2.1221543041368323e-12,2.1221543041368323e-12,-11.861691086483916,-11.861691086483916,-11.86169108648395,0.0,3.375077994860476e-14,6,2acbb980472197539a865bdd457b5777669f0ca06cca13f5dfd82a053a2702c2
63,Trace-Anchored Reference,Nodal signed linear,1,15,1137.8574129421715,1124.6570663546415,13.20034658753002,958.1361920835773,949.5175288632854,949.5175288632854,8.618663220291864,8.618663220291864,6,2acbb980472197539a865bdd457b5777669f0ca06cca13f5dfd82a053a2702c2
63,Trace-Anchored Reference,Nodal signed linear,2,42,-485.4172367170526,-475.83664006902893,9.580596648023686,958.1361920835773,949.5175288632854,949.5175288632854,8.618663220291864,8.618663220291864,6,2acbb980472197539a865bdd457b5777669f0ca06cca13f5dfd82a053a2702c2
63,Trace-Anchored Reference,Nodal signed linear,3,80,2.10581102852602,-0.16120089987700936,2.2670119284030292,958.1361920835773,949.5175288632854,949.5175288632854,8.618663220291864,8.618663220291864,6,2acbb980472197539a865bdd457b5777669f0ca06cca13f5dfd82a053a2702c2
63,Trace-Anchored Reference,Nodal signed linear,4,116,303.5902048299325,300.8583034775499,2.731901352382579,958.1361920835773,949.5175288632854,949.5175288632854,8.618663220291864,8.618663220291864,6,2acbb980472197539a865bdd457b5777669f0ca06cca13f5dfd82a053a2702c2
63,Trace-Anchored Reference,Standalone avoided cost,1,15,1115.9205754237992,1124.6570663546415,8.736490930842365,929.9716837562519,949.5175288632854,949.5175288632854,-19.54584510703353,-19.54584510703353,6,2acbb980472197539a865bdd457b5777669f0ca06cca13f5dfd82a053a2702c2
63,Trace-Anchored Reference,Standalone avoided cost,2,42,-491.4311920838518,-475.83664006902893,15.594552014822852,929.9716837562519,949.5175288632854,949.5175288632854,-19.54584510703353,-19.54584510703353,6,2acbb980472197539a865bdd457b5777669f0ca06cca13f5dfd82a053a2702c2
63,Trace-Anchored Reference,Standalone avoided cost,3,80,2.0526136778862565,-0.16120089987700936,2.213814577763266,929.9716837562519,949.5175288632854,949.5175288632854,-19.54584510703353,-19.54584510703353,6,2acbb980472197539a865bdd457b5777669f0ca06cca13f5dfd82a053a2702c2
63,Trace-Anchored Reference,Standalone avoided cost,4,116,303.42968673841824,300.8583034775499,2.5713832608683447,929.9716837562519,949.5175288632854,949.5175288632854,-19.54584510703353,-19.54584510703353,6,2acbb980472197539a865bdd457b5777669f0ca06cca13f5dfd82a053a2702c2
63,Trace-Anchored Reference,Leave-one-out marginal,1,15,1134.1532426110753,1124.6570663546415,9.496176256433728,969.5977207318065,949.5175288632854,949.5175288632854,20.08019186852107,20.08019186852107,6,2acbb980472197539a865bdd457b5777669f0ca06cca13f5dfd82a053a2702c2
63,Trace-Anchored Reference,Leave-one-out marginal,2,42,-460.16657081462836,-475.83664006902893,15.670069254400573,969.5977207318065,949.5175288632854,949.5175288632854,20.08019186852107,20.08019186852107,6,2acbb980472197539a865bdd457b5777669f0ca06cca13f5dfd82a053a2702c2
63,Trace-Anchored Reference,Leave-one-out marginal,3,80,-2.255022935998568,-0.16120089987700936,2.0938220361215585,969.5977207318065,949.5175288632854,949.5175288632854,20.08019186852107,20.08019186852107,6,2acbb980472197539a865bdd457b5777669f0ca06cca13f5dfd82a053a2702c2
63,Trace-Anchored Reference,Leave-one-out marginal,4,116,297.86607187135814,300.8583034775499,2.9922316061917513,969.5977207318065,949.5175288632854,949.5175288632854,20.08019186852107,20.08019186852107,6,2acbb980472197539a865bdd457b5777669f0ca06cca13f5dfd82a053a2702c2
63,Trace-Anchored Reference,Exact Shapley net value,1,15,1124.6570663546415,1124.6570663546415,0.0,949.5175288632854,949.5175288632854,949.5175288632854,0.0,0.0,6,2acbb980472197539a865bdd457b5777669f0ca06cca13f5dfd82a053a2702c2
63,Trace-Anchored Reference,Exact Shapley net value,2,42,-475.83664006902893,-475.83664006902893,0.0,949.5175288632854,949.5175288632854,949.5175288632854,0.0,0.0,6,2acbb980472197539a865bdd457b5777669f0ca06cca13f5dfd82a053a2702c2
63,Trace-Anchored Reference,Exact Shapley net value,3,80,-0.16120089987700936,-0.16120089987700936,0.0,949.5175288632854,949.5175288632854,949.5175288632854,0.0,0.0,6,2acbb980472197539a865bdd457b5777669f0ca06cca13f5dfd82a053a2702c2
63,Trace-Anchored Reference,Exact Shapley net value,4,116,300.8583034775499,300.8583034775499,0.0,949.5175288632854,949.5175288632854,949.5175288632854,0.0,0.0,6,2acbb980472197539a865bdd457b5777669f0ca06cca13f5dfd82a053a2702c2
63,Risk-Constrained Convex Verifier,Nodal signed linear,1,15,785.2960154171665,1124.6570663546415,339.36105093747506,13.43915413929733,10.063477972293185,949.5175288632854,3.375676167004144,-936.0783747239881,6,2acbb980472197539a865bdd457b5777669f0ca06cca13f5dfd82a053a2702c2
63,Risk-Constrained Convex Verifier,Nodal signed linear,2,42,-771.8568612778691,-475.83664006902893,296.0202212088402,13.43915413929733,10.063477972293185,949.5175288632854,3.375676167004144,-936.0783747239881,6,2acbb980472197539a865bdd457b5777669f0ca06cca13f5dfd82a053a2702c2
63,Risk-Constrained Convex Verifier,Nodal signed linear,3,80,0.0,-0.16120089987700936,0.16120089987700936,13.43915413929733,10.063477972293185,949.5175288632854,3.375676167004144,-936.0783747239881,6,2acbb980472197539a865bdd457b5777669f0ca06cca13f5dfd82a053a2702c2
63,Risk-Constrained Convex Verifier,Nodal signed linear,4,116,0.0,300.8583034775499,300.8583034775499,13.43915413929733,10.063477972293185,949.5175288632854,3.375676167004144,-936.0783747239881,6,2acbb980472197539a865bdd457b5777669f0ca06cca13f5dfd82a053a2702c2
63,Risk-Constrained Convex Verifier,Standalone avoided cost,1,15,783.3372663878363,1124.6570663546415,341.31979996680525,-17.982865611142188,10.063477972293185,949.5175288632854,-28.046343583435373,-967.5003944744276,6,2acbb980472197539a865bdd457b5777669f0ca06cca13f5dfd82a053a2702c2
63,Risk-Constrained Convex Verifier,Standalone avoided cost,2,42,-801.3201319989785,-475.83664006902893,325.48349192994954,-17.982865611142188,10.063477972293185,949.5175288632854,-28.046343583435373,-967.5003944744276,6,2acbb980472197539a865bdd457b5777669f0ca06cca13f5dfd82a053a2702c2
63,Risk-Constrained Convex Verifier,Standalone avoided cost,3,80,0.0,-0.16120089987700936,0.16120089987700936,-17.982865611142188,10.063477972293185,949.5175288632854,-28.046343583435373,-967.5003944744276,6,2acbb980472197539a865bdd457b5777669f0ca06cca13f5dfd82a053a2702c2
63,Risk-Constrained Convex Verifier,Standalone avoided cost,4,116,0.0,300.8583034775499,300.8583034775499,-17.982865611142188,10.063477972293185,949.5175288632854,-28.046343583435373,-967.5003944744276,6,2acbb980472197539a865bdd457b5777669f0ca06cca13f5dfd82a053a2702c2
63,Risk-Constrained Convex Verifier,Leave-one-out marginal,1,15,811.3836099712717,1124.6570663546415,313.2734563833699,38.10982155572856,10.063477972293185,949.5175288632854,28.046343583435373,-911.4077073075568,6,2acbb980472197539a865bdd457b5777669f0ca06cca13f5dfd82a053a2702c2
63,Risk-Constrained Convex Verifier,Leave-one-out marginal,2,42,-773.2737884155431,-475.83664006902893,297.43714834651416,38.10982155572856,10.063477972293185,949.5175288632854,28.046343583435373,-911.4077073075568,6,2acbb980472197539a865bdd457b5777669f0ca06cca13f5dfd82a053a2702c2
63,Risk-Constrained Convex Verifier,Leave-one-out marginal,3,80,0.0,-0.16120089987700936,0.16120089987700936,38.10982155572856,10.063477972293185,949.5175288632854,28.046343583435373,-911.4077073075568,6,2acbb980472197539a865bdd457b5777669f0ca06cca13f5dfd82a053a2702c2
63,Risk-Constrained Convex Verifier,Leave-one-out marginal,4,116,0.0,300.8583034775499,300.8583034775499,38.10982155572856,10.063477972293185,949.5175288632854,28.046343583435373,-911.4077073075568,6,2acbb980472197539a865bdd457b5777669f0ca06cca13f5dfd82a053a2702c2
63,Risk-Constrained Convex Verifier,Exact Shapley net value,1,15,797.360438179554,1124.6570663546415,327.29662817508756,10.063477972293185,10.063477972293185,949.5175288632854,0.0,-939.4540508909922,6,2acbb980472197539a865bdd457b5777669f0ca06cca13f5dfd82a053a2702c2
63,Risk-Constrained Convex Verifier,Exact Shapley net value,2,42,-787.2969602072608,-475.83664006902893,311.46032013823185,10.063477972293185,10.063477972293185,949.5175288632854,0.0,-939.4540508909922,6,2acbb980472197539a865bdd457b5777669f0ca06cca13f5dfd82a053a2702c2
63,Risk-Constrained Convex Verifier,Exact Shapley net value,3,80,0.0,-0.16120089987700936,0.16120089987700936,10.063477972293185,10.063477972293185,949.5175288632854,0.0,-939.4540508909922,6,2acbb980472197539a865bdd457b5777669f0ca06cca13f5dfd82a053a2702c2
63,Risk-Constrained Convex Verifier,Exact Shapley net value,4,116,0.0,300.8583034775499,300.8583034775499,10.063477972293185,10.063477972293185,949.5175288632854,0.0,-939.4540508909922,6,2acbb980472197539a865bdd457b5777669f0ca06cca13f5dfd82a053a2702c2
64,Trace-Anchored Reference,Nodal signed linear,1,15,1124.2981517288122,1123.1838672028778,1.1142845259344085,445.4129489568717,440.1279621206777,440.1279621206778,5.28498683619398,5.284986836193866,6,2acbb980472197539a865bdd457b5777669f0ca06cca13f5dfd82a053a2702c2
64,Trace-Anchored Reference,Nodal signed linear,2,42,-981.4257040886155,-985.4195079473234,3.9938038587079063,445.4129489568717,440.1279621206777,440.1279621206778,5.28498683619398,5.284986836193866,6,2acbb980472197539a865bdd457b5777669f0ca06cca13f5dfd82a053a2702c2
64,Trace-Anchored Reference,Nodal signed linear,3,80,160.082624365992,160.01455246680598,0.06807189918600898,445.4129489568717,440.1279621206777,440.1279621206778,5.28498683619398,5.284986836193866,6,2acbb980472197539a865bdd457b5777669f0ca06cca13f5dfd82a053a2702c2
64,Trace-Anchored Reference,Nodal signed linear,4,116,142.457876950683,142.34905039831756,0.1088265523654286,445.4129489568717,440.1279621206777,440.1279621206778,5.28498683619398,5.284986836193866,6,2acbb980472197539a865bdd457b5777669f0ca06cca13f5dfd82a053a2702c2
64,Trace-Anchored Reference,Standalone avoided cost,1,15,1118.5200366527642,1123.1838672028778,4.663830550113516,430.1586209319321,440.1279621206777,440.1279621206778,-9.969341188745602,-9.969341188745716,6,2acbb980472197539a865bdd457b5777669f0ca06cca13f5dfd82a053a2702c2
64,Trace-Anchored Reference,Standalone avoided cost,2,42,-990.9019170374995,-985.4195079473234,5.482409090176134,430.1586209319321,440.1279621206777,440.1279621206778,-9.969341188745602,-9.969341188745716,6,2acbb980472197539a865bdd457b5777669f0ca06cca13f5dfd82a053a2702c2
64,Trace-Anchored Reference,Standalone avoided cost,3,80,160.08262436597943,160.01455246680598,0.06807189917344658,430.1586209319321,440.1279621206777,440.1279621206778,-9.969341188745602,-9.969341188745716,6,2acbb980472197539a865bdd457b5777669f0ca06cca13f5dfd82a053a2702c2
64,Trace-Anchored Reference,Standalone avoided cost,4,116,142.45787695068793,142.34905039831756,0.10882655237037397,430.1586209319321,440.1279621206777,440.1279621206778,-9.969341188745602,-9.969341188745716,6,2acbb980472197539a865bdd457b5777669f0ca06cca13f5dfd82a053a2702c2
64,Trace-Anchored Reference,Leave-one-out marginal,1,15,1128.2454857017292,1123.1838672028778,5.061618498851431,451.29066715563386,440.1279621206777,440.1279621206778,11.162705034956161,11.162705034956048,6,2acbb980472197539a865bdd457b5777669f0ca06cca13f5dfd82a053a2702c2
64,Trace-Anchored Reference,Leave-one-out marginal,2,42,-979.5393109084107,-985.4195079473234,5.880197038912684,451.29066715563386,440.1279621206777,440.1279621206778,11.162705034956161,11.162705034956048,6,2acbb980472197539a865bdd457b5777669f0ca06cca13f5dfd82a053a2702c2
64,Trace-Anchored Reference,Leave-one-out marginal,3,80,160.11754565990486,160.01455246680598,0.10299319309888233,451.29066715563386,440.1279621206777,440.1279621206778,11.162705034956161,11.162705034956048,6,2acbb980472197539a865bdd457b5777669f0ca06cca13f5dfd82a053a2702c2
64,Trace-Anchored Reference,Leave-one-out marginal,4,116,142.4669467024105,142.34905039831756,0.1178963040929375,451.29066715563386,440.1279621206777,440.1279621206778,11.162705034956161,11.162705034956048,6,2acbb980472197539a865bdd457b5777669f0ca06cca13f5dfd82a053a2702c2
64,Trace-Anchored Reference,Exact Shapley net value,1,15,1123.1838672028778,1123.1838672028778,0.0,440.1279621206779,440.1279621206777,440.1279621206778,2.2737367544323206e-13,1.1368683772161603e-13,6,2acbb980472197539a865bdd457b5777669f0ca06cca13f5dfd82a053a2702c2
64,Trace-Anchored Reference,Exact Shapley net value,2,42,-985.4195079473234,-985.4195079473234,0.0,440.1279621206779,440.1279621206777,440.1279621206778,2.2737367544323206e-13,1.1368683772161603e-13,6,2acbb980472197539a865bdd457b5777669f0ca06cca13f5dfd82a053a2702c2
64,Trace-Anchored Reference,Exact Shapley net value,3,80,160.01455246680598,160.01455246680598,0.0,440.1279621206779,440.1279621206777,440.1279621206778,2.2737367544323206e-13,1.1368683772161603e-13,6,2acbb980472197539a865bdd457b5777669f0ca06cca13f5dfd82a053a2702c2
64,Trace-Anchored Reference,Exact Shapley net value,4,116,142.34905039831756,142.34905039831756,0.0,440.1279621206779,440.1279621206777,440.1279621206778,2.2737367544323206e-13,1.1368683772161603e-13,6,2acbb980472197539a865bdd457b5777669f0ca06cca13f5dfd82a053a2702c2
64,Risk-Constrained Convex Verifier,Nodal signed linear,1,15,1059.6582067166592,1123.1838672028778,63.52566048621861,-17.72923325493298,-19.445368597760535,440.1279621206778,1.716135342827556,-457.8571953756108,6,2acbb980472197539a865bdd457b5777669f0ca06cca13f5dfd82a053a2702c2
64,Risk-Constrained Convex Verifier,Nodal signed linear,2,42,-1077.3874399715921,-985.4195079473234,91.96793202426875,-17.72923325493298,-19.445368597760535,440.1279621206778,1.716135342827556,-457.8571953756108,6,2acbb980472197539a865bdd457b5777669f0ca06cca13f5dfd82a053a2702c2
64,Risk-Constrained Convex Verifier,Nodal signed linear,3,80,0.0,160.01455246680598,160.01455246680598,-17.72923325493298,-19.445368597760535,440.1279621206778,1.716135342827556,-457.8571953756108,6,2acbb980472197539a865bdd457b5777669f0ca06cca13f5dfd82a053a2702c2
64,Risk-Constrained Convex Verifier,Nodal signed linear,4,116,0.0,142.34905039831756,142.34905039831756,-17.72923325493298,-19.445368597760535,440.1279621206778,1.716135342827556,-457.8571953756108,6,2acbb980472197539a865bdd457b5777669f0ca06cca13f5dfd82a053a2702c2
64,Risk-Constrained Convex Verifier,Standalone avoided cost,1,15,1050.7988889370063,1123.1838672028778,72.3849782658715,-31.97005675794935,-19.445368597760535,440.1279621206778,-12.524688160188816,-472.09801887862716,6,2acbb980472197539a865bdd457b5777669f0ca06cca13f5dfd82a053a2702c2
64,Risk-Constrained Convex Verifier,Standalone avoided cost,2,42,-1082.7689456949556,-985.4195079473234,97.34943774763224,-31.97005675794935,-19.445368597760535,440.1279621206778,-12.524688160188816,-472.09801887862716,6,2acbb980472197539a865bdd457b5777669f0ca06cca13f5dfd82a053a2702c2
64,Risk-Constrained Convex Verifier,Standalone avoided cost,3,80,0.0,160.01455246680598,160.01455246680598,-31.97005675794935,-19.445368597760535,440.1279621206778,-12.524688160188816,-472.09801887862716,6,2acbb980472197539a865bdd457b5777669f0ca06cca13f5dfd82a053a2702c2
64,Risk-Constrained Convex Verifier,Standalone avoided cost,4,116,0.0,142.34905039831756,142.34905039831756,-31.97005675794935,-19.445368597760535,440.1279621206778,-12.524688160188816,-472.09801887862716,6,2acbb980472197539a865bdd457b5777669f0ca06cca13f5dfd82a053a2702c2
64,Risk-Constrained Convex Verifier,Leave-one-out marginal,1,15,1063.323577097195,1123.1838672028778,59.86029010568268,-6.920680437571718,-19.445368597760535,440.1279621206778,12.524688160188816,-447.0486425582495,6,2acbb980472197539a865bdd457b5777669f0ca06cca13f5dfd82a053a2702c2
64,Risk-Constrained Convex Verifier,Leave-one-out marginal,2,42,-1070.2442575347668,-985.4195079473234,84.82474958744342,-6.920680437571718,-19.445368597760535,440.1279621206778,12.524688160188816,-447.0486425582495,6,2acbb980472197539a865bdd457b5777669f0ca06cca13f5dfd82a053a2702c2
64,Risk-Constrained Convex Verifier,Leave-one-out marginal,3,80,0.0,160.01455246680598,160.01455246680598,-6.920680437571718,-19.445368597760535,440.1279621206778,12.524688160188816,-447.0486425582495,6,2acbb980472197539a865bdd457b5777669f0ca06cca13f5dfd82a053a2702c2
64,Risk-Constrained Convex Verifier,Leave-one-out marginal,4,116,0.0,142.34905039831756,142.34905039831756,-6.920680437571718,-19.445368597760535,440.1279621206778,12.524688160188816,-447.0486425582495,6,2acbb980472197539a865bdd457b5777669f0ca06cca13f5dfd82a053a2702c2
64,Risk-Constrained Convex Verifier,Exact Shapley net value,1,15,1057.0612330171007,1123.1838672028778,66.12263418577709,-19.445368597760535,-19.445368597760535,440.1279621206778,0.0,-459.57333071843834,6,2acbb980472197539a865bdd457b5777669f0ca06cca13f5dfd82a053a2702c2
64,Risk-Constrained Convex Verifier,Exact Shapley net value,2,42,-1076.5066016148612,-985.4195079473234,91.08709366753783,-19.445368597760535,-19.445368597760535,440.1279621206778,0.0,-459.57333071843834,6,2acbb980472197539a865bdd457b5777669f0ca06cca13f5dfd82a053a2702c2
64,Risk-Constrained Convex Verifier,Exact Shapley net value,3,80,0.0,160.01455246680598,160.01455246680598,-19.445368597760535,-19.445368597760535,440.1279621206778,0.0,-459.57333071843834,6,2acbb980472197539a865bdd457b5777669f0ca06cca13f5dfd82a053a2702c2
64,Risk-Constrained Convex Verifier,Exact Shapley net value,4,116,0.0,142.34905039831756,142.34905039831756,-19.445368597760535,-19.445368597760535,440.1279621206778,0.0,-459.57333071843834,6,2acbb980472197539a865bdd457b5777669f0ca06cca13f5dfd82a053a2702c2
65,Trace-Anchored Reference,Nodal signed linear,1,15,353.8905473984432,352.5400770690782,1.3504703293649527,238.58165627813543,235.24858291639976,235.24858291639976,3.3330733617356714,3.3330733617356714,6,2acbb980472197539a865bdd457b5777669f0ca06cca13f5dfd82a053a2702c2
65,Trace-Anchored Reference,Nodal signed linear,2,42,-74.73235605848244,-75.43414257316364,0.7017865146812028,238.58165627813543,235.24858291639976,235.24858291639976,3.3330733617356714,3.3330733617356714,6,2acbb980472197539a865bdd457b5777669f0ca06cca13f5dfd82a053a2702c2
65,Trace-Anchored Reference,Nodal signed linear,3,80,-147.50689158455822,-148.2334598193999,0.7265682348416931,238.58165627813543,235.24858291639976,235.24858291639976,3.3330733617356714,3.3330733617356714,6,2acbb980472197539a865bdd457b5777669f0ca06cca13f5dfd82a053a2702c2
65,Trace-Anchored Reference,Nodal signed linear,4,116,106.93035652273288,106.37610823988507,0.5542482828478086,238.58165627813543,235.24858291639976,235.24858291639976,3.3330733617356714,3.3330733617356714,6,2acbb980472197539a865bdd457b5777669f0ca06cca13f5dfd82a053a2702c2
65,Trace-Anchored Reference,Standalone avoided cost,1,15,353.67251737663537,352.5400770690782,1.1324403075571468,238.36362625629044,235.24858291639976,235.24858291639976,3.11504333989069,3.11504333989069,6,2acbb980472197539a865bdd457b5777669f0ca06cca13f5dfd82a053a2702c2
65,Trace-Anchored Reference,Standalone avoided cost,2,42,-74.73235605849914,-75.43414257316364,0.701786514664505,238.36362625629044,235.24858291639976,235.24858291639976,3.11504333989069,3.11504333989069,6,2acbb980472197539a865bdd457b5777669f0ca06cca13f5dfd82a053a2702c2
65,Trace-Anchored Reference,Standalone avoided cost,3,80,-147.50689158457317,-148.2334598193999,0.7265682348267433,238.36362625629044,235.24858291639976,235.24858291639976,3.11504333989069,3.11504333989069,6,2acbb980472197539a865bdd457b5777669f0ca06cca13f5dfd82a053a2702c2
65,Trace-Anchored Reference,Standalone avoided cost,4,116,106.93035652272738,106.37610823988507,0.554248282842309,238.36362625629044,235.24858291639976,235.24858291639976,3.11504333989069,3.11504333989069,6,2acbb980472197539a865bdd457b5777669f0ca06cca13f5dfd82a053a2702c2
65,Trace-Anchored Reference,Leave-one-out marginal,1,15,351.5374892940672,352.5400770690782,1.0025877750110226,232.55643166198934,235.24858291639976,235.24858291639976,-2.692151254410419,-2.692151254410419,6,2acbb980472197539a865bdd457b5777669f0ca06cca13f5dfd82a053a2702c2
65,Trace-Anchored Reference,Leave-one-out marginal,2,42,-75.92916290549329,-75.43414257316364,0.49502033232964493,232.55643166198934,235.24858291639976,235.24858291639976,-2.692151254410419,-2.692151254410419,6,2acbb980472197539a865bdd457b5777669f0ca06cca13f5dfd82a053a2702c2
65,Trace-Anchored Reference,Leave-one-out marginal,3,80,-148.85013388327934,-148.2334598193999,0.6166740638794295,232.55643166198934,235.24858291639976,235.24858291639976,-2.692151254410419,-2.692151254410419,6,2acbb980472197539a865bdd457b5777669f0ca06cca13f5dfd82a053a2702c2
65,Trace-Anchored Reference,Leave-one-out marginal,4,116,105.79823915669476,106.37610823988507,0.5778690831903077,232.55643166198934,235.24858291639976,235.24858291639976,-2.692151254410419,-2.692151254410419,6,2acbb980472197539a865bdd457b5777669f0ca06cca13f5dfd82a053a2702c2
65,Trace-Anchored Reference,Exact Shapley net value,1,15,352.5400770690782,352.5400770690782,0.0,235.24858291639976,235.24858291639976,235.24858291639976,0.0,0.0,6,2acbb980472197539a865bdd457b5777669f0ca06cca13f5dfd82a053a2702c2
65,Trace-Anchored Reference,Exact Shapley net value,2,42,-75.43414257316364,-75.43414257316364,0.0,235.24858291639976,235.24858291639976,235.24858291639976,0.0,0.0,6,2acbb980472197539a865bdd457b5777669f0ca06cca13f5dfd82a053a2702c2
65,Trace-Anchored Reference,Exact Shapley net value,3,80,-148.2334598193999,-148.2334598193999,0.0,235.24858291639976,235.24858291639976,235.24858291639976,0.0,0.0,6,2acbb980472197539a865bdd457b5777669f0ca06cca13f5dfd82a053a2702c2
65,Trace-Anchored Reference,Exact Shapley net value,4,116,106.37610823988507,106.37610823988507,0.0,235.24858291639976,235.24858291639976,235.24858291639976,0.0,0.0,6,2acbb980472197539a865bdd457b5777669f0ca06cca13f5dfd82a053a2702c2
65,Risk-Constrained Convex Verifier,Nodal signed linear,1,15,144.172007225312,352.5400770690782,208.36806984376622,2.7837455022915396,2.7837455022818176,235.24858291639976,9.72200098203757e-12,-232.46483741410822,6,2acbb980472197539a865bdd457b5777669f0ca06cca13f5dfd82a053a2702c2
65,Risk-Constrained Convex Verifier,Nodal signed linear,2,42,-144.37008754892003,-75.43414257316364,68.93594497575639,2.7837455022915396,2.7837455022818176,235.24858291639976,9.72200098203757e-12,-232.46483741410822,6,2acbb980472197539a865bdd457b5777669f0ca06cca13f5dfd82a053a2702c2
65,Risk-Constrained Convex Verifier,Nodal signed linear,3,80,0.0,-148.2334598193999,148.2334598193999,2.7837455022915396,2.7837455022818176,235.24858291639976,9.72200098203757e-12,-232.46483741410822,6,2acbb980472197539a865bdd457b5777669f0ca06cca13f5dfd82a053a2702c2
65,Risk-Constrained Convex Verifier,Nodal signed linear,4,116,2.9818258258995645,106.37610823988507,103.39428241398551,2.7837455022915396,2.7837455022818176,235.24858291639976,9.72200098203757e-12,-232.46483741410822,6,2acbb980472197539a865bdd457b5777669f0ca06cca13f5dfd82a053a2702c2
65,Risk-Constrained Convex Verifier,Standalone avoided cost,1,15,144.17200722530833,352.5400770690782,208.3680698437699,2.695602704927296,2.7837455022818176,235.24858291639976,-0.08814279735452146,-232.55298021147246,6,2acbb980472197539a865bdd457b5777669f0ca06cca13f5dfd82a053a2702c2
65,Risk-Constrained Convex Verifier,Standalone avoided cost,2,42,-144.45823034627392,-75.43414257316364,69.02408777311028,2.695602704927296,2.7837455022818176,235.24858291639976,-0.08814279735452146,-232.55298021147246,6,2acbb980472197539a865bdd457b5777669f0ca06cca13f5dfd82a053a2702c2
65,Risk-Constrained Convex Verifier,Standalone avoided cost,3,80,0.0,-148.2334598193999,148.2334598193999,2.695602704927296,2.7837455022818176,235.24858291639976,-0.08814279735452146,-232.55298021147246,6,2acbb980472197539a865bdd457b5777669f0ca06cca13f5dfd82a053a2702c2
65,Risk-Constrained Convex Verifier,Standalone avoided cost,4,116,2.9818258258928836,106.37610823988507,103.39428241399219,2.695602704927296,2.7837455022818176,235.24858291639976,-0.08814279735452146,-232.55298021147246,6,2acbb980472197539a865bdd457b5777669f0ca06cca13f5dfd82a053a2702c2
65,Risk-Constrained Convex Verifier,Leave-one-out marginal,1,15,144.36405525707232,352.5400770690782,208.1760218120059,2.975793534045806,2.7837455022818176,235.24858291639976,0.19204803176398855,-232.27278938235395,6,2acbb980472197539a865bdd457b5777669f0ca06cca13f5dfd82a053a2702c2
65,Risk-Constrained Convex Verifier,Leave-one-out marginal,2,42,-144.37008754892304,-75.43414257316364,68.9359449757594,2.975793534045806,2.7837455022818176,235.24858291639976,0.19204803176398855,-232.27278938235395,6,2acbb980472197539a865bdd457b5777669f0ca06cca13f5dfd82a053a2702c2
65,Risk-Constrained Convex Verifier,Leave-one-out marginal,3,80,0.0,-148.2334598193999,148.2334598193999,2.975793534045806,2.7837455022818176,235.24858291639976,0.19204803176398855,-232.27278938235395,6,2acbb980472197539a865bdd457b5777669f0ca06cca13f5dfd82a053a2702c2
65,Risk-Constrained Convex Verifier,Leave-one-out marginal,4,116,2.9818258258965216,106.37610823988507,103.39428241398855,2.975793534045806,2.7837455022818176,235.24858291639976,0.19204803176398855,-232.27278938235395,6,2acbb980472197539a865bdd457b5777669f0ca06cca13f5dfd82a053a2702c2
65,Risk-Constrained Convex Verifier,Exact Shapley net value,1,15,144.25071370212237,352.5400770690782,208.28936336695585,2.7837455022817794,2.7837455022818176,235.24858291639976,-3.8191672047105385e-14,-232.46483741411797,6,2acbb980472197539a865bdd457b5777669f0ca06cca13f5dfd82a053a2702c2
65,Risk-Constrained Convex Verifier,Exact Shapley net value,2,42,-144.43147648666644,-75.43414257316364,68.9973339135028,2.7837455022817794,2.7837455022818176,235.24858291639976,-3.8191672047105385e-14,-232.46483741411797,6,2acbb980472197539a865bdd457b5777669f0ca06cca13f5dfd82a053a2702c2
65,Risk-Constrained Convex Verifier,Exact Shapley net value,3,80,-0.004788488556793702,-148.2334598193999,148.22867133084313,2.7837455022817794,2.7837455022818176,235.24858291639976,-3.8191672047105385e-14,-232.46483741411797,6,2acbb980472197539a865bdd457b5777669f0ca06cca13f5dfd82a053a2702c2
65,Risk-Constrained Convex Verifier,Exact Shapley net value,4,116,2.969296775382645,106.37610823988507,103.40681146450243,2.7837455022817794,2.7837455022818176,235.24858291639976,-3.8191672047105385e-14,-232.46483741411797,6,2acbb980472197539a865bdd457b5777669f0ca06cca13f5dfd82a053a2702c2
66,Trace-Anchored Reference,Nodal signed linear,1,15,498.73029756852975,500.55704928297683,1.8267517144470844,216.9272950128904,124.8001804271953,124.80018042719547,92.1271145856951,92.12711458569493,6,2acbb980472197539a865bdd457b5777669f0ca06cca13f5dfd82a053a2702c2
66,Trace-Anchored Reference,Nodal signed linear,2,42,-386.9698444575332,-473.0758473664421,86.10600290890886,216.9272950128904,124.8001804271953,124.80018042719547,92.1271145856951,92.12711458569493,6,2acbb980472197539a865bdd457b5777669f0ca06cca13f5dfd82a053a2702c2
66,Trace-Anchored Reference,Nodal signed linear,3,80,-33.236438989365546,-38.92847909231198,5.692040102946436,216.9272950128904,124.8001804271953,124.80018042719547,92.1271145856951,92.12711458569493,6,2acbb980472197539a865bdd457b5777669f0ca06cca13f5dfd82a053a2702c2
66,Trace-Anchored Reference,Nodal signed linear,4,116,138.4032808912594,136.24745760297262,2.155823288286797,216.9272950128904,124.8001804271953,124.80018042719547,92.1271145856951,92.12711458569493,6,2acbb980472197539a865bdd457b5777669f0ca06cca13f5dfd82a053a2702c2
66,Trace-Anchored Reference,Standalone avoided cost,1,15,498.73029756855976,500.55704928297683,1.826751714417071,135.62346338901625,124.8001804271953,124.80018042719547,10.82328296182095,10.82328296182078,6,2acbb980472197539a865bdd457b5777669f0ca06cca13f5dfd82a053a2702c2
66,Trace-Anchored Reference,Standalone avoided cost,2,42,-468.2736760814623,-473.0758473664421,4.8021712849797495,135.62346338901625,124.8001804271953,124.80018042719547,10.82328296182095,10.82328296182078,6,2acbb980472197539a865bdd457b5777669f0ca06cca13f5dfd82a053a2702c2
66,Trace-Anchored Reference,Standalone avoided cost,3,80,-33.236438989344606,-38.92847909231198,5.6920401029673755,135.62346338901625,124.8001804271953,124.80018042719547,10.82328296182095,10.82328296182078,6,2acbb980472197539a865bdd457b5777669f0ca06cca13f5dfd82a053a2702c2
66,Trace-Anchored Reference,Standalone avoided cost,4,116,138.40328089126342,136.24745760297262,2.1558232882908044,135.62346338901625,124.8001804271953,124.80018042719547,10.82328296182095,10.82328296182078,6,2acbb980472197539a865bdd457b5777669f0ca06cca13f5dfd82a053a2702c2
66,Trace-Anchored Reference,Leave-one-out marginal,1,15,501.47636710714505,500.55704928297683,0.9193178241682176,110.78733604228546,124.8001804271953,124.80018042719547,-14.01284438490984,-14.01284438491001,6,2acbb980472197539a865bdd457b5777669f0ca06cca13f5dfd82a053a2702c2
66,Trace-Anchored Reference,Leave-one-out marginal,2,42,-479.096959043236,-473.0758473664421,6.0211116767939075,110.78733604228546,124.8001804271953,124.80018042719547,-14.01284438490984,-14.01284438491001,6,2acbb980472197539a865bdd457b5777669f0ca06cca13f5dfd82a053a2702c2
66,Trace-Anchored Reference,Leave-one-out marginal,3,80,-45.20264455779761,-38.92847909231198,6.2741654654856305,110.78733604228546,124.8001804271953,124.80018042719547,-14.01284438490984,-14.01284438491001,6,2acbb980472197539a865bdd457b5777669f0ca06cca13f5dfd82a053a2702c2
66,Trace-Anchored Reference,Leave-one-out marginal,4,116,133.610572536174,136.24745760297262,2.6368850667986123,110.78733604228546,124.8001804271953,124.80018042719547,-14.01284438490984,-14.01284438491001,6,2acbb980472197539a865bdd457b5777669f0ca06cca13f5dfd82a053a2702c2
66,Trace-Anchored Reference,Exact Shapley net value,1,15,500.55704928297683,500.55704928297683,0.0,124.80018042719539,124.8001804271953,124.80018042719547,8.526512829121202e-14,-8.526512829121202e-14,6,2acbb980472197539a865bdd457b5777669f0ca06cca13f5dfd82a053a2702c2
66,Trace-Anchored Reference,Exact Shapley net value,2,42,-473.0758473664421,-473.0758473664421,0.0,124.80018042719539,124.8001804271953,124.80018042719547,8.526512829121202e-14,-8.526512829121202e-14,6,2acbb980472197539a865bdd457b5777669f0ca06cca13f5dfd82a053a2702c2
66,Trace-Anchored Reference,Exact Shapley net value,3,80,-38.92847909231198,-38.92847909231198,0.0,124.80018042719539,124.8001804271953,124.80018042719547,8.526512829121202e-14,-8.526512829121202e-14,6,2acbb980472197539a865bdd457b5777669f0ca06cca13f5dfd82a053a2702c2
66,Trace-Anchored Reference,Exact Shapley net value,4,116,136.24745760297262,136.24745760297262,0.0,124.80018042719539,124.8001804271953,124.80018042719547,8.526512829121202e-14,-8.526512829121202e-14,6,2acbb980472197539a865bdd457b5777669f0ca06cca13f5dfd82a053a2702c2
66,Risk-Constrained Convex Verifier,Nodal signed linear,1,15,453.68855763804936,500.55704928297683,46.868491644927474,-14.582766315892162,-65.62852930770532,124.80018042719547,51.04576299181316,-139.38294674308764,6,2acbb980472197539a865bdd457b5777669f0ca06cca13f5dfd82a053a2702c2
66,Risk-Constrained Convex Verifier,Nodal signed linear,2,42,-425.9231208268508,-473.0758473664421,47.1527265395913,-14.582766315892162,-65.62852930770532,124.80018042719547,51.04576299181316,-139.38294674308764,6,2acbb980472197539a865bdd457b5777669f0ca06cca13f5dfd82a053a2702c2
66,Risk-Constrained Convex Verifier,Nodal signed linear,3,80,-41.75339105274216,-38.92847909231198,2.8249119604301782,-14.582766315892162,-65.62852930770532,124.80018042719547,51.04576299181316,-139.38294674308764,6,2acbb980472197539a865bdd457b5777669f0ca06cca13f5dfd82a053a2702c2
66,Risk-Constrained Convex Verifier,Nodal signed linear,4,116,-0.5948120743485852,136.24745760297262,136.8422696773212,-14.582766315892162,-65.62852930770532,124.80018042719547,51.04576299181316,-139.38294674308764,6,2acbb980472197539a865bdd457b5777669f0ca06cca13f5dfd82a053a2702c2
66,Risk-Constrained Convex Verifier,Standalone avoided cost,1,15,453.68855763805914,500.55704928297683,46.8684916449177,-91.44383451038448,-65.62852930770532,124.80018042719547,-25.815305202679156,-216.24401493757995,6,2acbb980472197539a865bdd457b5777669f0ca06cca13f5dfd82a053a2702c2
66,Risk-Constrained Convex Verifier,Standalone avoided cost,2,42,-502.7841890213531,-473.0758473664421,29.70834165491101,-91.44383451038448,-65.62852930770532,124.80018042719547,-25.815305202679156,-216.24401493757995,6,2acbb980472197539a865bdd457b5777669f0ca06cca13f5dfd82a053a2702c2
66,Risk-Constrained Convex Verifier,Standalone avoided cost,3,80,-41.75339105274179,-38.92847909231198,2.8249119604298087,-91.44383451038448,-65.62852930770532,124.80018042719547,-25.815305202679156,-216.24401493757995,6,2acbb980472197539a865bdd457b5777669f0ca06cca13f5dfd82a053a2702c2
66,Risk-Constrained Convex Verifier,Standalone avoided cost,4,116,-0.594812074348738,136.24745760297262,136.84226967732135,-91.44383451038448,-65.62852930770532,124.80018042719547,-25.815305202679156,-216.24401493757995,6,2acbb980472197539a865bdd457b5777669f0ca06cca13f5dfd82a053a2702c2
66,Risk-Constrained Convex Verifier,Leave-one-out marginal,1,15,480.557129287572,500.55704928297683,19.99991999540481,-39.813224105044355,-65.62852930770532,124.80018042719547,25.815305202660966,-164.61340453223983,6,2acbb980472197539a865bdd457b5777669f0ca06cca13f5dfd82a053a2702c2
66,Risk-Constrained Convex Verifier,Leave-one-out marginal,2,42,-476.96888381868484,-473.0758473664421,3.893036452242768,-39.813224105044355,-65.62852930770532,124.80018042719547,25.815305202660966,-164.61340453223983,6,2acbb980472197539a865bdd457b5777669f0ca06cca13f5dfd82a053a2702c2
66,Risk-Constrained Convex Verifier,Leave-one-out marginal,3,80,-42.46886533319048,-38.92847909231198,3.5403862408784974,-39.813224105044355,-65.62852930770532,124.80018042719547,25.815305202660966,-164.61340453223983,6,2acbb980472197539a865bdd457b5777669f0ca06cca13f5dfd82a053a2702c2
66,Risk-Constrained Convex Verifier,Leave-one-out marginal,4,116,-0.9326042407410569,136.24745760297262,137.18006184371367,-39.813224105044355,-65.62852930770532,124.80018042719547,25.815305202660966,-164.61340453223983,6,2acbb980472197539a865bdd457b5777669f0ca06cca13f5dfd82a053a2702c2
66,Risk-Constrained Convex Verifier,Exact Shapley net value,1,15,467.2289312945007,500.55704928297683,33.32811798847615,-65.62852930770529,-65.62852930770532,124.80018042719547,2.842170943040401e-14,-190.42870973490076,6,2acbb980472197539a865bdd457b5777669f0ca06cca13f5dfd82a053a2702c2
66,Risk-Constrained Convex Verifier,Exact Shapley net value,2,42,-489.7704485883356,-473.0758473664421,16.69460122189355,-65.62852930770529,-65.62852930770532,124.80018042719547,2.842170943040401e-14,-190.42870973490076,6,2acbb980472197539a865bdd457b5777669f0ca06cca13f5dfd82a053a2702c2
66,Risk-Constrained Convex Verifier,Exact Shapley net value,3,80,-42.21721602464579,-38.92847909231198,3.288736932333812,-65.62852930770529,-65.62852930770532,124.80018042719547,2.842170943040401e-14,-190.42870973490076,6,2acbb980472197539a865bdd457b5777669f0ca06cca13f5dfd82a053a2702c2
66,Risk-Constrained Convex Verifier,Exact Shapley net value,4,116,-0.8697959892245599,136.24745760297262,137.1172535921972,-65.62852930770529,-65.62852930770532,124.80018042719547,2.842170943040401e-14,-190.42870973490076,6,2acbb980472197539a865bdd457b5777669f0ca06cca13f5dfd82a053a2702c2
67,Trace-Anchored Reference,Nodal signed linear,1,15,317.34724549058177,316.1767199066744,1.170525583907363,1166.639492386613,1162.9518294006812,1162.9518294006812,3.6876629859318655,3.6876629859318655,6,2acbb980472197539a865bdd457b5777669f0ca06cca13f5dfd82a053a2702c2
67,Trace-Anchored Reference,Nodal signed linear,2,42,193.6902162436777,192.28865949762982,1.4015567460478735,1166.639492386613,1162.9518294006812,1162.9518294006812,3.6876629859318655,3.6876629859318655,6,2acbb980472197539a865bdd457b5777669f0ca06cca13f5dfd82a053a2702c2
67,Trace-Anchored Reference,Nodal signed linear,3,80,293.0225966000923,292.6049744799656,0.4176221201266799,1166.639492386613,1162.9518294006812,1162.9518294006812,3.6876629859318655,3.6876629859318655,6,2acbb980472197539a865bdd457b5777669f0ca06cca13f5dfd82a053a2702c2
67,Trace-Anchored Reference,Nodal signed linear,4,116,362.5794340522613,361.88147551641123,0.6979585358500913,1166.639492386613,1162.9518294006812,1162.9518294006812,3.6876629859318655,3.6876629859318655,6,2acbb980472197539a865bdd457b5777669f0ca06cca13f5dfd82a053a2702c2
67,Trace-Anchored Reference,Standalone avoided cost,1,15,317.34724549057137,316.1767199066744,1.1705255838969606,1166.63949238661,1162.9518294006812,1162.9518294006812,3.6876629859289096,3.6876629859289096,6,2acbb980472197539a865bdd457b5777669f0ca06cca13f5dfd82a053a2702c2
67,Trace-Anchored Reference,Standalone avoided cost,2,42,193.6902162436745,192.28865949762982,1.4015567460446903,1166.63949238661,1162.9518294006812,1162.9518294006812,3.6876629859289096,3.6876629859289096,6,2acbb980472197539a865bdd457b5777669f0ca06cca13f5dfd82a053a2702c2
67,Trace-Anchored Reference,Standalone avoided cost,3,80,293.0225966000944,292.6049744799656,0.4176221201287831,1166.63949238661,1162.9518294006812,1162.9518294006812,3.6876629859289096,3.6876629859289096,6,2acbb980472197539a865bdd457b5777669f0ca06cca13f5dfd82a053a2702c2
67,Trace-Anchored Reference,Standalone avoided cost,4,116,362.5794340522698,361.88147551641123,0.6979585358585609,1166.63949238661,1162.9518294006812,1162.9518294006812,3.6876629859289096,3.6876629859289096,6,2acbb980472197539a865bdd457b5777669f0ca06cca13f5dfd82a053a2702c2
67,Trace-Anchored Reference,Leave-one-out marginal,1,15,314.42067130567375,316.1767199066744,1.756048601000657,1157.2018216756114,1162.9518294006812,1162.9518294006812,-5.750007725069736,-5.750007725069736,6,2acbb980472197539a865bdd457b5777669f0ca06cca13f5dfd82a053a2702c2
67,Trace-Anchored Reference,Leave-one-out marginal,2,42,190.12552128429888,192.28865949762982,2.1631382133309387,1157.2018216756114,1162.9518294006812,1162.9518294006812,-5.750007725069736,-5.750007725069736,6,2acbb980472197539a865bdd457b5777669f0ca06cca13f5dfd82a053a2702c2
67,Trace-Anchored Reference,Leave-one-out marginal,3,80,291.94940594993386,292.6049744799656,0.6555685300317577,1157.2018216756114,1162.9518294006812,1162.9518294006812,-5.750007725069736,-5.750007725069736,6,2acbb980472197539a865bdd457b5777669f0ca06cca13f5dfd82a053a2702c2
67,Trace-Anchored Reference,Leave-one-out marginal,4,116,360.70622313570493,361.88147551641123,1.1752523807062971,1157.2018216756114,1162.9518294006812,1162.9518294006812,-5.750007725069736,-5.750007725069736,6,2acbb980472197539a865bdd457b5777669f0ca06cca13f5dfd82a053a2702c2
67,Trace-Anchored Reference,Exact Shapley net value,1,15,316.1767199066744,316.1767199066744,0.0,1162.9518294006812,1162.9518294006812,1162.9518294006812,0.0,0.0,6,2acbb980472197539a865bdd457b5777669f0ca06cca13f5dfd82a053a2702c2
67,Trace-Anchored Reference,Exact Shapley net value,2,42,192.28865949762982,192.28865949762982,0.0,1162.9518294006812,1162.9518294006812,1162.9518294006812,0.0,0.0,6,2acbb980472197539a865bdd457b5777669f0ca06cca13f5dfd82a053a2702c2
67,Trace-Anchored Reference,Exact Shapley net value,3,80,292.6049744799656,292.6049744799656,0.0,1162.9518294006812,1162.9518294006812,1162.9518294006812,0.0,0.0,6,2acbb980472197539a865bdd457b5777669f0ca06cca13f5dfd82a053a2702c2
67,Trace-Anchored Reference,Exact Shapley net value,4,116,361.88147551641123,361.88147551641123,0.0,1162.9518294006812,1162.9518294006812,1162.9518294006812,0.0,0.0,6,2acbb980472197539a865bdd457b5777669f0ca06cca13f5dfd82a053a2702c2
67,Risk-Constrained Convex Verifier,Nodal signed linear,1,15,42.10181031106765,316.1767199066744,274.07490959560675,-0.12433927808753253,-0.3432321248255903,1162.9518294006812,0.21889284673805776,-1163.0761686787687,6,2acbb980472197539a865bdd457b5777669f0ca06cca13f5dfd82a053a2702c2
67,Risk-Constrained Convex Verifier,Nodal signed linear,2,42,-42.226149589155185,192.28865949762982,234.51480908678502,-0.12433927808753253,-0.3432321248255903,1162.9518294006812,0.21889284673805776,-1163.0761686787687,6,2acbb980472197539a865bdd457b5777669f0ca06cca13f5dfd82a053a2702c2
67,Risk-Constrained Convex Verifier,Nodal signed linear,3,80,0.0,292.6049744799656,292.6049744799656,-0.12433927808753253,-0.3432321248255903,1162.9518294006812,0.21889284673805776,-1163.0761686787687,6,2acbb980472197539a865bdd457b5777669f0ca06cca13f5dfd82a053a2702c2
67,Risk-Constrained Convex Verifier,Nodal signed linear,4,116,0.0,361.88147551641123,361.88147551641123,-0.12433927808753253,-0.3432321248255903,1162.9518294006812,0.21889284673805776,-1163.0761686787687,6,2acbb980472197539a865bdd457b5777669f0ca06cca13f5dfd82a053a2702c2
67,Risk-Constrained Convex Verifier,Standalone avoided cost,1,15,42.101810311058216,316.1767199066744,274.0749095956162,-0.5043391596118454,-0.3432321248255903,1162.9518294006812,-0.1611070347862551,-1163.456168560293,6,2acbb980472197539a865bdd457b5777669f0ca06cca13f5dfd82a053a2702c2
67,Risk-Constrained Convex Verifier,Standalone avoided cost,2,42,-42.60614947067006,192.28865949762982,234.89480896829988,-0.5043391596118454,-0.3432321248255903,1162.9518294006812,-0.1611070347862551,-1163.456168560293,6,2acbb980472197539a865bdd457b5777669f0ca06cca13f5dfd82a053a2702c2
67,Risk-Constrained Convex Verifier,Standalone avoided cost,3,80,0.0,292.6049744799656,292.6049744799656,-0.5043391596118454,-0.3432321248255903,1162.9518294006812,-0.1611070347862551,-1163.456168560293,6,2acbb980472197539a865bdd457b5777669f0ca06cca13f5dfd82a053a2702c2
67,Risk-Constrained Convex Verifier,Standalone avoided cost,4,116,0.0,361.88147551641123,361.88147551641123,-0.5043391596118454,-0.3432321248255903,1162.9518294006812,-0.1611070347862551,-1163.456168560293,6,2acbb980472197539a865bdd457b5777669f0ca06cca13f5dfd82a053a2702c2
67,Risk-Constrained Convex Verifier,Leave-one-out marginal,1,15,42.26291734584447,316.1767199066744,273.91380256082994,-0.1821250900393352,-0.3432321248255903,1162.9518294006812,0.1611070347862551,-1163.1339544907205,6,2acbb980472197539a865bdd457b5777669f0ca06cca13f5dfd82a053a2702c2
67,Risk-Constrained Convex Verifier,Leave-one-out marginal,2,42,-42.445042435883806,192.28865949762982,234.73370193351363,-0.1821250900393352,-0.3432321248255903,1162.9518294006812,0.1611070347862551,-1163.1339544907205,6,2acbb980472197539a865bdd457b5777669f0ca06cca13f5dfd82a053a2702c2
67,Risk-Constrained Convex Verifier,Leave-one-out marginal,3,80,0.0,292.6049744799656,292.6049744799656,-0.1821250900393352,-0.3432321248255903,1162.9518294006812,0.1611070347862551,-1163.1339544907205,6,2acbb980472197539a865bdd457b5777669f0ca06cca13f5dfd82a053a2702c2
67,Risk-Constrained Convex Verifier,Leave-one-out marginal,4,116,0.0,361.88147551641123,361.88147551641123,-0.1821250900393352,-0.3432321248255903,1162.9518294006812,0.1611070347862551,-1163.1339544907205,6,2acbb980472197539a865bdd457b5777669f0ca06cca13f5dfd82a053a2702c2
67,Risk-Constrained Convex Verifier,Exact Shapley net value,1,15,42.182363828451344,316.1767199066744,273.99435607822306,-0.3432321248255903,-0.3432321248255903,1162.9518294006812,0.0,-1163.2950615255068,6,2acbb980472197539a865bdd457b5777669f0ca06cca13f5dfd82a053a2702c2
67,Risk-Constrained Convex Verifier,Exact Shapley net value,2,42,-42.525595953276934,192.28865949762982,234.81425545090676,-0.3432321248255903,-0.3432321248255903,1162.9518294006812,0.0,-1163.2950615255068,6,2acbb980472197539a865bdd457b5777669f0ca06cca13f5dfd82a053a2702c2
67,Risk-Constrained Convex Verifier,Exact Shapley net value,3,80,0.0,292.6049744799656,292.6049744799656,-0.3432321248255903,-0.3432321248255903,1162.9518294006812,0.0,-1163.2950615255068,6,2acbb980472197539a865bdd457b5777669f0ca06cca13f5dfd82a053a2702c2
67,Risk-Constrained Convex Verifier,Exact Shapley net value,4,116,0.0,361.88147551641123,361.88147551641123,-0.3432321248255903,-0.3432321248255903,1162.9518294006812,0.0,-1163.2950615255068,6,2acbb980472197539a865bdd457b5777669f0ca06cca13f5dfd82a053a2702c2
68,Trace-Anchored Reference,Nodal signed linear,1,15,378.885418478662,378.89691501006445,0.0114965314024289,79.91250439709742,79.91250439709984,79.91250439709987,-2.4158453015843406e-12,-2.4442670110147446e-12,6,2acbb980472197539a865bdd457b5777669f0ca06cca13f5dfd82a053a2702c2
68,Trace-Anchored Reference,Nodal signed linear,2,42,-294.74015653319736,-294.76632773930817,0.026171206110802814,79.91250439709742,79.91250439709984,79.91250439709987,-2.4158453015843406e-12,-2.4442670110147446e-12,6,2acbb980472197539a865bdd457b5777669f0ca06cca13f5dfd82a053a2702c2
68,Trace-Anchored Reference,Nodal signed linear,3,80,-24.219072517526115,-24.21589437422032,0.0031781433057957997,79.91250439709742,79.91250439709984,79.91250439709987,-2.4158453015843406e-12,-2.4442670110147446e-12,6,2acbb980472197539a865bdd457b5777669f0ca06cca13f5dfd82a053a2702c2
68,Trace-Anchored Reference,Nodal signed linear,4,116,19.986314969158883,19.99781150056394,0.011496531405057908,79.91250439709742,79.91250439709984,79.91250439709987,-2.4158453015843406e-12,-2.4442670110147446e-12,6,2acbb980472197539a865bdd457b5777669f0ca06cca13f5dfd82a053a2702c2
68,Trace-Anchored Reference,Standalone avoided cost,1,15,378.88541847867236,378.89691501006445,0.011496531392083398,79.82445634890246,79.91250439709984,79.91250439709987,-0.0880480481973791,-0.08804804819740752,6,2acbb980472197539a865bdd457b5777669f0ca06cca13f5dfd82a053a2702c2
68,Trace-Anchored Reference,Standalone avoided cost,2,42,-294.8282045814194,-294.76632773930817,0.06187684211124633,79.82445634890246,79.91250439709984,79.91250439709987,-0.0880480481973791,-0.08804804819740752,6,2acbb980472197539a865bdd457b5777669f0ca06cca13f5dfd82a053a2702c2
68,Trace-Anchored Reference,Standalone avoided cost,3,80,-24.219072517516906,-24.21589437422032,0.003178143296587166,79.82445634890246,79.91250439709984,79.91250439709987,-0.0880480481973791,-0.08804804819740752,6,2acbb980472197539a865bdd457b5777669f0ca06cca13f5dfd82a053a2702c2
68,Trace-Anchored Reference,Standalone avoided cost,4,116,19.986314969166415,19.99781150056394,0.011496531397526155,79.82445634890246,79.91250439709984,79.91250439709987,-0.0880480481973791,-0.08804804819740752,6,2acbb980472197539a865bdd457b5777669f0ca06cca13f5dfd82a053a2702c2
68,Trace-Anchored Reference,Leave-one-out marginal,1,15,378.88541847865054,378.89691501006445,0.01149653141391127,79.91250439707437,79.91250439709984,79.91250439709987,-2.546585164964199e-11,-2.5494273359072395e-11,6,2acbb980472197539a865bdd457b5777669f0ca06cca13f5dfd82a053a2702c2
68,Trace-Anchored Reference,Leave-one-out marginal,2,42,-294.7401565332075,-294.76632773930817,0.026171206100684685,79.91250439707437,79.91250439709984,79.91250439709987,-2.546585164964199e-11,-2.5494273359072395e-11,6,2acbb980472197539a865bdd457b5777669f0ca06cca13f5dfd82a053a2702c2
68,Trace-Anchored Reference,Leave-one-out marginal,3,80,-24.219072517524182,-24.21589437422032,0.0031781433038631235,79.91250439707437,79.91250439709984,79.91250439709987,-2.546585164964199e-11,-2.5494273359072395e-11,6,2acbb980472197539a865bdd457b5777669f0ca06cca13f5dfd82a053a2702c2
68,Trace-Anchored Reference,Leave-one-out marginal,4,116,19.9863149691555,19.99781150056394,0.011496531408440092,79.91250439707437,79.91250439709984,79.91250439709987,-2.546585164964199e-11,-2.5494273359072395e-11,6,2acbb980472197539a865bdd457b5777669f0ca06cca13f5dfd82a053a2702c2
68,Trace-Anchored Reference,Exact Shapley net value,1,15,378.89691501006445,378.89691501006445,0.0,79.9125043970999,79.91250439709984,79.91250439709987,5.684341886080802e-14,2.842170943040401e-14,6,2acbb980472197539a865bdd457b5777669f0ca06cca13f5dfd82a053a2702c2
68,Trace-Anchored Reference,Exact Shapley net value,2,42,-294.76632773930817,-294.76632773930817,0.0,79.9125043970999,79.91250439709984,79.91250439709987,5.684341886080802e-14,2.842170943040401e-14,6,2acbb980472197539a865bdd457b5777669f0ca06cca13f5dfd82a053a2702c2
68,Trace-Anchored Reference,Exact Shapley net value,3,80,-24.21589437422032,-24.21589437422032,0.0,79.9125043970999,79.91250439709984,79.91250439709987,5.684341886080802e-14,2.842170943040401e-14,6,2acbb980472197539a865bdd457b5777669f0ca06cca13f5dfd82a053a2702c2
68,Trace-Anchored Reference,Exact Shapley net value,4,116,19.99781150056394,19.99781150056394,0.0,79.9125043970999,79.91250439709984,79.91250439709987,5.684341886080802e-14,2.842170943040401e-14,6,2acbb980472197539a865bdd457b5777669f0ca06cca13f5dfd82a053a2702c2
68,Risk-Constrained Convex Verifier,Nodal signed linear,1,15,347.5091840972378,378.89691501006445,31.38773091282667,-2.0783363265034964,-2.0783363265181833,79.91250439709987,1.468691834816127e-11,-81.99084072360336,6,2acbb980472197539a865bdd457b5777669f0ca06cca13f5dfd82a053a2702c2
68,Risk-Constrained Convex Verifier,Nodal signed linear,2,42,-349.362257239645,-294.76632773930817,54.59592950033681,-2.0783363265034964,-2.0783363265181833,79.91250439709987,1.468691834816127e-11,-81.99084072360336,6,2acbb980472197539a865bdd457b5777669f0ca06cca13f5dfd82a053a2702c2
68,Risk-Constrained Convex Verifier,Nodal signed linear,3,80,0.0,-24.21589437422032,24.21589437422032,-2.0783363265034964,-2.0783363265181833,79.91250439709987,1.468691834816127e-11,-81.99084072360336,6,2acbb980472197539a865bdd457b5777669f0ca06cca13f5dfd82a053a2702c2
68,Risk-Constrained Convex Verifier,Nodal signed linear,4,116,-0.22526318409629909,19.99781150056394,20.22307468466024,-2.0783363265034964,-2.0783363265181833,79.91250439709987,1.468691834816127e-11,-81.99084072360336,6,2acbb980472197539a865bdd457b5777669f0ca06cca13f5dfd82a053a2702c2
68,Risk-Constrained Convex Verifier,Standalone avoided cost,1,15,347.5091840972527,378.89691501006445,31.38773091281172,-2.0783363264999934,-2.0783363265181833,79.91250439709987,1.8189894035458565e-11,-81.99084072359986,6,2acbb980472197539a865bdd457b5777669f0ca06cca13f5dfd82a053a2702c2
68,Risk-Constrained Convex Verifier,Standalone avoided cost,2,42,-349.36225723964526,-294.76632773930817,54.59592950033709,-2.0783363264999934,-2.0783363265181833,79.91250439709987,1.8189894035458565e-11,-81.99084072359986,6,2acbb980472197539a865bdd457b5777669f0ca06cca13f5dfd82a053a2702c2
68,Risk-Constrained Convex Verifier,Standalone avoided cost,3,80,0.0,-24.21589437422032,24.21589437422032,-2.0783363264999934,-2.0783363265181833,79.91250439709987,1.8189894035458565e-11,-81.99084072359986,6,2acbb980472197539a865bdd457b5777669f0ca06cca13f5dfd82a053a2702c2
68,Risk-Constrained Convex Verifier,Standalone avoided cost,4,116,-0.2252631841074617,19.99781150056394,20.223074684671403,-2.0783363264999934,-2.0783363265181833,79.91250439709987,1.8189894035458565e-11,-81.99084072359986,6,2acbb980472197539a865bdd457b5777669f0ca06cca13f5dfd82a053a2702c2
68,Risk-Constrained Convex Verifier,Leave-one-out marginal,1,15,347.50918409722726,378.89691501006445,31.387730912837185,-2.078336326540011,-2.0783363265181833,79.91250439709987,-2.1827872842550278e-11,-81.99084072363988,6,2acbb980472197539a865bdd457b5777669f0ca06cca13f5dfd82a053a2702c2
68,Risk-Constrained Convex Verifier,Leave-one-out marginal,2,42,-349.3622572396671,-294.76632773930817,54.59592950035892,-2.078336326540011,-2.0783363265181833,79.91250439709987,-2.1827872842550278e-11,-81.99084072363988,6,2acbb980472197539a865bdd457b5777669f0ca06cca13f5dfd82a053a2702c2
68,Risk-Constrained Convex Verifier,Leave-one-out marginal,3,80,0.0,-24.21589437422032,24.21589437422032,-2.078336326540011,-2.0783363265181833,79.91250439709987,-2.1827872842550278e-11,-81.99084072363988,6,2acbb980472197539a865bdd457b5777669f0ca06cca13f5dfd82a053a2702c2
68,Risk-Constrained Convex Verifier,Leave-one-out marginal,4,116,-0.22526318410018575,19.99781150056394,20.223074684664127,-2.078336326540011,-2.0783363265181833,79.91250439709987,-2.1827872842550278e-11,-81.99084072363988,6,2acbb980472197539a865bdd457b5777669f0ca06cca13f5dfd82a053a2702c2
68,Risk-Constrained Convex Verifier,Exact Shapley net value,1,15,347.50918409724056,378.89691501006445,31.387730912823884,-2.078336326518258,-2.0783363265181833,79.91250439709987,-7.460698725481052e-14,-81.99084072361812,6,2acbb980472197539a865bdd457b5777669f0ca06cca13f5dfd82a053a2702c2
68,Risk-Constrained Convex Verifier,Exact Shapley net value,2,42,-349.3622572396556,-294.76632773930817,54.59592950034744,-2.078336326518258,-2.0783363265181833,79.91250439709987,-7.460698725481052e-14,-81.99084072361812,6,2acbb980472197539a865bdd457b5777669f0ca06cca13f5dfd82a053a2702c2
68,Risk-Constrained Convex Verifier,Exact Shapley net value,3,80,0.0,-24.21589437422032,24.21589437422032,-2.078336326518258,-2.0783363265181833,79.91250439709987,-7.460698725481052e-14,-81.99084072361812,6,2acbb980472197539a865bdd457b5777669f0ca06cca13f5dfd82a053a2702c2
68,Risk-Constrained Convex Verifier,Exact Shapley net value,4,116,-0.22526318410321622,19.99781150056394,20.223074684667157,-2.078336326518258,-2.0783363265181833,79.91250439709987,-7.460698725481052e-14,-81.99084072361812,6,2acbb980472197539a865bdd457b5777669f0ca06cca13f5dfd82a053a2702c2
69,Trace-Anchored Reference,Nodal signed linear,1,15,1037.0318591098119,1047.7772785108743,10.745419401062463,148.1036576186799,146.8221854445328,146.82218544453286,1.2814721741470976,1.2814721741470407,6,2acbb980472197539a865bdd457b5777669f0ca06cca13f5dfd82a053a2702c2
69,Trace-Anchored Reference,Nodal signed linear,2,42,-995.0477086363102,-1007.3431105886204,12.295401952310272,148.1036576186799,146.8221854445328,146.82218544453286,1.2814721741470976,1.2814721741470407,6,2acbb980472197539a865bdd457b5777669f0ca06cca13f5dfd82a053a2702c2
69,Trace-Anchored Reference,Nodal signed linear,3,80,30.938909714953965,30.918574682055496,0.020335032898469052,148.1036576186799,146.8221854445328,146.82218544453286,1.2814721741470976,1.2814721741470407,6,2acbb980472197539a865bdd457b5777669f0ca06cca13f5dfd82a053a2702c2
69,Trace-Anchored Reference,Nodal signed linear,4,116,75.18059743022425,75.46944284022355,0.288845409999297,148.1036576186799,146.8221854445328,146.82218544453286,1.2814721741470976,1.2814721741470407,6,2acbb980472197539a865bdd457b5777669f0ca06cca13f5dfd82a053a2702c2
69,Trace-Anchored Reference,Standalone avoided cost,1,15,1031.3936903026843,1047.7772785108743,16.383588208190076,112.77559977380224,146.8221854445328,146.82218544453286,-34.046585670730565,-34.04658567073062,6,2acbb980472197539a865bdd457b5777669f0ca06cca13f5dfd82a053a2702c2
69,Trace-Anchored Reference,Standalone avoided cost,2,42,-1024.7375976740732,-1007.3431105886204,17.394487085452738,112.77559977380224,146.8221854445328,146.82218544453286,-34.046585670730565,-34.04658567073062,6,2acbb980472197539a865bdd457b5777669f0ca06cca13f5dfd82a053a2702c2
69,Trace-Anchored Reference,Standalone avoided cost,3,80,30.938909714957845,30.918574682055496,0.020335032902348615,112.77559977380224,146.8221854445328,146.82218544453286,-34.046585670730565,-34.04658567073062,6,2acbb980472197539a865bdd457b5777669f0ca06cca13f5dfd82a053a2702c2
69,Trace-Anchored Reference,Standalone avoided cost,4,116,75.18059743023332,75.46944284022355,0.28884540999023045,112.77559977380224,146.8221854445328,146.82218544453286,-34.046585670730565,-34.04658567073062,6,2acbb980472197539a865bdd457b5777669f0ca06cca13f5dfd82a053a2702c2
69,Trace-Anchored Reference,Leave-one-out marginal,1,15,1064.0430636475576,1047.7772785108743,16.265785136683235,180.51536190075058,146.8221854445328,146.82218544453286,33.69317645621777,33.693176456217714,6,2acbb980472197539a865bdd457b5777669f0ca06cca13f5dfd82a053a2702c2
69,Trace-Anchored Reference,Leave-one-out marginal,2,42,-990.0664265746636,-1007.3431105886204,17.27668401395681,180.51536190075058,146.8221854445328,146.82218544453286,33.69317645621777,33.693176456217714,6,2acbb980472197539a865bdd457b5777669f0ca06cca13f5dfd82a053a2702c2
69,Trace-Anchored Reference,Leave-one-out marginal,3,80,31.104713110617013,30.918574682055496,0.18613842856151663,180.51536190075058,146.8221854445328,146.82218544453286,33.69317645621777,33.693176456217714,6,2acbb980472197539a865bdd457b5777669f0ca06cca13f5dfd82a053a2702c2
69,Trace-Anchored Reference,Leave-one-out marginal,4,116,75.43401171723963,75.46944284022355,0.03543112298392259,180.51536190075058,146.8221854445328,146.82218544453286,33.69317645621777,33.693176456217714,6,2acbb980472197539a865bdd457b5777669f0ca06cca13f5dfd82a053a2702c2
69,Trace-Anchored Reference,Exact Shapley net value,1,15,1047.7772785108743,1047.7772785108743,0.0,146.82218544453292,146.8221854445328,146.82218544453286,1.1368683772161603e-13,5.684341886080802e-14,6,2acbb980472197539a865bdd457b5777669f0ca06cca13f5dfd82a053a2702c2
69,Trace-Anchored Reference,Exact Shapley net value,2,42,-1007.3431105886204,-1007.3431105886204,0.0,146.82218544453292,146.8221854445328,146.82218544453286,1.1368683772161603e-13,5.684341886080802e-14,6,2acbb980472197539a865bdd457b5777669f0ca06cca13f5dfd82a053a2702c2
69,Trace-Anchored Reference,Exact Shapley net value,3,80,30.918574682055496,30.918574682055496,0.0,146.82218544453292,146.8221854445328,146.82218544453286,1.1368683772161603e-13,5.684341886080802e-14,6,2acbb980472197539a865bdd457b5777669f0ca06cca13f5dfd82a053a2702c2
69,Trace-Anchored Reference,Exact Shapley net value,4,116,75.46944284022355,75.46944284022355,0.0,146.82218544453292,146.8221854445328,146.82218544453286,1.1368683772161603e-13,5.684341886080802e-14,6,2acbb980472197539a865bdd457b5777669f0ca06cca13f5dfd82a053a2702c2
69,Risk-Constrained Convex Verifier,Nodal signed linear,1,15,1006.9468265006784,1047.7772785108743,40.83045201019593,-12.771435356182304,-14.73678565595037,146.82218544453286,1.9653502997680672,-159.59362080071517,6,2acbb980472197539a865bdd457b5777669f0ca06cca13f5dfd82a053a2702c2
69,Risk-Constrained Convex Verifier,Nodal signed linear,2,42,-1019.4971376928468,-1007.3431105886204,12.154027104226316,-12.771435356182304,-14.73678565595037,146.82218544453286,1.9653502997680672,-159.59362080071517,6,2acbb980472197539a865bdd457b5777669f0ca06cca13f5dfd82a053a2702c2
69,Risk-Constrained Convex Verifier,Nodal signed linear,3,80,-0.2211241640139522,30.918574682055496,31.139698846069447,-12.771435356182304,-14.73678565595037,146.82218544453286,1.9653502997680672,-159.59362080071517,6,2acbb980472197539a865bdd457b5777669f0ca06cca13f5dfd82a053a2702c2
69,Risk-Constrained Convex Verifier,Nodal signed linear,4,116,0.0,75.46944284022355,75.46944284022355,-12.771435356182304,-14.73678565595037,146.82218544453286,1.9653502997680672,-159.59362080071517,6,2acbb980472197539a865bdd457b5777669f0ca06cca13f5dfd82a053a2702c2
69,Risk-Constrained Convex Verifier,Standalone avoided cost,1,15,1004.3617330347006,1047.7772785108743,43.41554547617375,-49.340406555191294,-14.73678565595037,146.82218544453286,-34.60362089924092,-196.16259199972416,6,2acbb980472197539a865bdd457b5777669f0ca06cca13f5dfd82a053a2702c2
69,Risk-Constrained Convex Verifier,Standalone avoided cost,2,42,-1053.481015425874,-1007.3431105886204,46.13790483725347,-49.340406555191294,-14.73678565595037,146.82218544453286,-34.60362089924092,-196.16259199972416,6,2acbb980472197539a865bdd457b5777669f0ca06cca13f5dfd82a053a2702c2
69,Risk-Constrained Convex Verifier,Standalone avoided cost,3,80,-0.2211241640143271,30.918574682055496,31.139698846069823,-49.340406555191294,-14.73678565595037,146.82218544453286,-34.60362089924092,-196.16259199972416,6,2acbb980472197539a865bdd457b5777669f0ca06cca13f5dfd82a053a2702c2
69,Risk-Constrained Convex Verifier,Standalone avoided cost,4,116,-3.637978807091713e-12,75.46944284022355,75.46944284022719,-49.340406555191294,-14.73678565595037,146.82218544453286,-34.60362089924092,-196.16259199972416,6,2acbb980472197539a865bdd457b5777669f0ca06cca13f5dfd82a053a2702c2
69,Risk-Constrained Convex Verifier,Leave-one-out marginal,1,15,1038.9653539339342,1047.7772785108743,8.8119245769401,19.866835243276,-14.73678565595037,146.82218544453286,34.60362089922637,-126.95535020125686,6,2acbb980472197539a865bdd457b5777669f0ca06cca13f5dfd82a053a2702c2
69,Risk-Constrained Convex Verifier,Leave-one-out marginal,2,42,-1018.8773945266403,-1007.3431105886204,11.534283938019826,19.866835243276,-14.73678565595037,146.82218544453286,34.60362089922637,-126.95535020125686,6,2acbb980472197539a865bdd457b5777669f0ca06cca13f5dfd82a053a2702c2
69,Risk-Constrained Convex Verifier,Leave-one-out marginal,3,80,-0.2211241640143271,30.918574682055496,31.139698846069823,19.866835243276,-14.73678565595037,146.82218544453286,34.60362089922637,-126.95535020125686,6,2acbb980472197539a865bdd457b5777669f0ca06cca13f5dfd82a053a2702c2
69,Risk-Constrained Convex Verifier,Leave-one-out marginal,4,116,-3.637978807091713e-12,75.46944284022355,75.46944284022719,19.866835243276,-14.73678565595037,146.82218544453286,34.60362089922637,-126.95535020125686,6,2acbb980472197539a865bdd457b5777669f0ca06cca13f5dfd82a053a2702c2
69,Risk-Constrained Convex Verifier,Exact Shapley net value,1,15,1021.6635434843198,1047.7772785108743,26.113735026554536,-14.73678565595056,-14.73678565595037,146.82218544453286,-1.900701818158268e-13,-161.55897110048343,6,2acbb980472197539a865bdd457b5777669f0ca06cca13f5dfd82a053a2702c2
69,Risk-Constrained Convex Verifier,Exact Shapley net value,2,42,-1036.1792049762548,-1007.3431105886204,28.836094387634375,-14.73678565595056,-14.73678565595037,146.82218544453286,-1.900701818158268e-13,-161.55897110048343,6,2acbb980472197539a865bdd457b5777669f0ca06cca13f5dfd82a053a2702c2
69,Risk-Constrained Convex Verifier,Exact Shapley net value,3,80,-0.2211241640143271,30.918574682055496,31.139698846069823,-14.73678565595056,-14.73678565595037,146.82218544453286,-1.900701818158268e-13,-161.55897110048343,6,2acbb980472197539a865bdd457b5777669f0ca06cca13f5dfd82a053a2702c2
69,Risk-Constrained Convex Verifier,Exact Shapley net value,4,116,-1.212807632100521e-12,75.46944284022355,75.46944284022476,-14.73678565595056,-14.73678565595037,146.82218544453286,-1.900701818158268e-13,-161.55897110048343,6,2acbb980472197539a865bdd457b5777669f0ca06cca13f5dfd82a053a2702c2
70,Trace-Anchored Reference,Nodal signed linear,1,15,709.9469774825488,723.9288502935444,13.981872810995583,73.50832191494246,68.93063527867344,68.9306352786734,4.577686636269021,4.57768663626905,6,2acbb980472197539a865bdd457b5777669f0ca06cca13f5dfd82a053a2702c2
70,Trace-Anchored Reference,Nodal signed linear,2,42,-676.7049617481307,-695.7608282660931,19.055866517962386,73.50832191494246,68.93063527867344,68.9306352786734,4.577686636269021,4.57768663626905,6,2acbb980472197539a865bdd457b5777669f0ca06cca13f5dfd82a053a2702c2
70,Trace-Anchored Reference,Nodal signed linear,3,80,19.240303727410236,19.303199844671326,0.06289611726109001,73.50832191494246,68.93063527867344,68.9306352786734,4.577686636269021,4.57768663626905,6,2acbb980472197539a865bdd457b5777669f0ca06cca13f5dfd82a053a2702c2
70,Trace-Anchored Reference,Nodal signed linear,4,116,21.026002453114067,21.459413406550688,0.4334109534366206,73.50832191494246,68.93063527867344,68.9306352786734,4.577686636269021,4.57768663626905,6,2acbb980472197539a865bdd457b5777669f0ca06cca13f5dfd82a053a2702c2
70,Trace-Anchored Reference,Standalone avoided cost,1,15,709.9469774825557,723.9288502935444,13.981872810988762,39.70163959798083,68.93063527867344,68.9306352786734,-29.228995680692606,-29.228995680692577,6,2acbb980472197539a865bdd457b5777669f0ca06cca13f5dfd82a053a2702c2
70,Trace-Anchored Reference,Standalone avoided cost,2,42,-710.5116440651,-695.7608282660931,14.750815799006887,39.70163959798083,68.93063527867344,68.9306352786734,-29.228995680692606,-29.228995680692577,6,2acbb980472197539a865bdd457b5777669f0ca06cca13f5dfd82a053a2702c2
70,Trace-Anchored Reference,Standalone avoided cost,3,80,19.2403037274089,19.303199844671326,0.06289611726242583,39.70163959798083,68.93063527867344,68.9306352786734,-29.228995680692606,-29.228995680692577,6,2acbb980472197539a865bdd457b5777669f0ca06cca13f5dfd82a053a2702c2
70,Trace-Anchored Reference,Standalone avoided cost,4,116,21.026002453116234,21.459413406550688,0.43341095343445346,39.70163959798083,68.93063527867344,68.9306352786734,-29.228995680692606,-29.228995680692577,6,2acbb980472197539a865bdd457b5777669f0ca06cca13f5dfd82a053a2702c2
70,Trace-Anchored Reference,Leave-one-out marginal,1,15,737.6380871872243,723.9288502935444,13.709236893679872,97.34172320743892,68.93063527867344,68.9306352786734,28.411087928765483,28.41108792876551,6,2acbb980472197539a865bdd457b5777669f0ca06cca13f5dfd82a053a2702c2
70,Trace-Anchored Reference,Leave-one-out marginal,2,42,-681.2826483843928,-695.7608282660931,14.478179881700271,97.34172320743892,68.93063527867344,68.9306352786734,28.411087928765483,28.41108792876551,6,2acbb980472197539a865bdd457b5777669f0ca06cca13f5dfd82a053a2702c2
70,Trace-Anchored Reference,Leave-one-out marginal,3,80,19.33464790330254,19.303199844671326,0.031448058631212916,97.34172320743892,68.93063527867344,68.9306352786734,28.411087928765483,28.41108792876551,6,2acbb980472197539a865bdd457b5777669f0ca06cca13f5dfd82a053a2702c2
70,Trace-Anchored Reference,Leave-one-out marginal,4,116,21.651636501304893,21.459413406550688,0.19222309475420474,97.34172320743892,68.93063527867344,68.9306352786734,28.411087928765483,28.41108792876551,6,2acbb980472197539a865bdd457b5777669f0ca06cca13f5dfd82a053a2702c2
70,Trace-Anchored Reference,Exact Shapley net value,1,15,723.9288502935444,723.9288502935444,0.0,68.93063527867335,68.93063527867344,68.9306352786734,-8.526512829121202e-14,-5.684341886080802e-14,6,2acbb980472197539a865bdd457b5777669f0ca06cca13f5dfd82a053a2702c2
70,Trace-Anchored Reference,Exact Shapley net value,2,42,-695.7608282660931,-695.7608282660931,0.0,68.93063527867335,68.93063527867344,68.9306352786734,-8.526512829121202e-14,-5.684341886080802e-14,6,2acbb980472197539a865bdd457b5777669f0ca06cca13f5dfd82a053a2702c2
70,Trace-Anchored Reference,Exact Shapley net value,3,80,19.303199844671326,19.303199844671326,0.0,68.93063527867335,68.93063527867344,68.9306352786734,-8.526512829121202e-14,-5.684341886080802e-14,6,2acbb980472197539a865bdd457b5777669f0ca06cca13f5dfd82a053a2702c2
70,Trace-Anchored Reference,Exact Shapley net value,4,116,21.459413406550688,21.459413406550688,0.0,68.93063527867335,68.93063527867344,68.9306352786734,-8.526512829121202e-14,-5.684341886080802e-14,6,2acbb980472197539a865bdd457b5777669f0ca06cca13f5dfd82a053a2702c2
70,Risk-Constrained Convex Verifier,Nodal signed linear,1,15,692.8140504361854,723.9288502935444,31.114799857359003,-6.573527571356863,-11.151214207628072,68.9306352786734,4.57768663627121,-75.50416285003027,6,2acbb980472197539a865bdd457b5777669f0ca06cca13f5dfd82a053a2702c2
70,Risk-Constrained Convex Verifier,Nodal signed linear,2,42,-699.3875780075423,-695.7608282660931,3.6267497414492027,-6.573527571356863,-11.151214207628072,68.9306352786734,4.57768663627121,-75.50416285003027,6,2acbb980472197539a865bdd457b5777669f0ca06cca13f5dfd82a053a2702c2
70,Risk-Constrained Convex Verifier,Nodal signed linear,3,80,0.0,19.303199844671326,19.303199844671326,-6.573527571356863,-11.151214207628072,68.9306352786734,4.57768663627121,-75.50416285003027,6,2acbb980472197539a865bdd457b5777669f0ca06cca13f5dfd82a053a2702c2
70,Risk-Constrained Convex Verifier,Nodal signed linear,4,116,0.0,21.459413406550688,21.459413406550688,-6.573527571356863,-11.151214207628072,68.9306352786734,4.57768663627121,-75.50416285003027,6,2acbb980472197539a865bdd457b5777669f0ca06cca13f5dfd82a053a2702c2
70,Risk-Constrained Convex Verifier,Standalone avoided cost,1,15,692.81405043618,723.9288502935444,31.11479985736446,-38.3997905201104,-11.151214207628072,68.9306352786734,-27.248576312482328,-107.3304257987838,6,2acbb980472197539a865bdd457b5777669f0ca06cca13f5dfd82a053a2702c2
70,Risk-Constrained Convex Verifier,Standalone avoided cost,2,42,-731.2138409562904,-695.7608282660931,35.45301269019728,-38.3997905201104,-11.151214207628072,68.9306352786734,-27.248576312482328,-107.3304257987838,6,2acbb980472197539a865bdd457b5777669f0ca06cca13f5dfd82a053a2702c2
70,Risk-Constrained Convex Verifier,Standalone avoided cost,3,80,0.0,19.303199844671326,19.303199844671326,-38.3997905201104,-11.151214207628072,68.9306352786734,-27.248576312482328,-107.3304257987838,6,2acbb980472197539a865bdd457b5777669f0ca06cca13f5dfd82a053a2702c2
70,Risk-Constrained Convex Verifier,Standalone avoided cost,4,116,0.0,21.459413406550688,21.459413406550688,-38.3997905201104,-11.151214207628072,68.9306352786734,-27.248576312482328,-107.3304257987838,6,2acbb980472197539a865bdd457b5777669f0ca06cca13f5dfd82a053a2702c2
70,Risk-Constrained Convex Verifier,Leave-one-out marginal,1,15,720.0626267486623,723.9288502935444,3.866223544882132,16.097362104854255,-11.151214207628072,68.9306352786734,27.248576312482328,-52.83327317381915,6,2acbb980472197539a865bdd457b5777669f0ca06cca13f5dfd82a053a2702c2
70,Risk-Constrained Convex Verifier,Leave-one-out marginal,2,42,-703.965264643808,-695.7608282660931,8.204436377714956,16.097362104854255,-11.151214207628072,68.9306352786734,27.248576312482328,-52.83327317381915,6,2acbb980472197539a865bdd457b5777669f0ca06cca13f5dfd82a053a2702c2
70,Risk-Constrained Convex Verifier,Leave-one-out marginal,3,80,0.0,19.303199844671326,19.303199844671326,16.097362104854255,-11.151214207628072,68.9306352786734,27.248576312482328,-52.83327317381915,6,2acbb980472197539a865bdd457b5777669f0ca06cca13f5dfd82a053a2702c2
70,Risk-Constrained Convex Verifier,Leave-one-out marginal,4,116,0.0,21.459413406550688,21.459413406550688,16.097362104854255,-11.151214207628072,68.9306352786734,27.248576312482328,-52.83327317381915,6,2acbb980472197539a865bdd457b5777669f0ca06cca13f5dfd82a053a2702c2
70,Risk-Constrained Convex Verifier,Exact Shapley net value,1,15,706.4383385924211,723.9288502935444,17.490511701123296,-11.151214207628072,-11.151214207628072,68.9306352786734,0.0,-80.08184948630148,6,2acbb980472197539a865bdd457b5777669f0ca06cca13f5dfd82a053a2702c2
70,Risk-Constrained Convex Verifier,Exact Shapley net value,2,42,-717.5895528000492,-695.7608282660931,21.82872453395612,-11.151214207628072,-11.151214207628072,68.9306352786734,0.0,-80.08184948630148,6,2acbb980472197539a865bdd457b5777669f0ca06cca13f5dfd82a053a2702c2
70,Risk-Constrained Convex Verifier,Exact Shapley net value,3,80,0.0,19.303199844671326,19.303199844671326,-11.151214207628072,-11.151214207628072,68.9306352786734,0.0,-80.08184948630148,6,2acbb980472197539a865bdd457b5777669f0ca06cca13f5dfd82a053a2702c2
70,Risk-Constrained Convex Verifier,Exact Shapley net value,4,116,0.0,21.459413406550688,21.459413406550688,-11.151214207628072,-11.151214207628072,68.9306352786734,0.0,-80.08184948630148,6,2acbb980472197539a865bdd457b5777669f0ca06cca13f5dfd82a053a2702c2
71,Trace-Anchored Reference,Nodal signed linear,1,15,1394.885345596755,1392.9255817717667,1.9597638249883857,1643.331101563239,1640.9314297975834,1640.9314297975834,2.399671765655512,2.399671765655512,6,2acbb980472197539a865bdd457b5777669f0ca06cca13f5dfd82a053a2702c2
71,Trace-Anchored Reference,Nodal signed linear,2,42,-656.5317230405365,-657.6730847695388,1.1413617290023694,1643.331101563239,1640.9314297975834,1640.9314297975834,2.399671765655512,2.399671765655512,6,2acbb980472197539a865bdd457b5777669f0ca06cca13f5dfd82a053a2702c2
71,Trace-Anchored Reference,Nodal signed linear,3,80,506.77649527352446,506.81234656912267,0.035851295598206434,1643.331101563239,1640.9314297975834,1640.9314297975834,2.399671765655512,2.399671765655512,6,2acbb980472197539a865bdd457b5777669f0ca06cca13f5dfd82a053a2702c2
71,Trace-Anchored Reference,Nodal signed linear,4,116,398.2009837334957,398.866586226233,0.6656024927372641,1643.331101563239,1640.9314297975834,1640.9314297975834,2.399671765655512,2.399671765655512,6,2acbb980472197539a865bdd457b5777669f0ca06cca13f5dfd82a053a2702c2
71,Trace-Anchored Reference,Standalone avoided cost,1,15,1389.7206823437773,1392.9255817717667,3.204899427989403,1624.5360474700028,1640.9314297975834,1640.9314297975834,-16.39538232758059,-16.39538232758059,6,2acbb980472197539a865bdd457b5777669f0ca06cca13f5dfd82a053a2702c2
71,Trace-Anchored Reference,Standalone avoided cost,2,42,-669.8306621194934,-657.6730847695388,12.157577349954522,1624.5360474700028,1640.9314297975834,1640.9314297975834,-16.39538232758059,-16.39538232758059,6,2acbb980472197539a865bdd457b5777669f0ca06cca13f5dfd82a053a2702c2
71,Trace-Anchored Reference,Standalone avoided cost,3,80,506.6378702113543,506.81234656912267,0.17447635776835568,1624.5360474700028,1640.9314297975834,1640.9314297975834,-16.39538232758059,-16.39538232758059,6,2acbb980472197539a865bdd457b5777669f0ca06cca13f5dfd82a053a2702c2
71,Trace-Anchored Reference,Standalone avoided cost,4,116,398.00815703436456,398.866586226233,0.8584291918684244,1624.5360474700028,1640.9314297975834,1640.9314297975834,-16.39538232758059,-16.39538232758059,6,2acbb980472197539a865bdd457b5777669f0ca06cca13f5dfd82a053a2702c2
71,Trace-Anchored Reference,Leave-one-out marginal,1,15,1393.2020334905537,1392.9255817717667,0.2764517187870297,1647.1510189123474,1640.9314297975834,1640.9314297975834,6.219589114763949,6.219589114763949,6,2acbb980472197539a865bdd457b5777669f0ca06cca13f5dfd82a053a2702c2
71,Trace-Anchored Reference,Leave-one-out marginal,2,42,-649.3970357109429,-657.6730847695388,8.276049058595959,1647.1510189123474,1640.9314297975834,1640.9314297975834,6.219589114763949,6.219589114763949,6,2acbb980472197539a865bdd457b5777669f0ca06cca13f5dfd82a053a2702c2
71,Trace-Anchored Reference,Leave-one-out marginal,3,80,505.9248670824636,506.81234656912267,0.8874794866590605,1647.1510189123474,1640.9314297975834,1640.9314297975834,6.219589114763949,6.219589114763949,6,2acbb980472197539a865bdd457b5777669f0ca06cca13f5dfd82a053a2702c2
71,Trace-Anchored Reference,Leave-one-out marginal,4,116,397.4211540502729,398.866586226233,1.445432175960093,1647.1510189123474,1640.9314297975834,1640.9314297975834,6.219589114763949,6.219589114763949,6,2acbb980472197539a865bdd457b5777669f0ca06cca13f5dfd82a053a2702c2
71,Trace-Anchored Reference,Exact Shapley net value,1,15,1392.9255817717667,1392.9255817717667,0.0,1640.9314297975836,1640.9314297975834,1640.9314297975834,2.2737367544323206e-13,2.2737367544323206e-13,6,2acbb980472197539a865bdd457b5777669f0ca06cca13f5dfd82a053a2702c2
71,Trace-Anchored Reference,Exact Shapley net value,2,42,-657.6730847695388,-657.6730847695388,0.0,1640.9314297975836,1640.9314297975834,1640.9314297975834,2.2737367544323206e-13,2.2737367544323206e-13,6,2acbb980472197539a865bdd457b5777669f0ca06cca13f5dfd82a053a2702c2
71,Trace-Anchored Reference,Exact Shapley net value,3,80,506.81234656912267,506.81234656912267,0.0,1640.9314297975836,1640.9314297975834,1640.9314297975834,2.2737367544323206e-13,2.2737367544323206e-13,6,2acbb980472197539a865bdd457b5777669f0ca06cca13f5dfd82a053a2702c2
71,Trace-Anchored Reference,Exact Shapley net value,4,116,398.866586226233,398.866586226233,0.0,1640.9314297975836,1640.9314297975834,1640.9314297975834,2.2737367544323206e-13,2.2737367544323206e-13,6,2acbb980472197539a865bdd457b5777669f0ca06cca13f5dfd82a053a2702c2
71,Risk-Constrained Convex Verifier,Nodal signed linear,1,15,965.7520790828045,1392.9255817717667,427.17350268896223,-13.426388940096672,-16.039541518424812,1640.9314297975834,2.6131525783281404,-1654.3578187376802,6,2acbb980472197539a865bdd457b5777669f0ca06cca13f5dfd82a053a2702c2
71,Risk-Constrained Convex Verifier,Nodal signed linear,2,42,-979.1784680229011,-657.6730847695388,321.5053832533623,-13.426388940096672,-16.039541518424812,1640.9314297975834,2.6131525783281404,-1654.3578187376802,6,2acbb980472197539a865bdd457b5777669f0ca06cca13f5dfd82a053a2702c2
71,Risk-Constrained Convex Verifier,Nodal signed linear,3,80,0.0,506.81234656912267,506.81234656912267,-13.426388940096672,-16.039541518424812,1640.9314297975834,2.6131525783281404,-1654.3578187376802,6,2acbb980472197539a865bdd457b5777669f0ca06cca13f5dfd82a053a2702c2
71,Risk-Constrained Convex Verifier,Nodal signed linear,4,116,0.0,398.866586226233,398.866586226233,-13.426388940096672,-16.039541518424812,1640.9314297975834,2.6131525783281404,-1654.3578187376802,6,2acbb980472197539a865bdd457b5777669f0ca06cca13f5dfd82a053a2702c2
71,Risk-Constrained Convex Verifier,Standalone avoided cost,1,15,961.3864198642441,1392.9255817717667,431.5391619075226,-27.35041187941897,-16.039541518424812,1640.9314297975834,-11.310870360994159,-1668.2818416770024,6,2acbb980472197539a865bdd457b5777669f0ca06cca13f5dfd82a053a2702c2
71,Risk-Constrained Convex Verifier,Standalone avoided cost,2,42,-988.7368317436631,-657.6730847695388,331.06374697412423,-27.35041187941897,-16.039541518424812,1640.9314297975834,-11.310870360994159,-1668.2818416770024,6,2acbb980472197539a865bdd457b5777669f0ca06cca13f5dfd82a053a2702c2
71,Risk-Constrained Convex Verifier,Standalone avoided cost,3,80,0.0,506.81234656912267,506.81234656912267,-27.35041187941897,-16.039541518424812,1640.9314297975834,-11.310870360994159,-1668.2818416770024,6,2acbb980472197539a865bdd457b5777669f0ca06cca13f5dfd82a053a2702c2
71,Risk-Constrained Convex Verifier,Standalone avoided cost,4,116,0.0,398.866586226233,398.866586226233,-27.35041187941897,-16.039541518424812,1640.9314297975834,-11.310870360994159,-1668.2818416770024,6,2acbb980472197539a865bdd457b5777669f0ca06cca13f5dfd82a053a2702c2
71,Risk-Constrained Convex Verifier,Leave-one-out marginal,1,15,972.6972902252382,1392.9255817717667,420.22829154652845,-4.728671157430654,-16.039541518424812,1640.9314297975834,11.310870360994159,-1645.660100955014,6,2acbb980472197539a865bdd457b5777669f0ca06cca13f5dfd82a053a2702c2
71,Risk-Constrained Convex Verifier,Leave-one-out marginal,2,42,-977.4259613826689,-657.6730847695388,319.75287661313007,-4.728671157430654,-16.039541518424812,1640.9314297975834,11.310870360994159,-1645.660100955014,6,2acbb980472197539a865bdd457b5777669f0ca06cca13f5dfd82a053a2702c2
71,Risk-Constrained Convex Verifier,Leave-one-out marginal,3,80,0.0,506.81234656912267,506.81234656912267,-4.728671157430654,-16.039541518424812,1640.9314297975834,11.310870360994159,-1645.660100955014,6,2acbb980472197539a865bdd457b5777669f0ca06cca13f5dfd82a053a2702c2
71,Risk-Constrained Convex Verifier,Leave-one-out marginal,4,116,0.0,398.866586226233,398.866586226233,-4.728671157430654,-16.039541518424812,1640.9314297975834,11.310870360994159,-1645.660100955014,6,2acbb980472197539a865bdd457b5777669f0ca06cca13f5dfd82a053a2702c2
71,Risk-Constrained Convex Verifier,Exact Shapley net value,1,15,967.0418550447412,1392.9255817717667,425.88372672702553,-16.039541518424812,-16.039541518424812,1640.9314297975834,0.0,-1656.9709713160082,6,2acbb980472197539a865bdd457b5777669f0ca06cca13f5dfd82a053a2702c2
71,Risk-Constrained Convex Verifier,Exact Shapley net value,2,42,-983.081396563166,-657.6730847695388,325.40831179362715,-16.039541518424812,-16.039541518424812,1640.9314297975834,0.0,-1656.9709713160082,6,2acbb980472197539a865bdd457b5777669f0ca06cca13f5dfd82a053a2702c2
71,Risk-Constrained Convex Verifier,Exact Shapley net value,3,80,0.0,506.81234656912267,506.81234656912267,-16.039541518424812,-16.039541518424812,1640.9314297975834,0.0,-1656.9709713160082,6,2acbb980472197539a865bdd457b5777669f0ca06cca13f5dfd82a053a2702c2
71,Risk-Constrained Convex Verifier,Exact Shapley net value,4,116,0.0,398.866586226233,398.866586226233,-16.039541518424812,-16.039541518424812,1640.9314297975834,0.0,-1656.9709713160082,6,2acbb980472197539a865bdd457b5777669f0ca06cca13f5dfd82a053a2702c2
72,Trace-Anchored Reference,Nodal signed linear,1,15,720.8626797171898,721.7550559031112,0.8923761859213073,279.0287725024432,279.02877250243546,279.02877250243546,7.73070496506989e-12,7.73070496506989e-12,6,2acbb980472197539a865bdd457b5777669f0ca06cca13f5dfd82a053a2702c2
72,Trace-Anchored Reference,Nodal signed linear,2,42,-590.1571616877521,-591.0727966054312,0.9156349176790854,279.0287725024432,279.02877250243546,279.02877250243546,7.73070496506989e-12,7.73070496506989e-12,6,2acbb980472197539a865bdd457b5777669f0ca06cca13f5dfd82a053a2702c2
72,Trace-Anchored Reference,Nodal signed linear,3,80,69.66450502390374,69.67289965958389,0.008394635680147644,279.0287725024432,279.02877250243546,279.02877250243546,7.73070496506989e-12,7.73070496506989e-12,6,2acbb980472197539a865bdd457b5777669f0ca06cca13f5dfd82a053a2702c2
72,Trace-Anchored Reference,Nodal signed linear,4,116,78.65874944910172,78.67361354517166,0.014864096069942434,279.0287725024432,279.02877250243546,279.02877250243546,7.73070496506989e-12,7.73070496506989e-12,6,2acbb980472197539a865bdd457b5777669f0ca06cca13f5dfd82a053a2702c2
72,Trace-Anchored Reference,Standalone avoided cost,1,15,719.8458685422229,721.7550559031112,1.909187360888268,275.03390734769346,279.02877250243546,279.02877250243546,-3.9948651547420013,-3.9948651547420013,6,2acbb980472197539a865bdd457b5777669f0ca06cca13f5dfd82a053a2702c2
72,Trace-Anchored Reference,Standalone avoided cost,2,42,-593.1352156675275,-591.0727966054312,2.0624190620962963,275.03390734769346,279.02877250243546,279.02877250243546,-3.9948651547420013,-3.9948651547420013,6,2acbb980472197539a865bdd457b5777669f0ca06cca13f5dfd82a053a2702c2
72,Trace-Anchored Reference,Standalone avoided cost,3,80,69.66450502389853,69.67289965958389,0.008394635685363028,275.03390734769346,279.02877250243546,279.02877250243546,-3.9948651547420013,-3.9948651547420013,6,2acbb980472197539a865bdd457b5777669f0ca06cca13f5dfd82a053a2702c2
72,Trace-Anchored Reference,Standalone avoided cost,4,116,78.65874944909956,78.67361354517166,0.014864096072102484,275.03390734769346,279.02877250243546,279.02877250243546,-3.9948651547420013,-3.9948651547420013,6,2acbb980472197539a865bdd457b5777669f0ca06cca13f5dfd82a053a2702c2
72,Trace-Anchored Reference,Leave-one-out marginal,1,15,723.6177258004827,721.7550559031112,1.8626698973715747,282.88408526663625,279.02877250243546,279.02877250243546,3.8553127642007894,3.8553127642007894,6,2acbb980472197539a865bdd457b5777669f0ca06cca13f5dfd82a053a2702c2
72,Trace-Anchored Reference,Leave-one-out marginal,2,42,-589.0568950068555,-591.0727966054312,2.015901598575738,282.88408526663625,279.02877250243546,279.02877250243546,3.8553127642007894,3.8553127642007894,6,2acbb980472197539a865bdd457b5777669f0ca06cca13f5dfd82a053a2702c2
72,Trace-Anchored Reference,Leave-one-out marginal,3,80,69.6645050239058,69.67289965958389,0.00839463567808707,282.88408526663625,279.02877250243546,279.02877250243546,3.8553127642007894,3.8553127642007894,6,2acbb980472197539a865bdd457b5777669f0ca06cca13f5dfd82a053a2702c2
72,Trace-Anchored Reference,Leave-one-out marginal,4,116,78.6587494491032,78.67361354517166,0.014864096068464505,282.88408526663625,279.02877250243546,279.02877250243546,3.8553127642007894,3.8553127642007894,6,2acbb980472197539a865bdd457b5777669f0ca06cca13f5dfd82a053a2702c2
72,Trace-Anchored Reference,Exact Shapley net value,1,15,721.7550559031112,721.7550559031112,0.0,279.02877250243546,279.02877250243546,279.02877250243546,0.0,0.0,6,2acbb980472197539a865bdd457b5777669f0ca06cca13f5dfd82a053a2702c2
72,Trace-Anchored Reference,Exact Shapley net value,2,42,-591.0727966054312,-591.0727966054312,0.0,279.02877250243546,279.02877250243546,279.02877250243546,0.0,0.0,6,2acbb980472197539a865bdd457b5777669f0ca06cca13f5dfd82a053a2702c2
72,Trace-Anchored Reference,Exact Shapley net value,3,80,69.67289965958389,69.67289965958389,0.0,279.02877250243546,279.02877250243546,279.02877250243546,0.0,0.0,6,2acbb980472197539a865bdd457b5777669f0ca06cca13f5dfd82a053a2702c2
72,Trace-Anchored Reference,Exact Shapley net value,4,116,78.67361354517166,78.67361354517166,0.0,279.02877250243546,279.02877250243546,279.02877250243546,0.0,0.0,6,2acbb980472197539a865bdd457b5777669f0ca06cca13f5dfd82a053a2702c2
72,Risk-Constrained Convex Verifier,Nodal signed linear,1,15,623.0436705558292,721.7550559031112,98.71138534728198,-7.949610867410684,-7.949610867395677,279.02877250243546,-1.5006662579253316e-11,-286.97838336984614,6,2acbb980472197539a865bdd457b5777669f0ca06cca13f5dfd82a053a2702c2
72,Risk-Constrained Convex Verifier,Nodal signed linear,2,42,-630.9932814232399,-591.0727966054312,39.92048481780864,-7.949610867410684,-7.949610867395677,279.02877250243546,-1.5006662579253316e-11,-286.97838336984614,6,2acbb980472197539a865bdd457b5777669f0ca06cca13f5dfd82a053a2702c2
72,Risk-Constrained Convex Verifier,Nodal signed linear,3,80,0.0,69.67289965958389,69.67289965958389,-7.949610867410684,-7.949610867395677,279.02877250243546,-1.5006662579253316e-11,-286.97838336984614,6,2acbb980472197539a865bdd457b5777669f0ca06cca13f5dfd82a053a2702c2
72,Risk-Constrained Convex Verifier,Nodal signed linear,4,116,0.0,78.67361354517166,78.67361354517166,-7.949610867410684,-7.949610867395677,279.02877250243546,-1.5006662579253316e-11,-286.97838336984614,6,2acbb980472197539a865bdd457b5777669f0ca06cca13f5dfd82a053a2702c2
72,Risk-Constrained Convex Verifier,Standalone avoided cost,1,15,621.8602410787134,721.7550559031112,99.89481482439771,-11.578078905979055,-7.949610867395677,279.02877250243546,-3.628468038583378,-290.6068514084145,6,2acbb980472197539a865bdd457b5777669f0ca06cca13f5dfd82a053a2702c2
72,Risk-Constrained Convex Verifier,Standalone avoided cost,2,42,-633.4383199846925,-591.0727966054312,42.365523379261276,-11.578078905979055,-7.949610867395677,279.02877250243546,-3.628468038583378,-290.6068514084145,6,2acbb980472197539a865bdd457b5777669f0ca06cca13f5dfd82a053a2702c2
72,Risk-Constrained Convex Verifier,Standalone avoided cost,3,80,0.0,69.67289965958389,69.67289965958389,-11.578078905979055,-7.949610867395677,279.02877250243546,-3.628468038583378,-290.6068514084145,6,2acbb980472197539a865bdd457b5777669f0ca06cca13f5dfd82a053a2702c2
72,Risk-Constrained Convex Verifier,Standalone avoided cost,4,116,0.0,78.67361354517166,78.67361354517166,-11.578078905979055,-7.949610867395677,279.02877250243546,-3.628468038583378,-290.6068514084145,6,2acbb980472197539a865bdd457b5777669f0ca06cca13f5dfd82a053a2702c2
72,Risk-Constrained Convex Verifier,Leave-one-out marginal,1,15,625.4887091172968,721.7550559031112,96.26634678581433,-4.321142828812299,-7.949610867395677,279.02877250243546,3.628468038583378,-283.34991533124776,6,2acbb980472197539a865bdd457b5777669f0ca06cca13f5dfd82a053a2702c2
72,Risk-Constrained Convex Verifier,Leave-one-out marginal,2,42,-629.8098519461091,-591.0727966054312,38.7370553406779,-4.321142828812299,-7.949610867395677,279.02877250243546,3.628468038583378,-283.34991533124776,6,2acbb980472197539a865bdd457b5777669f0ca06cca13f5dfd82a053a2702c2
72,Risk-Constrained Convex Verifier,Leave-one-out marginal,3,80,0.0,69.67289965958389,69.67289965958389,-4.321142828812299,-7.949610867395677,279.02877250243546,3.628468038583378,-283.34991533124776,6,2acbb980472197539a865bdd457b5777669f0ca06cca13f5dfd82a053a2702c2
72,Risk-Constrained Convex Verifier,Leave-one-out marginal,4,116,0.0,78.67361354517166,78.67361354517166,-4.321142828812299,-7.949610867395677,279.02877250243546,3.628468038583378,-283.34991533124776,6,2acbb980472197539a865bdd457b5777669f0ca06cca13f5dfd82a053a2702c2
72,Risk-Constrained Convex Verifier,Exact Shapley net value,1,15,623.6744750980051,721.7550559031112,98.08058080510602,-7.949610867395677,-7.949610867395677,279.02877250243546,0.0,-286.97838336983114,6,2acbb980472197539a865bdd457b5777669f0ca06cca13f5dfd82a053a2702c2
72,Risk-Constrained Convex Verifier,Exact Shapley net value,2,42,-631.6240859654008,-591.0727966054312,40.55128935996959,-7.949610867395677,-7.949610867395677,279.02877250243546,0.0,-286.97838336983114,6,2acbb980472197539a865bdd457b5777669f0ca06cca13f5dfd82a053a2702c2
72,Risk-Constrained Convex Verifier,Exact Shapley net value,3,80,0.0,69.67289965958389,69.67289965958389,-7.949610867395677,-7.949610867395677,279.02877250243546,0.0,-286.97838336983114,6,2acbb980472197539a865bdd457b5777669f0ca06cca13f5dfd82a053a2702c2
72,Risk-Constrained Convex Verifier,Exact Shapley net value,4,116,0.0,78.67361354517166,78.67361354517166,-7.949610867395677,-7.949610867395677,279.02877250243546,0.0,-286.97838336983114,6,2acbb980472197539a865bdd457b5777669f0ca06cca13f5dfd82a053a2702c2
73,Trace-Anchored Reference,Nodal signed linear,1,15,773.8218689269748,774.5405356846342,0.7186667576593209,254.91188357826533,246.2014169576396,246.20141695763954,8.710466620625738,8.710466620625795,6,2acbb980472197539a865bdd457b5777669f0ca06cca13f5dfd82a053a2702c2
73,Trace-Anchored Reference,Nodal signed linear,2,42,-640.5385480366908,-648.1501038140916,7.611555777400781,254.91188357826533,246.2014169576396,246.20141695763954,8.710466620625738,8.710466620625795,6,2acbb980472197539a865bdd457b5777669f0ca06cca13f5dfd82a053a2702c2
73,Trace-Anchored Reference,Nodal signed linear,3,80,51.119055177062194,50.82149568043678,0.2975594966254107,254.91188357826533,246.2014169576396,246.20141695763954,8.710466620625738,8.710466620625795,6,2acbb980472197539a865bdd457b5777669f0ca06cca13f5dfd82a053a2702c2
73,Trace-Anchored Reference,Nodal signed linear,4,116,70.50950751091912,68.98948940666011,1.5200181042590089,254.91188357826533,246.2014169576396,246.20141695763954,8.710466620625738,8.710466620625795,6,2acbb980472197539a865bdd457b5777669f0ca06cca13f5dfd82a053a2702c2
73,Trace-Anchored Reference,Standalone avoided cost,1,15,771.3584606798395,774.5405356846342,3.182075004794683,243.28937854458127,246.2014169576396,246.20141695763954,-2.912038413058326,-2.9120384130582693,6,2acbb980472197539a865bdd457b5777669f0ca06cca13f5dfd82a053a2702c2
73,Trace-Anchored Reference,Standalone avoided cost,2,42,-649.6976448232599,-648.1501038140916,1.5475410091682988,243.28937854458127,246.2014169576396,246.20141695763954,-2.912038413058326,-2.9120384130582693,6,2acbb980472197539a865bdd457b5777669f0ca06cca13f5dfd82a053a2702c2
73,Trace-Anchored Reference,Standalone avoided cost,3,80,51.119055177081464,50.82149568043678,0.2975594966446806,243.28937854458127,246.2014169576396,246.20141695763954,-2.912038413058326,-2.9120384130582693,6,2acbb980472197539a865bdd457b5777669f0ca06cca13f5dfd82a053a2702c2
73,Trace-Anchored Reference,Standalone avoided cost,4,116,70.50950751092023,68.98948940666011,1.5200181042601173,243.28937854458127,246.2014169576396,246.20141695763954,-2.912038413058326,-2.9120384130582693,6,2acbb980472197539a865bdd457b5777669f0ca06cca13f5dfd82a053a2702c2
73,Trace-Anchored Reference,Leave-one-out marginal,1,15,777.7713859981377,774.5405356846342,3.230850313503538,249.26738736766129,246.2014169576396,246.20141695763954,3.0659704100216914,3.065970410021748,6,2acbb980472197539a865bdd457b5777669f0ca06cca13f5dfd82a053a2702c2
73,Trace-Anchored Reference,Leave-one-out marginal,2,42,-646.5487167823158,-648.1501038140916,1.6013870317758574,249.26738736766129,246.2014169576396,246.20141695763954,3.0659704100216914,3.065970410021748,6,2acbb980472197539a865bdd457b5777669f0ca06cca13f5dfd82a053a2702c2
73,Trace-Anchored Reference,Leave-one-out marginal,3,80,50.54011839352097,50.82149568043678,0.2813772869158129,249.26738736766129,246.2014169576396,246.20141695763954,3.0659704100216914,3.065970410021748,6,2acbb980472197539a865bdd457b5777669f0ca06cca13f5dfd82a053a2702c2
73,Trace-Anchored Reference,Leave-one-out marginal,4,116,67.50459975831836,68.98948940666011,1.484889648341749,249.26738736766129,246.2014169576396,246.20141695763954,3.0659704100216914,3.065970410021748,6,2acbb980472197539a865bdd457b5777669f0ca06cca13f5dfd82a053a2702c2
73,Trace-Anchored Reference,Exact Shapley net value,1,15,774.5405356846342,774.5405356846342,0.0,246.20141695763945,246.2014169576396,246.20141695763954,-1.4210854715202004e-13,-8.526512829121202e-14,6,2acbb980472197539a865bdd457b5777669f0ca06cca13f5dfd82a053a2702c2
73,Trace-Anchored Reference,Exact Shapley net value,2,42,-648.1501038140916,-648.1501038140916,0.0,246.20141695763945,246.2014169576396,246.20141695763954,-1.4210854715202004e-13,-8.526512829121202e-14,6,2acbb980472197539a865bdd457b5777669f0ca06cca13f5dfd82a053a2702c2
73,Trace-Anchored Reference,Exact Shapley net value,3,80,50.82149568043678,50.82149568043678,0.0,246.20141695763945,246.2014169576396,246.20141695763954,-1.4210854715202004e-13,-8.526512829121202e-14,6,2acbb980472197539a865bdd457b5777669f0ca06cca13f5dfd82a053a2702c2
73,Trace-Anchored Reference,Exact Shapley net value,4,116,68.98948940666011,68.98948940666011,0.0,246.20141695763945,246.2014169576396,246.20141695763954,-1.4210854715202004e-13,-8.526512829121202e-14,6,2acbb980472197539a865bdd457b5777669f0ca06cca13f5dfd82a053a2702c2
73,Risk-Constrained Convex Verifier,Nodal signed linear,1,15,702.3248570659807,774.5405356846342,72.21567861865344,-10.748323832869232,-10.748323832867754,246.20141695763954,-1.4779288903810084e-12,-256.94974079050877,6,2acbb980472197539a865bdd457b5777669f0ca06cca13f5dfd82a053a2702c2
73,Risk-Constrained Convex Verifier,Nodal signed linear,2,42,-713.07318089885,-648.1501038140916,64.92307708475835,-10.748323832869232,-10.748323832867754,246.20141695763954,-1.4779288903810084e-12,-256.94974079050877,6,2acbb980472197539a865bdd457b5777669f0ca06cca13f5dfd82a053a2702c2
73,Risk-Constrained Convex Verifier,Nodal signed linear,3,80,0.0,50.82149568043678,50.82149568043678,-10.748323832869232,-10.748323832867754,246.20141695763954,-1.4779288903810084e-12,-256.94974079050877,6,2acbb980472197539a865bdd457b5777669f0ca06cca13f5dfd82a053a2702c2
73,Risk-Constrained Convex Verifier,Nodal signed linear,4,116,0.0,68.98948940666011,68.98948940666011,-10.748323832869232,-10.748323832867754,246.20141695763954,-1.4779288903810084e-12,-256.94974079050877,6,2acbb980472197539a865bdd457b5777669f0ca06cca13f5dfd82a053a2702c2
73,Risk-Constrained Convex Verifier,Standalone avoided cost,1,15,698.7725281221574,774.5405356846342,75.76800756247678,-15.08554800193815,-10.748323832867754,246.20141695763954,-4.337224169070396,-261.2869649595777,6,2acbb980472197539a865bdd457b5777669f0ca06cca13f5dfd82a053a2702c2
73,Risk-Constrained Convex Verifier,Standalone avoided cost,2,42,-713.8580761240955,-648.1501038140916,65.70797231000392,-15.08554800193815,-10.748323832867754,246.20141695763954,-4.337224169070396,-261.2869649595777,6,2acbb980472197539a865bdd457b5777669f0ca06cca13f5dfd82a053a2702c2
73,Risk-Constrained Convex Verifier,Standalone avoided cost,3,80,0.0,50.82149568043678,50.82149568043678,-15.08554800193815,-10.748323832867754,246.20141695763954,-4.337224169070396,-261.2869649595777,6,2acbb980472197539a865bdd457b5777669f0ca06cca13f5dfd82a053a2702c2
73,Risk-Constrained Convex Verifier,Standalone avoided cost,4,116,0.0,68.98948940666011,68.98948940666011,-15.08554800193815,-10.748323832867754,246.20141695763954,-4.337224169070396,-261.2869649595777,6,2acbb980472197539a865bdd457b5777669f0ca06cca13f5dfd82a053a2702c2
73,Risk-Constrained Convex Verifier,Leave-one-out marginal,1,15,703.1097522912278,774.5405356846342,71.43078339340639,-6.4110996637973585,-10.748323832867754,246.20141695763954,4.337224169070396,-252.6125166214369,6,2acbb980472197539a865bdd457b5777669f0ca06cca13f5dfd82a053a2702c2
73,Risk-Constrained Convex Verifier,Leave-one-out marginal,2,42,-709.5208519550251,-648.1501038140916,61.37074814093353,-6.4110996637973585,-10.748323832867754,246.20141695763954,4.337224169070396,-252.6125166214369,6,2acbb980472197539a865bdd457b5777669f0ca06cca13f5dfd82a053a2702c2
73,Risk-Constrained Convex Verifier,Leave-one-out marginal,3,80,0.0,50.82149568043678,50.82149568043678,-6.4110996637973585,-10.748323832867754,246.20141695763954,4.337224169070396,-252.6125166214369,6,2acbb980472197539a865bdd457b5777669f0ca06cca13f5dfd82a053a2702c2
73,Risk-Constrained Convex Verifier,Leave-one-out marginal,4,116,0.0,68.98948940666011,68.98948940666011,-6.4110996637973585,-10.748323832867754,246.20141695763954,4.337224169070396,-252.6125166214369,6,2acbb980472197539a865bdd457b5777669f0ca06cca13f5dfd82a053a2702c2
73,Risk-Constrained Convex Verifier,Exact Shapley net value,1,15,700.9411402066926,774.5405356846342,73.59939547794158,-10.748323832867754,-10.748323832867754,246.20141695763954,0.0,-256.9497407905073,6,2acbb980472197539a865bdd457b5777669f0ca06cca13f5dfd82a053a2702c2
73,Risk-Constrained Convex Verifier,Exact Shapley net value,2,42,-711.6894640395603,-648.1501038140916,63.53936022546873,-10.748323832867754,-10.748323832867754,246.20141695763954,0.0,-256.9497407905073,6,2acbb980472197539a865bdd457b5777669f0ca06cca13f5dfd82a053a2702c2
73,Risk-Constrained Convex Verifier,Exact Shapley net value,3,80,0.0,50.82149568043678,50.82149568043678,-10.748323832867754,-10.748323832867754,246.20141695763954,0.0,-256.9497407905073,6,2acbb980472197539a865bdd457b5777669f0ca06cca13f5dfd82a053a2702c2
73,Risk-Constrained Convex Verifier,Exact Shapley net value,4,116,0.0,68.98948940666011,68.98948940666011,-10.748323832867754,-10.748323832867754,246.20141695763954,0.0,-256.9497407905073,6,2acbb980472197539a865bdd457b5777669f0ca06cca13f5dfd82a053a2702c2
74,Trace-Anchored Reference,Nodal signed linear,1,15,577.9500476358766,573.6431044983622,4.306943137514395,405.66587902752747,405.665879027496,405.665879027496,3.149125404888764e-11,3.149125404888764e-11,6,2acbb980472197539a865bdd457b5777669f0ca06cca13f5dfd82a053a2702c2
74,Trace-Anchored Reference,Nodal signed linear,2,42,-417.13732767716476,-412.7922748889654,4.345052788199382,405.66587902752747,405.665879027496,405.665879027496,3.149125404888764e-11,3.149125404888764e-11,6,2acbb980472197539a865bdd457b5777669f0ca06cca13f5dfd82a053a2702c2
74,Trace-Anchored Reference,Nodal signed linear,3,80,174.19188831437177,174.15438641079317,0.03750190357860106,405.66587902752747,405.665879027496,405.665879027496,3.149125404888764e-11,3.149125404888764e-11,6,2acbb980472197539a865bdd457b5777669f0ca06cca13f5dfd82a053a2702c2
74,Trace-Anchored Reference,Nodal signed linear,4,116,70.66127075444385,70.66066300730593,0.0006077471379200006,405.66587902752747,405.665879027496,405.665879027496,3.149125404888764e-11,3.149125404888764e-11,6,2acbb980472197539a865bdd457b5777669f0ca06cca13f5dfd82a053a2702c2
74,Trace-Anchored Reference,Standalone avoided cost,1,15,568.9807006362571,573.6431044983622,4.662403862105066,396.1379336369246,405.665879027496,405.665879027496,-9.527945390571404,-9.527945390571404,6,2acbb980472197539a865bdd457b5777669f0ca06cca13f5dfd82a053a2702c2
74,Trace-Anchored Reference,Standalone avoided cost,2,42,-417.438201656154,-412.7922748889654,4.645926767188598,396.1379336369246,405.665879027496,405.665879027496,-9.527945390571404,-9.527945390571404,6,2acbb980472197539a865bdd457b5777669f0ca06cca13f5dfd82a053a2702c2
74,Trace-Anchored Reference,Standalone avoided cost,3,80,174.01249167321293,174.15438641079317,0.1418947375802304,396.1379336369246,405.665879027496,405.665879027496,-9.527945390571404,-9.527945390571404,6,2acbb980472197539a865bdd457b5777669f0ca06cca13f5dfd82a053a2702c2
74,Trace-Anchored Reference,Standalone avoided cost,4,116,70.58294298360852,70.66066300730593,0.0777200236974096,396.1379336369246,405.665879027496,405.665879027496,-9.527945390571404,-9.527945390571404,6,2acbb980472197539a865bdd457b5777669f0ca06cca13f5dfd82a053a2702c2
74,Trace-Anchored Reference,Leave-one-out marginal,1,15,578.0626818592173,573.6431044983622,4.419577360855101,414.52666630498425,405.665879027496,405.665879027496,8.86078727748827,8.86078727748827,6,2acbb980472197539a865bdd457b5777669f0ca06cca13f5dfd82a053a2702c2
74,Trace-Anchored Reference,Leave-one-out marginal,2,42,-408.3891746230329,-412.7922748889654,4.403100265932494,414.52666630498425,405.665879027496,405.665879027496,8.86078727748827,8.86078727748827,6,2acbb980472197539a865bdd457b5777669f0ca06cca13f5dfd82a053a2702c2
74,Trace-Anchored Reference,Leave-one-out marginal,3,80,174.19188831435895,174.15438641079317,0.03750190356578287,414.52666630498425,405.665879027496,405.665879027496,8.86078727748827,8.86078727748827,6,2acbb980472197539a865bdd457b5777669f0ca06cca13f5dfd82a053a2702c2
74,Trace-Anchored Reference,Leave-one-out marginal,4,116,70.66127075444092,70.66066300730593,0.0006077471349925645,414.52666630498425,405.665879027496,405.665879027496,8.86078727748827,8.86078727748827,6,2acbb980472197539a865bdd457b5777669f0ca06cca13f5dfd82a053a2702c2
74,Trace-Anchored Reference,Exact Shapley net value,1,15,573.6431044983622,573.6431044983622,0.0,405.66587902749586,405.665879027496,405.665879027496,-1.1368683772161603e-13,-1.1368683772161603e-13,6,2acbb980472197539a865bdd457b5777669f0ca06cca13f5dfd82a053a2702c2
74,Trace-Anchored Reference,Exact Shapley net value,2,42,-412.7922748889654,-412.7922748889654,0.0,405.66587902749586,405.665879027496,405.665879027496,-1.1368683772161603e-13,-1.1368683772161603e-13,6,2acbb980472197539a865bdd457b5777669f0ca06cca13f5dfd82a053a2702c2
74,Trace-Anchored Reference,Exact Shapley net value,3,80,174.15438641079317,174.15438641079317,0.0,405.66587902749586,405.665879027496,405.665879027496,-1.1368683772161603e-13,-1.1368683772161603e-13,6,2acbb980472197539a865bdd457b5777669f0ca06cca13f5dfd82a053a2702c2
74,Trace-Anchored Reference,Exact Shapley net value,4,116,70.66066300730593,70.66066300730593,0.0,405.66587902749586,405.665879027496,405.665879027496,-1.1368683772161603e-13,-1.1368683772161603e-13,6,2acbb980472197539a865bdd457b5777669f0ca06cca13f5dfd82a053a2702c2
74,Risk-Constrained Convex Verifier,Nodal signed linear,1,15,478.9011876238158,573.6431044983622,94.74191687454635,-4.376838282846052,-5.272046708949347,405.665879027496,0.8952084261032951,-410.042717310342,6,2acbb980472197539a865bdd457b5777669f0ca06cca13f5dfd82a053a2702c2
74,Risk-Constrained Convex Verifier,Nodal signed linear,2,42,-483.27802590666187,-412.7922748889654,70.48575101769649,-4.376838282846052,-5.272046708949347,405.665879027496,0.8952084261032951,-410.042717310342,6,2acbb980472197539a865bdd457b5777669f0ca06cca13f5dfd82a053a2702c2
74,Risk-Constrained Convex Verifier,Nodal signed linear,3,80,0.0,174.15438641079317,174.15438641079317,-4.376838282846052,-5.272046708949347,405.665879027496,0.8952084261032951,-410.042717310342,6,2acbb980472197539a865bdd457b5777669f0ca06cca13f5dfd82a053a2702c2
74,Risk-Constrained Convex Verifier,Nodal signed linear,4,116,0.0,70.66066300730593,70.66066300730593,-4.376838282846052,-5.272046708949347,405.665879027496,0.8952084261032951,-410.042717310342,6,2acbb980472197539a865bdd457b5777669f0ca06cca13f5dfd82a053a2702c2
74,Risk-Constrained Convex Verifier,Standalone avoided cost,1,15,473.9036276886727,573.6431044983622,99.73947680968945,-13.96490749331133,-5.272046708949347,405.665879027496,-8.692860784361983,-419.6307865208073,6,2acbb980472197539a865bdd457b5777669f0ca06cca13f5dfd82a053a2702c2
74,Risk-Constrained Convex Verifier,Standalone avoided cost,2,42,-487.86853518198404,-412.7922748889654,75.07626029301866,-13.96490749331133,-5.272046708949347,405.665879027496,-8.692860784361983,-419.6307865208073,6,2acbb980472197539a865bdd457b5777669f0ca06cca13f5dfd82a053a2702c2
74,Risk-Constrained Convex Verifier,Standalone avoided cost,3,80,0.0,174.15438641079317,174.15438641079317,-13.96490749331133,-5.272046708949347,405.665879027496,-8.692860784361983,-419.6307865208073,6,2acbb980472197539a865bdd457b5777669f0ca06cca13f5dfd82a053a2702c2
74,Risk-Constrained Convex Verifier,Standalone avoided cost,4,116,0.0,70.66066300730593,70.66066300730593,-13.96490749331133,-5.272046708949347,405.665879027496,-8.692860784361983,-419.6307865208073,6,2acbb980472197539a865bdd457b5777669f0ca06cca13f5dfd82a053a2702c2
74,Risk-Constrained Convex Verifier,Leave-one-out marginal,1,15,482.5964884730347,573.6431044983622,91.04661602532747,3.420814075412636,-5.272046708949347,405.665879027496,8.692860784361983,-402.24506495208334,6,2acbb980472197539a865bdd457b5777669f0ca06cca13f5dfd82a053a2702c2
74,Risk-Constrained Convex Verifier,Leave-one-out marginal,2,42,-479.17567439762206,-412.7922748889654,66.38339950865668,3.420814075412636,-5.272046708949347,405.665879027496,8.692860784361983,-402.24506495208334,6,2acbb980472197539a865bdd457b5777669f0ca06cca13f5dfd82a053a2702c2
74,Risk-Constrained Convex Verifier,Leave-one-out marginal,3,80,0.0,174.15438641079317,174.15438641079317,3.420814075412636,-5.272046708949347,405.665879027496,8.692860784361983,-402.24506495208334,6,2acbb980472197539a865bdd457b5777669f0ca06cca13f5dfd82a053a2702c2
74,Risk-Constrained Convex Verifier,Leave-one-out marginal,4,116,0.0,70.66066300730593,70.66066300730593,3.420814075412636,-5.272046708949347,405.665879027496,8.692860784361983,-402.24506495208334,6,2acbb980472197539a865bdd457b5777669f0ca06cca13f5dfd82a053a2702c2
74,Risk-Constrained Convex Verifier,Exact Shapley net value,1,15,478.2500580808537,573.6431044983622,95.39304641750846,-5.272046708949347,-5.272046708949347,405.665879027496,0.0,-410.9379257364453,6,2acbb980472197539a865bdd457b5777669f0ca06cca13f5dfd82a053a2702c2
74,Risk-Constrained Convex Verifier,Exact Shapley net value,2,42,-483.52210478980305,-412.7922748889654,70.72982990083767,-5.272046708949347,-5.272046708949347,405.665879027496,0.0,-410.9379257364453,6,2acbb980472197539a865bdd457b5777669f0ca06cca13f5dfd82a053a2702c2
74,Risk-Constrained Convex Verifier,Exact Shapley net value,3,80,0.0,174.15438641079317,174.15438641079317,-5.272046708949347,-5.272046708949347,405.665879027496,0.0,-410.9379257364453,6,2acbb980472197539a865bdd457b5777669f0ca06cca13f5dfd82a053a2702c2
74,Risk-Constrained Convex Verifier,Exact Shapley net value,4,116,0.0,70.66066300730593,70.66066300730593,-5.272046708949347,-5.272046708949347,405.665879027496,0.0,-410.9379257364453,6,2acbb980472197539a865bdd457b5777669f0ca06cca13f5dfd82a053a2702c2
75,Trace-Anchored Reference,Nodal signed linear,1,15,1184.3537705341325,1194.1819011493353,9.828130615202781,-33.93627307432608,-86.23929981782203,-86.23929981782206,52.30302674349595,52.30302674349598,6,2acbb980472197539a865bdd457b5777669f0ca06cca13f5dfd82a053a2702c2
75,Trace-Anchored Reference,Nodal signed linear,2,42,-1115.2486133276154,-1176.194656595997,60.94604326838157,-33.93627307432608,-86.23929981782203,-86.23929981782206,52.30302674349595,52.30302674349598,6,2acbb980472197539a865bdd457b5777669f0ca06cca13f5dfd82a053a2702c2
75,Trace-Anchored Reference,Nodal signed linear,3,80,-55.2668905906764,-55.95333041000533,0.6864398193289318,-33.93627307432608,-86.23929981782203,-86.23929981782206,52.30302674349595,52.30302674349598,6,2acbb980472197539a865bdd457b5777669f0ca06cca13f5dfd82a053a2702c2
75,Trace-Anchored Reference,Nodal signed linear,4,116,-47.77453969016679,-48.273213961155,0.4986742709882108,-33.93627307432608,-86.23929981782203,-86.23929981782206,52.30302674349595,52.30302674349598,6,2acbb980472197539a865bdd457b5777669f0ca06cca13f5dfd82a053a2702c2
75,Trace-Anchored Reference,Standalone avoided cost,1,15,1175.8230513339731,1194.1819011493353,18.35884981536219,-120.97012299946437,-86.23929981782203,-86.23929981782206,-34.730823181642336,-34.73082318164231,6,2acbb980472197539a865bdd457b5777669f0ca06cca13f5dfd82a053a2702c2
75,Trace-Anchored Reference,Standalone avoided cost,2,42,-1193.4207804243233,-1176.194656595997,17.22612382832631,-120.97012299946437,-86.23929981782203,-86.23929981782206,-34.730823181642336,-34.73082318164231,6,2acbb980472197539a865bdd457b5777669f0ca06cca13f5dfd82a053a2702c2
75,Trace-Anchored Reference,Standalone avoided cost,3,80,-55.38781754030424,-55.95333041000533,0.565512869701088,-120.97012299946437,-86.23929981782203,-86.23929981782206,-34.730823181642336,-34.73082318164231,6,2acbb980472197539a865bdd457b5777669f0ca06cca13f5dfd82a053a2702c2
75,Trace-Anchored Reference,Standalone avoided cost,4,116,-47.98457636880994,-48.273213961155,0.2886375923450615,-120.97012299946437,-86.23929981782203,-86.23929981782206,-34.730823181642336,-34.73082318164231,6,2acbb980472197539a865bdd457b5777669f0ca06cca13f5dfd82a053a2702c2
75,Trace-Anchored Reference,Leave-one-out marginal,1,15,1211.7982046885554,1194.1819011493353,17.616303539220098,-53.21127612798955,-86.23929981782203,-86.23929981782206,33.02802368983248,33.02802368983251,6,2acbb980472197539a865bdd457b5777669f0ca06cca13f5dfd82a053a2702c2
75,Trace-Anchored Reference,Leave-one-out marginal,2,42,-1159.3870038464156,-1176.194656595997,16.807652749581393,-53.21127612798955,-86.23929981782203,-86.23929981782206,33.02802368983248,33.02802368983251,6,2acbb980472197539a865bdd457b5777669f0ca06cca13f5dfd82a053a2702c2
75,Trace-Anchored Reference,Leave-one-out marginal,3,80,-56.80170359933982,-55.95333041000533,0.8483731893344881,-53.21127612798955,-86.23929981782203,-86.23929981782206,33.02802368983248,33.02802368983251,6,2acbb980472197539a865bdd457b5777669f0ca06cca13f5dfd82a053a2702c2
75,Trace-Anchored Reference,Leave-one-out marginal,4,116,-48.82077337078954,-48.273213961155,0.5475594096345375,-53.21127612798955,-86.23929981782203,-86.23929981782206,33.02802368983248,33.02802368983251,6,2acbb980472197539a865bdd457b5777669f0ca06cca13f5dfd82a053a2702c2
75,Trace-Anchored Reference,Exact Shapley net value,1,15,1194.1819011493353,1194.1819011493353,0.0,-86.23929981782202,-86.23929981782203,-86.23929981782206,1.4210854715202004e-14,4.263256414560601e-14,6,2acbb980472197539a865bdd457b5777669f0ca06cca13f5dfd82a053a2702c2
75,Trace-Anchored Reference,Exact Shapley net value,2,42,-1176.194656595997,-1176.194656595997,0.0,-86.23929981782202,-86.23929981782203,-86.23929981782206,1.4210854715202004e-14,4.263256414560601e-14,6,2acbb980472197539a865bdd457b5777669f0ca06cca13f5dfd82a053a2702c2
75,Trace-Anchored Reference,Exact Shapley net value,3,80,-55.95333041000533,-55.95333041000533,0.0,-86.23929981782202,-86.23929981782203,-86.23929981782206,1.4210854715202004e-14,4.263256414560601e-14,6,2acbb980472197539a865bdd457b5777669f0ca06cca13f5dfd82a053a2702c2
75,Trace-Anchored Reference,Exact Shapley net value,4,116,-48.273213961155,-48.273213961155,0.0,-86.23929981782202,-86.23929981782203,-86.23929981782206,1.4210854715202004e-14,4.263256414560601e-14,6,2acbb980472197539a865bdd457b5777669f0ca06cca13f5dfd82a053a2702c2
75,Risk-Constrained Convex Verifier,Nodal signed linear,1,15,1093.9235102464486,1194.1819011493353,100.25839090288673,-14.776685172019903,-67.12747385465264,-86.23929981782206,52.35078868263273,71.46261464580215,6,2acbb980472197539a865bdd457b5777669f0ca06cca13f5dfd82a053a2702c2
75,Risk-Constrained Convex Verifier,Nodal signed linear,2,42,-1101.692462115367,-1176.194656595997,74.5021944806299,-14.776685172019903,-67.12747385465264,-86.23929981782206,52.35078868263273,71.46261464580215,6,2acbb980472197539a865bdd457b5777669f0ca06cca13f5dfd82a053a2702c2
75,Risk-Constrained Convex Verifier,Nodal signed linear,3,80,-7.007733303101382,-55.95333041000533,48.945597106903946,-14.776685172019903,-67.12747385465264,-86.23929981782206,52.35078868263273,71.46261464580215,6,2acbb980472197539a865bdd457b5777669f0ca06cca13f5dfd82a053a2702c2
75,Risk-Constrained Convex Verifier,Nodal signed linear,4,116,0.0,-48.273213961155,48.273213961155,-14.776685172019903,-67.12747385465264,-86.23929981782206,52.35078868263273,71.46261464580215,6,2acbb980472197539a865bdd457b5777669f0ca06cca13f5dfd82a053a2702c2
75,Risk-Constrained Convex Verifier,Standalone avoided cost,1,15,1093.9235102464409,1194.1819011493353,100.25839090289446,-104.53055444951315,-67.12747385465264,-86.23929981782206,-37.40308059486051,-18.29125463169109,6,2acbb980472197539a865bdd457b5777669f0ca06cca13f5dfd82a053a2702c2
75,Risk-Constrained Convex Verifier,Standalone avoided cost,2,42,-1191.4463313928536,-1176.194656595997,15.251674796856605,-104.53055444951315,-67.12747385465264,-86.23929981782206,-37.40308059486051,-18.29125463169109,6,2acbb980472197539a865bdd457b5777669f0ca06cca13f5dfd82a053a2702c2
75,Risk-Constrained Convex Verifier,Standalone avoided cost,3,80,-7.0077333031003946,-55.95333041000533,48.945597106904934,-104.53055444951315,-67.12747385465264,-86.23929981782206,-37.40308059486051,-18.29125463169109,6,2acbb980472197539a865bdd457b5777669f0ca06cca13f5dfd82a053a2702c2
75,Risk-Constrained Convex Verifier,Standalone avoided cost,4,116,0.0,-48.273213961155,48.273213961155,-104.53055444951315,-67.12747385465264,-86.23929981782206,-37.40308059486051,-18.29125463169109,6,2acbb980472197539a865bdd457b5777669f0ca06cca13f5dfd82a053a2702c2
75,Risk-Constrained Convex Verifier,Leave-one-out marginal,1,15,1131.3894258882428,1194.1819011493353,62.79247526109248,-29.724393259788485,-67.12747385465264,-86.23929981782206,37.40308059486415,56.51490655803357,6,2acbb980472197539a865bdd457b5777669f0ca06cca13f5dfd82a053a2702c2
75,Risk-Constrained Convex Verifier,Leave-one-out marginal,2,42,-1154.043250797993,-1176.194656595997,22.151405798003907,-29.724393259788485,-67.12747385465264,-86.23929981782206,37.40308059486415,56.51490655803357,6,2acbb980472197539a865bdd457b5777669f0ca06cca13f5dfd82a053a2702c2
75,Risk-Constrained Convex Verifier,Leave-one-out marginal,3,80,-7.070568350038229,-55.95333041000533,48.8827620599671,-29.724393259788485,-67.12747385465264,-86.23929981782206,37.40308059486415,56.51490655803357,6,2acbb980472197539a865bdd457b5777669f0ca06cca13f5dfd82a053a2702c2
75,Risk-Constrained Convex Verifier,Leave-one-out marginal,4,116,0.0,-48.273213961155,48.273213961155,-29.724393259788485,-67.12747385465264,-86.23929981782206,37.40308059486415,56.51490655803357,6,2acbb980472197539a865bdd457b5777669f0ca06cca13f5dfd82a053a2702c2
75,Risk-Constrained Convex Verifier,Exact Shapley net value,1,15,1112.6564680673412,1194.1819011493353,81.52543308199415,-67.12747385465256,-67.12747385465264,-86.23929981782206,7.105427357601002e-14,19.111825963169494,6,2acbb980472197539a865bdd457b5777669f0ca06cca13f5dfd82a053a2702c2
75,Risk-Constrained Convex Verifier,Exact Shapley net value,2,42,-1172.7447910954238,-1176.194656595997,3.449865500573196,-67.12747385465256,-67.12747385465264,-86.23929981782206,7.105427357601002e-14,19.111825963169494,6,2acbb980472197539a865bdd457b5777669f0ca06cca13f5dfd82a053a2702c2
75,Risk-Constrained Convex Verifier,Exact Shapley net value,3,80,-7.039150826569917,-55.95333041000533,48.91417958343541,-67.12747385465256,-67.12747385465264,-86.23929981782206,7.105427357601002e-14,19.111825963169494,6,2acbb980472197539a865bdd457b5777669f0ca06cca13f5dfd82a053a2702c2
75,Risk-Constrained Convex Verifier,Exact Shapley net value,4,116,0.0,-48.273213961155,48.273213961155,-67.12747385465256,-67.12747385465264,-86.23929981782206,7.105427357601002e-14,19.111825963169494,6,2acbb980472197539a865bdd457b5777669f0ca06cca13f5dfd82a053a2702c2
76,Trace-Anchored Reference,Nodal signed linear,1,15,620.2050301521241,622.3663597278215,2.1613295756974367,444.6561441287675,443.7785751805677,443.7785751805677,0.8775689481997802,0.8775689481997802,6,2acbb980472197539a865bdd457b5777669f0ca06cca13f5dfd82a053a2702c2
76,Trace-Anchored Reference,Nodal signed linear,2,42,-484.17329957248637,-487.23762166104217,3.064322088555798,444.6561441287675,443.7785751805677,443.7785751805677,0.8775689481997802,0.8775689481997802,6,2acbb980472197539a865bdd457b5777669f0ca06cca13f5dfd82a053a2702c2
76,Trace-Anchored Reference,Nodal signed linear,3,80,213.63241356628134,213.6103019683208,0.022111597960531526,444.6561441287675,443.7785751805677,443.7785751805677,0.8775689481997802,0.8775689481997802,6,2acbb980472197539a865bdd457b5777669f0ca06cca13f5dfd82a053a2702c2
76,Trace-Anchored Reference,Nodal signed linear,4,116,94.99199998284844,95.0395351454675,0.04753516261905588,444.6561441287675,443.7785751805677,443.7785751805677,0.8775689481997802,0.8775689481997802,6,2acbb980472197539a865bdd457b5777669f0ca06cca13f5dfd82a053a2702c2
76,Trace-Anchored Reference,Standalone avoided cost,1,15,619.8392556246727,622.3663597278215,2.527104103148872,436.86224847134145,443.7785751805677,443.7785751805677,-6.916326709226269,-6.916326709226269,6,2acbb980472197539a865bdd457b5777669f0ca06cca13f5dfd82a053a2702c2
76,Trace-Anchored Reference,Standalone avoided cost,2,42,-491.3060594215531,-487.23762166104217,4.0684377605109034,436.86224847134145,443.7785751805677,443.7785751805677,-6.916326709226269,-6.916326709226269,6,2acbb980472197539a865bdd457b5777669f0ca06cca13f5dfd82a053a2702c2
76,Trace-Anchored Reference,Standalone avoided cost,3,80,213.36981144148012,213.6103019683208,0.24049052684068783,436.86224847134145,443.7785751805677,443.7785751805677,-6.916326709226269,-6.916326709226269,6,2acbb980472197539a865bdd457b5777669f0ca06cca13f5dfd82a053a2702c2
76,Trace-Anchored Reference,Standalone avoided cost,4,116,94.95924082674173,95.0395351454675,0.08029431872576254,436.86224847134145,443.7785751805677,443.7785751805677,-6.916326709226269,-6.916326709226269,6,2acbb980472197539a865bdd457b5777669f0ca06cca13f5dfd82a053a2702c2
76,Trace-Anchored Reference,Leave-one-out marginal,1,15,624.0069851137705,622.3663597278215,1.6406253859489652,447.9948018601208,443.7785751805677,443.7785751805677,4.216226679553074,4.216226679553074,6,2acbb980472197539a865bdd457b5777669f0ca06cca13f5dfd82a053a2702c2
76,Trace-Anchored Reference,Leave-one-out marginal,2,42,-484.11274667585167,-487.23762166104217,3.1248749851905018,447.9948018601208,443.7785751805677,443.7785751805677,4.216226679553074,4.216226679553074,6,2acbb980472197539a865bdd457b5777669f0ca06cca13f5dfd82a053a2702c2
76,Trace-Anchored Reference,Leave-one-out marginal,3,80,213.25842350157836,213.6103019683208,0.3518784667424484,447.9948018601208,443.7785751805677,443.7785751805677,4.216226679553074,4.216226679553074,6,2acbb980472197539a865bdd457b5777669f0ca06cca13f5dfd82a053a2702c2
76,Trace-Anchored Reference,Leave-one-out marginal,4,116,94.8421399206236,95.0395351454675,0.19739522484390193,447.9948018601208,443.7785751805677,443.7785751805677,4.216226679553074,4.216226679553074,6,2acbb980472197539a865bdd457b5777669f0ca06cca13f5dfd82a053a2702c2
76,Trace-Anchored Reference,Exact Shapley net value,1,15,622.3663597278215,622.3663597278215,0.0,443.77857518056766,443.7785751805677,443.7785751805677,-5.684341886080802e-14,-5.684341886080802e-14,6,2acbb980472197539a865bdd457b5777669f0ca06cca13f5dfd82a053a2702c2
76,Trace-Anchored Reference,Exact Shapley net value,2,42,-487.23762166104217,-487.23762166104217,0.0,443.77857518056766,443.7785751805677,443.7785751805677,-5.684341886080802e-14,-5.684341886080802e-14,6,2acbb980472197539a865bdd457b5777669f0ca06cca13f5dfd82a053a2702c2
76,Trace-Anchored Reference,Exact Shapley net value,3,80,213.6103019683208,213.6103019683208,0.0,443.77857518056766,443.7785751805677,443.7785751805677,-5.684341886080802e-14,-5.684341886080802e-14,6,2acbb980472197539a865bdd457b5777669f0ca06cca13f5dfd82a053a2702c2
76,Trace-Anchored Reference,Exact Shapley net value,4,116,95.0395351454675,95.0395351454675,0.0,443.77857518056766,443.7785751805677,443.7785751805677,-5.684341886080802e-14,-5.684341886080802e-14,6,2acbb980472197539a865bdd457b5777669f0ca06cca13f5dfd82a053a2702c2
76,Risk-Constrained Convex Verifier,Nodal signed linear,1,15,530.0192201910215,622.3663597278215,92.3471395368,-7.236578106003321,-7.236578106014349,443.7785751805677,1.1027623258996755e-11,-451.01515328657104,6,2acbb980472197539a865bdd457b5777669f0ca06cca13f5dfd82a053a2702c2
76,Risk-Constrained Convex Verifier,Nodal signed linear,2,42,-537.2557982970249,-487.23762166104217,50.018176635982684,-7.236578106003321,-7.236578106014349,443.7785751805677,1.1027623258996755e-11,-451.01515328657104,6,2acbb980472197539a865bdd457b5777669f0ca06cca13f5dfd82a053a2702c2
76,Risk-Constrained Convex Verifier,Nodal signed linear,3,80,0.0,213.6103019683208,213.6103019683208,-7.236578106003321,-7.236578106014349,443.7785751805677,1.1027623258996755e-11,-451.01515328657104,6,2acbb980472197539a865bdd457b5777669f0ca06cca13f5dfd82a053a2702c2
76,Risk-Constrained Convex Verifier,Nodal signed linear,4,116,0.0,95.0395351454675,95.0395351454675,-7.236578106003321,-7.236578106014349,443.7785751805677,1.1027623258996755e-11,-451.01515328657104,6,2acbb980472197539a865bdd457b5777669f0ca06cca13f5dfd82a053a2702c2
76,Risk-Constrained Convex Verifier,Standalone avoided cost,1,15,530.0192201910213,622.3663597278215,92.34713953680023,-10.119605557978502,-7.236578106014349,443.7785751805677,-2.8830274519641534,-453.8981807385462,6,2acbb980472197539a865bdd457b5777669f0ca06cca13f5dfd82a053a2702c2
76,Risk-Constrained Convex Verifier,Standalone avoided cost,2,42,-540.1388257489998,-487.23762166104217,52.90120408795764,-10.119605557978502,-7.236578106014349,443.7785751805677,-2.8830274519641534,-453.8981807385462,6,2acbb980472197539a865bdd457b5777669f0ca06cca13f5dfd82a053a2702c2
76,Risk-Constrained Convex Verifier,Standalone avoided cost,3,80,0.0,213.6103019683208,213.6103019683208,-10.119605557978502,-7.236578106014349,443.7785751805677,-2.8830274519641534,-453.8981807385462,6,2acbb980472197539a865bdd457b5777669f0ca06cca13f5dfd82a053a2702c2
76,Risk-Constrained Convex Verifier,Standalone avoided cost,4,116,0.0,95.0395351454675,95.0395351454675,-10.119605557978502,-7.236578106014349,443.7785751805677,-2.8830274519641534,-453.8981807385462,6,2acbb980472197539a865bdd457b5777669f0ca06cca13f5dfd82a053a2702c2
76,Risk-Constrained Convex Verifier,Leave-one-out marginal,1,15,532.9022476429855,622.3663597278215,89.46411208483607,-4.353550654050196,-7.236578106014349,443.7785751805677,2.8830274519641534,-448.1321258346179,6,2acbb980472197539a865bdd457b5777669f0ca06cca13f5dfd82a053a2702c2
76,Risk-Constrained Convex Verifier,Leave-one-out marginal,2,42,-537.2557982970357,-487.23762166104217,50.018176635993484,-4.353550654050196,-7.236578106014349,443.7785751805677,2.8830274519641534,-448.1321258346179,6,2acbb980472197539a865bdd457b5777669f0ca06cca13f5dfd82a053a2702c2
76,Risk-Constrained Convex Verifier,Leave-one-out marginal,3,80,0.0,213.6103019683208,213.6103019683208,-4.353550654050196,-7.236578106014349,443.7785751805677,2.8830274519641534,-448.1321258346179,6,2acbb980472197539a865bdd457b5777669f0ca06cca13f5dfd82a053a2702c2
76,Risk-Constrained Convex Verifier,Leave-one-out marginal,4,116,0.0,95.0395351454675,95.0395351454675,-4.353550654050196,-7.236578106014349,443.7785751805677,2.8830274519641534,-448.1321258346179,6,2acbb980472197539a865bdd457b5777669f0ca06cca13f5dfd82a053a2702c2
76,Risk-Constrained Convex Verifier,Exact Shapley net value,1,15,531.4607339170034,622.3663597278215,90.90562581081815,-7.236578106014349,-7.236578106014349,443.7785751805677,0.0,-451.01515328658206,6,2acbb980472197539a865bdd457b5777669f0ca06cca13f5dfd82a053a2702c2
76,Risk-Constrained Convex Verifier,Exact Shapley net value,2,42,-538.6973120230177,-487.23762166104217,51.45969036197556,-7.236578106014349,-7.236578106014349,443.7785751805677,0.0,-451.01515328658206,6,2acbb980472197539a865bdd457b5777669f0ca06cca13f5dfd82a053a2702c2
76,Risk-Constrained Convex Verifier,Exact Shapley net value,3,80,0.0,213.6103019683208,213.6103019683208,-7.236578106014349,-7.236578106014349,443.7785751805677,0.0,-451.01515328658206,6,2acbb980472197539a865bdd457b5777669f0ca06cca13f5dfd82a053a2702c2
76,Risk-Constrained Convex Verifier,Exact Shapley net value,4,116,0.0,95.0395351454675,95.0395351454675,-7.236578106014349,-7.236578106014349,443.7785751805677,0.0,-451.01515328658206,6,2acbb980472197539a865bdd457b5777669f0ca06cca13f5dfd82a053a2702c2
77,Trace-Anchored Reference,Nodal signed linear,1,15,171.42930665998324,169.69140816352137,1.7378984964618667,772.209338048448,767.3826194241046,767.3826194241046,4.826718624343357,4.826718624343357,6,2acbb980472197539a865bdd457b5777669f0ca06cca13f5dfd82a053a2702c2
77,Trace-Anchored Reference,Nodal signed linear,2,42,42.03036060158327,41.408476479011675,0.6218841225715934,772.209338048448,767.3826194241046,767.3826194241046,4.826718624343357,4.826718624343357,6,2acbb980472197539a865bdd457b5777669f0ca06cca13f5dfd82a053a2702c2
77,Trace-Anchored Reference,Nodal signed linear,3,80,329.0906924310199,327.7338107480915,1.3568816829283605,772.209338048448,767.3826194241046,767.3826194241046,4.826718624343357,4.826718624343357,6,2acbb980472197539a865bdd457b5777669f0ca06cca13f5dfd82a053a2702c2
77,Trace-Anchored Reference,Nodal signed linear,4,116,229.65897835586162,228.54892403348003,1.1100543223815862,772.209338048448,767.3826194241046,767.3826194241046,4.826718624343357,4.826718624343357,6,2acbb980472197539a865bdd457b5777669f0ca06cca13f5dfd82a053a2702c2
77,Trace-Anchored Reference,Standalone avoided cost,1,15,170.85149944261138,169.69140816352137,1.160091279090011,771.0449208382561,767.3826194241046,767.3826194241046,3.662301414151443,3.662301414151443,6,2acbb980472197539a865bdd457b5777669f0ca06cca13f5dfd82a053a2702c2
77,Trace-Anchored Reference,Standalone avoided cost,2,42,41.87260580913062,41.408476479011675,0.46412933011894353,771.0449208382561,767.3826194241046,767.3826194241046,3.662301414151443,3.662301414151443,6,2acbb980472197539a865bdd457b5777669f0ca06cca13f5dfd82a053a2702c2
77,Trace-Anchored Reference,Standalone avoided cost,3,80,328.83163931017043,327.7338107480915,1.0978285620789165,771.0449208382561,767.3826194241046,767.3826194241046,3.662301414151443,3.662301414151443,6,2acbb980472197539a865bdd457b5777669f0ca06cca13f5dfd82a053a2702c2
77,Trace-Anchored Reference,Standalone avoided cost,4,116,229.48917627634364,228.54892403348003,0.9402522428636075,771.0449208382561,767.3826194241046,767.3826194241046,3.662301414151443,3.662301414151443,6,2acbb980472197539a865bdd457b5777669f0ca06cca13f5dfd82a053a2702c2
77,Trace-Anchored Reference,Leave-one-out marginal,1,15,169.08731096527845,169.69140816352137,0.6040971982429255,765.6996868823335,767.3826194241046,767.3826194241046,-1.6829325417711516,-1.6829325417711516,6,2acbb980472197539a865bdd457b5777669f0ca06cca13f5dfd82a053a2702c2
77,Trace-Anchored Reference,Leave-one-out marginal,2,42,41.36750982612284,41.408476479011675,0.04096665288883372,765.6996868823335,767.3826194241046,767.3826194241046,-1.6829325417711516,-1.6829325417711516,6,2acbb980472197539a865bdd457b5777669f0ca06cca13f5dfd82a053a2702c2
77,Trace-Anchored Reference,Leave-one-out marginal,3,80,327.1800682677458,327.7338107480915,0.5537424803457043,765.6996868823335,767.3826194241046,767.3826194241046,-1.6829325417711516,-1.6829325417711516,6,2acbb980472197539a865bdd457b5777669f0ca06cca13f5dfd82a053a2702c2
77,Trace-Anchored Reference,Leave-one-out marginal,4,116,228.06479782318638,228.54892403348003,0.48412621029365255,765.6996868823335,767.3826194241046,767.3826194241046,-1.6829325417711516,-1.6829325417711516,6,2acbb980472197539a865bdd457b5777669f0ca06cca13f5dfd82a053a2702c2
77,Trace-Anchored Reference,Exact Shapley net value,1,15,169.69140816352137,169.69140816352137,0.0,767.3826194241046,767.3826194241046,767.3826194241046,0.0,0.0,6,2acbb980472197539a865bdd457b5777669f0ca06cca13f5dfd82a053a2702c2
77,Trace-Anchored Reference,Exact Shapley net value,2,42,41.408476479011675,41.408476479011675,0.0,767.3826194241046,767.3826194241046,767.3826194241046,0.0,0.0,6,2acbb980472197539a865bdd457b5777669f0ca06cca13f5dfd82a053a2702c2
77,Trace-Anchored Reference,Exact Shapley net value,3,80,327.7338107480915,327.7338107480915,0.0,767.3826194241046,767.3826194241046,767.3826194241046,0.0,0.0,6,2acbb980472197539a865bdd457b5777669f0ca06cca13f5dfd82a053a2702c2
77,Trace-Anchored Reference,Exact Shapley net value,4,116,228.54892403348003,228.54892403348003,0.0,767.3826194241046,767.3826194241046,767.3826194241046,0.0,0.0,6,2acbb980472197539a865bdd457b5777669f0ca06cca13f5dfd82a053a2702c2
77,Risk-Constrained Convex Verifier,Nodal signed linear,1,15,31.550356263296397,169.69140816352137,138.14105190022497,-0.03838462805078713,-0.03838462805288145,767.3826194241046,2.0943247136528953e-12,-767.4210040521555,6,2acbb980472197539a865bdd457b5777669f0ca06cca13f5dfd82a053a2702c2
77,Risk-Constrained Convex Verifier,Nodal signed linear,2,42,-31.588740891347513,41.408476479011675,72.99721737035918,-0.03838462805078713,-0.03838462805288145,767.3826194241046,2.0943247136528953e-12,-767.4210040521555,6,2acbb980472197539a865bdd457b5777669f0ca06cca13f5dfd82a053a2702c2
77,Risk-Constrained Convex Verifier,Nodal signed linear,3,80,3.2862601528904634e-13,327.7338107480915,327.7338107480912,-0.03838462805078713,-0.03838462805288145,767.3826194241046,2.0943247136528953e-12,-767.4210040521555,6,2acbb980472197539a865bdd457b5777669f0ca06cca13f5dfd82a053a2702c2
77,Risk-Constrained Convex Verifier,Nodal signed linear,4,116,0.0,228.54892403348003,228.54892403348003,-0.03838462805078713,-0.03838462805288145,767.3826194241046,2.0943247136528953e-12,-767.4210040521555,6,2acbb980472197539a865bdd457b5777669f0ca06cca13f5dfd82a053a2702c2
77,Risk-Constrained Convex Verifier,Standalone avoided cost,1,15,31.550356263298454,169.69140816352137,138.14105190022292,-0.038384628049243474,-0.03838462805288145,767.3826194241046,3.637978807091713e-12,-767.4210040521539,6,2acbb980472197539a865bdd457b5777669f0ca06cca13f5dfd82a053a2702c2
77,Risk-Constrained Convex Verifier,Standalone avoided cost,2,42,-31.58874089134042,41.408476479011675,72.9972173703521,-0.038384628049243474,-0.03838462805288145,767.3826194241046,3.637978807091713e-12,-767.4210040521539,6,2acbb980472197539a865bdd457b5777669f0ca06cca13f5dfd82a053a2702c2
77,Risk-Constrained Convex Verifier,Standalone avoided cost,3,80,-7.275957614183426e-12,327.7338107480915,327.7338107480988,-0.038384628049243474,-0.03838462805288145,767.3826194241046,3.637978807091713e-12,-767.4210040521539,6,2acbb980472197539a865bdd457b5777669f0ca06cca13f5dfd82a053a2702c2
77,Risk-Constrained Convex Verifier,Standalone avoided cost,4,116,0.0,228.54892403348003,228.54892403348003,-0.038384628049243474,-0.03838462805288145,767.3826194241046,3.637978807091713e-12,-767.4210040521539,6,2acbb980472197539a865bdd457b5777669f0ca06cca13f5dfd82a053a2702c2
77,Risk-Constrained Convex Verifier,Leave-one-out marginal,1,15,31.55035626328754,169.69140816352137,138.14105190023383,-0.03838462806743337,-0.03838462805288145,767.3826194241046,-1.4551915228366852e-11,-767.4210040521721,6,2acbb980472197539a865bdd457b5777669f0ca06cca13f5dfd82a053a2702c2
77,Risk-Constrained Convex Verifier,Leave-one-out marginal,2,42,-31.588740891351335,41.408476479011675,72.99721737036302,-0.03838462806743337,-0.03838462805288145,767.3826194241046,-1.4551915228366852e-11,-767.4210040521721,6,2acbb980472197539a865bdd457b5777669f0ca06cca13f5dfd82a053a2702c2
77,Risk-Constrained Convex Verifier,Leave-one-out marginal,3,80,-3.637978807091713e-12,327.7338107480915,327.73381074809515,-0.03838462806743337,-0.03838462805288145,767.3826194241046,-1.4551915228366852e-11,-767.4210040521721,6,2acbb980472197539a865bdd457b5777669f0ca06cca13f5dfd82a053a2702c2
77,Risk-Constrained Convex Verifier,Leave-one-out marginal,4,116,0.0,228.54892403348003,228.54892403348003,-0.03838462806743337,-0.03838462805288145,767.3826194241046,-1.4551915228366852e-11,-767.4210040521721,6,2acbb980472197539a865bdd457b5777669f0ca06cca13f5dfd82a053a2702c2
77,Risk-Constrained Convex Verifier,Exact Shapley net value,1,15,31.550356263294816,169.69140816352137,138.14105190022656,-0.0383846280528779,-0.03838462805288145,767.3826194241046,3.552713678800501e-15,-767.4210040521575,6,2acbb980472197539a865bdd457b5777669f0ca06cca13f5dfd82a053a2702c2
77,Risk-Constrained Convex Verifier,Exact Shapley net value,2,42,-31.58874089134406,41.408476479011675,72.99721737035574,-0.0383846280528779,-0.03838462805288145,767.3826194241046,3.552713678800501e-15,-767.4210040521575,6,2acbb980472197539a865bdd457b5777669f0ca06cca13f5dfd82a053a2702c2
77,Risk-Constrained Convex Verifier,Exact Shapley net value,3,80,-3.6344260934129125e-12,327.7338107480915,327.73381074809515,-0.0383846280528779,-0.03838462805288145,767.3826194241046,3.552713678800501e-15,-767.4210040521575,6,2acbb980472197539a865bdd457b5777669f0ca06cca13f5dfd82a053a2702c2
77,Risk-Constrained Convex Verifier,Exact Shapley net value,4,116,0.0,228.54892403348003,228.54892403348003,-0.0383846280528779,-0.03838462805288145,767.3826194241046,3.552713678800501e-15,-767.4210040521575,6,2acbb980472197539a865bdd457b5777669f0ca06cca13f5dfd82a053a2702c2
78,Trace-Anchored Reference,Nodal signed linear,1,15,244.47935365627316,243.43766939430648,1.0416842619666795,107.25446381885203,105.9526042812322,105.95260428123218,1.3018595376198334,1.3018595376198476,6,2acbb980472197539a865bdd457b5777669f0ca06cca13f5dfd82a053a2702c2
78,Trace-Anchored Reference,Nodal signed linear,2,42,-179.9494612906901,-179.9169854789789,0.03247581171120828,107.25446381885203,105.9526042812322,105.95260428123218,1.3018595376198334,1.3018595376198476,6,2acbb980472197539a865bdd457b5777669f0ca06cca13f5dfd82a053a2702c2
78,Trace-Anchored Reference,Nodal signed linear,3,80,-0.01564744789051975,-0.10873805781829837,0.09309060992777862,107.25446381885203,105.9526042812322,105.95260428123218,1.3018595376198334,1.3018595376198476,6,2acbb980472197539a865bdd457b5777669f0ca06cca13f5dfd82a053a2702c2
78,Trace-Anchored Reference,Nodal signed linear,4,116,42.74021890115949,42.54065842372286,0.19956047743662708,107.25446381885203,105.9526042812322,105.95260428123218,1.3018595376198334,1.3018595376198476,6,2acbb980472197539a865bdd457b5777669f0ca06cca13f5dfd82a053a2702c2
78,Trace-Anchored Reference,Standalone avoided cost,1,15,243.62336174762095,243.43766939430648,0.1856923533144652,106.39847191023,105.9526042812322,105.95260428123218,0.44586762899780297,0.4458676289978172,6,2acbb980472197539a865bdd457b5777669f0ca06cca13f5dfd82a053a2702c2
78,Trace-Anchored Reference,Standalone avoided cost,2,42,-179.94946129068558,-179.9169854789789,0.03247581170668923,106.39847191023,105.9526042812322,105.95260428123218,0.44586762899780297,0.4458676289978172,6,2acbb980472197539a865bdd457b5777669f0ca06cca13f5dfd82a053a2702c2
78,Trace-Anchored Reference,Standalone avoided cost,3,80,-0.01564744787538075,-0.10873805781829837,0.09309060994291762,106.39847191023,105.9526042812322,105.95260428123218,0.44586762899780297,0.4458676289978172,6,2acbb980472197539a865bdd457b5777669f0ca06cca13f5dfd82a053a2702c2
78,Trace-Anchored Reference,Standalone avoided cost,4,116,42.74021890117001,42.54065842372286,0.19956047744715022,106.39847191023,105.9526042812322,105.95260428123218,0.44586762899780297,0.4458676289978172,6,2acbb980472197539a865bdd457b5777669f0ca06cca13f5dfd82a053a2702c2
78,Trace-Anchored Reference,Leave-one-out marginal,1,15,243.40676249342505,243.43766939430648,0.03090690088143333,105.98380512681251,105.9526042812322,105.95260428123218,0.031200845580315217,0.031200845580329428,6,2acbb980472197539a865bdd457b5777669f0ca06cca13f5dfd82a053a2702c2
78,Trace-Anchored Reference,Leave-one-out marginal,2,42,-179.71888407638107,-179.9169854789789,0.19810140259781406,105.98380512681251,105.9526042812322,105.95260428123218,0.031200845580315217,0.031200845580329428,6,2acbb980472197539a865bdd457b5777669f0ca06cca13f5dfd82a053a2702c2
78,Trace-Anchored Reference,Leave-one-out marginal,3,80,-0.1521971625406877,-0.10873805781829837,0.04345910472238934,105.98380512681251,105.9526042812322,105.95260428123218,0.031200845580315217,0.031200845580329428,6,2acbb980472197539a865bdd457b5777669f0ca06cca13f5dfd82a053a2702c2
78,Trace-Anchored Reference,Leave-one-out marginal,4,116,42.448123872309225,42.54065842372286,0.09253455141363531,105.98380512681251,105.9526042812322,105.95260428123218,0.031200845580315217,0.031200845580329428,6,2acbb980472197539a865bdd457b5777669f0ca06cca13f5dfd82a053a2702c2
78,Trace-Anchored Reference,Exact Shapley net value,1,15,243.43766939430648,243.43766939430648,0.0,105.95260428123215,105.9526042812322,105.95260428123218,-4.263256414560601e-14,-2.842170943040401e-14,6,2acbb980472197539a865bdd457b5777669f0ca06cca13f5dfd82a053a2702c2
78,Trace-Anchored Reference,Exact Shapley net value,2,42,-179.9169854789789,-179.9169854789789,0.0,105.95260428123215,105.9526042812322,105.95260428123218,-4.263256414560601e-14,-2.842170943040401e-14,6,2acbb980472197539a865bdd457b5777669f0ca06cca13f5dfd82a053a2702c2
78,Trace-Anchored Reference,Exact Shapley net value,3,80,-0.10873805781829837,-0.10873805781829837,0.0,105.95260428123215,105.9526042812322,105.95260428123218,-4.263256414560601e-14,-2.842170943040401e-14,6,2acbb980472197539a865bdd457b5777669f0ca06cca13f5dfd82a053a2702c2
78,Trace-Anchored Reference,Exact Shapley net value,4,116,42.54065842372286,42.54065842372286,0.0,105.95260428123215,105.9526042812322,105.95260428123218,-4.263256414560601e-14,-2.842170943040401e-14,6,2acbb980472197539a865bdd457b5777669f0ca06cca13f5dfd82a053a2702c2
78,Risk-Constrained Convex Verifier,Nodal signed linear,1,15,209.89292224219864,243.43766939430648,33.544747152107846,-0.9587846594837401,-0.9587846594731673,105.95260428123218,-1.057287590811029e-11,-106.91138894071592,6,2acbb980472197539a865bdd457b5777669f0ca06cca13f5dfd82a053a2702c2
78,Risk-Constrained Convex Verifier,Nodal signed linear,2,42,-210.85170690168238,-179.9169854789789,30.93472142270349,-0.9587846594837401,-0.9587846594731673,105.95260428123218,-1.057287590811029e-11,-106.91138894071592,6,2acbb980472197539a865bdd457b5777669f0ca06cca13f5dfd82a053a2702c2
78,Risk-Constrained Convex Verifier,Nodal signed linear,3,80,0.0,-0.10873805781829837,0.10873805781829837,-0.9587846594837401,-0.9587846594731673,105.95260428123218,-1.057287590811029e-11,-106.91138894071592,6,2acbb980472197539a865bdd457b5777669f0ca06cca13f5dfd82a053a2702c2
78,Risk-Constrained Convex Verifier,Nodal signed linear,4,116,0.0,42.54065842372286,42.54065842372286,-0.9587846594837401,-0.9587846594731673,105.95260428123218,-1.057287590811029e-11,-106.91138894071592,6,2acbb980472197539a865bdd457b5777669f0ca06cca13f5dfd82a053a2702c2
78,Risk-Constrained Convex Verifier,Standalone avoided cost,1,15,208.9615418333342,243.43766939430648,34.47612756097229,-2.289943010375282,-0.9587846594731673,105.95260428123218,-1.3311583509021148,-108.24254729160747,6,2acbb980472197539a865bdd457b5777669f0ca06cca13f5dfd82a053a2702c2
78,Risk-Constrained Convex Verifier,Standalone avoided cost,2,42,-211.25148484370584,-179.9169854789789,31.334499364726952,-2.289943010375282,-0.9587846594731673,105.95260428123218,-1.3311583509021148,-108.24254729160747,6,2acbb980472197539a865bdd457b5777669f0ca06cca13f5dfd82a053a2702c2
78,Risk-Constrained Convex Verifier,Standalone avoided cost,3,80,-3.637978807091713e-12,-0.10873805781829837,0.1087380578146604,-2.289943010375282,-0.9587846594731673,105.95260428123218,-1.3311583509021148,-108.24254729160747,6,2acbb980472197539a865bdd457b5777669f0ca06cca13f5dfd82a053a2702c2
78,Risk-Constrained Convex Verifier,Standalone avoided cost,4,116,0.0,42.54065842372286,42.54065842372286,-2.289943010375282,-0.9587846594731673,105.95260428123218,-1.3311583509021148,-108.24254729160747,6,2acbb980472197539a865bdd457b5777669f0ca06cca13f5dfd82a053a2702c2
78,Risk-Constrained Convex Verifier,Leave-one-out marginal,1,15,210.2927001842254,243.43766939430648,33.144969210081086,0.37237369141803356,-0.9587846594731673,105.95260428123218,1.3311583508912008,-105.58023058981415,6,2acbb980472197539a865bdd457b5777669f0ca06cca13f5dfd82a053a2702c2
78,Risk-Constrained Convex Verifier,Leave-one-out marginal,2,42,-209.92032649281464,-179.9169854789789,30.00334101383575,0.37237369141803356,-0.9587846594731673,105.95260428123218,1.3311583508912008,-105.58023058981415,6,2acbb980472197539a865bdd457b5777669f0ca06cca13f5dfd82a053a2702c2
78,Risk-Constrained Convex Verifier,Leave-one-out marginal,3,80,3.637978807091713e-12,-0.10873805781829837,0.10873805782193635,0.37237369141803356,-0.9587846594731673,105.95260428123218,1.3311583508912008,-105.58023058981415,6,2acbb980472197539a865bdd457b5777669f0ca06cca13f5dfd82a053a2702c2
78,Risk-Constrained Convex Verifier,Leave-one-out marginal,4,116,3.637978807091713e-12,42.54065842372286,42.54065842371922,0.37237369141803356,-0.9587846594731673,105.95260428123218,1.3311583508912008,-105.58023058981415,6,2acbb980472197539a865bdd457b5777669f0ca06cca13f5dfd82a053a2702c2
78,Risk-Constrained Convex Verifier,Exact Shapley net value,1,15,209.6271210087813,243.43766939430648,33.81054838552518,-0.9587846594731659,-0.9587846594731673,105.95260428123218,1.3322676295501878e-15,-106.91138894070535,6,2acbb980472197539a865bdd457b5777669f0ca06cca13f5dfd82a053a2702c2
78,Risk-Constrained Convex Verifier,Exact Shapley net value,2,42,-210.5859056682581,-179.9169854789789,30.66892018927922,-0.9587846594731659,-0.9587846594731673,105.95260428123218,1.3322676295501878e-15,-106.91138894070535,6,2acbb980472197539a865bdd457b5777669f0ca06cca13f5dfd82a053a2702c2
78,Risk-Constrained Convex Verifier,Exact Shapley net value,3,80,1.5170087408478139e-12,-0.10873805781829837,0.10873805781981538,-0.9587846594731659,-0.9587846594731673,105.95260428123218,1.3322676295501878e-15,-106.91138894070535,6,2acbb980472197539a865bdd457b5777669f0ca06cca13f5dfd82a053a2702c2
78,Risk-Constrained Convex Verifier,Exact Shapley net value,4,116,2.1223023338734492e-12,42.54065842372286,42.540658423720735,-0.9587846594731659,-0.9587846594731673,105.95260428123218,1.3322676295501878e-15,-106.91138894070535,6,2acbb980472197539a865bdd457b5777669f0ca06cca13f5dfd82a053a2702c2
79,Trace-Anchored Reference,Nodal signed linear,1,15,765.2306213916551,782.2967083562756,17.06608696462058,-1350.3811542569065,-1512.9275061366388,-1512.9275061366388,162.54635187973236,162.54635187973236,6,2acbb980472197539a865bdd457b5777669f0ca06cca13f5dfd82a053a2702c2
79,Trace-Anchored Reference,Nodal signed linear,2,42,-1847.3695726572403,-2021.8865273811475,174.51695472390725,-1350.3811542569065,-1512.9275061366388,-1512.9275061366388,162.54635187973236,162.54635187973236,6,2acbb980472197539a865bdd457b5777669f0ca06cca13f5dfd82a053a2702c2
79,Trace-Anchored Reference,Nodal signed linear,3,80,-257.297070497808,-261.95990368398213,4.662833186174112,-1350.3811542569065,-1512.9275061366388,-1512.9275061366388,162.54635187973236,162.54635187973236,6,2acbb980472197539a865bdd457b5777669f0ca06cca13f5dfd82a053a2702c2
79,Trace-Anchored Reference,Nodal signed linear,4,116,-10.945132493513594,-11.377783427784976,0.4326509342713827,-1350.3811542569065,-1512.9275061366388,-1512.9275061366388,162.54635187973236,162.54635187973236,6,2acbb980472197539a865bdd457b5777669f0ca06cca13f5dfd82a053a2702c2
79,Trace-Anchored Reference,Standalone avoided cost,1,15,765.2306213916381,782.2967083562756,17.06608696463752,-1540.6565916947511,-1512.9275061366388,-1512.9275061366388,-27.729085558112274,-27.729085558112274,6,2acbb980472197539a865bdd457b5777669f0ca06cca13f5dfd82a053a2702c2
79,Trace-Anchored Reference,Standalone avoided cost,2,42,-2034.7534246431642,-2021.8865273811475,12.866897262016664,-1540.6565916947511,-1512.9275061366388,-1512.9275061366388,-27.729085558112274,-27.729085558112274,6,2acbb980472197539a865bdd457b5777669f0ca06cca13f5dfd82a053a2702c2
79,Trace-Anchored Reference,Standalone avoided cost,3,80,-260.1886559497034,-261.95990368398213,1.7712477342787452,-1540.6565916947511,-1512.9275061366388,-1512.9275061366388,-27.729085558112274,-27.729085558112274,6,2acbb980472197539a865bdd457b5777669f0ca06cca13f5dfd82a053a2702c2
79,Trace-Anchored Reference,Standalone avoided cost,4,116,-10.945132493521669,-11.377783427784976,0.43265093426330736,-1540.6565916947511,-1512.9275061366388,-1512.9275061366388,-27.729085558112274,-27.729085558112274,6,2acbb980472197539a865bdd457b5777669f0ca06cca13f5dfd82a053a2702c2
79,Trace-Anchored Reference,Leave-one-out marginal,1,15,798.4665009030759,782.2967083562756,16.169792546800295,-1488.1788533558756,-1512.9275061366388,-1512.9275061366388,24.748652780763223,24.748652780763223,6,2acbb980472197539a865bdd457b5777669f0ca06cca13f5dfd82a053a2702c2
79,Trace-Anchored Reference,Leave-one-out marginal,2,42,-2009.9159245369665,-2021.8865273811475,11.97060284418103,-1488.1788533558756,-1512.9275061366388,-1512.9275061366388,24.748652780763223,24.748652780763223,6,2acbb980472197539a865bdd457b5777669f0ca06cca13f5dfd82a053a2702c2
79,Trace-Anchored Reference,Leave-one-out marginal,3,80,-264.84536226021737,-261.95990368398213,2.885458576235237,-1488.1788533558756,-1512.9275061366388,-1512.9275061366388,24.748652780763223,24.748652780763223,6,2acbb980472197539a865bdd457b5777669f0ca06cca13f5dfd82a053a2702c2
79,Trace-Anchored Reference,Leave-one-out marginal,4,116,-11.8840674617677,-11.377783427784976,0.5062840339827233,-1488.1788533558756,-1512.9275061366388,-1512.9275061366388,24.748652780763223,24.748652780763223,6,2acbb980472197539a865bdd457b5777669f0ca06cca13f5dfd82a053a2702c2
79,Trace-Anchored Reference,Exact Shapley net value,1,15,782.2967083562756,782.2967083562756,0.0,-1512.927506136639,-1512.9275061366388,-1512.9275061366388,-2.2737367544323206e-13,-2.2737367544323206e-13,6,2acbb980472197539a865bdd457b5777669f0ca06cca13f5dfd82a053a2702c2
79,Trace-Anchored Reference,Exact Shapley net value,2,42,-2021.8865273811475,-2021.8865273811475,0.0,-1512.927506136639,-1512.9275061366388,-1512.9275061366388,-2.2737367544323206e-13,-2.2737367544323206e-13,6,2acbb980472197539a865bdd457b5777669f0ca06cca13f5dfd82a053a2702c2
79,Trace-Anchored Reference,Exact Shapley net value,3,80,-261.95990368398213,-261.95990368398213,0.0,-1512.927506136639,-1512.9275061366388,-1512.9275061366388,-2.2737367544323206e-13,-2.2737367544323206e-13,6,2acbb980472197539a865bdd457b5777669f0ca06cca13f5dfd82a053a2702c2
79,Trace-Anchored Reference,Exact Shapley net value,4,116,-11.377783427784976,-11.377783427784976,0.0,-1512.927506136639,-1512.9275061366388,-1512.9275061366388,-2.2737367544323206e-13,-2.2737367544323206e-13,6,2acbb980472197539a865bdd457b5777669f0ca06cca13f5dfd82a053a2702c2
79,Risk-Constrained Convex Verifier,Nodal signed linear,1,15,880.7142358516194,782.2967083562756,98.41752749534373,10.973732054342719,4.897145217018988,-1512.9275061366388,6.076586837323731,1523.9012381909815,6,2acbb980472197539a865bdd457b5777669f0ca06cca13f5dfd82a053a2702c2
79,Risk-Constrained Convex Verifier,Nodal signed linear,2,42,-615.0217987074255,-2021.8865273811475,1406.8647286737219,10.973732054342719,4.897145217018988,-1512.9275061366388,6.076586837323731,1523.9012381909815,6,2acbb980472197539a865bdd457b5777669f0ca06cca13f5dfd82a053a2702c2
79,Risk-Constrained Convex Verifier,Nodal signed linear,3,80,-254.7187050898511,-261.95990368398213,7.241198594131021,10.973732054342719,4.897145217018988,-1512.9275061366388,6.076586837323731,1523.9012381909815,6,2acbb980472197539a865bdd457b5777669f0ca06cca13f5dfd82a053a2702c2
79,Risk-Constrained Convex Verifier,Nodal signed linear,4,116,0.0,-11.377783427784976,11.377783427784976,10.973732054342719,4.897145217018988,-1512.9275061366388,6.076586837323731,1523.9012381909815,6,2acbb980472197539a865bdd457b5777669f0ca06cca13f5dfd82a053a2702c2
79,Risk-Constrained Convex Verifier,Standalone avoided cost,1,15,877.8028036417636,782.2967083562756,95.50609528548796,-2.4992603303871874,4.897145217018988,-1512.9275061366388,-7.396405547406175,1510.4282458062517,6,2acbb980472197539a865bdd457b5777669f0ca06cca13f5dfd82a053a2702c2
79,Risk-Constrained Convex Verifier,Standalone avoided cost,2,42,-619.4287046471436,-2021.8865273811475,1402.457822734004,-2.4992603303871874,4.897145217018988,-1512.9275061366388,-7.396405547406175,1510.4282458062517,6,2acbb980472197539a865bdd457b5777669f0ca06cca13f5dfd82a053a2702c2
79,Risk-Constrained Convex Verifier,Standalone avoided cost,3,80,-260.8733593250072,-261.95990368398213,1.0865443589749475,-2.4992603303871874,4.897145217018988,-1512.9275061366388,-7.396405547406175,1510.4282458062517,6,2acbb980472197539a865bdd457b5777669f0ca06cca13f5dfd82a053a2702c2
79,Risk-Constrained Convex Verifier,Standalone avoided cost,4,116,0.0,-11.377783427784976,11.377783427784976,-2.4992603303871874,4.897145217018988,-1512.9275061366388,-7.396405547406175,1510.4282458062517,6,2acbb980472197539a865bdd457b5777669f0ca06cca13f5dfd82a053a2702c2
79,Risk-Constrained Convex Verifier,Leave-one-out marginal,1,15,882.4542030714038,782.2967083562756,100.15749471512811,12.293550764425163,4.897145217018988,-1512.9275061366388,7.396405547406175,1525.221056901064,6,2acbb980472197539a865bdd457b5777669f0ca06cca13f5dfd82a053a2702c2
79,Risk-Constrained Convex Verifier,Leave-one-out marginal,2,42,-613.4346421492082,-2021.8865273811475,1408.4518852319393,12.293550764425163,4.897145217018988,-1512.9275061366388,7.396405547406175,1525.221056901064,6,2acbb980472197539a865bdd457b5777669f0ca06cca13f5dfd82a053a2702c2
79,Risk-Constrained Convex Verifier,Leave-one-out marginal,3,80,-256.72601015777036,-261.95990368398213,5.233893526211773,12.293550764425163,4.897145217018988,-1512.9275061366388,7.396405547406175,1525.221056901064,6,2acbb980472197539a865bdd457b5777669f0ca06cca13f5dfd82a053a2702c2
79,Risk-Constrained Convex Verifier,Leave-one-out marginal,4,116,0.0,-11.377783427784976,11.377783427784976,12.293550764425163,4.897145217018988,-1512.9275061366388,7.396405547406175,1525.221056901064,6,2acbb980472197539a865bdd457b5777669f0ca06cca13f5dfd82a053a2702c2
79,Risk-Constrained Convex Verifier,Exact Shapley net value,1,15,880.1285033565837,782.2967083562756,97.83179500030803,4.897145217018988,4.897145217018988,-1512.9275061366388,0.0,1517.8246513536578,6,2acbb980472197539a865bdd457b5777669f0ca06cca13f5dfd82a053a2702c2
79,Risk-Constrained Convex Verifier,Exact Shapley net value,2,42,-616.4316733981759,-2021.8865273811475,1405.4548539829716,4.897145217018988,4.897145217018988,-1512.9275061366388,0.0,1517.8246513536578,6,2acbb980472197539a865bdd457b5777669f0ca06cca13f5dfd82a053a2702c2
79,Risk-Constrained Convex Verifier,Exact Shapley net value,3,80,-258.7996847413888,-261.95990368398213,3.1602189425933602,4.897145217018988,4.897145217018988,-1512.9275061366388,0.0,1517.8246513536578,6,2acbb980472197539a865bdd457b5777669f0ca06cca13f5dfd82a053a2702c2
79,Risk-Constrained Convex Verifier,Exact Shapley net value,4,116,0.0,-11.377783427784976,11.377783427784976,4.897145217018988,4.897145217018988,-1512.9275061366388,0.0,1517.8246513536578,6,2acbb980472197539a865bdd457b5777669f0ca06cca13f5dfd82a053a2702c2
80,Trace-Anchored Reference,Nodal signed linear,1,15,720.652770832827,722.9239674266076,2.271196593780701,469.53166131229244,468.2358175755253,468.2358175755253,1.2958437367671536,1.2958437367671536,6,2acbb980472197539a865bdd457b5777669f0ca06cca13f5dfd82a053a2702c2
80,Trace-Anchored Reference,Nodal signed linear,2,42,-425.828491713118,-429.2689572100826,3.4404654969645776,469.53166131229244,468.2358175755253,468.2358175755253,1.2958437367671536,1.2958437367671536,6,2acbb980472197539a865bdd457b5777669f0ca06cca13f5dfd82a053a2702c2
80,Trace-Anchored Reference,Nodal signed linear,3,80,105.24406457430186,105.20780343113557,0.03626114316628559,469.53166131229244,468.2358175755253,468.2358175755253,1.2958437367671536,1.2958437367671536,6,2acbb980472197539a865bdd457b5777669f0ca06cca13f5dfd82a053a2702c2
80,Trace-Anchored Reference,Nodal signed linear,4,116,69.46331761828168,69.37300392786466,0.09031369041701964,469.53166131229244,468.2358175755253,468.2358175755253,1.2958437367671536,1.2958437367671536,6,2acbb980472197539a865bdd457b5777669f0ca06cca13f5dfd82a053a2702c2
80,Trace-Anchored Reference,Standalone avoided cost,1,15,718.7989963566761,722.9239674266076,4.124971069931576,459.3507931207387,468.2358175755253,468.2358175755253,-8.885024454786617,-8.885024454786617,6,2acbb980472197539a865bdd457b5777669f0ca06cca13f5dfd82a053a2702c2
80,Trace-Anchored Reference,Standalone avoided cost,2,42,-434.15558542851795,-429.2689572100826,4.886628218435362,459.3507931207387,468.2358175755253,468.2358175755253,-8.885024454786617,-8.885024454786617,6,2acbb980472197539a865bdd457b5777669f0ca06cca13f5dfd82a053a2702c2
80,Trace-Anchored Reference,Standalone avoided cost,3,80,105.2440645743045,105.20780343113557,0.03626114316892881,459.3507931207387,468.2358175755253,468.2358175755253,-8.885024454786617,-8.885024454786617,6,2acbb980472197539a865bdd457b5777669f0ca06cca13f5dfd82a053a2702c2
80,Trace-Anchored Reference,Standalone avoided cost,4,116,69.46331761827605,69.37300392786466,0.09031369041139214,459.3507931207387,468.2358175755253,468.2358175755253,-8.885024454786617,-8.885024454786617,6,2acbb980472197539a865bdd457b5777669f0ca06cca13f5dfd82a053a2702c2
80,Trace-Anchored Reference,Leave-one-out marginal,1,15,726.7629842333881,722.9239674266076,3.839016806780478,476.17386218767206,468.2358175755253,468.2358175755253,7.9380446121467685,7.9380446121467685,6,2acbb980472197539a865bdd457b5777669f0ca06cca13f5dfd82a053a2702c2
80,Trace-Anchored Reference,Leave-one-out marginal,2,42,-424.6628163444693,-429.2689572100826,4.60614086561327,476.17386218767206,468.2358175755253,468.2358175755253,7.9380446121467685,7.9380446121467685,6,2acbb980472197539a865bdd457b5777669f0ca06cca13f5dfd82a053a2702c2
80,Trace-Anchored Reference,Leave-one-out marginal,3,80,105.03258120279861,105.20780343113557,0.17522222833696333,476.17386218767206,468.2358175755253,468.2358175755253,7.9380446121467685,7.9380446121467685,6,2acbb980472197539a865bdd457b5777669f0ca06cca13f5dfd82a053a2702c2
80,Trace-Anchored Reference,Leave-one-out marginal,4,116,69.04111309595464,69.37300392786466,0.331890831910016,476.17386218767206,468.2358175755253,468.2358175755253,7.9380446121467685,7.9380446121467685,6,2acbb980472197539a865bdd457b5777669f0ca06cca13f5dfd82a053a2702c2
80,Trace-Anchored Reference,Exact Shapley net value,1,15,722.9239674266076,722.9239674266076,0.0,468.2358175755253,468.2358175755253,468.2358175755253,0.0,0.0,6,2acbb980472197539a865bdd457b5777669f0ca06cca13f5dfd82a053a2702c2
80,Trace-Anchored Reference,Exact Shapley net value,2,42,-429.2689572100826,-429.2689572100826,0.0,468.2358175755253,468.2358175755253,468.2358175755253,0.0,0.0,6,2acbb980472197539a865bdd457b5777669f0ca06cca13f5dfd82a053a2702c2
80,Trace-Anchored Reference,Exact Shapley net value,3,80,105.20780343113557,105.20780343113557,0.0,468.2358175755253,468.2358175755253,468.2358175755253,0.0,0.0,6,2acbb980472197539a865bdd457b5777669f0ca06cca13f5dfd82a053a2702c2
80,Trace-Anchored Reference,Exact Shapley net value,4,116,69.37300392786466,69.37300392786466,0.0,468.2358175755253,468.2358175755253,468.2358175755253,0.0,0.0,6,2acbb980472197539a865bdd457b5777669f0ca06cca13f5dfd82a053a2702c2
80,Risk-Constrained Convex Verifier,Nodal signed linear,1,15,555.7664913658848,722.9239674266076,167.15747606072284,-3.621695350525748,-5.198469625283906,468.2358175755253,1.576774274758158,-471.857512926051,6,2acbb980472197539a865bdd457b5777669f0ca06cca13f5dfd82a053a2702c2
80,Risk-Constrained Convex Verifier,Nodal signed linear,2,42,-560.0834956383127,-429.2689572100826,130.8145384282301,-3.621695350525748,-5.198469625283906,468.2358175755253,1.576774274758158,-471.857512926051,6,2acbb980472197539a865bdd457b5777669f0ca06cca13f5dfd82a053a2702c2
80,Risk-Constrained Convex Verifier,Nodal signed linear,3,80,0.22402449102876076,105.20780343113557,104.98377894010682,-3.621695350525748,-5.198469625283906,468.2358175755253,1.576774274758158,-471.857512926051,6,2acbb980472197539a865bdd457b5777669f0ca06cca13f5dfd82a053a2702c2
80,Risk-Constrained Convex Verifier,Nodal signed linear,4,116,0.47128443087337146,69.37300392786466,68.90171949699129,-3.621695350525748,-5.198469625283906,468.2358175755253,1.576774274758158,-471.857512926051,6,2acbb980472197539a865bdd457b5777669f0ca06cca13f5dfd82a053a2702c2
80,Risk-Constrained Convex Verifier,Standalone avoided cost,1,15,554.5462814827697,722.9239674266076,168.37768594383795,-13.099073237597622,-5.198469625283906,468.2358175755253,-7.900603612313716,-481.3348908131229,6,2acbb980472197539a865bdd457b5777669f0ca06cca13f5dfd82a053a2702c2
80,Risk-Constrained Convex Verifier,Standalone avoided cost,2,42,-567.8945508633988,-429.2689572100826,138.62559365331617,-13.099073237597622,-5.198469625283906,468.2358175755253,-7.900603612313716,-481.3348908131229,6,2acbb980472197539a865bdd457b5777669f0ca06cca13f5dfd82a053a2702c2
80,Risk-Constrained Convex Verifier,Standalone avoided cost,3,80,0.0909314033051487,105.20780343113557,105.11687202783042,-13.099073237597622,-5.198469625283906,468.2358175755253,-7.900603612313716,-481.3348908131229,6,2acbb980472197539a865bdd457b5777669f0ca06cca13f5dfd82a053a2702c2
80,Risk-Constrained Convex Verifier,Standalone avoided cost,4,116,0.15826473972629174,69.37300392786466,69.21473918813837,-13.099073237597622,-5.198469625283906,468.2358175755253,-7.900603612313716,-481.3348908131229,6,2acbb980472197539a865bdd457b5777669f0ca06cca13f5dfd82a053a2702c2
80,Risk-Constrained Convex Verifier,Leave-one-out marginal,1,15,562.0007723162198,722.9239674266076,160.92319511038784,2.3815116884761665,-5.198469625283906,468.2358175755253,7.579981313760072,-465.8543058870491,6,2acbb980472197539a865bdd457b5777669f0ca06cca13f5dfd82a053a2702c2
80,Risk-Constrained Convex Verifier,Leave-one-out marginal,2,42,-559.9340962546703,-429.2689572100826,130.6651390445877,2.3815116884761665,-5.198469625283906,468.2358175755253,7.579981313760072,-465.8543058870491,6,2acbb980472197539a865bdd457b5777669f0ca06cca13f5dfd82a053a2702c2
80,Risk-Constrained Convex Verifier,Leave-one-out marginal,3,80,0.06100590508867754,105.20780343113557,105.1467975260469,2.3815116884761665,-5.198469625283906,468.2358175755253,7.579981313760072,-465.8543058870491,6,2acbb980472197539a865bdd457b5777669f0ca06cca13f5dfd82a053a2702c2
80,Risk-Constrained Convex Verifier,Leave-one-out marginal,4,116,0.2538297218379739,69.37300392786466,69.11917420602668,2.3815116884761665,-5.198469625283906,468.2358175755253,7.579981313760072,-465.8543058870491,6,2acbb980472197539a865bdd457b5777669f0ca06cca13f5dfd82a053a2702c2
80,Risk-Constrained Convex Verifier,Exact Shapley net value,1,15,558.3158728586117,722.9239674266076,164.60809456799598,-5.198469625283867,-5.198469625283906,468.2358175755253,3.907985046680551e-14,-473.43428720080914,6,2acbb980472197539a865bdd457b5777669f0ca06cca13f5dfd82a053a2702c2
80,Risk-Constrained Convex Verifier,Exact Shapley net value,2,42,-563.8719775999207,-429.2689572100826,134.6030203898381,-5.198469625283867,-5.198469625283906,468.2358175755253,3.907985046680551e-14,-473.43428720080914,6,2acbb980472197539a865bdd457b5777669f0ca06cca13f5dfd82a053a2702c2
80,Risk-Constrained Convex Verifier,Exact Shapley net value,3,80,0.10924192612734984,105.20780343113557,105.09856150500822,-5.198469625283867,-5.198469625283906,468.2358175755253,3.907985046680551e-14,-473.43428720080914,6,2acbb980472197539a865bdd457b5777669f0ca06cca13f5dfd82a053a2702c2
80,Risk-Constrained Convex Verifier,Exact Shapley net value,4,116,0.24839318989779713,69.37300392786466,69.12461073796686,-5.198469625283867,-5.198469625283906,468.2358175755253,3.907985046680551e-14,-473.43428720080914,6,2acbb980472197539a865bdd457b5777669f0ca06cca13f5dfd82a053a2702c2
81,Trace-Anchored Reference,Nodal signed linear,1,15,1162.8332440343765,1163.184672423984,0.35142838960746303,-875.897522268851,-992.761314442876,-992.761314442876,116.86379217402498,116.86379217402498,6,2acbb980472197539a865bdd457b5777669f0ca06cca13f5dfd82a053a2702c2
81,Trace-Anchored Reference,Nodal signed linear,2,42,-1416.287957505453,-1506.349655942041,90.0616984365879,-875.897522268851,-992.761314442876,-992.761314442876,116.86379217402498,116.86379217402498,6,2acbb980472197539a865bdd457b5777669f0ca06cca13f5dfd82a053a2702c2
81,Trace-Anchored Reference,Nodal signed linear,3,80,-359.1774359233726,-373.39018353775714,14.212747614384512,-875.897522268851,-992.761314442876,-992.761314442876,116.86379217402498,116.86379217402498,6,2acbb980472197539a865bdd457b5777669f0ca06cca13f5dfd82a053a2702c2
81,Trace-Anchored Reference,Nodal signed linear,4,116,-263.2653728744019,-276.2061473870617,12.9407745126598,-875.897522268851,-992.761314442876,-992.761314442876,116.86379217402498,116.86379217402498,6,2acbb980472197539a865bdd457b5777669f0ca06cca13f5dfd82a053a2702c2
81,Trace-Anchored Reference,Standalone avoided cost,1,15,1127.852008636637,1163.184672423984,35.33266378734697,-1033.7367886525244,-992.761314442876,-992.761314442876,-40.97547420964838,-40.97547420964838,6,2acbb980472197539a865bdd457b5777669f0ca06cca13f5dfd82a053a2702c2
81,Trace-Anchored Reference,Standalone avoided cost,2,42,-1532.3378352683976,-1506.349655942041,25.988179326356658,-1033.7367886525244,-992.761314442876,-992.761314442876,-40.97547420964838,-40.97547420964838,6,2acbb980472197539a865bdd457b5777669f0ca06cca13f5dfd82a053a2702c2
81,Trace-Anchored Reference,Standalone avoided cost,3,80,-362.9338769312453,-373.39018353775714,10.456306606511816,-1033.7367886525244,-992.761314442876,-992.761314442876,-40.97547420964838,-40.97547420964838,6,2acbb980472197539a865bdd457b5777669f0ca06cca13f5dfd82a053a2702c2
81,Trace-Anchored Reference,Standalone avoided cost,4,116,-266.3170850895185,-276.2061473870617,9.889062297543205,-1033.7367886525244,-992.761314442876,-992.761314442876,-40.97547420964838,-40.97547420964838,6,2acbb980472197539a865bdd457b5777669f0ca06cca13f5dfd82a053a2702c2
81,Trace-Anchored Reference,Leave-one-out marginal,1,15,1196.8736378284411,1163.184672423984,33.68896540445712,-963.5244310127418,-992.761314442876,-992.761314442876,29.236883430134185,29.236883430134185,6,2acbb980472197539a865bdd457b5777669f0ca06cca13f5dfd82a053a2702c2
81,Trace-Anchored Reference,Leave-one-out marginal,2,42,-1484.0530478648689,-1506.349655942041,22.296608077172095,-963.5244310127418,-992.761314442876,-992.761314442876,29.236883430134185,29.236883430134185,6,2acbb980472197539a865bdd457b5777669f0ca06cca13f5dfd82a053a2702c2
81,Trace-Anchored Reference,Leave-one-out marginal,3,80,-387.1095789367173,-373.39018353775714,13.71939539896016,-963.5244310127418,-992.761314442876,-992.761314442876,29.236883430134185,29.236883430134185,6,2acbb980472197539a865bdd457b5777669f0ca06cca13f5dfd82a053a2702c2
81,Trace-Anchored Reference,Leave-one-out marginal,4,116,-289.2354420395968,-276.2061473870617,13.0292946525351,-963.5244310127418,-992.761314442876,-992.761314442876,29.236883430134185,29.236883430134185,6,2acbb980472197539a865bdd457b5777669f0ca06cca13f5dfd82a053a2702c2
81,Trace-Anchored Reference,Exact Shapley net value,1,15,1163.184672423984,1163.184672423984,0.0,-992.7613144428758,-992.761314442876,-992.761314442876,2.2737367544323206e-13,2.2737367544323206e-13,6,2acbb980472197539a865bdd457b5777669f0ca06cca13f5dfd82a053a2702c2
81,Trace-Anchored Reference,Exact Shapley net value,2,42,-1506.349655942041,-1506.349655942041,0.0,-992.7613144428758,-992.761314442876,-992.761314442876,2.2737367544323206e-13,2.2737367544323206e-13,6,2acbb980472197539a865bdd457b5777669f0ca06cca13f5dfd82a053a2702c2
81,Trace-Anchored Reference,Exact Shapley net value,3,80,-373.39018353775714,-373.39018353775714,0.0,-992.7613144428758,-992.761314442876,-992.761314442876,2.2737367544323206e-13,2.2737367544323206e-13,6,2acbb980472197539a865bdd457b5777669f0ca06cca13f5dfd82a053a2702c2
81,Trace-Anchored Reference,Exact Shapley net value,4,116,-276.2061473870617,-276.2061473870617,0.0,-992.7613144428758,-992.761314442876,-992.761314442876,2.2737367544323206e-13,2.2737367544323206e-13,6,2acbb980472197539a865bdd457b5777669f0ca06cca13f5dfd82a053a2702c2
81,Risk-Constrained Convex Verifier,Nodal signed linear,1,15,1494.517228243621,1163.184672423984,331.33255581963704,-68.52067135115526,-77.82000535649786,-992.761314442876,9.299334005342601,924.2406430917208,6,2acbb980472197539a865bdd457b5777669f0ca06cca13f5dfd82a053a2702c2
81,Risk-Constrained Convex Verifier,Nodal signed linear,2,42,-1402.5977629507286,-1506.349655942041,103.75189299131239,-68.52067135115526,-77.82000535649786,-992.761314442876,9.299334005342601,924.2406430917208,6,2acbb980472197539a865bdd457b5777669f0ca06cca13f5dfd82a053a2702c2
81,Risk-Constrained Convex Verifier,Nodal signed linear,3,80,-37.24124409780815,-373.39018353775714,336.148939439949,-68.52067135115526,-77.82000535649786,-992.761314442876,9.299334005342601,924.2406430917208,6,2acbb980472197539a865bdd457b5777669f0ca06cca13f5dfd82a053a2702c2
81,Risk-Constrained Convex Verifier,Nodal signed linear,4,116,-123.19889254623959,-276.2061473870617,153.00725484082213,-68.52067135115526,-77.82000535649786,-992.761314442876,9.299334005342601,924.2406430917208,6,2acbb980472197539a865bdd457b5777669f0ca06cca13f5dfd82a053a2702c2
81,Risk-Constrained Convex Verifier,Standalone avoided cost,1,15,1487.6186666577632,1163.184672423984,324.43399423377923,-137.70248307656948,-77.82000535649786,-992.761314442876,-59.88247772007162,855.0588313663065,6,2acbb980472197539a865bdd457b5777669f0ca06cca13f5dfd82a053a2702c2
81,Risk-Constrained Convex Verifier,Standalone avoided cost,2,42,-1464.8810130902748,-1506.349655942041,41.46864285176616,-137.70248307656948,-77.82000535649786,-992.761314442876,-59.88247772007162,855.0588313663065,6,2acbb980472197539a865bdd457b5777669f0ca06cca13f5dfd82a053a2702c2
81,Risk-Constrained Convex Verifier,Standalone avoided cost,3,80,-37.24124409781143,-373.39018353775714,336.1489394399457,-137.70248307656948,-77.82000535649786,-992.761314442876,-59.88247772007162,855.0588313663065,6,2acbb980472197539a865bdd457b5777669f0ca06cca13f5dfd82a053a2702c2
81,Risk-Constrained Convex Verifier,Standalone avoided cost,4,116,-123.1988925462465,-276.2061473870617,153.00725484081522,-137.70248307656948,-77.82000535649786,-992.761314442876,-59.88247772007162,855.0588313663065,6,2acbb980472197539a865bdd457b5777669f0ca06cca13f5dfd82a053a2702c2
81,Risk-Constrained Convex Verifier,Leave-one-out marginal,1,15,1547.4762188052773,1163.184672423984,384.2915463812933,-21.363684641302825,-77.82000535649786,-992.761314442876,56.456320715195034,971.3976298015732,6,2acbb980472197539a865bdd457b5777669f0ca06cca13f5dfd82a053a2702c2
81,Risk-Constrained Convex Verifier,Leave-one-out marginal,2,42,-1408.3904389881245,-1506.349655942041,97.95921695391644,-21.363684641302825,-77.82000535649786,-992.761314442876,56.456320715195034,971.3976298015732,6,2acbb980472197539a865bdd457b5777669f0ca06cca13f5dfd82a053a2702c2
81,Risk-Constrained Convex Verifier,Leave-one-out marginal,3,80,-37.250571912209125,-373.39018353775714,336.139611625548,-21.363684641302825,-77.82000535649786,-992.761314442876,56.456320715195034,971.3976298015732,6,2acbb980472197539a865bdd457b5777669f0ca06cca13f5dfd82a053a2702c2
81,Risk-Constrained Convex Verifier,Leave-one-out marginal,4,116,-123.1988925462465,-276.2061473870617,153.00725484081522,-21.363684641302825,-77.82000535649786,-992.761314442876,56.456320715195034,971.3976298015732,6,2acbb980472197539a865bdd457b5777669f0ca06cca13f5dfd82a053a2702c2
81,Risk-Constrained Convex Verifier,Exact Shapley net value,1,15,1518.2428032303965,1163.184672423984,355.05813080641246,-77.82000535649769,-77.82000535649786,-992.761314442876,1.7053025658242404e-13,914.9413090863784,6,2acbb980472197539a865bdd457b5777669f0ca06cca13f5dfd82a053a2702c2
81,Risk-Constrained Convex Verifier,Exact Shapley net value,2,42,-1436.1890342031193,-1506.349655942041,70.16062173892169,-77.82000535649769,-77.82000535649786,-992.761314442876,1.7053025658242404e-13,914.9413090863784,6,2acbb980472197539a865bdd457b5777669f0ca06cca13f5dfd82a053a2702c2
81,Risk-Constrained Convex Verifier,Exact Shapley net value,3,80,-37.117419411518306,-373.39018353775714,336.2727641262388,-77.82000535649769,-77.82000535649786,-992.761314442876,1.7053025658242404e-13,914.9413090863784,6,2acbb980472197539a865bdd457b5777669f0ca06cca13f5dfd82a053a2702c2
81,Risk-Constrained Convex Verifier,Exact Shapley net value,4,116,-122.7563549722566,-276.2061473870617,153.44979241480513,-77.82000535649769,-77.82000535649786,-992.761314442876,1.7053025658242404e-13,914.9413090863784,6,2acbb980472197539a865bdd457b5777669f0ca06cca13f5dfd82a053a2702c2
82,Trace-Anchored Reference,Nodal signed linear,1,15,590.0840949324821,590.0980663921324,0.013971459650292672,429.9835369015731,429.9835369015782,429.9835369015782,-5.115907697472721e-12,-5.115907697472721e-12,6,2acbb980472197539a865bdd457b5777669f0ca06cca13f5dfd82a053a2702c2
82,Trace-Anchored Reference,Nodal signed linear,2,42,-424.2837814763733,-424.31895806975535,0.03517659338206158,429.9835369015731,429.9835369015782,429.9835369015782,-5.115907697472721e-12,-5.115907697472721e-12,6,2acbb980472197539a865bdd457b5777669f0ca06cca13f5dfd82a053a2702c2
82,Trace-Anchored Reference,Nodal signed linear,3,80,188.15613768481697,188.16337135889958,0.007233674082613106,429.9835369015731,429.9835369015782,429.9835369015782,-5.115907697472721e-12,-5.115907697472721e-12,6,2acbb980472197539a865bdd457b5777669f0ca06cca13f5dfd82a053a2702c2
82,Trace-Anchored Reference,Nodal signed linear,4,116,76.02708576064734,76.0410572203015,0.013971459654158025,429.9835369015731,429.9835369015782,429.9835369015782,-5.115907697472721e-12,-5.115907697472721e-12,6,2acbb980472197539a865bdd457b5777669f0ca06cca13f5dfd82a053a2702c2
82,Trace-Anchored Reference,Standalone avoided cost,1,15,590.0840949324884,590.0980663921324,0.013971459644039896,429.8563060992092,429.9835369015782,429.9835369015782,-0.12723080236901296,-0.12723080236901296,6,2acbb980472197539a865bdd457b5777669f0ca06cca13f5dfd82a053a2702c2
82,Trace-Anchored Reference,Standalone avoided cost,2,42,-424.4110122787606,-424.31895806975535,0.09205420900525496,429.8563060992092,429.9835369015782,429.9835369015782,-0.12723080236901296,-0.12723080236901296,6,2acbb980472197539a865bdd457b5777669f0ca06cca13f5dfd82a053a2702c2
82,Trace-Anchored Reference,Standalone avoided cost,3,80,188.1561376848258,188.16337135889958,0.007233674073773955,429.8563060992092,429.9835369015782,429.9835369015782,-0.12723080236901296,-0.12723080236901296,6,2acbb980472197539a865bdd457b5777669f0ca06cca13f5dfd82a053a2702c2
82,Trace-Anchored Reference,Standalone avoided cost,4,116,76.02708576065561,76.0410572203015,0.013971459645887307,429.8563060992092,429.9835369015782,429.9835369015782,-0.12723080236901296,-0.12723080236901296,6,2acbb980472197539a865bdd457b5777669f0ca06cca13f5dfd82a053a2702c2
82,Trace-Anchored Reference,Leave-one-out marginal,1,15,590.0840949324702,590.0980663921324,0.01397145966222979,429.98353690155636,429.9835369015782,429.9835369015782,-2.1827872842550278e-11,-2.1827872842550278e-11,6,2acbb980472197539a865bdd457b5777669f0ca06cca13f5dfd82a053a2702c2
82,Trace-Anchored Reference,Leave-one-out marginal,2,42,-424.2837814763734,-424.31895806975535,0.035176593381947896,429.98353690155636,429.9835369015782,429.9835369015782,-2.1827872842550278e-11,-2.1827872842550278e-11,6,2acbb980472197539a865bdd457b5777669f0ca06cca13f5dfd82a053a2702c2
82,Trace-Anchored Reference,Leave-one-out marginal,3,80,188.15613768481853,188.16337135889958,0.007233674081049912,429.98353690155636,429.9835369015782,429.9835369015782,-2.1827872842550278e-11,-2.1827872842550278e-11,6,2acbb980472197539a865bdd457b5777669f0ca06cca13f5dfd82a053a2702c2
82,Trace-Anchored Reference,Leave-one-out marginal,4,116,76.02708576064106,76.0410572203015,0.013971459660439223,429.98353690155636,429.9835369015782,429.9835369015782,-2.1827872842550278e-11,-2.1827872842550278e-11,6,2acbb980472197539a865bdd457b5777669f0ca06cca13f5dfd82a053a2702c2
82,Trace-Anchored Reference,Exact Shapley net value,1,15,590.0980663921324,590.0980663921324,0.0,429.9835369015781,429.9835369015782,429.9835369015782,-1.1368683772161603e-13,-1.1368683772161603e-13,6,2acbb980472197539a865bdd457b5777669f0ca06cca13f5dfd82a053a2702c2
82,Trace-Anchored Reference,Exact Shapley net value,2,42,-424.31895806975535,-424.31895806975535,0.0,429.9835369015781,429.9835369015782,429.9835369015782,-1.1368683772161603e-13,-1.1368683772161603e-13,6,2acbb980472197539a865bdd457b5777669f0ca06cca13f5dfd82a053a2702c2
82,Trace-Anchored Reference,Exact Shapley net value,3,80,188.16337135889958,188.16337135889958,0.0,429.9835369015781,429.9835369015782,429.9835369015782,-1.1368683772161603e-13,-1.1368683772161603e-13,6,2acbb980472197539a865bdd457b5777669f0ca06cca13f5dfd82a053a2702c2
82,Trace-Anchored Reference,Exact Shapley net value,4,116,76.0410572203015,76.0410572203015,0.0,429.9835369015781,429.9835369015782,429.9835369015782,-1.1368683772161603e-13,-1.1368683772161603e-13,6,2acbb980472197539a865bdd457b5777669f0ca06cca13f5dfd82a053a2702c2
82,Risk-Constrained Convex Verifier,Nodal signed linear,1,15,539.1035448962746,590.0980663921324,50.99452149585784,-6.2355038251303085,-6.235503825122578,429.9835369015782,-7.73070496506989e-12,-436.2190407267085,6,2acbb980472197539a865bdd457b5777669f0ca06cca13f5dfd82a053a2702c2
82,Risk-Constrained Convex Verifier,Nodal signed linear,2,42,-545.3390487214049,-424.31895806975535,121.02009065164953,-6.2355038251303085,-6.235503825122578,429.9835369015782,-7.73070496506989e-12,-436.2190407267085,6,2acbb980472197539a865bdd457b5777669f0ca06cca13f5dfd82a053a2702c2
82,Risk-Constrained Convex Verifier,Nodal signed linear,3,80,0.0,188.16337135889958,188.16337135889958,-6.2355038251303085,-6.235503825122578,429.9835369015782,-7.73070496506989e-12,-436.2190407267085,6,2acbb980472197539a865bdd457b5777669f0ca06cca13f5dfd82a053a2702c2
82,Risk-Constrained Convex Verifier,Nodal signed linear,4,116,0.0,76.0410572203015,76.0410572203015,-6.2355038251303085,-6.235503825122578,429.9835369015782,-7.73070496506989e-12,-436.2190407267085,6,2acbb980472197539a865bdd457b5777669f0ca06cca13f5dfd82a053a2702c2
82,Risk-Constrained Convex Verifier,Standalone avoided cost,1,15,539.1035448963012,590.0980663921324,50.994521495831236,-6.23550382508256,-6.235503825122578,429.9835369015782,4.001776687800884e-11,-436.21904072666075,6,2acbb980472197539a865bdd457b5777669f0ca06cca13f5dfd82a053a2702c2
82,Risk-Constrained Convex Verifier,Standalone avoided cost,2,42,-545.3390487213837,-424.31895806975535,121.02009065162838,-6.23550382508256,-6.235503825122578,429.9835369015782,4.001776687800884e-11,-436.21904072666075,6,2acbb980472197539a865bdd457b5777669f0ca06cca13f5dfd82a053a2702c2
82,Risk-Constrained Convex Verifier,Standalone avoided cost,3,80,0.0,188.16337135889958,188.16337135889958,-6.23550382508256,-6.235503825122578,429.9835369015782,4.001776687800884e-11,-436.21904072666075,6,2acbb980472197539a865bdd457b5777669f0ca06cca13f5dfd82a053a2702c2
82,Risk-Constrained Convex Verifier,Standalone avoided cost,4,116,0.0,76.0410572203015,76.0410572203015,-6.23550382508256,-6.235503825122578,429.9835369015782,4.001776687800884e-11,-436.21904072666075,6,2acbb980472197539a865bdd457b5777669f0ca06cca13f5dfd82a053a2702c2
82,Risk-Constrained Convex Verifier,Leave-one-out marginal,1,15,539.1035448962612,590.0980663921324,50.994521495871254,-6.235503825162596,-6.235503825122578,429.9835369015782,-4.001776687800884e-11,-436.2190407267408,6,2acbb980472197539a865bdd457b5777669f0ca06cca13f5dfd82a053a2702c2
82,Risk-Constrained Convex Verifier,Leave-one-out marginal,2,42,-545.3390487214238,-424.31895806975535,121.0200906516684,-6.235503825162596,-6.235503825122578,429.9835369015782,-4.001776687800884e-11,-436.2190407267408,6,2acbb980472197539a865bdd457b5777669f0ca06cca13f5dfd82a053a2702c2
82,Risk-Constrained Convex Verifier,Leave-one-out marginal,3,80,0.0,188.16337135889958,188.16337135889958,-6.235503825162596,-6.235503825122578,429.9835369015782,-4.001776687800884e-11,-436.2190407267408,6,2acbb980472197539a865bdd457b5777669f0ca06cca13f5dfd82a053a2702c2
82,Risk-Constrained Convex Verifier,Leave-one-out marginal,4,116,0.0,76.0410572203015,76.0410572203015,-6.235503825162596,-6.235503825122578,429.9835369015782,-4.001776687800884e-11,-436.2190407267408,6,2acbb980472197539a865bdd457b5777669f0ca06cca13f5dfd82a053a2702c2
82,Risk-Constrained Convex Verifier,Exact Shapley net value,1,15,539.1035448962812,590.0980663921324,50.994521495851245,-6.235503825122578,-6.235503825122578,429.9835369015782,0.0,-436.21904072670077,6,2acbb980472197539a865bdd457b5777669f0ca06cca13f5dfd82a053a2702c2
82,Risk-Constrained Convex Verifier,Exact Shapley net value,2,42,-545.3390487214037,-424.31895806975535,121.02009065164839,-6.235503825122578,-6.235503825122578,429.9835369015782,0.0,-436.21904072670077,6,2acbb980472197539a865bdd457b5777669f0ca06cca13f5dfd82a053a2702c2
82,Risk-Constrained Convex Verifier,Exact Shapley net value,3,80,0.0,188.16337135889958,188.16337135889958,-6.235503825122578,-6.235503825122578,429.9835369015782,0.0,-436.21904072670077,6,2acbb980472197539a865bdd457b5777669f0ca06cca13f5dfd82a053a2702c2
82,Risk-Constrained Convex Verifier,Exact Shapley net value,4,116,0.0,76.0410572203015,76.0410572203015,-6.235503825122578,-6.235503825122578,429.9835369015782,0.0,-436.21904072670077,6,2acbb980472197539a865bdd457b5777669f0ca06cca13f5dfd82a053a2702c2
83,Trace-Anchored Reference,Nodal signed linear,1,15,196.3731934537412,196.37319345373908,2.1316282072803006e-12,212.06640843787764,212.06640843786954,212.06640843786954,8.100187187665142e-12,8.100187187665142e-12,6,2acbb980472197539a865bdd457b5777669f0ca06cca13f5dfd82a053a2702c2
83,Trace-Anchored Reference,Nodal signed linear,2,42,-97.99872031344947,-97.99872031345814,8.668621376273222e-12,212.06640843787764,212.06640843786954,212.06640843786954,8.100187187665142e-12,8.100187187665142e-12,6,2acbb980472197539a865bdd457b5777669f0ca06cca13f5dfd82a053a2702c2
83,Trace-Anchored Reference,Nodal signed linear,3,80,57.37564717314072,57.375647173141246,5.258016244624741e-13,212.06640843787764,212.06640843786954,212.06640843786954,8.100187187665142e-12,8.100187187665142e-12,6,2acbb980472197539a865bdd457b5777669f0ca06cca13f5dfd82a053a2702c2
83,Trace-Anchored Reference,Nodal signed linear,4,116,56.31628812444517,56.316288124447354,2.1813661987835076e-12,212.06640843787764,212.06640843786954,212.06640843786954,8.100187187665142e-12,8.100187187665142e-12,6,2acbb980472197539a865bdd457b5777669f0ca06cca13f5dfd82a053a2702c2
83,Trace-Anchored Reference,Standalone avoided cost,1,15,196.37319345373908,196.37319345373908,0.0,212.06640843785863,212.06640843786954,212.06640843786954,-1.0913936421275139e-11,-1.0913936421275139e-11,6,2acbb980472197539a865bdd457b5777669f0ca06cca13f5dfd82a053a2702c2
83,Trace-Anchored Reference,Standalone avoided cost,2,42,-97.99872031345876,-97.99872031345814,6.252776074688882e-13,212.06640843785863,212.06640843786954,212.06640843786954,-1.0913936421275139e-11,-1.0913936421275139e-11,6,2acbb980472197539a865bdd457b5777669f0ca06cca13f5dfd82a053a2702c2
83,Trace-Anchored Reference,Standalone avoided cost,3,80,57.375647173132165,57.375647173141246,9.08073616301408e-12,212.06640843785863,212.06640843786954,212.06640843786954,-1.0913936421275139e-11,-1.0913936421275139e-11,6,2acbb980472197539a865bdd457b5777669f0ca06cca13f5dfd82a053a2702c2
83,Trace-Anchored Reference,Standalone avoided cost,4,116,56.316288124446146,56.316288124447354,1.2079226507921703e-12,212.06640843785863,212.06640843786954,212.06640843786954,-1.0913936421275139e-11,-1.0913936421275139e-11,6,2acbb980472197539a865bdd457b5777669f0ca06cca13f5dfd82a053a2702c2
83,Trace-Anchored Reference,Leave-one-out marginal,1,15,196.37319345374272,196.37319345373908,3.637978807091713e-12,212.06640843789137,212.06640843786954,212.06640843786954,2.1827872842550278e-11,2.1827872842550278e-11,6,2acbb980472197539a865bdd457b5777669f0ca06cca13f5dfd82a053a2702c2
83,Trace-Anchored Reference,Leave-one-out marginal,2,42,-97.99872031345512,-97.99872031345814,3.0127011996228248e-12,212.06640843789137,212.06640843786954,212.06640843786954,2.1827872842550278e-11,2.1827872842550278e-11,6,2acbb980472197539a865bdd457b5777669f0ca06cca13f5dfd82a053a2702c2
83,Trace-Anchored Reference,Leave-one-out marginal,3,80,57.37564717315399,57.375647173141246,1.2747136679536197e-11,212.06640843789137,212.06640843786954,212.06640843786954,2.1827872842550278e-11,2.1827872842550278e-11,6,2acbb980472197539a865bdd457b5777669f0ca06cca13f5dfd82a053a2702c2
83,Trace-Anchored Reference,Leave-one-out marginal,4,116,56.316288124449784,56.316288124447354,2.4300561562995426e-12,212.06640843789137,212.06640843786954,212.06640843786954,2.1827872842550278e-11,2.1827872842550278e-11,6,2acbb980472197539a865bdd457b5777669f0ca06cca13f5dfd82a053a2702c2
83,Trace-Anchored Reference,Exact Shapley net value,1,15,196.37319345373908,196.37319345373908,0.0,212.06640843786954,212.06640843786954,212.06640843786954,0.0,0.0,6,2acbb980472197539a865bdd457b5777669f0ca06cca13f5dfd82a053a2702c2
83,Trace-Anchored Reference,Exact Shapley net value,2,42,-97.99872031345814,-97.99872031345814,0.0,212.06640843786954,212.06640843786954,212.06640843786954,0.0,0.0,6,2acbb980472197539a865bdd457b5777669f0ca06cca13f5dfd82a053a2702c2
83,Trace-Anchored Reference,Exact Shapley net value,3,80,57.375647173141246,57.375647173141246,0.0,212.06640843786954,212.06640843786954,212.06640843786954,0.0,0.0,6,2acbb980472197539a865bdd457b5777669f0ca06cca13f5dfd82a053a2702c2
83,Trace-Anchored Reference,Exact Shapley net value,4,116,56.316288124447354,56.316288124447354,0.0,212.06640843786954,212.06640843786954,212.06640843786954,0.0,0.0,6,2acbb980472197539a865bdd457b5777669f0ca06cca13f5dfd82a053a2702c2
83,Risk-Constrained Convex Verifier,Nodal signed linear,1,15,136.05649026583424,196.37319345373908,60.316703187904835,-0.47717840197014993,-0.47717840197947226,212.06640843786954,9.322320693172514e-12,-212.5435868398397,6,2acbb980472197539a865bdd457b5777669f0ca06cca13f5dfd82a053a2702c2
83,Risk-Constrained Convex Verifier,Nodal signed linear,2,42,-136.5336686678044,-97.99872031345814,38.534948354346255,-0.47717840197014993,-0.47717840197947226,212.06640843786954,9.322320693172514e-12,-212.5435868398397,6,2acbb980472197539a865bdd457b5777669f0ca06cca13f5dfd82a053a2702c2
83,Risk-Constrained Convex Verifier,Nodal signed linear,3,80,0.0,57.375647173141246,57.375647173141246,-0.47717840197014993,-0.47717840197947226,212.06640843786954,9.322320693172514e-12,-212.5435868398397,6,2acbb980472197539a865bdd457b5777669f0ca06cca13f5dfd82a053a2702c2
83,Risk-Constrained Convex Verifier,Nodal signed linear,4,116,0.0,56.316288124447354,56.316288124447354,-0.47717840197014993,-0.47717840197947226,212.06640843786954,9.322320693172514e-12,-212.5435868398397,6,2acbb980472197539a865bdd457b5777669f0ca06cca13f5dfd82a053a2702c2
83,Risk-Constrained Convex Verifier,Standalone avoided cost,1,15,136.05649026582614,196.37319345373908,60.316703187912935,-0.47717840199766215,-0.47717840197947226,212.06640843786954,-1.8189894035458565e-11,-212.5435868398672,6,2acbb980472197539a865bdd457b5777669f0ca06cca13f5dfd82a053a2702c2
83,Risk-Constrained Convex Verifier,Standalone avoided cost,2,42,-136.53366866782017,-97.99872031345814,38.53494835436203,-0.47717840199766215,-0.47717840197947226,212.06640843786954,-1.8189894035458565e-11,-212.5435868398672,6,2acbb980472197539a865bdd457b5777669f0ca06cca13f5dfd82a053a2702c2
83,Risk-Constrained Convex Verifier,Standalone avoided cost,3,80,-3.637978807091713e-12,57.375647173141246,57.375647173144884,-0.47717840199766215,-0.47717840197947226,212.06640843786954,-1.8189894035458565e-11,-212.5435868398672,6,2acbb980472197539a865bdd457b5777669f0ca06cca13f5dfd82a053a2702c2
83,Risk-Constrained Convex Verifier,Standalone avoided cost,4,116,0.0,56.316288124447354,56.316288124447354,-0.47717840199766215,-0.47717840197947226,212.06640843786954,-1.8189894035458565e-11,-212.5435868398672,6,2acbb980472197539a865bdd457b5777669f0ca06cca13f5dfd82a053a2702c2
83,Risk-Constrained Convex Verifier,Leave-one-out marginal,1,15,136.05649026584433,196.37319345373908,60.316703187894745,-0.47717840196492034,-0.47717840197947226,212.06640843786954,1.4551915228366852e-11,-212.54358683983446,6,2acbb980472197539a865bdd457b5777669f0ca06cca13f5dfd82a053a2702c2
83,Risk-Constrained Convex Verifier,Leave-one-out marginal,2,42,-136.5336686678056,-97.99872031345814,38.53494835434748,-0.47717840196492034,-0.47717840197947226,212.06640843786954,1.4551915228366852e-11,-212.54358683983446,6,2acbb980472197539a865bdd457b5777669f0ca06cca13f5dfd82a053a2702c2
83,Risk-Constrained Convex Verifier,Leave-one-out marginal,3,80,-3.637978807091713e-12,57.375647173141246,57.375647173144884,-0.47717840196492034,-0.47717840197947226,212.06640843786954,1.4551915228366852e-11,-212.54358683983446,6,2acbb980472197539a865bdd457b5777669f0ca06cca13f5dfd82a053a2702c2
83,Risk-Constrained Convex Verifier,Leave-one-out marginal,4,116,0.0,56.316288124447354,56.316288124447354,-0.47717840196492034,-0.47717840197947226,212.06640843786954,1.4551915228366852e-11,-212.54358683983446,6,2acbb980472197539a865bdd457b5777669f0ca06cca13f5dfd82a053a2702c2
83,Risk-Constrained Convex Verifier,Exact Shapley net value,1,15,136.05649026583586,196.37319345373908,60.316703187903215,-0.47717840197943495,-0.47717840197947226,212.06640843786954,3.730349362740526e-14,-212.54358683984898,6,2acbb980472197539a865bdd457b5777669f0ca06cca13f5dfd82a053a2702c2
83,Risk-Constrained Convex Verifier,Exact Shapley net value,2,42,-136.53366866781226,-97.99872031345814,38.53494835435413,-0.47717840197943495,-0.47717840197947226,212.06640843786954,3.730349362740526e-14,-212.54358683984898,6,2acbb980472197539a865bdd457b5777669f0ca06cca13f5dfd82a053a2702c2
83,Risk-Constrained Convex Verifier,Exact Shapley net value,3,80,-3.0322411248562275e-12,57.375647173141246,57.37564717314428,-0.47717840197943495,-0.47717840197947226,212.06640843786954,3.730349362740526e-14,-212.54358683984898,6,2acbb980472197539a865bdd457b5777669f0ca06cca13f5dfd82a053a2702c2
83,Risk-Constrained Convex Verifier,Exact Shapley net value,4,116,0.0,56.316288124447354,56.316288124447354,-0.47717840197943495,-0.47717840197947226,212.06640843786954,3.730349362740526e-14,-212.54358683984898,6,2acbb980472197539a865bdd457b5777669f0ca06cca13f5dfd82a053a2702c2
84,Trace-Anchored Reference,Nodal signed linear,1,15,315.27139425241836,314.1827222635344,1.0886719888839593,680.6512576540665,678.2348883083505,678.2348883083505,2.4163693457160207,2.4163693457160207,6,2acbb980472197539a865bdd457b5777669f0ca06cca13f5dfd82a053a2702c2
84,Trace-Anchored Reference,Nodal signed linear,2,42,62.52683794973273,61.97240319337986,0.5544347563528689,680.6512576540665,678.2348883083505,678.2348883083505,2.4163693457160207,2.4163693457160207,6,2acbb980472197539a865bdd457b5777669f0ca06cca13f5dfd82a053a2702c2
84,Trace-Anchored Reference,Nodal signed linear,3,80,144.3895112625683,144.04606933731975,0.34344192524855544,680.6512576540665,678.2348883083505,678.2348883083505,2.4163693457160207,2.4163693457160207,6,2acbb980472197539a865bdd457b5777669f0ca06cca13f5dfd82a053a2702c2
84,Trace-Anchored Reference,Nodal signed linear,4,116,158.46351418934708,158.0336935141164,0.4298206752306726,680.6512576540665,678.2348883083505,678.2348883083505,2.4163693457160207,2.4163693457160207,6,2acbb980472197539a865bdd457b5777669f0ca06cca13f5dfd82a053a2702c2
84,Trace-Anchored Reference,Standalone avoided cost,1,15,315.1875990812805,314.1827222635344,1.0048768177460943,680.567462482908,678.2348883083505,678.2348883083505,2.3325741745575215,2.3325741745575215,6,2acbb980472197539a865bdd457b5777669f0ca06cca13f5dfd82a053a2702c2
84,Trace-Anchored Reference,Standalone avoided cost,2,42,62.52683794972836,61.97240319337986,0.554434756348499,680.567462482908,678.2348883083505,678.2348883083505,2.3325741745575215,2.3325741745575215,6,2acbb980472197539a865bdd457b5777669f0ca06cca13f5dfd82a053a2702c2
84,Trace-Anchored Reference,Standalone avoided cost,3,80,144.38951126256143,144.04606933731975,0.3434419252416774,680.567462482908,678.2348883083505,678.2348883083505,2.3325741745575215,2.3325741745575215,6,2acbb980472197539a865bdd457b5777669f0ca06cca13f5dfd82a053a2702c2
84,Trace-Anchored Reference,Standalone avoided cost,4,116,158.46351418933773,158.0336935141164,0.42982067522132184,680.567462482908,678.2348883083505,678.2348883083505,2.3325741745575215,2.3325741745575215,6,2acbb980472197539a865bdd457b5777669f0ca06cca13f5dfd82a053a2702c2
84,Trace-Anchored Reference,Leave-one-out marginal,1,15,313.0645641944575,314.1827222635344,1.1181580690769124,675.5227235708298,678.2348883083505,678.2348883083505,-2.712164737520652,-2.712164737520652,6,2acbb980472197539a865bdd457b5777669f0ca06cca13f5dfd82a053a2702c2
84,Trace-Anchored Reference,Leave-one-out marginal,2,42,61.343236255590455,61.97240319337986,0.6291669377894067,675.5227235708298,678.2348883083505,678.2348883083505,-2.712164737520652,-2.712164737520652,6,2acbb980472197539a865bdd457b5777669f0ca06cca13f5dfd82a053a2702c2
84,Trace-Anchored Reference,Leave-one-out marginal,3,80,143.60894795213972,144.04606933731975,0.43712138518003485,675.5227235708298,678.2348883083505,678.2348883083505,-2.712164737520652,-2.712164737520652,6,2acbb980472197539a865bdd457b5777669f0ca06cca13f5dfd82a053a2702c2
84,Trace-Anchored Reference,Leave-one-out marginal,4,116,157.50597516864218,158.0336935141164,0.5277183454742271,675.5227235708298,678.2348883083505,678.2348883083505,-2.712164737520652,-2.712164737520652,6,2acbb980472197539a865bdd457b5777669f0ca06cca13f5dfd82a053a2702c2
84,Trace-Anchored Reference,Exact Shapley net value,1,15,314.1827222635344,314.1827222635344,0.0,678.2348883083504,678.2348883083505,678.2348883083505,-1.1368683772161603e-13,-1.1368683772161603e-13,6,2acbb980472197539a865bdd457b5777669f0ca06cca13f5dfd82a053a2702c2
84,Trace-Anchored Reference,Exact Shapley net value,2,42,61.97240319337986,61.97240319337986,0.0,678.2348883083504,678.2348883083505,678.2348883083505,-1.1368683772161603e-13,-1.1368683772161603e-13,6,2acbb980472197539a865bdd457b5777669f0ca06cca13f5dfd82a053a2702c2
84,Trace-Anchored Reference,Exact Shapley net value,3,80,144.04606933731975,144.04606933731975,0.0,678.2348883083504,678.2348883083505,678.2348883083505,-1.1368683772161603e-13,-1.1368683772161603e-13,6,2acbb980472197539a865bdd457b5777669f0ca06cca13f5dfd82a053a2702c2
84,Trace-Anchored Reference,Exact Shapley net value,4,116,158.0336935141164,158.0336935141164,0.0,678.2348883083504,678.2348883083505,678.2348883083505,-1.1368683772161603e-13,-1.1368683772161603e-13,6,2acbb980472197539a865bdd457b5777669f0ca06cca13f5dfd82a053a2702c2
84,Risk-Constrained Convex Verifier,Nodal signed linear,1,15,105.69484675492198,314.1827222635344,208.48787550861243,-0.2862087919825971,-0.2862087919675105,678.2348883083505,-1.5086598637026327e-11,-678.5210971003331,6,2acbb980472197539a865bdd457b5777669f0ca06cca13f5dfd82a053a2702c2
84,Risk-Constrained Convex Verifier,Nodal signed linear,2,42,-106.00182840801735,61.97240319337986,167.9742316013972,-0.2862087919825971,-0.2862087919675105,678.2348883083505,-1.5086598637026327e-11,-678.5210971003331,6,2acbb980472197539a865bdd457b5777669f0ca06cca13f5dfd82a053a2702c2
84,Risk-Constrained Convex Verifier,Nodal signed linear,3,80,0.020772861112765995,144.04606933731975,144.025296476207,-0.2862087919825971,-0.2862087919675105,678.2348883083505,-1.5086598637026327e-11,-678.5210971003331,6,2acbb980472197539a865bdd457b5777669f0ca06cca13f5dfd82a053a2702c2
84,Risk-Constrained Convex Verifier,Nodal signed linear,4,116,0.0,158.0336935141164,158.0336935141164,-0.2862087919825971,-0.2862087919675105,678.2348883083505,-1.5086598637026327e-11,-678.5210971003331,6,2acbb980472197539a865bdd457b5777669f0ca06cca13f5dfd82a053a2702c2
84,Risk-Constrained Convex Verifier,Standalone avoided cost,1,15,105.69484675493368,314.1827222635344,208.48787550860072,-0.5937053671950707,-0.2862087919675105,678.2348883083505,-0.30749657522756024,-678.8285936755456,6,2acbb980472197539a865bdd457b5777669f0ca06cca13f5dfd82a053a2702c2
84,Risk-Constrained Convex Verifier,Standalone avoided cost,2,42,-106.30932498324546,61.97240319337986,168.28172817662534,-0.5937053671950707,-0.2862087919675105,678.2348883083505,-0.30749657522756024,-678.8285936755456,6,2acbb980472197539a865bdd457b5777669f0ca06cca13f5dfd82a053a2702c2
84,Risk-Constrained Convex Verifier,Standalone avoided cost,3,80,0.020772861116711283,144.04606933731975,144.02529647620304,-0.5937053671950707,-0.2862087919675105,678.2348883083505,-0.30749657522756024,-678.8285936755456,6,2acbb980472197539a865bdd457b5777669f0ca06cca13f5dfd82a053a2702c2
84,Risk-Constrained Convex Verifier,Standalone avoided cost,4,116,0.0,158.0336935141164,158.0336935141164,-0.5937053671950707,-0.2862087919675105,678.2348883083505,-0.30749657522756024,-678.8285936755456,6,2acbb980472197539a865bdd457b5777669f0ca06cca13f5dfd82a053a2702c2
84,Risk-Constrained Convex Verifier,Leave-one-out marginal,1,15,105.94683456524581,314.1827222635344,208.2358876982886,-0.034220981655380456,-0.2862087919675105,678.2348883083505,0.25198781031213,-678.2691092900059,6,2acbb980472197539a865bdd457b5777669f0ca06cca13f5dfd82a053a2702c2
84,Risk-Constrained Convex Verifier,Leave-one-out marginal,2,42,-106.00182840801426,61.97240319337986,167.97423160139414,-0.034220981655380456,-0.2862087919675105,678.2348883083505,0.25198781031213,-678.2691092900059,6,2acbb980472197539a865bdd457b5777669f0ca06cca13f5dfd82a053a2702c2
84,Risk-Constrained Convex Verifier,Leave-one-out marginal,3,80,0.020772861113073304,144.04606933731975,144.02529647620668,-0.034220981655380456,-0.2862087919675105,678.2348883083505,0.25198781031213,-678.2691092900059,6,2acbb980472197539a865bdd457b5777669f0ca06cca13f5dfd82a053a2702c2
84,Risk-Constrained Convex Verifier,Leave-one-out marginal,4,116,0.0,158.0336935141164,158.0336935141164,-0.034220981655380456,-0.2862087919675105,678.2348883083505,0.25198781031213,-678.2691092900059,6,2acbb980472197539a865bdd457b5777669f0ca06cca13f5dfd82a053a2702c2
84,Risk-Constrained Convex Verifier,Exact Shapley net value,1,15,105.83009212090897,314.1827222635344,208.35263014262543,-0.2862087919675149,-0.2862087919675105,678.2348883083505,-4.440892098500626e-15,-678.521097100318,6,2acbb980472197539a865bdd457b5777669f0ca06cca13f5dfd82a053a2702c2
84,Risk-Constrained Convex Verifier,Exact Shapley net value,2,42,-106.14632523481062,61.97240319337986,168.11872842819048,-0.2862087919675149,-0.2862087919675105,678.2348883083505,-4.440892098500626e-15,-678.521097100318,6,2acbb980472197539a865bdd457b5777669f0ca06cca13f5dfd82a053a2702c2
84,Risk-Constrained Convex Verifier,Exact Shapley net value,3,80,0.03002432193413096,144.04606933731975,144.01604501538563,-0.2862087919675149,-0.2862087919675105,678.2348883083505,-4.440892098500626e-15,-678.521097100318,6,2acbb980472197539a865bdd457b5777669f0ca06cca13f5dfd82a053a2702c2
84,Risk-Constrained Convex Verifier,Exact Shapley net value,4,116,0.0,158.0336935141164,158.0336935141164,-0.2862087919675149,-0.2862087919675105,678.2348883083505,-4.440892098500626e-15,-678.521097100318,6,2acbb980472197539a865bdd457b5777669f0ca06cca13f5dfd82a053a2702c2
85,Trace-Anchored Reference,Nodal signed linear,1,15,781.0857897852948,783.0163323081073,1.930542522812516,173.94062835033137,172.40417760189666,172.40417760189666,1.536450748434703,1.536450748434703,6,2acbb980472197539a865bdd457b5777669f0ca06cca13f5dfd82a053a2702c2
85,Trace-Anchored Reference,Nodal signed linear,2,42,-482.20940034373746,-484.56728945754276,2.3578891138052995,173.94062835033137,172.40417760189666,172.40417760189666,1.536450748434703,1.536450748434703,6,2acbb980472197539a865bdd457b5777669f0ca06cca13f5dfd82a053a2702c2
85,Trace-Anchored Reference,Nodal signed linear,3,80,-175.02427004315524,-176.20047800798937,1.1762079648341341,173.94062835033137,172.40417760189666,172.40417760189666,1.536450748434703,1.536450748434703,6,2acbb980472197539a865bdd457b5777669f0ca06cca13f5dfd82a053a2702c2
85,Trace-Anchored Reference,Nodal signed linear,4,116,50.088508951929306,50.15561275932153,0.06710380739222188,173.94062835033137,172.40417760189666,172.40417760189666,1.536450748434703,1.536450748434703,6,2acbb980472197539a865bdd457b5777669f0ca06cca13f5dfd82a053a2702c2
85,Trace-Anchored Reference,Standalone avoided cost,1,15,781.0857897852911,783.0163323081073,1.930542522816154,170.8413363022737,172.40417760189666,172.40417760189666,-1.56284129962296,-1.56284129962296,6,2acbb980472197539a865bdd457b5777669f0ca06cca13f5dfd82a053a2702c2
85,Trace-Anchored Reference,Standalone avoided cost,2,42,-484.8482169373856,-484.56728945754276,0.2809274798428305,170.8413363022737,172.40417760189666,172.40417760189666,-1.56284129962296,-1.56284129962296,6,2acbb980472197539a865bdd457b5777669f0ca06cca13f5dfd82a053a2702c2
85,Trace-Anchored Reference,Standalone avoided cost,3,80,-175.4847454975643,-176.20047800798937,0.7157325104250845,170.8413363022737,172.40417760189666,172.40417760189666,-1.56284129962296,-1.56284129962296,6,2acbb980472197539a865bdd457b5777669f0ca06cca13f5dfd82a053a2702c2
85,Trace-Anchored Reference,Standalone avoided cost,4,116,50.088508951932454,50.15561275932153,0.06710380738907418,170.8413363022737,172.40417760189666,172.40417760189666,-1.56284129962296,-1.56284129962296,6,2acbb980472197539a865bdd457b5777669f0ca06cca13f5dfd82a053a2702c2
85,Trace-Anchored Reference,Leave-one-out marginal,1,15,785.4873857164457,783.0163323081073,2.4710534083384346,175.6195753548236,172.40417760189666,172.40417760189666,3.215397752926947,3.215397752926947,6,2acbb980472197539a865bdd457b5777669f0ca06cca13f5dfd82a053a2702c2
85,Trace-Anchored Reference,Leave-one-out marginal,2,42,-483.7458510921715,-484.56728945754276,0.8214383653712503,175.6195753548236,172.40417760189666,172.40417760189666,3.215397752926947,3.215397752926947,6,2acbb980472197539a865bdd457b5777669f0ca06cca13f5dfd82a053a2702c2
85,Trace-Anchored Reference,Leave-one-out marginal,3,80,-176.34672756117652,-176.20047800798937,0.14624955318714683,175.6195753548236,172.40417760189666,172.40417760189666,3.215397752926947,3.215397752926947,6,2acbb980472197539a865bdd457b5777669f0ca06cca13f5dfd82a053a2702c2
85,Trace-Anchored Reference,Leave-one-out marginal,4,116,50.22476829172592,50.15561275932153,0.06915553240439465,175.6195753548236,172.40417760189666,172.40417760189666,3.215397752926947,3.215397752926947,6,2acbb980472197539a865bdd457b5777669f0ca06cca13f5dfd82a053a2702c2
85,Trace-Anchored Reference,Exact Shapley net value,1,15,783.0163323081073,783.0163323081073,0.0,172.40417760189666,172.40417760189666,172.40417760189666,0.0,0.0,6,2acbb980472197539a865bdd457b5777669f0ca06cca13f5dfd82a053a2702c2
85,Trace-Anchored Reference,Exact Shapley net value,2,42,-484.56728945754276,-484.56728945754276,0.0,172.40417760189666,172.40417760189666,172.40417760189666,0.0,0.0,6,2acbb980472197539a865bdd457b5777669f0ca06cca13f5dfd82a053a2702c2
85,Trace-Anchored Reference,Exact Shapley net value,3,80,-176.20047800798937,-176.20047800798937,0.0,172.40417760189666,172.40417760189666,172.40417760189666,0.0,0.0,6,2acbb980472197539a865bdd457b5777669f0ca06cca13f5dfd82a053a2702c2
85,Trace-Anchored Reference,Exact Shapley net value,4,116,50.15561275932153,50.15561275932153,0.0,172.40417760189666,172.40417760189666,172.40417760189666,0.0,0.0,6,2acbb980472197539a865bdd457b5777669f0ca06cca13f5dfd82a053a2702c2
85,Risk-Constrained Convex Verifier,Nodal signed linear,1,15,647.2154088493113,783.0163323081073,135.80092345879598,-7.2492681236328735,-7.6471880313474685,172.40417760189666,0.39791990771459496,-179.65344572552954,6,2acbb980472197539a865bdd457b5777669f0ca06cca13f5dfd82a053a2702c2
85,Risk-Constrained Convex Verifier,Nodal signed linear,2,42,-654.4646769729442,-484.56728945754276,169.89738751540142,-7.2492681236328735,-7.6471880313474685,172.40417760189666,0.39791990771459496,-179.65344572552954,6,2acbb980472197539a865bdd457b5777669f0ca06cca13f5dfd82a053a2702c2
85,Risk-Constrained Convex Verifier,Nodal signed linear,3,80,0.0,-176.20047800798937,176.20047800798937,-7.2492681236328735,-7.6471880313474685,172.40417760189666,0.39791990771459496,-179.65344572552954,6,2acbb980472197539a865bdd457b5777669f0ca06cca13f5dfd82a053a2702c2
85,Risk-Constrained Convex Verifier,Nodal signed linear,4,116,0.0,50.15561275932153,50.15561275932153,-7.2492681236328735,-7.6471880313474685,172.40417760189666,0.39791990771459496,-179.65344572552954,6,2acbb980472197539a865bdd457b5777669f0ca06cca13f5dfd82a053a2702c2
85,Risk-Constrained Convex Verifier,Standalone avoided cost,1,15,646.318684113452,783.0163323081073,136.69764819465524,-12.145545048748318,-7.6471880313474685,172.40417760189666,-4.498357017400849,-184.54972265064498,6,2acbb980472197539a865bdd457b5777669f0ca06cca13f5dfd82a053a2702c2
85,Risk-Constrained Convex Verifier,Standalone avoided cost,2,42,-658.4642291622004,-484.56728945754276,173.8969397046576,-12.145545048748318,-7.6471880313474685,172.40417760189666,-4.498357017400849,-184.54972265064498,6,2acbb980472197539a865bdd457b5777669f0ca06cca13f5dfd82a053a2702c2
85,Risk-Constrained Convex Verifier,Standalone avoided cost,3,80,0.0,-176.20047800798937,176.20047800798937,-12.145545048748318,-7.6471880313474685,172.40417760189666,-4.498357017400849,-184.54972265064498,6,2acbb980472197539a865bdd457b5777669f0ca06cca13f5dfd82a053a2702c2
85,Risk-Constrained Convex Verifier,Standalone avoided cost,4,116,0.0,50.15561275932153,50.15561275932153,-12.145545048748318,-7.6471880313474685,172.40417760189666,-4.498357017400849,-184.54972265064498,6,2acbb980472197539a865bdd457b5777669f0ca06cca13f5dfd82a053a2702c2
85,Risk-Constrained Convex Verifier,Leave-one-out marginal,1,15,650.8170411308529,783.0163323081073,132.1992911772544,-3.1488310139466194,-7.6471880313474685,172.40417760189666,4.498357017400849,-175.55300861584328,6,2acbb980472197539a865bdd457b5777669f0ca06cca13f5dfd82a053a2702c2
85,Risk-Constrained Convex Verifier,Leave-one-out marginal,2,42,-653.9658721447995,-484.56728945754276,169.39858268725675,-3.1488310139466194,-7.6471880313474685,172.40417760189666,4.498357017400849,-175.55300861584328,6,2acbb980472197539a865bdd457b5777669f0ca06cca13f5dfd82a053a2702c2
85,Risk-Constrained Convex Verifier,Leave-one-out marginal,3,80,0.0,-176.20047800798937,176.20047800798937,-3.1488310139466194,-7.6471880313474685,172.40417760189666,4.498357017400849,-175.55300861584328,6,2acbb980472197539a865bdd457b5777669f0ca06cca13f5dfd82a053a2702c2
85,Risk-Constrained Convex Verifier,Leave-one-out marginal,4,116,0.0,50.15561275932153,50.15561275932153,-3.1488310139466194,-7.6471880313474685,172.40417760189666,4.498357017400849,-175.55300861584328,6,2acbb980472197539a865bdd457b5777669f0ca06cca13f5dfd82a053a2702c2
85,Risk-Constrained Convex Verifier,Exact Shapley net value,1,15,648.5678626221525,783.0163323081073,134.44846968595482,-7.6471880313474685,-7.6471880313474685,172.40417760189666,0.0,-180.05136563324413,6,2acbb980472197539a865bdd457b5777669f0ca06cca13f5dfd82a053a2702c2
85,Risk-Constrained Convex Verifier,Exact Shapley net value,2,42,-656.2150506534999,-484.56728945754276,171.64776119595717,-7.6471880313474685,-7.6471880313474685,172.40417760189666,0.0,-180.05136563324413,6,2acbb980472197539a865bdd457b5777669f0ca06cca13f5dfd82a053a2702c2
85,Risk-Constrained Convex Verifier,Exact Shapley net value,3,80,0.0,-176.20047800798937,176.20047800798937,-7.6471880313474685,-7.6471880313474685,172.40417760189666,0.0,-180.05136563324413,6,2acbb980472197539a865bdd457b5777669f0ca06cca13f5dfd82a053a2702c2
85,Risk-Constrained Convex Verifier,Exact Shapley net value,4,116,0.0,50.15561275932153,50.15561275932153,-7.6471880313474685,-7.6471880313474685,172.40417760189666,0.0,-180.05136563324413,6,2acbb980472197539a865bdd457b5777669f0ca06cca13f5dfd82a053a2702c2
86,Trace-Anchored Reference,Nodal signed linear,1,15,570.3566524332456,572.3987971479388,2.0421447146932223,134.26648553237138,134.17882168494543,134.1788216849454,0.08766384742594369,0.08766384742597211,6,2acbb980472197539a865bdd457b5777669f0ca06cca13f5dfd82a053a2702c2
86,Trace-Anchored Reference,Nodal signed linear,2,42,-514.4424674715511,-516.7284529403163,2.2859854687651477,134.26648553237138,134.17882168494543,134.1788216849454,0.08766384742594369,0.08766384742597211,6,2acbb980472197539a865bdd457b5777669f0ca06cca13f5dfd82a053a2702c2
86,Trace-Anchored Reference,Nodal signed linear,3,80,16.332508992462174,16.38611648834618,0.053607495884005374,134.26648553237138,134.17882168494543,134.1788216849454,0.08766384742594369,0.08766384742597211,6,2acbb980472197539a865bdd457b5777669f0ca06cca13f5dfd82a053a2702c2
86,Trace-Anchored Reference,Nodal signed linear,4,116,62.01979157821475,62.12236098897666,0.10256941076190884,134.26648553237138,134.17882168494543,134.1788216849454,0.08766384742594369,0.08766384742597211,6,2acbb980472197539a865bdd457b5777669f0ca06cca13f5dfd82a053a2702c2
86,Trace-Anchored Reference,Standalone avoided cost,1,15,570.3566524332309,572.3987971479388,2.042144714707888,129.62210564732231,134.17882168494543,134.1788216849454,-4.556716037623119,-4.55671603762309,6,2acbb980472197539a865bdd457b5777669f0ca06cca13f5dfd82a053a2702c2
86,Trace-Anchored Reference,Standalone avoided cost,2,42,-519.0868473565642,-516.7284529403163,2.358394416247961,129.62210564732231,134.17882168494543,134.1788216849454,-4.556716037623119,-4.55671603762309,6,2acbb980472197539a865bdd457b5777669f0ca06cca13f5dfd82a053a2702c2
86,Trace-Anchored Reference,Standalone avoided cost,3,80,16.33250899245104,16.38611648834618,0.05360749589513958,129.62210564732231,134.17882168494543,134.1788216849454,-4.556716037623119,-4.55671603762309,6,2acbb980472197539a865bdd457b5777669f0ca06cca13f5dfd82a053a2702c2
86,Trace-Anchored Reference,Standalone avoided cost,4,116,62.019791578204604,62.12236098897666,0.10256941077205539,129.62210564732231,134.17882168494543,134.1788216849454,-4.556716037623119,-4.55671603762309,6,2acbb980472197539a865bdd457b5777669f0ca06cca13f5dfd82a053a2702c2
86,Trace-Anchored Reference,Leave-one-out marginal,1,15,574.280869067763,572.3987971479388,1.8820719198241704,138.25531933789534,134.17882168494543,134.1788216849454,4.076497652949911,4.076497652949939,6,2acbb980472197539a865bdd457b5777669f0ca06cca13f5dfd82a053a2702c2
86,Trace-Anchored Reference,Leave-one-out marginal,2,42,-514.530131318963,-516.7284529403163,2.1983216213533296,138.25531933789534,134.17882168494543,134.1788216849454,4.076497652949911,4.076497652949939,6,2acbb980472197539a865bdd457b5777669f0ca06cca13f5dfd82a053a2702c2
86,Trace-Anchored Reference,Leave-one-out marginal,3,80,16.384876068466838,16.38611648834618,0.0012404198793412036,138.25531933789534,134.17882168494543,134.1788216849454,4.076497652949911,4.076497652949939,6,2acbb980472197539a865bdd457b5777669f0ca06cca13f5dfd82a053a2702c2
86,Trace-Anchored Reference,Leave-one-out marginal,4,116,62.119705520628486,62.12236098897666,0.0026554683481734287,138.25531933789534,134.17882168494543,134.1788216849454,4.076497652949911,4.076497652949939,6,2acbb980472197539a865bdd457b5777669f0ca06cca13f5dfd82a053a2702c2
86,Trace-Anchored Reference,Exact Shapley net value,1,15,572.3987971479388,572.3987971479388,0.0,134.17882168494535,134.17882168494543,134.1788216849454,-8.526512829121202e-14,-5.684341886080802e-14,6,2acbb980472197539a865bdd457b5777669f0ca06cca13f5dfd82a053a2702c2
86,Trace-Anchored Reference,Exact Shapley net value,2,42,-516.7284529403163,-516.7284529403163,0.0,134.17882168494535,134.17882168494543,134.1788216849454,-8.526512829121202e-14,-5.684341886080802e-14,6,2acbb980472197539a865bdd457b5777669f0ca06cca13f5dfd82a053a2702c2
86,Trace-Anchored Reference,Exact Shapley net value,3,80,16.38611648834618,16.38611648834618,0.0,134.17882168494535,134.17882168494543,134.1788216849454,-8.526512829121202e-14,-5.684341886080802e-14,6,2acbb980472197539a865bdd457b5777669f0ca06cca13f5dfd82a053a2702c2
86,Trace-Anchored Reference,Exact Shapley net value,4,116,62.12236098897666,62.12236098897666,0.0,134.17882168494535,134.17882168494543,134.1788216849454,-8.526512829121202e-14,-5.684341886080802e-14,6,2acbb980472197539a865bdd457b5777669f0ca06cca13f5dfd82a053a2702c2
86,Risk-Constrained Convex Verifier,Nodal signed linear,1,15,510.7208582412072,572.3987971479388,61.67793890673158,-0.8206664158595955,-0.9083302632752748,134.1788216849454,0.08766384741567923,-134.999488100805,6,2acbb980472197539a865bdd457b5777669f0ca06cca13f5dfd82a053a2702c2
86,Risk-Constrained Convex Verifier,Nodal signed linear,2,42,-511.5480725962292,-516.7284529403163,5.180380344087098,-0.8206664158595955,-0.9083302632752748,134.1788216849454,0.08766384741567923,-134.999488100805,6,2acbb980472197539a865bdd457b5777669f0ca06cca13f5dfd82a053a2702c2
86,Risk-Constrained Convex Verifier,Nodal signed linear,3,80,0.0,16.38611648834618,16.38611648834618,-0.8206664158595955,-0.9083302632752748,134.1788216849454,0.08766384741567923,-134.999488100805,6,2acbb980472197539a865bdd457b5777669f0ca06cca13f5dfd82a053a2702c2
86,Risk-Constrained Convex Verifier,Nodal signed linear,4,116,0.006547939162369731,62.12236098897666,62.11581304981429,-0.8206664158595955,-0.9083302632752748,134.1788216849454,0.08766384741567923,-134.999488100805,6,2acbb980472197539a865bdd457b5777669f0ca06cca13f5dfd82a053a2702c2
86,Risk-Constrained Convex Verifier,Standalone avoided cost,1,15,510.7208582412022,572.3987971479388,61.677938906736586,-4.246819284195226,-0.9083302632752748,134.1788216849454,-3.338489020919951,-138.42564096914063,6,2acbb980472197539a865bdd457b5777669f0ca06cca13f5dfd82a053a2702c2
86,Risk-Constrained Convex Verifier,Standalone avoided cost,2,42,-514.9742254645571,-516.7284529403163,1.754227475759194,-4.246819284195226,-0.9083302632752748,134.1788216849454,-3.338489020919951,-138.42564096914063,6,2acbb980472197539a865bdd457b5777669f0ca06cca13f5dfd82a053a2702c2
86,Risk-Constrained Convex Verifier,Standalone avoided cost,3,80,0.0,16.38611648834618,16.38611648834618,-4.246819284195226,-0.9083302632752748,134.1788216849454,-3.338489020919951,-138.42564096914063,6,2acbb980472197539a865bdd457b5777669f0ca06cca13f5dfd82a053a2702c2
86,Risk-Constrained Convex Verifier,Standalone avoided cost,4,116,0.006547939159645466,62.12236098897666,62.115813049817014,-4.246819284195226,-0.9083302632752748,134.1788216849454,-3.338489020919951,-138.42564096914063,6,2acbb980472197539a865bdd457b5777669f0ca06cca13f5dfd82a053a2702c2
86,Risk-Constrained Convex Verifier,Leave-one-out marginal,1,15,514.0593472621222,572.3987971479388,58.339449885816634,2.4301587576446764,-0.9083302632752748,134.1788216849454,3.338489020919951,-131.74866292730073,6,2acbb980472197539a865bdd457b5777669f0ca06cca13f5dfd82a053a2702c2
86,Risk-Constrained Convex Verifier,Leave-one-out marginal,2,42,-511.6357364436408,-516.7284529403163,5.092716496675507,2.4301587576446764,-0.9083302632752748,134.1788216849454,3.338489020919951,-131.74866292730073,6,2acbb980472197539a865bdd457b5777669f0ca06cca13f5dfd82a053a2702c2
86,Risk-Constrained Convex Verifier,Leave-one-out marginal,3,80,0.0,16.38611648834618,16.38611648834618,2.4301587576446764,-0.9083302632752748,134.1788216849454,3.338489020919951,-131.74866292730073,6,2acbb980472197539a865bdd457b5777669f0ca06cca13f5dfd82a053a2702c2
86,Risk-Constrained Convex Verifier,Leave-one-out marginal,4,116,0.006547939163283445,62.12236098897666,62.115813049813376,2.4301587576446764,-0.9083302632752748,134.1788216849454,3.338489020919951,-131.74866292730073,6,2acbb980472197539a865bdd457b5777669f0ca06cca13f5dfd82a053a2702c2
86,Risk-Constrained Convex Verifier,Exact Shapley net value,1,15,512.3901027516622,572.3987971479388,60.00869439627661,-0.9083302632752748,-0.9083302632752748,134.1788216849454,0.0,-135.08715194822068,6,2acbb980472197539a865bdd457b5777669f0ca06cca13f5dfd82a053a2702c2
86,Risk-Constrained Convex Verifier,Exact Shapley net value,2,42,-513.3049809540989,-516.7284529403163,3.4234719862173506,-0.9083302632752748,-0.9083302632752748,134.1788216849454,0.0,-135.08715194822068,6,2acbb980472197539a865bdd457b5777669f0ca06cca13f5dfd82a053a2702c2
86,Risk-Constrained Convex Verifier,Exact Shapley net value,3,80,0.0,16.38611648834618,16.38611648834618,-0.9083302632752748,-0.9083302632752748,134.1788216849454,0.0,-135.08715194822068,6,2acbb980472197539a865bdd457b5777669f0ca06cca13f5dfd82a053a2702c2
86,Risk-Constrained Convex Verifier,Exact Shapley net value,4,116,0.0065479391614644555,62.12236098897666,62.115813049815195,-0.9083302632752748,-0.9083302632752748,134.1788216849454,0.0,-135.08715194822068,6,2acbb980472197539a865bdd457b5777669f0ca06cca13f5dfd82a053a2702c2
87,Trace-Anchored Reference,Nodal signed linear,1,15,1170.4943628591418,1184.75095287518,14.256590016038217,426.61228704571727,423.19408660460977,423.19408660460977,3.4182004411075013,3.4182004411075013,6,2acbb980472197539a865bdd457b5777669f0ca06cca13f5dfd82a053a2702c2
87,Trace-Anchored Reference,Nodal signed linear,2,42,-1002.7234184750232,-1021.8189001614709,19.09548168644767,426.61228704571727,423.19408660460977,423.19408660460977,3.4182004411075013,3.4182004411075013,6,2acbb980472197539a865bdd457b5777669f0ca06cca13f5dfd82a053a2702c2
87,Trace-Anchored Reference,Nodal signed linear,3,80,94.05314378068421,94.42158185613,0.36843807544579477,426.61228704571727,423.19408660460977,423.19408660460977,3.4182004411075013,3.4182004411075013,6,2acbb980472197539a865bdd457b5777669f0ca06cca13f5dfd82a053a2702c2
87,Trace-Anchored Reference,Nodal signed linear,4,116,164.78819888091445,165.84045203477066,1.0522531538562134,426.61228704571727,423.19408660460977,423.19408660460977,3.4182004411075013,3.4182004411075013,6,2acbb980472197539a865bdd457b5777669f0ca06cca13f5dfd82a053a2702c2
87,Trace-Anchored Reference,Standalone avoided cost,1,15,1152.3849840274088,1184.75095287518,32.36596884777123,352.88981081660677,423.19408660460977,423.19408660460977,-70.304275788003,-70.304275788003,6,2acbb980472197539a865bdd457b5777669f0ca06cca13f5dfd82a053a2702c2
87,Trace-Anchored Reference,Standalone avoided cost,2,42,-1058.336515872401,-1021.8189001614709,36.517615710930045,352.88981081660677,423.19408660460977,423.19408660460977,-70.304275788003,-70.304275788003,6,2acbb980472197539a865bdd457b5777669f0ca06cca13f5dfd82a053a2702c2
87,Trace-Anchored Reference,Standalone avoided cost,3,80,94.0531437806967,94.42158185613,0.3684380754333034,352.88981081660677,423.19408660460977,423.19408660460977,-70.304275788003,-70.304275788003,6,2acbb980472197539a865bdd457b5777669f0ca06cca13f5dfd82a053a2702c2
87,Trace-Anchored Reference,Standalone avoided cost,4,116,164.7881988809022,165.84045203477066,1.0522531538684632,352.88981081660677,423.19408660460977,423.19408660460977,-70.304275788003,-70.304275788003,6,2acbb980472197539a865bdd457b5777669f0ca06cca13f5dfd82a053a2702c2
87,Trace-Anchored Reference,Leave-one-out marginal,1,15,1216.2741777059273,1184.75095287518,31.523224830747267,491.18631740529963,423.19408660460977,423.19408660460977,67.99223080068987,67.99223080068987,6,2acbb980472197539a865bdd457b5777669f0ca06cca13f5dfd82a053a2702c2
87,Trace-Anchored Reference,Leave-one-out marginal,2,42,-986.1440284675664,-1021.8189001614709,35.67487169390449,491.18631740529963,423.19408660460977,423.19408660460977,67.99223080068987,67.99223080068987,6,2acbb980472197539a865bdd457b5777669f0ca06cca13f5dfd82a053a2702c2
87,Trace-Anchored Reference,Leave-one-out marginal,3,80,94.670637378822,94.42158185613,0.2490555226919895,491.18631740529963,423.19408660460977,423.19408660460977,67.99223080068987,67.99223080068987,6,2acbb980472197539a865bdd457b5777669f0ca06cca13f5dfd82a053a2702c2
87,Trace-Anchored Reference,Leave-one-out marginal,4,116,166.38553078811674,165.84045203477066,0.5450787533460755,491.18631740529963,423.19408660460977,423.19408660460977,67.99223080068987,67.99223080068987,6,2acbb980472197539a865bdd457b5777669f0ca06cca13f5dfd82a053a2702c2
87,Trace-Anchored Reference,Exact Shapley net value,1,15,1184.75095287518,1184.75095287518,0.0,423.19408660460977,423.19408660460977,423.19408660460977,0.0,0.0,6,2acbb980472197539a865bdd457b5777669f0ca06cca13f5dfd82a053a2702c2
87,Trace-Anchored Reference,Exact Shapley net value,2,42,-1021.8189001614709,-1021.8189001614709,0.0,423.19408660460977,423.19408660460977,423.19408660460977,0.0,0.0,6,2acbb980472197539a865bdd457b5777669f0ca06cca13f5dfd82a053a2702c2
87,Trace-Anchored Reference,Exact Shapley net value,3,80,94.42158185613,94.42158185613,0.0,423.19408660460977,423.19408660460977,423.19408660460977,0.0,0.0,6,2acbb980472197539a865bdd457b5777669f0ca06cca13f5dfd82a053a2702c2
87,Trace-Anchored Reference,Exact Shapley net value,4,116,165.84045203477066,165.84045203477066,0.0,423.19408660460977,423.19408660460977,423.19408660460977,0.0,0.0,6,2acbb980472197539a865bdd457b5777669f0ca06cca13f5dfd82a053a2702c2
87,Risk-Constrained Convex Verifier,Nodal signed linear,1,15,1121.3228696566637,1184.75095287518,63.42808321851635,31.84084960652558,22.022363680254784,423.19408660460977,9.818485926270796,-391.3532369980842,6,2acbb980472197539a865bdd457b5777669f0ca06cca13f5dfd82a053a2702c2
87,Risk-Constrained Convex Verifier,Nodal signed linear,2,42,-1089.482020050138,-1021.8189001614709,67.66311988866721,31.84084960652558,22.022363680254784,423.19408660460977,9.818485926270796,-391.3532369980842,6,2acbb980472197539a865bdd457b5777669f0ca06cca13f5dfd82a053a2702c2
87,Risk-Constrained Convex Verifier,Nodal signed linear,3,80,0.0,94.42158185613,94.42158185613,31.84084960652558,22.022363680254784,423.19408660460977,9.818485926270796,-391.3532369980842,6,2acbb980472197539a865bdd457b5777669f0ca06cca13f5dfd82a053a2702c2
87,Risk-Constrained Convex Verifier,Nodal signed linear,4,116,0.0,165.84045203477066,165.84045203477066,31.84084960652558,22.022363680254784,423.19408660460977,9.818485926270796,-391.3532369980842,6,2acbb980472197539a865bdd457b5777669f0ca06cca13f5dfd82a053a2702c2
87,Risk-Constrained Convex Verifier,Standalone avoided cost,1,15,1120.4326424218016,1184.75095287518,64.31831045337844,-38.956724949370255,22.022363680254784,423.19408660460977,-60.97908862962504,-462.15081155398,6,2acbb980472197539a865bdd457b5777669f0ca06cca13f5dfd82a053a2702c2
87,Risk-Constrained Convex Verifier,Standalone avoided cost,2,42,-1159.3893673711718,-1021.8189001614709,137.57046720970095,-38.956724949370255,22.022363680254784,423.19408660460977,-60.97908862962504,-462.15081155398,6,2acbb980472197539a865bdd457b5777669f0ca06cca13f5dfd82a053a2702c2
87,Risk-Constrained Convex Verifier,Standalone avoided cost,3,80,0.0,94.42158185613,94.42158185613,-38.956724949370255,22.022363680254784,423.19408660460977,-60.97908862962504,-462.15081155398,6,2acbb980472197539a865bdd457b5777669f0ca06cca13f5dfd82a053a2702c2
87,Risk-Constrained Convex Verifier,Standalone avoided cost,4,116,0.0,165.84045203477066,165.84045203477066,-38.956724949370255,22.022363680254784,423.19408660460977,-60.97908862962504,-462.15081155398,6,2acbb980472197539a865bdd457b5777669f0ca06cca13f5dfd82a053a2702c2
87,Risk-Constrained Convex Verifier,Leave-one-out marginal,1,15,1181.4117310514266,1184.75095287518,3.3392218237534053,83.00145230987982,22.022363680254784,423.19408660460977,60.97908862962504,-340.19263429472994,6,2acbb980472197539a865bdd457b5777669f0ca06cca13f5dfd82a053a2702c2
87,Risk-Constrained Convex Verifier,Leave-one-out marginal,2,42,-1098.4102787415468,-1021.8189001614709,76.59137858007591,83.00145230987982,22.022363680254784,423.19408660460977,60.97908862962504,-340.19263429472994,6,2acbb980472197539a865bdd457b5777669f0ca06cca13f5dfd82a053a2702c2
87,Risk-Constrained Convex Verifier,Leave-one-out marginal,3,80,0.0,94.42158185613,94.42158185613,83.00145230987982,22.022363680254784,423.19408660460977,60.97908862962504,-340.19263429472994,6,2acbb980472197539a865bdd457b5777669f0ca06cca13f5dfd82a053a2702c2
87,Risk-Constrained Convex Verifier,Leave-one-out marginal,4,116,0.0,165.84045203477066,165.84045203477066,83.00145230987982,22.022363680254784,423.19408660460977,60.97908862962504,-340.19263429472994,6,2acbb980472197539a865bdd457b5777669f0ca06cca13f5dfd82a053a2702c2
87,Risk-Constrained Convex Verifier,Exact Shapley net value,1,15,1150.922186736614,1184.75095287518,33.828766138565925,22.022363680254784,22.022363680254784,423.19408660460977,0.0,-401.171722924355,6,2acbb980472197539a865bdd457b5777669f0ca06cca13f5dfd82a053a2702c2
87,Risk-Constrained Convex Verifier,Exact Shapley net value,2,42,-1128.8998230563593,-1021.8189001614709,107.08092289488843,22.022363680254784,22.022363680254784,423.19408660460977,0.0,-401.171722924355,6,2acbb980472197539a865bdd457b5777669f0ca06cca13f5dfd82a053a2702c2
87,Risk-Constrained Convex Verifier,Exact Shapley net value,3,80,0.0,94.42158185613,94.42158185613,22.022363680254784,22.022363680254784,423.19408660460977,0.0,-401.171722924355,6,2acbb980472197539a865bdd457b5777669f0ca06cca13f5dfd82a053a2702c2
87,Risk-Constrained Convex Verifier,Exact Shapley net value,4,116,0.0,165.84045203477066,165.84045203477066,22.022363680254784,22.022363680254784,423.19408660460977,0.0,-401.171722924355,6,2acbb980472197539a865bdd457b5777669f0ca06cca13f5dfd82a053a2702c2
88,Trace-Anchored Reference,Nodal signed linear,1,15,689.3114383602715,689.4138389214766,0.1024005612050587,306.32471046064984,306.3247104606453,306.3247104606453,4.547473508864641e-12,4.547473508864641e-12,6,2acbb980472197539a865bdd457b5777669f0ca06cca13f5dfd82a053a2702c2
88,Trace-Anchored Reference,Nodal signed linear,2,42,-550.0757058953291,-550.2041821336215,0.12847623829247823,306.32471046064984,306.3247104606453,306.3247104606453,4.547473508864641e-12,4.547473508864641e-12,6,2acbb980472197539a865bdd457b5777669f0ca06cca13f5dfd82a053a2702c2
88,Trace-Anchored Reference,Nodal signed linear,3,80,86.03104864577381,86.0376635834961,0.0066149377222899375,306.32471046064984,306.3247104606453,306.3247104606453,4.547473508864641e-12,4.547473508864641e-12,6,2acbb980472197539a865bdd457b5777669f0ca06cca13f5dfd82a053a2702c2
88,Trace-Anchored Reference,Nodal signed linear,4,116,81.05792934993362,81.07739008929427,0.01946073936065318,306.32471046064984,306.3247104606453,306.3247104606453,4.547473508864641e-12,4.547473508864641e-12,6,2acbb980472197539a865bdd457b5777669f0ca06cca13f5dfd82a053a2702c2
88,Trace-Anchored Reference,Standalone avoided cost,1,15,689.3114383602806,689.4138389214766,0.10240056119596375,306.0156066299205,306.3247104606453,306.3247104606453,-0.30910383072478,-0.30910383072478,6,2acbb980472197539a865bdd457b5777669f0ca06cca13f5dfd82a053a2702c2
88,Trace-Anchored Reference,Standalone avoided cost,2,42,-550.384809726078,-550.2041821336215,0.18062759245640336,306.0156066299205,306.3247104606453,306.3247104606453,-0.30910383072478,-0.30910383072478,6,2acbb980472197539a865bdd457b5777669f0ca06cca13f5dfd82a053a2702c2
88,Trace-Anchored Reference,Standalone avoided cost,3,80,86.031048645782,86.0376635834961,0.006614937714104485,306.0156066299205,306.3247104606453,306.3247104606453,-0.30910383072478,-0.30910383072478,6,2acbb980472197539a865bdd457b5777669f0ca06cca13f5dfd82a053a2702c2
88,Trace-Anchored Reference,Standalone avoided cost,4,116,81.05792934993588,81.07739008929427,0.019460739358393653,306.0156066299205,306.3247104606453,306.3247104606453,-0.30910383072478,-0.30910383072478,6,2acbb980472197539a865bdd457b5777669f0ca06cca13f5dfd82a053a2702c2
88,Trace-Anchored Reference,Leave-one-out marginal,1,15,689.4640881284977,689.4138389214766,0.050249207021124676,306.47736022882964,306.3247104606453,306.3247104606453,0.1526497681843466,0.1526497681843466,6,2acbb980472197539a865bdd457b5777669f0ca06cca13f5dfd82a053a2702c2
88,Trace-Anchored Reference,Leave-one-out marginal,2,42,-550.0757058953495,-550.2041821336215,0.1284762382720146,306.47736022882964,306.3247104606453,306.3247104606453,0.1526497681843466,0.1526497681843466,6,2acbb980472197539a865bdd457b5777669f0ca06cca13f5dfd82a053a2702c2
88,Trace-Anchored Reference,Leave-one-out marginal,3,80,86.0310486457638,86.0376635834961,0.006614937732294379,306.47736022882964,306.3247104606453,306.3247104606453,0.1526497681843466,0.1526497681843466,6,2acbb980472197539a865bdd457b5777669f0ca06cca13f5dfd82a053a2702c2
88,Trace-Anchored Reference,Leave-one-out marginal,4,116,81.05792934991769,81.07739008929427,0.019460739376583547,306.47736022882964,306.3247104606453,306.3247104606453,0.1526497681843466,0.1526497681843466,6,2acbb980472197539a865bdd457b5777669f0ca06cca13f5dfd82a053a2702c2
88,Trace-Anchored Reference,Exact Shapley net value,1,15,689.4138389214766,689.4138389214766,0.0,306.3247104606454,306.3247104606453,306.3247104606453,1.1368683772161603e-13,1.1368683772161603e-13,6,2acbb980472197539a865bdd457b5777669f0ca06cca13f5dfd82a053a2702c2
88,Trace-Anchored Reference,Exact Shapley net value,2,42,-550.2041821336215,-550.2041821336215,0.0,306.3247104606454,306.3247104606453,306.3247104606453,1.1368683772161603e-13,1.1368683772161603e-13,6,2acbb980472197539a865bdd457b5777669f0ca06cca13f5dfd82a053a2702c2
88,Trace-Anchored Reference,Exact Shapley net value,3,80,86.0376635834961,86.0376635834961,0.0,306.3247104606454,306.3247104606453,306.3247104606453,1.1368683772161603e-13,1.1368683772161603e-13,6,2acbb980472197539a865bdd457b5777669f0ca06cca13f5dfd82a053a2702c2
88,Trace-Anchored Reference,Exact Shapley net value,4,116,81.07739008929427,81.07739008929427,0.0,306.3247104606454,306.3247104606453,306.3247104606453,1.1368683772161603e-13,1.1368683772161603e-13,6,2acbb980472197539a865bdd457b5777669f0ca06cca13f5dfd82a053a2702c2
88,Risk-Constrained Convex Verifier,Nodal signed linear,1,15,585.9154984637038,689.4138389214766,103.49834045777277,-6.1743951200577385,-6.174395120055124,306.3247104606453,-2.6147972675971687e-12,-312.49910558070303,6,2acbb980472197539a865bdd457b5777669f0ca06cca13f5dfd82a053a2702c2
88,Risk-Constrained Convex Verifier,Nodal signed linear,2,42,-592.0898935837615,-550.2041821336215,41.88571145013998,-6.1743951200577385,-6.174395120055124,306.3247104606453,-2.6147972675971687e-12,-312.49910558070303,6,2acbb980472197539a865bdd457b5777669f0ca06cca13f5dfd82a053a2702c2
88,Risk-Constrained Convex Verifier,Nodal signed linear,3,80,0.0,86.0376635834961,86.0376635834961,-6.1743951200577385,-6.174395120055124,306.3247104606453,-2.6147972675971687e-12,-312.49910558070303,6,2acbb980472197539a865bdd457b5777669f0ca06cca13f5dfd82a053a2702c2
88,Risk-Constrained Convex Verifier,Nodal signed linear,4,116,0.0,81.07739008929427,81.07739008929427,-6.1743951200577385,-6.174395120055124,306.3247104606453,-2.6147972675971687e-12,-312.49910558070303,6,2acbb980472197539a865bdd457b5777669f0ca06cca13f5dfd82a053a2702c2
88,Risk-Constrained Convex Verifier,Standalone avoided cost,1,15,585.9154984637171,689.4138389214766,103.49834045775947,-6.174395120029658,-6.174395120055124,306.3247104606453,2.546585164964199e-11,-312.49910558067495,6,2acbb980472197539a865bdd457b5777669f0ca06cca13f5dfd82a053a2702c2
88,Risk-Constrained Convex Verifier,Standalone avoided cost,2,42,-592.0898935837467,-550.2041821336215,41.8857114501252,-6.174395120029658,-6.174395120055124,306.3247104606453,2.546585164964199e-11,-312.49910558067495,6,2acbb980472197539a865bdd457b5777669f0ca06cca13f5dfd82a053a2702c2
88,Risk-Constrained Convex Verifier,Standalone avoided cost,3,80,0.0,86.0376635834961,86.0376635834961,-6.174395120029658,-6.174395120055124,306.3247104606453,2.546585164964199e-11,-312.49910558067495,6,2acbb980472197539a865bdd457b5777669f0ca06cca13f5dfd82a053a2702c2
88,Risk-Constrained Convex Verifier,Standalone avoided cost,4,116,0.0,81.07739008929427,81.07739008929427,-6.174395120029658,-6.174395120055124,306.3247104606453,2.546585164964199e-11,-312.49910558067495,6,2acbb980472197539a865bdd457b5777669f0ca06cca13f5dfd82a053a2702c2
88,Risk-Constrained Convex Verifier,Leave-one-out marginal,1,15,585.9154984636916,689.4138389214766,103.49834045778493,-6.1743951200805895,-6.174395120055124,306.3247104606453,-2.546585164964199e-11,-312.4991055807259,6,2acbb980472197539a865bdd457b5777669f0ca06cca13f5dfd82a053a2702c2
88,Risk-Constrained Convex Verifier,Leave-one-out marginal,2,42,-592.0898935837722,-550.2041821336215,41.885711450150666,-6.1743951200805895,-6.174395120055124,306.3247104606453,-2.546585164964199e-11,-312.4991055807259,6,2acbb980472197539a865bdd457b5777669f0ca06cca13f5dfd82a053a2702c2
88,Risk-Constrained Convex Verifier,Leave-one-out marginal,3,80,0.0,86.0376635834961,86.0376635834961,-6.1743951200805895,-6.174395120055124,306.3247104606453,-2.546585164964199e-11,-312.4991055807259,6,2acbb980472197539a865bdd457b5777669f0ca06cca13f5dfd82a053a2702c2
88,Risk-Constrained Convex Verifier,Leave-one-out marginal,4,116,0.0,81.07739008929427,81.07739008929427,-6.1743951200805895,-6.174395120055124,306.3247104606453,-2.546585164964199e-11,-312.4991055807259,6,2acbb980472197539a865bdd457b5777669f0ca06cca13f5dfd82a053a2702c2
88,Risk-Constrained Convex Verifier,Exact Shapley net value,1,15,585.9154984637044,689.4138389214766,103.4983404577722,-6.174395120055124,-6.174395120055124,306.3247104606453,0.0,-312.4991055807004,6,2acbb980472197539a865bdd457b5777669f0ca06cca13f5dfd82a053a2702c2
88,Risk-Constrained Convex Verifier,Exact Shapley net value,2,42,-592.0898935837595,-550.2041821336215,41.88571145013793,-6.174395120055124,-6.174395120055124,306.3247104606453,0.0,-312.4991055807004,6,2acbb980472197539a865bdd457b5777669f0ca06cca13f5dfd82a053a2702c2
88,Risk-Constrained Convex Verifier,Exact Shapley net value,3,80,0.0,86.0376635834961,86.0376635834961,-6.174395120055124,-6.174395120055124,306.3247104606453,0.0,-312.4991055807004,6,2acbb980472197539a865bdd457b5777669f0ca06cca13f5dfd82a053a2702c2
88,Risk-Constrained Convex Verifier,Exact Shapley net value,4,116,0.0,81.07739008929427,81.07739008929427,-6.174395120055124,-6.174395120055124,306.3247104606453,0.0,-312.4991055807004,6,2acbb980472197539a865bdd457b5777669f0ca06cca13f5dfd82a053a2702c2
89,Trace-Anchored Reference,Nodal signed linear,1,15,367.7248126804689,366.5178410724032,1.2069716080657145,421.3290909952756,418.96324780349096,418.96324780349096,2.36584319178462,2.36584319178462,6,2acbb980472197539a865bdd457b5777669f0ca06cca13f5dfd82a053a2702c2
89,Trace-Anchored Reference,Nodal signed linear,2,42,-166.16684309783048,-166.68788229422051,0.5210391963900349,421.3290909952756,418.96324780349096,418.96324780349096,2.36584319178462,2.36584319178462,6,2acbb980472197539a865bdd457b5777669f0ca06cca13f5dfd82a053a2702c2
89,Trace-Anchored Reference,Nodal signed linear,3,80,95.34195023692253,95.17236808586918,0.16958215105334773,421.3290909952756,418.96324780349096,418.96324780349096,2.36584319178462,2.36584319178462,6,2acbb980472197539a865bdd457b5777669f0ca06cca13f5dfd82a053a2702c2
89,Trace-Anchored Reference,Nodal signed linear,4,116,124.42917117571461,123.96092093943903,0.4682502362755798,421.3290909952756,418.96324780349096,418.96324780349096,2.36584319178462,2.36584319178462,6,2acbb980472197539a865bdd457b5777669f0ca06cca13f5dfd82a053a2702c2
89,Trace-Anchored Reference,Standalone avoided cost,1,15,367.23641857697294,366.5178410724032,0.7185775045697369,420.64354606463894,418.96324780349096,418.96324780349096,1.680298261147982,1.680298261147982,6,2acbb980472197539a865bdd457b5777669f0ca06cca13f5dfd82a053a2702c2
89,Trace-Anchored Reference,Standalone avoided cost,2,42,-166.36399392496605,-166.68788229422051,0.32388836925446185,420.64354606463894,418.96324780349096,418.96324780349096,1.680298261147982,1.680298261147982,6,2acbb980472197539a865bdd457b5777669f0ca06cca13f5dfd82a053a2702c2
89,Trace-Anchored Reference,Standalone avoided cost,3,80,95.34195023692519,95.17236808586918,0.16958215105600516,420.64354606463894,418.96324780349096,418.96324780349096,1.680298261147982,1.680298261147982,6,2acbb980472197539a865bdd457b5777669f0ca06cca13f5dfd82a053a2702c2
89,Trace-Anchored Reference,Standalone avoided cost,4,116,124.42917117570687,123.96092093943903,0.4682502362678349,420.64354606463894,418.96324780349096,418.96324780349096,1.680298261147982,1.680298261147982,6,2acbb980472197539a865bdd457b5777669f0ca06cca13f5dfd82a053a2702c2
89,Trace-Anchored Reference,Leave-one-out marginal,1,15,366.07863375093075,366.5178410724032,0.4392073214724519,418.15620109247175,418.96324780349096,418.96324780349096,-0.8070467110192112,-0.8070467110192112,6,2acbb980472197539a865bdd457b5777669f0ca06cca13f5dfd82a053a2702c2
89,Trace-Anchored Reference,Leave-one-out marginal,2,42,-166.71301069164838,-166.68788229422051,0.025128397427863547,418.15620109247175,418.96324780349096,418.96324780349096,-0.8070467110192112,-0.8070467110192112,6,2acbb980472197539a865bdd457b5777669f0ca06cca13f5dfd82a053a2702c2
89,Trace-Anchored Reference,Leave-one-out marginal,3,80,95.11057823611554,95.17236808586918,0.06178984975363733,418.15620109247175,418.96324780349096,418.96324780349096,-0.8070467110192112,-0.8070467110192112,6,2acbb980472197539a865bdd457b5777669f0ca06cca13f5dfd82a053a2702c2
89,Trace-Anchored Reference,Leave-one-out marginal,4,116,123.67999979707383,123.96092093943903,0.2809211423652016,418.15620109247175,418.96324780349096,418.96324780349096,-0.8070467110192112,-0.8070467110192112,6,2acbb980472197539a865bdd457b5777669f0ca06cca13f5dfd82a053a2702c2
89,Trace-Anchored Reference,Exact Shapley net value,1,15,366.5178410724032,366.5178410724032,0.0,418.96324780349084,418.96324780349096,418.96324780349096,-1.1368683772161603e-13,-1.1368683772161603e-13,6,2acbb980472197539a865bdd457b5777669f0ca06cca13f5dfd82a053a2702c2
89,Trace-Anchored Reference,Exact Shapley net value,2,42,-166.68788229422051,-166.68788229422051,0.0,418.96324780349084,418.96324780349096,418.96324780349096,-1.1368683772161603e-13,-1.1368683772161603e-13,6,2acbb980472197539a865bdd457b5777669f0ca06cca13f5dfd82a053a2702c2
89,Trace-Anchored Reference,Exact Shapley net value,3,80,95.17236808586918,95.17236808586918,0.0,418.96324780349084,418.96324780349096,418.96324780349096,-1.1368683772161603e-13,-1.1368683772161603e-13,6,2acbb980472197539a865bdd457b5777669f0ca06cca13f5dfd82a053a2702c2
89,Trace-Anchored Reference,Exact Shapley net value,4,116,123.96092093943903,123.96092093943903,0.0,418.96324780349084,418.96324780349096,418.96324780349096,-1.1368683772161603e-13,-1.1368683772161603e-13,6,2acbb980472197539a865bdd457b5777669f0ca06cca13f5dfd82a053a2702c2
89,Risk-Constrained Convex Verifier,Nodal signed linear,1,15,173.78995367933953,366.5178410724032,192.72788739306367,-0.9873680953359987,-0.9873680953314761,418.96324780349096,-4.522604513113038e-12,-419.950615898827,6,2acbb980472197539a865bdd457b5777669f0ca06cca13f5dfd82a053a2702c2
89,Risk-Constrained Convex Verifier,Nodal signed linear,2,42,-174.77732177467576,-166.68788229422051,8.08943948045524,-0.9873680953359987,-0.9873680953314761,418.96324780349096,-4.522604513113038e-12,-419.950615898827,6,2acbb980472197539a865bdd457b5777669f0ca06cca13f5dfd82a053a2702c2
89,Risk-Constrained Convex Verifier,Nodal signed linear,3,80,2.2382096176443156e-13,95.17236808586918,95.17236808586895,-0.9873680953359987,-0.9873680953314761,418.96324780349096,-4.522604513113038e-12,-419.950615898827,6,2acbb980472197539a865bdd457b5777669f0ca06cca13f5dfd82a053a2702c2
89,Risk-Constrained Convex Verifier,Nodal signed linear,4,116,0.0,123.96092093943903,123.96092093943903,-0.9873680953359987,-0.9873680953314761,418.96324780349096,-4.522604513113038e-12,-419.950615898827,6,2acbb980472197539a865bdd457b5777669f0ca06cca13f5dfd82a053a2702c2
89,Risk-Constrained Convex Verifier,Standalone avoided cost,1,15,173.78995367934476,366.5178410724032,192.72788739305844,-0.987368095335114,-0.9873680953314761,418.96324780349096,-3.637978807091713e-12,-419.9506158988261,6,2acbb980472197539a865bdd457b5777669f0ca06cca13f5dfd82a053a2702c2
89,Risk-Constrained Convex Verifier,Standalone avoided cost,2,42,-174.77732177467624,-166.68788229422051,8.089439480455724,-0.987368095335114,-0.9873680953314761,418.96324780349096,-3.637978807091713e-12,-419.9506158988261,6,2acbb980472197539a865bdd457b5777669f0ca06cca13f5dfd82a053a2702c2
89,Risk-Constrained Convex Verifier,Standalone avoided cost,3,80,0.0,95.17236808586918,95.17236808586918,-0.987368095335114,-0.9873680953314761,418.96324780349096,-3.637978807091713e-12,-419.9506158988261,6,2acbb980472197539a865bdd457b5777669f0ca06cca13f5dfd82a053a2702c2
89,Risk-Constrained Convex Verifier,Standalone avoided cost,4,116,-3.637978807091713e-12,123.96092093943903,123.96092093944267,-0.987368095335114,-0.9873680953314761,418.96324780349096,-3.637978807091713e-12,-419.9506158988261,6,2acbb980472197539a865bdd457b5777669f0ca06cca13f5dfd82a053a2702c2
89,Risk-Constrained Convex Verifier,Leave-one-out marginal,1,15,173.78995367934476,366.5178410724032,192.72788739305844,-0.987368095338752,-0.9873680953314761,418.96324780349096,-7.275957614183426e-12,-419.9506158988297,6,2acbb980472197539a865bdd457b5777669f0ca06cca13f5dfd82a053a2702c2
89,Risk-Constrained Convex Verifier,Leave-one-out marginal,2,42,-174.77732177467624,-166.68788229422051,8.089439480455724,-0.987368095338752,-0.9873680953314761,418.96324780349096,-7.275957614183426e-12,-419.9506158988297,6,2acbb980472197539a865bdd457b5777669f0ca06cca13f5dfd82a053a2702c2
89,Risk-Constrained Convex Verifier,Leave-one-out marginal,3,80,0.0,95.17236808586918,95.17236808586918,-0.987368095338752,-0.9873680953314761,418.96324780349096,-7.275957614183426e-12,-419.9506158988297,6,2acbb980472197539a865bdd457b5777669f0ca06cca13f5dfd82a053a2702c2
89,Risk-Constrained Convex Verifier,Leave-one-out marginal,4,116,-7.275957614183426e-12,123.96092093943903,123.96092093944631,-0.987368095338752,-0.9873680953314761,418.96324780349096,-7.275957614183426e-12,-419.9506158988297,6,2acbb980472197539a865bdd457b5777669f0ca06cca13f5dfd82a053a2702c2
89,Risk-Constrained Convex Verifier,Exact Shapley net value,1,15,173.78995367934627,366.5178410724032,192.72788739305693,-0.9873680953314565,-0.9873680953314761,418.96324780349096,1.9539925233402755e-14,-419.95061589882243,6,2acbb980472197539a865bdd457b5777669f0ca06cca13f5dfd82a053a2702c2
89,Risk-Constrained Convex Verifier,Exact Shapley net value,2,42,-174.7773217746753,-166.68788229422051,8.089439480454786,-0.9873680953314565,-0.9873680953314761,418.96324780349096,1.9539925233402755e-14,-419.95061589882243,6,2acbb980472197539a865bdd457b5777669f0ca06cca13f5dfd82a053a2702c2
89,Risk-Constrained Convex Verifier,Exact Shapley net value,3,80,2.1227464230832993e-12,95.17236808586918,95.17236808586706,-0.9873680953314565,-0.9873680953314761,418.96324780349096,1.9539925233402755e-14,-419.95061589882243,6,2acbb980472197539a865bdd457b5777669f0ca06cca13f5dfd82a053a2702c2
89,Risk-Constrained Convex Verifier,Exact Shapley net value,4,116,-4.547473508864641e-12,123.96092093943903,123.96092093944358,-0.9873680953314565,-0.9873680953314761,418.96324780349096,1.9539925233402755e-14,-419.95061589882243,6,2acbb980472197539a865bdd457b5777669f0ca06cca13f5dfd82a053a2702c2
90,Trace-Anchored Reference,Nodal signed linear,1,15,116.24122709316981,116.40381231278297,0.1625852196131632,-0.3611803947970114,-0.36118039481152664,-0.3611803948115213,1.451522235740299e-11,1.450989328688479e-11,6,2acbb980472197539a865bdd457b5777669f0ca06cca13f5dfd82a053a2702c2
90,Trace-Anchored Reference,Nodal signed linear,2,42,-116.6024074879665,-116.7649927075945,0.16258521962799932,-0.3611803947970114,-0.36118039481152664,-0.3611803948115213,1.451522235740299e-11,1.450989328688479e-11,6,2acbb980472197539a865bdd457b5777669f0ca06cca13f5dfd82a053a2702c2
90,Trace-Anchored Reference,Nodal signed linear,3,80,-2.750314517916578e-13,0.0,2.750314517916578e-13,-0.3611803947970114,-0.36118039481152664,-0.3611803948115213,1.451522235740299e-11,1.450989328688479e-11,6,2acbb980472197539a865bdd457b5777669f0ca06cca13f5dfd82a053a2702c2
90,Trace-Anchored Reference,Nodal signed linear,4,116,-4.583287853697759e-14,0.0,4.583287853697759e-14,-0.3611803947970114,-0.36118039481152664,-0.3611803948115213,1.451522235740299e-11,1.450989328688479e-11,6,2acbb980472197539a865bdd457b5777669f0ca06cca13f5dfd82a053a2702c2
90,Trace-Anchored Reference,Standalone avoided cost,1,15,116.24122709315634,116.40381231278297,0.16258521962663508,-0.6863508340647968,-0.36118039481152664,-0.3611803948115213,-0.32517043925327016,-0.3251704392532755,6,2acbb980472197539a865bdd457b5777669f0ca06cca13f5dfd82a053a2702c2
90,Trace-Anchored Reference,Standalone avoided cost,2,42,-116.92757792722114,-116.7649927075945,0.16258521962663508,-0.6863508340647968,-0.36118039481152664,-0.3611803948115213,-0.32517043925327016,-0.3251704392532755,6,2acbb980472197539a865bdd457b5777669f0ca06cca13f5dfd82a053a2702c2
90,Trace-Anchored Reference,Standalone avoided cost,3,80,0.0,0.0,0.0,-0.6863508340647968,-0.36118039481152664,-0.3611803948115213,-0.32517043925327016,-0.3251704392532755,6,2acbb980472197539a865bdd457b5777669f0ca06cca13f5dfd82a053a2702c2
90,Trace-Anchored Reference,Standalone avoided cost,4,116,0.0,0.0,0.0,-0.6863508340647968,-0.36118039481152664,-0.3611803948115213,-0.32517043925327016,-0.3251704392532755,6,2acbb980472197539a865bdd457b5777669f0ca06cca13f5dfd82a053a2702c2
90,Trace-Anchored Reference,Leave-one-out marginal,1,15,116.56639753240961,116.40381231278297,0.16258521962663508,-0.03600995555825648,-0.36118039481152664,-0.3611803948115213,0.32517043925327016,0.32517043925326483,6,2acbb980472197539a865bdd457b5777669f0ca06cca13f5dfd82a053a2702c2
90,Trace-Anchored Reference,Leave-one-out marginal,2,42,-116.60240748796787,-116.7649927075945,0.16258521962663508,-0.03600995555825648,-0.36118039481152664,-0.3611803948115213,0.32517043925327016,0.32517043925326483,6,2acbb980472197539a865bdd457b5777669f0ca06cca13f5dfd82a053a2702c2
90,Trace-Anchored Reference,Leave-one-out marginal,3,80,0.0,0.0,0.0,-0.03600995555825648,-0.36118039481152664,-0.3611803948115213,0.32517043925327016,0.32517043925326483,6,2acbb980472197539a865bdd457b5777669f0ca06cca13f5dfd82a053a2702c2
90,Trace-Anchored Reference,Leave-one-out marginal,4,116,0.0,0.0,0.0,-0.03600995555825648,-0.36118039481152664,-0.3611803948115213,0.32517043925327016,0.32517043925326483,6,2acbb980472197539a865bdd457b5777669f0ca06cca13f5dfd82a053a2702c2
90,Trace-Anchored Reference,Exact Shapley net value,1,15,116.40381231278297,116.40381231278297,0.0,-0.36118039481152664,-0.36118039481152664,-0.3611803948115213,0.0,-5.329070518200751e-15,6,2acbb980472197539a865bdd457b5777669f0ca06cca13f5dfd82a053a2702c2
90,Trace-Anchored Reference,Exact Shapley net value,2,42,-116.7649927075945,-116.7649927075945,0.0,-0.36118039481152664,-0.36118039481152664,-0.3611803948115213,0.0,-5.329070518200751e-15,6,2acbb980472197539a865bdd457b5777669f0ca06cca13f5dfd82a053a2702c2
90,Trace-Anchored Reference,Exact Shapley net value,3,80,0.0,0.0,0.0,-0.36118039481152664,-0.36118039481152664,-0.3611803948115213,0.0,-5.329070518200751e-15,6,2acbb980472197539a865bdd457b5777669f0ca06cca13f5dfd82a053a2702c2
90,Trace-Anchored Reference,Exact Shapley net value,4,116,0.0,0.0,0.0,-0.36118039481152664,-0.36118039481152664,-0.3611803948115213,0.0,-5.329070518200751e-15,6,2acbb980472197539a865bdd457b5777669f0ca06cca13f5dfd82a053a2702c2
90,Risk-Constrained Convex Verifier,Nodal signed linear,1,15,116.24122709316977,116.40381231278297,0.16258521961320582,-0.36118039479649156,-0.3611803948042507,-0.3611803948115213,7.759126674500294e-12,1.502975521816552e-11,6,2acbb980472197539a865bdd457b5777669f0ca06cca13f5dfd82a053a2702c2
90,Risk-Constrained Convex Verifier,Nodal signed linear,2,42,-116.60240748796626,-116.7649927075945,0.1625852196282409,-0.36118039479649156,-0.3611803948042507,-0.3611803948115213,7.759126674500294e-12,1.502975521816552e-11,6,2acbb980472197539a865bdd457b5777669f0ca06cca13f5dfd82a053a2702c2
90,Risk-Constrained Convex Verifier,Nodal signed linear,3,80,0.0,0.0,0.0,-0.36118039479649156,-0.3611803948042507,-0.3611803948115213,7.759126674500294e-12,1.502975521816552e-11,6,2acbb980472197539a865bdd457b5777669f0ca06cca13f5dfd82a053a2702c2
90,Risk-Constrained Convex Verifier,Nodal signed linear,4,116,0.0,0.0,0.0,-0.36118039479649156,-0.3611803948042507,-0.3611803948115213,7.759126674500294e-12,1.502975521816552e-11,6,2acbb980472197539a865bdd457b5777669f0ca06cca13f5dfd82a053a2702c2
90,Risk-Constrained Convex Verifier,Standalone avoided cost,1,15,116.24122709315998,116.40381231278297,0.1625852196229971,-0.6863508340538829,-0.3611803948042507,-0.3611803948115213,-0.3251704392496322,-0.32517043924236155,6,2acbb980472197539a865bdd457b5777669f0ca06cca13f5dfd82a053a2702c2
90,Risk-Constrained Convex Verifier,Standalone avoided cost,2,42,-116.92757792721386,-116.7649927075945,0.16258521961935912,-0.6863508340538829,-0.3611803948042507,-0.3611803948115213,-0.3251704392496322,-0.32517043924236155,6,2acbb980472197539a865bdd457b5777669f0ca06cca13f5dfd82a053a2702c2
90,Risk-Constrained Convex Verifier,Standalone avoided cost,3,80,0.0,0.0,0.0,-0.6863508340538829,-0.3611803948042507,-0.3611803948115213,-0.3251704392496322,-0.32517043924236155,6,2acbb980472197539a865bdd457b5777669f0ca06cca13f5dfd82a053a2702c2
90,Risk-Constrained Convex Verifier,Standalone avoided cost,4,116,0.0,0.0,0.0,-0.6863508340538829,-0.3611803948042507,-0.3611803948115213,-0.3251704392496322,-0.32517043924236155,6,2acbb980472197539a865bdd457b5777669f0ca06cca13f5dfd82a053a2702c2
90,Risk-Constrained Convex Verifier,Leave-one-out marginal,1,15,116.56639753240961,116.40381231278297,0.16258521962663508,-0.0360099555546185,-0.3611803948042507,-0.3611803948115213,0.3251704392496322,0.3251704392569028,6,2acbb980472197539a865bdd457b5777669f0ca06cca13f5dfd82a053a2702c2
90,Risk-Constrained Convex Verifier,Leave-one-out marginal,2,42,-116.60240748796423,-116.7649927075945,0.16258521963027306,-0.0360099555546185,-0.3611803948042507,-0.3611803948115213,0.3251704392496322,0.3251704392569028,6,2acbb980472197539a865bdd457b5777669f0ca06cca13f5dfd82a053a2702c2
90,Risk-Constrained Convex Verifier,Leave-one-out marginal,3,80,0.0,0.0,0.0,-0.0360099555546185,-0.3611803948042507,-0.3611803948115213,0.3251704392496322,0.3251704392569028,6,2acbb980472197539a865bdd457b5777669f0ca06cca13f5dfd82a053a2702c2
90,Risk-Constrained Convex Verifier,Leave-one-out marginal,4,116,0.0,0.0,0.0,-0.0360099555546185,-0.3611803948042507,-0.3611803948115213,0.3251704392496322,0.3251704392569028,6,2acbb980472197539a865bdd457b5777669f0ca06cca13f5dfd82a053a2702c2
90,Risk-Constrained Convex Verifier,Exact Shapley net value,1,15,116.4038123127848,116.40381231278297,1.8189894035458565e-12,-0.3611803948042507,-0.3611803948042507,-0.3611803948115213,0.0,7.270628543665225e-12,6,2acbb980472197539a865bdd457b5777669f0ca06cca13f5dfd82a053a2702c2
90,Risk-Constrained Convex Verifier,Exact Shapley net value,2,42,-116.76499270758904,-116.7649927075945,5.4569682106375694e-12,-0.3611803948042507,-0.3611803948042507,-0.3611803948115213,0.0,7.270628543665225e-12,6,2acbb980472197539a865bdd457b5777669f0ca06cca13f5dfd82a053a2702c2
90,Risk-Constrained Convex Verifier,Exact Shapley net value,3,80,0.0,0.0,0.0,-0.3611803948042507,-0.3611803948042507,-0.3611803948115213,0.0,7.270628543665225e-12,6,2acbb980472197539a865bdd457b5777669f0ca06cca13f5dfd82a053a2702c2
90,Risk-Constrained Convex Verifier,Exact Shapley net value,4,116,0.0,0.0,0.0,-0.3611803948042507,-0.3611803948042507,-0.3611803948115213,0.0,7.270628543665225e-12,6,2acbb980472197539a865bdd457b5777669f0ca06cca13f5dfd82a053a2702c2
91,Trace-Anchored Reference,Nodal signed linear,1,15,717.0167331201403,725.9135668279614,8.896833707821088,-30.666376256126227,-106.7274396609755,-106.7274396609755,76.06106340484928,76.06106340484928,6,2acbb980472197539a865bdd457b5777669f0ca06cca13f5dfd82a053a2702c2
91,Trace-Anchored Reference,Nodal signed linear,2,42,-1062.2412498860522,-1148.0939376504368,85.85268776438465,-30.666376256126227,-106.7274396609755,-106.7274396609755,76.06106340484928,76.06106340484928,6,2acbb980472197539a865bdd457b5777669f0ca06cca13f5dfd82a053a2702c2
91,Trace-Anchored Reference,Nodal signed linear,3,80,199.41822047441423,199.54148060489084,0.12326013047660922,-30.666376256126227,-106.7274396609755,-106.7274396609755,76.06106340484928,76.06106340484928,6,2acbb980472197539a865bdd457b5777669f0ca06cca13f5dfd82a053a2702c2
91,Trace-Anchored Reference,Nodal signed linear,4,116,115.1399200353714,115.91145055660914,0.7715305212377359,-30.666376256126227,-106.7274396609755,-106.7274396609755,76.06106340484928,76.06106340484928,6,2acbb980472197539a865bdd457b5777669f0ca06cca13f5dfd82a053a2702c2
91,Trace-Anchored Reference,Standalone avoided cost,1,15,717.0167331201446,725.9135668279614,8.896833707816768,-126.38317101248686,-106.7274396609755,-106.7274396609755,-19.65573135151135,-19.65573135151135,6,2acbb980472197539a865bdd457b5777669f0ca06cca13f5dfd82a053a2702c2
91,Trace-Anchored Reference,Standalone avoided cost,2,42,-1157.9580446424188,-1148.0939376504368,9.864106991981998,-126.38317101248686,-106.7274396609755,-106.7274396609755,-19.65573135151135,-19.65573135151135,6,2acbb980472197539a865bdd457b5777669f0ca06cca13f5dfd82a053a2702c2
91,Trace-Anchored Reference,Standalone avoided cost,3,80,199.4182204744102,199.54148060489084,0.1232601304806451,-126.38317101248686,-106.7274396609755,-106.7274396609755,-19.65573135151135,-19.65573135151135,6,2acbb980472197539a865bdd457b5777669f0ca06cca13f5dfd82a053a2702c2
91,Trace-Anchored Reference,Standalone avoided cost,4,116,115.13992003537714,115.91145055660914,0.7715305212319947,-126.38317101248686,-106.7274396609755,-106.7274396609755,-19.65573135151135,-19.65573135151135,6,2acbb980472197539a865bdd457b5777669f0ca06cca13f5dfd82a053a2702c2
91,Trace-Anchored Reference,Leave-one-out marginal,1,15,734.7379179033342,725.9135668279614,8.82435107537276,-87.28915620678163,-106.7274396609755,-106.7274396609755,19.43828345419388,19.43828345419388,6,2acbb980472197539a865bdd457b5777669f0ca06cca13f5dfd82a053a2702c2
91,Trace-Anchored Reference,Leave-one-out marginal,2,42,-1138.302313290893,-1148.0939376504368,9.791624359543903,-87.28915620678163,-106.7274396609755,-106.7274396609755,19.43828345419388,19.43828345419388,6,2acbb980472197539a865bdd457b5777669f0ca06cca13f5dfd82a053a2702c2
91,Trace-Anchored Reference,Leave-one-out marginal,3,80,199.5867346655068,199.54148060489084,0.04525406061597437,-87.28915620678163,-106.7274396609755,-106.7274396609755,19.43828345419388,19.43828345419388,6,2acbb980472197539a865bdd457b5777669f0ca06cca13f5dfd82a053a2702c2
91,Trace-Anchored Reference,Leave-one-out marginal,4,116,116.68850451527032,115.91145055660914,0.7770539586611847,-87.28915620678163,-106.7274396609755,-106.7274396609755,19.43828345419388,19.43828345419388,6,2acbb980472197539a865bdd457b5777669f0ca06cca13f5dfd82a053a2702c2
91,Trace-Anchored Reference,Exact Shapley net value,1,15,725.9135668279614,725.9135668279614,0.0,-106.72743966097545,-106.7274396609755,-106.7274396609755,5.684341886080802e-14,5.684341886080802e-14,6,2acbb980472197539a865bdd457b5777669f0ca06cca13f5dfd82a053a2702c2
91,Trace-Anchored Reference,Exact Shapley net value,2,42,-1148.0939376504368,-1148.0939376504368,0.0,-106.72743966097545,-106.7274396609755,-106.7274396609755,5.684341886080802e-14,5.684341886080802e-14,6,2acbb980472197539a865bdd457b5777669f0ca06cca13f5dfd82a053a2702c2
91,Trace-Anchored Reference,Exact Shapley net value,3,80,199.54148060489084,199.54148060489084,0.0,-106.72743966097545,-106.7274396609755,-106.7274396609755,5.684341886080802e-14,5.684341886080802e-14,6,2acbb980472197539a865bdd457b5777669f0ca06cca13f5dfd82a053a2702c2
91,Trace-Anchored Reference,Exact Shapley net value,4,116,115.91145055660914,115.91145055660914,0.0,-106.72743966097545,-106.7274396609755,-106.7274396609755,5.684341886080802e-14,5.684341886080802e-14,6,2acbb980472197539a865bdd457b5777669f0ca06cca13f5dfd82a053a2702c2
91,Risk-Constrained Convex Verifier,Nodal signed linear,1,15,598.4364948945341,725.9135668279614,127.47707193342728,-22.33787265292116,-22.337872652908118,-106.7274396609755,-1.3042011914876639e-11,84.38956700805434,6,2acbb980472197539a865bdd457b5777669f0ca06cca13f5dfd82a053a2702c2
91,Risk-Constrained Convex Verifier,Nodal signed linear,2,42,-598.3774759468777,-1148.0939376504368,549.7164617035592,-22.33787265292116,-22.337872652908118,-106.7274396609755,-1.3042011914876639e-11,84.38956700805434,6,2acbb980472197539a865bdd457b5777669f0ca06cca13f5dfd82a053a2702c2
91,Risk-Constrained Convex Verifier,Nodal signed linear,3,80,-22.396891600577614,199.54148060489084,221.93837220546845,-22.33787265292116,-22.337872652908118,-106.7274396609755,-1.3042011914876639e-11,84.38956700805434,6,2acbb980472197539a865bdd457b5777669f0ca06cca13f5dfd82a053a2702c2
91,Risk-Constrained Convex Verifier,Nodal signed linear,4,116,0.0,115.91145055660914,115.91145055660914,-22.33787265292116,-22.337872652908118,-106.7274396609755,-1.3042011914876639e-11,84.38956700805434,6,2acbb980472197539a865bdd457b5777669f0ca06cca13f5dfd82a053a2702c2
91,Risk-Constrained Convex Verifier,Standalone avoided cost,1,15,597.5909387372158,725.9135668279614,128.32262809074564,-24.590029159568076,-22.337872652908118,-106.7274396609755,-2.252156506659958,82.13741050140743,6,2acbb980472197539a865bdd457b5777669f0ca06cca13f5dfd82a053a2702c2
91,Risk-Constrained Convex Verifier,Standalone avoided cost,2,42,-599.7840762962078,-1148.0939376504368,548.309861354229,-24.590029159568076,-22.337872652908118,-106.7274396609755,-2.252156506659958,82.13741050140743,6,2acbb980472197539a865bdd457b5777669f0ca06cca13f5dfd82a053a2702c2
91,Risk-Constrained Convex Verifier,Standalone avoided cost,3,80,-22.396891600576055,199.54148060489084,221.9383722054669,-24.590029159568076,-22.337872652908118,-106.7274396609755,-2.252156506659958,82.13741050140743,6,2acbb980472197539a865bdd457b5777669f0ca06cca13f5dfd82a053a2702c2
91,Risk-Constrained Convex Verifier,Standalone avoided cost,4,116,0.0,115.91145055660914,115.91145055660914,-24.590029159568076,-22.337872652908118,-106.7274396609755,-2.252156506659958,82.13741050140743,6,2acbb980472197539a865bdd457b5777669f0ca06cca13f5dfd82a053a2702c2
91,Risk-Constrained Convex Verifier,Leave-one-out marginal,1,15,599.8430952438794,725.9135668279614,126.07047158408204,-20.085716146233608,-22.337872652908118,-106.7274396609755,2.2521565066745097,86.6417235147419,6,2acbb980472197539a865bdd457b5777669f0ca06cca13f5dfd82a053a2702c2
91,Risk-Constrained Convex Verifier,Leave-one-out marginal,2,42,-597.5319197895369,-1148.0939376504368,550.5620178608999,-20.085716146233608,-22.337872652908118,-106.7274396609755,2.2521565066745097,86.6417235147419,6,2acbb980472197539a865bdd457b5777669f0ca06cca13f5dfd82a053a2702c2
91,Risk-Constrained Convex Verifier,Leave-one-out marginal,3,80,-22.396891600576055,199.54148060489084,221.9383722054669,-20.085716146233608,-22.337872652908118,-106.7274396609755,2.2521565066745097,86.6417235147419,6,2acbb980472197539a865bdd457b5777669f0ca06cca13f5dfd82a053a2702c2
91,Risk-Constrained Convex Verifier,Leave-one-out marginal,4,116,0.0,115.91145055660914,115.91145055660914,-20.085716146233608,-22.337872652908118,-106.7274396609755,2.2521565066745097,86.6417235147419,6,2acbb980472197539a865bdd457b5777669f0ca06cca13f5dfd82a053a2702c2
91,Risk-Constrained Convex Verifier,Exact Shapley net value,1,15,598.7170169905451,725.9135668279614,127.19654983741634,-22.337872652908267,-22.337872652908118,-106.7274396609755,-1.4921397450962104e-13,84.38956700806725,6,2acbb980472197539a865bdd457b5777669f0ca06cca13f5dfd82a053a2702c2
91,Risk-Constrained Convex Verifier,Exact Shapley net value,2,42,-598.6579980428749,-1148.0939376504368,549.435939607562,-22.337872652908267,-22.337872652908118,-106.7274396609755,-1.4921397450962104e-13,84.38956700806725,6,2acbb980472197539a865bdd457b5777669f0ca06cca13f5dfd82a053a2702c2
91,Risk-Constrained Convex Verifier,Exact Shapley net value,3,80,-22.396891600578478,199.54148060489084,221.9383722054693,-22.337872652908267,-22.337872652908118,-106.7274396609755,-1.4921397450962104e-13,84.38956700806725,6,2acbb980472197539a865bdd457b5777669f0ca06cca13f5dfd82a053a2702c2
91,Risk-Constrained Convex Verifier,Exact Shapley net value,4,116,0.0,115.91145055660914,115.91145055660914,-22.337872652908267,-22.337872652908118,-106.7274396609755,-1.4921397450962104e-13,84.38956700806725,6,2acbb980472197539a865bdd457b5777669f0ca06cca13f5dfd82a053a2702c2
92,Trace-Anchored Reference,Nodal signed linear,1,15,128.22090304815504,128.45396115524696,0.23305810709192087,118.35021617600755,114.39840126594936,114.39840126594936,3.9518149100581894,3.9518149100581894,6,2acbb980472197539a865bdd457b5777669f0ca06cca13f5dfd82a053a2702c2
92,Trace-Anchored Reference,Nodal signed linear,2,42,-55.38124330243852,-59.10972031235482,3.728477009916297,118.35021617600755,114.39840126594936,114.39840126594936,3.9518149100581894,3.9518149100581894,6,2acbb980472197539a865bdd457b5777669f0ca06cca13f5dfd82a053a2702c2
92,Trace-Anchored Reference,Nodal signed linear,3,80,44.276549584206414,44.13027072391136,0.14627886029505532,118.35021617600755,114.39840126594936,114.39840126594936,3.9518149100581894,3.9518149100581894,6,2acbb980472197539a865bdd457b5777669f0ca06cca13f5dfd82a053a2702c2
92,Trace-Anchored Reference,Nodal signed linear,4,116,1.2340068460846263,0.9238896991458496,0.3101171469387767,118.35021617600755,114.39840126594936,114.39840126594936,3.9518149100581894,3.9518149100581894,6,2acbb980472197539a865bdd457b5777669f0ca06cca13f5dfd82a053a2702c2
92,Trace-Anchored Reference,Standalone avoided cost,1,15,128.22090304816084,128.45396115524696,0.23305810708612285,114.5549230513061,114.39840126594936,114.39840126594936,0.15652178535674466,0.15652178535674466,6,2acbb980472197539a865bdd457b5777669f0ca06cca13f5dfd82a053a2702c2
92,Trace-Anchored Reference,Standalone avoided cost,2,42,-59.00502985205094,-59.10972031235482,0.1046904603038783,114.5549230513061,114.39840126594936,114.39840126594936,0.15652178535674466,0.15652178535674466,6,2acbb980472197539a865bdd457b5777669f0ca06cca13f5dfd82a053a2702c2
92,Trace-Anchored Reference,Standalone avoided cost,3,80,44.27654958421408,44.13027072391136,0.14627886030272208,114.5549230513061,114.39840126594936,114.39840126594936,0.15652178535674466,0.15652178535674466,6,2acbb980472197539a865bdd457b5777669f0ca06cca13f5dfd82a053a2702c2
92,Trace-Anchored Reference,Standalone avoided cost,4,116,1.0625002709821274,0.9238896991458496,0.13861057183627778,114.5549230513061,114.39840126594936,114.39840126594936,0.15652178535674466,0.15652178535674466,6,2acbb980472197539a865bdd457b5777669f0ca06cca13f5dfd82a053a2702c2
92,Trace-Anchored Reference,Leave-one-out marginal,1,15,128.5959302924348,128.45396115524696,0.14196913718782866,114.1117106103884,114.39840126594936,114.39840126594936,-0.2866906555609603,-0.2866906555609603,6,2acbb980472197539a865bdd457b5777669f0ca06cca13f5dfd82a053a2702c2
92,Trace-Anchored Reference,Leave-one-out marginal,2,42,-59.29172050758643,-59.10972031235482,0.18200019523161615,114.1117106103884,114.39840126594936,114.39840126594936,-0.2866906555609603,-0.2866906555609603,6,2acbb980472197539a865bdd457b5777669f0ca06cca13f5dfd82a053a2702c2
92,Trace-Anchored Reference,Leave-one-out marginal,3,80,44.031691210107965,44.13027072391136,0.09857951380339358,114.1117106103884,114.39840126594936,114.39840126594936,-0.2866906555609603,-0.2866906555609603,6,2acbb980472197539a865bdd457b5777669f0ca06cca13f5dfd82a053a2702c2
92,Trace-Anchored Reference,Leave-one-out marginal,4,116,0.775809615432081,0.9238896991458496,0.14808008371376857,114.1117106103884,114.39840126594936,114.39840126594936,-0.2866906555609603,-0.2866906555609603,6,2acbb980472197539a865bdd457b5777669f0ca06cca13f5dfd82a053a2702c2
92,Trace-Anchored Reference,Exact Shapley net value,1,15,128.45396115524696,128.45396115524696,0.0,114.39840126594935,114.39840126594936,114.39840126594936,-1.4210854715202004e-14,-1.4210854715202004e-14,6,2acbb980472197539a865bdd457b5777669f0ca06cca13f5dfd82a053a2702c2
92,Trace-Anchored Reference,Exact Shapley net value,2,42,-59.10972031235482,-59.10972031235482,0.0,114.39840126594935,114.39840126594936,114.39840126594936,-1.4210854715202004e-14,-1.4210854715202004e-14,6,2acbb980472197539a865bdd457b5777669f0ca06cca13f5dfd82a053a2702c2
92,Trace-Anchored Reference,Exact Shapley net value,3,80,44.13027072391136,44.13027072391136,0.0,114.39840126594935,114.39840126594936,114.39840126594936,-1.4210854715202004e-14,-1.4210854715202004e-14,6,2acbb980472197539a865bdd457b5777669f0ca06cca13f5dfd82a053a2702c2
92,Trace-Anchored Reference,Exact Shapley net value,4,116,0.9238896991458496,0.9238896991458496,0.0,114.39840126594935,114.39840126594936,114.39840126594936,-1.4210854715202004e-14,-1.4210854715202004e-14,6,2acbb980472197539a865bdd457b5777669f0ca06cca13f5dfd82a053a2702c2
92,Risk-Constrained Convex Verifier,Nodal signed linear,1,15,102.2683455893975,128.45396115524696,26.18561556584946,-1.9971076948298476,-1.9971076948386326,114.39840126594936,8.784972749253939e-12,-116.39550896077921,6,2acbb980472197539a865bdd457b5777669f0ca06cca13f5dfd82a053a2702c2
92,Risk-Constrained Convex Verifier,Nodal signed linear,2,42,-104.04748742805924,-59.10972031235482,44.937767115704425,-1.9971076948298476,-1.9971076948386326,114.39840126594936,8.784972749253939e-12,-116.39550896077921,6,2acbb980472197539a865bdd457b5777669f0ca06cca13f5dfd82a053a2702c2
92,Risk-Constrained Convex Verifier,Nodal signed linear,3,80,-0.11535352635975116,44.13027072391136,44.245624250271106,-1.9971076948298476,-1.9971076948386326,114.39840126594936,8.784972749253939e-12,-116.39550896077921,6,2acbb980472197539a865bdd457b5777669f0ca06cca13f5dfd82a053a2702c2
92,Risk-Constrained Convex Verifier,Nodal signed linear,4,116,-0.10261232980835278,0.9238896991458496,1.0265020289542024,-1.9971076948298476,-1.9971076948386326,114.39840126594936,8.784972749253939e-12,-116.39550896077921,6,2acbb980472197539a865bdd457b5777669f0ca06cca13f5dfd82a053a2702c2
92,Risk-Constrained Convex Verifier,Standalone avoided cost,1,15,102.2683455894039,128.45396115524696,26.18561556584305,-1.9971076948240807,-1.9971076948386326,114.39840126594936,1.4551915228366852e-11,-116.39550896077344,6,2acbb980472197539a865bdd457b5777669f0ca06cca13f5dfd82a053a2702c2
92,Risk-Constrained Convex Verifier,Standalone avoided cost,2,42,-104.0474874280626,-59.10972031235482,44.93776711570778,-1.9971076948240807,-1.9971076948386326,114.39840126594936,1.4551915228366852e-11,-116.39550896077344,6,2acbb980472197539a865bdd457b5777669f0ca06cca13f5dfd82a053a2702c2
92,Risk-Constrained Convex Verifier,Standalone avoided cost,3,80,-0.11535352635837626,44.13027072391136,44.245624250269735,-1.9971076948240807,-1.9971076948386326,114.39840126594936,1.4551915228366852e-11,-116.39550896077344,6,2acbb980472197539a865bdd457b5777669f0ca06cca13f5dfd82a053a2702c2
92,Risk-Constrained Convex Verifier,Standalone avoided cost,4,116,-0.10261232980701607,0.9238896991458496,1.0265020289528657,-1.9971076948240807,-1.9971076948386326,114.39840126594936,1.4551915228366852e-11,-116.39550896077344,6,2acbb980472197539a865bdd457b5777669f0ca06cca13f5dfd82a053a2702c2
92,Risk-Constrained Convex Verifier,Leave-one-out marginal,1,15,102.268345589393,128.45396115524696,26.185615565853965,-1.9971076948495465,-1.9971076948386326,114.39840126594936,-1.0913936421275139e-11,-116.3955089607989,6,2acbb980472197539a865bdd457b5777669f0ca06cca13f5dfd82a053a2702c2
92,Risk-Constrained Convex Verifier,Leave-one-out marginal,2,42,-104.04748742806623,-59.10972031235482,44.93776711571142,-1.9971076948495465,-1.9971076948386326,114.39840126594936,-1.0913936421275139e-11,-116.3955089607989,6,2acbb980472197539a865bdd457b5777669f0ca06cca13f5dfd82a053a2702c2
92,Risk-Constrained Convex Verifier,Leave-one-out marginal,3,80,-0.11535352636565221,44.13027072391136,44.24562425027701,-1.9971076948495465,-1.9971076948386326,114.39840126594936,-1.0913936421275139e-11,-116.3955089607989,6,2acbb980472197539a865bdd457b5777669f0ca06cca13f5dfd82a053a2702c2
92,Risk-Constrained Convex Verifier,Leave-one-out marginal,4,116,-0.10261232981065405,0.9238896991458496,1.0265020289565037,-1.9971076948495465,-1.9971076948386326,114.39840126594936,-1.0913936421275139e-11,-116.3955089607989,6,2acbb980472197539a865bdd457b5777669f0ca06cca13f5dfd82a053a2702c2
92,Risk-Constrained Convex Verifier,Exact Shapley net value,1,15,102.26834558939784,128.45396115524696,26.18561556584912,-1.9971076948386388,-1.9971076948386326,114.39840126594936,-6.217248937900877e-15,-116.39550896078799,6,2acbb980472197539a865bdd457b5777669f0ca06cca13f5dfd82a053a2702c2
92,Risk-Constrained Convex Verifier,Exact Shapley net value,2,42,-104.04748742806503,-59.10972031235482,44.93776711571021,-1.9971076948386388,-1.9971076948386326,114.39840126594936,-6.217248937900877e-15,-116.39550896078799,6,2acbb980472197539a865bdd457b5777669f0ca06cca13f5dfd82a053a2702c2
92,Risk-Constrained Convex Verifier,Exact Shapley net value,3,80,-0.1153535263626182,44.13027072391136,44.24562425027398,-1.9971076948386388,-1.9971076948386326,114.39840126594936,-6.217248937900877e-15,-116.39550896078799,6,2acbb980472197539a865bdd457b5777669f0ca06cca13f5dfd82a053a2702c2
92,Risk-Constrained Convex Verifier,Exact Shapley net value,4,116,-0.10261232980883417,0.9238896991458496,1.0265020289546838,-1.9971076948386388,-1.9971076948386326,114.39840126594936,-6.217248937900877e-15,-116.39550896078799,6,2acbb980472197539a865bdd457b5777669f0ca06cca13f5dfd82a053a2702c2
93,Trace-Anchored Reference,Nodal signed linear,1,15,129.15668042334158,129.59290463226836,0.4362242089267738,209.6991245060096,208.26420577853423,208.26420577853423,1.4349187274753774,1.4349187274753774,6,2acbb980472197539a865bdd457b5777669f0ca06cca13f5dfd82a053a2702c2
93,Trace-Anchored Reference,Nodal signed linear,2,42,-5.635060411571965,-7.231852048043951,1.5967916364719859,209.6991245060096,208.26420577853423,208.26420577853423,1.4349187274753774,1.4349187274753774,6,2acbb980472197539a865bdd457b5777669f0ca06cca13f5dfd82a053a2702c2
93,Trace-Anchored Reference,Nodal signed linear,3,80,52.55744442171506,52.423819991490745,0.13362443022431592,209.6991245060096,208.26420577853423,208.26420577853423,1.4349187274753774,1.4349187274753774,6,2acbb980472197539a865bdd457b5777669f0ca06cca13f5dfd82a053a2702c2
93,Trace-Anchored Reference,Nodal signed linear,4,116,33.62006007252493,33.47933320281906,0.14072686970586545,209.6991245060096,208.26420577853423,208.26420577853423,1.4349187274753774,1.4349187274753774,6,2acbb980472197539a865bdd457b5777669f0ca06cca13f5dfd82a053a2702c2
93,Trace-Anchored Reference,Standalone avoided cost,1,15,129.15668042332618,129.59290463226836,0.4362242089421784,207.94045996047134,208.26420577853423,208.26420577853423,-0.32374581806288916,-0.32374581806288916,6,2acbb980472197539a865bdd457b5777669f0ca06cca13f5dfd82a053a2702c2
93,Trace-Anchored Reference,Standalone avoided cost,2,42,-7.393724957077211,-7.231852048043951,0.16187290903326002,207.94045996047134,208.26420577853423,208.26420577853423,-0.32374581806288916,-0.32374581806288916,6,2acbb980472197539a865bdd457b5777669f0ca06cca13f5dfd82a053a2702c2
93,Trace-Anchored Reference,Standalone avoided cost,3,80,52.5574444217018,52.423819991490745,0.1336244302110572,207.94045996047134,208.26420577853423,208.26420577853423,-0.32374581806288916,-0.32374581806288916,6,2acbb980472197539a865bdd457b5777669f0ca06cca13f5dfd82a053a2702c2
93,Trace-Anchored Reference,Standalone avoided cost,4,116,33.62006007252057,33.47933320281906,0.14072686970150983,207.94045996047134,208.26420577853423,208.26420577853423,-0.32374581806288916,-0.32374581806288916,6,2acbb980472197539a865bdd457b5777669f0ca06cca13f5dfd82a053a2702c2
93,Trace-Anchored Reference,Leave-one-out marginal,1,15,130.0291288412045,129.59290463226836,0.436224208936153,208.5879515965753,208.26420577853423,208.26420577853423,0.3237458180410613,0.3237458180410613,6,2acbb980472197539a865bdd457b5777669f0ca06cca13f5dfd82a053a2702c2
93,Trace-Anchored Reference,Leave-one-out marginal,2,42,-7.06997913901796,-7.231852048043951,0.16187290902599116,208.5879515965753,208.26420577853423,208.26420577853423,0.3237458180410613,0.3237458180410613,6,2acbb980472197539a865bdd457b5777669f0ca06cca13f5dfd82a053a2702c2
93,Trace-Anchored Reference,Leave-one-out marginal,3,80,52.29019556127241,52.423819991490745,0.13362443021833315,208.5879515965753,208.26420577853423,208.26420577853423,0.3237458180410613,0.3237458180410613,6,2acbb980472197539a865bdd457b5777669f0ca06cca13f5dfd82a053a2702c2
93,Trace-Anchored Reference,Leave-one-out marginal,4,116,33.33860633311633,33.47933320281906,0.14072686970273196,208.5879515965753,208.26420577853423,208.26420577853423,0.3237458180410613,0.3237458180410613,6,2acbb980472197539a865bdd457b5777669f0ca06cca13f5dfd82a053a2702c2
93,Trace-Anchored Reference,Exact Shapley net value,1,15,129.59290463226836,129.59290463226836,0.0,208.26420577853423,208.26420577853423,208.26420577853423,0.0,0.0,6,2acbb980472197539a865bdd457b5777669f0ca06cca13f5dfd82a053a2702c2
93,Trace-Anchored Reference,Exact Shapley net value,2,42,-7.231852048043951,-7.231852048043951,0.0,208.26420577853423,208.26420577853423,208.26420577853423,0.0,0.0,6,2acbb980472197539a865bdd457b5777669f0ca06cca13f5dfd82a053a2702c2
93,Trace-Anchored Reference,Exact Shapley net value,3,80,52.423819991490745,52.423819991490745,0.0,208.26420577853423,208.26420577853423,208.26420577853423,0.0,0.0,6,2acbb980472197539a865bdd457b5777669f0ca06cca13f5dfd82a053a2702c2
93,Trace-Anchored Reference,Exact Shapley net value,4,116,33.47933320281906,33.47933320281906,0.0,208.26420577853423,208.26420577853423,208.26420577853423,0.0,0.0,6,2acbb980472197539a865bdd457b5777669f0ca06cca13f5dfd82a053a2702c2
93,Risk-Constrained Convex Verifier,Nodal signed linear,1,15,53.700667673866036,129.59290463226836,75.89223695840232,-2.1366008577280997,-3.2245386467657227,208.26420577853423,1.087937789037623,-210.40080663626233,6,2acbb980472197539a865bdd457b5777669f0ca06cca13f5dfd82a053a2702c2
93,Risk-Constrained Convex Verifier,Nodal signed linear,2,42,-54.251446662433224,-7.231852048043951,47.01959461438928,-2.1366008577280997,-3.2245386467657227,208.26420577853423,1.087937789037623,-210.40080663626233,6,2acbb980472197539a865bdd457b5777669f0ca06cca13f5dfd82a053a2702c2
93,Risk-Constrained Convex Verifier,Nodal signed linear,3,80,1.2079226507921703e-13,52.423819991490745,52.423819991490625,-2.1366008577280997,-3.2245386467657227,208.26420577853423,1.087937789037623,-210.40080663626233,6,2acbb980472197539a865bdd457b5777669f0ca06cca13f5dfd82a053a2702c2
93,Risk-Constrained Convex Verifier,Nodal signed linear,4,116,-1.5858218691610322,33.47933320281906,35.065155071980094,-2.1366008577280997,-3.2245386467657227,208.26420577853423,1.087937789037623,-210.40080663626233,6,2acbb980472197539a865bdd457b5777669f0ca06cca13f5dfd82a053a2702c2
93,Risk-Constrained Convex Verifier,Standalone avoided cost,1,15,53.18026408856167,129.59290463226836,76.41264054370669,-4.083843188822357,-3.2245386467657227,208.26420577853423,-0.8593045420566341,-212.3480489673566,6,2acbb980472197539a865bdd457b5777669f0ca06cca13f5dfd82a053a2702c2
93,Risk-Constrained Convex Verifier,Standalone avoided cost,2,42,-55.589300362760696,-7.231852048043951,48.35744831471675,-4.083843188822357,-3.2245386467657227,208.26420577853423,-0.8593045420566341,-212.3480489673566,6,2acbb980472197539a865bdd457b5777669f0ca06cca13f5dfd82a053a2702c2
93,Risk-Constrained Convex Verifier,Standalone avoided cost,3,80,-3.637978807091713e-12,52.423819991490745,52.42381999149438,-4.083843188822357,-3.2245386467657227,208.26420577853423,-0.8593045420566341,-212.3480489673566,6,2acbb980472197539a865bdd457b5777669f0ca06cca13f5dfd82a053a2702c2
93,Risk-Constrained Convex Verifier,Standalone avoided cost,4,116,-1.674806914619694,33.47933320281906,35.15414011743876,-4.083843188822357,-3.2245386467657227,208.26420577853423,-0.8593045420566341,-212.3480489673566,6,2acbb980472197539a865bdd457b5777669f0ca06cca13f5dfd82a053a2702c2
93,Risk-Constrained Convex Verifier,Leave-one-out marginal,1,15,54.171133160085446,129.59290463226836,75.42177147218291,-2.4542191501714115,-3.2245386467657227,208.26420577853423,0.7703194965943112,-210.71842492870564,6,2acbb980472197539a865bdd457b5777669f0ca06cca13f5dfd82a053a2702c2
93,Risk-Constrained Convex Verifier,Leave-one-out marginal,2,42,-54.81898086616275,-7.231852048043951,47.5871288181188,-2.4542191501714115,-3.2245386467657227,208.26420577853423,0.7703194965943112,-210.71842492870564,6,2acbb980472197539a865bdd457b5777669f0ca06cca13f5dfd82a053a2702c2
93,Risk-Constrained Convex Verifier,Leave-one-out marginal,3,80,-0.05714967293533846,52.423819991490745,52.480969664426084,-2.4542191501714115,-3.2245386467657227,208.26420577853423,0.7703194965943112,-210.71842492870564,6,2acbb980472197539a865bdd457b5777669f0ca06cca13f5dfd82a053a2702c2
93,Risk-Constrained Convex Verifier,Leave-one-out marginal,4,116,-1.7492217711587728,33.47933320281906,35.228554973977836,-2.4542191501714115,-3.2245386467657227,208.26420577853423,0.7703194965943112,-210.71842492870564,6,2acbb980472197539a865bdd457b5777669f0ca06cca13f5dfd82a053a2702c2
93,Risk-Constrained Convex Verifier,Exact Shapley net value,1,15,53.69529193797886,129.59290463226836,75.8976126942895,-3.224538646765721,-3.2245386467657227,208.26420577853423,1.7763568394002505e-15,-211.48874442529996,6,2acbb980472197539a865bdd457b5777669f0ca06cca13f5dfd82a053a2702c2
93,Risk-Constrained Convex Verifier,Exact Shapley net value,2,42,-55.184547300806415,-7.231852048043951,47.95269525276247,-3.224538646765721,-3.2245386467657227,208.26420577853423,1.7763568394002505e-15,-211.48874442529996,6,2acbb980472197539a865bdd457b5777669f0ca06cca13f5dfd82a053a2702c2
93,Risk-Constrained Convex Verifier,Exact Shapley net value,3,80,-0.03333730921500866,52.423819991490745,52.45715730070575,-3.224538646765721,-3.2245386467657227,208.26420577853423,1.7763568394002505e-15,-211.48874442529996,6,2acbb980472197539a865bdd457b5777669f0ca06cca13f5dfd82a053a2702c2
93,Risk-Constrained Convex Verifier,Exact Shapley net value,4,116,-1.7019459747231558,33.47933320281906,35.18127917754222,-3.224538646765721,-3.2245386467657227,208.26420577853423,1.7763568394002505e-15,-211.48874442529996,6,2acbb980472197539a865bdd457b5777669f0ca06cca13f5dfd82a053a2702c2
94,Trace-Anchored Reference,Nodal signed linear,1,15,127.45534783331848,127.455347833317,1.4779288903810084e-12,412.8511906423642,412.85119064235914,412.85119064235914,5.059064278611913e-12,5.059064278611913e-12,6,2acbb980472197539a865bdd457b5777669f0ca06cca13f5dfd82a053a2702c2
94,Trace-Anchored Reference,Nodal signed linear,2,42,73.61424612494397,73.61424612494557,1.5916157281026244e-12,412.8511906423642,412.85119064235914,412.85119064235914,5.059064278611913e-12,5.059064278611913e-12,6,2acbb980472197539a865bdd457b5777669f0ca06cca13f5dfd82a053a2702c2
94,Trace-Anchored Reference,Nodal signed linear,3,80,100.93040471923692,100.93040471923389,3.0269120543380268e-12,412.8511906423642,412.85119064235914,412.85119064235914,5.059064278611913e-12,5.059064278611913e-12,6,2acbb980472197539a865bdd457b5777669f0ca06cca13f5dfd82a053a2702c2
94,Trace-Anchored Reference,Nodal signed linear,4,116,110.85119196486481,110.85119196486266,2.1458390619955026e-12,412.8511906423642,412.85119064235914,412.85119064235914,5.059064278611913e-12,5.059064278611913e-12,6,2acbb980472197539a865bdd457b5777669f0ca06cca13f5dfd82a053a2702c2
94,Trace-Anchored Reference,Standalone avoided cost,1,15,127.45534783331823,127.455347833317,1.2221335055073723e-12,412.85119064235914,412.85119064235914,412.85119064235914,0.0,0.0,6,2acbb980472197539a865bdd457b5777669f0ca06cca13f5dfd82a053a2702c2
94,Trace-Anchored Reference,Standalone avoided cost,2,42,73.61424612494739,73.61424612494557,1.8189894035458565e-12,412.85119064235914,412.85119064235914,412.85119064235914,0.0,0.0,6,2acbb980472197539a865bdd457b5777669f0ca06cca13f5dfd82a053a2702c2
94,Trace-Anchored Reference,Standalone avoided cost,3,80,100.93040471923086,100.93040471923389,3.0269120543380268e-12,412.85119064235914,412.85119064235914,412.85119064235914,0.0,0.0,6,2acbb980472197539a865bdd457b5777669f0ca06cca13f5dfd82a053a2702c2
94,Trace-Anchored Reference,Standalone avoided cost,4,116,110.85119196486266,110.85119196486266,0.0,412.85119064235914,412.85119064235914,412.85119064235914,0.0,0.0,6,2acbb980472197539a865bdd457b5777669f0ca06cca13f5dfd82a053a2702c2
94,Trace-Anchored Reference,Leave-one-out marginal,1,15,127.45534783332187,127.455347833317,4.860112312599085e-12,412.8511906423664,412.85119064235914,412.85119064235914,7.275957614183426e-12,7.275957614183426e-12,6,2acbb980472197539a865bdd457b5777669f0ca06cca13f5dfd82a053a2702c2
94,Trace-Anchored Reference,Leave-one-out marginal,2,42,73.61424612494375,73.61424612494557,1.8189894035458565e-12,412.8511906423664,412.85119064235914,412.85119064235914,7.275957614183426e-12,7.275957614183426e-12,6,2acbb980472197539a865bdd457b5777669f0ca06cca13f5dfd82a053a2702c2
94,Trace-Anchored Reference,Leave-one-out marginal,3,80,100.9304047192345,100.93040471923389,6.110667527536862e-13,412.8511906423664,412.85119064235914,412.85119064235914,7.275957614183426e-12,7.275957614183426e-12,6,2acbb980472197539a865bdd457b5777669f0ca06cca13f5dfd82a053a2702c2
94,Trace-Anchored Reference,Leave-one-out marginal,4,116,110.8511919648663,110.85119196486266,3.637978807091713e-12,412.8511906423664,412.85119064235914,412.85119064235914,7.275957614183426e-12,7.275957614183426e-12,6,2acbb980472197539a865bdd457b5777669f0ca06cca13f5dfd82a053a2702c2
94,Trace-Anchored Reference,Exact Shapley net value,1,15,127.455347833317,127.455347833317,0.0,412.85119064235914,412.85119064235914,412.85119064235914,0.0,0.0,6,2acbb980472197539a865bdd457b5777669f0ca06cca13f5dfd82a053a2702c2
94,Trace-Anchored Reference,Exact Shapley net value,2,42,73.61424612494557,73.61424612494557,0.0,412.85119064235914,412.85119064235914,412.85119064235914,0.0,0.0,6,2acbb980472197539a865bdd457b5777669f0ca06cca13f5dfd82a053a2702c2
94,Trace-Anchored Reference,Exact Shapley net value,3,80,100.93040471923389,100.93040471923389,0.0,412.85119064235914,412.85119064235914,412.85119064235914,0.0,0.0,6,2acbb980472197539a865bdd457b5777669f0ca06cca13f5dfd82a053a2702c2
94,Trace-Anchored Reference,Exact Shapley net value,4,116,110.85119196486266,110.85119196486266,0.0,412.85119064235914,412.85119064235914,412.85119064235914,0.0,0.0,6,2acbb980472197539a865bdd457b5777669f0ca06cca13f5dfd82a053a2702c2
94,Risk-Constrained Convex Verifier,Nodal signed linear,1,15,9.280647898142847,127.455347833317,118.17469993517416,-0.013136831903405977,-0.013136831905285362,412.85119064235914,1.879385536085465e-12,-412.86432747426255,6,2acbb980472197539a865bdd457b5777669f0ca06cca13f5dfd82a053a2702c2
94,Risk-Constrained Convex Verifier,Nodal signed linear,2,42,-9.293784730046253,73.61424612494557,82.90803085499182,-0.013136831903405977,-0.013136831905285362,412.85119064235914,1.879385536085465e-12,-412.86432747426255,6,2acbb980472197539a865bdd457b5777669f0ca06cca13f5dfd82a053a2702c2
94,Risk-Constrained Convex Verifier,Nodal signed linear,3,80,0.0,100.93040471923389,100.93040471923389,-0.013136831903405977,-0.013136831905285362,412.85119064235914,1.879385536085465e-12,-412.86432747426255,6,2acbb980472197539a865bdd457b5777669f0ca06cca13f5dfd82a053a2702c2
94,Risk-Constrained Convex Verifier,Nodal signed linear,4,116,0.0,110.85119196486266,110.85119196486266,-0.013136831903405977,-0.013136831905285362,412.85119064235914,1.879385536085465e-12,-412.86432747426255,6,2acbb980472197539a865bdd457b5777669f0ca06cca13f5dfd82a053a2702c2
94,Risk-Constrained Convex Verifier,Standalone avoided cost,1,15,9.28064789814016,127.455347833317,118.17469993517685,-0.01313683191256132,-0.013136831905285362,412.85119064235914,-7.275957614183426e-12,-412.8643274742717,6,2acbb980472197539a865bdd457b5777669f0ca06cca13f5dfd82a053a2702c2
94,Risk-Constrained Convex Verifier,Standalone avoided cost,2,42,-9.293784730052721,73.61424612494557,82.90803085499829,-0.01313683191256132,-0.013136831905285362,412.85119064235914,-7.275957614183426e-12,-412.8643274742717,6,2acbb980472197539a865bdd457b5777669f0ca06cca13f5dfd82a053a2702c2
94,Risk-Constrained Convex Verifier,Standalone avoided cost,3,80,0.0,100.93040471923389,100.93040471923389,-0.01313683191256132,-0.013136831905285362,412.85119064235914,-7.275957614183426e-12,-412.8643274742717,6,2acbb980472197539a865bdd457b5777669f0ca06cca13f5dfd82a053a2702c2
94,Risk-Constrained Convex Verifier,Standalone avoided cost,4,116,0.0,110.85119196486266,110.85119196486266,-0.01313683191256132,-0.013136831905285362,412.85119064235914,-7.275957614183426e-12,-412.8643274742717,6,2acbb980472197539a865bdd457b5777669f0ca06cca13f5dfd82a053a2702c2
94,Risk-Constrained Convex Verifier,Leave-one-out marginal,1,15,9.280647898147436,127.455347833317,118.17469993516957,-0.013136831898009405,-0.013136831905285362,412.85119064235914,7.275957614183426e-12,-412.86432747425715,6,2acbb980472197539a865bdd457b5777669f0ca06cca13f5dfd82a053a2702c2
94,Risk-Constrained Convex Verifier,Leave-one-out marginal,2,42,-9.293784730045445,73.61424612494557,82.90803085499101,-0.013136831898009405,-0.013136831905285362,412.85119064235914,7.275957614183426e-12,-412.86432747425715,6,2acbb980472197539a865bdd457b5777669f0ca06cca13f5dfd82a053a2702c2
94,Risk-Constrained Convex Verifier,Leave-one-out marginal,3,80,0.0,100.93040471923389,100.93040471923389,-0.013136831898009405,-0.013136831905285362,412.85119064235914,7.275957614183426e-12,-412.86432747425715,6,2acbb980472197539a865bdd457b5777669f0ca06cca13f5dfd82a053a2702c2
94,Risk-Constrained Convex Verifier,Leave-one-out marginal,4,116,0.0,110.85119196486266,110.85119196486266,-0.013136831898009405,-0.013136831905285362,412.85119064235914,7.275957614183426e-12,-412.86432747425715,6,2acbb980472197539a865bdd457b5777669f0ca06cca13f5dfd82a053a2702c2
94,Risk-Constrained Convex Verifier,Exact Shapley net value,1,15,9.280647898143798,127.455347833317,118.17469993517321,-0.013136831905285362,-0.013136831905285362,412.85119064235914,0.0,-412.8643274742644,6,2acbb980472197539a865bdd457b5777669f0ca06cca13f5dfd82a053a2702c2
94,Risk-Constrained Convex Verifier,Exact Shapley net value,2,42,-9.293784730049083,73.61424612494557,82.90803085499465,-0.013136831905285362,-0.013136831905285362,412.85119064235914,0.0,-412.8643274742644,6,2acbb980472197539a865bdd457b5777669f0ca06cca13f5dfd82a053a2702c2
94,Risk-Constrained Convex Verifier,Exact Shapley net value,3,80,0.0,100.93040471923389,100.93040471923389,-0.013136831905285362,-0.013136831905285362,412.85119064235914,0.0,-412.8643274742644,6,2acbb980472197539a865bdd457b5777669f0ca06cca13f5dfd82a053a2702c2
94,Risk-Constrained Convex Verifier,Exact Shapley net value,4,116,0.0,110.85119196486266,110.85119196486266,-0.013136831905285362,-0.013136831905285362,412.85119064235914,0.0,-412.8643274742644,6,2acbb980472197539a865bdd457b5777669f0ca06cca13f5dfd82a053a2702c2
95,Trace-Anchored Reference,Nodal signed linear,1,15,203.9069023546735,202.43854443529074,1.468357919382754,168.29965363472468,163.3469425688454,163.3469425688454,4.952711065879271,4.952711065879271,6,2acbb980472197539a865bdd457b5777669f0ca06cca13f5dfd82a053a2702c2
95,Trace-Anchored Reference,Nodal signed linear,2,42,-87.79035817209409,-89.74618518175102,1.9558270096569288,168.29965363472468,163.3469425688454,163.3469425688454,4.952711065879271,4.952711065879271,6,2acbb980472197539a865bdd457b5777669f0ca06cca13f5dfd82a053a2702c2
95,Trace-Anchored Reference,Nodal signed linear,3,80,113.16640524039121,112.61305234862812,0.5533528917630974,168.29965363472468,163.3469425688454,163.3469425688454,4.952711065879271,4.952711065879271,6,2acbb980472197539a865bdd457b5777669f0ca06cca13f5dfd82a053a2702c2
95,Trace-Anchored Reference,Nodal signed linear,4,116,-60.98329578824594,-61.9584690333225,0.9751732450765616,168.29965363472468,163.3469425688454,163.3469425688454,4.952711065879271,4.952711065879271,6,2acbb980472197539a865bdd457b5777669f0ca06cca13f5dfd82a053a2702c2
95,Trace-Anchored Reference,Standalone avoided cost,1,15,203.5007466794159,202.43854443529074,1.0622022441251602,167.16528134761757,163.3469425688454,163.3469425688454,3.8183387787721585,3.8183387787721585,6,2acbb980472197539a865bdd457b5777669f0ca06cca13f5dfd82a053a2702c2
95,Trace-Anchored Reference,Standalone avoided cost,2,42,-88.4967623568009,-89.74618518175102,1.2494228249501163,167.16528134761757,163.3469425688454,163.3469425688454,3.8183387787721585,3.8183387787721585,6,2acbb980472197539a865bdd457b5777669f0ca06cca13f5dfd82a053a2702c2
95,Trace-Anchored Reference,Standalone avoided cost,3,80,113.16640524038667,112.61305234862812,0.55335289175855,167.16528134761757,163.3469425688454,163.3469425688454,3.8183387787721585,3.8183387787721585,6,2acbb980472197539a865bdd457b5777669f0ca06cca13f5dfd82a053a2702c2
95,Trace-Anchored Reference,Standalone avoided cost,4,116,-61.0051082153841,-61.9584690333225,0.9533608179384032,167.16528134761757,163.3469425688454,163.3469425688454,3.8183387787721585,3.8183387787721585,6,2acbb980472197539a865bdd457b5777669f0ca06cca13f5dfd82a053a2702c2
95,Trace-Anchored Reference,Leave-one-out marginal,1,15,201.76843054755227,202.43854443529074,0.6701138877384665,160.6506007287935,163.3469425688454,163.3469425688454,-2.6963418400519004,-2.6963418400519004,6,2acbb980472197539a865bdd457b5777669f0ca06cca13f5dfd82a053a2702c2
95,Trace-Anchored Reference,Leave-one-out marginal,2,42,-90.64399117017456,-89.74618518175102,0.8978059884235421,160.6506007287935,163.3469425688454,163.3469425688454,-2.6963418400519004,-2.6963418400519004,6,2acbb980472197539a865bdd457b5777669f0ca06cca13f5dfd82a053a2702c2
95,Trace-Anchored Reference,Leave-one-out marginal,3,80,112.18559424671548,112.61305234862812,0.42745810191263445,160.6506007287935,163.3469425688454,163.3469425688454,-2.6963418400519004,-2.6963418400519004,6,2acbb980472197539a865bdd457b5777669f0ca06cca13f5dfd82a053a2702c2
95,Trace-Anchored Reference,Leave-one-out marginal,4,116,-62.65943289529969,-61.9584690333225,0.7009638619771863,160.6506007287935,163.3469425688454,163.3469425688454,-2.6963418400519004,-2.6963418400519004,6,2acbb980472197539a865bdd457b5777669f0ca06cca13f5dfd82a053a2702c2
95,Trace-Anchored Reference,Exact Shapley net value,1,15,202.43854443529074,202.43854443529074,0.0,163.34694256884535,163.3469425688454,163.3469425688454,-5.684341886080802e-14,-5.684341886080802e-14,6,2acbb980472197539a865bdd457b5777669f0ca06cca13f5dfd82a053a2702c2
95,Trace-Anchored Reference,Exact Shapley net value,2,42,-89.74618518175102,-89.74618518175102,0.0,163.34694256884535,163.3469425688454,163.3469425688454,-5.684341886080802e-14,-5.684341886080802e-14,6,2acbb980472197539a865bdd457b5777669f0ca06cca13f5dfd82a053a2702c2
95,Trace-Anchored Reference,Exact Shapley net value,3,80,112.61305234862812,112.61305234862812,0.0,163.34694256884535,163.3469425688454,163.3469425688454,-5.684341886080802e-14,-5.684341886080802e-14,6,2acbb980472197539a865bdd457b5777669f0ca06cca13f5dfd82a053a2702c2
95,Trace-Anchored Reference,Exact Shapley net value,4,116,-61.9584690333225,-61.9584690333225,0.0,163.34694256884535,163.3469425688454,163.3469425688454,-5.684341886080802e-14,-5.684341886080802e-14,6,2acbb980472197539a865bdd457b5777669f0ca06cca13f5dfd82a053a2702c2
95,Risk-Constrained Convex Verifier,Nodal signed linear,1,15,124.15952545657412,202.43854443529074,78.27901897871662,-0.1901380971830804,-0.7986627423306345,163.3469425688454,0.6085246451475541,-163.5370806660285,6,2acbb980472197539a865bdd457b5777669f0ca06cca13f5dfd82a053a2702c2
95,Risk-Constrained Convex Verifier,Nodal signed linear,2,42,-124.3496635537572,-89.74618518175102,34.60347837200618,-0.1901380971830804,-0.7986627423306345,163.3469425688454,0.6085246451475541,-163.5370806660285,6,2acbb980472197539a865bdd457b5777669f0ca06cca13f5dfd82a053a2702c2
95,Risk-Constrained Convex Verifier,Nodal signed linear,3,80,0.0,112.61305234862812,112.61305234862812,-0.1901380971830804,-0.7986627423306345,163.3469425688454,0.6085246451475541,-163.5370806660285,6,2acbb980472197539a865bdd457b5777669f0ca06cca13f5dfd82a053a2702c2
95,Risk-Constrained Convex Verifier,Nodal signed linear,4,116,0.0,-61.9584690333225,61.9584690333225,-0.1901380971830804,-0.7986627423306345,163.3469425688454,0.6085246451475541,-163.5370806660285,6,2acbb980472197539a865bdd457b5777669f0ca06cca13f5dfd82a053a2702c2
95,Risk-Constrained Convex Verifier,Standalone avoided cost,1,15,124.15952545656546,202.43854443529074,78.27901897872528,-1.6525432481248572,-0.7986627423306345,163.3469425688454,-0.8538805057942227,-164.99948581697026,6,2acbb980472197539a865bdd457b5777669f0ca06cca13f5dfd82a053a2702c2
95,Risk-Constrained Convex Verifier,Standalone avoided cost,2,42,-125.8120687046794,-89.74618518175102,36.06588352292839,-1.6525432481248572,-0.7986627423306345,163.3469425688454,-0.8538805057942227,-164.99948581697026,6,2acbb980472197539a865bdd457b5777669f0ca06cca13f5dfd82a053a2702c2
95,Risk-Constrained Convex Verifier,Standalone avoided cost,3,80,-3.637978807091713e-12,112.61305234862812,112.61305234863175,-1.6525432481248572,-0.7986627423306345,163.3469425688454,-0.8538805057942227,-164.99948581697026,6,2acbb980472197539a865bdd457b5777669f0ca06cca13f5dfd82a053a2702c2
95,Risk-Constrained Convex Verifier,Standalone avoided cost,4,116,-7.275957614183426e-12,-61.9584690333225,61.958469033315225,-1.6525432481248572,-0.7986627423306345,163.3469425688454,-0.8538805057942227,-164.99948581697026,6,2acbb980472197539a865bdd457b5777669f0ca06cca13f5dfd82a053a2702c2
95,Risk-Constrained Convex Verifier,Leave-one-out marginal,1,15,125.8365465495117,202.43854443529074,76.60199788577904,0.6542023384463391,-0.7986627423306345,163.3469425688454,1.4528650807769736,-162.69274023039907,6,2acbb980472197539a865bdd457b5777669f0ca06cca13f5dfd82a053a2702c2
95,Risk-Constrained Convex Verifier,Leave-one-out marginal,2,42,-124.9581881988961,-89.74618518175102,35.21200301714508,0.6542023384463391,-0.7986627423306345,163.3469425688454,1.4528650807769736,-162.69274023039907,6,2acbb980472197539a865bdd457b5777669f0ca06cca13f5dfd82a053a2702c2
95,Risk-Constrained Convex Verifier,Leave-one-out marginal,3,80,-0.10632064667152008,112.61305234862812,112.71937299529964,0.6542023384463391,-0.7986627423306345,163.3469425688454,1.4528650807769736,-162.69274023039907,6,2acbb980472197539a865bdd457b5777669f0ca06cca13f5dfd82a053a2702c2
95,Risk-Constrained Convex Verifier,Leave-one-out marginal,4,116,-0.11783536549773999,-61.9584690333225,61.84063366782476,0.6542023384463391,-0.7986627423306345,163.3469425688454,1.4528650807769736,-162.69274023039907,6,2acbb980472197539a865bdd457b5777669f0ca06cca13f5dfd82a053a2702c2
95,Risk-Constrained Convex Verifier,Exact Shapley net value,1,15,124.89820524054146,202.43854443529074,77.54033919474928,-0.798662742330638,-0.7986627423306345,163.3469425688454,-3.552713678800501e-15,-164.14560531117604,6,2acbb980472197539a865bdd457b5777669f0ca06cca13f5dfd82a053a2702c2
95,Risk-Constrained Convex Verifier,Exact Shapley net value,2,42,-125.48495921428488,-89.74618518175102,35.73877403253387,-0.798662742330638,-0.7986627423306345,163.3469425688454,-3.552713678800501e-15,-164.14560531117604,6,2acbb980472197539a865bdd457b5777669f0ca06cca13f5dfd82a053a2702c2
95,Risk-Constrained Convex Verifier,Exact Shapley net value,3,80,-0.10051159053485392,112.61305234862812,112.71356393916297,-0.798662742330638,-0.7986627423306345,163.3469425688454,-3.552713678800501e-15,-164.14560531117604,6,2acbb980472197539a865bdd457b5777669f0ca06cca13f5dfd82a053a2702c2
95,Risk-Constrained Convex Verifier,Exact Shapley net value,4,116,-0.11139717805235705,-61.9584690333225,61.847071855270144,-0.798662742330638,-0.7986627423306345,163.3469425688454,-3.552713678800501e-15,-164.14560531117604,6,2acbb980472197539a865bdd457b5777669f0ca06cca13f5dfd82a053a2702c2
96,Trace-Anchored Reference,Nodal signed linear,1,15,99.1328199331909,99.13281993318652,4.376943252282217e-12,322.6759552566109,322.6759552565927,322.6759552565927,1.8189894035458565e-11,1.8189894035458565e-11,6,2acbb980472197539a865bdd457b5777669f0ca06cca13f5dfd82a053a2702c2
96,Trace-Anchored Reference,Nodal signed linear,2,42,87.52984119547916,87.5298411954612,1.7962520360015333e-11,322.6759552566109,322.6759552565927,322.6759552565927,1.8189894035458565e-11,1.8189894035458565e-11,6,2acbb980472197539a865bdd457b5777669f0ca06cca13f5dfd82a053a2702c2
96,Trace-Anchored Reference,Nodal signed linear,3,80,59.6469685549294,59.64696855493305,3.652189661806915e-12,322.6759552566109,322.6759552565927,322.6759552565927,1.8189894035458565e-11,1.8189894035458565e-11,6,2acbb980472197539a865bdd457b5777669f0ca06cca13f5dfd82a053a2702c2
96,Trace-Anchored Reference,Nodal signed linear,4,116,76.36632557301145,76.36632557301193,4.831690603168681e-13,322.6759552566109,322.6759552565927,322.6759552565927,1.8189894035458565e-11,1.8189894035458565e-11,6,2acbb980472197539a865bdd457b5777669f0ca06cca13f5dfd82a053a2702c2
96,Trace-Anchored Reference,Standalone avoided cost,1,15,99.13281993318378,99.13281993318652,2.7426949600339867e-12,322.67595525658544,322.6759552565927,322.6759552565927,-7.275957614183426e-12,-7.275957614183426e-12,6,2acbb980472197539a865bdd457b5777669f0ca06cca13f5dfd82a053a2702c2
96,Trace-Anchored Reference,Standalone avoided cost,2,42,87.52984119545727,87.5298411954612,3.936406756110955e-12,322.67595525658544,322.6759552565927,322.6759552565927,-7.275957614183426e-12,-7.275957614183426e-12,6,2acbb980472197539a865bdd457b5777669f0ca06cca13f5dfd82a053a2702c2
96,Trace-Anchored Reference,Standalone avoided cost,3,80,59.646968554930936,59.64696855493305,2.1174173525650986e-12,322.67595525658544,322.6759552565927,322.6759552565927,-7.275957614183426e-12,-7.275957614183426e-12,6,2acbb980472197539a865bdd457b5777669f0ca06cca13f5dfd82a053a2702c2
96,Trace-Anchored Reference,Standalone avoided cost,4,116,76.36632557301346,76.36632557301193,1.5205614545266144e-12,322.67595525658544,322.6759552565927,322.6759552565927,-7.275957614183426e-12,-7.275957614183426e-12,6,2acbb980472197539a865bdd457b5777669f0ca06cca13f5dfd82a053a2702c2
96,Trace-Anchored Reference,Leave-one-out marginal,1,15,99.13281993319833,99.13281993318652,1.1809220268332865e-11,322.67595525663273,322.6759552565927,322.6759552565927,4.001776687800884e-11,4.001776687800884e-11,6,2acbb980472197539a865bdd457b5777669f0ca06cca13f5dfd82a053a2702c2
96,Trace-Anchored Reference,Leave-one-out marginal,2,42,87.52984119546818,87.5298411954612,6.977529665164184e-12,322.67595525663273,322.6759552565927,322.6759552565927,4.001776687800884e-11,4.001776687800884e-11,6,2acbb980472197539a865bdd457b5777669f0ca06cca13f5dfd82a053a2702c2
96,Trace-Anchored Reference,Leave-one-out marginal,3,80,59.646968554949126,59.64696855493305,1.6072476682893466e-11,322.67595525663273,322.6759552565927,322.6759552565927,4.001776687800884e-11,4.001776687800884e-11,6,2acbb980472197539a865bdd457b5777669f0ca06cca13f5dfd82a053a2702c2
96,Trace-Anchored Reference,Leave-one-out marginal,4,116,76.3663255730171,76.36632557301193,5.158540261618327e-12,322.67595525663273,322.6759552565927,322.6759552565927,4.001776687800884e-11,4.001776687800884e-11,6,2acbb980472197539a865bdd457b5777669f0ca06cca13f5dfd82a053a2702c2
96,Trace-Anchored Reference,Exact Shapley net value,1,15,99.13281993318652,99.13281993318652,0.0,322.6759552565927,322.6759552565927,322.6759552565927,0.0,0.0,6,2acbb980472197539a865bdd457b5777669f0ca06cca13f5dfd82a053a2702c2
96,Trace-Anchored Reference,Exact Shapley net value,2,42,87.5298411954612,87.5298411954612,0.0,322.6759552565927,322.6759552565927,322.6759552565927,0.0,0.0,6,2acbb980472197539a865bdd457b5777669f0ca06cca13f5dfd82a053a2702c2
96,Trace-Anchored Reference,Exact Shapley net value,3,80,59.64696855493305,59.64696855493305,0.0,322.6759552565927,322.6759552565927,322.6759552565927,0.0,0.0,6,2acbb980472197539a865bdd457b5777669f0ca06cca13f5dfd82a053a2702c2
96,Trace-Anchored Reference,Exact Shapley net value,4,116,76.36632557301193,76.36632557301193,0.0,322.6759552565927,322.6759552565927,322.6759552565927,0.0,0.0,6,2acbb980472197539a865bdd457b5777669f0ca06cca13f5dfd82a053a2702c2
96,Risk-Constrained Convex Verifier,Nodal signed linear,1,15,26.4863463566315,99.13281993318652,72.64647357655502,-0.055735970347926767,-0.055735970330715645,322.6759552565927,-1.7211121416949027e-11,-322.73169122694065,6,2acbb980472197539a865bdd457b5777669f0ca06cca13f5dfd82a053a2702c2
96,Risk-Constrained Convex Verifier,Nodal signed linear,2,42,-26.542082326979468,87.5298411954612,114.07192352244067,-0.055735970347926767,-0.055735970330715645,322.6759552565927,-1.7211121416949027e-11,-322.73169122694065,6,2acbb980472197539a865bdd457b5777669f0ca06cca13f5dfd82a053a2702c2
96,Risk-Constrained Convex Verifier,Nodal signed linear,3,80,4.085620730620576e-14,59.64696855493305,59.64696855493301,-0.055735970347926767,-0.055735970330715645,322.6759552565927,-1.7211121416949027e-11,-322.73169122694065,6,2acbb980472197539a865bdd457b5777669f0ca06cca13f5dfd82a053a2702c2
96,Risk-Constrained Convex Verifier,Nodal signed linear,4,116,0.0,76.36632557301193,76.36632557301193,-0.055735970347926767,-0.055735970330715645,322.6759552565927,-1.7211121416949027e-11,-322.73169122694065,6,2acbb980472197539a865bdd457b5777669f0ca06cca13f5dfd82a053a2702c2
96,Risk-Constrained Convex Verifier,Standalone avoided cost,1,15,26.486346356650756,99.13281993318652,72.64647357653577,-0.05573597031980171,-0.055735970330715645,322.6759552565927,1.0913936421275139e-11,-322.7316912269125,6,2acbb980472197539a865bdd457b5777669f0ca06cca13f5dfd82a053a2702c2
96,Risk-Constrained Convex Verifier,Standalone avoided cost,2,42,-26.542082326970558,87.5298411954612,114.07192352243176,-0.05573597031980171,-0.055735970330715645,322.6759552565927,1.0913936421275139e-11,-322.7316912269125,6,2acbb980472197539a865bdd457b5777669f0ca06cca13f5dfd82a053a2702c2
96,Risk-Constrained Convex Verifier,Standalone avoided cost,3,80,0.0,59.64696855493305,59.64696855493305,-0.05573597031980171,-0.055735970330715645,322.6759552565927,1.0913936421275139e-11,-322.7316912269125,6,2acbb980472197539a865bdd457b5777669f0ca06cca13f5dfd82a053a2702c2
96,Risk-Constrained Convex Verifier,Standalone avoided cost,4,116,0.0,76.36632557301193,76.36632557301193,-0.05573597031980171,-0.055735970330715645,322.6759552565927,1.0913936421275139e-11,-322.7316912269125,6,2acbb980472197539a865bdd457b5777669f0ca06cca13f5dfd82a053a2702c2
96,Risk-Constrained Convex Verifier,Leave-one-out marginal,1,15,26.48634635664348,99.13281993318652,72.64647357654304,-0.055735970334353624,-0.055735970330715645,322.6759552565927,-3.637978807091713e-12,-322.73169122692707,6,2acbb980472197539a865bdd457b5777669f0ca06cca13f5dfd82a053a2702c2
96,Risk-Constrained Convex Verifier,Leave-one-out marginal,2,42,-26.542082326981472,87.5298411954612,114.07192352244267,-0.055735970334353624,-0.055735970330715645,322.6759552565927,-3.637978807091713e-12,-322.73169122692707,6,2acbb980472197539a865bdd457b5777669f0ca06cca13f5dfd82a053a2702c2
96,Risk-Constrained Convex Verifier,Leave-one-out marginal,3,80,3.637978807091713e-12,59.64696855493305,59.646968554929416,-0.055735970334353624,-0.055735970330715645,322.6759552565927,-3.637978807091713e-12,-322.73169122692707,6,2acbb980472197539a865bdd457b5777669f0ca06cca13f5dfd82a053a2702c2
96,Risk-Constrained Convex Verifier,Leave-one-out marginal,4,116,0.0,76.36632557301193,76.36632557301193,-0.055735970334353624,-0.055735970330715645,322.6759552565927,-3.637978807091713e-12,-322.73169122692707,6,2acbb980472197539a865bdd457b5777669f0ca06cca13f5dfd82a053a2702c2
96,Risk-Constrained Convex Verifier,Exact Shapley net value,1,15,26.486346356645903,99.13281993318652,72.64647357654061,-0.05573597033071742,-0.055735970330715645,322.6759552565927,-1.7763568394002505e-15,-322.73169122692343,6,2acbb980472197539a865bdd457b5777669f0ca06cca13f5dfd82a053a2702c2
96,Risk-Constrained Convex Verifier,Exact Shapley net value,2,42,-26.542082326977226,87.5298411954612,114.07192352243842,-0.05573597033071742,-0.055735970330715645,322.6759552565927,-1.7763568394002505e-15,-322.73169122692343,6,2acbb980472197539a865bdd457b5777669f0ca06cca13f5dfd82a053a2702c2
96,Risk-Constrained Convex Verifier,Exact Shapley net value,3,80,6.057376822354854e-13,59.64696855493305,59.64696855493245,-0.05573597033071742,-0.055735970330715645,322.6759552565927,-1.7763568394002505e-15,-322.73169122692343,6,2acbb980472197539a865bdd457b5777669f0ca06cca13f5dfd82a053a2702c2
96,Risk-Constrained Convex Verifier,Exact Shapley net value,4,116,0.0,76.36632557301193,76.36632557301193,-0.05573597033071742,-0.055735970330715645,322.6759552565927,-1.7763568394002505e-15,-322.73169122692343,6,2acbb980472197539a865bdd457b5777669f0ca06cca13f5dfd82a053a2702c2
97,Trace-Anchored Reference,Nodal signed linear,1,15,36.97266346263014,36.97266346262435,5.7909232964448165e-12,126.49449734244774,126.49449734243535,126.49449734243535,1.2391865311656147e-11,1.2391865311656147e-11,6,2acbb980472197539a865bdd457b5777669f0ca06cca13f5dfd82a053a2702c2
97,Trace-Anchored Reference,Nodal signed linear,2,42,23.352599015666954,23.352599015667693,7.389644451905042e-13,126.49449734244774,126.49449734243535,126.49449734243535,1.2391865311656147e-11,1.2391865311656147e-11,6,2acbb980472197539a865bdd457b5777669f0ca06cca13f5dfd82a053a2702c2
97,Trace-Anchored Reference,Nodal signed linear,3,80,41.27949395025383,41.279493950250675,3.154809746774845e-12,126.49449734244774,126.49449734243535,126.49449734243535,1.2391865311656147e-11,1.2391865311656147e-11,6,2acbb980472197539a865bdd457b5777669f0ca06cca13f5dfd82a053a2702c2
97,Trace-Anchored Reference,Nodal signed linear,4,116,24.889740913896823,24.889740913892634,4.1886494273057906e-12,126.49449734244774,126.49449734243535,126.49449734243535,1.2391865311656147e-11,1.2391865311656147e-11,6,2acbb980472197539a865bdd457b5777669f0ca06cca13f5dfd82a053a2702c2
97,Trace-Anchored Reference,Standalone avoided cost,1,15,36.9726634626204,36.97266346262435,3.943512183468556e-12,126.49449734243535,126.49449734243535,126.49449734243535,0.0,0.0,6,2acbb980472197539a865bdd457b5777669f0ca06cca13f5dfd82a053a2702c2
97,Trace-Anchored Reference,Standalone avoided cost,2,42,23.35259901567042,23.352599015667693,2.7284841053187847e-12,126.49449734243535,126.49449734243535,126.49449734243535,0.0,0.0,6,2acbb980472197539a865bdd457b5777669f0ca06cca13f5dfd82a053a2702c2
97,Trace-Anchored Reference,Standalone avoided cost,3,80,41.27949395025644,41.279493950250675,5.7625015870144125e-12,126.49449734243535,126.49449734243535,126.49449734243535,0.0,0.0,6,2acbb980472197539a865bdd457b5777669f0ca06cca13f5dfd82a053a2702c2
97,Trace-Anchored Reference,Standalone avoided cost,4,116,24.88974091388809,24.889740913892634,4.543920795185841e-12,126.49449734243535,126.49449734243535,126.49449734243535,0.0,0.0,6,2acbb980472197539a865bdd457b5777669f0ca06cca13f5dfd82a053a2702c2
97,Trace-Anchored Reference,Leave-one-out marginal,1,15,36.97266346262404,36.97266346262435,3.055333763768431e-13,126.49449734242444,126.49449734243535,126.49449734243535,-1.0913936421275139e-11,-1.0913936421275139e-11,6,2acbb980472197539a865bdd457b5777669f0ca06cca13f5dfd82a053a2702c2
97,Trace-Anchored Reference,Leave-one-out marginal,2,42,23.352599015659507,23.352599015667693,8.185452315956354e-12,126.49449734242444,126.49449734243535,126.49449734243535,-1.0913936421275139e-11,-1.0913936421275139e-11,6,2acbb980472197539a865bdd457b5777669f0ca06cca13f5dfd82a053a2702c2
97,Trace-Anchored Reference,Leave-one-out marginal,3,80,41.279493950245524,41.279493950250675,5.151434834260726e-12,126.49449734242444,126.49449734243535,126.49449734243535,-1.0913936421275139e-11,-1.0913936421275139e-11,6,2acbb980472197539a865bdd457b5777669f0ca06cca13f5dfd82a053a2702c2
97,Trace-Anchored Reference,Leave-one-out marginal,4,116,24.889740913895366,24.889740913892634,2.7320368189975852e-12,126.49449734242444,126.49449734243535,126.49449734243535,-1.0913936421275139e-11,-1.0913936421275139e-11,6,2acbb980472197539a865bdd457b5777669f0ca06cca13f5dfd82a053a2702c2
97,Trace-Anchored Reference,Exact Shapley net value,1,15,36.97266346262435,36.97266346262435,0.0,126.49449734243535,126.49449734243535,126.49449734243535,0.0,0.0,6,2acbb980472197539a865bdd457b5777669f0ca06cca13f5dfd82a053a2702c2
97,Trace-Anchored Reference,Exact Shapley net value,2,42,23.352599015667693,23.352599015667693,0.0,126.49449734243535,126.49449734243535,126.49449734243535,0.0,0.0,6,2acbb980472197539a865bdd457b5777669f0ca06cca13f5dfd82a053a2702c2
97,Trace-Anchored Reference,Exact Shapley net value,3,80,41.279493950250675,41.279493950250675,0.0,126.49449734243535,126.49449734243535,126.49449734243535,0.0,0.0,6,2acbb980472197539a865bdd457b5777669f0ca06cca13f5dfd82a053a2702c2
97,Trace-Anchored Reference,Exact Shapley net value,4,116,24.889740913892634,24.889740913892634,0.0,126.49449734243535,126.49449734243535,126.49449734243535,0.0,0.0,6,2acbb980472197539a865bdd457b5777669f0ca06cca13f5dfd82a053a2702c2
97,Risk-Constrained Convex Verifier,Nodal signed linear,1,15,23.24884394710874,36.97266346262435,13.723819515515608,-0.055615764294625336,-0.05561576430045534,126.49449734243535,5.830003146911622e-12,-126.55011310672998,6,2acbb980472197539a865bdd457b5777669f0ca06cca13f5dfd82a053a2702c2
97,Risk-Constrained Convex Verifier,Nodal signed linear,2,42,-23.304459711403364,23.352599015667693,46.65705872707106,-0.055615764294625336,-0.05561576430045534,126.49449734243535,5.830003146911622e-12,-126.55011310672998,6,2acbb980472197539a865bdd457b5777669f0ca06cca13f5dfd82a053a2702c2
97,Risk-Constrained Convex Verifier,Nodal signed linear,3,80,0.0,41.279493950250675,41.279493950250675,-0.055615764294625336,-0.05561576430045534,126.49449734243535,5.830003146911622e-12,-126.55011310672998,6,2acbb980472197539a865bdd457b5777669f0ca06cca13f5dfd82a053a2702c2
97,Risk-Constrained Convex Verifier,Nodal signed linear,4,116,0.0,24.889740913892634,24.889740913892634,-0.055615764294625336,-0.05561576430045534,126.49449734243535,5.830003146911622e-12,-126.55011310672998,6,2acbb980472197539a865bdd457b5777669f0ca06cca13f5dfd82a053a2702c2
97,Risk-Constrained Convex Verifier,Standalone avoided cost,1,15,23.24884394711262,36.97266346262435,13.723819515511728,-0.0556157642895414,-0.05561576430045534,126.49449734243535,1.0913936421275139e-11,-126.5501131067249,6,2acbb980472197539a865bdd457b5777669f0ca06cca13f5dfd82a053a2702c2
97,Risk-Constrained Convex Verifier,Standalone avoided cost,2,42,-23.30445971140216,23.352599015667693,46.65705872706985,-0.0556157642895414,-0.05561576430045534,126.49449734243535,1.0913936421275139e-11,-126.5501131067249,6,2acbb980472197539a865bdd457b5777669f0ca06cca13f5dfd82a053a2702c2
97,Risk-Constrained Convex Verifier,Standalone avoided cost,3,80,0.0,41.279493950250675,41.279493950250675,-0.0556157642895414,-0.05561576430045534,126.49449734243535,1.0913936421275139e-11,-126.5501131067249,6,2acbb980472197539a865bdd457b5777669f0ca06cca13f5dfd82a053a2702c2
97,Risk-Constrained Convex Verifier,Standalone avoided cost,4,116,0.0,24.889740913892634,24.889740913892634,-0.0556157642895414,-0.05561576430045534,126.49449734243535,1.0913936421275139e-11,-126.5501131067249,6,2acbb980472197539a865bdd457b5777669f0ca06cca13f5dfd82a053a2702c2
97,Risk-Constrained Convex Verifier,Leave-one-out marginal,1,15,23.248843947101705,36.97266346262435,13.723819515522642,-0.055615764311369276,-0.05561576430045534,126.49449734243535,-1.0913936421275139e-11,-126.55011310674672,6,2acbb980472197539a865bdd457b5777669f0ca06cca13f5dfd82a053a2702c2
97,Risk-Constrained Convex Verifier,Leave-one-out marginal,2,42,-23.304459711413074,23.352599015667693,46.657058727080766,-0.055615764311369276,-0.05561576430045534,126.49449734243535,-1.0913936421275139e-11,-126.55011310674672,6,2acbb980472197539a865bdd457b5777669f0ca06cca13f5dfd82a053a2702c2
97,Risk-Constrained Convex Verifier,Leave-one-out marginal,3,80,0.0,41.279493950250675,41.279493950250675,-0.055615764311369276,-0.05561576430045534,126.49449734243535,-1.0913936421275139e-11,-126.55011310674672,6,2acbb980472197539a865bdd457b5777669f0ca06cca13f5dfd82a053a2702c2
97,Risk-Constrained Convex Verifier,Leave-one-out marginal,4,116,0.0,24.889740913892634,24.889740913892634,-0.055615764311369276,-0.05561576430045534,126.49449734243535,-1.0913936421275139e-11,-126.55011310674672,6,2acbb980472197539a865bdd457b5777669f0ca06cca13f5dfd82a053a2702c2
97,Risk-Constrained Convex Verifier,Exact Shapley net value,1,15,23.24884394710716,36.97266346262435,13.723819515517185,-0.05561576430045534,-0.05561576430045534,126.49449734243535,0.0,-126.55011310673581,6,2acbb980472197539a865bdd457b5777669f0ca06cca13f5dfd82a053a2702c2
97,Risk-Constrained Convex Verifier,Exact Shapley net value,2,42,-23.304459711407617,23.352599015667693,46.65705872707531,-0.05561576430045534,-0.05561576430045534,126.49449734243535,0.0,-126.55011310673581,6,2acbb980472197539a865bdd457b5777669f0ca06cca13f5dfd82a053a2702c2
97,Risk-Constrained Convex Verifier,Exact Shapley net value,3,80,0.0,41.279493950250675,41.279493950250675,-0.05561576430045534,-0.05561576430045534,126.49449734243535,0.0,-126.55011310673581,6,2acbb980472197539a865bdd457b5777669f0ca06cca13f5dfd82a053a2702c2
97,Risk-Constrained Convex Verifier,Exact Shapley net value,4,116,0.0,24.889740913892634,24.889740913892634,-0.05561576430045534,-0.05561576430045534,126.49449734243535,0.0,-126.55011310673581,6,2acbb980472197539a865bdd457b5777669f0ca06cca13f5dfd82a053a2702c2
98,Trace-Anchored Reference,Nodal signed linear,1,15,47.902430084831046,47.90243008482684,4.206412995699793e-12,137.8439503017125,137.84395030169253,137.84395030169253,1.9980461729574017e-11,1.9980461729574017e-11,6,2acbb980472197539a865bdd457b5777669f0ca06cca13f5dfd82a053a2702c2
98,Trace-Anchored Reference,Nodal signed linear,2,42,18.921223505932428,18.921223505926413,6.014744258209248e-12,137.8439503017125,137.84395030169253,137.84395030169253,1.9980461729574017e-11,1.9980461729574017e-11,6,2acbb980472197539a865bdd457b5777669f0ca06cca13f5dfd82a053a2702c2
98,Trace-Anchored Reference,Nodal signed linear,3,80,31.590249766703664,31.59024976669934,4.32365254710021e-12,137.8439503017125,137.84395030169253,137.84395030169253,1.9980461729574017e-11,1.9980461729574017e-11,6,2acbb980472197539a865bdd457b5777669f0ca06cca13f5dfd82a053a2702c2
98,Trace-Anchored Reference,Nodal signed linear,4,116,39.43004694424537,39.43004694423992,5.4498627832799684e-12,137.8439503017125,137.84395030169253,137.84395030169253,1.9980461729574017e-11,1.9980461729574017e-11,6,2acbb980472197539a865bdd457b5777669f0ca06cca13f5dfd82a053a2702c2
98,Trace-Anchored Reference,Standalone avoided cost,1,15,47.90243008482139,47.90243008482684,5.4498627832799684e-12,137.84395030166343,137.84395030169253,137.84395030169253,-2.9103830456733704e-11,-2.9103830456733704e-11,6,2acbb980472197539a865bdd457b5777669f0ca06cca13f5dfd82a053a2702c2
98,Trace-Anchored Reference,Standalone avoided cost,2,42,18.921223505920352,18.921223505926413,6.0609295360336546e-12,137.84395030166343,137.84395030169253,137.84395030169253,-2.9103830456733704e-11,-2.9103830456733704e-11,6,2acbb980472197539a865bdd457b5777669f0ca06cca13f5dfd82a053a2702c2
98,Trace-Anchored Reference,Standalone avoided cost,3,80,31.59024976669025,31.59024976669934,9.091394304050482e-12,137.84395030166343,137.84395030169253,137.84395030169253,-2.9103830456733704e-11,-2.9103830456733704e-11,6,2acbb980472197539a865bdd457b5777669f0ca06cca13f5dfd82a053a2702c2
98,Trace-Anchored Reference,Standalone avoided cost,4,116,39.430046944231435,39.43004694423992,8.483880264975596e-12,137.84395030166343,137.84395030169253,137.84395030169253,-2.9103830456733704e-11,-2.9103830456733704e-11,6,2acbb980472197539a865bdd457b5777669f0ca06cca13f5dfd82a053a2702c2
98,Trace-Anchored Reference,Leave-one-out marginal,1,15,47.90243008482503,47.90243008482684,1.8118839761882555e-12,137.84395030168525,137.84395030169253,137.84395030169253,-7.275957614183426e-12,-7.275957614183426e-12,6,2acbb980472197539a865bdd457b5777669f0ca06cca13f5dfd82a053a2702c2
98,Trace-Anchored Reference,Leave-one-out marginal,2,42,18.921223505920352,18.921223505926413,6.0609295360336546e-12,137.84395030168525,137.84395030169253,137.84395030169253,-7.275957614183426e-12,-7.275957614183426e-12,6,2acbb980472197539a865bdd457b5777669f0ca06cca13f5dfd82a053a2702c2
98,Trace-Anchored Reference,Leave-one-out marginal,3,80,31.590249766701163,31.59024976669934,1.822542117224657e-12,137.84395030168525,137.84395030169253,137.84395030169253,-7.275957614183426e-12,-7.275957614183426e-12,6,2acbb980472197539a865bdd457b5777669f0ca06cca13f5dfd82a053a2702c2
98,Trace-Anchored Reference,Leave-one-out marginal,4,116,39.43004694423871,39.43004694423992,1.2079226507921703e-12,137.84395030168525,137.84395030169253,137.84395030169253,-7.275957614183426e-12,-7.275957614183426e-12,6,2acbb980472197539a865bdd457b5777669f0ca06cca13f5dfd82a053a2702c2
98,Trace-Anchored Reference,Exact Shapley net value,1,15,47.90243008482684,47.90243008482684,0.0,137.84395030169253,137.84395030169253,137.84395030169253,0.0,0.0,6,2acbb980472197539a865bdd457b5777669f0ca06cca13f5dfd82a053a2702c2
98,Trace-Anchored Reference,Exact Shapley net value,2,42,18.921223505926413,18.921223505926413,0.0,137.84395030169253,137.84395030169253,137.84395030169253,0.0,0.0,6,2acbb980472197539a865bdd457b5777669f0ca06cca13f5dfd82a053a2702c2
98,Trace-Anchored Reference,Exact Shapley net value,3,80,31.59024976669934,31.59024976669934,0.0,137.84395030169253,137.84395030169253,137.84395030169253,0.0,0.0,6,2acbb980472197539a865bdd457b5777669f0ca06cca13f5dfd82a053a2702c2
98,Trace-Anchored Reference,Exact Shapley net value,4,116,39.43004694423992,39.43004694423992,0.0,137.84395030169253,137.84395030169253,137.84395030169253,0.0,0.0,6,2acbb980472197539a865bdd457b5777669f0ca06cca13f5dfd82a053a2702c2
98,Risk-Constrained Convex Verifier,Nodal signed linear,1,15,24.35182096386276,47.90243008482684,23.55060912096408,-0.05989009081985586,-0.059890090822591446,137.84395030169253,2.7355895326763857e-12,-137.9038403925124,6,2acbb980472197539a865bdd457b5777669f0ca06cca13f5dfd82a053a2702c2
98,Risk-Constrained Convex Verifier,Nodal signed linear,2,42,-24.411711054682616,18.921223505926413,43.33293456060903,-0.05989009081985586,-0.059890090822591446,137.84395030169253,2.7355895326763857e-12,-137.9038403925124,6,2acbb980472197539a865bdd457b5777669f0ca06cca13f5dfd82a053a2702c2
98,Risk-Constrained Convex Verifier,Nodal signed linear,3,80,0.0,31.59024976669934,31.59024976669934,-0.05989009081985586,-0.059890090822591446,137.84395030169253,2.7355895326763857e-12,-137.9038403925124,6,2acbb980472197539a865bdd457b5777669f0ca06cca13f5dfd82a053a2702c2
98,Risk-Constrained Convex Verifier,Nodal signed linear,4,116,0.0,39.43004694423992,39.43004694423992,-0.05989009081985586,-0.059890090822591446,137.84395030169253,2.7355895326763857e-12,-137.9038403925124,6,2acbb980472197539a865bdd457b5777669f0ca06cca13f5dfd82a053a2702c2
98,Risk-Constrained Convex Verifier,Standalone avoided cost,1,15,24.35182096387507,47.90243008482684,23.55060912095177,-0.059890090797125595,-0.059890090822591446,137.84395030169253,2.546585164964199e-11,-137.90384039248966,6,2acbb980472197539a865bdd457b5777669f0ca06cca13f5dfd82a053a2702c2
98,Risk-Constrained Convex Verifier,Standalone avoided cost,2,42,-24.411711054672196,18.921223505926413,43.33293456059861,-0.059890090797125595,-0.059890090822591446,137.84395030169253,2.546585164964199e-11,-137.90384039248966,6,2acbb980472197539a865bdd457b5777669f0ca06cca13f5dfd82a053a2702c2
98,Risk-Constrained Convex Verifier,Standalone avoided cost,3,80,0.0,31.59024976669934,31.59024976669934,-0.059890090797125595,-0.059890090822591446,137.84395030169253,2.546585164964199e-11,-137.90384039248966,6,2acbb980472197539a865bdd457b5777669f0ca06cca13f5dfd82a053a2702c2
98,Risk-Constrained Convex Verifier,Standalone avoided cost,4,116,0.0,39.43004694423992,39.43004694423992,-0.059890090797125595,-0.059890090822591446,137.84395030169253,2.546585164964199e-11,-137.90384039248966,6,2acbb980472197539a865bdd457b5777669f0ca06cca13f5dfd82a053a2702c2
98,Risk-Constrained Convex Verifier,Leave-one-out marginal,1,15,24.351820963849605,47.90243008482684,23.550609120977235,-0.0598900908480573,-0.059890090822591446,137.84395030169253,-2.546585164964199e-11,-137.9038403925406,6,2acbb980472197539a865bdd457b5777669f0ca06cca13f5dfd82a053a2702c2
98,Risk-Constrained Convex Verifier,Leave-one-out marginal,2,42,-24.411711054697662,18.921223505926413,43.332934560624075,-0.0598900908480573,-0.059890090822591446,137.84395030169253,-2.546585164964199e-11,-137.9038403925406,6,2acbb980472197539a865bdd457b5777669f0ca06cca13f5dfd82a053a2702c2
98,Risk-Constrained Convex Verifier,Leave-one-out marginal,3,80,0.0,31.59024976669934,31.59024976669934,-0.0598900908480573,-0.059890090822591446,137.84395030169253,-2.546585164964199e-11,-137.9038403925406,6,2acbb980472197539a865bdd457b5777669f0ca06cca13f5dfd82a053a2702c2
98,Risk-Constrained Convex Verifier,Leave-one-out marginal,4,116,0.0,39.43004694423992,39.43004694423992,-0.0598900908480573,-0.059890090822591446,137.84395030169253,-2.546585164964199e-11,-137.9038403925406,6,2acbb980472197539a865bdd457b5777669f0ca06cca13f5dfd82a053a2702c2
98,Risk-Constrained Convex Verifier,Exact Shapley net value,1,15,24.351820963862338,47.90243008482684,23.550609120964502,-0.059890090822591446,-0.059890090822591446,137.84395030169253,0.0,-137.90384039251512,6,2acbb980472197539a865bdd457b5777669f0ca06cca13f5dfd82a053a2702c2
98,Risk-Constrained Convex Verifier,Exact Shapley net value,2,42,-24.41171105468493,18.921223505926413,43.33293456061134,-0.059890090822591446,-0.059890090822591446,137.84395030169253,0.0,-137.90384039251512,6,2acbb980472197539a865bdd457b5777669f0ca06cca13f5dfd82a053a2702c2
98,Risk-Constrained Convex Verifier,Exact Shapley net value,3,80,0.0,31.59024976669934,31.59024976669934,-0.059890090822591446,-0.059890090822591446,137.84395030169253,0.0,-137.90384039251512,6,2acbb980472197539a865bdd457b5777669f0ca06cca13f5dfd82a053a2702c2
98,Risk-Constrained Convex Verifier,Exact Shapley net value,4,116,0.0,39.43004694423992,39.43004694423992,-0.059890090822591446,-0.059890090822591446,137.84395030169253,0.0,-137.90384039251512,6,2acbb980472197539a865bdd457b5777669f0ca06cca13f5dfd82a053a2702c2
99,Trace-Anchored Reference,Nodal signed linear,1,15,40.36981658245614,40.36981658244804,8.100187187665142e-12,132.75154962950083,132.7515496294909,132.7515496294909,9.919176591210999e-12,9.919176591210999e-12,6,2acbb980472197539a865bdd457b5777669f0ca06cca13f5dfd82a053a2702c2
99,Trace-Anchored Reference,Nodal signed linear,2,42,29.10434145320491,29.104341453202622,2.2879476091475226e-12,132.75154962950083,132.7515496294909,132.7515496294909,9.919176591210999e-12,9.919176591210999e-12,6,2acbb980472197539a865bdd457b5777669f0ca06cca13f5dfd82a053a2702c2
99,Trace-Anchored Reference,Nodal signed linear,3,80,28.90018175419005,28.90018175418966,3.907985046680551e-13,132.75154962950083,132.7515496294909,132.7515496294909,9.919176591210999e-12,9.919176591210999e-12,6,2acbb980472197539a865bdd457b5777669f0ca06cca13f5dfd82a053a2702c2
99,Trace-Anchored Reference,Nodal signed linear,4,116,34.37720983964974,34.37720983965058,8.455458555545192e-13,132.75154962950083,132.7515496294909,132.7515496294909,9.919176591210999e-12,9.919176591210999e-12,6,2acbb980472197539a865bdd457b5777669f0ca06cca13f5dfd82a053a2702c2
99,Trace-Anchored Reference,Standalone avoided cost,1,15,40.36981658244622,40.36981658244804,1.8189894035458565e-12,132.7515496294909,132.7515496294909,132.7515496294909,0.0,0.0,6,2acbb980472197539a865bdd457b5777669f0ca06cca13f5dfd82a053a2702c2
99,Trace-Anchored Reference,Standalone avoided cost,2,42,29.104341453203233,29.104341453202622,6.110667527536862e-13,132.7515496294909,132.7515496294909,132.7515496294909,0.0,0.0,6,2acbb980472197539a865bdd457b5777669f0ca06cca13f5dfd82a053a2702c2
99,Trace-Anchored Reference,Standalone avoided cost,3,80,28.90018175419027,28.90018175418966,6.110667527536862e-13,132.7515496294909,132.7515496294909,132.7515496294909,0.0,0.0,6,2acbb980472197539a865bdd457b5777669f0ca06cca13f5dfd82a053a2702c2
99,Trace-Anchored Reference,Standalone avoided cost,4,116,34.37720983965119,34.37720983965058,6.039613253960852e-13,132.7515496294909,132.7515496294909,132.7515496294909,0.0,0.0,6,2acbb980472197539a865bdd457b5777669f0ca06cca13f5dfd82a053a2702c2
99,Trace-Anchored Reference,Leave-one-out marginal,1,15,40.36981658244986,40.36981658244804,1.8189894035458565e-12,132.7515496294909,132.7515496294909,132.7515496294909,0.0,0.0,6,2acbb980472197539a865bdd457b5777669f0ca06cca13f5dfd82a053a2702c2
99,Trace-Anchored Reference,Leave-one-out marginal,2,42,29.104341453203233,29.104341453202622,6.110667527536862e-13,132.7515496294909,132.7515496294909,132.7515496294909,0.0,0.0,6,2acbb980472197539a865bdd457b5777669f0ca06cca13f5dfd82a053a2702c2
99,Trace-Anchored Reference,Leave-one-out marginal,3,80,28.900181754186633,28.90018175418966,3.0269120543380268e-12,132.7515496294909,132.7515496294909,132.7515496294909,0.0,0.0,6,2acbb980472197539a865bdd457b5777669f0ca06cca13f5dfd82a053a2702c2
99,Trace-Anchored Reference,Leave-one-out marginal,4,116,34.37720983965119,34.37720983965058,6.039613253960852e-13,132.7515496294909,132.7515496294909,132.7515496294909,0.0,0.0,6,2acbb980472197539a865bdd457b5777669f0ca06cca13f5dfd82a053a2702c2
99,Trace-Anchored Reference,Exact Shapley net value,1,15,40.36981658244804,40.36981658244804,0.0,132.7515496294909,132.7515496294909,132.7515496294909,0.0,0.0,6,2acbb980472197539a865bdd457b5777669f0ca06cca13f5dfd82a053a2702c2
99,Trace-Anchored Reference,Exact Shapley net value,2,42,29.104341453202622,29.104341453202622,0.0,132.7515496294909,132.7515496294909,132.7515496294909,0.0,0.0,6,2acbb980472197539a865bdd457b5777669f0ca06cca13f5dfd82a053a2702c2
99,Trace-Anchored Reference,Exact Shapley net value,3,80,28.90018175418966,28.90018175418966,0.0,132.7515496294909,132.7515496294909,132.7515496294909,0.0,0.0,6,2acbb980472197539a865bdd457b5777669f0ca06cca13f5dfd82a053a2702c2
99,Trace-Anchored Reference,Exact Shapley net value,4,116,34.37720983965058,34.37720983965058,0.0,132.7515496294909,132.7515496294909,132.7515496294909,0.0,0.0,6,2acbb980472197539a865bdd457b5777669f0ca06cca13f5dfd82a053a2702c2
99,Risk-Constrained Convex Verifier,Nodal signed linear,1,15,22.89373777557892,40.36981658244804,17.47607880686912,2.686616668944949,2.6866166689542297,132.7515496294909,-9.280576307446609e-12,-130.06493296054597,6,2acbb980472197539a865bdd457b5777669f0ca06cca13f5dfd82a053a2702c2
99,Risk-Constrained Convex Verifier,Nodal signed linear,2,42,-22.964444579446866,29.104341453202622,52.068786032649484,2.686616668944949,2.6866166689542297,132.7515496294909,-9.280576307446609e-12,-130.06493296054597,6,2acbb980472197539a865bdd457b5777669f0ca06cca13f5dfd82a053a2702c2
99,Risk-Constrained Convex Verifier,Nodal signed linear,3,80,2.757323472812895,28.90018175418966,26.142858281376764,2.686616668944949,2.6866166689542297,132.7515496294909,-9.280576307446609e-12,-130.06493296054597,6,2acbb980472197539a865bdd457b5777669f0ca06cca13f5dfd82a053a2702c2
99,Risk-Constrained Convex Verifier,Nodal signed linear,4,116,0.0,34.37720983965058,34.37720983965058,2.686616668944949,2.6866166689542297,132.7515496294909,-9.280576307446609e-12,-130.06493296054597,6,2acbb980472197539a865bdd457b5777669f0ca06cca13f5dfd82a053a2702c2
99,Risk-Constrained Convex Verifier,Standalone avoided cost,1,15,22.893737775586487,40.36981658244804,17.47607880686155,2.6866166689542297,2.6866166689542297,132.7515496294909,0.0,-130.06493296053668,6,2acbb980472197539a865bdd457b5777669f0ca06cca13f5dfd82a053a2702c2
99,Risk-Constrained Convex Verifier,Standalone avoided cost,2,42,-22.964444579443807,29.104341453202622,52.06878603264643,2.6866166689542297,2.6866166689542297,132.7515496294909,0.0,-130.06493296053668,6,2acbb980472197539a865bdd457b5777669f0ca06cca13f5dfd82a053a2702c2
99,Risk-Constrained Convex Verifier,Standalone avoided cost,3,80,2.7573234728115494,28.90018175418966,26.14285828137811,2.6866166689542297,2.6866166689542297,132.7515496294909,0.0,-130.06493296053668,6,2acbb980472197539a865bdd457b5777669f0ca06cca13f5dfd82a053a2702c2
99,Risk-Constrained Convex Verifier,Standalone avoided cost,4,116,0.0,34.37720983965058,34.37720983965058,2.6866166689542297,2.6866166689542297,132.7515496294909,0.0,-130.06493296053668,6,2acbb980472197539a865bdd457b5777669f0ca06cca13f5dfd82a053a2702c2
99,Risk-Constrained Convex Verifier,Leave-one-out marginal,1,15,22.893737775586487,40.36981658244804,17.47607880686155,2.6866166689542297,2.6866166689542297,132.7515496294909,0.0,-130.06493296053668,6,2acbb980472197539a865bdd457b5777669f0ca06cca13f5dfd82a053a2702c2
99,Risk-Constrained Convex Verifier,Leave-one-out marginal,2,42,-22.964444579447445,29.104341453202622,52.06878603265007,2.6866166689542297,2.6866166689542297,132.7515496294909,0.0,-130.06493296053668,6,2acbb980472197539a865bdd457b5777669f0ca06cca13f5dfd82a053a2702c2
99,Risk-Constrained Convex Verifier,Leave-one-out marginal,3,80,2.7573234728151874,28.90018175418966,26.142858281374473,2.6866166689542297,2.6866166689542297,132.7515496294909,0.0,-130.06493296053668,6,2acbb980472197539a865bdd457b5777669f0ca06cca13f5dfd82a053a2702c2
99,Risk-Constrained Convex Verifier,Leave-one-out marginal,4,116,0.0,34.37720983965058,34.37720983965058,2.6866166689542297,2.6866166689542297,132.7515496294909,0.0,-130.06493296053668,6,2acbb980472197539a865bdd457b5777669f0ca06cca13f5dfd82a053a2702c2
99,Risk-Constrained Convex Verifier,Exact Shapley net value,1,15,22.893737775586487,40.36981658244804,17.47607880686155,2.6866166689542297,2.6866166689542297,132.7515496294909,0.0,-130.06493296053668,6,2acbb980472197539a865bdd457b5777669f0ca06cca13f5dfd82a053a2702c2
99,Risk-Constrained Convex Verifier,Exact Shapley net value,2,42,-22.964444579445626,29.104341453202622,52.06878603264825,2.6866166689542297,2.6866166689542297,132.7515496294909,0.0,-130.06493296053668,6,2acbb980472197539a865bdd457b5777669f0ca06cca13f5dfd82a053a2702c2
99,Risk-Constrained Convex Verifier,Exact Shapley net value,3,80,2.7573234728133684,28.90018175418966,26.14285828137629,2.6866166689542297,2.6866166689542297,132.7515496294909,0.0,-130.06493296053668,6,2acbb980472197539a865bdd457b5777669f0ca06cca13f5dfd82a053a2702c2
99,Risk-Constrained Convex Verifier,Exact Shapley net value,4,116,0.0,34.37720983965058,34.37720983965058,2.6866166689542297,2.6866166689542297,132.7515496294909,0.0,-130.06493296053668,6,2acbb980472197539a865bdd457b5777669f0ca06cca13f5dfd82a053a2702c2
100,Trace-Anchored Reference,Nodal signed linear,1,15,79.88080437819181,79.8808043781919,8.526512829121202e-14,295.064365861232,295.06436586121345,295.06436586121345,1.8530954548623413e-11,1.8530954548623413e-11,6,2acbb980472197539a865bdd457b5777669f0ca06cca13f5dfd82a053a2702c2
100,Trace-Anchored Reference,Nodal signed linear,2,42,80.71048728798971,80.71048728798694,2.7711166694643907e-12,295.064365861232,295.06436586121345,295.06436586121345,1.8530954548623413e-11,1.8530954548623413e-11,6,2acbb980472197539a865bdd457b5777669f0ca06cca13f5dfd82a053a2702c2
100,Trace-Anchored Reference,Nodal signed linear,3,80,58.184482503400886,58.184482503399224,1.6626700016786344e-12,295.064365861232,295.06436586121345,295.06436586121345,1.8530954548623413e-11,1.8530954548623413e-11,6,2acbb980472197539a865bdd457b5777669f0ca06cca13f5dfd82a053a2702c2
100,Trace-Anchored Reference,Nodal signed linear,4,116,76.28859169164954,76.2885916916354,1.4139800441625994e-11,295.064365861232,295.06436586121345,295.06436586121345,1.8530954548623413e-11,1.8530954548623413e-11,6,2acbb980472197539a865bdd457b5777669f0ca06cca13f5dfd82a053a2702c2
100,Trace-Anchored Reference,Standalone avoided cost,1,15,79.88080437819735,79.8808043781919,5.4569682106375694e-12,295.0643658612098,295.06436586121345,295.06436586121345,-3.637978807091713e-12,-3.637978807091713e-12,6,2acbb980472197539a865bdd457b5777669f0ca06cca13f5dfd82a053a2702c2
100,Trace-Anchored Reference,Standalone avoided cost,2,42,80.71048728798996,80.71048728798694,3.0269120543380268e-12,295.0643658612098,295.06436586121345,295.06436586121345,-3.637978807091713e-12,-3.637978807091713e-12,6,2acbb980472197539a865bdd457b5777669f0ca06cca13f5dfd82a053a2702c2
100,Trace-Anchored Reference,Standalone avoided cost,3,80,58.1844825033877,58.184482503399224,1.1525003174028825e-11,295.0643658612098,295.06436586121345,295.06436586121345,-3.637978807091713e-12,-3.637978807091713e-12,6,2acbb980472197539a865bdd457b5777669f0ca06cca13f5dfd82a053a2702c2
100,Trace-Anchored Reference,Standalone avoided cost,4,116,76.28859169163479,76.2885916916354,6.110667527536862e-13,295.0643658612098,295.06436586121345,295.06436586121345,-3.637978807091713e-12,-3.637978807091713e-12,6,2acbb980472197539a865bdd457b5777669f0ca06cca13f5dfd82a053a2702c2
100,Trace-Anchored Reference,Leave-one-out marginal,1,15,79.88080437819008,79.8808043781919,1.8189894035458565e-12,295.0643658612171,295.06436586121345,295.06436586121345,3.637978807091713e-12,3.637978807091713e-12,6,2acbb980472197539a865bdd457b5777669f0ca06cca13f5dfd82a053a2702c2
100,Trace-Anchored Reference,Leave-one-out marginal,2,42,80.7104872879936,80.71048728798694,6.66489086142974e-12,295.0643658612171,295.06436586121345,295.06436586121345,3.637978807091713e-12,3.637978807091713e-12,6,2acbb980472197539a865bdd457b5777669f0ca06cca13f5dfd82a053a2702c2
100,Trace-Anchored Reference,Leave-one-out marginal,3,80,58.18448250340589,58.184482503399224,6.66489086142974e-12,295.0643658612171,295.06436586121345,295.06436586121345,3.637978807091713e-12,3.637978807091713e-12,6,2acbb980472197539a865bdd457b5777669f0ca06cca13f5dfd82a053a2702c2
100,Trace-Anchored Reference,Leave-one-out marginal,4,116,76.28859169162752,76.2885916916354,7.887024366937112e-12,295.0643658612171,295.06436586121345,295.06436586121345,3.637978807091713e-12,3.637978807091713e-12,6,2acbb980472197539a865bdd457b5777669f0ca06cca13f5dfd82a053a2702c2
100,Trace-Anchored Reference,Exact Shapley net value,1,15,79.8808043781919,79.8808043781919,0.0,295.0643658612135,295.06436586121345,295.06436586121345,5.684341886080802e-14,5.684341886080802e-14,6,2acbb980472197539a865bdd457b5777669f0ca06cca13f5dfd82a053a2702c2
100,Trace-Anchored Reference,Exact Shapley net value,2,42,80.71048728798694,80.71048728798694,0.0,295.0643658612135,295.06436586121345,295.06436586121345,5.684341886080802e-14,5.684341886080802e-14,6,2acbb980472197539a865bdd457b5777669f0ca06cca13f5dfd82a053a2702c2
100,Trace-Anchored Reference,Exact Shapley net value,3,80,58.184482503399224,58.184482503399224,0.0,295.0643658612135,295.06436586121345,295.06436586121345,5.684341886080802e-14,5.684341886080802e-14,6,2acbb980472197539a865bdd457b5777669f0ca06cca13f5dfd82a053a2702c2
100,Trace-Anchored Reference,Exact Shapley net value,4,116,76.2885916916354,76.2885916916354,0.0,295.0643658612135,295.06436586121345,295.06436586121345,5.684341886080802e-14,5.684341886080802e-14,6,2acbb980472197539a865bdd457b5777669f0ca06cca13f5dfd82a053a2702c2
100,Risk-Constrained Convex Verifier,Nodal signed linear,1,15,0.8715100756963199,79.8808043781919,79.00929430249558,0.018690788742213887,0.01869078874005936,295.06436586121345,2.1545265571631944e-12,-295.0456750724712,6,2acbb980472197539a865bdd457b5777669f0ca06cca13f5dfd82a053a2702c2
100,Risk-Constrained Convex Verifier,Nodal signed linear,2,42,-0.8744272148598216,80.71048728798694,81.58491450284676,0.018690788742213887,0.01869078874005936,295.06436586121345,2.1545265571631944e-12,-295.0456750724712,6,2acbb980472197539a865bdd457b5777669f0ca06cca13f5dfd82a053a2702c2
100,Risk-Constrained Convex Verifier,Nodal signed linear,3,80,0.02160792790584143,58.184482503399224,58.16287457549338,0.018690788742213887,0.01869078874005936,295.06436586121345,2.1545265571631944e-12,-295.0456750724712,6,2acbb980472197539a865bdd457b5777669f0ca06cca13f5dfd82a053a2702c2
100,Risk-Constrained Convex Verifier,Nodal signed linear,4,116,-1.2587153541687712e-13,76.2885916916354,76.28859169163553,0.018690788742213887,0.01869078874005936,295.06436586121345,2.1545265571631944e-12,-295.0456750724712,6,2acbb980472197539a865bdd457b5777669f0ca06cca13f5dfd82a053a2702c2
100,Risk-Constrained Convex Verifier,Standalone avoided cost,1,15,0.8715100756962784,79.8808043781919,79.00929430249562,0.018690788736421382,0.01869078874005936,295.06436586121345,-3.637978807091713e-12,-295.045675072477,6,2acbb980472197539a865bdd457b5777669f0ca06cca13f5dfd82a053a2702c2
100,Risk-Constrained Convex Verifier,Standalone avoided cost,2,42,-0.8744272148578602,80.71048728798694,81.5849145028448,0.018690788736421382,0.01869078874005936,295.06436586121345,-3.637978807091713e-12,-295.045675072477,6,2acbb980472197539a865bdd457b5777669f0ca06cca13f5dfd82a053a2702c2
100,Risk-Constrained Convex Verifier,Standalone avoided cost,3,80,0.021607927901641233,58.184482503399224,58.16287457549758,0.018690788736421382,0.01869078874005936,295.06436586121345,-3.637978807091713e-12,-295.045675072477,6,2acbb980472197539a865bdd457b5777669f0ca06cca13f5dfd82a053a2702c2
100,Risk-Constrained Convex Verifier,Standalone avoided cost,4,116,-3.637978807091713e-12,76.2885916916354,76.28859169163904,0.018690788736421382,0.01869078874005936,295.06436586121345,-3.637978807091713e-12,-295.045675072477,6,2acbb980472197539a865bdd457b5777669f0ca06cca13f5dfd82a053a2702c2
100,Risk-Constrained Convex Verifier,Leave-one-out marginal,1,15,0.8715100756999163,79.8808043781919,79.00929430249198,0.01869078874369734,0.01869078874005936,295.06436586121345,3.637978807091713e-12,-295.04567507246975,6,2acbb980472197539a865bdd457b5777669f0ca06cca13f5dfd82a053a2702c2
100,Risk-Constrained Convex Verifier,Leave-one-out marginal,2,42,-0.8744272148578602,80.71048728798694,81.5849145028448,0.01869078874369734,0.01869078874005936,295.06436586121345,3.637978807091713e-12,-295.04567507246975,6,2acbb980472197539a865bdd457b5777669f0ca06cca13f5dfd82a053a2702c2
100,Risk-Constrained Convex Verifier,Leave-one-out marginal,3,80,0.02160792790527921,58.184482503399224,58.162874575493944,0.01869078874369734,0.01869078874005936,295.06436586121345,3.637978807091713e-12,-295.04567507246975,6,2acbb980472197539a865bdd457b5777669f0ca06cca13f5dfd82a053a2702c2
100,Risk-Constrained Convex Verifier,Leave-one-out marginal,4,116,-3.637978807091713e-12,76.2885916916354,76.28859169163904,0.01869078874369734,0.01869078874005936,295.06436586121345,3.637978807091713e-12,-295.04567507246975,6,2acbb980472197539a865bdd457b5777669f0ca06cca13f5dfd82a053a2702c2
100,Risk-Constrained Convex Verifier,Exact Shapley net value,1,15,0.8715100756980974,79.8808043781919,79.0092943024938,0.018690788740059416,0.01869078874005936,295.06436586121345,5.551115123125783e-17,-295.0456750724734,6,2acbb980472197539a865bdd457b5777669f0ca06cca13f5dfd82a053a2702c2
100,Risk-Constrained Convex Verifier,Exact Shapley net value,2,42,-0.8744272148578602,80.71048728798694,81.5849145028448,0.018690788740059416,0.01869078874005936,295.06436586121345,5.551115123125783e-17,-295.0456750724734,6,2acbb980472197539a865bdd457b5777669f0ca06cca13f5dfd82a053a2702c2
100,Risk-Constrained Convex Verifier,Exact Shapley net value,3,80,0.021607927903460222,58.184482503399224,58.16287457549576,0.018690788740059416,0.01869078874005936,295.06436586121345,5.551115123125783e-17,-295.0456750724734,6,2acbb980472197539a865bdd457b5777669f0ca06cca13f5dfd82a053a2702c2
100,Risk-Constrained Convex Verifier,Exact Shapley net value,4,116,-3.6379232959404817e-12,76.2885916916354,76.28859169163904,0.018690788740059416,0.01869078874005936,295.06436586121345,5.551115123125783e-17,-295.0456750724734,6,2acbb980472197539a865bdd457b5777669f0ca06cca13f5dfd82a053a2702c2
101,Trace-Anchored Reference,Nodal signed linear,1,15,554.18501970853,558.1356885025555,3.9506687940254324,-196.54500120989115,-274.23997644511473,-274.23997644511473,77.69497523522358,77.69497523522358,6,2acbb980472197539a865bdd457b5777669f0ca06cca13f5dfd82a053a2702c2
101,Trace-Anchored Reference,Nodal signed linear,2,42,-787.7028434595024,-865.7459222450669,78.04307878556449,-196.54500120989115,-274.23997644511473,-274.23997644511473,77.69497523522358,77.69497523522358,6,2acbb980472197539a865bdd457b5777669f0ca06cca13f5dfd82a053a2702c2
101,Trace-Anchored Reference,Nodal signed linear,3,80,-89.61145665996358,-91.75831793907128,2.1468612791076964,-196.54500120989115,-274.23997644511473,-274.23997644511473,77.69497523522358,77.69497523522358,6,2acbb980472197539a865bdd457b5777669f0ca06cca13f5dfd82a053a2702c2
101,Trace-Anchored Reference,Nodal signed linear,4,116,126.58427920104481,125.12857523646802,1.4557039645767844,-196.54500120989115,-274.23997644511473,-274.23997644511473,77.69497523522358,77.69497523522358,6,2acbb980472197539a865bdd457b5777669f0ca06cca13f5dfd82a053a2702c2
101,Trace-Anchored Reference,Standalone avoided cost,1,15,554.1850197085441,558.1356885025555,3.950668794011335,-276.67462483323834,-274.23997644511473,-274.23997644511473,-2.4346483881236054,-2.4346483881236054,6,2acbb980472197539a865bdd457b5777669f0ca06cca13f5dfd82a053a2702c2
101,Trace-Anchored Reference,Standalone avoided cost,2,42,-867.8324670828624,-865.7459222450669,2.0865448377954863,-276.67462483323834,-274.23997644511473,-274.23997644511473,-2.4346483881236054,-2.4346483881236054,6,2acbb980472197539a865bdd457b5777669f0ca06cca13f5dfd82a053a2702c2
101,Trace-Anchored Reference,Standalone avoided cost,3,80,-89.61145665995718,-91.75831793907128,2.1468612791140913,-276.67462483323834,-274.23997644511473,-274.23997644511473,-2.4346483881236054,-2.4346483881236054,6,2acbb980472197539a865bdd457b5777669f0ca06cca13f5dfd82a053a2702c2
101,Trace-Anchored Reference,Standalone avoided cost,4,116,126.58427920103713,125.12857523646802,1.4557039645691106,-276.67462483323834,-274.23997644511473,-274.23997644511473,-2.4346483881236054,-2.4346483881236054,6,2acbb980472197539a865bdd457b5777669f0ca06cca13f5dfd82a053a2702c2
101,Trace-Anchored Reference,Leave-one-out marginal,1,15,560.9802201403218,558.1356885025555,2.844531637766295,-277.2035734203346,-274.23997644511473,-274.23997644511473,-2.9635969752198434,-2.9635969752198434,6,2acbb980472197539a865bdd457b5777669f0ca06cca13f5dfd82a053a2702c2
101,Trace-Anchored Reference,Leave-one-out marginal,2,42,-865.3978186947206,-865.7459222450669,0.348103550346309,-277.2035734203346,-274.23997644511473,-274.23997644511473,-2.9635969752198434,-2.9635969752198434,6,2acbb980472197539a865bdd457b5777669f0ca06cca13f5dfd82a053a2702c2
101,Trace-Anchored Reference,Leave-one-out marginal,3,80,-95.17350249294759,-91.75831793907128,3.4151845538763155,-277.2035734203346,-274.23997644511473,-274.23997644511473,-2.9635969752198434,-2.9635969752198434,6,2acbb980472197539a865bdd457b5777669f0ca06cca13f5dfd82a053a2702c2
101,Trace-Anchored Reference,Leave-one-out marginal,4,116,122.38752762701188,125.12857523646802,2.741047609456146,-277.2035734203346,-274.23997644511473,-274.23997644511473,-2.9635969752198434,-2.9635969752198434,6,2acbb980472197539a865bdd457b5777669f0ca06cca13f5dfd82a053a2702c2
101,Trace-Anchored Reference,Exact Shapley net value,1,15,558.1356885025555,558.1356885025555,0.0,-274.23997644511473,-274.23997644511473,-274.23997644511473,0.0,0.0,6,2acbb980472197539a865bdd457b5777669f0ca06cca13f5dfd82a053a2702c2
101,Trace-Anchored Reference,Exact Shapley net value,2,42,-865.7459222450669,-865.7459222450669,0.0,-274.23997644511473,-274.23997644511473,-274.23997644511473,0.0,0.0,6,2acbb980472197539a865bdd457b5777669f0ca06cca13f5dfd82a053a2702c2
101,Trace-Anchored Reference,Exact Shapley net value,3,80,-91.75831793907128,-91.75831793907128,0.0,-274.23997644511473,-274.23997644511473,-274.23997644511473,0.0,0.0,6,2acbb980472197539a865bdd457b5777669f0ca06cca13f5dfd82a053a2702c2
101,Trace-Anchored Reference,Exact Shapley net value,4,116,125.12857523646802,125.12857523646802,0.0,-274.23997644511473,-274.23997644511473,-274.23997644511473,0.0,0.0,6,2acbb980472197539a865bdd457b5777669f0ca06cca13f5dfd82a053a2702c2
101,Risk-Constrained Convex Verifier,Nodal signed linear,1,15,726.1891181552853,558.1356885025555,168.05342965272985,-12.750134854161983,-14.558625908350223,-274.23997644511473,1.8084910541882397,261.4898415909528,6,2acbb980472197539a865bdd457b5777669f0ca06cca13f5dfd82a053a2702c2
101,Risk-Constrained Convex Verifier,Nodal signed linear,2,42,-742.6313345014958,-865.7459222450669,123.11458774357118,-12.750134854161983,-14.558625908350223,-274.23997644511473,1.8084910541882397,261.4898415909528,6,2acbb980472197539a865bdd457b5777669f0ca06cca13f5dfd82a053a2702c2
101,Risk-Constrained Convex Verifier,Nodal signed linear,3,80,1.5099545930970089,-91.75831793907128,93.26827253216828,-12.750134854161983,-14.558625908350223,-274.23997644511473,1.8084910541882397,261.4898415909528,6,2acbb980472197539a865bdd457b5777669f0ca06cca13f5dfd82a053a2702c2
101,Risk-Constrained Convex Verifier,Nodal signed linear,4,116,2.182126898951452,125.12857523646802,122.94644833751657,-12.750134854161983,-14.558625908350223,-274.23997644511473,1.8084910541882397,261.4898415909528,6,2acbb980472197539a865bdd457b5777669f0ca06cca13f5dfd82a053a2702c2
101,Risk-Constrained Convex Verifier,Standalone avoided cost,1,15,717.2755731889738,558.1356885025555,159.13988468641833,-27.521502299627173,-14.558625908350223,-274.23997644511473,-12.96287639127695,246.71847414548756,6,2acbb980472197539a865bdd457b5777669f0ca06cca13f5dfd82a053a2702c2
101,Risk-Constrained Convex Verifier,Standalone avoided cost,2,42,-748.4891569806459,-865.7459222450669,117.256765264421,-27.521502299627173,-14.558625908350223,-274.23997644511473,-12.96287639127695,246.71847414548756,6,2acbb980472197539a865bdd457b5777669f0ca06cca13f5dfd82a053a2702c2
101,Risk-Constrained Convex Verifier,Standalone avoided cost,3,80,1.5099545931007015,-91.75831793907128,93.26827253217198,-27.521502299627173,-14.558625908350223,-274.23997644511473,-12.96287639127695,246.71847414548756,6,2acbb980472197539a865bdd457b5777669f0ca06cca13f5dfd82a053a2702c2
101,Risk-Constrained Convex Verifier,Standalone avoided cost,4,116,2.1821268989442615,125.12857523646802,122.94644833752376,-27.521502299627173,-14.558625908350223,-274.23997644511473,-12.96287639127695,246.71847414548756,6,2acbb980472197539a865bdd457b5777669f0ca06cca13f5dfd82a053a2702c2
101,Risk-Constrained Convex Verifier,Leave-one-out marginal,1,15,731.0548481746519,558.1356885025555,172.91915967209638,-2.4275203737342963,-14.558625908350223,-274.23997644511473,12.131105534615926,271.81245607138044,6,2acbb980472197539a865bdd457b5777669f0ca06cca13f5dfd82a053a2702c2
101,Risk-Constrained Convex Verifier,Leave-one-out marginal,2,42,-736.8048522113095,-865.7459222450669,128.94107003375746,-2.4275203737342963,-14.558625908350223,-274.23997644511473,12.131105534615926,271.81245607138044,6,2acbb980472197539a865bdd457b5777669f0ca06cca13f5dfd82a053a2702c2
101,Risk-Constrained Convex Verifier,Leave-one-out marginal,3,80,1.470403581213759,-91.75831793907128,93.22872152028503,-2.4275203737342963,-14.558625908350223,-274.23997644511473,12.131105534615926,271.81245607138044,6,2acbb980472197539a865bdd457b5777669f0ca06cca13f5dfd82a053a2702c2
101,Risk-Constrained Convex Verifier,Leave-one-out marginal,4,116,1.8520800817095733,125.12857523646802,123.27649515475845,-2.4275203737342963,-14.558625908350223,-274.23997644511473,12.131105534615926,271.81245607138044,6,2acbb980472197539a865bdd457b5777669f0ca06cca13f5dfd82a053a2702c2
101,Risk-Constrained Convex Verifier,Exact Shapley net value,1,15,724.2889246215864,558.1356885025555,166.1532361190309,-14.558625908350109,-14.558625908350223,-274.23997644511473,1.1368683772161603e-13,259.6813505367646,6,2acbb980472197539a865bdd457b5777669f0ca06cca13f5dfd82a053a2702c2
101,Risk-Constrained Convex Verifier,Exact Shapley net value,2,42,-742.4934615835308,-865.7459222450669,123.25246066153613,-14.558625908350109,-14.558625908350223,-274.23997644511473,1.1368683772161603e-13,259.6813505367646,6,2acbb980472197539a865bdd457b5777669f0ca06cca13f5dfd82a053a2702c2
101,Risk-Constrained Convex Verifier,Exact Shapley net value,3,80,1.5122926409552129,-91.75831793907128,93.27061058002649,-14.558625908350109,-14.558625908350223,-274.23997644511473,1.1368683772161603e-13,259.6813505367646,6,2acbb980472197539a865bdd457b5777669f0ca06cca13f5dfd82a053a2702c2
101,Risk-Constrained Convex Verifier,Exact Shapley net value,4,116,2.1336184126391053,125.12857523646802,122.99495682382891,-14.558625908350109,-14.558625908350223,-274.23997644511473,1.1368683772161603e-13,259.6813505367646,6,2acbb980472197539a865bdd457b5777669f0ca06cca13f5dfd82a053a2702c2
102,Trace-Anchored Reference,Nodal signed linear,1,15,80.78718408268605,81.00138910034487,0.21420501765881284,-293.88543456016635,-303.2089208457546,-303.20892084575456,9.323486285588274,9.323486285588217,6,2acbb980472197539a865bdd457b5777669f0ca06cca13f5dfd82a053a2702c2
102,Trace-Anchored Reference,Nodal signed linear,2,42,-266.6851560735336,-274.0988659287274,7.413709855193758,-293.88543456016635,-303.2089208457546,-303.20892084575456,9.323486285588274,9.323486285588217,6,2acbb980472197539a865bdd457b5777669f0ca06cca13f5dfd82a053a2702c2
102,Trace-Anchored Reference,Nodal signed linear,3,80,-116.97362174996805,-118.52628659567685,1.5526648457088044,-293.88543456016635,-303.2089208457546,-303.20892084575456,9.323486285588274,9.323486285588217,6,2acbb980472197539a865bdd457b5777669f0ca06cca13f5dfd82a053a2702c2
102,Trace-Anchored Reference,Nodal signed linear,4,116,8.98615918064931,8.414842578304764,0.5713166023445453,-293.88543456016635,-303.2089208457546,-303.20892084575456,9.323486285588274,9.323486285588217,6,2acbb980472197539a865bdd457b5777669f0ca06cca13f5dfd82a053a2702c2
102,Trace-Anchored Reference,Standalone avoided cost,1,15,80.78718408269924,81.00138910034487,0.21420501764562516,-301.84167325395174,-303.2089208457546,-303.20892084575456,1.3672475918028795,1.3672475918028226,6,2acbb980472197539a865bdd457b5777669f0ca06cca13f5dfd82a053a2702c2
102,Trace-Anchored Reference,Standalone avoided cost,2,42,-273.58896084160006,-274.0988659287274,0.5099050871273221,-301.84167325395174,-303.2089208457546,-303.20892084575456,1.3672475918028795,1.3672475918028226,6,2acbb980472197539a865bdd457b5777669f0ca06cca13f5dfd82a053a2702c2
102,Trace-Anchored Reference,Standalone avoided cost,3,80,-118.01638150854342,-118.52628659567685,0.5099050871334327,-301.84167325395174,-303.2089208457546,-303.20892084575456,1.3672475918028795,1.3672475918028226,6,2acbb980472197539a865bdd457b5777669f0ca06cca13f5dfd82a053a2702c2
102,Trace-Anchored Reference,Standalone avoided cost,4,116,8.976485013492493,8.414842578304764,0.5616424351877285,-301.84167325395174,-303.2089208457546,-303.20892084575456,1.3672475918028795,1.3672475918028226,6,2acbb980472197539a865bdd457b5777669f0ca06cca13f5dfd82a053a2702c2
102,Trace-Anchored Reference,Leave-one-out marginal,1,15,81.10728233827103,81.00138910034487,0.10589323792616767,-304.0525937694547,-303.2089208457546,-303.20892084575456,-0.8436729237000691,-0.8436729237001259,6,2acbb980472197539a865bdd457b5777669f0ca06cca13f5dfd82a053a2702c2
102,Trace-Anchored Reference,Leave-one-out marginal,2,42,-274.43263376529285,-274.0988659287274,0.33376783656547104,-304.0525937694547,-303.2089208457546,-303.20892084575456,-0.8436729237000691,-0.8436729237001259,6,2acbb980472197539a865bdd457b5777669f0ca06cca13f5dfd82a053a2702c2
102,Trace-Anchored Reference,Leave-one-out marginal,3,80,-118.86005443225076,-118.52628659567685,0.3337678365739123,-304.0525937694547,-303.2089208457546,-303.20892084575456,-0.8436729237000691,-0.8436729237001259,6,2acbb980472197539a865bdd457b5777669f0ca06cca13f5dfd82a053a2702c2
102,Trace-Anchored Reference,Leave-one-out marginal,4,116,8.13281208981789,8.414842578304764,0.28203048848687473,-304.0525937694547,-303.2089208457546,-303.20892084575456,-0.8436729237000691,-0.8436729237001259,6,2acbb980472197539a865bdd457b5777669f0ca06cca13f5dfd82a053a2702c2
102,Trace-Anchored Reference,Exact Shapley net value,1,15,81.00138910034487,81.00138910034487,0.0,-303.20892084575456,-303.2089208457546,-303.20892084575456,5.684341886080802e-14,0.0,6,2acbb980472197539a865bdd457b5777669f0ca06cca13f5dfd82a053a2702c2
102,Trace-Anchored Reference,Exact Shapley net value,2,42,-274.0988659287274,-274.0988659287274,0.0,-303.20892084575456,-303.2089208457546,-303.20892084575456,5.684341886080802e-14,0.0,6,2acbb980472197539a865bdd457b5777669f0ca06cca13f5dfd82a053a2702c2
102,Trace-Anchored Reference,Exact Shapley net value,3,80,-118.52628659567685,-118.52628659567685,0.0,-303.20892084575456,-303.2089208457546,-303.20892084575456,5.684341886080802e-14,0.0,6,2acbb980472197539a865bdd457b5777669f0ca06cca13f5dfd82a053a2702c2
102,Trace-Anchored Reference,Exact Shapley net value,4,116,8.414842578304764,8.414842578304764,0.0,-303.20892084575456,-303.2089208457546,-303.20892084575456,5.684341886080802e-14,0.0,6,2acbb980472197539a865bdd457b5777669f0ca06cca13f5dfd82a053a2702c2
102,Risk-Constrained Convex Verifier,Nodal signed linear,1,15,192.37121074964747,81.00138910034487,111.36982164930261,-0.6361670317014472,-0.6361670317019161,-303.20892084575456,4.689582056016661e-13,302.5727538140531,6,2acbb980472197539a865bdd457b5777669f0ca06cca13f5dfd82a053a2702c2
102,Risk-Constrained Convex Verifier,Nodal signed linear,2,42,-143.24935043792632,-274.0988659287274,130.84951549080105,-0.6361670317014472,-0.6361670317019161,-303.20892084575456,4.689582056016661e-13,302.5727538140531,6,2acbb980472197539a865bdd457b5777669f0ca06cca13f5dfd82a053a2702c2
102,Risk-Constrained Convex Verifier,Nodal signed linear,3,80,-32.40084212843437,-118.52628659567685,86.12544446724249,-0.6361670317014472,-0.6361670317019161,-303.20892084575456,4.689582056016661e-13,302.5727538140531,6,2acbb980472197539a865bdd457b5777669f0ca06cca13f5dfd82a053a2702c2
102,Risk-Constrained Convex Verifier,Nodal signed linear,4,116,-17.357185214988228,8.414842578304764,25.77202779329299,-0.6361670317014472,-0.6361670317019161,-303.20892084575456,4.689582056016661e-13,302.5727538140531,6,2acbb980472197539a865bdd457b5777669f0ca06cca13f5dfd82a053a2702c2
102,Risk-Constrained Convex Verifier,Standalone avoided cost,1,15,192.37121074965762,81.00138910034487,111.36982164931275,-0.6361670317019161,-0.6361670317019161,-303.20892084575456,0.0,302.57275381405265,6,2acbb980472197539a865bdd457b5777669f0ca06cca13f5dfd82a053a2702c2
102,Risk-Constrained Convex Verifier,Standalone avoided cost,2,42,-143.24935043793084,-274.0988659287274,130.84951549079653,-0.6361670317019161,-0.6361670317019161,-303.20892084575456,0.0,302.57275381405265,6,2acbb980472197539a865bdd457b5777669f0ca06cca13f5dfd82a053a2702c2
102,Risk-Constrained Convex Verifier,Standalone avoided cost,3,80,-32.400842128434306,-118.52628659567685,86.12544446724254,-0.6361670317019161,-0.6361670317019161,-303.20892084575456,0.0,302.57275381405265,6,2acbb980472197539a865bdd457b5777669f0ca06cca13f5dfd82a053a2702c2
102,Risk-Constrained Convex Verifier,Standalone avoided cost,4,116,-17.357185214994388,8.414842578304764,25.772027793299152,-0.6361670317019161,-0.6361670317019161,-303.20892084575456,0.0,302.57275381405265,6,2acbb980472197539a865bdd457b5777669f0ca06cca13f5dfd82a053a2702c2
102,Risk-Constrained Convex Verifier,Leave-one-out marginal,1,15,192.37121074965034,81.00138910034487,111.36982164930548,-0.6361670316982782,-0.6361670317019161,-303.20892084575456,3.637978807091713e-12,302.5727538140563,6,2acbb980472197539a865bdd457b5777669f0ca06cca13f5dfd82a053a2702c2
102,Risk-Constrained Convex Verifier,Leave-one-out marginal,2,42,-143.2493504379272,-274.0988659287274,130.84951549080017,-0.6361670316982782,-0.6361670317019161,-303.20892084575456,3.637978807091713e-12,302.5727538140563,6,2acbb980472197539a865bdd457b5777669f0ca06cca13f5dfd82a053a2702c2
102,Risk-Constrained Convex Verifier,Leave-one-out marginal,3,80,-32.400842128434306,-118.52628659567685,86.12544446724254,-0.6361670316982782,-0.6361670317019161,-303.20892084575456,3.637978807091713e-12,302.5727538140563,6,2acbb980472197539a865bdd457b5777669f0ca06cca13f5dfd82a053a2702c2
102,Risk-Constrained Convex Verifier,Leave-one-out marginal,4,116,-17.357185214987112,8.414842578304764,25.772027793291876,-0.6361670316982782,-0.6361670317019161,-303.20892084575456,3.637978807091713e-12,302.5727538140563,6,2acbb980472197539a865bdd457b5777669f0ca06cca13f5dfd82a053a2702c2
102,Risk-Constrained Convex Verifier,Exact Shapley net value,1,15,192.3712107496534,81.00138910034487,111.36982164930852,-0.6361670317018984,-0.6361670317019161,-303.20892084575456,1.7763568394002505e-14,302.57275381405265,6,2acbb980472197539a865bdd457b5777669f0ca06cca13f5dfd82a053a2702c2
102,Risk-Constrained Convex Verifier,Exact Shapley net value,2,42,-143.2493504379278,-274.0988659287274,130.84951549079958,-0.6361670317018984,-0.6361670317019161,-303.20892084575456,1.7763568394002505e-14,302.57275381405265,6,2acbb980472197539a865bdd457b5777669f0ca06cca13f5dfd82a053a2702c2
102,Risk-Constrained Convex Verifier,Exact Shapley net value,3,80,-32.400842128436125,-118.52628659567685,86.12544446724073,-0.6361670317018984,-0.6361670317019161,-303.20892084575456,1.7763568394002505e-14,302.57275381405265,6,2acbb980472197539a865bdd457b5777669f0ca06cca13f5dfd82a053a2702c2
102,Risk-Constrained Convex Verifier,Exact Shapley net value,4,116,-17.357185214991357,8.414842578304764,25.77202779329612,-0.6361670317018984,-0.6361670317019161,-303.20892084575456,1.7763568394002505e-14,302.57275381405265,6,2acbb980472197539a865bdd457b5777669f0ca06cca13f5dfd82a053a2702c2
103,Trace-Anchored Reference,Nodal signed linear,1,15,151.31874561782587,150.12852583412132,1.1902197837045492,207.923676621767,197.35822907188776,197.35822907188776,10.565447549879224,10.565447549879224,6,2acbb980472197539a865bdd457b5777669f0ca06cca13f5dfd82a053a2702c2
103,Trace-Anchored Reference,Nodal signed linear,2,42,75.90136079012163,71.75739583821148,4.143964951910149,207.923676621767,197.35822907188776,197.35822907188776,10.565447549879224,10.565447549879224,6,2acbb980472197539a865bdd457b5777669f0ca06cca13f5dfd82a053a2702c2
103,Trace-Anchored Reference,Nodal signed linear,3,80,-192.02765215467963,-195.3381108563075,3.31045870162788,207.923676621767,197.35822907188776,197.35822907188776,10.565447549879224,10.565447549879224,6,2acbb980472197539a865bdd457b5777669f0ca06cca13f5dfd82a053a2702c2
103,Trace-Anchored Reference,Nodal signed linear,4,116,172.73122236849912,170.81041825586237,1.9208041126367448,207.923676621767,197.35822907188776,197.35822907188776,10.565447549879224,10.565447549879224,6,2acbb980472197539a865bdd457b5777669f0ca06cca13f5dfd82a053a2702c2
103,Trace-Anchored Reference,Standalone avoided cost,1,15,150.20312046927938,150.12852583412132,0.0745946351580642,199.47565157438294,197.35822907188776,197.35822907188776,2.117422502495174,2.117422502495174,6,2acbb980472197539a865bdd457b5777669f0ca06cca13f5dfd82a053a2702c2
103,Trace-Anchored Reference,Standalone avoided cost,2,42,72.43604236899773,71.75739583821148,0.6786465307862528,199.47565157438294,197.35822907188776,197.35822907188776,2.117422502495174,2.117422502495174,6,2acbb980472197539a865bdd457b5777669f0ca06cca13f5dfd82a053a2702c2
103,Trace-Anchored Reference,Standalone avoided cost,3,80,-194.67664585135935,-195.3381108563075,0.6614650049481554,199.47565157438294,197.35822907188776,197.35822907188776,2.117422502495174,2.117422502495174,6,2acbb980472197539a865bdd457b5777669f0ca06cca13f5dfd82a053a2702c2
103,Trace-Anchored Reference,Standalone avoided cost,4,116,171.51313458746517,170.81041825586237,0.7027163316028009,199.47565157438294,197.35822907188776,197.35822907188776,2.117422502495174,2.117422502495174,6,2acbb980472197539a865bdd457b5777669f0ca06cca13f5dfd82a053a2702c2
103,Trace-Anchored Reference,Leave-one-out marginal,1,15,150.11684390197843,150.12852583412132,0.011681932142892038,196.32976995993522,197.35822907188776,197.35822907188776,-1.028459111952543,-1.028459111952543,6,2acbb980472197539a865bdd457b5777669f0ca06cca13f5dfd82a053a2702c2
103,Trace-Anchored Reference,Leave-one-out marginal,2,42,71.40758325703428,71.75739583821148,0.34981258117720415,196.32976995993522,197.35822907188776,197.35822907188776,-1.028459111952543,-1.028459111952543,6,2acbb980472197539a865bdd457b5777669f0ca06cca13f5dfd82a053a2702c2
103,Trace-Anchored Reference,Leave-one-out marginal,3,80,-195.6793326745683,-195.3381108563075,0.34122181826077735,196.32976995993522,197.35822907188776,197.35822907188776,-1.028459111952543,-1.028459111952543,6,2acbb980472197539a865bdd457b5777669f0ca06cca13f5dfd82a053a2702c2
103,Trace-Anchored Reference,Leave-one-out marginal,4,116,170.4846754754908,170.81041825586237,0.32574278037157,196.32976995993522,197.35822907188776,197.35822907188776,-1.028459111952543,-1.028459111952543,6,2acbb980472197539a865bdd457b5777669f0ca06cca13f5dfd82a053a2702c2
103,Trace-Anchored Reference,Exact Shapley net value,1,15,150.12852583412132,150.12852583412132,0.0,197.35822907188768,197.35822907188776,197.35822907188776,-8.526512829121202e-14,-8.526512829121202e-14,6,2acbb980472197539a865bdd457b5777669f0ca06cca13f5dfd82a053a2702c2
103,Trace-Anchored Reference,Exact Shapley net value,2,42,71.75739583821148,71.75739583821148,0.0,197.35822907188768,197.35822907188776,197.35822907188776,-8.526512829121202e-14,-8.526512829121202e-14,6,2acbb980472197539a865bdd457b5777669f0ca06cca13f5dfd82a053a2702c2
103,Trace-Anchored Reference,Exact Shapley net value,3,80,-195.3381108563075,-195.3381108563075,0.0,197.35822907188768,197.35822907188776,197.35822907188776,-8.526512829121202e-14,-8.526512829121202e-14,6,2acbb980472197539a865bdd457b5777669f0ca06cca13f5dfd82a053a2702c2
103,Trace-Anchored Reference,Exact Shapley net value,4,116,170.81041825586237,170.81041825586237,0.0,197.35822907188768,197.35822907188776,197.35822907188776,-8.526512829121202e-14,-8.526512829121202e-14,6,2acbb980472197539a865bdd457b5777669f0ca06cca13f5dfd82a053a2702c2
103,Risk-Constrained Convex Verifier,Nodal signed linear,1,15,0.6525499741293569,150.12852583412132,149.47597585999196,-49.71598975272816,-49.71598975272718,197.35822907188776,-9.805489753489383e-13,-247.0742188246159,6,2acbb980472197539a865bdd457b5777669f0ca06cca13f5dfd82a053a2702c2
103,Risk-Constrained Convex Verifier,Nodal signed linear,2,42,-0.6546680736941517,71.75739583821148,72.41206391190563,-49.71598975272816,-49.71598975272718,197.35822907188776,-9.805489753489383e-13,-247.0742188246159,6,2acbb980472197539a865bdd457b5777669f0ca06cca13f5dfd82a053a2702c2
103,Risk-Constrained Convex Verifier,Nodal signed linear,3,80,-22.08219365023399,-195.3381108563075,173.25591720607352,-49.71598975272816,-49.71598975272718,197.35822907188776,-9.805489753489383e-13,-247.0742188246159,6,2acbb980472197539a865bdd457b5777669f0ca06cca13f5dfd82a053a2702c2
103,Risk-Constrained Convex Verifier,Nodal signed linear,4,116,-27.631678002929384,170.81041825586237,198.44209625879176,-49.71598975272816,-49.71598975272718,197.35822907188776,-9.805489753489383e-13,-247.0742188246159,6,2acbb980472197539a865bdd457b5777669f0ca06cca13f5dfd82a053a2702c2
103,Risk-Constrained Convex Verifier,Standalone avoided cost,1,15,0.6525499741292151,150.12852583412132,149.4759758599921,-49.715989752723544,-49.71598975272718,197.35822907188776,3.637978807091713e-12,-247.0742188246113,6,2acbb980472197539a865bdd457b5777669f0ca06cca13f5dfd82a053a2702c2
103,Risk-Constrained Convex Verifier,Standalone avoided cost,2,42,-0.654668073693756,71.75739583821148,72.41206391190524,-49.715989752723544,-49.71598975272718,197.35822907188776,3.637978807091713e-12,-247.0742188246113,6,2acbb980472197539a865bdd457b5777669f0ca06cca13f5dfd82a053a2702c2
103,Risk-Constrained Convex Verifier,Standalone avoided cost,3,80,-22.08219365023251,-195.3381108563075,173.255917206075,-49.715989752723544,-49.71598975272718,197.35822907188776,3.637978807091713e-12,-247.0742188246113,6,2acbb980472197539a865bdd457b5777669f0ca06cca13f5dfd82a053a2702c2
103,Risk-Constrained Convex Verifier,Standalone avoided cost,4,116,-27.631678002926492,170.81041825586237,198.44209625878887,-49.715989752723544,-49.71598975272718,197.35822907188776,3.637978807091713e-12,-247.0742188246113,6,2acbb980472197539a865bdd457b5777669f0ca06cca13f5dfd82a053a2702c2
103,Risk-Constrained Convex Verifier,Leave-one-out marginal,1,15,0.6525499741292151,150.12852583412132,149.4759758599921,-49.71598975273082,-49.71598975272718,197.35822907188776,-3.637978807091713e-12,-247.07421882461858,6,2acbb980472197539a865bdd457b5777669f0ca06cca13f5dfd82a053a2702c2
103,Risk-Constrained Convex Verifier,Leave-one-out marginal,2,42,-0.654668073693756,71.75739583821148,72.41206391190524,-49.71598975273082,-49.71598975272718,197.35822907188776,-3.637978807091713e-12,-247.07421882461858,6,2acbb980472197539a865bdd457b5777669f0ca06cca13f5dfd82a053a2702c2
103,Risk-Constrained Convex Verifier,Leave-one-out marginal,3,80,-22.08219365023615,-195.3381108563075,173.25591720607136,-49.71598975273082,-49.71598975272718,197.35822907188776,-3.637978807091713e-12,-247.07421882461858,6,2acbb980472197539a865bdd457b5777669f0ca06cca13f5dfd82a053a2702c2
103,Risk-Constrained Convex Verifier,Leave-one-out marginal,4,116,-27.63167800293013,170.81041825586237,198.4420962587925,-49.71598975273082,-49.71598975272718,197.35822907188776,-3.637978807091713e-12,-247.07421882461858,6,2acbb980472197539a865bdd457b5777669f0ca06cca13f5dfd82a053a2702c2
103,Risk-Constrained Convex Verifier,Exact Shapley net value,1,15,0.6525499741292151,150.12852583412132,149.4759758599921,-49.71598975272718,-49.71598975272718,197.35822907188776,0.0,-247.07421882461495,6,2acbb980472197539a865bdd457b5777669f0ca06cca13f5dfd82a053a2702c2
103,Risk-Constrained Convex Verifier,Exact Shapley net value,2,42,-0.654668073693756,71.75739583821148,72.41206391190524,-49.71598975272718,-49.71598975272718,197.35822907188776,0.0,-247.07421882461495,6,2acbb980472197539a865bdd457b5777669f0ca06cca13f5dfd82a053a2702c2
103,Risk-Constrained Convex Verifier,Exact Shapley net value,3,80,-22.08219365023433,-195.3381108563075,173.25591720607318,-49.71598975272718,-49.71598975272718,197.35822907188776,0.0,-247.07421882461495,6,2acbb980472197539a865bdd457b5777669f0ca06cca13f5dfd82a053a2702c2
103,Risk-Constrained Convex Verifier,Exact Shapley net value,4,116,-27.63167800292831,170.81041825586237,198.44209625879068,-49.71598975272718,-49.71598975272718,197.35822907188776,0.0,-247.07421882461495,6,2acbb980472197539a865bdd457b5777669f0ca06cca13f5dfd82a053a2702c2
104,Trace-Anchored Reference,Nodal signed linear,1,15,41.4412166172246,41.441216617221464,3.133493464702042e-12,236.10396688630365,236.10396688628316,236.10396688628316,2.049205249932129e-11,2.049205249932129e-11,6,2acbb980472197539a865bdd457b5777669f0ca06cca13f5dfd82a053a2702c2
104,Trace-Anchored Reference,Nodal signed linear,2,42,59.67844658591809,59.67844658591366,4.426681243785424e-12,236.10396688630365,236.10396688628316,236.10396688628316,2.049205249932129e-11,2.049205249932129e-11,6,2acbb980472197539a865bdd457b5777669f0ca06cca13f5dfd82a053a2702c2
104,Trace-Anchored Reference,Nodal signed linear,3,80,50.15377237613318,50.153772376131805,1.3784529073745944e-12,236.10396688630365,236.10396688628316,236.10396688628316,2.049205249932129e-11,2.049205249932129e-11,6,2acbb980472197539a865bdd457b5777669f0ca06cca13f5dfd82a053a2702c2
104,Trace-Anchored Reference,Nodal signed linear,4,116,84.83053130702777,84.8305313070162,1.1567635738174431e-11,236.10396688630365,236.10396688628316,236.10396688628316,2.049205249932129e-11,2.049205249932129e-11,6,2acbb980472197539a865bdd457b5777669f0ca06cca13f5dfd82a053a2702c2
104,Trace-Anchored Reference,Standalone avoided cost,1,15,41.44121661722238,41.441216617221464,9.166001291305292e-13,236.10396688627588,236.10396688628316,236.10396688628316,-7.275957614183426e-12,-7.275957614183426e-12,6,2acbb980472197539a865bdd457b5777669f0ca06cca13f5dfd82a053a2702c2
104,Trace-Anchored Reference,Standalone avoided cost,2,42,59.67844658591275,59.67844658591366,9.094947017729282e-13,236.10396688627588,236.10396688628316,236.10396688628316,-7.275957614183426e-12,-7.275957614183426e-12,6,2acbb980472197539a865bdd457b5777669f0ca06cca13f5dfd82a053a2702c2
104,Trace-Anchored Reference,Standalone avoided cost,3,80,50.15377237613211,50.153772376131805,3.055333763768431e-13,236.10396688627588,236.10396688628316,236.10396688628316,-7.275957614183426e-12,-7.275957614183426e-12,6,2acbb980472197539a865bdd457b5777669f0ca06cca13f5dfd82a053a2702c2
104,Trace-Anchored Reference,Standalone avoided cost,4,116,84.83053130700864,84.8305313070162,7.560174708487466e-12,236.10396688627588,236.10396688628316,236.10396688628316,-7.275957614183426e-12,-7.275957614183426e-12,6,2acbb980472197539a865bdd457b5777669f0ca06cca13f5dfd82a053a2702c2
104,Trace-Anchored Reference,Leave-one-out marginal,1,15,41.44121661720783,41.441216617221464,1.3635315099236323e-11,236.10396688626497,236.10396688628316,236.10396688628316,-1.8189894035458565e-11,-1.8189894035458565e-11,6,2acbb980472197539a865bdd457b5777669f0ca06cca13f5dfd82a053a2702c2
104,Trace-Anchored Reference,Leave-one-out marginal,2,42,59.67844658591275,59.67844658591366,9.094947017729282e-13,236.10396688626497,236.10396688628316,236.10396688628316,-1.8189894035458565e-11,-1.8189894035458565e-11,6,2acbb980472197539a865bdd457b5777669f0ca06cca13f5dfd82a053a2702c2
104,Trace-Anchored Reference,Leave-one-out marginal,3,80,50.153772376124834,50.153772376131805,6.970424237806583e-12,236.10396688626497,236.10396688628316,236.10396688628316,-1.8189894035458565e-11,-1.8189894035458565e-11,6,2acbb980472197539a865bdd457b5777669f0ca06cca13f5dfd82a053a2702c2
104,Trace-Anchored Reference,Leave-one-out marginal,4,116,84.83053130701956,84.8305313070162,3.353761712787673e-12,236.10396688626497,236.10396688628316,236.10396688628316,-1.8189894035458565e-11,-1.8189894035458565e-11,6,2acbb980472197539a865bdd457b5777669f0ca06cca13f5dfd82a053a2702c2
104,Trace-Anchored Reference,Exact Shapley net value,1,15,41.441216617221464,41.441216617221464,0.0,236.10396688628313,236.10396688628316,236.10396688628316,-2.842170943040401e-14,-2.842170943040401e-14,6,2acbb980472197539a865bdd457b5777669f0ca06cca13f5dfd82a053a2702c2
104,Trace-Anchored Reference,Exact Shapley net value,2,42,59.67844658591366,59.67844658591366,0.0,236.10396688628313,236.10396688628316,236.10396688628316,-2.842170943040401e-14,-2.842170943040401e-14,6,2acbb980472197539a865bdd457b5777669f0ca06cca13f5dfd82a053a2702c2
104,Trace-Anchored Reference,Exact Shapley net value,3,80,50.153772376131805,50.153772376131805,0.0,236.10396688628313,236.10396688628316,236.10396688628316,-2.842170943040401e-14,-2.842170943040401e-14,6,2acbb980472197539a865bdd457b5777669f0ca06cca13f5dfd82a053a2702c2
104,Trace-Anchored Reference,Exact Shapley net value,4,116,84.8305313070162,84.8305313070162,0.0,236.10396688628313,236.10396688628316,236.10396688628316,-2.842170943040401e-14,-2.842170943040401e-14,6,2acbb980472197539a865bdd457b5777669f0ca06cca13f5dfd82a053a2702c2
104,Risk-Constrained Convex Verifier,Nodal signed linear,1,15,1.6868239325113246,41.441216617221464,39.75439268471014,-4.793601982999718e-05,-4.793602056452073e-05,236.10396688628316,7.345235530920036e-13,-236.104014822303,6,2acbb980472197539a865bdd457b5777669f0ca06cca13f5dfd82a053a2702c2
104,Risk-Constrained Convex Verifier,Nodal signed linear,2,42,-1.6868718685311546,59.67844658591366,61.36531845444482,-4.793601982999718e-05,-4.793602056452073e-05,236.10396688628316,7.345235530920036e-13,-236.104014822303,6,2acbb980472197539a865bdd457b5777669f0ca06cca13f5dfd82a053a2702c2
104,Risk-Constrained Convex Verifier,Nodal signed linear,3,80,0.0,50.153772376131805,50.153772376131805,-4.793601982999718e-05,-4.793602056452073e-05,236.10396688628316,7.345235530920036e-13,-236.104014822303,6,2acbb980472197539a865bdd457b5777669f0ca06cca13f5dfd82a053a2702c2
104,Risk-Constrained Convex Verifier,Nodal signed linear,4,116,0.0,84.8305313070162,84.8305313070162,-4.793601982999718e-05,-4.793602056452073e-05,236.10396688628316,7.345235530920036e-13,-236.104014822303,6,2acbb980472197539a865bdd457b5777669f0ca06cca13f5dfd82a053a2702c2
104,Risk-Constrained Convex Verifier,Standalone avoided cost,1,15,1.6868239325158356,41.441216617221464,39.75439268470563,-4.793600965058431e-05,-4.793602056452073e-05,236.10396688628316,1.0913936421275139e-11,-236.1040148222928,6,2acbb980472197539a865bdd457b5777669f0ca06cca13f5dfd82a053a2702c2
104,Risk-Constrained Convex Verifier,Standalone avoided cost,2,42,-1.6868718685254862,59.67844658591366,61.36531845443915,-4.793600965058431e-05,-4.793602056452073e-05,236.10396688628316,1.0913936421275139e-11,-236.1040148222928,6,2acbb980472197539a865bdd457b5777669f0ca06cca13f5dfd82a053a2702c2
104,Risk-Constrained Convex Verifier,Standalone avoided cost,3,80,0.0,50.153772376131805,50.153772376131805,-4.793600965058431e-05,-4.793602056452073e-05,236.10396688628316,1.0913936421275139e-11,-236.1040148222928,6,2acbb980472197539a865bdd457b5777669f0ca06cca13f5dfd82a053a2702c2
104,Risk-Constrained Convex Verifier,Standalone avoided cost,4,116,0.0,84.8305313070162,84.8305313070162,-4.793600965058431e-05,-4.793602056452073e-05,236.10396688628316,1.0913936421275139e-11,-236.1040148222928,6,2acbb980472197539a865bdd457b5777669f0ca06cca13f5dfd82a053a2702c2
104,Risk-Constrained Convex Verifier,Leave-one-out marginal,1,15,1.6868239325049217,41.441216617221464,39.75439268471654,-4.793603147845715e-05,-4.793602056452073e-05,236.10396688628316,-1.0913936421275139e-11,-236.10401482231464,6,2acbb980472197539a865bdd457b5777669f0ca06cca13f5dfd82a053a2702c2
104,Risk-Constrained Convex Verifier,Leave-one-out marginal,2,42,-1.6868718685364001,59.67844658591366,61.36531845445006,-4.793603147845715e-05,-4.793602056452073e-05,236.10396688628316,-1.0913936421275139e-11,-236.10401482231464,6,2acbb980472197539a865bdd457b5777669f0ca06cca13f5dfd82a053a2702c2
104,Risk-Constrained Convex Verifier,Leave-one-out marginal,3,80,0.0,50.153772376131805,50.153772376131805,-4.793603147845715e-05,-4.793602056452073e-05,236.10396688628316,-1.0913936421275139e-11,-236.10401482231464,6,2acbb980472197539a865bdd457b5777669f0ca06cca13f5dfd82a053a2702c2
104,Risk-Constrained Convex Verifier,Leave-one-out marginal,4,116,0.0,84.8305313070162,84.8305313070162,-4.793603147845715e-05,-4.793602056452073e-05,236.10396688628316,-1.0913936421275139e-11,-236.10401482231464,6,2acbb980472197539a865bdd457b5777669f0ca06cca13f5dfd82a053a2702c2
104,Risk-Constrained Convex Verifier,Exact Shapley net value,1,15,1.6868239325103787,41.441216617221464,39.754392684711085,-4.793602056452073e-05,-4.793602056452073e-05,236.10396688628316,0.0,-236.10401482230372,6,2acbb980472197539a865bdd457b5777669f0ca06cca13f5dfd82a053a2702c2
104,Risk-Constrained Convex Verifier,Exact Shapley net value,2,42,-1.6868718685309432,59.67844658591366,61.365318454444605,-4.793602056452073e-05,-4.793602056452073e-05,236.10396688628316,0.0,-236.10401482230372,6,2acbb980472197539a865bdd457b5777669f0ca06cca13f5dfd82a053a2702c2
104,Risk-Constrained Convex Verifier,Exact Shapley net value,3,80,0.0,50.153772376131805,50.153772376131805,-4.793602056452073e-05,-4.793602056452073e-05,236.10396688628316,0.0,-236.10401482230372,6,2acbb980472197539a865bdd457b5777669f0ca06cca13f5dfd82a053a2702c2
104,Risk-Constrained Convex Verifier,Exact Shapley net value,4,116,0.0,84.8305313070162,84.8305313070162,-4.793602056452073e-05,-4.793602056452073e-05,236.10396688628316,0.0,-236.10401482230372,6,2acbb980472197539a865bdd457b5777669f0ca06cca13f5dfd82a053a2702c2
105,Trace-Anchored Reference,Nodal signed linear,1,15,25.116151373615494,25.179568140120864,0.06341676650536954,-68.41748578104139,-70.00192978879204,-70.00192978879204,1.5844440077506476,1.5844440077506476,6,2acbb980472197539a865bdd457b5777669f0ca06cca13f5dfd82a053a2702c2
105,Trace-Anchored Reference,Nodal signed linear,2,42,2.8709071862745024,2.306629136542748,0.5642780497317545,-68.41748578104139,-70.00192978879204,-70.00192978879204,1.5844440077506476,1.5844440077506476,6,2acbb980472197539a865bdd457b5777669f0ca06cca13f5dfd82a053a2702c2
105,Trace-Anchored Reference,Nodal signed linear,3,80,-19.29032330680402,-19.44222740956896,0.15190410276494148,-68.41748578104139,-70.00192978879204,-70.00192978879204,1.5844440077506476,1.5844440077506476,6,2acbb980472197539a865bdd457b5777669f0ca06cca13f5dfd82a053a2702c2
105,Trace-Anchored Reference,Nodal signed linear,4,116,-77.11422103412737,-78.04589965588669,0.9316786217593176,-68.41748578104139,-70.00192978879204,-70.00192978879204,1.5844440077506476,1.5844440077506476,6,2acbb980472197539a865bdd457b5777669f0ca06cca13f5dfd82a053a2702c2
105,Trace-Anchored Reference,Standalone avoided cost,1,15,25.1161513736115,25.179568140120864,0.06341676650936279,-68.70403544426881,-70.00192978879204,-70.00192978879204,1.297894344523229,1.297894344523229,6,2acbb980472197539a865bdd457b5777669f0ca06cca13f5dfd82a053a2702c2
105,Trace-Anchored Reference,Standalone avoided cost,2,42,2.87090718626132,2.306629136542748,0.5642780497185722,-68.70403544426881,-70.00192978879204,-70.00192978879204,1.297894344523229,1.297894344523229,6,2acbb980472197539a865bdd457b5777669f0ca06cca13f5dfd82a053a2702c2
105,Trace-Anchored Reference,Standalone avoided cost,3,80,-19.290323306802748,-19.44222740956896,0.15190410276621336,-68.70403544426881,-70.00192978879204,-70.00192978879204,1.297894344523229,1.297894344523229,6,2acbb980472197539a865bdd457b5777669f0ca06cca13f5dfd82a053a2702c2
105,Trace-Anchored Reference,Standalone avoided cost,4,116,-77.40077069733888,-78.04589965588669,0.6451289585478008,-68.70403544426881,-70.00192978879204,-70.00192978879204,1.297894344523229,1.297894344523229,6,2acbb980472197539a865bdd457b5777669f0ca06cca13f5dfd82a053a2702c2
105,Trace-Anchored Reference,Leave-one-out marginal,1,15,25.23534847918927,25.179568140120864,0.05578033906840574,-71.29982413334437,-70.00192978879204,-70.00192978879204,-1.2978943445523328,-1.2978943445523328,6,2acbb980472197539a865bdd457b5777669f0ca06cca13f5dfd82a053a2702c2
105,Trace-Anchored Reference,Leave-one-out marginal,2,42,1.7499875142602832,2.306629136542748,0.5566416222824646,-71.29982413334437,-70.00192978879204,-70.00192978879204,-1.2978943445523328,-1.2978943445523328,6,2acbb980472197539a865bdd457b5777669f0ca06cca13f5dfd82a053a2702c2
105,Trace-Anchored Reference,Leave-one-out marginal,3,80,-19.586495084913622,-19.44222740956896,0.14426767534466123,-71.29982413334437,-70.00192978879204,-70.00192978879204,-1.2978943445523328,-1.2978943445523328,6,2acbb980472197539a865bdd457b5777669f0ca06cca13f5dfd82a053a2702c2
105,Trace-Anchored Reference,Leave-one-out marginal,4,116,-78.6986650418803,-78.04589965588669,0.652765385993618,-71.29982413334437,-70.00192978879204,-70.00192978879204,-1.2978943445523328,-1.2978943445523328,6,2acbb980472197539a865bdd457b5777669f0ca06cca13f5dfd82a053a2702c2
105,Trace-Anchored Reference,Exact Shapley net value,1,15,25.179568140120864,25.179568140120864,0.0,-70.00192978879204,-70.00192978879204,-70.00192978879204,0.0,0.0,6,2acbb980472197539a865bdd457b5777669f0ca06cca13f5dfd82a053a2702c2
105,Trace-Anchored Reference,Exact Shapley net value,2,42,2.306629136542748,2.306629136542748,0.0,-70.00192978879204,-70.00192978879204,-70.00192978879204,0.0,0.0,6,2acbb980472197539a865bdd457b5777669f0ca06cca13f5dfd82a053a2702c2
105,Trace-Anchored Reference,Exact Shapley net value,3,80,-19.44222740956896,-19.44222740956896,0.0,-70.00192978879204,-70.00192978879204,-70.00192978879204,0.0,0.0,6,2acbb980472197539a865bdd457b5777669f0ca06cca13f5dfd82a053a2702c2
105,Trace-Anchored Reference,Exact Shapley net value,4,116,-78.04589965588669,-78.04589965588669,0.0,-70.00192978879204,-70.00192978879204,-70.00192978879204,0.0,0.0,6,2acbb980472197539a865bdd457b5777669f0ca06cca13f5dfd82a053a2702c2
105,Risk-Constrained Convex Verifier,Nodal signed linear,1,15,1.9991922361536516,25.179568140120864,23.180375903967214,-0.5171610249248237,-0.5171610249235528,-70.00192978879204,-1.2709833185908792e-12,69.48476876386722,6,2acbb980472197539a865bdd457b5777669f0ca06cca13f5dfd82a053a2702c2
105,Risk-Constrained Convex Verifier,Nodal signed linear,2,42,-2.273784819969004,2.306629136542748,4.580413956511752,-0.5171610249248237,-0.5171610249235528,-70.00192978879204,-1.2709833185908792e-12,69.48476876386722,6,2acbb980472197539a865bdd457b5777669f0ca06cca13f5dfd82a053a2702c2
105,Risk-Constrained Convex Verifier,Nodal signed linear,3,80,-0.03133203017185204,-19.44222740956896,19.410895379397108,-0.5171610249248237,-0.5171610249235528,-70.00192978879204,-1.2709833185908792e-12,69.48476876386722,6,2acbb980472197539a865bdd457b5777669f0ca06cca13f5dfd82a053a2702c2
105,Risk-Constrained Convex Verifier,Nodal signed linear,4,116,-0.21123641093761947,-78.04589965588669,77.83466324494907,-0.5171610249248237,-0.5171610249235528,-70.00192978879204,-1.2709833185908792e-12,69.48476876386722,6,2acbb980472197539a865bdd457b5777669f0ca06cca13f5dfd82a053a2702c2
105,Risk-Constrained Convex Verifier,Standalone avoided cost,1,15,1.9991922361514298,25.179568140120864,23.180375903969434,-0.5171610249271907,-0.5171610249235528,-70.00192978879204,-3.637978807091713e-12,69.48476876386485,6,2acbb980472197539a865bdd457b5777669f0ca06cca13f5dfd82a053a2702c2
105,Risk-Constrained Convex Verifier,Standalone avoided cost,2,42,-2.2737848199722066,2.306629136542748,4.580413956514954,-0.5171610249271907,-0.5171610249235528,-70.00192978879204,-3.637978807091713e-12,69.48476876386485,6,2acbb980472197539a865bdd457b5777669f0ca06cca13f5dfd82a053a2702c2
105,Risk-Constrained Convex Verifier,Standalone avoided cost,3,80,-0.03133203016477637,-19.44222740956896,19.410895379404185,-0.5171610249271907,-0.5171610249235528,-70.00192978879204,-3.637978807091713e-12,69.48476876386485,6,2acbb980472197539a865bdd457b5777669f0ca06cca13f5dfd82a053a2702c2
105,Risk-Constrained Convex Verifier,Standalone avoided cost,4,116,-0.2112364109416376,-78.04589965588669,77.83466324494505,-0.5171610249271907,-0.5171610249235528,-70.00192978879204,-3.637978807091713e-12,69.48476876386485,6,2acbb980472197539a865bdd457b5777669f0ca06cca13f5dfd82a053a2702c2
105,Risk-Constrained Convex Verifier,Leave-one-out marginal,1,15,1.9991922361587058,25.179568140120864,23.180375903962158,-0.5171610249162768,-0.5171610249235528,-70.00192978879204,7.275957614183426e-12,69.48476876387576,6,2acbb980472197539a865bdd457b5777669f0ca06cca13f5dfd82a053a2702c2
105,Risk-Constrained Convex Verifier,Leave-one-out marginal,2,42,-2.2737848199649306,2.306629136542748,4.5804139565076785,-0.5171610249162768,-0.5171610249235528,-70.00192978879204,7.275957614183426e-12,69.48476876387576,6,2acbb980472197539a865bdd457b5777669f0ca06cca13f5dfd82a053a2702c2
105,Risk-Constrained Convex Verifier,Leave-one-out marginal,3,80,-0.03133203017205233,-19.44222740956896,19.41089537939691,-0.5171610249162768,-0.5171610249235528,-70.00192978879204,7.275957614183426e-12,69.48476876387576,6,2acbb980472197539a865bdd457b5777669f0ca06cca13f5dfd82a053a2702c2
105,Risk-Constrained Convex Verifier,Leave-one-out marginal,4,116,-0.2112364109379996,-78.04589965588669,77.83466324494869,-0.5171610249162768,-0.5171610249235528,-70.00192978879204,7.275957614183426e-12,69.48476876387576,6,2acbb980472197539a865bdd457b5777669f0ca06cca13f5dfd82a053a2702c2
105,Risk-Constrained Convex Verifier,Exact Shapley net value,1,15,1.9991922361544614,25.179568140120864,23.180375903966404,-0.517161024923553,-0.5171610249235528,-70.00192978879204,-2.220446049250313e-16,69.48476876386849,6,2acbb980472197539a865bdd457b5777669f0ca06cca13f5dfd82a053a2702c2
105,Risk-Constrained Convex Verifier,Exact Shapley net value,2,42,-2.2737848199685695,2.306629136542748,4.580413956511317,-0.517161024923553,-0.5171610249235528,-70.00192978879204,-2.220446049250313e-16,69.48476876386849,6,2acbb980472197539a865bdd457b5777669f0ca06cca13f5dfd82a053a2702c2
105,Risk-Constrained Convex Verifier,Exact Shapley net value,3,80,-0.03133203016962627,-19.44222740956896,19.410895379399335,-0.517161024923553,-0.5171610249235528,-70.00192978879204,-2.220446049250313e-16,69.48476876386849,6,2acbb980472197539a865bdd457b5777669f0ca06cca13f5dfd82a053a2702c2
105,Risk-Constrained Convex Verifier,Exact Shapley net value,4,116,-0.2112364109398186,-78.04589965588669,77.83466324494687,-0.517161024923553,-0.5171610249235528,-70.00192978879204,-2.220446049250313e-16,69.48476876386849,6,2acbb980472197539a865bdd457b5777669f0ca06cca13f5dfd82a053a2702c2
106,Trace-Anchored Reference,Nodal signed linear,1,15,44.54382650620883,44.54382650621029,1.4566126083082054e-12,94.3024249969776,94.30242499698215,94.30242499698215,-4.547473508864641e-12,-4.547473508864641e-12,6,2acbb980472197539a865bdd457b5777669f0ca06cca13f5dfd82a053a2702c2
106,Trace-Anchored Reference,Nodal signed linear,2,42,30.45304191187067,30.4530419118646,6.071587677070056e-12,94.3024249969776,94.30242499698215,94.30242499698215,-4.547473508864641e-12,-4.547473508864641e-12,6,2acbb980472197539a865bdd457b5777669f0ca06cca13f5dfd82a053a2702c2
106,Trace-Anchored Reference,Nodal signed linear,3,80,17.26350012348231,17.263500123485755,3.446132268436486e-12,94.3024249969776,94.30242499698215,94.30242499698215,-4.547473508864641e-12,-4.547473508864641e-12,6,2acbb980472197539a865bdd457b5777669f0ca06cca13f5dfd82a053a2702c2
106,Trace-Anchored Reference,Nodal signed linear,4,116,2.0420564554158096,2.042056455421513,5.703437722104354e-12,94.3024249969776,94.30242499698215,94.30242499698215,-4.547473508864641e-12,-4.547473508864641e-12,6,2acbb980472197539a865bdd457b5777669f0ca06cca13f5dfd82a053a2702c2
106,Trace-Anchored Reference,Standalone avoided cost,1,15,44.543826506203914,44.54382650621029,6.373568339768099e-12,94.3024249969676,94.30242499698215,94.30242499698215,-1.4551915228366852e-11,-1.4551915228366852e-11,6,2acbb980472197539a865bdd457b5777669f0ca06cca13f5dfd82a053a2702c2
106,Trace-Anchored Reference,Standalone avoided cost,2,42,30.453041911860055,30.4530419118646,4.543920795185841e-12,94.3024249969676,94.30242499698215,94.30242499698215,-1.4551915228366852e-11,-1.4551915228366852e-11,6,2acbb980472197539a865bdd457b5777669f0ca06cca13f5dfd82a053a2702c2
106,Trace-Anchored Reference,Standalone avoided cost,3,80,17.263500123488484,17.263500123485755,2.7284841053187847e-12,94.3024249969676,94.30242499698215,94.30242499698215,-1.4551915228366852e-11,-1.4551915228366852e-11,6,2acbb980472197539a865bdd457b5777669f0ca06cca13f5dfd82a053a2702c2
106,Trace-Anchored Reference,Standalone avoided cost,4,116,2.0420564554151497,2.042056455421513,6.363354287941547e-12,94.3024249969676,94.30242499698215,94.30242499698215,-1.4551915228366852e-11,-1.4551915228366852e-11,6,2acbb980472197539a865bdd457b5777669f0ca06cca13f5dfd82a053a2702c2
106,Trace-Anchored Reference,Leave-one-out marginal,1,15,44.54382650621483,44.54382650621029,4.54036808150704e-12,94.30242499700398,94.30242499698215,94.30242499698215,2.1827872842550278e-11,2.1827872842550278e-11,6,2acbb980472197539a865bdd457b5777669f0ca06cca13f5dfd82a053a2702c2
106,Trace-Anchored Reference,Leave-one-out marginal,2,42,30.45304191187097,30.4530419118646,6.370015626089298e-12,94.30242499700398,94.30242499698215,94.30242499698215,2.1827872842550278e-11,2.1827872842550278e-11,6,2acbb980472197539a865bdd457b5777669f0ca06cca13f5dfd82a053a2702c2
106,Trace-Anchored Reference,Leave-one-out marginal,3,80,17.263500123488484,17.263500123485755,2.7284841053187847e-12,94.30242499700398,94.30242499698215,94.30242499698215,2.1827872842550278e-11,2.1827872842550278e-11,6,2acbb980472197539a865bdd457b5777669f0ca06cca13f5dfd82a053a2702c2
106,Trace-Anchored Reference,Leave-one-out marginal,4,116,2.0420564554297016,2.042056455421513,8.188560940425305e-12,94.30242499700398,94.30242499698215,94.30242499698215,2.1827872842550278e-11,2.1827872842550278e-11,6,2acbb980472197539a865bdd457b5777669f0ca06cca13f5dfd82a053a2702c2
106,Trace-Anchored Reference,Exact Shapley net value,1,15,44.54382650621029,44.54382650621029,0.0,94.30242499698215,94.30242499698215,94.30242499698215,0.0,0.0,6,2acbb980472197539a865bdd457b5777669f0ca06cca13f5dfd82a053a2702c2
106,Trace-Anchored Reference,Exact Shapley net value,2,42,30.4530419118646,30.4530419118646,0.0,94.30242499698215,94.30242499698215,94.30242499698215,0.0,0.0,6,2acbb980472197539a865bdd457b5777669f0ca06cca13f5dfd82a053a2702c2
106,Trace-Anchored Reference,Exact Shapley net value,3,80,17.263500123485755,17.263500123485755,0.0,94.30242499698215,94.30242499698215,94.30242499698215,0.0,0.0,6,2acbb980472197539a865bdd457b5777669f0ca06cca13f5dfd82a053a2702c2
106,Trace-Anchored Reference,Exact Shapley net value,4,116,2.042056455421513,2.042056455421513,0.0,94.30242499698215,94.30242499698215,94.30242499698215,0.0,0.0,6,2acbb980472197539a865bdd457b5777669f0ca06cca13f5dfd82a053a2702c2
106,Risk-Constrained Convex Verifier,Nodal signed linear,1,15,3.451674910761943,44.54382650621029,41.09215159544834,-0.012128228795328155,-0.012128228787332773,94.30242499698215,-7.995382134140527e-12,-94.31455322577749,6,2acbb980472197539a865bdd457b5777669f0ca06cca13f5dfd82a053a2702c2
106,Risk-Constrained Convex Verifier,Nodal signed linear,2,42,-3.463803139557271,30.4530419118646,33.91684505142187,-0.012128228795328155,-0.012128228787332773,94.30242499698215,-7.995382134140527e-12,-94.31455322577749,6,2acbb980472197539a865bdd457b5777669f0ca06cca13f5dfd82a053a2702c2
106,Risk-Constrained Convex Verifier,Nodal signed linear,3,80,0.0,17.263500123485755,17.263500123485755,-0.012128228795328155,-0.012128228787332773,94.30242499698215,-7.995382134140527e-12,-94.31455322577749,6,2acbb980472197539a865bdd457b5777669f0ca06cca13f5dfd82a053a2702c2
106,Risk-Constrained Convex Verifier,Nodal signed linear,4,116,0.0,2.042056455421513,2.042056455421513,-0.012128228795328155,-0.012128228787332773,94.30242499698215,-7.995382134140527e-12,-94.31455322577749,6,2acbb980472197539a865bdd457b5777669f0ca06cca13f5dfd82a053a2702c2
106,Risk-Constrained Convex Verifier,Standalone avoided cost,1,15,3.451674910771544,44.54382650621029,41.09215159543874,-0.012128228776418837,-0.012128228787332773,94.30242499698215,1.0913936421275139e-11,-94.31455322575857,6,2acbb980472197539a865bdd457b5777669f0ca06cca13f5dfd82a053a2702c2
106,Risk-Constrained Convex Verifier,Standalone avoided cost,2,42,-3.463803139558877,30.4530419118646,33.91684505142348,-0.012128228776418837,-0.012128228787332773,94.30242499698215,1.0913936421275139e-11,-94.31455322575857,6,2acbb980472197539a865bdd457b5777669f0ca06cca13f5dfd82a053a2702c2
106,Risk-Constrained Convex Verifier,Standalone avoided cost,3,80,7.275957614183426e-12,17.263500123485755,17.26350012347848,-0.012128228776418837,-0.012128228787332773,94.30242499698215,1.0913936421275139e-11,-94.31455322575857,6,2acbb980472197539a865bdd457b5777669f0ca06cca13f5dfd82a053a2702c2
106,Risk-Constrained Convex Verifier,Standalone avoided cost,4,116,3.637978807091713e-12,2.042056455421513,2.042056455417875,-0.012128228776418837,-0.012128228787332773,94.30242499698215,1.0913936421275139e-11,-94.31455322575857,6,2acbb980472197539a865bdd457b5777669f0ca06cca13f5dfd82a053a2702c2
106,Risk-Constrained Convex Verifier,Leave-one-out marginal,1,15,3.451674910771544,44.54382650621029,41.09215159543874,-0.01212822876914288,-0.012128228787332773,94.30242499698215,1.8189894035458565e-11,-94.3145532257513,6,2acbb980472197539a865bdd457b5777669f0ca06cca13f5dfd82a053a2702c2
106,Risk-Constrained Convex Verifier,Leave-one-out marginal,2,42,-3.463803139551601,30.4530419118646,33.9168450514162,-0.01212822876914288,-0.012128228787332773,94.30242499698215,1.8189894035458565e-11,-94.3145532257513,6,2acbb980472197539a865bdd457b5777669f0ca06cca13f5dfd82a053a2702c2
106,Risk-Constrained Convex Verifier,Leave-one-out marginal,3,80,7.275957614183426e-12,17.263500123485755,17.26350012347848,-0.01212822876914288,-0.012128228787332773,94.30242499698215,1.8189894035458565e-11,-94.3145532257513,6,2acbb980472197539a865bdd457b5777669f0ca06cca13f5dfd82a053a2702c2
106,Risk-Constrained Convex Verifier,Leave-one-out marginal,4,116,3.637978807091713e-12,2.042056455421513,2.042056455417875,-0.01212822876914288,-0.012128228787332773,94.30242499698215,1.8189894035458565e-11,-94.3145532257513,6,2acbb980472197539a865bdd457b5777669f0ca06cca13f5dfd82a053a2702c2
106,Risk-Constrained Convex Verifier,Exact Shapley net value,1,15,3.4516749107666933,44.54382650621029,41.092151595443596,-0.012128228787333217,-0.012128228787332773,94.30242499698215,-4.440892098500626e-16,-94.31455322576949,6,2acbb980472197539a865bdd457b5777669f0ca06cca13f5dfd82a053a2702c2
106,Risk-Constrained Convex Verifier,Exact Shapley net value,2,42,-3.4638031395600897,30.4530419118646,33.91684505142469,-0.012128228787333217,-0.012128228787332773,94.30242499698215,-4.440892098500626e-16,-94.31455322576949,6,2acbb980472197539a865bdd457b5777669f0ca06cca13f5dfd82a053a2702c2
106,Risk-Constrained Convex Verifier,Exact Shapley net value,3,80,2.425615264201042e-12,17.263500123485755,17.26350012348333,-0.012128228787333217,-0.012128228787332773,94.30242499698215,-4.440892098500626e-16,-94.31455322576949,6,2acbb980472197539a865bdd457b5777669f0ca06cca13f5dfd82a053a2702c2
106,Risk-Constrained Convex Verifier,Exact Shapley net value,4,116,3.637534717881863e-12,2.042056455421513,2.0420564554178755,-0.012128228787333217,-0.012128228787332773,94.30242499698215,-4.440892098500626e-16,-94.31455322576949,6,2acbb980472197539a865bdd457b5777669f0ca06cca13f5dfd82a053a2702c2
107,Trace-Anchored Reference,Nodal signed linear,1,15,63.27095509736766,63.27095509736773,7.105427357601002e-14,95.60848057331295,95.60848057331532,95.60848057331533,-2.3732127374387346e-12,-2.3874235921539366e-12,6,2acbb980472197539a865bdd457b5777669f0ca06cca13f5dfd82a053a2702c2
107,Trace-Anchored Reference,Nodal signed linear,2,42,-38.80427308331866,-38.804273083320666,2.0037305148434825e-12,95.60848057331295,95.60848057331532,95.60848057331533,-2.3732127374387346e-12,-2.3874235921539366e-12,6,2acbb980472197539a865bdd457b5777669f0ca06cca13f5dfd82a053a2702c2
107,Trace-Anchored Reference,Nodal signed linear,3,80,10.08264611908733,10.082646119088484,1.1528555887707626e-12,95.60848057331295,95.60848057331532,95.60848057331533,-2.3732127374387346e-12,-2.3874235921539366e-12,6,2acbb980472197539a865bdd457b5777669f0ca06cca13f5dfd82a053a2702c2
107,Trace-Anchored Reference,Nodal signed linear,4,116,61.05915244017662,61.05915244017979,3.169020601490047e-12,95.60848057331295,95.60848057331532,95.60848057331533,-2.3732127374387346e-12,-2.3874235921539366e-12,6,2acbb980472197539a865bdd457b5777669f0ca06cca13f5dfd82a053a2702c2
107,Trace-Anchored Reference,Standalone avoided cost,1,15,63.2709550973741,63.27095509736773,6.366462912410498e-12,95.60848057334442,95.60848057331532,95.60848057331533,2.9103830456733704e-11,2.90896196020185e-11,6,2acbb980472197539a865bdd457b5777669f0ca06cca13f5dfd82a053a2702c2
107,Trace-Anchored Reference,Standalone avoided cost,2,42,-38.80427308332219,-38.804273083320666,1.5205614545266144e-12,95.60848057334442,95.60848057331532,95.60848057331533,2.9103830456733704e-11,2.90896196020185e-11,6,2acbb980472197539a865bdd457b5777669f0ca06cca13f5dfd82a053a2702c2
107,Trace-Anchored Reference,Standalone avoided cost,3,80,10.082646119099081,10.082646119088484,1.0597744903861894e-11,95.60848057334442,95.60848057331532,95.60848057331533,2.9103830456733704e-11,2.90896196020185e-11,6,2acbb980472197539a865bdd457b5777669f0ca06cca13f5dfd82a053a2702c2
107,Trace-Anchored Reference,Standalone avoided cost,4,116,61.05915244019343,61.05915244017979,1.3642420526593924e-11,95.60848057334442,95.60848057331532,95.60848057331533,2.9103830456733704e-11,2.90896196020185e-11,6,2acbb980472197539a865bdd457b5777669f0ca06cca13f5dfd82a053a2702c2
107,Trace-Anchored Reference,Leave-one-out marginal,1,15,63.27095509736682,63.27095509736773,9.094947017729282e-13,95.60848057331896,95.60848057331532,95.60848057331533,3.637978807091713e-12,3.623767952376511e-12,6,2acbb980472197539a865bdd457b5777669f0ca06cca13f5dfd82a053a2702c2
107,Trace-Anchored Reference,Leave-one-out marginal,2,42,-38.80427308331491,-38.804273083320666,5.7553961596568115e-12,95.60848057331896,95.60848057331532,95.60848057331533,3.637978807091713e-12,3.623767952376511e-12,6,2acbb980472197539a865bdd457b5777669f0ca06cca13f5dfd82a053a2702c2
107,Trace-Anchored Reference,Leave-one-out marginal,3,80,10.082646119088167,10.082646119088484,3.161915174132446e-13,95.60848057331896,95.60848057331532,95.60848057331533,3.637978807091713e-12,3.623767952376511e-12,6,2acbb980472197539a865bdd457b5777669f0ca06cca13f5dfd82a053a2702c2
107,Trace-Anchored Reference,Leave-one-out marginal,4,116,61.05915244017888,61.05915244017979,9.094947017729282e-13,95.60848057331896,95.60848057331532,95.60848057331533,3.637978807091713e-12,3.623767952376511e-12,6,2acbb980472197539a865bdd457b5777669f0ca06cca13f5dfd82a053a2702c2
107,Trace-Anchored Reference,Exact Shapley net value,1,15,63.27095509736773,63.27095509736773,0.0,95.60848057331533,95.60848057331532,95.60848057331533,1.4210854715202004e-14,0.0,6,2acbb980472197539a865bdd457b5777669f0ca06cca13f5dfd82a053a2702c2
107,Trace-Anchored Reference,Exact Shapley net value,2,42,-38.804273083320666,-38.804273083320666,0.0,95.60848057331533,95.60848057331532,95.60848057331533,1.4210854715202004e-14,0.0,6,2acbb980472197539a865bdd457b5777669f0ca06cca13f5dfd82a053a2702c2
107,Trace-Anchored Reference,Exact Shapley net value,3,80,10.082646119088484,10.082646119088484,0.0,95.60848057331533,95.60848057331532,95.60848057331533,1.4210854715202004e-14,0.0,6,2acbb980472197539a865bdd457b5777669f0ca06cca13f5dfd82a053a2702c2
107,Trace-Anchored Reference,Exact Shapley net value,4,116,61.05915244017979,61.05915244017979,0.0,95.60848057331533,95.60848057331532,95.60848057331533,1.4210854715202004e-14,0.0,6,2acbb980472197539a865bdd457b5777669f0ca06cca13f5dfd82a053a2702c2
107,Risk-Constrained Convex Verifier,Nodal signed linear,1,15,60.10214052120865,63.27095509736773,3.168814576159079,0.17866253382955843,0.17866253382817376,95.60848057331533,1.3846701563124952e-12,-95.42981803948578,6,2acbb980472197539a865bdd457b5777669f0ca06cca13f5dfd82a053a2702c2
107,Risk-Constrained Convex Verifier,Nodal signed linear,2,42,-59.953326938998714,-38.804273083320666,21.149053855678048,0.17866253382955843,0.17866253382817376,95.60848057331533,1.3846701563124952e-12,-95.42981803948578,6,2acbb980472197539a865bdd457b5777669f0ca06cca13f5dfd82a053a2702c2
107,Risk-Constrained Convex Verifier,Nodal signed linear,3,80,-7.549516567451064e-14,10.082646119088484,10.082646119088558,0.17866253382955843,0.17866253382817376,95.60848057331533,1.3846701563124952e-12,-95.42981803948578,6,2acbb980472197539a865bdd457b5777669f0ca06cca13f5dfd82a053a2702c2
107,Risk-Constrained Convex Verifier,Nodal signed linear,4,116,0.029848951619694475,61.05915244017979,61.02930348856009,0.17866253382955843,0.17866253382817376,95.60848057331533,1.3846701563124952e-12,-95.42981803948578,6,2acbb980472197539a865bdd457b5777669f0ca06cca13f5dfd82a053a2702c2
107,Risk-Constrained Convex Verifier,Standalone avoided cost,1,15,60.10214052120864,63.27095509736773,3.168814576159093,0.17866253383181174,0.17866253382817376,95.60848057331533,3.637978807091713e-12,-95.42981803948352,6,2acbb980472197539a865bdd457b5777669f0ca06cca13f5dfd82a053a2702c2
107,Risk-Constrained Convex Verifier,Standalone avoided cost,2,42,-59.95332693900127,-38.804273083320666,21.149053855680606,0.17866253383181174,0.17866253382817376,95.60848057331533,3.637978807091713e-12,-95.42981803948352,6,2acbb980472197539a865bdd457b5777669f0ca06cca13f5dfd82a053a2702c2
107,Risk-Constrained Convex Verifier,Standalone avoided cost,3,80,7.275957614183426e-12,10.082646119088484,10.082646119081208,0.17866253383181174,0.17866253382817376,95.60848057331533,3.637978807091713e-12,-95.42981803948352,6,2acbb980472197539a865bdd457b5777669f0ca06cca13f5dfd82a053a2702c2
107,Risk-Constrained Convex Verifier,Standalone avoided cost,4,116,0.029848951617168495,61.05915244017979,61.02930348856262,0.17866253383181174,0.17866253382817376,95.60848057331533,3.637978807091713e-12,-95.42981803948352,6,2acbb980472197539a865bdd457b5777669f0ca06cca13f5dfd82a053a2702c2
107,Risk-Constrained Convex Verifier,Leave-one-out marginal,1,15,60.10214052120864,63.27095509736773,3.168814576159093,0.17866253383544972,0.17866253382817376,95.60848057331533,7.275957614183426e-12,-95.42981803947988,6,2acbb980472197539a865bdd457b5777669f0ca06cca13f5dfd82a053a2702c2
107,Risk-Constrained Convex Verifier,Leave-one-out marginal,2,42,-59.953326938997634,-38.804273083320666,21.149053855676968,0.17866253383544972,0.17866253382817376,95.60848057331533,7.275957614183426e-12,-95.42981803947988,6,2acbb980472197539a865bdd457b5777669f0ca06cca13f5dfd82a053a2702c2
107,Risk-Constrained Convex Verifier,Leave-one-out marginal,3,80,0.0,10.082646119088484,10.082646119088484,0.17866253383544972,0.17866253382817376,95.60848057331533,7.275957614183426e-12,-95.42981803947988,6,2acbb980472197539a865bdd457b5777669f0ca06cca13f5dfd82a053a2702c2
107,Risk-Constrained Convex Verifier,Leave-one-out marginal,4,116,0.029848951624444453,61.05915244017979,61.02930348855534,0.17866253383544972,0.17866253382817376,95.60848057331533,7.275957614183426e-12,-95.42981803947988,6,2acbb980472197539a865bdd457b5777669f0ca06cca13f5dfd82a053a2702c2
107,Risk-Constrained Convex Verifier,Exact Shapley net value,1,15,60.10214052120591,63.27095509736773,3.1688145761618216,0.17866253382816932,0.17866253382817376,95.60848057331533,-4.440892098500626e-15,-95.42981803948716,6,2acbb980472197539a865bdd457b5777669f0ca06cca13f5dfd82a053a2702c2
107,Risk-Constrained Convex Verifier,Exact Shapley net value,2,42,-59.95332693900097,-38.804273083320666,21.149053855680307,0.17866253382816932,0.17866253382817376,95.60848057331533,-4.440892098500626e-15,-95.42981803948716,6,2acbb980472197539a865bdd457b5777669f0ca06cca13f5dfd82a053a2702c2
107,Risk-Constrained Convex Verifier,Exact Shapley net value,3,80,2.121858244663599e-12,10.082646119088484,10.082646119086363,0.17866253382816932,0.17866253382817376,95.60848057331533,-4.440892098500626e-15,-95.42981803948716,6,2acbb980472197539a865bdd457b5777669f0ca06cca13f5dfd82a053a2702c2
107,Risk-Constrained Convex Verifier,Exact Shapley net value,4,116,0.02984895162111023,61.05915244017979,61.029303488558675,0.17866253382816932,0.17866253382817376,95.60848057331533,-4.440892098500626e-15,-95.42981803948716,6,2acbb980472197539a865bdd457b5777669f0ca06cca13f5dfd82a053a2702c2
108,Trace-Anchored Reference,Nodal signed linear,1,15,74.18595433242723,74.18595433242172,5.5138116294983774e-12,316.8047664833005,316.80476648327385,316.80476648327385,2.665956344571896e-11,2.665956344571896e-11,6,2acbb980472197539a865bdd457b5777669f0ca06cca13f5dfd82a053a2702c2
108,Trace-Anchored Reference,Nodal signed linear,2,42,56.37657396816603,56.376573968153934,1.2093437362636905e-11,316.8047664833005,316.80476648327385,316.80476648327385,2.665956344571896e-11,2.665956344571896e-11,6,2acbb980472197539a865bdd457b5777669f0ca06cca13f5dfd82a053a2702c2
108,Trace-Anchored Reference,Nodal signed linear,3,80,126.39261157987673,126.39261157986917,7.560174708487466e-12,316.8047664833005,316.80476648327385,316.80476648327385,2.665956344571896e-11,2.665956344571896e-11,6,2acbb980472197539a865bdd457b5777669f0ca06cca13f5dfd82a053a2702c2
108,Trace-Anchored Reference,Nodal signed linear,4,116,59.84962660283047,59.84962660282902,1.4495071809506044e-12,316.8047664833005,316.80476648327385,316.80476648327385,2.665956344571896e-11,2.665956344571896e-11,6,2acbb980472197539a865bdd457b5777669f0ca06cca13f5dfd82a053a2702c2
108,Trace-Anchored Reference,Standalone avoided cost,1,15,74.1859543324208,74.18595433242172,9.094947017729282e-13,316.80476648326294,316.80476648327385,316.80476648327385,-1.0913936421275139e-11,-1.0913936421275139e-11,6,2acbb980472197539a865bdd457b5777669f0ca06cca13f5dfd82a053a2702c2
108,Trace-Anchored Reference,Standalone avoided cost,2,42,56.376573968154844,56.376573968153934,9.094947017729282e-13,316.80476648326294,316.80476648327385,316.80476648327385,-1.0913936421275139e-11,-1.0913936421275139e-11,6,2acbb980472197539a865bdd457b5777669f0ca06cca13f5dfd82a053a2702c2
108,Trace-Anchored Reference,Standalone avoided cost,3,80,126.39261157986039,126.39261157986917,8.782308213994838e-12,316.80476648326294,316.80476648327385,316.80476648327385,-1.0913936421275139e-11,-1.0913936421275139e-11,6,2acbb980472197539a865bdd457b5777669f0ca06cca13f5dfd82a053a2702c2
108,Trace-Anchored Reference,Standalone avoided cost,4,116,59.8496266028269,59.84962660282902,2.1174173525650986e-12,316.80476648326294,316.80476648327385,316.80476648327385,-1.0913936421275139e-11,-1.0913936421275139e-11,6,2acbb980472197539a865bdd457b5777669f0ca06cca13f5dfd82a053a2702c2
108,Trace-Anchored Reference,Leave-one-out marginal,1,15,74.18595433241717,74.18595433242172,4.547473508864641e-12,316.8047664832666,316.80476648327385,316.80476648327385,-7.275957614183426e-12,-7.275957614183426e-12,6,2acbb980472197539a865bdd457b5777669f0ca06cca13f5dfd82a053a2702c2
108,Trace-Anchored Reference,Leave-one-out marginal,2,42,56.37657396814757,56.376573968153934,6.366462912410498e-12,316.8047664832666,316.80476648327385,316.80476648327385,-7.275957614183426e-12,-7.275957614183426e-12,6,2acbb980472197539a865bdd457b5777669f0ca06cca13f5dfd82a053a2702c2
108,Trace-Anchored Reference,Leave-one-out marginal,3,80,126.39261157987494,126.39261157986917,5.7696070143720135e-12,316.8047664832666,316.80476648327385,316.80476648327385,-7.275957614183426e-12,-7.275957614183426e-12,6,2acbb980472197539a865bdd457b5777669f0ca06cca13f5dfd82a053a2702c2
108,Trace-Anchored Reference,Leave-one-out marginal,4,116,59.8496266028269,59.84962660282902,2.1174173525650986e-12,316.8047664832666,316.80476648327385,316.80476648327385,-7.275957614183426e-12,-7.275957614183426e-12,6,2acbb980472197539a865bdd457b5777669f0ca06cca13f5dfd82a053a2702c2
108,Trace-Anchored Reference,Exact Shapley net value,1,15,74.18595433242172,74.18595433242172,0.0,316.8047664832738,316.80476648327385,316.80476648327385,-5.684341886080802e-14,-5.684341886080802e-14,6,2acbb980472197539a865bdd457b5777669f0ca06cca13f5dfd82a053a2702c2
108,Trace-Anchored Reference,Exact Shapley net value,2,42,56.376573968153934,56.376573968153934,0.0,316.8047664832738,316.80476648327385,316.80476648327385,-5.684341886080802e-14,-5.684341886080802e-14,6,2acbb980472197539a865bdd457b5777669f0ca06cca13f5dfd82a053a2702c2
108,Trace-Anchored Reference,Exact Shapley net value,3,80,126.39261157986917,126.39261157986917,0.0,316.8047664832738,316.80476648327385,316.80476648327385,-5.684341886080802e-14,-5.684341886080802e-14,6,2acbb980472197539a865bdd457b5777669f0ca06cca13f5dfd82a053a2702c2
108,Trace-Anchored Reference,Exact Shapley net value,4,116,59.84962660282902,59.84962660282902,0.0,316.8047664832738,316.80476648327385,316.80476648327385,-5.684341886080802e-14,-5.684341886080802e-14,6,2acbb980472197539a865bdd457b5777669f0ca06cca13f5dfd82a053a2702c2
108,Risk-Constrained Convex Verifier,Nodal signed linear,1,15,9.574018258408088,74.18595433242172,64.61193607401363,-0.01343973337413118,-0.013439733385894215,316.80476648327385,1.1763034990508459e-11,-316.818206216648,6,2acbb980472197539a865bdd457b5777669f0ca06cca13f5dfd82a053a2702c2
108,Risk-Constrained Convex Verifier,Nodal signed linear,2,42,-9.58745799178222,56.376573968153934,65.96403195993615,-0.01343973337413118,-0.013439733385894215,316.80476648327385,1.1763034990508459e-11,-316.818206216648,6,2acbb980472197539a865bdd457b5777669f0ca06cca13f5dfd82a053a2702c2
108,Risk-Constrained Convex Verifier,Nodal signed linear,3,80,0.0,126.39261157986917,126.39261157986917,-0.01343973337413118,-0.013439733385894215,316.80476648327385,1.1763034990508459e-11,-316.818206216648,6,2acbb980472197539a865bdd457b5777669f0ca06cca13f5dfd82a053a2702c2
108,Risk-Constrained Convex Verifier,Nodal signed linear,4,116,0.0,59.84962660282902,59.84962660282902,-0.01343973337413118,-0.013439733385894215,316.80476648327385,1.1763034990508459e-11,-316.818206216648,6,2acbb980472197539a865bdd457b5777669f0ca06cca13f5dfd82a053a2702c2
108,Risk-Constrained Convex Verifier,Standalone avoided cost,1,15,9.574018258401338,74.18595433242172,64.61193607402038,-0.013439733382256236,-0.013439733385894215,316.80476648327385,3.637978807091713e-12,-316.8182062166561,6,2acbb980472197539a865bdd457b5777669f0ca06cca13f5dfd82a053a2702c2
108,Risk-Constrained Convex Verifier,Standalone avoided cost,2,42,-9.587457991783594,56.376573968153934,65.96403195993753,-0.013439733382256236,-0.013439733385894215,316.80476648327385,3.637978807091713e-12,-316.8182062166561,6,2acbb980472197539a865bdd457b5777669f0ca06cca13f5dfd82a053a2702c2
108,Risk-Constrained Convex Verifier,Standalone avoided cost,3,80,0.0,126.39261157986917,126.39261157986917,-0.013439733382256236,-0.013439733385894215,316.80476648327385,3.637978807091713e-12,-316.8182062166561,6,2acbb980472197539a865bdd457b5777669f0ca06cca13f5dfd82a053a2702c2
108,Risk-Constrained Convex Verifier,Standalone avoided cost,4,116,0.0,59.84962660282902,59.84962660282902,-0.013439733382256236,-0.013439733385894215,316.80476648327385,3.637978807091713e-12,-316.8182062166561,6,2acbb980472197539a865bdd457b5777669f0ca06cca13f5dfd82a053a2702c2
108,Risk-Constrained Convex Verifier,Leave-one-out marginal,1,15,9.5740182583977,74.18595433242172,64.61193607402402,-0.013439733389532194,-0.013439733385894215,316.80476648327385,-3.637978807091713e-12,-316.8182062166634,6,2acbb980472197539a865bdd457b5777669f0ca06cca13f5dfd82a053a2702c2
108,Risk-Constrained Convex Verifier,Leave-one-out marginal,2,42,-9.587457991787232,56.376573968153934,65.96403195994117,-0.013439733389532194,-0.013439733385894215,316.80476648327385,-3.637978807091713e-12,-316.8182062166634,6,2acbb980472197539a865bdd457b5777669f0ca06cca13f5dfd82a053a2702c2
108,Risk-Constrained Convex Verifier,Leave-one-out marginal,3,80,0.0,126.39261157986917,126.39261157986917,-0.013439733389532194,-0.013439733385894215,316.80476648327385,-3.637978807091713e-12,-316.8182062166634,6,2acbb980472197539a865bdd457b5777669f0ca06cca13f5dfd82a053a2702c2
108,Risk-Constrained Convex Verifier,Leave-one-out marginal,4,116,0.0,59.84962660282902,59.84962660282902,-0.013439733389532194,-0.013439733385894215,316.80476648327385,-3.637978807091713e-12,-316.8182062166634,6,2acbb980472197539a865bdd457b5777669f0ca06cca13f5dfd82a053a2702c2
108,Risk-Constrained Convex Verifier,Exact Shapley net value,1,15,9.57401825839952,74.18595433242172,64.6119360740222,-0.013439733385894215,-0.013439733385894215,316.80476648327385,0.0,-316.81820621665975,6,2acbb980472197539a865bdd457b5777669f0ca06cca13f5dfd82a053a2702c2
108,Risk-Constrained Convex Verifier,Exact Shapley net value,2,42,-9.587457991785413,56.376573968153934,65.96403195993935,-0.013439733385894215,-0.013439733385894215,316.80476648327385,0.0,-316.81820621665975,6,2acbb980472197539a865bdd457b5777669f0ca06cca13f5dfd82a053a2702c2
108,Risk-Constrained Convex Verifier,Exact Shapley net value,3,80,0.0,126.39261157986917,126.39261157986917,-0.013439733385894215,-0.013439733385894215,316.80476648327385,0.0,-316.81820621665975,6,2acbb980472197539a865bdd457b5777669f0ca06cca13f5dfd82a053a2702c2
108,Risk-Constrained Convex Verifier,Exact Shapley net value,4,116,0.0,59.84962660282902,59.84962660282902,-0.013439733385894215,-0.013439733385894215,316.80476648327385,0.0,-316.81820621665975,6,2acbb980472197539a865bdd457b5777669f0ca06cca13f5dfd82a053a2702c2
109,Trace-Anchored Reference,Nodal signed linear,1,15,113.18998310984367,112.63828028423268,0.5517028256109882,-94.49929803415395,-103.39012845360412,-103.39012845360412,8.890830419450168,8.890830419450168,6,2acbb980472197539a865bdd457b5777669f0ca06cca13f5dfd82a053a2702c2
109,Trace-Anchored Reference,Nodal signed linear,2,42,-189.93240461362439,-196.1562976774961,6.223893063871714,-94.49929803415395,-103.39012845360412,-103.39012845360412,8.890830419450168,8.890830419450168,6,2acbb980472197539a865bdd457b5777669f0ca06cca13f5dfd82a053a2702c2
109,Trace-Anchored Reference,Nodal signed linear,3,80,-69.59994200465968,-71.01078856776562,1.4108465631059346,-94.49929803415395,-103.39012845360412,-103.39012845360412,8.890830419450168,8.890830419450168,6,2acbb980472197539a865bdd457b5777669f0ca06cca13f5dfd82a053a2702c2
109,Trace-Anchored Reference,Nodal signed linear,4,116,51.84306547428644,51.13867750742488,0.7043879668615602,-94.49929803415395,-103.39012845360412,-103.39012845360412,8.890830419450168,8.890830419450168,6,2acbb980472197539a865bdd457b5777669f0ca06cca13f5dfd82a053a2702c2
109,Trace-Anchored Reference,Standalone avoided cost,1,15,112.56732494145399,112.63828028423268,0.07095534277868865,-100.16207279365699,-103.39012845360412,-103.39012845360412,3.228055659947131,3.228055659947131,6,2acbb980472197539a865bdd457b5777669f0ca06cca13f5dfd82a053a2702c2
109,Trace-Anchored Reference,Standalone avoided cost,2,42,-194.68959520295903,-196.1562976774961,1.4667024745370725,-100.16207279365699,-103.39012845360412,-103.39012845360412,3.228055659947131,3.228055659947131,6,2acbb980472197539a865bdd457b5777669f0ca06cca13f5dfd82a053a2702c2
109,Trace-Anchored Reference,Standalone avoided cost,3,80,-69.69879307659357,-71.01078856776562,1.3119954911720413,-100.16207279365699,-103.39012845360412,-103.39012845360412,3.228055659947131,3.228055659947131,6,2acbb980472197539a865bdd457b5777669f0ca06cca13f5dfd82a053a2702c2
109,Trace-Anchored Reference,Standalone avoided cost,4,116,51.65899054444162,51.13867750742488,0.5203130370167415,-100.16207279365699,-103.39012845360412,-103.39012845360412,3.228055659947131,3.228055659947131,6,2acbb980472197539a865bdd457b5777669f0ca06cca13f5dfd82a053a2702c2
109,Trace-Anchored Reference,Leave-one-out marginal,1,15,112.80760497918891,112.63828028423268,0.16932469495623081,-106.22516405050555,-103.39012845360412,-103.39012845360412,-2.8350355969014345,-2.8350355969014345,6,2acbb980472197539a865bdd457b5777669f0ca06cca13f5dfd82a053a2702c2
109,Trace-Anchored Reference,Leave-one-out marginal,2,42,-197.52463079985318,-196.1562976774961,1.368333122357086,-106.22516405050555,-103.39012845360412,-103.39012845360412,-2.8350355969014345,-2.8350355969014345,6,2acbb980472197539a865bdd457b5777669f0ca06cca13f5dfd82a053a2702c2
109,Trace-Anchored Reference,Leave-one-out marginal,3,80,-72.22487205242214,-71.01078856776562,1.214083484656527,-106.22516405050555,-103.39012845360412,-103.39012845360412,-2.8350355969014345,-2.8350355969014345,6,2acbb980472197539a865bdd457b5777669f0ca06cca13f5dfd82a053a2702c2
109,Trace-Anchored Reference,Leave-one-out marginal,4,116,50.71673382258086,51.13867750742488,0.4219436848440168,-106.22516405050555,-103.39012845360412,-103.39012845360412,-2.8350355969014345,-2.8350355969014345,6,2acbb980472197539a865bdd457b5777669f0ca06cca13f5dfd82a053a2702c2
109,Trace-Anchored Reference,Exact Shapley net value,1,15,112.63828028423268,112.63828028423268,0.0,-103.39012845360415,-103.39012845360412,-103.39012845360412,-2.842170943040401e-14,-2.842170943040401e-14,6,2acbb980472197539a865bdd457b5777669f0ca06cca13f5dfd82a053a2702c2
109,Trace-Anchored Reference,Exact Shapley net value,2,42,-196.1562976774961,-196.1562976774961,0.0,-103.39012845360415,-103.39012845360412,-103.39012845360412,-2.842170943040401e-14,-2.842170943040401e-14,6,2acbb980472197539a865bdd457b5777669f0ca06cca13f5dfd82a053a2702c2
109,Trace-Anchored Reference,Exact Shapley net value,3,80,-71.01078856776562,-71.01078856776562,0.0,-103.39012845360415,-103.39012845360412,-103.39012845360412,-2.842170943040401e-14,-2.842170943040401e-14,6,2acbb980472197539a865bdd457b5777669f0ca06cca13f5dfd82a053a2702c2
109,Trace-Anchored Reference,Exact Shapley net value,4,116,51.13867750742488,51.13867750742488,0.0,-103.39012845360415,-103.39012845360412,-103.39012845360412,-2.842170943040401e-14,-2.842170943040401e-14,6,2acbb980472197539a865bdd457b5777669f0ca06cca13f5dfd82a053a2702c2
109,Risk-Constrained Convex Verifier,Nodal signed linear,1,15,193.62934756293197,112.63828028423268,80.99106727869929,-1.5080266178871256,-5.033344057344948,-103.39012845360412,3.5253174394578224,101.882101835717,6,2acbb980472197539a865bdd457b5777669f0ca06cca13f5dfd82a053a2702c2
109,Risk-Constrained Convex Verifier,Nodal signed linear,2,42,-194.9767698110083,-196.1562976774961,1.1795278664878026,-1.5080266178871256,-5.033344057344948,-103.39012845360412,3.5253174394578224,101.882101835717,6,2acbb980472197539a865bdd457b5777669f0ca06cca13f5dfd82a053a2702c2
109,Risk-Constrained Convex Verifier,Nodal signed linear,3,80,-0.08641133649619803,-71.01078856776562,70.92437723126942,-1.5080266178871256,-5.033344057344948,-103.39012845360412,3.5253174394578224,101.882101835717,6,2acbb980472197539a865bdd457b5777669f0ca06cca13f5dfd82a053a2702c2
109,Risk-Constrained Convex Verifier,Nodal signed linear,4,116,-0.07419303331460014,51.13867750742488,51.21287054073948,-1.5080266178871256,-5.033344057344948,-103.39012845360412,3.5253174394578224,101.882101835717,6,2acbb980472197539a865bdd457b5777669f0ca06cca13f5dfd82a053a2702c2
109,Risk-Constrained Convex Verifier,Standalone avoided cost,1,15,192.76858418559277,112.63828028423268,80.1303039013601,-10.045492626370105,-5.033344057344948,-103.39012845360412,-5.0121485690251575,93.34463582723401,6,2acbb980472197539a865bdd457b5777669f0ca06cca13f5dfd82a053a2702c2
109,Risk-Constrained Convex Verifier,Standalone avoided cost,2,42,-202.65347244215445,-196.1562976774961,6.497174764658354,-10.045492626370105,-5.033344057344948,-103.39012845360412,-5.0121485690251575,93.34463582723401,6,2acbb980472197539a865bdd457b5777669f0ca06cca13f5dfd82a053a2702c2
109,Risk-Constrained Convex Verifier,Standalone avoided cost,3,80,-0.08641133649507537,-71.01078856776562,70.92437723127054,-10.045492626370105,-5.033344057344948,-103.39012845360412,-5.0121485690251575,93.34463582723401,6,2acbb980472197539a865bdd457b5777669f0ca06cca13f5dfd82a053a2702c2
109,Risk-Constrained Convex Verifier,Standalone avoided cost,4,116,-0.07419303331334959,51.13867750742488,51.21287054073823,-10.045492626370105,-5.033344057344948,-103.39012845360412,-5.0121485690251575,93.34463582723401,6,2acbb980472197539a865bdd457b5777669f0ca06cca13f5dfd82a053a2702c2
109,Risk-Constrained Convex Verifier,Leave-one-out marginal,1,15,198.20989608271339,112.63828028423268,85.5716157984807,-0.18179985813549138,-5.033344057344948,-103.39012845360412,4.851544199209457,103.20832859546863,6,2acbb980472197539a865bdd457b5777669f0ca06cca13f5dfd82a053a2702c2
109,Risk-Constrained Convex Verifier,Leave-one-out marginal,2,42,-197.80192824293408,-196.1562976774961,1.6456305654379833,-0.18179985813549138,-5.033344057344948,-103.39012845360412,4.851544199209457,103.20832859546863,6,2acbb980472197539a865bdd457b5777669f0ca06cca13f5dfd82a053a2702c2
109,Risk-Constrained Convex Verifier,Leave-one-out marginal,3,80,-0.31731773586943746,-71.01078856776562,70.69347083189618,-0.18179985813549138,-5.033344057344948,-103.39012845360412,4.851544199209457,103.20832859546863,6,2acbb980472197539a865bdd457b5777669f0ca06cca13f5dfd82a053a2702c2
109,Risk-Constrained Convex Verifier,Leave-one-out marginal,4,116,-0.2724499620453571,51.13867750742488,51.41112746947024,-0.18179985813549138,-5.033344057344948,-103.39012845360412,4.851544199209457,103.20832859546863,6,2acbb980472197539a865bdd457b5777669f0ca06cca13f5dfd82a053a2702c2
109,Risk-Constrained Convex Verifier,Exact Shapley net value,1,15,195.52143781402964,112.63828028423268,82.88315752979696,-5.0333440573449355,-5.033344057344948,-103.39012845360412,1.2434497875801753e-14,98.35678439625919,6,2acbb980472197539a865bdd457b5777669f0ca06cca13f5dfd82a053a2702c2
109,Risk-Constrained Convex Verifier,Exact Shapley net value,2,42,-200.19550266266955,-196.1562976774961,4.0392049851734555,-5.0333440573449355,-5.033344057344948,-103.39012845360412,1.2434497875801753e-14,98.35678439625919,6,2acbb980472197539a865bdd457b5777669f0ca06cca13f5dfd82a053a2702c2
109,Risk-Constrained Convex Verifier,Exact Shapley net value,3,80,-0.1928929316718495,-71.01078856776562,70.81789563609377,-5.0333440573449355,-5.033344057344948,-103.39012845360412,1.2434497875801753e-14,98.35678439625919,6,2acbb980472197539a865bdd457b5777669f0ca06cca13f5dfd82a053a2702c2
109,Risk-Constrained Convex Verifier,Exact Shapley net value,4,116,-0.16638627703317077,51.13867750742488,51.30506378445805,-5.0333440573449355,-5.033344057344948,-103.39012845360412,1.2434497875801753e-14,98.35678439625919,6,2acbb980472197539a865bdd457b5777669f0ca06cca13f5dfd82a053a2702c2
110,Trace-Anchored Reference,Nodal signed linear,1,15,66.56759238125198,66.56759238124626,5.7269744502264075e-12,198.39558949422187,198.3955894942119,198.3955894942119,9.976020010071807e-12,9.976020010071807e-12,6,2acbb980472197539a865bdd457b5777669f0ca06cca13f5dfd82a053a2702c2
110,Trace-Anchored Reference,Nodal signed linear,2,42,12.106866692378418,12.106866692385058,6.640021865678136e-12,198.39558949422187,198.3955894942119,198.3955894942119,9.976020010071807e-12,9.976020010071807e-12,6,2acbb980472197539a865bdd457b5777669f0ca06cca13f5dfd82a053a2702c2
110,Trace-Anchored Reference,Nodal signed linear,3,80,75.94136780407057,75.94136780406369,6.87805368215777e-12,198.39558949422187,198.3955894942119,198.3955894942119,9.976020010071807e-12,9.976020010071807e-12,6,2acbb980472197539a865bdd457b5777669f0ca06cca13f5dfd82a053a2702c2
110,Trace-Anchored Reference,Nodal signed linear,4,116,43.77976261652092,43.77976261651686,4.057199021190172e-12,198.39558949422187,198.3955894942119,198.3955894942119,9.976020010071807e-12,9.976020010071807e-12,6,2acbb980472197539a865bdd457b5777669f0ca06cca13f5dfd82a053a2702c2
110,Trace-Anchored Reference,Standalone avoided cost,1,15,66.5675923812596,66.56759238124626,1.3343992577574681e-11,198.39558949423736,198.3955894942119,198.3955894942119,2.546585164964199e-11,2.546585164964199e-11,6,2acbb980472197539a865bdd457b5777669f0ca06cca13f5dfd82a053a2702c2
110,Trace-Anchored Reference,Standalone avoided cost,2,42,12.10686669239658,12.106866692385058,1.1521450460350025e-11,198.39558949423736,198.3955894942119,198.3955894942119,2.546585164964199e-11,2.546585164964199e-11,6,2acbb980472197539a865bdd457b5777669f0ca06cca13f5dfd82a053a2702c2
110,Trace-Anchored Reference,Standalone avoided cost,3,80,75.94136780406188,75.94136780406369,1.8047785488306545e-12,198.39558949423736,198.3955894942119,198.3955894942119,2.546585164964199e-11,2.546585164964199e-11,6,2acbb980472197539a865bdd457b5777669f0ca06cca13f5dfd82a053a2702c2
110,Trace-Anchored Reference,Standalone avoided cost,4,116,43.77976261651929,43.77976261651686,2.4300561562995426e-12,198.39558949423736,198.3955894942119,198.3955894942119,2.546585164964199e-11,2.546585164964199e-11,6,2acbb980472197539a865bdd457b5777669f0ca06cca13f5dfd82a053a2702c2
110,Trace-Anchored Reference,Leave-one-out marginal,1,15,66.56759238123414,66.56759238124626,1.2121859072067309e-11,198.3955894941755,198.3955894942119,198.3955894942119,-3.637978807091713e-11,-3.637978807091713e-11,6,2acbb980472197539a865bdd457b5777669f0ca06cca13f5dfd82a053a2702c2
110,Trace-Anchored Reference,Leave-one-out marginal,2,42,12.106866692367475,12.106866692385058,1.758237999638368e-11,198.3955894941755,198.3955894942119,198.3955894942119,-3.637978807091713e-11,-3.637978807091713e-11,6,2acbb980472197539a865bdd457b5777669f0ca06cca13f5dfd82a053a2702c2
110,Trace-Anchored Reference,Leave-one-out marginal,3,80,75.94136780406188,75.94136780406369,1.8047785488306545e-12,198.3955894941755,198.3955894942119,198.3955894942119,-3.637978807091713e-11,-3.637978807091713e-11,6,2acbb980472197539a865bdd457b5777669f0ca06cca13f5dfd82a053a2702c2
110,Trace-Anchored Reference,Leave-one-out marginal,4,116,43.779762616512016,43.77976261651686,4.845901457883883e-12,198.3955894941755,198.3955894942119,198.3955894942119,-3.637978807091713e-11,-3.637978807091713e-11,6,2acbb980472197539a865bdd457b5777669f0ca06cca13f5dfd82a053a2702c2
110,Trace-Anchored Reference,Exact Shapley net value,1,15,66.56759238124626,66.56759238124626,0.0,198.39558949421183,198.3955894942119,198.3955894942119,-5.684341886080802e-14,-5.684341886080802e-14,6,2acbb980472197539a865bdd457b5777669f0ca06cca13f5dfd82a053a2702c2
110,Trace-Anchored Reference,Exact Shapley net value,2,42,12.106866692385058,12.106866692385058,0.0,198.39558949421183,198.3955894942119,198.3955894942119,-5.684341886080802e-14,-5.684341886080802e-14,6,2acbb980472197539a865bdd457b5777669f0ca06cca13f5dfd82a053a2702c2
110,Trace-Anchored Reference,Exact Shapley net value,3,80,75.94136780406369,75.94136780406369,0.0,198.39558949421183,198.3955894942119,198.3955894942119,-5.684341886080802e-14,-5.684341886080802e-14,6,2acbb980472197539a865bdd457b5777669f0ca06cca13f5dfd82a053a2702c2
110,Trace-Anchored Reference,Exact Shapley net value,4,116,43.77976261651686,43.77976261651686,0.0,198.39558949421183,198.3955894942119,198.3955894942119,-5.684341886080802e-14,-5.684341886080802e-14,6,2acbb980472197539a865bdd457b5777669f0ca06cca13f5dfd82a053a2702c2
110,Risk-Constrained Convex Verifier,Nodal signed linear,1,15,42.28673953508102,66.56759238124626,24.28085284616524,-0.10272887168109646,-0.10272887168684974,198.3955894942119,5.753286735910024e-12,-198.498318365893,6,2acbb980472197539a865bdd457b5777669f0ca06cca13f5dfd82a053a2702c2
110,Risk-Constrained Convex Verifier,Nodal signed linear,2,42,-42.39402069389368,12.106866692385058,54.500887386278734,-0.10272887168109646,-0.10272887168684974,198.3955894942119,5.753286735910024e-12,-198.498318365893,6,2acbb980472197539a865bdd457b5777669f0ca06cca13f5dfd82a053a2702c2
110,Risk-Constrained Convex Verifier,Nodal signed linear,3,80,0.0,75.94136780406369,75.94136780406369,-0.10272887168109646,-0.10272887168684974,198.3955894942119,5.753286735910024e-12,-198.498318365893,6,2acbb980472197539a865bdd457b5777669f0ca06cca13f5dfd82a053a2702c2
110,Risk-Constrained Convex Verifier,Nodal signed linear,4,116,0.004552287131564747,43.77976261651686,43.775210329385295,-0.10272887168109646,-0.10272887168684974,198.3955894942119,5.753286735910024e-12,-198.498318365893,6,2acbb980472197539a865bdd457b5777669f0ca06cca13f5dfd82a053a2702c2
110,Risk-Constrained Convex Verifier,Standalone avoided cost,1,15,42.286739535080414,66.56759238124626,24.280852846165843,-0.10272887168321176,-0.10272887168684974,198.3955894942119,3.637978807091713e-12,-198.4983183658951,6,2acbb980472197539a865bdd457b5777669f0ca06cca13f5dfd82a053a2702c2
110,Risk-Constrained Convex Verifier,Standalone avoided cost,2,42,-42.394020693889615,12.106866692385058,54.50088738627467,-0.10272887168321176,-0.10272887168684974,198.3955894942119,3.637978807091713e-12,-198.4983183658951,6,2acbb980472197539a865bdd457b5777669f0ca06cca13f5dfd82a053a2702c2
110,Risk-Constrained Convex Verifier,Standalone avoided cost,3,80,0.0,75.94136780406369,75.94136780406369,-0.10272887168321176,-0.10272887168684974,198.3955894942119,3.637978807091713e-12,-198.4983183658951,6,2acbb980472197539a865bdd457b5777669f0ca06cca13f5dfd82a053a2702c2
110,Risk-Constrained Convex Verifier,Standalone avoided cost,4,116,0.004552287125989096,43.77976261651686,43.77521032939087,-0.10272887168321176,-0.10272887168684974,198.3955894942119,3.637978807091713e-12,-198.4983183658951,6,2acbb980472197539a865bdd457b5777669f0ca06cca13f5dfd82a053a2702c2
110,Risk-Constrained Convex Verifier,Leave-one-out marginal,1,15,42.28673953506586,66.56759238124626,24.280852846180395,-0.1027288716941257,-0.10272887168684974,198.3955894942119,-7.275957614183426e-12,-198.49831836590602,6,2acbb980472197539a865bdd457b5777669f0ca06cca13f5dfd82a053a2702c2
110,Risk-Constrained Convex Verifier,Leave-one-out marginal,2,42,-42.39402069389325,12.106866692385058,54.50088738627831,-0.1027288716941257,-0.10272887168684974,198.3955894942119,-7.275957614183426e-12,-198.49831836590602,6,2acbb980472197539a865bdd457b5777669f0ca06cca13f5dfd82a053a2702c2
110,Risk-Constrained Convex Verifier,Leave-one-out marginal,3,80,0.0,75.94136780406369,75.94136780406369,-0.1027288716941257,-0.10272887168684974,198.3955894942119,-7.275957614183426e-12,-198.49831836590602,6,2acbb980472197539a865bdd457b5777669f0ca06cca13f5dfd82a053a2702c2
110,Risk-Constrained Convex Verifier,Leave-one-out marginal,4,116,0.004552287133265054,43.77976261651686,43.7752103293836,-0.1027288716941257,-0.10272887168684974,198.3955894942119,-7.275957614183426e-12,-198.49831836590602,6,2acbb980472197539a865bdd457b5777669f0ca06cca13f5dfd82a053a2702c2
110,Risk-Constrained Convex Verifier,Exact Shapley net value,1,15,42.28673953507374,66.56759238124626,24.280852846172515,-0.10272887168684741,-0.10272887168684974,198.3955894942119,2.3314683517128287e-15,-198.49831836589874,6,2acbb980472197539a865bdd457b5777669f0ca06cca13f5dfd82a053a2702c2
110,Risk-Constrained Convex Verifier,Exact Shapley net value,2,42,-42.39402069389082,12.106866692385058,54.50088738627588,-0.10272887168684741,-0.10272887168684974,198.3955894942119,2.3314683517128287e-15,-198.49831836589874,6,2acbb980472197539a865bdd457b5777669f0ca06cca13f5dfd82a053a2702c2
110,Risk-Constrained Convex Verifier,Exact Shapley net value,3,80,0.0,75.94136780406369,75.94136780406369,-0.10272887168684741,-0.10272887168684974,198.3955894942119,2.3314683517128287e-15,-198.49831836589874,6,2acbb980472197539a865bdd457b5777669f0ca06cca13f5dfd82a053a2702c2
110,Risk-Constrained Convex Verifier,Exact Shapley net value,4,116,0.004552287130233368,43.77976261651686,43.77521032938663,-0.10272887168684741,-0.10272887168684974,198.3955894942119,2.3314683517128287e-15,-198.49831836589874,6,2acbb980472197539a865bdd457b5777669f0ca06cca13f5dfd82a053a2702c2
111,Trace-Anchored Reference,Nodal signed linear,1,15,185.09744489717946,185.3904191352379,0.29297423805843437,378.3595006764993,378.05532706051963,378.05532706051963,0.3041736159796642,0.3041736159796642,6,2acbb980472197539a865bdd457b5777669f0ca06cca13f5dfd82a053a2702c2
111,Trace-Anchored Reference,Nodal signed linear,2,42,-28.988174194180854,-28.949864648290706,0.038309545890147234,378.3595006764993,378.05532706051963,378.05532706051963,0.3041736159796642,0.3041736159796642,6,2acbb980472197539a865bdd457b5777669f0ca06cca13f5dfd82a053a2702c2
111,Trace-Anchored Reference,Nodal signed linear,3,80,144.21434001964315,144.30296222671706,0.08862220707391089,378.3595006764993,378.05532706051963,378.05532706051963,0.3041736159796642,0.3041736159796642,6,2acbb980472197539a865bdd457b5777669f0ca06cca13f5dfd82a053a2702c2
111,Trace-Anchored Reference,Nodal signed linear,4,116,78.03588995385753,77.31181034685535,0.7240796070021815,378.3595006764993,378.05532706051963,378.05532706051963,0.3041736159796642,0.3041736159796642,6,2acbb980472197539a865bdd457b5777669f0ca06cca13f5dfd82a053a2702c2
111,Trace-Anchored Reference,Standalone avoided cost,1,15,185.09744489717195,185.3904191352379,0.2929742380659377,377.2155150784638,378.05532706051963,378.05532706051963,-0.839811982055835,-0.839811982055835,6,2acbb980472197539a865bdd457b5777669f0ca06cca13f5dfd82a053a2702c2
111,Trace-Anchored Reference,Standalone avoided cost,2,42,-28.988174194186286,-28.949864648290706,0.03830954589557933,377.2155150784638,378.05532706051963,378.05532706051963,-0.839811982055835,-0.839811982055835,6,2acbb980472197539a865bdd457b5777669f0ca06cca13f5dfd82a053a2702c2
111,Trace-Anchored Reference,Standalone avoided cost,3,80,144.21434001964008,144.30296222671706,0.08862220707698043,377.2155150784638,378.05532706051963,378.05532706051963,-0.839811982055835,-0.839811982055835,6,2acbb980472197539a865bdd457b5777669f0ca06cca13f5dfd82a053a2702c2
111,Trace-Anchored Reference,Standalone avoided cost,4,116,76.89190435583805,77.31181034685535,0.41990599101730197,377.2155150784638,378.05532706051963,378.05532706051963,-0.839811982055835,-0.839811982055835,6,2acbb980472197539a865bdd457b5777669f0ca06cca13f5dfd82a053a2702c2
111,Trace-Anchored Reference,Leave-one-out marginal,1,15,185.6833933733069,185.3904191352379,0.29297423806900724,378.8951390425864,378.05532706051963,378.05532706051963,0.8398119820667489,0.8398119820667489,6,2acbb980472197539a865bdd457b5777669f0ca06cca13f5dfd82a053a2702c2
111,Trace-Anchored Reference,Leave-one-out marginal,2,42,-28.911555102393322,-28.949864648290706,0.03830954589738411,378.8951390425864,378.05532706051963,378.05532706051963,0.8398119820667489,0.8398119820667489,6,2acbb980472197539a865bdd457b5777669f0ca06cca13f5dfd82a053a2702c2
111,Trace-Anchored Reference,Leave-one-out marginal,3,80,144.39158443380074,144.30296222671706,0.08862220708368795,378.8951390425864,378.05532706051963,378.05532706051963,0.8398119820667489,0.8398119820667489,6,2acbb980472197539a865bdd457b5777669f0ca06cca13f5dfd82a053a2702c2
111,Trace-Anchored Reference,Leave-one-out marginal,4,116,77.73171633787206,77.31181034685535,0.4199059910167051,378.8951390425864,378.05532706051963,378.05532706051963,0.8398119820667489,0.8398119820667489,6,2acbb980472197539a865bdd457b5777669f0ca06cca13f5dfd82a053a2702c2
111,Trace-Anchored Reference,Exact Shapley net value,1,15,185.3904191352379,185.3904191352379,0.0,378.0553270605196,378.05532706051963,378.05532706051963,-5.684341886080802e-14,-5.684341886080802e-14,6,2acbb980472197539a865bdd457b5777669f0ca06cca13f5dfd82a053a2702c2
111,Trace-Anchored Reference,Exact Shapley net value,2,42,-28.949864648290706,-28.949864648290706,0.0,378.0553270605196,378.05532706051963,378.05532706051963,-5.684341886080802e-14,-5.684341886080802e-14,6,2acbb980472197539a865bdd457b5777669f0ca06cca13f5dfd82a053a2702c2
111,Trace-Anchored Reference,Exact Shapley net value,3,80,144.30296222671706,144.30296222671706,0.0,378.0553270605196,378.05532706051963,378.05532706051963,-5.684341886080802e-14,-5.684341886080802e-14,6,2acbb980472197539a865bdd457b5777669f0ca06cca13f5dfd82a053a2702c2
111,Trace-Anchored Reference,Exact Shapley net value,4,116,77.31181034685535,77.31181034685535,0.0,378.0553270605196,378.05532706051963,378.05532706051963,-5.684341886080802e-14,-5.684341886080802e-14,6,2acbb980472197539a865bdd457b5777669f0ca06cca13f5dfd82a053a2702c2
111,Risk-Constrained Convex Verifier,Nodal signed linear,1,15,56.88837103208007,185.3904191352379,128.50204810315782,-0.34965723921289404,-0.34965723919231095,378.05532706051963,-2.0583090787340552e-11,-378.4049842997325,6,2acbb980472197539a865bdd457b5777669f0ca06cca13f5dfd82a053a2702c2
111,Risk-Constrained Convex Verifier,Nodal signed linear,2,42,-57.002780668955765,-28.949864648290706,28.05291602066506,-0.34965723921289404,-0.34965723919231095,378.05532706051963,-2.0583090787340552e-11,-378.4049842997325,6,2acbb980472197539a865bdd457b5777669f0ca06cca13f5dfd82a053a2702c2
111,Risk-Constrained Convex Verifier,Nodal signed linear,3,80,1.7186252421197423e-13,144.30296222671706,144.3029622267169,-0.34965723921289404,-0.34965723919231095,378.05532706051963,-2.0583090787340552e-11,-378.4049842997325,6,2acbb980472197539a865bdd457b5777669f0ca06cca13f5dfd82a053a2702c2
111,Risk-Constrained Convex Verifier,Nodal signed linear,4,116,-0.23524760233737396,77.31181034685535,77.54705794919272,-0.34965723921289404,-0.34965723919231095,378.05532706051963,-2.0583090787340552e-11,-378.4049842997325,6,2acbb980472197539a865bdd457b5777669f0ca06cca13f5dfd82a053a2702c2
111,Risk-Constrained Convex Verifier,Standalone avoided cost,1,15,56.79257032791793,185.3904191352379,128.59784880731996,-0.4454579433768231,-0.34965723919231095,378.05532706051963,-0.09580070418451214,-378.50078500389645,6,2acbb980472197539a865bdd457b5777669f0ca06cca13f5dfd82a053a2702c2
111,Risk-Constrained Convex Verifier,Standalone avoided cost,2,42,-57.00278066895771,-28.949864648290706,28.052916020667006,-0.4454579433768231,-0.34965723919231095,378.05532706051963,-0.09580070418451214,-378.50078500389645,6,2acbb980472197539a865bdd457b5777669f0ca06cca13f5dfd82a053a2702c2
111,Risk-Constrained Convex Verifier,Standalone avoided cost,3,80,0.0,144.30296222671706,144.30296222671706,-0.4454579433768231,-0.34965723919231095,378.05532706051963,-0.09580070418451214,-378.50078500389645,6,2acbb980472197539a865bdd457b5777669f0ca06cca13f5dfd82a053a2702c2
111,Risk-Constrained Convex Verifier,Standalone avoided cost,4,116,-0.23524760233704,77.31181034685535,77.54705794919239,-0.4454579433768231,-0.34965723919231095,378.05532706051963,-0.09580070418451214,-378.50078500389645,6,2acbb980472197539a865bdd457b5777669f0ca06cca13f5dfd82a053a2702c2
111,Risk-Constrained Convex Verifier,Leave-one-out marginal,1,15,56.888371032095165,185.3904191352379,128.50204810314273,-0.34965723917412106,-0.34965723919231095,378.05532706051963,1.8189894035458565e-11,-378.40498429969375,6,2acbb980472197539a865bdd457b5777669f0ca06cca13f5dfd82a053a2702c2
111,Risk-Constrained Convex Verifier,Leave-one-out marginal,2,42,-57.00278066893952,-28.949864648290706,28.052916020648816,-0.34965723917412106,-0.34965723919231095,378.05532706051963,1.8189894035458565e-11,-378.40498429969375,6,2acbb980472197539a865bdd457b5777669f0ca06cca13f5dfd82a053a2702c2
111,Risk-Constrained Convex Verifier,Leave-one-out marginal,3,80,0.0,144.30296222671706,144.30296222671706,-0.34965723917412106,-0.34965723919231095,378.05532706051963,1.8189894035458565e-11,-378.40498429969375,6,2acbb980472197539a865bdd457b5777669f0ca06cca13f5dfd82a053a2702c2
111,Risk-Constrained Convex Verifier,Leave-one-out marginal,4,116,-0.23524760232976405,77.31181034685535,77.54705794918512,-0.34965723917412106,-0.34965723919231095,378.05532706051963,1.8189894035458565e-11,-378.40498429969375,6,2acbb980472197539a865bdd457b5777669f0ca06cca13f5dfd82a053a2702c2
111,Risk-Constrained Convex Verifier,Exact Shapley net value,1,15,56.856437464034265,185.3904191352379,128.53398167120363,-0.34965723919231273,-0.34965723919231095,378.05532706051963,-1.7763568394002505e-15,-378.40498429971194,6,2acbb980472197539a865bdd457b5777669f0ca06cca13f5dfd82a053a2702c2
111,Risk-Constrained Convex Verifier,Exact Shapley net value,2,42,-56.9868138849209,-28.949864648290706,28.036949236630193,-0.34965723919231273,-0.34965723919231095,378.05532706051963,-1.7763568394002505e-15,-378.40498429971194,6,2acbb980472197539a865bdd457b5777669f0ca06cca13f5dfd82a053a2702c2
111,Risk-Constrained Convex Verifier,Exact Shapley net value,3,80,0.0,144.30296222671706,144.30296222671706,-0.34965723919231273,-0.34965723919231095,378.05532706051963,-1.7763568394002505e-15,-378.40498429971194,6,2acbb980472197539a865bdd457b5777669f0ca06cca13f5dfd82a053a2702c2
111,Risk-Constrained Convex Verifier,Exact Shapley net value,4,116,-0.2192808183056787,77.31181034685535,77.53109116516103,-0.34965723919231273,-0.34965723919231095,378.05532706051963,-1.7763568394002505e-15,-378.40498429971194,6,2acbb980472197539a865bdd457b5777669f0ca06cca13f5dfd82a053a2702c2
112,Trace-Anchored Reference,Nodal signed linear,1,15,241.2910689227532,239.28067543751237,2.010393485240826,536.5290172814189,531.9257206260991,531.9257206260991,4.603296655319809,4.603296655319809,6,2acbb980472197539a865bdd457b5777669f0ca06cca13f5dfd82a053a2702c2
112,Trace-Anchored Reference,Nodal signed linear,2,42,81.96861793181381,80.22866232091656,1.7399556108972547,536.5290172814189,531.9257206260991,531.9257206260991,4.603296655319809,4.603296655319809,6,2acbb980472197539a865bdd457b5777669f0ca06cca13f5dfd82a053a2702c2
112,Trace-Anchored Reference,Nodal signed linear,3,80,134.37396631303423,133.95176845034803,0.42219786268620396,536.5290172814189,531.9257206260991,531.9257206260991,4.603296655319809,4.603296655319809,6,2acbb980472197539a865bdd457b5777669f0ca06cca13f5dfd82a053a2702c2
112,Trace-Anchored Reference,Nodal signed linear,4,116,78.89536411381766,78.46461441732208,0.4307496964955817,536.5290172814189,531.9257206260991,531.9257206260991,4.603296655319809,4.603296655319809,6,2acbb980472197539a865bdd457b5777669f0ca06cca13f5dfd82a053a2702c2
112,Trace-Anchored Reference,Standalone avoided cost,1,15,240.18124347122284,239.28067543751237,0.9005680337104707,534.3274402311654,531.9257206260991,531.9257206260991,2.4017196050663188,2.4017196050663188,6,2acbb980472197539a865bdd457b5777669f0ca06cca13f5dfd82a053a2702c2
112,Trace-Anchored Reference,Standalone avoided cost,2,42,80.98587667677566,80.22866232091656,0.7572143558591051,534.3274402311654,531.9257206260991,531.9257206260991,2.4017196050663188,2.4017196050663188,6,2acbb980472197539a865bdd457b5777669f0ca06cca13f5dfd82a053a2702c2
112,Trace-Anchored Reference,Standalone avoided cost,3,80,134.32001239449892,133.95176845034803,0.36824394415089046,534.3274402311654,531.9257206260991,531.9257206260991,2.4017196050663188,2.4017196050663188,6,2acbb980472197539a865bdd457b5777669f0ca06cca13f5dfd82a053a2702c2
112,Trace-Anchored Reference,Standalone avoided cost,4,116,78.84030768866796,78.46461441732208,0.37569327134588093,534.3274402311654,531.9257206260991,531.9257206260991,2.4017196050663188,2.4017196050663188,6,2acbb980472197539a865bdd457b5777669f0ca06cca13f5dfd82a053a2702c2
112,Trace-Anchored Reference,Leave-one-out marginal,1,15,238.65024047934276,239.28067543751237,0.6304349581696158,530.3947176341899,531.9257206260991,531.9257206260991,-1.5310029919091903,-1.5310029919091903,6,2acbb980472197539a865bdd457b5777669f0ca06cca13f5dfd82a053a2702c2
112,Trace-Anchored Reference,Leave-one-out marginal,2,42,79.70545925008992,80.22866232091656,0.5232030708266393,530.3947176341899,531.9257206260991,531.9257206260991,-1.5310029919091903,-1.5310029919091903,6,2acbb980472197539a865bdd457b5777669f0ca06cca13f5dfd82a053a2702c2
112,Trace-Anchored Reference,Leave-one-out marginal,3,80,133.74276148120407,133.95176845034803,0.20900696914395667,530.3947176341899,531.9257206260991,531.9257206260991,-1.5310029919091903,-1.5310029919091903,6,2acbb980472197539a865bdd457b5777669f0ca06cca13f5dfd82a053a2702c2
112,Trace-Anchored Reference,Leave-one-out marginal,4,116,78.29625642355313,78.46461441732208,0.1683579937689501,530.3947176341899,531.9257206260991,531.9257206260991,-1.5310029919091903,-1.5310029919091903,6,2acbb980472197539a865bdd457b5777669f0ca06cca13f5dfd82a053a2702c2
112,Trace-Anchored Reference,Exact Shapley net value,1,15,239.28067543751237,239.28067543751237,0.0,531.9257206260991,531.9257206260991,531.9257206260991,0.0,0.0,6,2acbb980472197539a865bdd457b5777669f0ca06cca13f5dfd82a053a2702c2
112,Trace-Anchored Reference,Exact Shapley net value,2,42,80.22866232091656,80.22866232091656,0.0,531.9257206260991,531.9257206260991,531.9257206260991,0.0,0.0,6,2acbb980472197539a865bdd457b5777669f0ca06cca13f5dfd82a053a2702c2
112,Trace-Anchored Reference,Exact Shapley net value,3,80,133.95176845034803,133.95176845034803,0.0,531.9257206260991,531.9257206260991,531.9257206260991,0.0,0.0,6,2acbb980472197539a865bdd457b5777669f0ca06cca13f5dfd82a053a2702c2
112,Trace-Anchored Reference,Exact Shapley net value,4,116,78.46461441732208,78.46461441732208,0.0,531.9257206260991,531.9257206260991,531.9257206260991,0.0,0.0,6,2acbb980472197539a865bdd457b5777669f0ca06cca13f5dfd82a053a2702c2
112,Risk-Constrained Convex Verifier,Nodal signed linear,1,15,70.01146758927517,239.28067543751237,169.26920784823722,-0.13382286053795678,-0.13382286054184078,531.9257206260991,3.884004229348648e-12,-532.059543486637,6,2acbb980472197539a865bdd457b5777669f0ca06cca13f5dfd82a053a2702c2
112,Risk-Constrained Convex Verifier,Nodal signed linear,2,42,-70.14529044981305,80.22866232091656,150.3739527707296,-0.13382286053795678,-0.13382286054184078,531.9257206260991,3.884004229348648e-12,-532.059543486637,6,2acbb980472197539a865bdd457b5777669f0ca06cca13f5dfd82a053a2702c2
112,Risk-Constrained Convex Verifier,Nodal signed linear,3,80,0.0,133.95176845034803,133.95176845034803,-0.13382286053795678,-0.13382286054184078,531.9257206260991,3.884004229348648e-12,-532.059543486637,6,2acbb980472197539a865bdd457b5777669f0ca06cca13f5dfd82a053a2702c2
112,Risk-Constrained Convex Verifier,Nodal signed linear,4,116,-8.08242361927114e-14,78.46461441732208,78.46461441732217,-0.13382286053795678,-0.13382286054184078,531.9257206260991,3.884004229348648e-12,-532.059543486637,6,2acbb980472197539a865bdd457b5777669f0ca06cca13f5dfd82a053a2702c2
112,Risk-Constrained Convex Verifier,Standalone avoided cost,1,15,70.01146758927644,239.28067543751237,169.26920784823594,-0.13382286053456482,-0.13382286054184078,531.9257206260991,7.275957614183426e-12,-532.0595434866336,6,2acbb980472197539a865bdd457b5777669f0ca06cca13f5dfd82a053a2702c2
112,Risk-Constrained Convex Verifier,Standalone avoided cost,2,42,-70.145290449811,80.22866232091656,150.37395277072756,-0.13382286053456482,-0.13382286054184078,531.9257206260991,7.275957614183426e-12,-532.0595434866336,6,2acbb980472197539a865bdd457b5777669f0ca06cca13f5dfd82a053a2702c2
112,Risk-Constrained Convex Verifier,Standalone avoided cost,3,80,0.0,133.95176845034803,133.95176845034803,-0.13382286053456482,-0.13382286054184078,531.9257206260991,7.275957614183426e-12,-532.0595434866336,6,2acbb980472197539a865bdd457b5777669f0ca06cca13f5dfd82a053a2702c2
112,Risk-Constrained Convex Verifier,Standalone avoided cost,4,116,0.0,78.46461441732208,78.46461441732208,-0.13382286053456482,-0.13382286054184078,531.9257206260991,7.275957614183426e-12,-532.0595434866336,6,2acbb980472197539a865bdd457b5777669f0ca06cca13f5dfd82a053a2702c2
112,Risk-Constrained Convex Verifier,Leave-one-out marginal,1,15,70.01146758926916,239.28067543751237,169.2692078482432,-0.13382286054547876,-0.13382286054184078,531.9257206260991,-3.637978807091713e-12,-532.0595434866445,6,2acbb980472197539a865bdd457b5777669f0ca06cca13f5dfd82a053a2702c2
112,Risk-Constrained Convex Verifier,Leave-one-out marginal,2,42,-70.14529044981828,80.22866232091656,150.37395277073483,-0.13382286054547876,-0.13382286054184078,531.9257206260991,-3.637978807091713e-12,-532.0595434866445,6,2acbb980472197539a865bdd457b5777669f0ca06cca13f5dfd82a053a2702c2
112,Risk-Constrained Convex Verifier,Leave-one-out marginal,3,80,0.0,133.95176845034803,133.95176845034803,-0.13382286054547876,-0.13382286054184078,531.9257206260991,-3.637978807091713e-12,-532.0595434866445,6,2acbb980472197539a865bdd457b5777669f0ca06cca13f5dfd82a053a2702c2
112,Risk-Constrained Convex Verifier,Leave-one-out marginal,4,116,3.637978807091713e-12,78.46461441732208,78.46461441731844,-0.13382286054547876,-0.13382286054184078,531.9257206260991,-3.637978807091713e-12,-532.0595434866445,6,2acbb980472197539a865bdd457b5777669f0ca06cca13f5dfd82a053a2702c2
112,Risk-Constrained Convex Verifier,Exact Shapley net value,1,15,70.01146758927219,239.28067543751237,169.26920784824017,-0.13382286054183634,-0.13382286054184078,531.9257206260991,4.440892098500626e-15,-532.0595434866409,6,2acbb980472197539a865bdd457b5777669f0ca06cca13f5dfd82a053a2702c2
112,Risk-Constrained Convex Verifier,Exact Shapley net value,2,42,-70.14529044981523,80.22866232091656,150.3739527707318,-0.13382286054183634,-0.13382286054184078,531.9257206260991,4.440892098500626e-15,-532.0595434866409,6,2acbb980472197539a865bdd457b5777669f0ca06cca13f5dfd82a053a2702c2
112,Risk-Constrained Convex Verifier,Exact Shapley net value,3,80,0.0,133.95176845034803,133.95176845034803,-0.13382286054183634,-0.13382286054184078,531.9257206260991,4.440892098500626e-15,-532.0595434866409,6,2acbb980472197539a865bdd457b5777669f0ca06cca13f5dfd82a053a2702c2
112,Risk-Constrained Convex Verifier,Exact Shapley net value,4,116,1.212363542890671e-12,78.46461441732208,78.46461441732087,-0.13382286054183634,-0.13382286054184078,531.9257206260991,4.440892098500626e-15,-532.0595434866409,6,2acbb980472197539a865bdd457b5777669f0ca06cca13f5dfd82a053a2702c2
113,Trace-Anchored Reference,Nodal signed linear,1,15,207.4634649775654,206.95609635447423,0.5073686230911676,45.76084922203151,45.40657891783849,45.40657891783849,0.3542703041930224,0.3542703041930224,6,2acbb980472197539a865bdd457b5777669f0ca06cca13f5dfd82a053a2702c2
113,Trace-Anchored Reference,Nodal signed linear,2,42,-188.72967650696498,-188.49438035457936,0.2352961523856152,45.76084922203151,45.40657891783849,45.40657891783849,0.3542703041930224,0.3542703041930224,6,2acbb980472197539a865bdd457b5777669f0ca06cca13f5dfd82a053a2702c2
113,Trace-Anchored Reference,Nodal signed linear,3,80,-16.99838046830512,-17.025678271826116,0.027297803520998087,45.76084922203151,45.40657891783849,45.40657891783849,0.3542703041930224,0.3542703041930224,6,2acbb980472197539a865bdd457b5777669f0ca06cca13f5dfd82a053a2702c2
113,Trace-Anchored Reference,Nodal signed linear,4,116,44.02544121973621,43.97054118976969,0.054900029966518105,45.76084922203151,45.40657891783849,45.40657891783849,0.3542703041930224,0.3542703041930224,6,2acbb980472197539a865bdd457b5777669f0ca06cca13f5dfd82a053a2702c2
113,Trace-Anchored Reference,Standalone avoided cost,1,15,206.7839662039769,206.95609635447423,0.17213015049733826,45.047333790054836,45.40657891783849,45.40657891783849,-0.3592451277836517,-0.3592451277836517,6,2acbb980472197539a865bdd457b5777669f0ca06cca13f5dfd82a053a2702c2
113,Trace-Anchored Reference,Standalone avoided cost,2,42,-188.72967650696955,-188.49438035457936,0.23529615239019108,45.047333790054836,45.40657891783849,45.40657891783849,-0.3592451277836517,-0.3592451277836517,6,2acbb980472197539a865bdd457b5777669f0ca06cca13f5dfd82a053a2702c2
113,Trace-Anchored Reference,Standalone avoided cost,3,80,-16.998827461633482,-17.025678271826116,0.026850810192634356,45.047333790054836,45.40657891783849,45.40657891783849,-0.3592451277836517,-0.3592451277836517,6,2acbb980472197539a865bdd457b5777669f0ca06cca13f5dfd82a053a2702c2
113,Trace-Anchored Reference,Standalone avoided cost,4,116,43.99187155468098,43.97054118976969,0.02133036491129303,45.047333790054836,45.40657891783849,45.40657891783849,-0.3592451277836517,-0.3592451277836517,6,2acbb980472197539a865bdd457b5777669f0ca06cca13f5dfd82a053a2702c2
113,Trace-Anchored Reference,Leave-one-out marginal,1,15,207.10919467339772,206.95609635447423,0.15309831892349735,45.73180738725932,45.40657891783849,45.40657891783849,0.3252284694208356,0.3252284694208356,6,2acbb980472197539a865bdd457b5777669f0ca06cca13f5dfd82a053a2702c2
113,Trace-Anchored Reference,Leave-one-out marginal,2,42,-188.27811603376176,-188.49438035457936,0.21626432081760072,45.73180738725932,45.40657891783849,45.40657891783849,0.3252284694208356,0.3252284694208356,6,2acbb980472197539a865bdd457b5777669f0ca06cca13f5dfd82a053a2702c2
113,Trace-Anchored Reference,Leave-one-out marginal,3,80,-17.044985134343733,-17.025678271826116,0.019306862517616707,45.73180738725932,45.40657891783849,45.40657891783849,0.3252284694208356,0.3252284694208356,6,2acbb980472197539a865bdd457b5777669f0ca06cca13f5dfd82a053a2702c2
113,Trace-Anchored Reference,Leave-one-out marginal,4,116,43.945713881967094,43.97054118976969,0.02482730780259601,45.73180738725932,45.40657891783849,45.40657891783849,0.3252284694208356,0.3252284694208356,6,2acbb980472197539a865bdd457b5777669f0ca06cca13f5dfd82a053a2702c2
113,Trace-Anchored Reference,Exact Shapley net value,1,15,206.95609635447423,206.95609635447423,0.0,45.40657891783844,45.40657891783849,45.40657891783849,-4.973799150320701e-14,-4.973799150320701e-14,6,2acbb980472197539a865bdd457b5777669f0ca06cca13f5dfd82a053a2702c2
113,Trace-Anchored Reference,Exact Shapley net value,2,42,-188.49438035457936,-188.49438035457936,0.0,45.40657891783844,45.40657891783849,45.40657891783849,-4.973799150320701e-14,-4.973799150320701e-14,6,2acbb980472197539a865bdd457b5777669f0ca06cca13f5dfd82a053a2702c2
113,Trace-Anchored Reference,Exact Shapley net value,3,80,-17.025678271826116,-17.025678271826116,0.0,45.40657891783844,45.40657891783849,45.40657891783849,-4.973799150320701e-14,-4.973799150320701e-14,6,2acbb980472197539a865bdd457b5777669f0ca06cca13f5dfd82a053a2702c2
113,Trace-Anchored Reference,Exact Shapley net value,4,116,43.97054118976969,43.97054118976969,0.0,45.40657891783844,45.40657891783849,45.40657891783849,-4.973799150320701e-14,-4.973799150320701e-14,6,2acbb980472197539a865bdd457b5777669f0ca06cca13f5dfd82a053a2702c2
113,Risk-Constrained Convex Verifier,Nodal signed linear,1,15,236.5114559890548,206.95609635447423,29.555359634580583,-1.0609984133805597,-1.0609984133880062,45.40657891783849,7.44648787076585e-12,-46.46757733121905,6,2acbb980472197539a865bdd457b5777669f0ca06cca13f5dfd82a053a2702c2
113,Risk-Constrained Convex Verifier,Nodal signed linear,2,42,-237.57245440243537,-188.49438035457936,49.078074047856006,-1.0609984133805597,-1.0609984133880062,45.40657891783849,7.44648787076585e-12,-46.46757733121905,6,2acbb980472197539a865bdd457b5777669f0ca06cca13f5dfd82a053a2702c2
113,Risk-Constrained Convex Verifier,Nodal signed linear,3,80,0.0,-17.025678271826116,17.025678271826116,-1.0609984133805597,-1.0609984133880062,45.40657891783849,7.44648787076585e-12,-46.46757733121905,6,2acbb980472197539a865bdd457b5777669f0ca06cca13f5dfd82a053a2702c2
113,Risk-Constrained Convex Verifier,Nodal signed linear,4,116,0.0,43.97054118976969,43.97054118976969,-1.0609984133805597,-1.0609984133880062,45.40657891783849,7.44648787076585e-12,-46.46757733121905,6,2acbb980472197539a865bdd457b5777669f0ca06cca13f5dfd82a053a2702c2
113,Risk-Constrained Convex Verifier,Standalone avoided cost,1,15,236.51145598904623,206.95609635447423,29.555359634572,-1.1815111268224427,-1.0609984133880062,45.40657891783849,-0.12051271343443659,-46.58809004466093,6,2acbb980472197539a865bdd457b5777669f0ca06cca13f5dfd82a053a2702c2
113,Risk-Constrained Convex Verifier,Standalone avoided cost,2,42,-237.69296711586867,-188.49438035457936,49.198586761289306,-1.1815111268224427,-1.0609984133880062,45.40657891783849,-0.12051271343443659,-46.58809004466093,6,2acbb980472197539a865bdd457b5777669f0ca06cca13f5dfd82a053a2702c2
113,Risk-Constrained Convex Verifier,Standalone avoided cost,3,80,0.0,-17.025678271826116,17.025678271826116,-1.1815111268224427,-1.0609984133880062,45.40657891783849,-0.12051271343443659,-46.58809004466093,6,2acbb980472197539a865bdd457b5777669f0ca06cca13f5dfd82a053a2702c2
113,Risk-Constrained Convex Verifier,Standalone avoided cost,4,116,0.0,43.97054118976969,43.97054118976969,-1.1815111268224427,-1.0609984133880062,45.40657891783849,-0.12051271343443659,-46.58809004466093,6,2acbb980472197539a865bdd457b5777669f0ca06cca13f5dfd82a053a2702c2
113,Risk-Constrained Convex Verifier,Leave-one-out marginal,1,15,236.60032815131854,206.95609635447423,29.64423179684431,-0.9721262511156965,-1.0609984133880062,45.40657891783849,0.08887216227230965,-46.378705168954184,6,2acbb980472197539a865bdd457b5777669f0ca06cca13f5dfd82a053a2702c2
113,Risk-Constrained Convex Verifier,Leave-one-out marginal,2,42,-237.5724544024415,-188.49438035457936,49.078074047862145,-0.9721262511156965,-1.0609984133880062,45.40657891783849,0.08887216227230965,-46.378705168954184,6,2acbb980472197539a865bdd457b5777669f0ca06cca13f5dfd82a053a2702c2
113,Risk-Constrained Convex Verifier,Leave-one-out marginal,3,80,7.275957614183426e-12,-17.025678271826116,17.025678271833392,-0.9721262511156965,-1.0609984133880062,45.40657891783849,0.08887216227230965,-46.378705168954184,6,2acbb980472197539a865bdd457b5777669f0ca06cca13f5dfd82a053a2702c2
113,Risk-Constrained Convex Verifier,Leave-one-out marginal,4,116,0.0,43.97054118976969,43.97054118976969,-0.9721262511156965,-1.0609984133880062,45.40657891783849,0.08887216227230965,-46.378705168954184,6,2acbb980472197539a865bdd457b5777669f0ca06cca13f5dfd82a053a2702c2
113,Risk-Constrained Convex Verifier,Exact Shapley net value,1,15,236.56116549537606,206.95609635447423,29.605069140901833,-1.0609984133880244,-1.0609984133880062,45.40657891783849,-1.8207657603852567e-14,-46.467577331226515,6,2acbb980472197539a865bdd457b5777669f0ca06cca13f5dfd82a053a2702c2
113,Risk-Constrained Convex Verifier,Exact Shapley net value,2,42,-237.6274373339614,-188.49438035457936,49.13305697938205,-1.0609984133880244,-1.0609984133880062,45.40657891783849,-1.8207657603852567e-14,-46.467577331226515,6,2acbb980472197539a865bdd457b5777669f0ca06cca13f5dfd82a053a2702c2
113,Risk-Constrained Convex Verifier,Exact Shapley net value,3,80,0.005273425197326542,-17.025678271826116,17.030951697023443,-1.0609984133880244,-1.0609984133880062,45.40657891783849,-1.8207657603852567e-14,-46.467577331226515,6,2acbb980472197539a865bdd457b5777669f0ca06cca13f5dfd82a053a2702c2
113,Risk-Constrained Convex Verifier,Exact Shapley net value,4,116,0.0,43.97054118976969,43.97054118976969,-1.0609984133880244,-1.0609984133880062,45.40657891783849,-1.8207657603852567e-14,-46.467577331226515,6,2acbb980472197539a865bdd457b5777669f0ca06cca13f5dfd82a053a2702c2
114,Trace-Anchored Reference,Nodal signed linear,1,15,472.92496558117716,474.013018346749,1.088052765571831,591.6462318507902,582.100609694684,582.1006096946841,9.54562215610622,9.545622156106106,6,2acbb980472197539a865bdd457b5777669f0ca06cca13f5dfd82a053a2702c2
114,Trace-Anchored Reference,Nodal signed linear,2,42,56.540864971504696,52.49749799320338,4.043366978301314,591.6462318507902,582.100609694684,582.1006096946841,9.54562215610622,9.545622156106106,6,2acbb980472197539a865bdd457b5777669f0ca06cca13f5dfd82a053a2702c2
114,Trace-Anchored Reference,Nodal signed linear,3,80,61.80134839360378,58.90211978628669,2.8992286073170916,591.6462318507902,582.100609694684,582.1006096946841,9.54562215610622,9.545622156106106,6,2acbb980472197539a865bdd457b5777669f0ca06cca13f5dfd82a053a2702c2
114,Trace-Anchored Reference,Nodal signed linear,4,116,0.37905290450457585,-3.312026431555104,3.69107933605968,591.6462318507902,582.100609694684,582.1006096946841,9.54562215610622,9.545622156106106,6,2acbb980472197539a865bdd457b5777669f0ca06cca13f5dfd82a053a2702c2
114,Trace-Anchored Reference,Standalone avoided cost,1,15,472.92496558120183,474.013018346749,1.088052765547161,591.6462318508784,582.100609694684,582.1006096946841,9.54562215619444,9.545622156194327,6,2acbb980472197539a865bdd457b5777669f0ca06cca13f5dfd82a053a2702c2
114,Trace-Anchored Reference,Standalone avoided cost,2,42,56.540864971531846,52.49749799320338,4.043366978328464,591.6462318508784,582.100609694684,582.1006096946841,9.54562215619444,9.545622156194327,6,2acbb980472197539a865bdd457b5777669f0ca06cca13f5dfd82a053a2702c2
114,Trace-Anchored Reference,Standalone avoided cost,3,80,61.8013483936229,58.90211978628669,2.8992286073362123,591.6462318508784,582.100609694684,582.1006096946841,9.54562215619444,9.545622156194327,6,2acbb980472197539a865bdd457b5777669f0ca06cca13f5dfd82a053a2702c2
114,Trace-Anchored Reference,Standalone avoided cost,4,116,0.3790529045218136,-3.312026431555104,3.6910793360769176,591.6462318508784,582.100609694684,582.1006096946841,9.54562215619444,9.545622156194327,6,2acbb980472197539a865bdd457b5777669f0ca06cca13f5dfd82a053a2702c2
114,Trace-Anchored Reference,Leave-one-out marginal,1,15,476.76288372742056,474.013018346749,2.749865380671565,568.8316693699126,582.100609694684,582.1006096946841,-13.268940324771393,-13.268940324771506,6,2acbb980472197539a865bdd457b5777669f0ca06cca13f5dfd82a053a2702c2
114,Trace-Anchored Reference,Leave-one-out marginal,2,42,46.99524281537742,52.49749799320338,5.502255177825958,568.8316693699126,582.100609694684,582.1006096946841,-13.268940324771393,-13.268940324771506,6,2acbb980472197539a865bdd457b5777669f0ca06cca13f5dfd82a053a2702c2
114,Trace-Anchored Reference,Leave-one-out marginal,3,80,53.43033578658651,58.90211978628669,5.471783999700179,568.8316693699126,582.100609694684,582.1006096946841,-13.268940324771393,-13.268940324771506,6,2acbb980472197539a865bdd457b5777669f0ca06cca13f5dfd82a053a2702c2
114,Trace-Anchored Reference,Leave-one-out marginal,4,116,-8.356792959471932,-3.312026431555104,5.044766527916828,568.8316693699126,582.100609694684,582.1006096946841,-13.268940324771393,-13.268940324771506,6,2acbb980472197539a865bdd457b5777669f0ca06cca13f5dfd82a053a2702c2
114,Trace-Anchored Reference,Exact Shapley net value,1,15,474.013018346749,474.013018346749,0.0,582.100609694684,582.100609694684,582.1006096946841,0.0,-1.1368683772161603e-13,6,2acbb980472197539a865bdd457b5777669f0ca06cca13f5dfd82a053a2702c2
114,Trace-Anchored Reference,Exact Shapley net value,2,42,52.49749799320338,52.49749799320338,0.0,582.100609694684,582.100609694684,582.1006096946841,0.0,-1.1368683772161603e-13,6,2acbb980472197539a865bdd457b5777669f0ca06cca13f5dfd82a053a2702c2
114,Trace-Anchored Reference,Exact Shapley net value,3,80,58.90211978628669,58.90211978628669,0.0,582.100609694684,582.100609694684,582.1006096946841,0.0,-1.1368683772161603e-13,6,2acbb980472197539a865bdd457b5777669f0ca06cca13f5dfd82a053a2702c2
114,Trace-Anchored Reference,Exact Shapley net value,4,116,-3.312026431555104,-3.312026431555104,0.0,582.100609694684,582.100609694684,582.1006096946841,0.0,-1.1368683772161603e-13,6,2acbb980472197539a865bdd457b5777669f0ca06cca13f5dfd82a053a2702c2
114,Risk-Constrained Convex Verifier,Nodal signed linear,1,15,167.7944426003939,474.013018346749,306.2185757463551,-9.256251325133757,-9.89478104446971,582.1006096946841,0.6385297193359527,-591.3568610198179,6,2acbb980472197539a865bdd457b5777669f0ca06cca13f5dfd82a053a2702c2
114,Risk-Constrained Convex Verifier,Nodal signed linear,2,42,-175.3795215082729,52.49749799320338,227.87701950147627,-9.256251325133757,-9.89478104446971,582.1006096946841,0.6385297193359527,-591.3568610198179,6,2acbb980472197539a865bdd457b5777669f0ca06cca13f5dfd82a053a2702c2
114,Risk-Constrained Convex Verifier,Nodal signed linear,3,80,-0.457525067582111,58.90211978628669,59.3596448538688,-9.256251325133757,-9.89478104446971,582.1006096946841,0.6385297193359527,-591.3568610198179,6,2acbb980472197539a865bdd457b5777669f0ca06cca13f5dfd82a053a2702c2
114,Risk-Constrained Convex Verifier,Nodal signed linear,4,116,-1.2136473496726516,-3.312026431555104,2.0983790818824524,-9.256251325133757,-9.89478104446971,582.1006096946841,0.6385297193359527,-591.3568610198179,6,2acbb980472197539a865bdd457b5777669f0ca06cca13f5dfd82a053a2702c2
114,Risk-Constrained Convex Verifier,Standalone avoided cost,1,15,159.4395725041977,474.013018346749,314.5734458425513,-19.28128025390106,-9.89478104446971,582.1006096946841,-9.38649920943135,-601.3818899485851,6,2acbb980472197539a865bdd457b5777669f0ca06cca13f5dfd82a053a2702c2
114,Risk-Constrained Convex Verifier,Standalone avoided cost,2,42,-177.04968034083868,52.49749799320338,229.54717833404206,-19.28128025390106,-9.89478104446971,582.1006096946841,-9.38649920943135,-601.3818899485851,6,2acbb980472197539a865bdd457b5777669f0ca06cca13f5dfd82a053a2702c2
114,Risk-Constrained Convex Verifier,Standalone avoided cost,3,80,-0.4575250675843563,58.90211978628669,59.359644853871046,-19.28128025390106,-9.89478104446971,582.1006096946841,-9.38649920943135,-601.3818899485851,6,2acbb980472197539a865bdd457b5777669f0ca06cca13f5dfd82a053a2702c2
114,Risk-Constrained Convex Verifier,Standalone avoided cost,4,116,-1.213647349675739,-3.312026431555104,2.098379081879365,-19.28128025390106,-9.89478104446971,582.1006096946841,-9.38649920943135,-601.3818899485851,6,2acbb980472197539a865bdd457b5777669f0ca06cca13f5dfd82a053a2702c2
114,Risk-Constrained Convex Verifier,Leave-one-out marginal,1,15,168.49049519795153,474.013018346749,305.52252314879746,-1.8438777366027352,-9.89478104446971,582.1006096946841,8.050903307866975,-583.9444874312868,6,2acbb980472197539a865bdd457b5777669f0ca06cca13f5dfd82a053a2702c2
114,Risk-Constrained Convex Verifier,Leave-one-out marginal,2,42,-168.99877703297898,52.49749799320338,221.49627502618236,-1.8438777366027352,-9.89478104446971,582.1006096946841,8.050903307866975,-583.9444874312868,6,2acbb980472197539a865bdd457b5777669f0ca06cca13f5dfd82a053a2702c2
114,Risk-Constrained Convex Verifier,Leave-one-out marginal,3,80,-0.36565263932425296,58.90211978628669,59.26777242561094,-1.8438777366027352,-9.89478104446971,582.1006096946841,8.050903307866975,-583.9444874312868,6,2acbb980472197539a865bdd457b5777669f0ca06cca13f5dfd82a053a2702c2
114,Risk-Constrained Convex Verifier,Leave-one-out marginal,4,116,-0.9699432622510358,-3.312026431555104,2.3420831693040682,-1.8438777366027352,-9.89478104446971,582.1006096946841,8.050903307866975,-583.9444874312868,6,2acbb980472197539a865bdd457b5777669f0ca06cca13f5dfd82a053a2702c2
114,Risk-Constrained Convex Verifier,Exact Shapley net value,1,15,164.18763316800232,474.013018346749,309.82538517874667,-9.894781044469699,-9.89478104446971,582.1006096946841,1.0658141036401503e-14,-591.9953907391538,6,2acbb980472197539a865bdd457b5777669f0ca06cca13f5dfd82a053a2702c2
114,Risk-Constrained Convex Verifier,Exact Shapley net value,2,42,-172.8016293699799,52.49749799320338,225.2991273631833,-9.894781044469699,-9.89478104446971,582.1006096946841,1.0658141036401503e-14,-591.9953907391538,6,2acbb980472197539a865bdd457b5777669f0ca06cca13f5dfd82a053a2702c2
114,Risk-Constrained Convex Verifier,Exact Shapley net value,3,80,-0.35064674690117315,58.90211978628669,59.25276653318787,-9.894781044469699,-9.89478104446971,582.1006096946841,1.0658141036401503e-14,-591.9953907391538,6,2acbb980472197539a865bdd457b5777669f0ca06cca13f5dfd82a053a2702c2
114,Risk-Constrained Convex Verifier,Exact Shapley net value,4,116,-0.9301380955909408,-3.312026431555104,2.381888335964163,-9.894781044469699,-9.89478104446971,582.1006096946841,1.0658141036401503e-14,-591.9953907391538,6,2acbb980472197539a865bdd457b5777669f0ca06cca13f5dfd82a053a2702c2
